,gene,X14d.1,X14d.2,X14d.3,X21d.2,X21d.3,X21d.4,X28d.1,X28d.2,X28d.3,cluster,membership
1,WP_003526223.1,-0.834888069184709,-0.565091556279502,-0.699693187657554,-0.599183154005759,-0.659352737034049,-0.625910409236571,1.42558395136076,1.23931840228629,1.31921675975109,1,0.982605186022605
2,WP_003527142.1,-1.05196005953406,-0.966518641549393,-0.890505603692157,0.335802342902375,-0.487356118503224,-0.298406940840402,1.75641008776888,1.22426871584487,0.378266217603107,1,0.948753306895355
3,WP_003527304.1,-1.14841750953735,-1.15658923671966,-1.2381675647002,0.243166328471127,0.0733434297400996,1.72171454874267,0.624329819048841,0.3953887409385,0.485231444015965,1,0.690989220476896
4,WP_003527365.1,-0.373310552075949,0.418779812783756,-1.24413141699413,-0.629600341720494,-1.18101685407713,-0.0779358285141321,1.79234258934469,0.267114817980287,1.0277577732731,1,0.838990866450501
5,WP_003527577.1,0.0154703786875593,-0.941684585689684,-0.458388153719202,-0.617255587661296,-0.554116792751788,-0.708759135188159,-0.108153417938295,1.60707046191841,1.76581683234245,1,0.807203200688702
6,WP_003527588.1,-0.888428132838083,-0.526738498636294,-0.722823947530809,-0.51446129680466,-0.939660693251141,-0.256340268134342,1.08675708309284,1.06233422465346,1.69936152944903,1,0.969653829981626
7,WP_003528236.1,0.859131623029883,-0.865351499315723,-0.182424665337939,-1.52306796199244,-0.202657163549001,0.190552179993993,1.92771925009097,0.313846744014498,-0.517748506934235,1,0.550264175453098
8,WP_003529250.1,0.692947247755521,-0.0592129297349143,-0.8958431736891,-1.15077165066545,1.53718795864389,-0.381651169679461,1.42850438554091,-0.307668759482649,-0.863491908688747,1,0.326371899872549
9,WP_003529261.1,-1.08023848619231,-0.350076293915223,0.479799389199966,-1.4500560571628,-0.542893880972999,-0.144521778563335,1.38825208256377,1.43733991429786,0.262395110745064,1,0.830693412201171
10,WP_003529293.1,0.38421719196266,1.20516097152767,-2.015413115728,-0.115693551534812,-1.0653102644452,0.990510427136764,0.338589826475092,0.305438942004976,-0.0275004273991522,1,0.400903946843766
11,WP_003529302.1,-1.41572112881555,-1.25806066243135,-1.31344759836702,0.515605093355526,0.647850754151345,0.751206228467395,0.649165343770592,0.753833064806976,0.669568905062082,1,0.786890339859641
12,WP_003529314.1,-0.708892703760076,-0.265848372543622,-0.0667291498885668,-0.875739642534566,-0.888879215574527,-0.987557565582523,1.12159970713834,1.15975161311139,1.51229532963415,1,0.892317975830484
13,WP_003529654.1,-0.803892126611641,-0.653738572234005,-1.29983035236321,0.459153838526404,1.21472673572622,0.616655311526678,-0.875281398749679,1.53808095262237,-0.195874388443144,1,0.419789832862534
14,WP_003529687.1,-0.395105425518199,0.958407626194627,-0.867042307607157,-0.785979833044634,-1.62365095378169,1.36890720089635,0.0702761026169527,0.975438871262905,0.298748718980837,1,0.499132987087837
15,WP_003529782.1,0.192269631001294,0.15119082289312,-0.701047732994937,-0.732195563667052,-1.13285588563066,-1.0641592700756,0.366094569286328,1.6811667420328,1.23953668715472,1,0.627310246349987
16,WP_003529787.1,0.75861302894757,-0.862454269666836,-0.0961600370744449,-1.640695129957,-0.876482599413433,0.916558902632336,0.183075480074235,0.0913088161816723,1.52623580827591,1,0.459710313498198
17,WP_003530238.1,0.817785811337484,-1.20077250516489,0.119344759095059,-1.62669809787911,-0.559149057339541,0.434338239439856,0.0375113362689969,0.368034614986478,1.60960489925566,1,0.471784125286182
18,WP_003530248.1,-0.220276234545519,-0.456131702370789,-0.593576384974771,-0.291353704378444,-0.658402901454652,-0.826020043511867,0.89085993502032,2.31740378134776,-0.162502745132039,1,0.84934041108739
19,WP_003530569.1,-0.593165170843439,0.749230220015018,-0.451171204871489,-1.07639944180123,-1.31245301509109,-0.561898105345242,1.20988730188342,0.744175896376862,1.2917935196772,1,0.645648477567856
20,WP_003530649.1,0.104601422926072,-1.09181271546955,-1.63207755634624,-0.524957965791778,-0.475981824553932,0.717527290611598,1.41524337377977,0.803570404159352,0.683887570684703,1,0.904050478390977
21,WP_003530686.1,0.951267077746121,-0.649656201331147,-0.371625558890221,0.876911481727436,-1.14984266871451,0.0190758727757345,-0.239289427238054,1.73547494786798,-1.17231552394333,1,0.319650617081876
22,WP_003531050.1,-0.692884204516351,-0.599454302940724,-0.919470098345439,-0.538132126008518,-0.315400161877946,-0.513513917739541,1.81213496460672,1.52285117693659,0.24386866988521,1,0.964297539984754
23,WP_003531401.1,-0.875277683955688,-0.670187769297479,0.602877708718591,0.0446638915620136,-1.17523833879319,-0.903483932880711,1.90236097885692,0.650700892540495,0.423584253249051,1,0.764575900770557
24,WP_003531511.1,-0.17959418758439,-0.441513704008894,-0.241101388995805,-0.806769226471621,-1.05387266565581,-1.00048441563393,0.818672572894605,1.6304186391688,1.27424437628704,1,0.85950336060629
25,WP_003531607.1,-0.458212335482775,-0.6442433397862,-0.608861900767517,-0.957420546983238,-0.788557594046854,-0.487952928592116,1.24722264708516,1.2216013804709,1.47642461810264,1,0.973223774896496
26,WP_003531916.1,0.183145947244166,-1.05189651222334,-0.283080895598976,0.219008323583753,-1.67155081048467,-0.630489664590422,1.00807623473494,1.26299952775022,0.963787849584317,1,0.811514776929764
27,WP_003531977.1,0.0212101531168945,0.260135959561121,-0.482337589782382,-1.51024854821277,-0.0563093265854655,-1.05721453167475,0.455351948091335,1.9856753869985,0.383736548487526,1,0.609414289692372
28,WP_003532333.1,-0.62475098043393,1.51633419456833,-0.831173559811582,-0.272879555643125,-1.13707606024446,-0.708920833815845,0.865079719882015,1.39954598100332,-0.206158905504715,1,0.516104227165567
29,WP_003532345.1,-1.11289687452948,-0.693814281191338,-0.9816717726926,-0.271496296351398,-0.629615110893423,-0.0772265632971795,1.52440552039345,1.08571666343729,1.15659871512467,1,0.978941049134244
30,WP_003532694.1,-1.4125274541759,-0.0787366542088652,1.46165522677726,0.403573146960427,-1.24962906237555,-0.880384846362807,1.05699349179054,0.326788472647977,0.372267678946916,1,0.444436628809354
31,WP_003532877.1,0.813303230033746,0.376124544335829,-1.44890782011882,0.0739411204894829,0.430788474496719,-1.46823729809656,1.56173135746434,0.187411813812539,-0.526155422417277,1,0.446491572864433
32,WP_003532907.1,-1.09589286431685,-0.243833680054985,-1.12525348611497,-0.803809101766741,-0.442912497455914,0.00143066068792222,1.40484362076668,1.15388227823363,1.15154507002124,1,0.9758864240725
33,WP_003532990.1,-0.529867338627776,0.930941884449366,-1.92225859248225,-0.314415678606749,1.08891626474307,0.199253931879765,-0.442099517020207,1.25245043594534,-0.262921390280562,1,0.425970095449758
34,WP_003533819.1,-0.895086927644685,-0.275216908227449,-0.100847668981753,-0.963579706911099,-0.965681954465101,-0.404962508814298,1.69656305591973,1.39473213243343,0.51408048669123,1,0.93691355476199
35,WP_003533842.1,0.68233014944243,-1.15128154945911,-0.353770609329491,-1.30623499721258,-0.633027813911166,0.394775426360727,1.86703213299843,0.574205404813,-0.0740281437022398,1,0.716703326002482
36,WP_003534144.1,-0.712305175521068,-0.304767713871033,-0.283121540535255,-0.446337100010808,-0.95170196852656,-0.965564405598143,0.803436686084094,0.907701686693518,1.95265953128525,1,0.866846630137385
37,WP_003534404.1,-0.632917400079086,-0.406126626986467,-0.358457048228209,-0.273546547425368,-1.2743230478161,-0.792455554997767,1.65345655459998,0.851062517104124,1.2333071538289,1,0.927784670620264
38,WP_003534542.1,-1.49114385637426,-0.353082263255405,-0.666944647583872,-0.238585228994385,-0.563725435368186,-0.304543446485774,1.07352451906169,1.6904940268879,0.854006332112296,1,0.965764491322797
39,WP_003534666.1,-0.569288158304875,-0.351088069254169,0.215997187405081,-0.613299396710961,-0.733498052538372,-0.709278000585203,0.712415717425448,2.34386691324836,-0.295828140685314,1,0.737674000096582
40,WP_003534918.1,-0.218419668361418,-0.564677160461279,0.102970705025677,-1.40054729934778,-0.718778045081043,-0.802488678683881,1.53793482613934,0.980212796127493,1.08379252464289,1,0.828209416452099
41,WP_003535074.1,-1.20229049760634,-0.0976043519615245,-0.565630851853659,-1.15443960989658,-0.432540794700404,0.558398989970815,0.975520312370367,1.85407643806218,0.0645103656151608,1,0.895547598474421
42,WP_003535531.1,-0.864701807864501,0.955407206323651,-0.0986930672824549,-0.386037233953526,-1.96659786645431,-0.157294385767796,1.14765229182009,0.557548315484169,0.812716547694677,1,0.508350685731395
43,WP_003535546.1,-0.736966095509617,-0.502607468746479,-0.759569998245243,-0.765159124815373,-0.480823484271882,-0.715521211765881,1.17105216847621,1.25987930315077,1.5297159117275,1,0.976036763539599
44,WP_003535753.1,-0.448435092922633,0.497170766712363,-0.364027293051921,-1.7844906553686,0.720039714551072,-0.990249896451788,0.441368453118358,0.38072353611407,1.54790046729907,1,0.52549366719484
45,WP_003536827.1,-0.579181393450013,0.910555199364034,-0.210730706823415,-0.46469666250261,-1.32186079036349,-1.0510914807601,0.90028326694226,1.70278814288708,0.113934424706263,1,0.515661823430177
46,WP_003537044.1,0.578001736069418,-1.98155849129043,0.0848162124202621,0.365753431753952,0.735687988539925,-0.10746593227649,-0.307431393755707,1.4889653514935,-0.856768902954428,1,0.365466077523869
47,WP_003537549.1,-0.0424587147578645,0.128981839105252,-0.381850363498982,-0.581042959287413,-1.76115773689476,-0.0272232121127115,1.74880450541521,-0.219494877829764,1.13544151986103,1,0.592733261955848
48,WP_003537551.1,0.134741914495082,-0.242787821398503,-0.0125227247045567,-1.00394199957804,-1.11865088026739,-0.911655879832435,1.31472776840425,1.75994721137202,0.080142411509562,1,0.656401917679108
49,WP_004434550.1,-0.910918875901505,-0.496033804232467,-1.4713534087899,0.686585432592559,0.653151185960229,-0.457434343591915,0.837823300492899,-0.488478306079693,1.64665881954979,1,0.695647026838824
50,WP_004435964.1,-0.405257698383376,-0.0921934964252018,-0.148598150190127,-1.070641458147,-1.04389205799233,-0.944380436775397,1.24083986500652,1.45757364516392,1.00654978774299,1,0.849878583430199
51,WP_010967071.1,-1.19071579068202,-0.880926037282665,-1.51970003610055,0.0137030716721926,0.559579486326736,-0.0664105435961029,0.995092381466668,0.989954206661907,1.09942326153383,1,0.922937568417351
52,WP_010967075.1,-0.300211302767859,-0.346479903437269,-0.428855064279269,-1.34157458788463,-0.710094582399886,-0.459643821599746,0.496246104491624,1.36040929873165,1.73020385914539,1,0.857944668754038
53,WP_010967084.1,-0.553528158111426,-0.0299947278959002,-0.0383036471699596,-1.00684461500887,-1.13598479044966,-0.907652874151486,1.1789474884011,1.42677221508937,1.06658910929684,1,0.829656225033936
54,WP_010967336.1,-0.804571550981383,-0.956310692527739,-0.122729090337417,-0.228017270079412,-0.636843560036108,-1.04992053638199,1.32889894373639,1.07981913492471,1.38967462168295,1,0.943534597331133
55,WP_010967540.1,-0.503357516593277,-0.442974120050784,-0.268614109876572,-0.298338983310406,-0.404712902491474,-0.486888676412474,0.988008658512974,2.29091474699088,-0.874037096768868,1,0.767857116451624
56,WP_010967652.1,-1.4288495850093,-0.0688678885070208,-0.0495632680085213,-0.342280110539395,-0.0419550008842459,-0.102672275421724,2.39668185350494,-0.103957438308828,-0.258536286825895,1,0.718903570022221
57,WP_010967657.1,-0.253556862230334,-0.485770791299893,-1.51300507577459,-0.644908697136989,0.12513985536111,1.46809559984545,-0.185660822942698,1.66125466355813,-0.171587869380183,1,0.64611314216275
58,WP_010967825.1,-0.277811641576098,-1.14477366380764,0.241420808125989,0.566618882880273,-1.26212541761875,1.59545294935557,1.25139587176095,-0.655277323817729,-0.314900465302558,1,0.376741605042242
59,WP_010967981.1,-0.375870609075105,0.604215355582703,-1.25691454411513,0.152716556605632,-0.621825184296895,-0.00841165599461767,0.827730834038407,-1.17550306391359,1.8538623111686,1,0.513640185628952
60,WP_010968067.1,-2.06400123334488,0.966078762368091,0.165965724142241,-0.853347130159517,0.129895782279226,0.119667236640991,1.12987199088961,-0.371816008451997,0.777684875636241,1,0.561908368585334
61,WP_010968180.1,0.146828676241331,0.198567993192405,-1.49471665476729,-1.12512752811941,-1.07839655003637,0.363794093246349,0.822808394014565,1.32839824466046,0.837843331567944,1,0.835119974290958
62,WP_010968387.1,-0.591731826356194,1.51977348252348,-0.894707790399444,-1.07550970402764,-0.334317918604441,-0.327434426920828,0.684420834731398,1.55277994044777,-0.533272591394091,1,0.5140908004265
63,WP_010968424.1,-1.2143205848014,0.975035246658907,-0.935361348676152,-0.230401371588309,-1.12889186035567,-0.293361052932175,1.1808825247272,1.34111761898194,0.305300827985663,1,0.813047035508744
64,WP_010968472.1,-0.57718944175537,-0.478255809575344,0.242405456751874,-0.524960860484252,-1.07747131810744,-0.99592228575966,0.314308853725873,1.71619519843492,1.3808902067694,1,0.751833215013963
65,WP_010968577.1,0.0372506059113067,-0.000670161026355061,-0.236533436922186,-0.965552541132482,-1.01788309733707,-0.910675112595984,-0.10955507586575,1.62796206666296,1.57565675230556,1,0.493426673147469
66,WP_010968742.1,-1.743019005158,0.0779812646448205,-0.357030223605065,-0.58270787150488,-0.0973813680881983,0.18045775316648,1.73113801070611,1.14940404777135,-0.35884260793262,1,0.845212824182029
67,WP_010968788.1,-1.43309932561889,-1.60081909870672,0.186923086698213,-0.452384269694817,-0.0317108540767398,0.808522475182381,0.94544728995422,1.20794869668521,0.369171999577136,1,0.855320211605895
68,WP_010968791.1,-0.758714640445657,-0.618915512906819,-0.448061321825888,-0.73209764275372,0.00429758065303812,-0.339778906152546,2.23895305141641,-0.3664280722325,1.02074546424768,1,0.837960407237235
69,WP_010968811.1,-0.868300002565114,-1.26495818927164,-0.43916443680401,-0.203268673315976,1.78912838572267,-0.50085641494282,-0.34961501569454,0.644348844798668,1.19268550207276,1,0.598820357812845
70,WP_010968846.1,-1.41185517938365,-0.980519980770376,-1.23631551255635,0.23432137647484,0.123397641225761,0.951870649198941,1.47276431112286,0.341312869440157,0.505023825247815,1,0.83884979093773
71,WP_010968930.1,-0.183427698115595,-0.115265355332176,-0.42690668791876,-0.912017953636523,-1.53523083649353,-0.321381636399713,1.03972685108436,1.66628300179574,0.788220315016205,1,0.848932172320164
72,WP_010969117.1,-1.32102436543868,-1.3324011705325,-1.1240983011427,0.625921286685345,0.578508875675863,1.28648845508838,0.854448407420993,0.2903764494449,0.141780362798404,1,0.626065218558648
73,WP_010969145.1,0.00187599666641166,-0.249420712274439,-1.15862325461888,-0.692818875462618,-0.255974018259074,0.312589183051229,-0.103474260145433,2.42183196102858,-0.275986019985773,1,0.721843017327359
74,WP_010969214.1,-0.117277167976746,-0.0208241436616233,-0.265750667293915,0.0156645153728227,-1.58913969290154,-0.797289421392681,-0.0539388851092014,0.801645772297233,2.02690969066566,1,0.503027591221307
75,WP_010969341.1,-0.728513418580397,-0.581272290942525,-0.477610674405049,-0.602635519835744,-0.311131026894807,-0.541238070421198,0.0958902008739388,0.80159874285238,2.3449120573534,1,0.831297778493559
76,WP_010969390.1,-1.44576067855178,0.277141835470023,0.649199452426483,-0.762073235640781,-1.31967268671821,-0.261960344142916,0.66755860377969,1.38475204715986,0.81081500621763,1,0.664757503872273
77,WP_010969419.1,-0.649966146414059,-0.948830578966644,0.0806913936680345,-1.53747423133724,-0.489278916235162,0.129903669274611,1.46473714331194,0.933107440616709,1.01711022608181,1,0.912141509387906
78,WP_010969445.1,-0.577102148048608,1.17924628427391,-1.18162476943693,-0.271521859991816,-1.05667919636753,1.33615888432426,1.16457070342229,-0.728033380800621,0.134985482625048,1,0.409400513187733
79,WP_010969507.1,-0.357216727521713,-1.58309489220139,0.952284110585823,-0.800737583162917,-0.528695186213847,-0.132277506953694,0.94046616352135,-0.110736394957367,1.62000801690375,1,0.635341347945656
80,WP_010969521.1,0.700167600492693,-1.12783885040876,0.085312933324533,-1.40463431794318,-0.655171310794103,-0.342223786096381,0.162950500734887,0.870813581409966,1.71062364928034,1,0.525058303612346
81,WP_010969546.1,-0.401307775455073,-1.49963324199514,-0.176263791555313,-0.377941055447052,-0.405929891028724,0.921911433232423,1.7595780731041,0.892664057634371,-0.713077808489588,1,0.756905692997059
82,WP_010969553.1,-0.69262780448172,-0.583585723343127,-0.600347712634588,-0.727990199907803,-0.81413596618381,-0.549876104078444,1.50985355836923,1.33385650023132,1.12485345202895,1,0.982517490131908
83,WP_010969558.1,-0.186716693770625,-1.23395722529286,-0.759675090315875,-0.509442273286764,-0.0391528638395982,-0.452861139584804,-0.0120547403428595,1.98339887371824,1.21046115271514,1,0.886256331326274
84,WP_010969613.1,-0.54272763189978,0.780593889323966,-0.64902604928517,-0.271713541672558,-0.115044715340559,-0.747547573227947,0.529848790234583,2.12529344836487,-1.1096766164974,1,0.550854584466684
85,WP_010969623.1,-1.09952802724073,-1.45040446156275,-0.899810199394786,0.318617056136261,1.31588845338489,0.584934732692701,0.247023666155666,1.25257284872055,-0.269294068891802,1,0.609712440205546
86,WP_010969678.1,-1.32664534940865,-1.00125060000767,-1.07875195703479,0.7126565925335,-0.357521925366577,0.191211699115299,0.782913438440293,1.6003061026849,0.477081999043696,1,0.903283527781533
87,WP_010969693.1,-0.126540314970528,-0.923454051005138,-0.945095230813179,-0.745721491246155,-0.836454375548818,-0.184180989551848,1.57294807453193,0.894990757208272,1.29350762139546,1,0.965374497159205
88,WP_010969729.1,-1.3656074741393,-0.0280534972389498,-1.77129394130729,0.434509435325657,-0.0370546705254546,1.30269531319936,0.970517193261862,0.0961526526258413,0.398134988798276,1,0.668211126592233
89,WP_010969761.1,-0.851089378369741,0.206654232682716,-0.642994697234334,-0.306620196221982,-0.643265950833305,-1.04009685283559,1.84895642185422,0.0853377181220948,1.34311870283592,1,0.833834895726204
90,WP_010969765.1,0.389324466670603,-0.469759932609183,-1.2046245523431,-0.612092209704166,0.686855904358014,-1.36323786166346,1.66275792441931,0.0731148215646337,0.83766143930734,1,0.724853375852042
91,WP_010969862.1,-0.748967504146349,-0.893986159698426,-0.021084527075278,-1.30259748727576,0.389504066239708,0.818572205781389,0.660025646555542,-0.692070244936083,1.79060400455525,1,0.629660248620056
92,WP_010969911.1,0.859771044800457,-0.744928444475742,-2.09736736888094,1.15706542968982,-0.471436335025275,0.703242087074664,0.098159133627942,0.00389190944569335,0.491602543743367,1,0.408314110293171
93,WP_010969953.1,0.481511526789162,-0.864709450189535,-0.459616051690835,-0.720802621827589,-0.113265375600652,0.900404645668681,1.21756482823275,-1.61451651003348,1.1734290086515,1,0.416797127999479
94,WP_010970070.1,-0.114683815904037,-0.509939709390423,-0.800232853585333,-0.738831844141543,-0.157033775203899,-1.3586567252265,1.25921589087036,0.931031627006558,1.48913120557481,1,0.899461793837916
95,WP_010970149.1,-1.22289394850905,0.0416882268428442,-0.323628635804382,0.466766094966032,-0.425222305183135,-1.33008326176931,1.48075678165637,1.42316199932646,-0.11054495152583,1,0.809335564515917
96,WP_010970153.1,-0.68878110813322,-0.780842646875067,-0.650976370149235,-0.651936129623811,-0.599993530543695,-0.480535784475863,1.47395157648332,0.702965499083641,1.67614849423393,1,0.965526332357474
97,WP_010970162.1,-0.765316328032538,-1.68129495205838,-1.08254863381833,0.148951791740319,0.462549720506251,1.36386762421804,0.523881651197956,1.02217467926112,0.00773444698554695,1,0.703106254861461
98,WP_010970225.1,-0.326023430634834,-0.134579564973268,-1.32408565767322,-1.12831145475632,-0.0431065527736893,-0.398744034263848,1.86352773887157,0.973361722317389,0.51796123388622,1,0.929907210324339
99,WP_010970293.1,-0.261675918338601,-0.324768563957751,-0.751513048891828,-1.39892711403602,-0.571708938019079,-0.146897655545483,0.34660511646067,1.59400669353093,1.51487942879717,1,0.885676502439466
100,WP_010970378.1,0.0618094697595866,-0.815388232269583,-0.655036018544331,0.151157418257166,-1.84507596709345,0.963642789768816,1.0714625549337,1.17743553969887,-0.110007554510777,1,0.737631281632067
101,WP_010970385.1,-0.985512426986516,-0.197552023810735,0.075389105406736,-1.06209862687441,0.840176482444979,-0.323398809062395,-0.215154345281329,2.20966015372305,-0.341509509559392,1,0.613651805613385
102,WP_010970510.1,-0.452860951973666,0.164437020886162,0.0876872784106603,-1.39750887404387,-1.11848359544174,-0.69216588873513,0.792213367616248,1.19444457337108,1.42223706991025,1,0.579579015508948
103,WP_010970568.1,1.14022148832254,-0.302428168718767,-1.93516100432378,-0.906001165012855,-0.0982095925727699,0.124692925423408,0.210110319081935,1.33762258268226,0.429152615118026,1,0.655461993085237
104,WP_010974952.1,-0.396582274526998,-0.386405119136964,-0.618347446385472,-0.457842444033443,-0.601278720140626,-0.817896501569767,0.920418942092589,2.28437466007354,0.073558903627137,1,0.892704966379727
105,WP_010975007.1,-0.430668203177969,-1.16140369247449,-0.669182271869152,-0.79975442135513,0.93403284691887,0.48047476884928,0.34331033428984,1.93766803228573,-0.634477393466978,1,0.701830918582756
106,WP_010975076.1,-0.381113521339564,-0.677298383723147,-0.180174834446054,-0.451029362752901,-1.64885421702586,-0.172995642853019,0.886587237181409,1.01206450062307,1.61281422433607,1,0.865286572928981
107,WP_010975118.1,-1.35745632227488,-0.138007323687402,-0.891785199049668,-0.797600804587,-0.15186108586353,0.168972254026129,0.257749642596485,1.87615508687801,1.03383375196185,1,0.919837123743063
108,WP_010975180.1,0.458520293903753,-1.38345407563903,-0.109947849509848,-0.563361842367495,-1.06149198495109,-0.536539966273124,1.17325661480492,1.60685588356854,0.416162926463375,1,0.824780931088782
109,WP_010975222.1,-0.0412187869373331,-0.188340727372924,-0.227026054021396,-1.16524447640064,-0.709781064092703,-1.11350700263157,1.77151440525451,0.468652231042038,1.20495147516002,1,0.726857427524647
110,WP_010975257.1,-1.19610477359772,0.702520426540346,0.708627913734691,0.561685476656196,-1.15291679685791,-0.996560755364726,1.33625813011587,0.776385111260345,-0.739894732487092,1,0.423223592576199
111,WP_010975324.1,-0.82024722810117,0.622299700863941,-1.25114756311678,-1.12053261239737,-0.073028939925757,-0.649113930389692,1.28169926298366,1.12616688495903,0.883904425124145,1,0.89148843778983
112,WP_010975483.1,0.054676683800057,-0.623272152469285,-1.21190938622847,-0.328785219897796,0.883872302666179,0.143166586083783,0.230590255907395,-1.12564564626497,1.97730657640311,1,0.482335526632333
113,WP_010975625.1,0.829681684832773,0.211268680221359,-1.12977341000659,-0.100592605244098,-1.12708263496879,0.541652581231366,1.89637144615569,-0.25120708083027,-0.870318661391436,1,0.411366515610057
114,WP_010975658.1,-0.110311041280667,0.0475827542713199,-1.16414298940351,-1.26888756879443,-0.537594600861859,-0.576739563025677,1.3874301953235,1.15345489473951,1.06920791903181,1,0.921970599002065
115,WP_010975758.1,-1.06034738848027,-1.67802617519622,-0.584810697540382,0.0632504980410198,0.702329414147638,-0.163855007500849,0.970411033647958,0.275945294475922,1.47510302840518,1,0.850366246815239
116,WP_010975761.1,-0.0126521815219778,-1.07489915471062,-0.724400891365455,-1.34065152827082,0.137436671887443,1.02035704078151,0.0578258682421919,0.0788254222803126,1.85815875267741,1,0.683572084130801
117,WP_010975786.1,-1.16356446392867,-1.05406575356706,-0.216648782190281,1.54655959074927,0.40947475293573,-1.24819194152129,0.0743196471586451,0.839447797656982,0.812669152706683,1,0.616974999510496
118,WP_010975829.1,0.393953213054535,-1.01388836214261,-1.31883701073931,1.56477577242541,-0.698491124953927,-0.659193211457868,0.26348675023577,0.205263650602763,1.26293032297523,1,0.59514648180955
119,WP_010975877.1,-0.471081466808506,1.39292989464965,-0.901180416434363,-0.372763385694074,0.14647818582174,0.00267951203661601,0.188720555892577,1.56106646274833,-1.54684934221196,1,0.328829483001702
120,WP_010975891.1,-0.321132194594317,0.218013856860784,-0.690320953832628,-0.890381540891097,-0.443615836416106,-1.34700523287731,0.578930686983402,1.30344635840578,1.59206485636149,1,0.765475536684997
121,WP_010975906.1,-0.50806627266441,-0.557084769458674,-0.0199257766029209,-0.716576860611378,-0.746502054230367,-1.24278229425567,1.18794143225874,1.20965017352808,1.39334642203659,1,0.889598766357043
122,WP_010976033.1,-1.00933458812026,-0.933423231198542,-0.920004506566307,-0.120096317933092,-0.598375493266653,-0.172409457211145,1.32161220695823,0.935562550485765,1.496468836852,1,0.972263497222049
123,WP_010976106.1,-0.151717298152927,-0.649763090848932,-1.54451212875114,0.851300897261121,-0.562236534020387,-0.542887534711706,1.78567172257068,0.803104405064142,0.0110395615891448,1,0.832248185648546
124,WP_010976128.1,-1.43019052060291,-1.33924610371381,-1.12504887654179,0.987518118780956,0.706727246011507,0.416164465139106,0.302048501049878,0.911243008839685,0.570784161037373,1,0.713509277305087
125,WP_010976139.1,-0.302072332856377,-0.645360444418272,0.0905021778484607,-1.06939223696168,-1.09073755375036,-0.695230717157782,1.22504709128533,1.43530647155881,1.05193754445188,1,0.882785750986016
126,WP_010976294.1,-0.398842001570593,-0.308836469741889,0.0727255592586794,-1.55837547314783,-0.143618274920451,-1.09721505862407,1.3879355052645,1.20659205860757,0.839634154874074,1,0.793181329721241
127,WP_013844605.1,0.304838306797877,-0.580993085926217,0.162306084247185,1.22884084100193,-1.61604586071288,-1.16790506206456,0.64741726266465,1.25796499579626,-0.236423481804241,1,0.456314221473823
128,WP_013844609.1,0.643335390500091,-1.01460035191361,-0.23985105918677,-0.503248916224834,-0.671937032519622,-0.682152601586193,-0.34426115091113,0.61424500739103,2.19847071445104,1,0.519319097347597
129,WP_013844741.1,-0.885194796323927,-0.969173931191367,0.330179108219988,-0.49187493950948,0.282535843998929,-0.697469217287402,2.1563717877151,-0.442442913286013,0.71706905766417,1,0.731698160625115
130,WP_013844837.1,-0.923400139167889,-0.315629828559822,-0.616144709665136,-0.869930853544208,0.580994220082239,-0.109676068632942,0.952389895849465,-0.729128902922329,2.03052638656062,1,0.703793489472434
131,WP_013845596.1,0.025210099231899,-0.439647166878647,-0.407253727506046,-0.741720097536095,-1.26227859125228,-0.561283410167098,0.632217539039601,2.08010332087748,0.674652034191182,1,0.828430069588395
132,WP_013845598.1,0.0173418753652611,0.00424909565322496,-0.616857944005291,-1.85765069956865,0.432302688296691,1.03575843994809,1.52036776809484,-0.744051693106937,0.208540469322774,1,0.482145047664955
133,WP_013850456.1,-0.354564610756094,-0.141014640665139,0.295956504841582,-1.45300324014704,-0.858197835930033,0.0172435772685315,0.82657551017913,2.02642101635997,-0.359416281150902,1,0.634157315286892
134,WP_013850619.1,0.0435670076600216,-0.421993543947413,0.663004397442997,-1.35555002957276,-1.41154486418963,-0.0506276573652466,1.76278663505697,0.653291038168213,0.117067016746841,1,0.478898846173995
135,WP_014526599.1,1.06327631730812,-1.03807132491919,-1.49044499232549,-0.746425411915045,-0.00160565878257277,-0.321486478742243,1.42168046103481,0.92346664134628,0.189610446995339,1,0.780473446455017
136,WP_014526688.1,-1.17536336982157,-0.682375114432105,-1.06766012038614,-0.470331004065673,-0.425603094756377,0.419705249997847,0.933246409471275,1.74266073987189,0.725720304120855,1,0.962719296475523
137,WP_014527123.1,-1.20113405304251,-1.06561552502984,-1.49631388778323,-0.0355330244505446,0.490086329189637,0.437264310286472,0.921176421442516,0.984694336610547,0.965375092776946,1,0.908678281950099
138,WP_014527194.1,-0.103813324729258,-1.25414289643837,0.184675154276952,-1.18037906213819,-1.17737697290094,1.41361557752791,0.43572211058634,0.824834218064118,0.856865195751441,1,0.684956220752917
139,WP_014527525.1,-0.363754516607686,-1.11828269401845,-0.378215849425143,0.153748513008436,-0.614037108869873,-1.09388596686677,0.503482339360276,1.89508432646239,1.01586095695682,1,0.892028769935731
140,WP_014528379.1,-0.973674919914542,0.289140095492767,-0.863336650153751,-0.610930017350349,-1.20499314224735,-0.130230267090188,1.18083411762155,0.762256648810551,1.55093413483131,1,0.911205571488934
141,WP_015456611.1,-1.33282791618583,-0.603815137485107,0.155884874677236,-1.12811259212532,0.340586338617885,-0.0258407555751331,1.95543314424444,-0.137649364918674,0.776341408750498,1,0.80105896178248
142,WP_041169964.1,0.169749829103745,-1.21490471420999,-1.10171465065242,0.642049085085182,-0.0864412601798036,-0.737239918442097,-0.030386971950312,0.303346857876051,2.05554174336965,1,0.699952733470097
143,WP_164820661.1,-0.751295011435948,-0.705817850182993,0.0185593801544722,0.659194909679286,-0.964139443485044,-0.19860299578198,0.634238407128929,2.11611732291632,-0.808254718993041,1,0.693031756146483
144,WP_190311202.1,-0.139344164078123,0.755413725396745,-1.4260863035928,-0.560978119480938,-0.343126118815257,-0.687625568204369,1.35561565957859,1.54435421888445,-0.498223329688307,1,0.728965253968239
145,WP_003525631.1,1.48003937412969,1.29463005346255,0.837502997955042,-0.104447828223895,-0.880521463470502,0.160082620733917,-1.03022241116861,-0.791476087931669,-0.965587255486528,2,0.965503033749176
146,WP_003525901.1,1.13618862493531,1.25763934609784,0.846567451496422,-0.808189637118942,-1.02599834580432,0.357741123283104,-1.13679153191113,0.423972319903236,-1.05112935088151,2,0.812632439259047
147,WP_003527124.1,1.90626478412012,1.12026703423933,0.363163500122081,0.0237676664577057,-0.912824980685627,-0.758668034680154,-1.1764588262594,-0.168912947101619,-0.396598196212449,2,0.865334146793583
148,WP_003528900.1,0.325440103022149,2.28701262559219,0.0433750421665308,0.551100729351218,-0.382820192252445,-0.339692137025074,-0.945220704986655,-0.67440579054913,-0.864789675318774,2,0.608146597865842
149,WP_003529436.1,1.35634893016399,1.53759433125806,0.903099961632659,-0.289136142479748,-0.560230228468196,-0.665867631437877,-1.13357220404086,-0.886755938974046,-0.261481077653976,2,0.967125906427681
150,WP_003529888.1,1.26642181041268,1.609065767371,0.782876258943668,-0.981963134738764,-0.58650023026772,0.0290826096414406,-0.755886827557639,-0.242955259512046,-1.12014099429262,2,0.930079201315469
151,WP_003529892.1,1.02612142428817,1.14118921576265,1.64135373046336,-0.970485538904123,-0.891754012675797,-0.913536783657912,-0.447631765083558,-0.353728153445782,-0.23152811674701,2,0.760629774161931
152,WP_003529999.1,1.21680759497795,1.14216414619706,1.00698680443698,-0.989747629321346,-0.242522544932094,-0.49692893474793,0.393917990512408,-0.424379660354106,-1.60629776676893,2,0.833084515707611
153,WP_003530025.1,0.763248010398528,1.92188704411338,0.377055630661405,-0.504165398885115,-1.13726297764198,0.51166090527158,-0.0687668550177879,-0.807432416733438,-1.05622394216657,2,0.739872670038344
154,WP_003530108.1,0.90584723688282,1.50681033130781,0.66676922210239,0.281973769598851,-0.329099819509218,-0.373516580037836,-0.769378075158506,-1.88283453122967,-0.00657155395664609,2,0.806008445535911
155,WP_003531560.1,1.64820811886708,-0.780776980773,1.46038235086758,-0.479115963077649,0.302816173198225,-0.312532329261279,-1.35358965181838,-0.536078705592457,0.0506869875898851,2,0.706169270793755
156,WP_003531605.1,2.07577545771625,1.10519105531346,-0.52066237435008,-0.461931546996593,-0.47159254210965,-0.0745466703732232,-0.632996838704867,0.137365356220414,-1.15660189671572,2,0.68141335869778
157,WP_003531615.1,1.21541292018057,1.35668701178481,0.705703003282287,0.257514239851483,-0.220186759126879,0.142846981798187,-1.26021456533312,-1.25009735344374,-0.947665478993595,2,0.896570451563721
158,WP_003531973.1,-0.100646695946869,1.06173017342662,1.77141080461315,0.0589618725353127,-1.39037464383027,-0.568627095403067,0.555566248398933,-1.00448865526694,-0.383532008526871,2,0.522755506507726
159,WP_003536336.1,1.41754280130958,-0.0176978910203965,1.26414025850966,0.530052303352981,0.605832467259251,-0.641171207433306,-1.07872917170935,-0.98374268607252,-1.0962268741959,2,0.734791948648318
160,WP_003536396.1,0.897667037155777,1.42377982782289,1.22977558875002,-0.362313996940945,-1.37264844819349,-0.876775270730846,-0.930326541606602,0.0453078402103426,-0.0544660364671542,2,0.648936064819115
161,WP_003537468.1,0.916056626116714,-0.181441709232962,1.53193295545879,-0.266840878124532,-0.0799686661117782,-1.14104889575169,1.13791323641198,-0.590891800606313,-1.32571086816021,2,0.53798039994222
162,WP_004434654.1,1.20854837955169,1.56779559944121,0.806869408225491,-0.246936126414455,-0.403676848868423,-0.0510232431607664,-1.47637395493798,-0.566815709944065,-0.838387503892706,2,0.963015965463584
163,WP_004435262.1,1.22013446770945,1.40579860316798,1.16994824662587,-1.2593627067762,-0.245444672037228,-0.538349637164256,-0.93112801034904,-0.297537786953341,-0.524058504223234,2,0.926138461561629
164,WP_004436001.1,1.3487304446721,0.595883686178933,1.23340988186842,0.108390262969633,0.566620876713898,-0.781340268010984,-0.757936238300197,-1.3914445852957,-0.922314060796114,2,0.899868810372652
165,WP_010967012.1,0.97833276744103,0.872059244903957,0.689607286218102,0.338702390035423,0.759271027372411,-0.356988448895995,-0.979210528438883,-0.320154519306066,-1.98161921932997,2,0.568935332588002
166,WP_010967051.1,1.388958707249,1.37680552368144,0.632157626571986,0.24510173210495,-0.304456467798835,-0.111984266264621,-1.32206139233819,-0.796022785009763,-1.10849867819598,2,0.937982265070628
167,WP_010967087.1,1.23837820239827,1.58255021237077,-0.180058939902988,0.121302346430396,-1.41647097321067,0.272638852234569,-0.434072183666108,0.0950464852158421,-1.27931400187008,2,0.628961858683355
168,WP_010967117.1,1.45941412668508,-0.455832811445982,0.357277372534092,-1.46733778645643,-0.174529338006307,0.868493460539371,-1.43676237689732,0.717841707426993,0.131435645620503,2,0.381416237633255
169,WP_010967201.1,1.04339527035643,0.433275510850618,1.26842565659367,-0.00995232463649581,1.08548885393626,-0.558398901261648,-0.878525531327216,-1.11549896773909,-1.26820956677254,2,0.734976286825432
170,WP_010967208.1,1.33554044889609,1.4551371330332,0.611989720788815,-0.934776501108616,-0.656489796884203,-0.227333359265346,0.251435141332567,-0.360905396756274,-1.47459739003623,2,0.817421750671482
171,WP_010967286.1,1.02555568060179,0.0955394158532757,1.41056946934513,0.816764567559562,0.323178763324462,-0.143144572736647,-1.1160897777587,-1.23727408862017,-1.17509945756869,2,0.577539713195227
172,WP_010967301.1,1.24777997486309,0.868042849799505,1.48266859595588,-0.474119367616598,-0.0406488558183597,-0.000541472109787328,-0.993654667188861,-0.82752227831817,-1.2620047795667,2,0.981297485379825
173,WP_010967309.1,0.788869073474181,0.213194218613942,1.98468560226008,-0.406392384387797,-0.19870374406764,0.157887634674467,-1.61267664553293,-0.205143043240836,-0.72172071179346,2,0.864242973645701
174,WP_010967422.1,1.30391996957088,0.981886604414726,0.813636771283461,0.0962867242887971,0.0410390752881089,0.422991272258386,-1.2386812415339,-1.30714769495195,-1.1139314806185,2,0.83667079290676
175,WP_010967525.1,1.7127906584809,1.46308570227353,-0.619286254812169,-0.407647340128601,0.227865328467052,-0.295433004188711,-0.00886598475003575,-0.825176724275278,-1.24733238106669,2,0.638677574811681
176,WP_010967527.1,-0.0847836598187562,1.68039246592809,0.917080571131062,0.700071705952134,0.342297915999469,-1.06062196187074,-0.709721607005151,-0.392577977821316,-1.39213745249479,2,0.595696098836922
177,WP_010967535.1,1.17383458607787,0.0952021146881739,1.12141605349982,-0.277909619498575,1.14017715885546,-0.0098576232970394,-1.52024926221391,-0.558582590586743,-1.16403081752506,2,0.63114287387048
178,WP_010967542.1,1.34381325367493,-0.537197860415479,0.72698599207955,-0.650535089920376,1.71539389906489,-0.215021714039994,-0.612587228536677,-0.780905042093099,-0.989946209813749,2,0.454232783521869
179,WP_010967543.1,0.999765949437817,1.7264640296714,1.10592015154079,-0.415676903037301,-0.423525340389704,-0.360211243649362,-0.825771725932124,-0.890114079213197,-0.916850838428314,2,0.97917387100688
180,WP_010967545.1,0.535420216751297,-0.238594749975195,1.90779542228583,0.51593979704096,0.271913042439162,-0.365582987333607,-1.73974179790167,-0.19587029439222,-0.691278648914547,2,0.639765717199487
181,WP_010967557.1,0.451426728401993,0.913646582582636,1.50851955345046,-0.275230795023342,0.558432063647933,0.362796917042258,-1.07801395359067,-1.32998832248144,-1.11158877402983,2,0.744717377993139
182,WP_010967615.1,-0.574086709283313,1.17467241097133,1.25810521546947,0.457555891104011,-0.525464211047931,-0.415636382343965,1.05123602725572,-1.19377162595556,-1.23261061616976,2,0.44578485729973
183,WP_010967623.1,0.716373474918723,0.814884418884985,2.09524060910696,-0.4891258343873,-0.559322663071711,-0.240305998341117,-0.751629613037564,-0.786740102241499,-0.799374291831475,2,0.95201918500812
184,WP_010967660.1,2.25912742088888,-0.108171056852189,0.465778298659623,-0.691773910471325,-0.693997810714311,-0.295246225981473,0.627278457427598,-0.833378402817213,-0.72961677013959,2,0.609747379173105
185,WP_010967697.1,0.762481235635428,0.511548179024586,1.71224304057792,-0.111132634012307,0.3884291283217,-0.076640845840969,-1.45486922503252,-1.33475360394086,-0.397305274732969,2,0.85345260243898
186,WP_010967720.1,1.8944124565543,-0.754265742120145,1.1627972942355,-0.147325487182664,0.266138310568891,-0.12266130301399,-1.03318502231252,-1.1398432570679,-0.126067249661458,2,0.7016510541702
187,WP_010967757.1,0.762882369973136,0.326278276235887,1.68452722079546,1.02541944358048,-0.431759726035395,-0.574702830373804,-1.14663982393288,-1.16672268410801,-0.479282246134877,2,0.767994877036786
188,WP_010967768.1,1.75144261723043,-0.602036527500213,0.650512393418085,-0.565124138228913,1.06051416146635,-0.0375045660089691,-1.08303726893405,-1.23482605183468,0.0600593803919581,2,0.551732592624089
189,WP_010967779.1,1.87850348512549,0.572304786287058,1.02967215769402,-0.531590492984297,-1.05406219359858,-0.986063011108289,-0.29543234710968,-0.776848462668856,0.163516078363133,2,0.700098219103476
190,WP_010967869.1,0.190954236096888,1.90759599621809,1.08953583557528,-1.2396781564879,-0.52680772735125,-0.318408243843255,-1.05685479906444,0.204644843518462,-0.250981984661886,2,0.620095599126955
191,WP_010967913.1,0.13846434764802,0.385740340248694,1.42557734450678,0.431463448265859,0.894057408793209,-1.56754052700134,0.269913265986753,-1.39419257929461,-0.58348304915337,2,0.524064255462756
192,WP_010967956.1,1.13654403642898,1.1105300553191,1.20161557034715,-0.347610028104424,-0.633685103821189,-0.957505216240739,-1.07034578626777,-1.0412538179506,0.601710290289492,2,0.822031787334227
193,WP_010967959.1,1.39184457004574,1.60214306942344,0.697045124476158,-0.62216742760161,-0.616708283158505,-0.262830328290189,-0.520922364041808,-0.329035618089561,-1.33936874276367,2,0.942320608864858
194,WP_010968025.1,0.878570428925104,0.737486849074484,1.1678239233691,0.474567711852203,0.167478063779338,0.123905430347705,-1.14623320852492,-0.550146570721734,-1.85345262810128,2,0.676303676130359
195,WP_010968037.1,1.20323012179549,0.352034223728015,0.327123425253395,0.718343413831106,0.0378216211170445,-0.295434274976378,-0.79795976004313,-2.16650777410472,0.621349003399186,2,0.471058911228035
196,WP_010968050.1,1.38098556494117,0.80562389720798,0.596812280730142,-0.664010280314115,0.402135553852985,0.693876605983364,-0.545652639982333,-1.60134501353083,-1.06842596888836,2,0.724505692284048
197,WP_010968083.1,-0.140784834011416,-0.230372581525335,1.15722400784123,0.323109661156601,-1.43277973512622,0.832716278688611,-0.620395330380299,-1.23783938827602,1.34912192163284,2,0.296533661114438
198,WP_010968086.1,2.25448585483514,0.258601853434742,-0.0588983702545365,0.469756163789074,-0.0882966756562909,-0.883653244791641,-0.542193456529131,-1.22925524636872,-0.180546878458634,2,0.673058581512873
199,WP_010968124.1,1.45280384342263,0.437203527238228,0.703384115688121,0.557510000739113,-0.292937612420308,0.54536202700404,-0.478512571825832,-1.42256648862971,-1.50224684121628,2,0.571422307908653
200,WP_010968208.1,0.966327150289796,0.690555632105276,1.51845004860391,0.105923840433649,0.333605683922321,-0.179032188682937,-0.828538259086274,-1.15595052711624,-1.45134138046951,2,0.891781590717324
201,WP_010968212.1,0.195306769664282,1.96797639392001,0.820026262826928,-0.799047526631075,-0.289931844314757,0.418481452806929,-0.510456476495211,-0.338145850800982,-1.46420918097613,2,0.754417335580215
202,WP_010968213.1,0.396969978463146,0.723827486300985,1.71618511759334,-0.629993075655647,0.928143715156034,-0.150964060795304,-1.06790033054262,-0.717706839853536,-1.19856199066639,2,0.794156337620597
203,WP_010968416.1,1.21610064514412,1.35386561807685,1.40269531246554,-0.516439314453211,-0.688787737830862,-0.595114300687551,-0.785533983242565,-0.84610551191656,-0.540680727555767,2,0.981133357469555
204,WP_010968430.1,0.848911071632127,1.27822108141353,0.645900414417447,-1.13391652695163,1.3013458069526,-0.48461686163379,-0.835782584153999,-0.769050769159595,-0.851011632516691,2,0.751846321968764
205,WP_010968457.1,0.965168241390111,1.54961432946237,1.06642268891446,-0.38496117976272,-0.585529033764385,-1.30123364718758,0.281058710479542,-0.824740902019214,-0.765799207512584,2,0.8048712979695
206,WP_010968503.1,1.59590349574826,1.11364278819508,0.938373764673164,-0.4863579852959,-0.431496713388841,0.119464200742977,-0.617635260205773,-1.00826271046415,-1.22363158000482,2,0.974941701122128
207,WP_010968614.1,0.77182696075193,2.11813103379152,0.537390363125942,-0.405042885990741,-0.152274191880705,-0.471759156278426,-1.17651273447191,-0.821452219667001,-0.400307169380608,2,0.88739875693659
208,WP_010968662.1,1.58446395670377,0.849901813819492,0.719529896320133,-0.182460286055148,-0.654666737912438,-1.89610056647345,-0.344635098029851,-0.226000658045216,0.14996767967272,2,0.491616070984645
209,WP_010968681.1,1.28216553250922,1.13887736432399,0.21340894778306,-0.609933168960002,0.468587404403641,0.810711086367455,-0.869418351410331,-1.36817020023387,-1.06622861478316,2,0.616934776612621
210,WP_010968683.1,1.12869622017619,-0.0170405613281086,1.68862674767936,0.212860660317578,-0.0792943134393974,0.367460177019491,-1.29052224682409,-0.988207224145466,-1.02257945945555,2,0.799934907327767
211,WP_010968733.1,1.28458581373367,0.309786760228237,1.85839329774184,-0.974305415513801,-0.814803419192127,-0.0571750244940786,-0.961316686931383,-0.483132097484539,-0.162033228087819,2,0.86290207847494
212,WP_010968756.1,1.66313733164527,0.0291512188423286,1.59951667615319,-0.503810930658526,-0.217304404695487,-0.37729363659919,-1.31267395320962,-0.685641485530759,-0.1950808159472,2,0.919203425338173
213,WP_010968765.1,1.64947835163021,0.0211576100696828,1.33731609357334,-0.436386835634823,-0.0341226269073883,-0.908971073540274,-0.864431718170719,0.464565106516106,-1.22860490753613,2,0.817301991936301
214,WP_010968778.1,1.87309876681948,0.555423831555524,1.23731072047073,-0.0298502166173255,-0.676007297945842,-0.694048384129678,-0.733886843063071,-0.778737067237076,-0.753303509852747,2,0.968293394468969
215,WP_010968784.1,0.898304392321121,0.109399147875503,1.26465603770152,-1.11420315662447,-0.352832259669738,0.888306837849183,-0.950254870949174,0.688361340644613,-1.43173746914856,2,0.632501303611797
216,WP_010968815.1,2.12673551921589,-0.695872629336567,1.10621279182927,-0.789506727907816,0.0926692977537644,-0.658976206409495,-0.773696847428885,-0.100751160570579,-0.306814037145586,2,0.678200436857243
217,WP_010968853.1,1.13950814154138,1.23580259255855,0.668883520528017,0.411496044350484,0.436507350365625,-0.787323720242496,-1.10542142947131,-1.51270772890744,-0.486744770722809,2,0.81291283048223
218,WP_010968973.1,0.646851624639653,0.772869541621445,1.55809208795535,0.72052715378279,-0.0900154633252261,-0.696358081466166,-0.85754701500984,-0.436142832772067,-1.61827701542594,2,0.815333643225338
219,WP_010969000.1,1.70633938664501,0.622862025623935,1.33729005271089,-0.323916765764265,-1.12305677227606,-0.866317836141457,-0.801041663732341,-0.250469448793415,-0.301688978272299,2,0.866118255988398
220,WP_010969013.1,0.676229244517529,1.28023793107924,0.67148940333192,0.815777719578479,-1.34572095863576,0.456638646117814,-1.12701145211439,-0.22463920111442,-1.20300133276041,2,0.660152868231354
221,WP_010969036.1,0.954016453366495,1.21145419214911,1.53787290037332,-0.313138333518567,-0.00549028413195134,-0.391529915639875,-1.09742650064965,-0.995322712881807,-0.90043579906708,2,0.98481989212646
222,WP_010969080.1,1.59084804989647,1.34005908120783,0.451940416049093,-1.46140627689273,-0.713225988164527,-0.563901879386199,0.277949264053721,-0.507332246810868,-0.414930419952791,2,0.543136737625771
223,WP_010969097.1,1.61416964966622,1.18049475417056,-0.0362126278921702,-1.34820553765143,-0.221730026894736,0.233200621664367,0.080294921397973,-0.0640177816797728,-1.43799397278101,2,0.666633858918114
224,WP_010969105.1,0.824308632320903,1.96219186826342,0.0711695127861466,-1.25119101213474,-0.0323958718819251,0.0682599156766162,-0.923732093887264,-0.984838673320998,0.266227722177843,2,0.673706566683857
225,WP_010969141.1,1.63545289780681,1.16081664129389,0.788484091669894,-1.10685029585361,-0.0668131561417541,-0.796167943911795,-0.717583439704156,0.087563742840557,-0.98490253799983,2,0.889237630685547
226,WP_010969223.1,1.56357767258612,0.540888793327511,1.38825805879626,0.214440124191058,-0.461245158860573,-1.16017783461166,-1.09618949028695,-0.635170746797488,-0.354381418344275,2,0.934918282103916
227,WP_010969258.1,1.78200865171652,0.381892892214868,1.34966960942982,-0.595824681074101,0.146497440071116,-0.668153007648804,-1.04790182908657,-0.557490931321734,-0.790698144301128,2,0.961489612343934
228,WP_010969273.1,0.652296132829242,1.52497687884228,0.544484299202457,-0.216068139972963,0.288558971877528,0.739869578620286,-0.918593906559581,-1.38136975048108,-1.23415406435817,2,0.565988695958658
229,WP_010969342.1,0.862951540115413,0.42891449095837,1.53702921552316,0.479165325018624,-0.0205236150114727,0.318737828843309,-1.18206610613115,-1.35632572984924,-1.06788294946702,2,0.729139791209921
230,WP_010969343.1,1.3747076861162,0.827805405018908,1.05120677828473,0.175534289916702,-0.565792776683802,0.253232617683017,-0.980935989617209,-1.643141654416,-0.492616356302542,2,0.907516076316862
231,WP_010969356.1,1.00861988798116,1.5512362439576,1.07591553799838,-0.0668448515945264,-0.250941836200676,-0.271325870733485,-0.944632463162996,-1.3477552315075,-0.754271416737953,2,0.969887647902864
232,WP_010969442.1,0.186810382656547,0.911890585615226,1.44577604396917,-0.924786590842094,0.388352389747733,-0.414620011574476,0.732612738438621,-1.72131402266187,-0.604721515348865,2,0.632788378757381
233,WP_010969474.1,0.163621664304208,0.426683537509558,1.89496012511958,-0.30577029117194,0.177033214337624,0.763332084337522,-1.44360442614511,-0.794125347134664,-0.882130561156779,2,0.668194525202289
234,WP_010969547.1,0.959039748984746,0.668303062010844,0.377359811622759,-0.414930864351213,-1.30306388803011,1.67824169657108,-0.579894604401571,-0.187993705079438,-1.19706125732709,2,0.52697489805826
235,WP_010969601.1,0.341125780924198,1.94346451415471,0.425850620334484,-0.296565269739482,0.519421049717158,0.115294246503115,-0.579875001214732,-0.942250140358066,-1.52646580032137,2,0.608450014433005
236,WP_010969609.1,0.417229086098812,1.45321496587965,1.63525799381415,-0.124997674558581,-1.0857492898763,-0.984484329612899,-0.768696779472551,-0.534209843737659,-0.00756412853462849,2,0.764765884637287
237,WP_010969653.1,1.53008225834496,1.03597003426856,1.34019798616676,-0.505871206212089,-0.589051278013425,-0.653446363699163,-0.403323716876088,-1.04712891821655,-0.707428795762972,2,0.978708031685643
238,WP_010969670.1,0.543500917416664,0.13654164517177,0.907606286853152,1.18826450365679,0.0568730926629813,-1.57085539522039,-0.468595779517949,0.709032996948798,-1.50236826797182,2,0.45833118766112
239,WP_010969754.1,1.09532908632747,0.608285474764214,1.67222456224005,0.197151572244461,-0.135602028931332,-0.45167521837805,-1.46632133066943,-0.944447761641528,-0.574944355955854,2,0.952160364729724
240,WP_010969799.1,1.42234349034833,1.59056665030355,-0.273567978285732,-0.653526207686394,-0.0175618215899577,0.276476715352602,-1.55733568248198,-0.651634581295041,-0.135760584665371,2,0.721803187001067
241,WP_010969813.1,0.923957611045846,0.585999447024318,0.154043845645602,1.8092367623153,-1.37700225929354,-0.696514977764857,-0.648281578152355,-0.83505171166931,0.0836128608489955,2,0.432844005046268
242,WP_010969817.1,1.29095136200428,1.40123304368983,0.447687066033642,-0.272330936498657,0.420559249273237,-0.053475860089668,-0.575319566331525,-1.48574590492799,-1.17355845315315,2,0.832691304270895
243,WP_010969843.1,0.826363620008767,1.03647642982507,1.4657558397557,-1.38455861009567,-0.144332472839102,0.521925901199368,-1.00582590624241,-0.716218996539305,-0.599585805072421,2,0.893025058638974
244,WP_010969954.1,0.661776539849999,1.39769308729217,1.40503579891551,-0.60671129855149,-0.786393263709325,-1.39221064366977,-0.833352611148453,0.0367252074159658,0.11743718360539,2,0.542173417204832
245,WP_010969967.1,1.18795759593342,0.393039917690447,1.55975539241124,0.149481784748906,-0.983392455102208,0.155537606151449,-1.04137178650114,-1.37899294798527,-0.0420151073468494,2,0.874657671678811
246,WP_010969978.1,0.55018487824805,1.07864616488232,1.80295041603651,-1.13248169831958,-0.701761319294949,-1.02734700160092,-0.648543534612449,0.159768332331118,-0.0814162376701035,2,0.490141031824616
247,WP_010970004.1,1.45031202394421,-0.765952891189099,1.10968993677756,-0.755701271946307,-0.257140419631424,-0.106024536123097,-1.56796511772654,0.98165178909025,-0.0888695131955504,2,0.463566977777517
248,WP_010970016.1,1.11690529699483,1.56680931263085,0.619697287822896,-1.27020028521234,-0.818919617738546,-0.627949684699385,0.385854626745114,-1.04007511975877,0.0678781832153554,2,0.482121570482047
249,WP_010970037.1,0.573740837613742,0.158949986037968,1.82831611647322,0.992034464730339,-1.07490113233184,-0.398430501076927,-0.353651287749609,-0.421545003256822,-1.30451348044007,2,0.696457458002726
250,WP_010970059.1,1.94289765322226,0.767795430333236,0.1035336789804,0.0139221562591037,0.229546052136366,0.0998357760582445,-0.848587009207769,-1.451420316096,-0.857523421685836,2,0.73615459908191
251,WP_010970126.1,-0.328912710698588,0.940900530953892,2.01289846954207,0.0964125407051073,-0.0105549718049159,0.160318658739271,-0.661819050516591,-1.24827184560803,-0.960971621312223,2,0.67274106041187
252,WP_010970138.1,1.32396662194476,-0.00445236485633658,0.937775582745876,0.305777658042383,-1.33328929470469,0.30357254457779,0.150589661189843,-1.83289099115975,0.148950582220129,2,0.586694245449822
253,WP_010970141.1,1.41578185842758,0.867381103993407,1.55650372217234,-0.603861586609367,-0.692703054700367,-0.889962064916089,-0.943810083601365,-0.210378471629506,-0.49895142313664,2,0.939366127977697
254,WP_010970168.1,1.29744401623088,1.26863616971491,0.762488284889407,-1.04570824536384,-0.125011509291041,0.164439208896959,-0.0501056174439915,-0.685690081835219,-1.58649222579807,2,0.882830313168838
255,WP_010970172.1,-0.0443515641658323,1.68007423793873,-0.0623586345598683,0.924552751193508,-1.82790065423506,-0.0865215386193453,-0.0416052984949122,0.369148046590385,-0.911037345647608,2,0.335566604183532
256,WP_010970201.1,0.224622414367124,0.975170028429262,1.87037303720283,-1.61328702326999,0.0430468873037153,-0.66983307594168,-0.158510105403265,-0.0223969759406473,-0.649185186747349,2,0.587738525461938
257,WP_010970247.1,0.797440481921186,1.22794902359853,1.04876078582742,0.508882407573709,-0.240347854645875,0.0971639207421824,-0.866821422069393,-1.71578470028068,-0.857242642667075,2,0.789146901683455
258,WP_010970268.1,0.876575459045585,1.49766927238914,0.957629329120774,0.287375624939108,0.0847707892196159,-0.832717197591729,-1.47845605270579,-0.953829440040557,-0.439017784376151,2,0.909556024590239
259,WP_010970372.1,0.781196960083027,0.989049695231172,1.32478470404861,-0.357321113199222,0.214583402867888,0.468373398772202,-1.51980096684729,-1.22146674201924,-0.679399338937144,2,0.864679288846906
260,WP_010970486.1,1.46116267102202,1.55380276413699,0.609992865976152,-0.0186806202998178,-0.34064436767512,-0.685241479921827,-0.868833848383969,-1.22529100979881,-0.486266975055618,2,0.955029757833204
261,WP_010974962.1,2.0541611578165,0.362704561788978,0.563217704456399,-0.305550987026832,0.456602922238805,-0.27898719037198,-0.845416249513625,-0.668883870328267,-1.33784804905997,2,0.858784285694521
262,WP_010975069.1,-0.0334774312098827,1.49925729293604,1.45603326218225,0.419341629278552,-0.179559423905846,-0.0434204071259688,-0.949354319548709,-0.794639164980626,-1.37418143762581,2,0.734692198205173
263,WP_010975078.1,1.64806837530125,1.06737685566589,0.397459008906535,-0.241435302157338,-1.02994087863141,-1.34370088137221,-0.933750277495263,0.436019205307151,-9.61055245977996e-05,2,0.481823905110001
264,WP_010975087.1,0.475774844071643,1.25884999976046,0.851105555006962,-1.43557296886225,0.638703828935289,-0.252852561419294,-0.0348130928752926,0.199086747726172,-1.70028235234368,2,0.645508151497287
265,WP_010975090.1,2.00557712621677,0.328485433967967,1.21761229737426,-0.363142340597926,-0.636823359491789,-0.879979497667131,-0.860723384715169,-0.458829503420511,-0.352176771666476,2,0.913098146339076
266,WP_010975154.1,1.60951553559186,1.10125820100847,0.240150827919576,-0.824123711716948,-0.245613813750822,-0.46379301909065,-1.65888735451482,0.569824011777022,-0.328330677223695,2,0.722854356500229
267,WP_010975172.1,-0.315163428694065,1.27152829214475,1.84120890054205,-0.187248725321997,0.292671854369632,-0.289179751275701,-0.744121229026685,-1.37524321377334,-0.494452698964641,2,0.733964162035123
268,WP_010975182.1,-0.243251386512551,1.16207316396975,0.379999043785012,-0.914987160235415,1.06034963326444,-0.674717391440334,1.17584847192963,-1.58685805335473,-0.358456321405804,2,0.352843203693184
269,WP_010975198.1,1.25420858572192,0.590908480401854,1.23477361972947,-0.466070158485867,0.819553270438343,-0.397109539744937,-0.587180021827227,-0.939279098326058,-1.5098051379075,2,0.873219286177202
270,WP_010975229.1,-0.242957332410989,2.32644153237104,0.799362522092983,-0.377498435399792,-0.486826602050631,-0.823497548084506,0.0255700259082487,-0.402416361128635,-0.818177801297718,2,0.592108876923816
271,WP_010975243.1,1.15638928860971,0.949300789918988,0.895108989061684,0.00621527623082817,0.242443563158627,0.429701130464055,-0.884756349934799,-1.51921396589296,-1.27518872161613,2,0.765469000157563
272,WP_010975250.1,0.358472857336906,1.35821229302403,1.01236669954617,-0.241398383582543,0.508761517092077,0.441496842618561,-0.540398810427722,-1.44578933323845,-1.45172368236903,2,0.601209754504518
273,WP_010975290.1,1.63325555344472,1.27005583999574,1.01467757174359,-0.732496989236846,-0.460630471797844,-0.587377355998526,-0.507411205608993,-0.744027929092692,-0.886045013449156,2,0.977758279947231
274,WP_010975322.1,-0.993394219888297,1.33018575146323,1.59838498314104,0.315886515993893,0.211175904488846,-0.118820577881515,-0.664947108702359,-1.42218237540457,-0.256288873210267,2,0.459323437961371
275,WP_010975323.1,0.289918669980115,0.174427603757484,1.15952553699355,0.687566005010086,0.379549015073227,-0.984778705962701,-0.822638919988965,0.952372324985047,-1.83594152984784,2,0.474169311912
276,WP_010975336.1,0.632911063221923,0.8263206083458,1.36127798019444,0.607354612499486,-0.771392496965298,-1.90662291548787,-0.591606424693333,-0.304825281688569,0.146582854573417,2,0.560485899139376
277,WP_010975369.1,1.64474141952525,1.37616299244471,0.849969035869147,-0.661279973263822,-0.545836187990736,-0.715908592300674,-0.77609014576703,-0.852314348084586,-0.319444200432264,2,0.959673110268547
278,WP_010975397.1,1.94502255498928,-0.990930834862552,0.535316958579558,0.640518298826303,0.0353380372399122,-0.899670591745758,-0.55829473074567,0.409773371861904,-1.11707306414298,2,0.486758909965434
279,WP_010975478.1,1.00358530223991,0.590951601328399,1.20155328232491,0.235647457855442,0.89824611524477,-0.482137476223206,-1.09066225130617,-1.44062987206764,-0.916554159396415,2,0.721299190185649
280,WP_010975489.1,1.52122281182108,1.54435469605387,-0.092230473848067,0.136177676285883,0.00847017380776431,-0.263747444482696,-0.600802195252804,-0.736726828055045,-1.51671841632998,2,0.762758655481479
281,WP_010975589.1,1.13645625329332,0.868804102069127,1.62007128033694,-1.07024438951491,-0.296568487432305,-0.908273849968361,-1.07108101247797,0.0659631562064996,-0.345127052512327,2,0.846466163049411
282,WP_010975634.1,0.965807991041166,0.817095807474584,0.110014217511872,0.120723042409796,1.34960253370927,-1.06255866984384,-0.898591198786935,0.202289928058441,-1.60438365157435,2,0.476547902759645
283,WP_010975673.1,2.3895026520112,-0.0567926851368134,0.364910119473958,0.133510732553693,-0.0628481439293321,-0.794903778889608,-0.663605474298414,-0.33698750097595,-0.972785920808739,2,0.771502114870997
284,WP_010975698.1,0.453817113727723,1.42396336075928,1.69258006165517,-1.01455282038946,-0.985882293376866,-0.193347832748733,-0.484523407692427,-0.785322787117476,-0.106731394817221,2,0.777385585849045
285,WP_010975714.1,1.36452912803318,1.1236471102044,1.39414682600651,-0.802284052259442,-0.991203894859035,-0.458045179822024,-0.54348518403273,-0.867218328998107,-0.220086424272762,2,0.924552966546995
286,WP_010975805.1,1.23757488812353,0.481983958640923,1.56625698832394,0.496581957810576,-0.186423103457475,-0.918808665678155,-1.19537961558117,-0.996436177865161,-0.485350230317013,2,0.925238414780919
287,WP_010975842.1,1.32875359804328,1.00145567382207,0.397037062798146,-0.307585431694391,-0.205119130580281,1.06179121806333,-1.42570022210241,-0.745404199211767,-1.10522856913798,2,0.69801077642114
288,WP_010975884.1,2.23348389550613,0.049241407234827,0.491335882832378,-0.101986468874176,-0.217211632071025,-0.61291360879068,0.111743834155677,-0.522136121491638,-1.43155718850149,2,0.767340104799847
289,WP_010975913.1,1.25341891682836,0.707342785430218,1.01165966222499,-0.828131943064301,0.102296277558451,0.0795787595096171,-0.314181947835156,-2.02574735367559,0.0137648430234026,2,0.810154294828246
290,WP_010975930.1,1.10686755910911,1.37276381872135,0.49613457959392,-0.535492947875706,-0.087562511751278,0.685209321777219,-1.27474550804192,-0.289592839283526,-1.47358147224917,2,0.802607017355156
291,WP_010975935.1,0.725253351108022,0.374097256356885,1.52589995042898,-0.0280710062189722,-1.00685512599341,0.90432515208133,-0.00143816317321607,-1.4272784870987,-1.06593292749091,2,0.702792702799749
292,WP_010975940.1,1.5358498705277,0.016448574219616,1.64230732725159,-0.134981536469192,0.0925081175547186,-0.399853902296987,-1.0973790476544,-0.524568899267348,-1.1303305038657,2,0.927500135722253
293,WP_010975981.1,1.10362841227578,0.174599169007033,1.17777140766331,0.383561591634797,-0.0398193050887754,0.540828877385229,-1.0846288424028,-1.90325050758631,-0.352690802888253,2,0.587266763898524
294,WP_010976042.1,-1.1564989764652,-0.372102828441213,2.27866224764383,0.217139021013428,-0.444049612807343,0.0718946236033709,-0.974292496238914,0.364394309343173,0.0148537123488675,2,0.318530369540971
295,WP_010976088.1,1.28064625048912,1.11090007295368,1.20264549928018,-0.642297929034532,-0.143020401501577,-0.0991935408549591,-0.784174182613938,-1.58240351466786,-0.34310225405012,2,0.961484721852355
296,WP_010976167.1,0.811273000890608,1.04814901478581,1.83076922792165,-0.300328289001707,-0.59919495333602,-1.01222045474457,-1.03818320909414,-0.188663366475863,-0.551600970945757,2,0.919916335136992
297,WP_010976170.1,1.58478010390952,0.396744099202008,1.15385209466408,-0.242061825286022,0.263028144045847,-0.757092235462472,-1.67420868348451,-0.703774166247524,-0.0212675313409341,2,0.895572060544538
298,WP_010976195.1,1.25641738535597,1.13301521877601,1.3995904349384,-0.599181232386396,-0.445108000444313,-0.373090682826498,-0.275611385832641,-1.37194980097213,-0.7240819366084,2,0.970468153702604
299,WP_010976236.1,-0.863551044999073,-0.585625470370693,2.25311708741211,-0.371937341336362,0.157044239559804,0.633251113954775,-0.168161017159279,-1.11311375037383,0.0589761833125424,2,0.354346559511717
300,WP_010976263.1,1.17459472598902,1.45611024998564,0.615402895087474,-1.10202369563156,-0.652433045344548,0.797473552486922,-0.825217906497194,-0.516588398714478,-0.947318377361276,2,0.854980809011744
301,WP_010976315.1,0.775831879673402,1.44336098831524,1.2374741237092,0.363978412088241,-0.472387671331707,-1.29696576526595,-1.14768956753661,-0.351150416129826,-0.552451983521994,2,0.895039816032944
302,WP_010976339.1,0.939304501525292,0.826315127869565,1.40426646467753,0.437375997634616,0.0460130575823607,-0.158484928317857,-0.902478849408353,-1.48311346787982,-1.10919790368333,2,0.87288171908943
303,WP_013843958.1,1.82342828859448,0.257997401245773,0.883821752506694,-0.34161001033692,0.39313471788903,0.221123704162953,-1.06551769166033,-1.00771508071672,-1.16466308168497,2,0.857308635394547
304,WP_013844065.1,0.79887757736545,0.45236578711208,1.79090047871674,0.323863105343323,-0.308114087812027,0.106367803259029,-0.638833187639968,-0.996537326824577,-1.52889014952004,2,0.849407596220489
305,WP_013844102.1,-0.0226007236692808,-0.404602550028394,1.02716259396992,0.440010975345351,0.98148100858258,-1.34148076215704,-1.78336964530319,0.684148868639789,0.419250234620263,2,0.329804839779698
306,WP_013844471.1,1.80554071245915,0.266984714456841,1.01256011970276,0.620342609630015,-1.04113461102462,-0.243803278945654,-1.11888013592308,-0.740944976373081,-0.560665153982332,2,0.871777584461493
307,WP_013844825.1,1.43261176612101,1.71377708921763,-0.419036452822608,0.0299080507738589,-0.853944690427013,-0.384052981210979,-1.06817973532311,0.372221575715936,-0.82330462204473,2,0.652150729732726
308,WP_013845059.1,1.33501148621935,-0.609584522260188,0.750384261828842,0.940851295620673,-1.62422614899476,0.37267262745643,-1.21811648652405,0.286950666053652,-0.233943179399954,2,0.449278672295408
309,WP_013845460.1,1.94805705282466,0.205632559598793,0.280019539732764,-0.305355528241797,-0.0511555036641663,-0.562967555296041,-1.09805410784205,0.882613937199047,-1.2987903943112,2,0.669508616397105
310,WP_013845572.1,-0.184920821264011,1.89633793797933,0.709211169631322,0.372953446247971,-0.885830015738233,-0.856338155703953,0.606515122279903,-0.345540225788942,-1.31238845764338,2,0.505716736165934
311,WP_013845873.1,0.859556440425894,0.0577843388269313,1.37772541196315,0.110972373252754,0.0492124103914418,0.898086344300489,-1.8081467725446,-0.966501063086841,-0.578689483529213,2,0.570088818285936
312,WP_013850162.1,0.84355615284133,0.534691264180088,1.85816031955687,0.0332454542933667,0.274247560441753,-1.37760139498011,-0.78781789858733,-0.639777097094229,-0.738704360651742,2,0.887559915388862
313,WP_013850559.1,1.22570807231977,1.3488579751454,0.0854068943563227,0.878684921980037,-0.542927554763535,0.0221558627412624,-0.447742405466148,-1.50899864711202,-1.0611451192011,2,0.576204430432261
314,WP_014526639.1,1.70733918457066,0.927336928440009,0.661499780662178,-0.440766437873285,-0.170338605932833,0.175872350432002,-1.40162151177137,-0.227723081424306,-1.23159860710305,2,0.928692322280061
315,WP_014526652.1,1.14433385226431,0.914742267655758,1.66375997165657,-0.0606997478124864,-0.4269739749345,-0.670705485597565,-0.997723384831003,-0.44644434579877,-1.12028915260231,2,0.979515403479007
316,WP_014527856.1,1.66727600074597,-0.542626349788119,1.54555162551076,-0.221518138177468,0.199680127030854,-0.352561377779736,-1.04837520585096,-1.09628521665813,-0.15114146503317,2,0.799250892538227
317,WP_014528694.1,0.489938089390229,2.16396969966493,0.619025197789247,-1.11127491883567,-0.565372565742923,0.0164039918563976,-0.655291931964493,-0.124125886167661,-0.833271675990056,2,0.752296296562231
318,WP_014529109.1,0.769577412530066,-0.304516470024258,2.15784184124609,-0.439949261316272,-0.0956340755278917,-0.269244046702677,-0.11570629771565,-1.52983287706198,-0.172536225427435,2,0.72785317472875
319,WP_015243320.1,0.65985776180308,0.729249812858665,1.47817908992428,0.422572394221223,-0.165305975994224,0.376847612926317,-1.53481691828714,-0.658890473971619,-1.30769330348058,2,0.757416837147159
320,WP_015243488.1,1.82469275584238,0.968937331363835,0.617851441770716,-0.530380208935949,0.389424368142548,-0.528064306588511,-1.10918720032643,-1.00901881166501,-0.624255369603576,2,0.946308695090816
321,WP_015445392.1,0.744051052039684,0.0838565725239176,2.27685812442591,-0.747822081037397,-0.608569358171785,-0.742731487040158,-0.654433772780185,0.201271539969139,-0.552480589929127,2,0.683369795907531
322,WP_015445411.1,1.01932917540827,1.24983742580434,1.57766689799341,-0.305069578106058,-0.312718238083393,-0.603264173418973,-1.03162930282511,-0.696741299546147,-0.897410907226332,2,0.987796638036929
323,WP_015445437.1,0.414545266112847,0.766076307585515,1.35338169812285,-0.163235118175044,0.851389570978886,0.259473274031186,-0.646547182670005,-1.14011838166567,-1.69496543432057,2,0.551028076731137
324,WP_015445481.1,0.91887254604901,0.398176498537613,1.30552124457407,-0.843354350572163,0.709543262452366,-0.559186116240351,-1.8724520051786,0.330359900546666,-0.38748098016862,2,0.746277586973285
325,WP_015456662.1,0.355815269659013,1.18183241603964,0.277689914283943,-0.702676774764418,1.67883911982434,-0.415264634913038,-1.11803056249132,-1.28990637523355,0.0317016275953795,2,0.454124015228163
326,WP_017264193.1,-0.417460645411427,1.03861358341386,1.47766117013149,0.00911200845148377,0.309506080809065,-1.47248826358535,-1.22897929084368,-0.469823408558689,0.75385876559325,2,0.485285725871333
327,WP_017271814.1,0.0369307652558142,1.43622285043395,1.03453176914048,1.02083596957239,-0.481997761445387,-0.321179072245467,-0.149453834912929,-1.56008251831435,-1.01580816748451,2,0.550543413568609
328,WP_017277583.1,1.16135807207533,1.130186872116,0.490834330798705,-0.247418985040467,-1.5835844398547,0.665944158431127,-1.40268254344848,0.147648254904774,-0.362285719982273,2,0.680704193015424
329,WP_033052152.1,2.33304007490452,0.0812755193779795,-0.619236748579665,0.0012156331708973,-0.722824573337161,0.227708631529175,-1.16603660321019,0.26691599426937,-0.402057928124935,2,0.503088751654092
330,WP_041169975.1,-0.424525804649121,-0.229664297737989,1.60299501626445,0.423947098246132,0.164413400423181,-0.371658467990668,-1.71631501761896,1.21218421293458,-0.661376139871605,2,0.378225374579784
331,WP_041170110.1,1.25578822807354,1.7067659483718,0.652484213764413,-0.576753733848938,-0.982151175357223,-0.337640774707263,-0.430527317597002,-0.0703268791832535,-1.21763850951608,2,0.875065573255244
332,WP_086024517.1,2.04447452900809,-0.887242308773013,0.560681225137273,-0.936717842281436,-0.229716319965969,0.750740175012367,0.187332069431655,-0.544443970782087,-0.945107556786876,2,0.517781912009782
333,WP_164826907.1,-1.10835954256003,0.612905831526303,1.49481263517227,-0.872065920283975,1.12422444949512,-0.199172145140049,-1.07159317700453,0.698417970751652,-0.679170101956762,2,0.361206856329752
334,WP_234826228.1,0.349141104384863,1.37822694221402,0.975981260190303,0.594759965438131,-0.0862522626683376,0.412524672527816,-1.1084951202774,-1.48276772616003,-1.03311883564936,2,0.518265078660518
335,WP_003525578.1,0.973680857999239,0.94409287671592,1.11129199932121,-1.2947624354744,-1.45924037428094,-0.693151603459564,0.657405998839717,0.179167294918733,-0.418484614579913,3,0.830949849175598
336,WP_003527204.1,0.0811702808823161,0.438334650360542,-0.386549829458242,-1.04233859179441,0.137328370674718,-1.68764366735607,-0.145477033714428,1.67925041489773,0.925925405507851,3,0.521830223324263
337,WP_003527360.1,0.333123597126787,-0.837710454150393,0.700600506523003,-1.48005872592214,0.248963875401658,-1.09986253840463,-0.357266102736349,1.26824459853894,1.22396524362312,3,0.546713314467483
338,WP_003527719.1,0.64704886953937,0.743255200850101,-1.42097428604656,-0.28202671525682,-1.13931813956321,-0.312413996621704,0.8481695197078,-0.63626202895932,1.55252157635033,3,0.43808241019709
339,WP_003527931.1,-0.269932774711804,1.15772867258775,1.84398939378399,-1.11763724210243,-0.903457184001526,-0.20596307103413,-0.942212293847384,0.000482417952453973,0.437002081373076,3,0.492797487770151
340,WP_003528572.1,1.30030012999278,0.129269383793756,-0.495998237941365,-0.682028610942222,-1.2523988237163,-0.800491460303442,1.35095243372,-0.624961786129073,1.07535697152586,3,0.663256988074466
341,WP_003529163.1,0.417749644527998,-0.205716421320682,0.530176268028276,-0.207875760331439,-1.69424472568897,-0.359586763900618,1.91798082707993,0.392811723263516,-0.791294791658013,3,0.484764585174461
342,WP_003529193.1,0.675483125754628,-0.0389224443376163,0.976334230866056,-0.550832468240158,-1.50652271936942,-1.17583174119878,0.327426248039876,1.56578395118238,-0.272918182696965,3,0.811231101103108
343,WP_003529696.1,0.15214070784688,0.734732830412209,0.382938884784585,-1.76807204145538,-1.07182382658833,-0.203962788777034,-0.497118545665606,1.40730948543574,0.863855294006934,3,0.831093634039387
344,WP_003530069.1,0.512642626540392,2.10299903544704,-0.100906543193844,-0.956264679219109,-0.165759054649111,-1.37106916526521,0.418758573076613,-0.544489183867511,0.104088391130739,3,0.542945762425491
345,WP_003530325.1,0.738448887511103,0.906174126709782,1.5402460779946,-1.33938168598307,-1.17428669693579,-0.861508810800121,-0.192848633457392,-0.15156780851812,0.534724543479002,3,0.832642409842908
346,WP_003530542.1,-0.270682905428981,-0.0372319452274674,0.801406912365176,-1.15945707057643,-1.38217265610353,-0.834654647238921,0.408763195251796,1.46527295619717,1.0087561607612,3,0.745289850964664
347,WP_003530975.1,0.573040715655527,1.20563872129767,0.0854197083927397,-1.0717314842977,-1.01740371201107,-1.33710238938826,-0.0705526250328352,1.4876814648373,0.14500960054663,3,0.886006034366486
348,WP_003530983.1,-0.504232829690723,1.21435113486254,-0.55731116828247,-0.594977914975465,-0.165536888592951,-0.553444459512599,0.166411851293915,-1.04379109265752,2.03853136755527,3,0.444256569166148
349,WP_003531074.1,-0.598994562596953,0.303017337315822,0.784932605915163,-1.26876790563558,-0.659772646396735,-1.41056060961021,1.04857284517018,0.603990155991657,1.19758277984666,3,0.699000970349071
350,WP_003531186.1,1.94041088026722,0.474075236395822,0.519932385347316,-1.38512712119789,-0.688920296858861,-0.827564571266394,-0.672895201430874,0.364946721196478,0.275141967547187,3,0.640326692133725
351,WP_003531244.1,0.401285271832119,0.872131640394285,0.147733104832784,-1.44993900936245,-1.23777809804223,-1.174407465667,0.787787992185907,0.993563320919138,0.659623242907437,3,0.949023490890923
352,WP_003531653.1,0.964131933803857,0.870989190633246,1.25735396066511,-0.692714138146424,-1.96118190441932,-0.234464457986973,0.35876539524494,-0.458496471702671,-0.104383508091762,3,0.610802626875777
353,WP_003532293.1,0.183207966968854,0.165591808992364,0.514221092523921,-1.07810123410578,-1.3047940243541,-1.36949927592001,0.860014277367176,0.754392778780699,1.27496660974687,3,0.896325597445488
354,WP_003532349.1,-0.791546879950549,-0.00564862007322447,0.89271912151548,-1.45597383967164,-1.06948025360308,0.586899802711195,-0.448450352545639,0.879446845825741,1.41203417579171,3,0.519456714991687
355,WP_003532482.1,-0.241933201666716,0.43760285182457,-0.0567944989684633,-1.00602042885347,-1.09631057373444,-1.10355927610955,0.6145689453267,1.90812787727619,0.544318304905171,3,0.510516194237495
356,WP_003532668.1,0.116921053272422,0.922750663591532,0.689198254683763,1.14819513765056,-1.0999611042489,-1.38960170364427,-1.30956756048087,0.287053206128157,0.635012053047607,3,0.370199489319594
357,WP_003532981.1,0.425332991990371,-1.35600552379888,1.31994710729791,-1.55309455906545,-0.639594072454802,0.014350841581864,0.168381868922276,0.616646583973484,1.00403476155324,3,0.553021392605171
358,WP_003533078.1,-0.639130366765758,-0.0627906890828537,1.10322448274259,-0.933646688528994,-0.845086622154544,-0.928705179505507,-0.294968753307027,1.7760661026923,0.825037713909798,3,0.624388698268018
359,WP_003533097.1,1.64586151582604,1.09882172647008,-0.209734147454374,-1.54867360443924,-0.698411412375244,-0.0698068356371878,0.796350970622594,-0.509846406818971,-0.504561806193695,3,0.47035812049259
360,WP_003534713.1,1.2239302472286,0.454176565048746,0.87270959622738,0.117125121131245,-2.23987298920576,-0.607801428129768,-0.0931590162873361,-0.0733287874004612,0.346220691387346,3,0.670550278992104
361,WP_003534723.1,0.501288722165381,-0.595189341471502,0.995315272563457,-1.19035948189962,-0.839466817868739,0.605554045607842,1.22457741640441,-1.39241058772884,0.690690772227602,3,0.437600392777319
362,WP_003534956.1,-0.316447565771338,1.46008592357533,1.0494088594104,-0.15704498842497,-0.572252227089448,-1.18579598444609,1.24827015269398,-0.458444445909946,-1.06777972403792,3,0.377910742325856
363,WP_003536154.1,-0.115483578433665,0.404335739393376,-0.354027579100238,-0.340727834707515,-0.221380586569695,-0.30048937629161,-0.0842940549206217,-1.35450343387285,2.36657070450282,3,0.395035454704674
364,WP_003536221.1,0.635057039469338,-0.522742201245521,0.216479427028919,-1.14371882109131,-0.587391710060664,-1.60483432672445,1.1010695458211,1.05060640654271,0.855474640259882,3,0.612881337383366
365,WP_003536268.1,-1.25667383828218,0.148544885261474,1.1271836264736,-0.641176170745685,-0.702146458054101,-1.20979624503518,0.759679418927949,0.335329467263407,1.43905531419071,3,0.51789621525819
366,WP_003536285.1,0.447453974764145,1.36352062997141,0.0324865481306565,0.100937455407785,-1.87619596614361,-0.586970927225378,1.26012957272102,-0.688463348010238,-0.0528979396157803,3,0.582049311960403
367,WP_003536886.1,0.574339148737339,0.363219193528832,-0.380546749433297,-0.773918290528074,-1.59991221178496,-1.13976426702522,0.959440403953382,0.896483617079522,1.10065915547248,3,0.760434794342323
368,WP_003537029.1,0.63596805042312,-0.57279547337458,0.300566324258492,-1.29854739376279,-0.810897992313038,-0.193250473776786,0.346645932637876,-0.509235737134778,2.10154676304249,3,0.605650115363584
369,WP_003537160.1,0.745587513949553,0.104003929262346,0.503268923868417,-1.76942649875638,-0.715367751702762,-1.08087605943911,1.10086349512171,0.0368510150672786,1.07509543262895,3,0.883809178810358
370,WP_003537532.1,-0.109060723136281,1.21033254166281,0.164587567702339,-0.584914041616525,-2.11186010454912,-0.126360507021399,0.235357913316997,1.27289871576558,0.0490186378755973,3,0.736262988821781
371,WP_004435511.1,0.121773024036472,0.809143830642055,0.0348961205230815,-1.0984511582982,-1.40606911302035,-1.21388416860666,1.14939811534399,0.983075729774917,0.620117619604692,3,0.857689837368912
372,WP_010967088.1,0.573987281329214,0.166119543680257,-0.725371084351079,-1.16710761523367,-0.579163268104152,-1.07899156138925,-0.0964614752286639,1.35251966622904,1.5544685130683,3,0.549864462621351
373,WP_010967122.1,-0.0389875501131046,0.314138255649786,0.640917309329052,-1.3939512017973,-0.925655627432579,-0.916040222933155,-0.196031302695209,0.6888683618709,1.82674197812161,3,0.854621376310926
374,WP_010967562.1,-0.0370867787993396,0.0646858867783055,0.187012716546632,-1.15666027666006,-1.21688041944889,-1.17104027454318,1.00133527139981,0.997688475982188,1.33094539874454,3,0.655128461393441
375,WP_010967626.1,1.43275677394472,0.621152989139009,-0.65019384724155,-0.34495138240939,-1.8249675739815,0.178635664156529,-0.597672701223583,0.0459910648189075,1.13924901279686,3,0.602170746487646
376,WP_010967627.1,0.966424175544137,1.12895594440931,-0.0183679194200961,-1.8473362438907,-0.325787273595627,-0.913685833914996,-0.474400020703213,0.506451542918803,0.977745628652381,3,0.841588517013633
377,WP_010967635.1,0.287960989686498,0.88366387879299,0.449599963720784,-1.34121589699908,-1.54993117033588,-0.972341250698113,0.771149882466004,0.970846526463113,0.500267076903689,3,0.960205135568811
378,WP_010967653.1,0.623655201021068,0.672690682868131,1.29426618727069,-1.67744229442666,-0.639347628092729,-0.984139576108376,-0.62272835012685,0.577047737681641,0.755998039913084,3,0.879112725147232
379,WP_010967688.1,-0.794092307814505,0.847025633966363,1.10701445094504,-0.12335256855177,-0.538474535015613,-0.246096154977656,-0.0132689796307045,1.4668239546978,-1.70557949361895,3,0.301685606367044
380,WP_010967780.1,0.138121820281164,0.278109097328649,0.166856692152986,0.0535389598431831,-2.08647482165565,0.356132177229796,0.659308349855886,1.41378655327328,-0.979378828309298,3,0.430791854362297
381,WP_010967790.1,0.211475886712521,0.513466771119871,0.17212390559482,-1.33306013289397,-1.12993167172137,-1.21217878190318,0.441057882177788,1.49517770278309,0.841868438130426,3,0.876686568544023
382,WP_010968125.1,0.64093500232852,1.44484555764071,0.77801441757016,-1.65761454745135,-1.17973411280407,-0.747964127727887,0.342154053162903,0.124949831166624,0.254413926114385,3,0.919718866700727
383,WP_010968221.1,1.04868519311431,-0.9573258752632,1.07548019014435,-0.532035911874404,-0.882946387570467,-1.44211675005321,-0.1319583477427,0.851444818936443,0.970773070308877,3,0.746354332702727
384,WP_010968299.1,0.448910831888318,0.690525642271499,0.111254579724276,-1.42741984136053,-0.826079883257331,-1.4801897113509,1.23580050022533,0.407468531646731,0.839729350212611,3,0.89173333073076
385,WP_010968381.1,0.89962601469014,0.872832145089388,0.51830453135793,-1.20720703744663,-1.2182306053995,-1.29065645170825,-0.25371675135844,0.640784002806329,1.03826415196904,3,0.968135649396168
386,WP_010968382.1,1.10762601053887,0.0332176100766973,0.224222349211031,-0.742738969502249,-0.896391110873271,-1.16386632290637,0.630759600390659,-0.878678690593676,1.68584952365831,3,0.74912157335073
387,WP_010968392.1,1.25259097786733,-0.349135563347226,0.826528562998214,-1.63880313803149,-0.75564104011415,-0.257379907189449,0.873776902006604,-0.85301346475437,0.901076670564533,3,0.695608459666879
388,WP_010968442.1,0.613252816319974,-0.155843363484422,0.91026363736685,-0.745774629238,-0.0974638120529714,-1.08682718771194,-1.13007167374102,-0.229616876727676,1.92208108926921,3,0.585599776232043
389,WP_010968501.1,1.71439820379846,1.1658889626845,0.0737728849142028,-0.701362473566678,-1.05727210824415,-0.672842839900681,-1.11136619556971,-0.0411527783070371,0.629936344191089,3,0.469630230390871
390,WP_010968505.1,-0.00923953822919029,0.837877950143218,-0.101938133740301,-0.740627877126616,-1.27062673925397,-1.48062019616247,0.953008756832012,0.469031652023473,1.34313412551385,3,0.80464660438041
391,WP_010968588.1,1.06951741959067,1.35833212841257,0.952702999885312,-1.32286654789346,-1.48142207271408,-0.046327209153075,0.0210884786731676,-0.228444918044058,-0.322580278757056,3,0.507702645352564
392,WP_010968592.1,0.475195933926065,0.189617877611739,1.00682523514868,-2.07761976308189,-0.474112452120153,-0.811446900959173,1.05838486936143,0.636095185683342,-0.00293998557003809,3,0.8268550385312
393,WP_010968599.1,1.91911239750932,-0.130223087137881,-0.910896518257474,-1.50178945329568,-0.127780207568909,0.1582258982367,0.74816704233127,-0.625971786398176,0.471155714580829,3,0.426065592727568
394,WP_010968680.1,0.453340917505263,0.946932881225888,1.80921819360998,-0.818169241380872,-1.43438763763306,-0.635954252533306,-0.6415086773957,0.283391121471065,0.0371366951307374,3,0.59810154515873
395,WP_010968860.1,0.787553059046846,0.159431675406286,0.60646390919127,-1.18885965816066,-1.27059924255476,-1.37678887261836,0.294935137804484,1.00803101248939,0.979832979395502,3,0.96439195342464
396,WP_010968863.1,-0.555968362674621,0.378345259224689,0.341898728790279,-0.192576364844007,0.376469161707173,-1.78898379110478,-0.931886194719377,0.757215967318698,1.61548559630195,3,0.484894093830057
397,WP_010968872.1,-0.513957616577759,-0.621555957537895,1.98585591196093,-0.136049338392506,-0.393339787493993,-1.37001406129436,-0.0288027305900193,-0.0831628057937745,1.16102638571939,3,0.542883330192493
398,WP_010968882.1,1.79527010291459,0.226530916801571,-1.00679817660474,-0.992746477816677,-0.912351851440452,0.749375863612111,-0.226702427032573,-0.595281050341768,0.962703099907933,3,0.410400698447752
399,WP_010968900.1,0.180360897893522,0.129295651988206,0.787556876171608,-0.207509717357884,-2.06749191606673,-0.872967888067515,1.17093451924478,-0.0564358936483574,0.936257469842372,3,0.783208869773805
400,WP_010968920.1,0.798531703186841,-0.158006933670174,0.3571314971625,-1.23014251123831,-1.09880535154117,-1.39964399393964,0.875628574262607,0.78204538330743,1.07326163246992,3,0.892424203682886
401,WP_010968965.1,1.15568030642025,0.596559146462837,-1.09477875861783,0.0856070116235583,-1.69800001797638,-0.362663790366446,0.603810823569996,-0.500017453460757,1.21380273234476,3,0.540861865560837
402,WP_010969008.1,0.408947507487361,1.12287405391391,-0.735359194659098,-1.60198500003591,-0.983197987541149,-0.418609967697569,1.40266000970622,0.528215488120178,0.27645509070606,3,0.636315472283572
403,WP_010969016.1,1.15692458616901,1.18700012889617,0.745335755270239,-1.12096399127723,-1.28624141047165,-1.19077802431314,0.276324903616381,0.480026862554456,-0.247628810444231,3,0.879071531591524
404,WP_010969100.1,1.10558680340207,1.33250387271689,0.544520179009209,-0.418916800290426,-1.44505523279749,-1.08119613109637,0.401560237350243,-0.932009579519979,0.493006651225856,3,0.647905832017969
405,WP_010969159.1,0.266648505759546,0.431793117925879,0.143024834760103,-1.16988085551457,-1.87227139729388,-0.114591494219,0.0698857050455772,1.51580447208486,0.729587111451474,3,0.785419198555369
406,WP_010969199.1,1.7322325927778,-0.014332174396463,0.687838295729441,-1.83588162390578,-0.754988462657211,-0.424756972726232,0.21946289684977,0.5698965456448,-0.179471097316127,3,0.748078507743377
407,WP_010969270.1,-0.279378920737429,0.434487012753464,-0.0838978657548433,-0.74052542694122,-1.51131100020144,-1.11269904662789,0.976320498202753,1.06328061372272,1.25372413558388,3,0.55369360318891
408,WP_010969286.1,-0.444692031700849,0.564544240249988,0.484759103202251,-0.360692667961656,-2.05269079832904,-0.672416702510977,1.34037887366294,0.622487807780487,0.518322175606866,3,0.652625377102422
409,WP_010969295.1,0.0831076628613702,2.26248467820617,-0.226350508741352,-0.899602452025286,-0.647839094157005,-0.62866151803187,0.761726600790751,0.0777889259396417,-0.782654294842419,3,0.495884746421482
410,WP_010969321.1,-0.649756521750238,0.850532740044208,0.102660962930945,-0.308799301937185,-0.979298575179321,-1.4929500075299,0.0867005646562908,1.78488113781718,0.60602900094802,3,0.571985080072563
411,WP_010969340.1,0.00637421668398861,0.134257872940569,1.13181444536172,-1.83445137957202,-0.967049189570942,0.225511864371071,0.403618743676477,-0.493923734834383,1.39384716094353,3,0.725344554425162
412,WP_010969404.1,1.45027655514357,-0.0468811951535331,1.25121613222381,-0.414660584775365,-1.41710306056349,-0.833147943383586,-0.460678073079829,-0.516695657169111,0.98767382675753,3,0.625740403354585
413,WP_010969420.1,1.37257847940827,0.526682399885722,0.330729253366022,-1.24973802743069,-0.825997377908209,-1.52601982409752,0.101844544148765,0.222845363175657,1.04707518945198,3,0.933821734534012
414,WP_010969460.1,1.02654200593261,1.25536852610845,0.600963332923442,-1.59883818431709,-0.525615402523007,-0.300467179082052,-0.767640760834658,1.0060321966121,-0.696344534819796,3,0.462583308807195
415,WP_010969501.1,0.573565618301134,1.81674418117817,0.449899036087079,-1.38705086279281,-0.976719123821211,-0.0614830527518517,-0.497535102613893,-0.678235384975128,0.760814691388508,3,0.551174814845515
416,WP_010969557.1,0.224549967188907,-0.176357001067057,0.660655953800369,-1.54673098635398,-1.26109479451075,-0.632617139366469,0.27345983724134,1.18985039628275,1.26828376678489,3,0.834427052824447
417,WP_010969563.1,2.06874914174208,0.729870580013539,-0.23416723637241,-0.915197155701048,-1.26101840042792,0.0484128419784611,-0.0978498235083587,-0.733167344699951,0.394367396975608,3,0.441139155312018
418,WP_010969614.1,0.751022466212391,1.27963991711847,0.559381555119945,-0.964973714487795,-1.61379805092267,-1.1585037388691,0.33175459925333,0.695286241174767,0.120190725400655,3,0.950524110534353
419,WP_010969615.1,0.184174164224653,0.439124323743363,0.139319318911764,-0.790866838980119,-1.7261362552439,-1.13646775548132,1.14861222231809,0.971749852795787,0.770490967711694,3,0.819300657214855
420,WP_010969663.1,1.01079191519849,0.0829305684257321,1.410196327225,-1.28737700875097,-0.934715550866286,-1.20501624014605,-0.0585523263156058,0.99798767247618,-0.0162453572464876,3,0.872762454652877
421,WP_010969664.1,-0.851475621983498,-0.373219051191721,2.41653358788577,-0.384686477449675,-0.817675512926637,-0.197367714146468,0.597419111049609,-0.132492466065236,-0.257035855172138,3,0.411055487078196
422,WP_010969676.1,1.47664766222951,-0.261257690536177,-0.784765628739036,-0.978555684557008,-0.517185738730585,-0.889877170661149,0.212685219383865,1.75303033766695,-0.0107213060563696,3,0.509966477066033
423,WP_010969934.1,0.101980035484779,0.856074973526543,-0.830291715048375,-0.879265603723283,-1.32546475650287,-0.768894439496713,0.575366820014958,0.616803584253059,1.6536911014919,3,0.585411788514601
424,WP_010969963.1,-0.544365223009153,1.78799073871957,0.00599970654049844,-1.60447309016331,-0.552071680993383,-0.0666268541967056,-0.377357224575202,1.20850653404306,0.142397093634628,3,0.615512003308456
425,WP_010969987.1,1.99306584013443,-0.926658794118391,-0.281838471825616,-0.970495610485065,0.905914562325952,-0.818815874085822,0.628900554465504,-0.0195238095218031,-0.510548396889189,3,0.294125122946534
426,WP_010970052.1,-0.161329375975963,0.227693560405202,0.498097653238736,-0.787086150650171,-0.430420958632065,-0.553700096824283,-0.712673229071408,-0.491615886682183,2.41103448419213,3,0.577126917029679
427,WP_010970115.1,0.0178687799117028,1.46423463976842,1.41143179922244,-0.901926443330526,-0.381866071496292,-1.65988007113401,0.324221553632757,-0.0805515641758344,-0.193532622398657,3,0.625448848156903
428,WP_010970131.1,0.919260588911658,0.387766802770943,0.495215603861391,-1.21485591001929,-1.59477389294881,-1.10074863223528,0.773779029308567,0.526564056159004,0.807792354191808,3,0.973695201395385
429,WP_010970174.1,1.33243836571194,0.659061129679767,0.735019546766124,-1.18506479353453,-1.38391159121305,-0.37178600400428,0.53671150405168,-1.013327357069,0.690859199611352,3,0.717512494299268
430,WP_010970186.1,0.30839487203691,1.68445613183449,-0.264758346977073,-0.743566203233686,-0.973485283685649,-1.30595553930706,0.649492499066346,-0.439258156133216,1.08468002639893,3,0.794860842142701
431,WP_010970192.1,-0.428565885594671,1.16758102163389,0.257989820866885,-1.5605964212731,-0.458237019010233,-0.890672746472382,0.512079584180313,1.62351220959836,-0.22309056392907,3,0.663515056350807
432,WP_010970205.1,0.19678862928762,-0.283170783934462,0.920679762524851,-1.50105828545464,-0.375512576598459,-1.51178058532698,0.573242156503089,0.812421184921948,1.16839049807704,3,0.799860048387045
433,WP_010970223.1,-0.482229847181038,0.0860837750388681,0.322414126236623,-0.0628084174158614,-1.60541617486235,-0.78627162968627,0.564210896702451,-0.0690737030625251,2.0330909742301,3,0.535607398155827
434,WP_010970224.1,-0.10671777355689,0.147009316415704,2.04494256134511,-0.229677284936862,-1.47170687492739,-0.573353914890002,0.936360820886011,-0.170779909860944,-0.576076940474738,3,0.524612529195615
435,WP_010970318.1,0.53734636552629,0.682223288101445,0.598946248803708,-0.786052373654407,-1.65654670794795,-1.33076919724956,0.706370492790675,0.136486447411564,1.11199543621823,3,0.958856019189922
436,WP_010970325.1,0.607554801432964,0.214498969113308,0.807593343086645,-0.972712264900624,-0.172563883759689,-0.789247562853222,-1.73245374001953,1.37716745192697,0.660162885973179,3,0.557619935889685
437,WP_010970336.1,0.557124344962013,0.905014089083684,-0.29154839765194,-1.15662873335518,-0.95225145317023,-1.06021795103042,0.624681937404838,1.70745211764125,-0.333625953884014,3,0.730719784544224
438,WP_010970387.1,1.67787158900006,-0.534712507787657,0.896886762137798,0.00545248467357502,-1.12491000425579,-1.1946478953843,-0.842205916056564,0.744482730432031,0.371782757240849,3,0.570035689182638
439,WP_010970400.1,0.533392167834668,1.25853752858864,0.886018357502383,-0.980861950895579,-1.28307829057848,-0.874920964236992,0.780130905304113,-0.969894807148818,0.650677053630053,3,0.785694720136554
440,WP_010970462.1,-0.545929496067679,1.37573340438252,1.90326733398468,-0.853203861565395,-0.712170071633185,-0.738654705699832,-0.61992821429423,0.0529658875818844,0.13791972331125,3,0.489896519049632
441,WP_010970525.1,0.227465629161253,-0.215267567970808,0.259961401148152,-1.61605972760527,-0.87289862590229,-1.00105168013773,1.00424203182174,1.09972014914806,1.1138883903369,3,0.639962242973066
442,WP_010970580.1,0.983112185385934,-0.0353104670242209,0.176662033493513,-0.819604623105004,-0.936842780185009,-1.35537680123326,-0.571347697008761,1.36488135988982,1.19382678978698,3,0.824441562100332
443,WP_010974938.1,0.797104147634667,-0.171324973893543,0.184269654414929,-1.11270513497998,-1.3962485418679,-0.428804466315709,-0.350702516225083,0.632754520321148,1.84565731091148,3,0.796898911236216
444,WP_010974967.1,0.409722412603917,1.02293508305059,-0.456685428319689,-0.26041003403913,-2.04890867092133,-0.609439232261924,0.623167276271888,0.0763371877547858,1.24328140586089,3,0.752899175298007
445,WP_010974979.1,0.0617836858430243,1.50682480363239,0.148506067388179,-0.442976186139628,-1.22973077753883,-1.61933333279879,0.392715926908315,1.10094104962254,0.0812687630827982,3,0.831528946772177
446,WP_010974994.1,-0.0114056474271511,0.596134219506048,0.157128011888513,-1.47801461959667,-0.402689646035744,-1.01215448611158,1.68980172496857,-0.571546594013553,1.03274703682156,3,0.640128473491577
447,WP_010975028.1,-0.321720081881759,0.756002327419816,-0.0295683415003473,0.0938343816983225,-1.48230886863117,-1.61920074790001,0.544348661282298,1.23051309562722,0.828099573885624,3,0.629271989880684
448,WP_010975080.1,0.782453450362322,-0.254214165129313,0.0261689197320454,-1.79965727141665,-0.451834187846223,-0.763454300969855,0.514343613391004,0.218680221379409,1.72751372049726,3,0.712064567591852
449,WP_010975083.1,0.666329709899604,-0.150063653209296,0.299936877864424,-1.2671141340866,-1.11514180018732,-1.27421080394037,1.20203649528964,0.515794714923462,1.12243259344646,3,0.838913380703168
450,WP_010975084.1,0.666610955417325,1.29952565058643,0.402583397390317,-1.5308919769281,-1.22633034757237,-1.03755667673123,0.728335322588335,0.407461309765116,0.29026236548417,3,0.956292462110396
451,WP_010975085.1,0.885221961035951,0.531138858006587,1.08933954497554,-0.620423704798552,-2.12518936736278,-0.613256270755491,0.645407078065166,-0.022692100789401,0.230454001622985,3,0.87044457133838
452,WP_010975088.1,1.97443781599419,-1.02146468873877,0.333498203019714,-1.13918056824758,-1.06059164071377,0.0989669428130222,0.492887803801714,-0.170939791977942,0.492385924049425,3,0.563087650302205
453,WP_010975089.1,0.450450365701607,1.36656039862551,0.576392293237643,-1.12134108580887,-1.27127765142804,-1.29970425527918,0.754189363241202,0.670754496807015,-0.12602392509689,3,0.924469641693967
454,WP_010975092.1,0.64253415270398,0.240780429646983,1.21298548837598,-0.562969251447191,-1.20539596351612,-1.33744502273611,0.558817783037889,1.2464555713709,-0.795763187436313,3,0.751108827189223
455,WP_010975112.1,-0.109587804408911,0.0557132661908507,0.692781313369675,1.46190883223141,-0.879865784215368,-1.98109877065979,-0.243980015678428,0.731393165413401,0.272735797757164,3,0.418470562325421
456,WP_010975202.1,1.62775726730612,0.158288441014988,1.21498626996149,-1.3247186490416,-0.502431271981686,-1.01951523696532,0.419570002923066,-0.767432086361847,0.193495263144792,3,0.537225999560744
457,WP_010975207.1,1.63910092013825,-0.00424981655788916,-0.793456281071945,0.96202375801172,-1.46272583456195,-0.759219240755515,-0.669077574858535,0.58368123828515,0.503922831370716,3,0.411048545560136
458,WP_010975217.1,0.645010815503134,0.820378588141622,0.368419214475232,-1.4666903988982,-1.18353668141264,-0.537134554063479,-0.0152546128542174,1.6838296759376,-0.315022046829067,3,0.830287075708804
459,WP_010975225.1,1.03510459125167,0.979591060132953,0.702569809699205,-1.35241587072059,-1.44333192364922,-0.992400925598642,0.187383664489012,0.718211161478311,0.165288432917304,3,0.961851477055542
460,WP_010975278.1,-0.485182388681094,0.00470385954068044,1.58261792139423,0.0364588547326113,-1.08816090913694,-1.50865107083643,0.297136616591376,1.30029711788109,-0.139220001485535,3,0.630624339295042
461,WP_010975344.1,0.174625239019249,0.359488155440003,1.31244880557903,-1.39735195723619,-0.0646115659572953,-1.72704753287145,-0.172967044240183,0.749589351072519,0.765826549194317,3,0.833071178099718
462,WP_010975470.1,0.276332611645893,0.463560517617366,1.3723222520573,-1.55028989373957,-0.354585441730992,-1.08983263291017,-0.111519328081167,-0.39802264773309,1.39203456287443,3,0.811839562796763
463,WP_010975498.1,0.286832940085551,0.825097919892998,-0.458679488658558,-0.00814817601713959,0.817615090569244,-1.36583235716271,-1.70401687882922,1.18917284534154,0.417958104778295,3,0.302998791685332
464,WP_010975666.1,0.0529648693801987,0.746324490514527,0.0210409044275332,-1.50490716126271,0.0726095589070454,-0.903288587873078,-0.984206136627532,1.61131556658742,0.888146495946588,3,0.634936844661077
465,WP_010975769.1,0.604309225099664,1.58461713878645,0.489306883021955,-1.86250422441385,-0.449403981980039,-0.773027102914206,-0.0949288950119602,0.741270638484591,-0.239639681072606,3,0.765262412222761
466,WP_010975917.1,1.16556898275273,0.733741915752381,1.0828432544146,-0.875736530429122,-1.53232348791342,-0.880078520218098,-0.226241549458548,-0.385130776410802,0.917356711510271,3,0.838195787087291
467,WP_010975956.1,1.28335115482497,-0.515319786067898,1.2601501329892,-0.45654448355613,-1.0414354163182,-1.1899302273295,-0.683719023535868,0.213125448929376,1.13032220006405,3,0.721263881492418
468,WP_010976006.1,-0.310322666661129,0.102809683917762,1.21118620088864,-0.0272583390036023,-1.80753164990453,-0.837411262260783,-0.424254607337237,0.837674847581647,1.25510779277923,3,0.743390383138515
469,WP_010976012.1,0.824364412165486,0.660766884709781,0.264949037815975,-0.581516422742456,-1.72989423297007,-1.16736339623897,-0.264628439237365,0.818496939488926,1.1748252170087,3,0.933263280357883
470,WP_010976071.1,-0.417836886459744,0.0685289170208513,1.46613073614296,-1.25501603871305,-0.338047540331024,-1.56652882395132,0.394850120253178,0.740004853374791,0.907914662663366,3,0.78492327115205
471,WP_010976146.1,0.253998135814635,0.595276754975036,1.06602969390718,-1.31458782123239,-0.725643285834953,-0.799337019025331,1.60242994799168,0.274649499091677,-0.952815905687526,3,0.652311222720469
472,WP_010976148.1,1.19348488931631,-0.0332432411879032,1.13732960246789,-1.44224592542767,-1.22658395754229,-0.797890482827211,0.954640694657872,0.357667425978373,-0.143159005435378,3,0.868490723462149
473,WP_010976184.1,0.787777961497564,1.15663958392451,0.173510393979854,-1.60286729835633,-0.907284005937138,-0.962056414735816,0.0197340575659792,0.0337553255233168,1.30079039653806,3,0.93065810367417
474,WP_010976222.1,-0.376945875877318,0.211335070028254,2.06997576715626,-0.929083077022644,-0.866940679792379,-1.17054560070116,0.115208766049837,0.675757162288215,0.27123846787094,3,0.774469871051455
475,WP_010976234.1,0.165461019206143,2.01438309433364,0.146520605319991,-0.911912033429141,-0.224405986994141,-1.63756263444578,0.0406036124399582,0.553759354946382,-0.146847031377057,3,0.666177745105748
476,WP_010976285.1,1.21630928971698,-0.5857563080862,0.645290825105721,-1.30910844703919,-0.214359676622824,-1.23343203733215,0.328793897787219,1.50026639448892,-0.348003938018478,3,0.656244440522504
477,WP_010976325.1,-1.51835715911644,0.727288487041734,1.61781771339202,-1.32215100143147,-0.320518046620371,0.177577104062188,-0.338169355438791,0.294847862104336,0.681664396006799,3,0.48499776202267
478,WP_013843956.1,-0.823566618857316,1.19162389215257,1.09772379314414,-0.688135517572865,0.0555597179398861,-0.651191763736159,-0.659438125434651,-1.03550885008908,1.51293347245347,3,0.41993865343268
479,WP_013844080.1,0.75374542873823,0.0633863384229313,-0.283803974187214,-1.45908869412528,-0.771142754407334,-0.872763315788314,0.0249088413258745,0.714046227861555,1.83071190215955,3,0.753129225214176
480,WP_013844136.1,-1.06608966948779,0.182165875492698,1.18356191203961,0.300833702647282,-1.73098706358799,-0.0478918538101108,-0.107942986392103,-0.22323678134822,1.50958686444662,3,0.491450884215224
481,WP_013844230.1,-0.30800025030734,-0.816210724437551,1.05941995904235,0.551989192873929,-1.14493998033105,-1.49483807185201,0.311239573311742,0.433685738619638,1.40765456308029,3,0.490706089955428
482,WP_013844592.1,0.392280552811918,1.53204418882947,-0.320926081680972,-1.57356053805246,-0.57769417382281,-1.00116266579902,-0.206207472323661,0.898613118147324,0.856613071890216,3,0.843850911340857
483,WP_013844647.1,-0.10433334768724,0.427980958862766,0.629413085984986,-2.08392991029968,-1.07859576495914,0.199260639228885,0.759318069494193,0.122936238759466,1.12795003061577,3,0.751643351611167
484,WP_013844664.1,0.511774724615405,0.306093890055244,-0.387965723526084,-1.15098447077269,-1.63072044529351,-0.673544945185759,1.00982223974812,1.05918034844576,0.956344381913507,3,0.691504326245088
485,WP_013844795.1,1.81619074978283,-0.339141149355524,-1.19262716858287,-1.19262716858287,0.511945041677384,-0.446353371734647,-0.261262840567376,0.00290836646126821,1.1009675409018,3,0.394091831714947
486,WP_013844890.1,0.978873908583964,0.00606605441602953,1.59416205002717,-1.04342159923583,-0.621628148921191,-1.33481895360608,-0.0647793697068797,0.991589011278141,-0.506042952835326,3,0.690614449048988
487,WP_013844898.1,1.06239526255757,1.29715719109677,-0.756122178789092,-1.36701076297292,0.446815838830169,-0.635779952780248,1.0548555396015,-0.0906476516766875,-1.01166328586707,3,0.358160690540327
488,WP_013844910.1,-0.0913572471855506,1.01115856593677,0.169154070318492,-1.55128821006331,-1.26863776489124,-0.81919267451347,0.72689024611691,1.08919482016008,0.734078194121304,3,0.886006418775512
489,WP_013845653.1,-1.43389455120589,0.913197935735926,1.18611051601462,-0.0777623114528579,0.50257366096073,-1.31648208407228,1.13746463187933,-0.490459575049838,-0.420748222809732,3,0.312341938665078
490,WP_013850579.1,-0.671807706713283,1.62634953572604,0.490601426374595,-1.2114872623292,-0.655474743566965,-0.946493174347163,1.3619233595839,0.0895607509391511,-0.0831721856670693,3,0.676271715901046
491,WP_014526651.1,0.216693052105723,0.851982666789292,1.1867315634093,-1.33363413453947,-1.51398331812652,-0.948872000069553,0.535423690572967,0.669264318406327,0.336394161451931,3,0.96365299952858
492,WP_014526714.1,0.679166270218485,0.213385028132168,-0.254054605057167,-1.46809094550999,-1.48327918250469,-0.386129005438806,0.986272718036472,1.34865393953533,0.364075782588195,3,0.689109386979728
493,WP_014526828.1,-0.950664266532695,2.22674056144231,-0.234180756239224,-0.210938840725064,-0.250581348296193,-0.14672218692588,-1.07436264465339,0.865652952337409,-0.224943470407283,3,0.298813620043159
494,WP_014527586.1,1.82803147389815,-0.309904522140578,-0.0686748239401113,-0.29274616824097,-0.93486459412214,-0.144717296897568,-1.51757249284811,0.376380818144721,1.06406760614662,3,0.433970099842817
495,WP_014528908.1,1.00814145041203,1.19483980220433,1.29038454120708,-1.45320796318007,-1.09437505346242,-0.639885008259542,-0.394480716085472,0.123205757870854,-0.0346228107068048,3,0.643793742149655
496,WP_015445553.1,1.49002392891484,0.321901744453491,0.929785037126565,-0.307457500194383,-1.3574144840926,-0.815603961188388,0.264774880377659,-1.26324102344164,0.737231378044444,3,0.500506519999905
497,WP_015445626.1,0.296151255566061,0.393511652820836,0.830984072592346,0.140749167047285,-2.28911769897341,0.0841465711159633,0.0429141687131555,-0.664214678359728,1.16487548947749,3,0.610553549758776
498,WP_015456578.1,0.5470058248327,-0.099615373518861,-0.316798211172935,-1.3939638641137,-0.472606872558695,-1.18197404258912,0.113586253225089,1.60443073984455,1.19993554605096,3,0.573644268208484
499,WP_015456728.1,1.67376707512943,1.2351101696125,-0.504706445020983,-0.541307485229323,-0.373713260406336,-1.1425634054741,-1.08831458583237,0.703010560664959,0.0387173765562117,3,0.430824334046671
500,WP_017263445.1,1.10512446352611,0.762239331723652,-0.451859137054819,-1.16240498829349,-0.656144333865026,-0.841885022559753,1.74462581489293,-0.658789357234219,0.159093228864619,3,0.628011680286374
501,WP_017272940.1,0.556028621125491,1.8312811618642,0.32282581028073,-0.572238420726533,-1.2829474788199,-0.643494299463722,0.522366440969316,0.440373132865006,-1.17419496809459,3,0.497898083251367
502,WP_017276029.1,-0.178669335652255,0.953409016466162,1.20157935599124,-0.363641030827947,-2.04327231652003,-0.749991577794258,0.00261493509502704,0.749915617251463,0.428055335990594,3,0.856206831168978
503,WP_027989172.1,1.38924316591586,-0.685309548692667,0.314684150812887,-1.13133356457548,-0.406317333820078,-0.652435465885839,-0.576362622885525,-0.0670933776570242,1.81492459678787,3,0.642199877511459
504,WP_040121031.1,0.855299912756549,1.04006446089945,-0.031677006248884,-1.40582088132896,-1.42057217376755,0.497774158034215,0.46465518764072,0.929568991034711,-0.929292649020258,3,0.586915330323576
505,WP_041169941.1,0.89394235137021,0.330042215503393,0.142731014519911,-0.993107230994229,-0.684695360547662,0.300444882891355,0.745702868540786,1.16544065230735,-1.90050139359111,3,0.349627515963161
506,WP_041170059.1,1.6526994190195,-0.899841234276363,0.492175613704476,-1.21102830278412,-0.868921112143561,-0.857163839535571,0.115932945310374,0.739437403091472,0.836709107613787,3,0.762729797464742
507,WP_041170069.1,0.432563678527817,1.12208430787381,0.67014789269829,-0.854302199188321,-1.64491750484878,-0.561196899974846,-0.855331484511783,1.15607055930005,0.534881650123749,3,0.854934942794961
508,WP_041170100.1,0.275202726771062,0.481891345695496,0.887743820962643,-1.86927921059623,-1.3964743721652,-0.145712199103407,0.639489128744688,0.119604079042751,1.0075346806482,3,0.906678351775802
509,WP_041170153.1,0.364310241499398,1.35396242727152,0.486457577185791,-0.15782530425792,-0.854650491927822,-1.97949572177796,0.86843865262696,0.387303761093418,-0.468501141713381,3,0.697587941051123
510,WP_162145847.1,1.26138067762226,0.596431998504076,0.951705271155259,-1.01834547310167,-1.82411192343712,-0.490227852999928,0.325750107755072,-0.357969444383843,0.555386638885894,3,0.859976355971329
511,WP_227692134.1,0.415606900797606,0.0146816194857986,0.492092461511977,-0.893041773429277,-1.74677935035117,-0.808959599660829,0.583021772630339,0.318447195808207,1.62493077320735,3,0.875885685237375
512,WP_003527318.1,0.761036257221463,-0.296992559218896,-0.300621960458559,0.461579911785869,1.69915952487929,-0.609294897544144,0.603538746249962,-1.75880502577998,-0.559599997135003,4,0.679754820508629
513,WP_003527415.1,-0.253350597157917,-0.920804108448279,-0.550306414382507,-0.709542813903338,0.498253285938773,2.43715269016699,-0.125971976276709,-0.127164491421332,-0.248265574515684,4,0.490523082562738
514,WP_003528049.1,-1.08179544103666,-1.21823863613645,-0.88149235498613,0.971929906942404,1.41640724879135,1.21812193571184,-0.339195188011021,0.0442442829572914,-0.12998175423262,4,0.652012022730555
515,WP_003528667.1,-0.223826381607883,-0.748584998227939,-0.384396270831235,0.0668112679313287,-0.794096696486044,2.45343977177443,0.212218178096705,-0.722752533350491,0.14118766270113,4,0.445827360791283
516,WP_003529108.1,-1.09531052893294,-1.63228702828369,-0.0301267560526573,0.820832410354958,0.847215615430437,0.774851670367564,1.22682347225586,-0.122739591166066,-0.789259263973472,4,0.426985025269795
517,WP_003529156.1,0.267408466970447,1.01546617950647,-0.749358007300532,0.782029614885392,-0.333164105993354,0.678717691754837,0.7080415066928,-2.14499225951552,-0.224149087000543,4,0.644685117099839
518,WP_003529619.1,-0.437085951752328,0.285906917580017,-0.808440068349778,1.48539062106457,0.929594048433883,1.13353537846489,-0.433356066173138,-1.39965795618216,-0.755886923085953,4,0.949557260684764
519,WP_003529690.1,0.135867437093864,0.663757448908647,0.234501133687743,0.990228937915253,1.29748483768449,0.395342788700302,-1.39824632290991,-1.05498449123738,-1.26395176984301,4,0.964355669587475
520,WP_003530039.1,-0.276072918098055,0.64489470969751,0.123949648713651,0.184643078887455,0.588876446214279,1.48050642886071,0.28946340025752,-1.18157850364691,-1.85468229088616,4,0.844108654374741
521,WP_003530526.1,1.18920864949126,-0.419465862827246,0.998492363111734,0.721251512298076,0.402319343856907,0.572819373150821,-0.638231161801524,-1.43628817166413,-1.3901060456159,4,0.727381631825886
522,WP_003530979.1,-0.399966029282487,0.543780459757994,0.823708093766588,0.92395850471615,1.34239472715583,0.210193771783841,-0.923147644373888,-0.999495929824818,-1.52142595369921,4,0.919319094157717
523,WP_003530985.1,-1.05091713718617,0.305436953251648,-0.43272036389922,0.682454215864278,0.131841391096194,2.19780212663541,-0.773849943795443,-0.795429550561677,-0.26461769140501,4,0.805785302370378
524,WP_003531042.1,-0.328901647635722,1.85115877745878,0.53183388339837,0.354289828860512,0.631427295492908,-0.244234491206137,-0.372575268247388,-0.699619072447347,-1.72337930567398,4,0.572588149151167
525,WP_003531957.1,0.421962157053078,0.553412586653797,-0.691392611016651,0.70414007362034,1.44431136410664,0.320290834470688,-1.26982889718432,-1.64733653136815,0.164441023664587,4,0.875607707937497
526,WP_003532439.1,-0.123357310733067,1.64641077873238,-0.441090430736105,0.955764506460634,1.18168396417652,-0.727305990174693,-0.496643047904664,-0.958187487834683,-1.03727498198632,4,0.768280331636061
527,WP_003533068.1,-0.960785872314744,-0.465028600492221,-0.556582254587199,0.401729972991406,1.82127270673111,-0.397846610838983,0.22443129409206,1.16254958070635,-1.22974021628778,4,0.428497652643156
528,WP_003533439.1,0.790508043943469,1.26891322859944,-1.60499503941295,-0.215849185733995,0.622162354955294,1.1608653734801,-0.696652122689824,-0.811787989500283,-0.513164663641254,4,0.705747262332798
529,WP_003534995.1,0.50939337427032,-2.10718562406752,0.396652433413319,1.30466932184854,0.826292821716237,0.289596388885515,-0.341805489829273,-0.732262374419432,-0.14535085181771,4,0.667416101863354
530,WP_003535031.1,0.0356371728217938,0.274953820870863,-0.195251346669701,-1.11064822989761,1.86484014473233,-0.816367171210054,0.348739170108968,-1.27449764359822,0.872594082841631,4,0.284280411594901
531,WP_003535100.1,1.41912602156931,0.105746088417841,-0.650193449063512,0.838205398440079,-0.00175268880117774,0.552241914268855,-1.07712406294702,0.564630810018232,-1.75088003190261,4,0.669228582098839
532,WP_003536241.1,-1.21805452207606,-1.07013220880899,-1.18491558857079,0.764406210121038,1.01759579123127,1.5096244932984,0.221629035474679,0.0759066124247875,-0.11605982309434,4,0.505953384490916
533,WP_003536654.1,-0.982704550569659,-1.44529066081714,-0.65338217700136,1.76143721061384,0.222051829704512,0.902850428272848,-0.383708936014151,-0.0546505071963666,0.63339736300748,4,0.495531054260054
534,WP_003536727.1,-0.472320208925334,0.622071529858998,-0.856023472261147,0.210627295742113,1.07143198990114,1.65726321074845,-0.226256054970223,-1.57502170134884,-0.431772588745164,4,0.864690512969151
535,WP_003537164.1,0.66160377456684,1.2274541220607,-0.165180211245826,1.3879010640562,-0.21900322412485,0.477068715160186,-0.962439028721427,-1.16879432629407,-1.23861088545775,4,0.849936008267184
536,WP_004434074.1,0.0308348688032853,-1.20211391450048,-1.25663321838782,1.90775653877268,0.893034122902882,-0.450221125879666,-0.381103653527897,0.435103916760183,0.0233424650568436,4,0.523677170402378
537,WP_010967021.1,0.0376202549689288,-0.941928718876396,0.338084196169433,-0.245585037370546,0.686948799166111,0.420690392242512,-0.727440536605847,-1.46727955102909,1.89889020133489,4,0.357936904713524
538,WP_010967062.1,-0.574939895531749,0.711642914449541,-1.10135292319,0.758425965785495,0.675995857200577,1.60572980227447,0.0772166451418101,-0.985747145359839,-1.1669712207703,4,0.877712732594916
539,WP_010967108.1,-0.736084770063925,0.195710355302767,0.5709159929636,-0.128427128891451,-0.401094463532893,1.47777020915523,0.199111420856626,0.825154040366101,-2.00305565615606,4,0.451073665133266
540,WP_010967135.1,0.530809027673164,-0.110375004681561,-0.33406502693678,1.30284001421921,1.2195694740927,0.705976676212857,-1.09606468433578,-0.756738294643543,-1.46195218160028,4,0.96997780835493
541,WP_010967146.1,0.059838968878127,0.602779580543666,1.11938367665371,0.628650747997219,1.08959316307434,0.0899206793985661,-1.73420439246188,-1.10088634835312,-0.755076075730622,4,0.770062028882446
542,WP_010967164.1,0.579403548854188,0.702791995424518,0.326735595173844,1.1499133117806,1.07828010849771,-0.585330589923097,-1.25235090440763,-1.57797286189788,-0.421470203502255,4,0.792999532547063
543,WP_010967166.1,0.956097856839996,0.218463959102692,-0.738395572014766,1.37401812842347,0.333201042690789,1.01230271781862,-1.01958527388352,-0.795842889419638,-1.34025996955764,4,0.942372708538979
544,WP_010967238.1,1.42536514776835,0.632958563594855,-0.988990483095964,0.822243133825372,0.408905823768,0.609789245403405,-0.575589930117054,-0.768723023013757,-1.56595847813321,4,0.840922638795677
545,WP_010967254.1,1.16666919864369,0.961289083023262,0.112729794478741,0.5086077419375,0.45626091475879,0.554088762171776,-1.48411433403205,-0.8764117297501,-1.39911943123161,4,0.7444016666101
546,WP_010967260.1,-1.46005709387252,0.288784937222278,0.0698804290625095,1.02307012648219,1.12226053237416,0.359628712602677,-1.44826403600388,-0.76695899046811,0.811655382600702,4,0.712717003089863
547,WP_010967278.1,0.148383854411447,1.56573925610334,0.578800912701664,0.929803097151434,-0.598662958516328,0.356009597571788,-1.48293698396513,-1.25942403541308,-0.237712740045133,4,0.490091233744146
548,WP_010967290.1,0.510315362963087,-0.835269293792175,0.353791672813097,1.28552642125275,0.900282212274156,0.584148304411981,-0.173988666361157,-0.747892579082999,-1.87691343447874,4,0.895760269578963
549,WP_010967291.1,-0.412831916412737,1.48750415660403,-0.350184655019819,0.830894679902834,0.842256882774128,0.398011595593306,-0.30270886347535,-1.85353921451897,-0.639402665447424,4,0.869775037463868
550,WP_010967310.1,0.729061850216461,1.13602764550469,0.0266967338522661,0.734119175895131,0.705664016578854,0.476837941468258,-1.04144661860452,-1.3715795503747,-1.39538119453645,4,0.908768987012641
551,WP_010967340.1,-0.000953342166622393,0.23200618189295,-0.173293640926664,1.71537640302462,0.457550973797821,1.03760025138527,-0.798572909876662,-1.22495623280207,-1.24475768432865,4,0.972315258803054
552,WP_010967356.1,-0.380138667014439,0.829010070485519,-0.518588208704437,0.638362690637464,1.71591381001641,0.219588050953686,-0.73781760748475,-0.0480359702471543,-1.7182941686423,4,0.875129480126066
553,WP_010967357.1,-0.28388813007705,0.974415519466462,0.0473364933584098,0.502301103713749,1.85465079189952,-0.118813527422417,-1.10140954238357,-1.31898777211341,-0.5556049364417,4,0.865256464077958
554,WP_010967358.1,0.912429059104946,0.575378846252995,0.0452564994713749,0.943334163077076,0.435072802166981,0.914058995632006,-1.13603907355575,-1.42356895738479,-1.26592233476484,4,0.945337494525577
555,WP_010967491.1,1.01574403821935,0.914959343950889,-0.598152150128446,1.18052381911352,0.319732393528006,0.380200824205822,-0.863935806059084,-1.73464947913331,-0.614422983696746,4,0.875265246061768
556,WP_010967566.1,0.384645465806575,-1.28111399802296,0.5888946355813,-0.134481418436168,1.06009246011043,-0.0363899797331338,0.998917619174251,-1.90245671816857,0.321891933688276,4,0.424133052126129
557,WP_010967577.1,0.167114899217344,0.151619404620817,1.53510927448757,0.897899200463692,-0.478120051969092,0.87138920127304,-0.841119491625817,-1.61935428673582,-0.684538149731738,4,0.601706059586
558,WP_010967589.1,-1.59719901085131,0.270527540832064,-0.348288095462247,1.88506143085125,0.595487540753805,0.690773065337292,-0.769528302649277,-0.283048023752833,-0.443786145058749,4,0.818241144622576
559,WP_010967622.1,0.824822433004303,0.176767188220354,0.672250349896737,0.520932751453554,1.10839454278752,0.546806379927974,-1.07679867726813,-1.51474574183723,-1.25842922618508,4,0.894308536285404
560,WP_010967690.1,1.83242033072477,0.813221339360826,-0.481120828379006,0.0728210733197453,0.427121682424839,0.459614794643645,-0.797221722767422,-1.22569581587769,-1.10116085344971,4,0.55934131355099
561,WP_010967692.1,-0.135533540062364,0.728945366549942,0.128684682522871,-0.156856500055051,0.383173275403656,1.6141310065838,-0.0465580634352566,-2.12101221429689,-0.394974013210706,4,0.749704968368378
562,WP_010967728.1,-0.168491265906524,-0.353412618983784,1.93180167067888,0.50652025087838,0.813098566178401,-0.0237599306809151,-0.787662411939121,-1.56594130182009,-0.352152958405222,4,0.571994435639912
563,WP_010967730.1,0.0972286124927524,0.628198113659514,0.986769785732031,1.4770033868404,0.389205334814405,-0.088956545293042,-1.10741344949235,-0.860975527297318,-1.52105971145639,4,0.830073495423495
564,WP_010967759.1,0.740320535398613,0.792877113471443,0.862804296846635,0.638168611388491,0.7358837733335,-0.248854508551667,-0.750721222161628,-1.96263399724383,-0.807844602481551,4,0.581928253721036
565,WP_010967889.1,0.17079548759025,0.867132986631506,0.888183198884678,0.554105072931535,0.944681079305726,-0.200149687855753,-0.0521623218256715,-1.30776648857356,-1.86481932708872,4,0.702143415878115
566,WP_010967912.1,-0.351212902049386,-0.1526516803786,0.836995890503619,0.694186252474953,1.76436728543987,0.34006439933054,-0.943533633393142,-0.813167354126254,-1.3750482578016,4,0.903244413627187
567,WP_010967940.1,0.742057189461223,-0.156890015505054,0.306928962068626,1.06508990826161,1.08441937200826,0.535026852667722,-1.10657826780495,-0.75607147257584,-1.7139825285816,4,0.946613111564501
568,WP_010967949.1,1.25890397126546,0.50550305518628,0.315237119160345,0.625841139104545,0.0925049788981019,0.66829829969181,-0.53961179099763,-0.897875415936518,-2.02880135637239,4,0.704824380394333
569,WP_010967991.1,0.852675386531209,0.350980151646141,-0.0785864349483906,1.13733882087969,1.10392684590792,0.282787990075484,-1.48369889112394,-1.13527619514869,-1.03014767381942,4,0.951908685339718
570,WP_010968061.1,0.115446877794736,0.320933125974182,0.419007193129994,1.232960222087,0.879893098072668,0.673151303145224,-1.02131699776055,-0.817550344671047,-1.80252447777221,4,0.965367710295978
571,WP_010968140.1,1.55047459900797,0.423373911164603,-0.0187317246948912,0.898098763189848,-0.140679401826144,0.349441973360447,-0.330403204976009,-0.805415545497837,-1.92615936972798,4,0.643956726590204
572,WP_010968184.1,1.69382299568252,-1.00690198790004,-0.481293400140092,0.947772477917088,0.040539540241052,-0.336365666822005,-0.680793561225844,1.00552597603919,-1.18230637379186,4,0.435467567036082
573,WP_010968633.1,0.844037680258439,-0.339646399857378,0.124232381218912,0.334818087253357,1.31721164762281,-1.50101104231467,0.3886083269839,-1.63845023089541,0.470199549730044,4,0.386520959528469
574,WP_010968649.1,-0.318270845098286,0.344841557990886,1.12586829091551,1.4177487035774,-0.706410109889355,0.925630779450828,-1.49821843793344,-0.830182853411932,-0.461007085601621,4,0.706387184983119
575,WP_010968682.1,0.582380536847729,0.141280731083545,1.17307691237506,0.75371983989693,0.771774612192243,0.385244764244722,-1.2134187663243,-1.53751305088147,-1.05654557943446,4,0.812596250758198
576,WP_010968712.1,0.397854489308979,-0.269088151992097,0.917055464027562,0.146641767707559,1.09135691028607,0.951917491755791,-0.733349331302662,-2.0064513387028,-0.495937301088401,4,0.80936462520975
577,WP_010968812.1,1.01590262910643,1.65046327922619,-0.890778950284874,0.93233829486927,-0.0982400199258854,-0.623138861835517,-0.0932304290241203,-1.38380971465421,-0.509506227477284,4,0.503908536654311
578,WP_010968868.1,-0.811966992608943,-0.47885609488032,0.583100891288931,1.00896084465464,1.39410021318171,0.472881615834958,-1.64033940442138,0.350967101057443,-0.878848174107037,4,0.812781937204434
579,WP_010968871.1,1.28131104749292,-0.193895764280631,0.774480073749919,0.0974303572466308,1.53228505519397,-0.626916846289884,-0.836748346603629,-1.34106812932449,-0.686877447184806,4,0.503490128209463
580,WP_010968926.1,-1.00693153791467,-0.766217801196502,0.137786712385435,1.12494026816698,0.979994517017833,1.59651513288509,-0.986336102068206,-0.697170428466307,-0.382580760809663,4,0.871444981204729
581,WP_010969030.1,0.624263318166899,-1.1680927223263,0.224286668440189,1.05032038538305,1.35410233680126,0.16068387788426,-0.947795074858538,0.214986953746799,-1.51275574323763,4,0.804024927946028
582,WP_010969046.1,-0.539518564513073,0.540810807351467,0.553471881720714,0.51156233878047,-1.32071710068575,0.861406919024327,1.39126805325508,-1.4627712007836,-0.535513134149641,4,0.354992418130926
583,WP_010969074.1,-0.100118531098887,-0.762025299956035,0.849395637241055,1.51281002677472,-0.316305435774856,1.20202499913594,-1.03432122544226,-1.33575685569136,-0.0157033151883241,4,0.78604237287289
584,WP_010969118.1,-0.569233258584601,-0.724099513245295,-1.31078951480451,1.51355384664236,0.971637027136636,1.23840974424366,-0.365464238338837,-0.728481832624684,-0.0255322604247255,4,0.805280008099704
585,WP_010969184.1,0.178216840678791,-1.76777455602613,0.861813655061264,-0.0578735753794674,0.150556323193641,1.18528318455366,1.01421023946677,-1.23895996120009,-0.325472150348439,4,0.431681872968758
586,WP_010969190.1,0.056462598591883,1.94581077270359,-0.447139568084235,0.92279974129241,0.299833844474647,-1.25898997682589,-0.888682240074331,0.182906765841194,-0.813001937919268,4,0.428405688548878
587,WP_010969200.1,0.522546646470066,0.853500366815216,-0.277315169320162,1.07570084834675,-1.06962678879391,1.35003562582376,-1.19605844945835,-1.1655469343565,-0.0932361455268653,4,0.679172486333601
588,WP_010969216.1,-0.286655864471448,-0.717399478374268,-0.206733515677675,1.96467119533409,-0.331267366452538,-0.533126518137752,-1.27001682188197,1.2101972485568,0.170331121104758,4,0.382455820793154
589,WP_010969297.1,-0.0656703405789086,1.38343352513184,-0.592325526362167,1.33875007238928,0.433282231204313,0.344309670840363,-0.955120730275296,-1.62904755826634,-0.257611344083085,4,0.882264063577804
590,WP_010969326.1,0.254830805860583,0.00293080302887783,0.127692937015916,1.42815068107705,1.05110091633982,0.706137807805817,-1.14556645844887,-1.31842416083283,-1.10685333184636,4,0.979034940279319
591,WP_010969364.1,0.635448433301287,-0.491119262159136,-0.0246182910777608,1.30156084291094,0.619131248874751,0.260300287383669,-0.297072914870723,-2.24956136688126,0.245931022518231,4,0.799725249015104
592,WP_010969398.1,0.364207091193025,0.566929701094683,0.470001082803629,1.14510456459019,-0.38710062427272,1.07143133296169,-1.5639502840567,-0.169530573903461,-1.49709229041034,4,0.793137240842053
593,WP_010969413.1,0.195900460112895,-0.334651917104116,0.136473492648886,1.49269786597883,0.842379791876928,0.933064012677979,-1.64680727715967,-0.810212683169993,-0.808843745861746,4,0.955516958788655
594,WP_010969475.1,-0.134884535606077,0.800284705250589,0.788717153732993,0.633019026841459,1.20636280161882,0.206617091286316,-0.91926120711406,-0.722486782203681,-1.85836825380635,4,0.867741213694039
595,WP_010969590.1,1.59546506562845,0.505979896136263,-0.462332213357323,0.837511709252064,-0.408398097039687,0.832175488577396,-1.17000222294339,-0.337020418410355,-1.3933792078434,4,0.668131981061037
596,WP_010969727.1,-0.507293788962198,-0.157427452385667,-0.386148767617221,1.57948952096834,0.786895293090909,0.918821910344563,-0.645819700946871,0.188532784768961,-1.77704979926082,4,0.898813406978779
597,WP_010969809.1,-0.126748609492339,-0.244498646592658,-0.860034723426463,1.49042818943417,0.593315181630784,1.57140625571962,-1.09410811500603,-0.838914229716034,-0.490845302551046,4,0.928722192097557
598,WP_010969931.1,1.07696486721681,1.08933760273537,-0.883800553557358,0.891339277527293,0.0992702656442403,0.859345651456849,-0.846361491317705,-1.13507170825051,-1.15102391145499,4,0.863335974775359
599,WP_010970008.1,0.109074888144054,0.789201667435677,-0.0882688407890469,0.557447467559651,1.06575727032076,1.00692415494887,-0.756691795625877,-0.740070923237854,-1.94337388875623,4,0.944112898434987
600,WP_010970085.1,-0.503962167479282,1.24283444736862,1.06173436550574,0.654141640307823,0.832440610027916,0.0366683348507497,-1.21511352707356,-1.40933713067518,-0.699406572832826,4,0.734959755425794
601,WP_010970216.1,-0.762513292199567,0.297867748239294,-1.38160129333954,0.907577743378079,0.737761138852464,1.45012636991733,-0.588653897794067,-1.16259369393777,0.502029176883778,4,0.772452268678361
602,WP_010970426.1,0.281895189800909,0.372179433920497,0.20465756987488,0.206251775731986,1.54371563483179,0.769393338095737,-1.29944742792827,-1.70023946146069,-0.378406052866842,4,0.896359812879523
603,WP_010970440.1,-0.519845424302074,-0.946496453411587,0.225364946398213,2.28190581067596,0.142229175925097,0.0907172649129746,-0.57956141138027,-1.04380450463155,0.349490595813229,4,0.726460056537291
604,WP_010970441.1,0.814701222196836,0.0275453459618193,0.234022109359466,0.428145906797256,1.55337118452285,-0.693635523200881,-0.00853880568171731,-2.02303056938508,-0.332580870570542,4,0.658500208801016
605,WP_010970442.1,-0.207364873285931,0.998261472973581,-0.88557589664887,1.14412337354088,0.78423997124369,1.00472264245973,-0.408552659718204,-0.966230034159682,-1.46362399640519,4,0.944562148594021
606,WP_010970458.1,-0.500346183982258,-0.70838752980815,-1.66003261405344,0.580864914815156,1.72533579563555,0.607871271479792,-0.484510905080221,0.708088009627543,-0.268882758633981,4,0.54531132259095
607,WP_010975077.1,1.73929121734795,-0.328851622759289,-0.158878401695468,0.959841148856143,-0.655568312659276,0.0822794534105615,0.0123741038813222,0.204668294814192,-1.85515588119613,4,0.451712633605039
608,WP_010975284.1,-0.289654938555861,1.334240503693,0.201705843852702,1.05548589406434,0.257043561589707,0.33462441151775,0.00229135637422097,-2.0003495886676,-0.895387043868255,4,0.817602046024738
609,WP_010975411.1,0.531871128443919,-0.0748403665675958,-0.482305841140348,0.304284188036394,1.35900381911974,1.29538132163132,-0.739432865110447,-0.423220407755757,-1.77074097665723,4,0.914830709517104
610,WP_010975525.1,0.882373505542463,0.159677453524303,0.208518274868487,1.12835909474125,0.715927259350108,0.688581079467837,-1.46526849480075,-0.987931163597991,-1.3302370090957,4,0.952945890694842
611,WP_010975610.1,0.417220856525449,1.16939036339501,-1.15503207532709,-0.283190815767282,0.553690277124053,0.289854646232402,-0.0702632129721878,-1.91408885378201,0.99241881457165,4,0.462605228814966
612,WP_010975799.1,2.0575650872037,-0.220503805610973,-0.27128920573078,0.349180525080819,-0.69795113692154,1.09420588073597,-0.708426745800791,-0.640866883645709,-0.961913715310701,4,0.483028730437155
613,WP_010975802.1,0.314099940631404,-0.413503739226871,-1.02197845572911,2.06660462543403,1.07664627489733,-0.469639687980951,-0.618371769486873,-0.796249361707953,-0.137607826831007,4,0.814118561766512
614,WP_010975804.1,-1.14923492964229,0.752990539403239,-0.224457997912542,0.375803073560838,1.44676991032894,1.17954709947567,-0.206646351484418,-0.967672400911324,-1.20709894281813,4,0.882705360191725
615,WP_010975825.1,0.809162466859067,0.761691464012027,0.120838362433072,0.810513541495808,1.25135488158922,-0.129290910832841,-1.48871477804348,-1.15255250317024,-0.983002524342639,4,0.871339342887489
616,WP_010975856.1,-0.696467853855602,1.54863663635915,0.163506455760394,0.711333601270476,-0.236036314722621,-0.103624012447675,0.886634679585993,-0.38007174150026,-1.89391145044985,4,0.503085955168436
617,WP_010975990.1,-0.591471692864323,0.966867883736571,-0.189096726580476,-0.149216504854611,0.179884250264152,0.945227110052968,0.759768436643918,0.324956696851776,-2.24691945324997,4,0.526372485192281
618,WP_010976039.1,1.52311269276155,0.0628593674703138,0.0426322657625803,0.558004623505102,1.03396951029723,-0.382323865257937,-1.15473437220044,-1.6775811533518,-0.00593906898660402,4,0.613983293574692
619,WP_010976165.1,0.0178533632071467,-1.06141224930446,1.16578848229927,0.811315360314088,-0.0911126548509455,-0.0247949792643587,-1.61234651564887,-0.585353638508089,1.38006283175622,4,0.379019919439775
620,WP_010976273.1,0.433911066285525,-0.358709631918681,-0.536870764271389,-0.676973501578138,1.68837272359273,1.38092422735214,-0.869638516273952,0.125168516265462,-1.18618411945369,4,0.725825556882605
621,WP_010976293.1,-0.0216222505091829,0.641520121370675,0.248237292238616,0.000852853544234201,0.957600103867706,1.61479172273145,-1.33074954372086,-1.0973697931916,-1.01326050633103,4,0.899693658232782
622,WP_013844129.1,-0.4463487347067,-0.429095427850344,-0.717492732513147,1.74257502582197,0.686687973371771,1.32411397340242,-0.364008066463011,-0.680980725216518,-1.11545128584645,4,0.921653646618209
623,WP_013844460.1,-1.09227934138057,0.573088349628657,0.0411593641234669,1.51330585625682,-0.210309825176103,0.919876925764283,-1.80705672318533,-0.0891289790448433,0.151344373013617,4,0.727364756865574
624,WP_013844465.1,0.500260064598299,0.236087591402161,0.527879315486538,1.03080406858502,0.818641104368447,0.777125884478699,-1.37105176096493,-1.37020776284768,-1.14953850510656,4,0.962335116864709
625,WP_013845892.1,-0.349447108942766,0.504788290240546,0.431939661016666,0.200886540733024,-0.250138698395751,1.54602806730397,-2.21490243119965,0.185886523218715,-0.0550408439747621,4,0.591668192698028
626,WP_013845917.1,1.01838020684278,0.953664866524985,-1.80019338973468,0.83572106881784,0.490427331558502,0.328165400546903,-0.495918164003598,-0.101486435905491,-1.22876088464724,4,0.743120912349997
627,WP_013850756.1,0.338614442434757,0.990350131367669,0.44056067577507,0.38239223668684,0.71130866918318,0.658056023493957,-1.84734171658,-0.199976574044791,-1.47396388831668,4,0.774681036558624
628,WP_014526839.1,1.12041400922381,0.359936466675015,-0.0541425502653562,1.82442580235309,0.0398846779947983,-0.199215026461233,-1.12019385814422,-0.835706175290087,-1.13540334608581,4,0.814768614988208
629,WP_015445499.1,0.228822821962728,0.198910889506412,0.683149595762662,0.511520736099843,0.234702166214314,1.7004453895333,-1.28351430298843,-1.14395885486159,-1.13007844122925,4,0.888218294741642
630,WP_015445615.1,-0.235062391388222,-0.00350391221974494,-1.70140955319474,0.877475689529947,-0.430692920798368,1.78432516687896,0.504864728994686,0.01368642369952,-0.80968323150205,4,0.54278312467325
631,WP_041169987.1,1.24403345501402,-0.0815510861679968,0.836849901565484,1.27195516513942,-0.243606569782934,0.316204279056526,-1.44655004294747,-1.14330298602413,-0.754032115852911,4,0.619164487775729
632,WP_041170077.1,-0.19085627959161,0.624524334317676,-0.311898864330538,1.93738257045715,0.502929529279731,-0.171158034677464,-0.449888234648903,-0.147604991791764,-1.79343002901428,4,0.866951132659469
633,WP_041170156.1,0.31964641152557,-1.07521691795301,-0.296362753416948,1.47411517463149,1.02676834841829,-0.0746424841995676,-1.24461692620301,0.900447904108104,-1.03013875691091,4,0.710937971049504
634,WP_162471707.1,-0.554273501392995,2.17602048964148,-0.0812570842716941,0.445797100043486,-0.624714872295636,0.712589028500142,-0.204754139028482,-1.11506507532031,-0.754341945875995,4,0.544102360750016
