direction	region	gene_id	gene_name	acronym	geneProduct	chr	strand	start	end	A86_logFC	A86_FDR	A86_sig	A485_logFC	A485_FDR	A485_sig
DOWN	A485_only	medtr.A17.gnm5.ann1_6.MtrunA17Chr3g0109001	MtrunA17Chr3g0109001			medtr.A17.gnm5.MtrunA17Chr3	-	32062230	32070790	-1.79001792513851	0.999999979788073	NS	-9.74993565939822	0.0337909488920686	DOWN
DOWN	A485_only	medtr.A17.gnm5.ann1_6.MtrunA17Chr3g0109011	MtrunA17Chr3g0109011			medtr.A17.gnm5.MtrunA17Chr3	-	32074888	32077241	-1.82147240403317	0.891537374051929	NS	-9.20664086180967	0.00273132987403346	DOWN
DOWN	A485_only	medtr.A17.gnm5.ann1_6.MtrunA17Chr5g0420481	MtrunA17Chr5g0420481			medtr.A17.gnm5.MtrunA17Chr5	-	20974409	20974527	-3.28182491632013	0.119283333355921	NS	-8.11626398645129	0.0078423246039406	DOWN
DOWN	A485_only	medtr.A17.gnm5.ann1_6.MtrunA17Chr3g0109021	MtrunA17Chr3g0109021			medtr.A17.gnm5.MtrunA17Chr3	-	32080332	32082748	-1.23785821770305	0.999999979788073	NS	-7.9569671412565	0.011522631145323	DOWN
DOWN	A485_only	medtr.A17.gnm5.ann1_6.MtrunA17Chr3g0113091	MtrunA17Chr3g0113091			medtr.A17.gnm5.MtrunA17Chr3	-	34878221	34880568	-1.92466125091185	0.286051146905122	NS	-7.92302951400002	0.00109236796782711	DOWN
DOWN	A485_only	medtr.A17.gnm5.ann1_6.MtrunA17Chr4g0071111	MtrunA17Chr4g0071111	MtCKX2	cytokinin oxidase 2	medtr.A17.gnm5.MtrunA17Chr4	+	60586321	60590025	-0.986766863152413	0.999999979788073	NS	-7.7058237267134	0.00455771482900966	DOWN
DOWN	A485_only	medtr.A17.gnm5.ann1_6.MtrunA17Chr3g0092881	MtrunA17Chr3g0092881	MtLegin38	Leginsulin	medtr.A17.gnm5.MtrunA17Chr3	+	14497186	14497661	-1.92317218282659	0.316901530889254	NS	-7.6955752611523	0.000551669657118166	DOWN
DOWN	A485_only	medtr.A17.gnm5.ann1_6.MtrunA17Chr3g0090381	MtrunA17Chr3g0090381			medtr.A17.gnm5.MtrunA17Chr3	+	11742880	11743257	-4.26369482559605	0.0508920756097426	NS	-7.47262280198402	0.00799949654544002	DOWN
DOWN	A485_only	medtr.A17.gnm5.ann1_6.MtrunA17Chr4g0009671	MtrunA17Chr4g0009671			medtr.A17.gnm5.MtrunA17Chr4	+	7510712	7516104	-1.80367333588237	0.608700567163759	NS	-7.37856297576007	0.0117693780046394	DOWN
DOWN	A485_only	medtr.A17.gnm5.ann1_6.MtrunA17Chr5g0396191	MtrunA17Chr5g0396191			medtr.A17.gnm5.MtrunA17Chr5	+	1850563	1851761	-3.77021749162251	0.100894778182725	NS	-7.35399264953889	0.0136813411013462	DOWN
DOWN	A485_only	medtr.A17.gnm5.ann1_6.MtrunA17Chr8g0376891	MtrunA17Chr8g0376891			medtr.A17.gnm5.MtrunA17Chr8	+	38361841	38363772	-1.58408915020118	0.977352533302831	NS	-7.31520926072065	0.00161247700099227	DOWN
DOWN	A485_only	medtr.A17.gnm5.ann1_6.MtrunA17Chr3g0099201	MtrunA17Chr3g0099201			medtr.A17.gnm5.MtrunA17Chr3	-	24023093	24025124	-0.254212082392642	0.999999979788073	NS	-7.07492824576528	0.0314580365583876	DOWN
DOWN	A485_only	medtr.A17.gnm5.ann1_6.MtrunA17Chr3g0108941	MtrunA17Chr3g0108941			medtr.A17.gnm5.MtrunA17Chr3	-	32024035	32026642	-1.07333939700368	0.999999979788073	NS	-6.92121196515767	0.0159998428738675	DOWN
DOWN	A485_only	medtr.A17.gnm5.ann1_6.MtrunA17Chr2g0322101	MtrunA17Chr2g0322101			medtr.A17.gnm5.MtrunA17Chr2	+	42893634	42895138	-0.974014918186805	0.999999979788073	NS	-6.83953256750146	0.0168413191746919	DOWN
DOWN	A485_only	medtr.A17.gnm5.ann1_6.MtrunA17Chr7g0264751	MtrunA17Chr7g0264751			medtr.A17.gnm5.MtrunA17Chr7	-	48228954	48232670	-2.02814301768732	0.388761306717202	NS	-6.71554212122006	0.00690813540963752	DOWN
DOWN	A485_only	medtr.A17.gnm5.ann1_6.MtrunA17Chr5g0408981	MtrunA17Chr5g0408981			medtr.A17.gnm5.MtrunA17Chr5	+	10888208	10890307	-2.20409892201928	0.262866420141194	NS	-6.57415357494668	0.000547804998841533	DOWN
DOWN	A485_only	medtr.A17.gnm5.ann1_6.MtrunA17Chr5g0443361	MtrunA17Chr5g0443361			medtr.A17.gnm5.MtrunA17Chr5	+	41193696	41195089	-3.30578257214931	0.0799846490166738	NS	-6.51471054853728	0.00700981775515384	DOWN
DOWN	A485_only	medtr.A17.gnm5.ann1_6.MtrunA17Chr6g0457101	MtrunA17Chr6g0457101			medtr.A17.gnm5.MtrunA17Chr6	-	6882012	6890623	-1.98515448912356	0.394759505284947	NS	-6.50844502985517	0.00716571597964586	DOWN
DOWN	A485_only	medtr.A17.gnm5.ann1_6.MtrunA17Chr3g0089451	MtrunA17Chr3g0089451			medtr.A17.gnm5.MtrunA17Chr3	+	10647267	10648374	-2.8762659234472	0.173613093848558	NS	-6.45901969591086	0.0128593672416816	DOWN
DOWN	A485_only	medtr.A17.gnm5.ann1_6.MtrunA17Chr3g0142101	MtrunA17Chr3g0142101			medtr.A17.gnm5.MtrunA17Chr3	+	56132597	56135989	-1.1332684955354	0.999999979788073	NS	-6.43707257101555	0.0257333836912223	DOWN
DOWN	A485_only	medtr.A17.gnm5.ann1_6.MtrunA17Chr8g0335311	MtrunA17Chr8g0335311	MtEDN1	ERF differentially regulated during nodulation 1	medtr.A17.gnm5.MtrunA17Chr8	-	859107	860142	-1.93439315256654	0.60612010672427	NS	-6.43694382997889	0.00375947449040324	DOWN
DOWN	A485_only	medtr.A17.gnm5.ann1_6.MtrunA17Chr8g0388191	MtrunA17Chr8g0388191			medtr.A17.gnm5.MtrunA17Chr8	+	46128338	46128894	-3.13425990238896	0.182209177924525	NS	-6.34221755690302	0.0205785087855066	DOWN
DOWN	A485_only	medtr.A17.gnm5.ann1_6.MtrunA17Chr4g0022891	MtrunA17Chr4g0022891	MtMYB016	Myeloblastosis (MYB) transcription factor 16	medtr.A17.gnm5.MtrunA17Chr4	-	23002221	23004699	-2.75543554372255	0.159983997316355	NS	-6.34004834842867	0.00825561245199842	DOWN
DOWN	A485_only	medtr.A17.gnm5.ann1_6.MtrunA17Chr6g0488721	MtrunA17Chr6g0488721			medtr.A17.gnm5.MtrunA17Chr6	-	42632426	42638516	-2.35183478878658	0.473777345902134	NS	-6.23455937263707	0.034972033304152	DOWN
DOWN	A485_only	medtr.A17.gnm5.ann1_6.MtrunA17Chr4g0052981	MtrunA17Chr4g0052981			medtr.A17.gnm5.MtrunA17Chr4	+	46946984	46948332	-0.529563323541154	0.999999979788073	NS	-6.14288353249213	0.0173809197617195	DOWN
DOWN	A485_only	medtr.A17.gnm5.ann1_6.MtrunA17Chr2g0301601	MtrunA17Chr2g0301601			medtr.A17.gnm5.MtrunA17Chr2	-	19327464	19328247	-1.91382547990157	0.233311887118537	NS	-6.07587482154901	0.000172551005032311	DOWN
DOWN	A485_only	medtr.A17.gnm5.ann1_6.MtrunA17Chr2g0300451	MtrunA17Chr2g0300451			medtr.A17.gnm5.MtrunA17Chr2	+	18204238	18205379	-1.68564083028715	0.729107730569933	NS	-6.02513991980555	0.0176895250716479	DOWN
DOWN	A485_only	medtr.A17.gnm5.ann1_6.MtrunA17Chr7g0260861	MtrunA17Chr7g0260861	MtIDA41	Inflorescence Deficient in Abscission	medtr.A17.gnm5.MtrunA17Chr7	-	45537419	45537970	-2.81139786579587	0.138428788399674	NS	-6.01929350653757	0.00764882513900602	DOWN
DOWN	A485_only	medtr.A17.gnm5.ann1_6.MtrunA17Chr3g0094521	MtrunA17Chr3g0094521			medtr.A17.gnm5.MtrunA17Chr3	+	17393314	17394598	-1.0613890315366	0.999999979788073	NS	-5.89492231108225	0.0453245182244561	DOWN
DOWN	A485_only	medtr.A17.gnm5.ann1_6.MtrunA17Chr6g0478991	MtrunA17Chr6g0478991			medtr.A17.gnm5.MtrunA17Chr6	+	33589608	33591250	-5.89033580345173	0.0696152817323335	NS	-5.89033580345173	0.036914030045659	DOWN
DOWN	A485_only	medtr.A17.gnm5.ann1_6.MtrunA17Chr7g0251281	MtrunA17Chr7g0251281			medtr.A17.gnm5.MtrunA17Chr7	-	38474226	38475195	-1.28726578286854	0.999999979788073	NS	-5.88692714158729	0.00263888272524739	DOWN
DOWN	A485_only	medtr.A17.gnm5.ann1_6.MtrunA17Chr3g0143501	MtrunA17Chr3g0143501			medtr.A17.gnm5.MtrunA17Chr3	-	57056694	57058313	-5.83685114789642	0.0799846490166738	NS	-5.83685114789642	0.0429821064543752	DOWN
DOWN	A485_only	medtr.A17.gnm5.ann1_6.MtrunA17Chr4g0072611	MtrunA17Chr4g0072611			medtr.A17.gnm5.MtrunA17Chr4	+	61662250	61663533	-0.941464526818189	0.999999979788073	NS	-5.75448904839412	0.00348189448308413	DOWN
DOWN	A485_only	medtr.A17.gnm5.ann1_6.MtrunA17Chr3g0105691	MtrunA17Chr3g0105691			medtr.A17.gnm5.MtrunA17Chr3	-	29618099	29620575	-0.414066043382198	0.999999979788073	NS	-5.68566979187478	0.0338494065512329	DOWN
DOWN	A485_only	medtr.A17.gnm5.ann1_6.MtrunA17Chr6g0485211	MtrunA17Chr6g0485211			medtr.A17.gnm5.MtrunA17Chr6	+	39730426	39731050	-2.21301747774268	0.128031327657509	NS	-5.62953747832881	0.000399334929687907	DOWN
DOWN	A485_only	medtr.A17.gnm5.ann1_6.MtrunA17Chr2g0323181	MtrunA17Chr2g0323181			medtr.A17.gnm5.MtrunA17Chr2	+	43767948	43768334	-2.02280243429219	0.548939423366323	NS	-5.60555620675585	0.0287590629019879	DOWN
DOWN	A485_only	medtr.A17.gnm5.ann1_6.MtrunA17Chr4g0014661	MtrunA17Chr4g0014661			medtr.A17.gnm5.MtrunA17Chr4	+	12002774	12004928	0.148156623462447	0.999999979788073	NS	-5.49820414343374	0.0338547291370233	DOWN
DOWN	A485_only	medtr.A17.gnm5.ann1_6.MtrunA17Chr3g0133681	MtrunA17Chr3g0133681			medtr.A17.gnm5.MtrunA17Chr3	+	50129386	50131462	-1.83671717020331	0.426780680928442	NS	-5.49621784240263	0.00189712290754521	DOWN
DOWN	A485_only	medtr.A17.gnm5.ann1_6.MtrunA17Chr8g0390151	MtrunA17Chr8g0390151			medtr.A17.gnm5.MtrunA17Chr8	+	47470227	47471704	-2.61838510737991	0.396456756768325	NS	-5.39720874276899	0.0466625464458733	DOWN
DOWN	A485_only	medtr.A17.gnm5.ann1_6.MtrunA17Chr4g0055701	MtrunA17Chr4g0055701			medtr.A17.gnm5.MtrunA17Chr4	+	49258077	49258850	-3.11251897988279	0.0546180984689548	NS	-5.33007654066751	0.00398806308540117	DOWN
DOWN	A485_only	medtr.A17.gnm5.ann1_6.MtrunA17Chr3g0136201	MtrunA17Chr3g0136201			medtr.A17.gnm5.MtrunA17Chr3	+	51847718	51849314	-1.9417378539853	0.194167684040314	NS	-5.30721590350708	0.000396331204071586	DOWN
DOWN	A485_only	medtr.A17.gnm5.ann1_6.MtrunA17Chr7g0275011	MtrunA17Chr7g0275011			medtr.A17.gnm5.MtrunA17Chr7	+	55118606	55120950	-2.38840425073173	0.0674060367712043	NS	-5.26396242105114	0.000396331204071586	DOWN
DOWN	A485_only	medtr.A17.gnm5.ann1_6.MtrunA17Chr8g0338011	MtrunA17Chr8g0338011			medtr.A17.gnm5.MtrunA17Chr8	-	2674625	2675556	-0.915560220496587	0.999999979788073	NS	-5.25313646062409	0.0185991846779971	DOWN
DOWN	A485_only	medtr.A17.gnm5.ann1_6.MtrunA17Chr3g0136551	MtrunA17Chr3g0136551			medtr.A17.gnm5.MtrunA17Chr3	-	52106571	52107615	-3.10417448222909	0.125690358687509	NS	-5.17596032533561	0.0167638860534313	DOWN
DOWN	A485_only	medtr.A17.gnm5.ann1_6.MtrunA17Chr7g0246471	MtrunA17Chr7g0246471			medtr.A17.gnm5.MtrunA17Chr7	-	35229018	35229512	-1.4179256887639	0.586317691521828	NS	-5.14845355874474	0.000153124167417763	DOWN
DOWN	A485_only	medtr.A17.gnm5.ann1_6.MtrunA17Chr6g0467641	MtrunA17Chr6g0467641			medtr.A17.gnm5.MtrunA17Chr6	-	16608614	16610573	-2.30009745155345	0.155211520342816	NS	-5.07801671680249	0.00296997390428199	DOWN
DOWN	A485_only	medtr.A17.gnm5.ann1_6.MtrunA17Chr4g0048911	MtrunA17Chr4g0048911	MtTPS3	terpene synthase 3 (TC172576)	medtr.A17.gnm5.MtrunA17Chr4	-	44428935	44432194	-1.73977950842405	0.651281491003318	NS	-4.97846659373767	0.0116189833098292	DOWN
DOWN	A485_only	medtr.A17.gnm5.ann1_6.MtrunA17Chr1g0185741	MtrunA17Chr1g0185741			medtr.A17.gnm5.MtrunA17Chr1	+	36091899	36094915	-1.47373447944173	0.631673867379084	NS	-4.9669080717726	0.000969279233811031	DOWN
DOWN	A485_only	medtr.A17.gnm5.ann1_6.MtrunA17Chr4g0014681	MtrunA17Chr4g0014681			medtr.A17.gnm5.MtrunA17Chr4	+	12033738	12035734	0.327567455215147	0.999999979788073	NS	-4.93466746032274	0.0339256059389888	DOWN
DOWN	A485_only	medtr.A17.gnm5.ann1_6.MtrunA17Chr5g0430891	MtrunA17Chr5g0430891			medtr.A17.gnm5.MtrunA17Chr5	-	31950925	31952160	-0.905019937792883	0.999999979788073	NS	-4.93428869446023	0.00104298512429644	DOWN
DOWN	A485_only	medtr.A17.gnm5.ann1_6.MtrunA17Chr5g0419291	MtrunA17Chr5g0419291			medtr.A17.gnm5.MtrunA17Chr5	-	19574669	19576112	-0.482966865471462	0.999999979788073	NS	-4.89688231436983	0.000191471947339009	DOWN
DOWN	A485_only	medtr.A17.gnm5.ann1_6.MtrunA17Chr4g0028511	MtrunA17Chr4g0028511			medtr.A17.gnm5.MtrunA17Chr4	-	29419986	29421155	-3.70043745281073	0.0613359313300976	NS	-4.85658213261461	0.014978905342354	DOWN
DOWN	A485_only	medtr.A17.gnm5.ann1_6.MtrunA17Chr3g0079371	MtrunA17Chr3g0079371			medtr.A17.gnm5.MtrunA17Chr3	+	1700447	1701433	-1.64973905617364	0.813194917692016	NS	-4.79611684987282	0.0381833170140259	DOWN
DOWN	A485_only	medtr.A17.gnm5.ann1_6.MtrunA17Chr7g0233191	MtrunA17Chr7g0233191			medtr.A17.gnm5.MtrunA17Chr7	-	23646890	23648137	-2.72084791569655	0.0537611822699828	NS	-4.78981877894222	0.00162331423048456	DOWN
DOWN	A485_only	medtr.A17.gnm5.ann1_6.MtrunA17Chr4g0057231	MtrunA17Chr4g0057231			medtr.A17.gnm5.MtrunA17Chr4	-	50501405	50502333	-3.09835153180606	0.121645484545058	NS	-4.78526163083604	0.00866713597542266	DOWN
DOWN	A485_only	medtr.A17.gnm5.ann1_6.MtrunA17Chr3g0082541	MtrunA17Chr3g0082541			medtr.A17.gnm5.MtrunA17Chr3	+	4299770	4300924	-2.41741089354638	0.0517929662662067	NS	-4.75121174518966	0.000408655082783983	DOWN
DOWN	A485_only	medtr.A17.gnm5.ann1_6.MtrunA17Chr5g0406841	MtrunA17Chr5g0406841			medtr.A17.gnm5.MtrunA17Chr5	-	9598092	9601487	-2.63178585448365	0.110984716482213	NS	-4.72501650136291	0.00152446657263738	DOWN
DOWN	A485_only	medtr.A17.gnm5.ann1_6.MtrunA17Chr7g0250711	MtrunA17Chr7g0250711			medtr.A17.gnm5.MtrunA17Chr7	+	38171184	38172084	-0.846184130289385	0.999999979788073	NS	-4.7092861382536	0.00610331787635218	DOWN
DOWN	A485_only	medtr.A17.gnm5.ann1_6.MtrunA17Chr3g0092931	MtrunA17Chr3g0092931	MtLegin41	Leginsulin	medtr.A17.gnm5.MtrunA17Chr3	+	14702789	14704202	-1.35258290550965	0.789232978454668	NS	-4.69366003858353	0.000189503904493811	DOWN
DOWN	A485_only	medtr.A17.gnm5.ann1_6.MtrunA17Chr4g0057221	MtrunA17Chr4g0057221			medtr.A17.gnm5.MtrunA17Chr4	-	50496080	50499872	-2.9453443801261	0.135113138171179	NS	-4.67056826146812	0.0147147792265204	DOWN
DOWN	A485_only	medtr.A17.gnm5.ann1_6.MtrunA17Chr4g0022931	MtrunA17Chr4g0022931	MtMYB007	Myeloblastosis (MYB) transcription factor 7	medtr.A17.gnm5.MtrunA17Chr4	-	23179665	23181401	-2.63615000320398	0.0678800829946536	NS	-4.66032947780276	0.00119924782754216	DOWN
DOWN	A485_only	medtr.A17.gnm5.ann1_6.MtrunA17Chr6g0465131	MtrunA17Chr6g0465131			medtr.A17.gnm5.MtrunA17Chr6	+	14250555	14266909	-2.2765603281081	0.302943083838706	NS	-4.65915145924722	0.010683163054447	DOWN
DOWN	A485_only	medtr.A17.gnm5.ann1_6.MtrunA17Chr5g0407161	MtrunA17Chr5g0407161			medtr.A17.gnm5.MtrunA17Chr5	-	9814023	9817095	-0.695590611417769	0.999999979788073	NS	-4.62488909921508	0.0258613621057232	DOWN
DOWN	A485_only	medtr.A17.gnm5.ann1_6.MtrunA17Chr1g0164431	MtrunA17Chr1g0164431			medtr.A17.gnm5.MtrunA17Chr1	-	14259217	14260087	-1.49606743734742	0.502334826072031	NS	-4.57645289058343	0.000310882392721669	DOWN
DOWN	A485_only	medtr.A17.gnm5.ann1_6.MtrunA17Chr4g0023111	MtrunA17Chr4g0023111			medtr.A17.gnm5.MtrunA17Chr4	+	23577133	23581233	-1.56155666778346	0.646910898480059	NS	-4.57337346190553	0.00767519490694142	DOWN
DOWN	A485_only	medtr.A17.gnm5.ann1_6.MtrunA17Chr1g0199881	MtrunA17Chr1g0199881			medtr.A17.gnm5.MtrunA17Chr1	+	46578833	46579518	-2.34905599417507	0.219096999600918	NS	-4.57116558401622	0.0116189833098292	DOWN
DOWN	A485_only	medtr.A17.gnm5.ann1_6.MtrunA17Chr2g0288011	MtrunA17Chr2g0288011			medtr.A17.gnm5.MtrunA17Chr2	+	7950274	7952522	-1.68277821768489	0.378186458829244	NS	-4.55359374379374	0.00109525592731183	DOWN
DOWN	A485_only	medtr.A17.gnm5.ann1_6.MtrunA17Chr4g0037451	MtrunA17Chr4g0037451			medtr.A17.gnm5.MtrunA17Chr4	-	36070516	36070989	-2.45314436480375	0.301024584459088	NS	-4.53027039948852	0.0328756308218299	DOWN
DOWN	A485_only	medtr.A17.gnm5.ann1_6.MtrunA17Chr5g0406671	MtrunA17Chr5g0406671			medtr.A17.gnm5.MtrunA17Chr5	-	9436086	9438773	-2.30794548816262	0.157157797539228	NS	-4.52717335347806	0.00391604045263477	DOWN
DOWN	A485_only	medtr.A17.gnm5.ann1_6.MtrunA17Chr7g0258911	MtrunA17Chr7g0258911			medtr.A17.gnm5.MtrunA17Chr7	+	44049054	44050472	-2.24446963048123	0.165288842479675	NS	-4.52021199250814	0.00105119397657998	DOWN
DOWN	A485_only	medtr.A17.gnm5.ann1_6.MtrunA17Chr1g0199681	MtrunA17Chr1g0199681	MtARF1|MtARF16a	auxin response factor	medtr.A17.gnm5.MtrunA17Chr1	+	46380210	46383301	-1.35606727115229	0.999999979788073	NS	-4.50331717239534	0.0474777868642237	DOWN
DOWN	A485_only	medtr.A17.gnm5.ann1_6.MtrunA17Chr8g0377351	MtrunA17Chr8g0377351			medtr.A17.gnm5.MtrunA17Chr8	+	38690957	38693186	-0.774847859268894	0.999999979788073	NS	-4.45834894845038	0.0214071951044868	DOWN
DOWN	A485_only	medtr.A17.gnm5.ann1_6.MtrunA17Chr6g0486741	MtrunA17Chr6g0486741			medtr.A17.gnm5.MtrunA17Chr6	-	41094620	41096329	-0.00490894100809179	0.999999979788073	NS	-4.38727960434498	0.0202253132432594	DOWN
DOWN	A485_only	medtr.A17.gnm5.ann1_6.MtrunA17Chr1g0203141	MtrunA17Chr1g0203141	MtCYP715A26	Cytochrome P450 monooxygenase	medtr.A17.gnm5.MtrunA17Chr1	-	49055302	49058456	-2.37137627874498	0.235129258756884	NS	-4.38128941546482	0.00921449944015432	DOWN
DOWN	A485_only	medtr.A17.gnm5.ann1_6.MtrunA17Chr5g0411131	MtrunA17Chr5g0411131			medtr.A17.gnm5.MtrunA17Chr5	+	12686756	12689348	-1.9481933314067	0.188875698044417	NS	-4.38063911245163	0.00105119397657998	DOWN
DOWN	A485_only	medtr.A17.gnm5.ann1_6.MtrunA17Chr4g0053241	MtrunA17Chr4g0053241			medtr.A17.gnm5.MtrunA17Chr4	+	47183279	47187808	-1.46070156900978	0.930145602384019	NS	-4.37512657505971	0.0397494727960054	DOWN
DOWN	A485_only	medtr.A17.gnm5.ann1_6.MtrunA17Chr2g0300251	MtrunA17Chr2g0300251			medtr.A17.gnm5.MtrunA17Chr2	-	18037340	18042910	-2.19703945241409	0.394759505284947	NS	-4.30669635264334	0.0300993372052255	DOWN
DOWN	A485_only	medtr.A17.gnm5.ann1_6.MtrunA17Chr6g0481241	MtrunA17Chr6g0481241			medtr.A17.gnm5.MtrunA17Chr6	+	36164239	36170070	-1.67524961073099	0.273709328496625	NS	-4.30582756292306	0.000268783210574839	DOWN
DOWN	A485_only	medtr.A17.gnm5.ann1_6.MtrunA17Chr2g0329401	MtrunA17Chr2g0329401	MtACR4-2	CRINKLY4 -2 (Serine/threonine protein kinase-like)	medtr.A17.gnm5.MtrunA17Chr2	+	48462378	48465497	-0.678343257965472	0.999999979788073	NS	-4.28001225327396	0.00895778543732916	DOWN
DOWN	A485_only	medtr.A17.gnm5.ann1_6.MtrunA17Chr3g0105081	MtrunA17Chr3g0105081	MtMOT1.3	Molybdate transporter	medtr.A17.gnm5.MtrunA17Chr3	-	29036049	29038987	-2.18217562366612	0.487964551040097	NS	-4.27454693561126	0.0128775771402011	DOWN
DOWN	A485_only	medtr.A17.gnm5.ann1_6.MtrunA17Chr6g0487091	MtrunA17Chr6g0487091	MtMATE53	multidrug and toxic compound extrusion family	medtr.A17.gnm5.MtrunA17Chr6	+	41428443	41430559	-2.13078543524673	0.12007692672005	NS	-4.2465972300276	0.00108953749123908	DOWN
DOWN	A485_only	medtr.A17.gnm5.ann1_6.MtrunA17Chr7g0237951	MtrunA17Chr7g0237951	MtNCR-new77	Nodule-specific Cysteine-Rich peptide	medtr.A17.gnm5.MtrunA17Chr7	+	28019144	28019801	-1.33543685555487	0.901473429522376	NS	-4.22678248495353	0.00700106715812014	DOWN
DOWN	A485_only	medtr.A17.gnm5.ann1_6.MtrunA17Chr1g0154571	MtrunA17Chr1g0154571			medtr.A17.gnm5.MtrunA17Chr1	+	6722096	6723786	-2.22632290779372	0.18396350626518	NS	-4.20317321473784	0.00221717112868137	DOWN
DOWN	A485_only	medtr.A17.gnm5.ann1_6.MtrunA17Chr7g0225401	MtrunA17Chr7g0225401			medtr.A17.gnm5.MtrunA17Chr7	-	10483508	10484736	-1.75810714409946	0.653824151890757	NS	-4.19334751382488	0.0338547291370233	DOWN
DOWN	A485_only	medtr.A17.gnm5.ann1_6.MtrunA17Chr4g0014591	MtrunA17Chr4g0014591			medtr.A17.gnm5.MtrunA17Chr4	-	11942047	11943806	0.274792915986542	0.999999979788073	NS	-4.19017705848014	0.0401287142301702	DOWN
DOWN	A485_only	medtr.A17.gnm5.ann1_6.MtrunA17Chr7g0250361	MtrunA17Chr7g0250361			medtr.A17.gnm5.MtrunA17Chr7	-	37822366	37826034	-0.919146674312552	0.999999979788073	NS	-4.18338360634559	0.0312744735267284	DOWN
DOWN	A485_only	medtr.A17.gnm5.ann1_6.MtrunA17Chr5g0408611	MtrunA17Chr5g0408611			medtr.A17.gnm5.MtrunA17Chr5	-	10671626	10675033	-2.22970077058421	0.205637337123537	NS	-4.12246605349233	0.00720166523258805	DOWN
DOWN	A485_only	medtr.A17.gnm5.ann1_6.MtrunA17Chr7g0228861	MtrunA17Chr7g0228861			medtr.A17.gnm5.MtrunA17Chr7	+	14480316	14482002	-1.67678486680477	0.864073204952293	NS	-4.09481252214654	0.0399286501662449	DOWN
DOWN	A485_only	medtr.A17.gnm5.ann1_6.MtrunA17Chr6g0485221	MtrunA17Chr6g0485221			medtr.A17.gnm5.MtrunA17Chr6	-	39735052	39736659	-0.76497507563424	0.999999979788073	NS	-4.0816284837661	0.0274032446543721	DOWN
DOWN	A485_only	medtr.A17.gnm5.ann1_6.MtrunA17Chr8g0379321	MtrunA17Chr8g0379321			medtr.A17.gnm5.MtrunA17Chr8	-	40047183	40048439	-2.12618306640445	0.186401984520335	NS	-4.05846258576462	0.00200425008351901	DOWN
DOWN	A485_only	medtr.A17.gnm5.ann1_6.MtrunA17Chr2g0312951	MtrunA17Chr2g0312951			medtr.A17.gnm5.MtrunA17Chr2	-	35736170	35738706	-1.56974646734213	0.42718140446846	NS	-4.05508111063557	0.000206977326263872	DOWN
DOWN	A485_only	medtr.A17.gnm5.ann1_6.MtrunA17Chr8g0372021	MtrunA17Chr8g0372021	MtPDF50	Plant Defensin	medtr.A17.gnm5.MtrunA17Chr8	-	34606941	34607900	-1.87177384959515	0.284193952603082	NS	-4.05000018857638	0.00263615158916106	DOWN
DOWN	A485_only	medtr.A17.gnm5.ann1_6.MtrunA17Chr2g0295491	MtrunA17Chr2g0295491			medtr.A17.gnm5.MtrunA17Chr2	-	13922712	13923266	-0.682956516949051	0.999999979788073	NS	-4.04423295114257	0.0148304846137868	DOWN
DOWN	A485_only	medtr.A17.gnm5.ann1_6.MtrunA17Chr6g0480921	MtrunA17Chr6g0480921			medtr.A17.gnm5.MtrunA17Chr6	+	35665673	35668345	-1.99385878780589	0.145762973854725	NS	-4.04289906069603	0.000997141438979661	DOWN
DOWN	A485_only	medtr.A17.gnm5.ann1_6.MtrunA17Chr5g0401721	MtrunA17Chr5g0401721			medtr.A17.gnm5.MtrunA17Chr5	-	5913482	5915020	-1.78864001137885	0.116906204695027	NS	-4.04044294383479	5.17944824404958e-05	DOWN
DOWN	A485_only	medtr.A17.gnm5.ann1_6.MtrunA17Chr6g0451061	MtrunA17Chr6g0451061	MtZIP14	Zinc-Iron Permease 14	medtr.A17.gnm5.MtrunA17Chr6	-	1687429	1689887	-1.34033437931399	0.720842362796067	NS	-4.03823700309971	0.000452842816725495	DOWN
DOWN	A485_only	medtr.A17.gnm5.ann1_6.MtrunA17Chr6g0464251	MtrunA17Chr6g0464251			medtr.A17.gnm5.MtrunA17Chr6	-	13441114	13441895	-3.85007571031546	0.0923290202569318	NS	-4.0300233709224	0.0383953967068579	DOWN
DOWN	A485_only	medtr.A17.gnm5.ann1_6.MtrunA17Chr1g0207981	MtrunA17Chr1g0207981			medtr.A17.gnm5.MtrunA17Chr1	-	52354491	52356203	-2.27009202902074	0.298069710730945	NS	-4.02947075082238	0.0165734645695607	DOWN
DOWN	A485_only	medtr.A17.gnm5.ann1_6.MtrunA17Chr5g0408661	MtrunA17Chr5g0408661			medtr.A17.gnm5.MtrunA17Chr5	-	10715175	10716705	-1.41039253753923	0.737625341985879	NS	-4.02934248971237	0.00387047809329284	DOWN
DOWN	A485_only	medtr.A17.gnm5.ann1_6.MtrunA17Chr7g0256741	MtrunA17Chr7g0256741			medtr.A17.gnm5.MtrunA17Chr7	-	42513533	42515537	-2.19582912203478	0.276546593046304	NS	-4.01445059336819	0.0166896658740036	DOWN
DOWN	A485_only	medtr.A17.gnm5.ann1_6.MtrunA17Chr5g0435431	MtrunA17Chr5g0435431			medtr.A17.gnm5.MtrunA17Chr5	+	35465798	35466439	-1.87928925034754	0.600285062831021	NS	-3.9747254476598	0.0463894897687646	DOWN
DOWN	A485_only	medtr.A17.gnm5.ann1_6.MtrunA17Chr8g0347571	MtrunA17Chr8g0347571			medtr.A17.gnm5.MtrunA17Chr8	-	10456444	10460048	-1.89807887850201	0.215448411065551	NS	-3.96000989903588	0.00142618228673894	DOWN
DOWN	A485_only	medtr.A17.gnm5.ann1_6.MtrunA17Chr6g0480421	MtrunA17Chr6g0480421			medtr.A17.gnm5.MtrunA17Chr6	+	35196154	35201556	-1.64996491292414	0.612518586365163	NS	-3.95613666176238	0.0136813411013462	DOWN
DOWN	A485_only	medtr.A17.gnm5.ann1_6.MtrunA17Chr3g0116011	MtrunA17Chr3g0116011			medtr.A17.gnm5.MtrunA17Chr3	+	37315798	37318071	-2.83547110060784	0.053874280486835	NS	-3.94335697409507	0.00272263649418193	DOWN
DOWN	A485_only	medtr.A17.gnm5.ann1_6.MtrunA17Chr7g0259871	MtrunA17Chr7g0259871			medtr.A17.gnm5.MtrunA17Chr7	-	44791779	44793823	-2.47612962503887	0.0674060367712043	NS	-3.93959910511151	0.00151945217408829	DOWN
DOWN	A485_only	medtr.A17.gnm5.ann1_6.MtrunA17Chr1g0175091	MtrunA17Chr1g0175091			medtr.A17.gnm5.MtrunA17Chr1	-	26491309	26495118	-1.7952715801822	0.123643417310912	NS	-3.92977221470836	0.000103892634477563	DOWN
DOWN	A485_only	medtr.A17.gnm5.ann1_6.MtrunA17Chr3g0123331	MtrunA17Chr3g0123331	MtNPL	nodulation pectate lyase (LjNPL orthologue)	medtr.A17.gnm5.MtrunA17Chr3	+	42528581	42530990	-2.03523483345923	0.379794768901214	NS	-3.92313114302128	0.0184591497236313	DOWN
DOWN	A485_only	medtr.A17.gnm5.ann1_6.MtrunA17Chr3g0134761	MtrunA17Chr3g0134761			medtr.A17.gnm5.MtrunA17Chr3	+	50924415	50929211	-1.57188423490351	0.505836423487944	NS	-3.91726400497112	0.00292049214350474	DOWN
DOWN	A485_only	medtr.A17.gnm5.ann1_6.MtrunA17Chr8g0366741	MtrunA17Chr8g0366741			medtr.A17.gnm5.MtrunA17Chr8	-	30528541	30533068	-1.34647834342977	0.939219455309282	NS	-3.90231737012956	0.0174703681782319	DOWN
DOWN	A485_only	medtr.A17.gnm5.ann1_6.MtrunA17Chr8g0359281	MtrunA17Chr8g0359281			medtr.A17.gnm5.MtrunA17Chr8	+	22605244	22607094	-0.856085404829251	0.999999979788073	NS	-3.88228028464085	0.00146589432572146	DOWN
DOWN	A485_only	medtr.A17.gnm5.ann1_6.MtrunA17Chr4g0021871	MtrunA17Chr4g0021871			medtr.A17.gnm5.MtrunA17Chr4	+	20763038	20763792	-1.11956317520925	0.999999979788073	NS	-3.87457334133013	0.0208962175733042	DOWN
DOWN	A485_only	medtr.A17.gnm5.ann1_6.MtrunA17Chr5g0427111	MtrunA17Chr5g0427111			medtr.A17.gnm5.MtrunA17Chr5	+	28917735	28920277	-2.09702696575299	0.0797706438497173	NS	-3.83761877094152	0.000252628150727118	DOWN
DOWN	A485_only	medtr.A17.gnm5.ann1_6.MtrunA17Chr3g0110191	MtrunA17Chr3g0110191			medtr.A17.gnm5.MtrunA17Chr3	+	32901276	32903563	-1.94078272476217	0.165856671396126	NS	-3.83753053261547	0.000310882392721669	DOWN
DOWN	A485_only	medtr.A17.gnm5.ann1_6.MtrunA17Chr7g0250401	MtrunA17Chr7g0250401			medtr.A17.gnm5.MtrunA17Chr7	+	37904145	37908000	-1.31439288592983	0.989342928043356	NS	-3.80368143966992	0.00383004913711273	DOWN
DOWN	A485_only	medtr.A17.gnm5.ann1_6.MtrunA17Chr3g0099911	MtrunA17Chr3g0099911			medtr.A17.gnm5.MtrunA17Chr3	+	24636634	24641478	-1.05724382204804	0.999999979788073	NS	-3.79774313477447	0.0306877573390483	DOWN
DOWN	A485_only	medtr.A17.gnm5.ann1_6.MtrunA17Chr6g0487101	MtrunA17Chr6g0487101			medtr.A17.gnm5.MtrunA17Chr6	-	41442758	41447823	-1.34574164807353	0.586317691521828	NS	-3.79527905478957	0.000193507268206078	DOWN
DOWN	A485_only	medtr.A17.gnm5.ann1_6.MtrunA17Chr7g0245361	MtrunA17Chr7g0245361			medtr.A17.gnm5.MtrunA17Chr7	-	34413211	34415089	-3.08116800032528	0.0556605034231892	NS	-3.78878459654621	0.0110543547425205	DOWN
DOWN	A485_only	medtr.A17.gnm5.ann1_6.MtrunA17Chr2g0332221	MtrunA17Chr2g0332221	MtABCG11	ATP-binding cassette (ABC) transporter type G (XM_003597770)	medtr.A17.gnm5.MtrunA17Chr2	-	50334622	50341497	-1.80106196056736	0.528394536438841	NS	-3.7846595683885	0.0055664307924401	DOWN
DOWN	A485_only	medtr.A17.gnm5.ann1_6.MtrunA17Chr6g0464241	MtrunA17Chr6g0464241			medtr.A17.gnm5.MtrunA17Chr6	+	13440714	13442297	-3.82699928159411	0.0697083240728625	NS	-3.77344032165892	0.0342363717409901	DOWN
DOWN	A485_only	medtr.A17.gnm5.ann1_6.MtrunA17Chr4g0063701	MtrunA17Chr4g0063701			medtr.A17.gnm5.MtrunA17Chr4	+	55177821	55180311	-1.02267958353538	0.999999979788073	NS	-3.73228569313217	0.0189728017618273	DOWN
DOWN	A485_only	medtr.A17.gnm5.ann1_6.MtrunA17Chr5g0400671	MtrunA17Chr5g0400671			medtr.A17.gnm5.MtrunA17Chr5	+	4951803	4955764	-2.17824493687974	0.216794447677833	NS	-3.72142361434632	0.00673571649320711	DOWN
DOWN	A485_only	medtr.A17.gnm5.ann1_6.MtrunA17Chr2g0312961	MtrunA17Chr2g0312961			medtr.A17.gnm5.MtrunA17Chr2	+	35737800	35738123	-1.96346396876425	0.290449869507048	NS	-3.71240856657162	0.00574444606142313	DOWN
DOWN	A485_only	medtr.A17.gnm5.ann1_6.MtrunA17Chr2g0317881	MtrunA17Chr2g0317881			medtr.A17.gnm5.MtrunA17Chr2	-	39678051	39679693	-0.338603315573524	0.999999979788073	NS	-3.71184764090702	0.0348564336709643	DOWN
DOWN	A485_only	medtr.A17.gnm5.ann1_6.MtrunA17Chr3g0118221	MtrunA17Chr3g0118221			medtr.A17.gnm5.MtrunA17Chr3	-	38922300	38923884	-1.92616971974014	0.1323169309932	NS	-3.70696587992401	0.000484397841232506	DOWN
DOWN	A485_only	medtr.A17.gnm5.ann1_6.MtrunA17Chr3g0114601	MtrunA17Chr3g0114601			medtr.A17.gnm5.MtrunA17Chr3	-	36024294	36026128	-2.24434519291165	0.0558406862940972	NS	-3.69605096880997	0.000979081616966027	DOWN
DOWN	A485_only	medtr.A17.gnm5.ann1_6.MtrunA17Chr3g0114191	MtrunA17Chr3g0114191			medtr.A17.gnm5.MtrunA17Chr3	+	35758940	35762267	-0.562655421545457	0.999999979788073	NS	-3.69375873382878	0.00266393013926254	DOWN
DOWN	A485_only	medtr.A17.gnm5.ann1_6.MtrunA17Chr8g0335331	MtrunA17Chr8g0335331	MtEDN3	ERF differentially regulated during nodulation 3	medtr.A17.gnm5.MtrunA17Chr8	+	873651	874572	-0.710013978496408	0.999999979788073	NS	-3.68826825251742	0.0443826300955167	DOWN
DOWN	A485_only	medtr.A17.gnm5.ann1_6.MtrunA17Chr7g0242981	MtrunA17Chr7g0242981			medtr.A17.gnm5.MtrunA17Chr7	+	32398198	32401821	-1.46450417202815	0.813863237001703	NS	-3.68444636065897	0.0241768153886858	DOWN
DOWN	A485_only	medtr.A17.gnm5.ann1_6.MtrunA17Chr4g0033471	MtrunA17Chr4g0033471			medtr.A17.gnm5.MtrunA17Chr4	+	33453875	33454256	-1.46851866751452	0.898789376232385	NS	-3.68200298437307	0.046109255836898	DOWN
DOWN	A485_only	medtr.A17.gnm5.ann1_6.MtrunA17Chr3g0129071	MtrunA17Chr3g0129071			medtr.A17.gnm5.MtrunA17Chr3	-	46662347	46663715	-0.166715393580194	0.999999979788073	NS	-3.68140398138131	0.00583194708846165	DOWN
DOWN	A485_only	medtr.A17.gnm5.ann1_6.MtrunA17Chr4g0070891	MtrunA17Chr4g0070891			medtr.A17.gnm5.MtrunA17Chr4	-	60385837	60388196	-3.38792450276533	0.161701443388597	NS	-3.68128412390829	0.0490121706097559	DOWN
DOWN	A485_only	medtr.A17.gnm5.ann1_6.MtrunA17Chr1g0192781	MtrunA17Chr1g0192781	MtNAS1	nicotianamide synthase	medtr.A17.gnm5.MtrunA17Chr1	+	41340836	41342340	-2.81877966675381	0.0808172667150563	NS	-3.67726298606177	0.0109451659540252	DOWN
DOWN	A485_only	medtr.A17.gnm5.ann1_6.MtrunA17Chr5g0401631	MtrunA17Chr5g0401631			medtr.A17.gnm5.MtrunA17Chr5	+	5830932	5833526	-0.467620376892157	0.999999979788073	NS	-3.67509645779007	0.0272592834307446	DOWN
DOWN	A485_only	medtr.A17.gnm5.ann1_6.MtrunA17Chr7g0265061	MtrunA17Chr7g0265061			medtr.A17.gnm5.MtrunA17Chr7	-	48465459	48466639	-1.14418600300983	0.999999979788073	NS	-3.67012702360449	0.0239296503855125	DOWN
DOWN	A485_only	medtr.A17.gnm5.ann1_6.MtrunA17Chr4g0012171	MtrunA17Chr4g0012171	MtNCR617	Nodule-specific Cysteine-Rich peptide	medtr.A17.gnm5.MtrunA17Chr4	-	9697640	9698319	-0.816179027562476	0.999999979788073	NS	-3.66838066601055	0.0137256109844968	DOWN
DOWN	A485_only	medtr.A17.gnm5.ann1_6.MtrunA17Chr1g0185551	MtrunA17Chr1g0185551			medtr.A17.gnm5.MtrunA17Chr1	+	35949975	35951879	-1.17100012432458	0.999999979788073	NS	-3.63157594068946	0.00150207965185657	DOWN
DOWN	A485_only	medtr.A17.gnm5.ann1_6.MtrunA17Chr7g0240511	MtrunA17Chr7g0240511			medtr.A17.gnm5.MtrunA17Chr7	-	30337060	30339584	-0.143814328550866	0.999999979788073	NS	-3.62904858483328	0.0397706335382684	DOWN
DOWN	A485_only	medtr.A17.gnm5.ann1_6.MtrunA17Chr4g0034291	MtrunA17Chr4g0034291			medtr.A17.gnm5.MtrunA17Chr4	+	33985118	33986123	-1.41476880411762	0.645282306675133	NS	-3.62894045376499	0.000785129328952898	DOWN
DOWN	A485_only	medtr.A17.gnm5.ann1_6.MtrunA17Chr6g0486451	MtrunA17Chr6g0486451			medtr.A17.gnm5.MtrunA17Chr6	-	40803867	40807549	-2.01700709988791	0.24618001783184	NS	-3.62712957498434	0.0075471250009953	DOWN
DOWN	A485_only	medtr.A17.gnm5.ann1_6.MtrunA17Chr2g0328451	MtrunA17Chr2g0328451			medtr.A17.gnm5.MtrunA17Chr2	-	47747336	47750194	-1.50870314263411	0.832546282407219	NS	-3.62618093088474	0.0346574203207273	DOWN
DOWN	A485_only	medtr.A17.gnm5.ann1_6.MtrunA17Chr4g0058531	MtrunA17Chr4g0058531			medtr.A17.gnm5.MtrunA17Chr4	-	51469971	51470614	-0.611155565984605	0.999999979788073	NS	-3.62422782891266	0.0462695525434763	DOWN
DOWN	A485_only	medtr.A17.gnm5.ann1_6.MtrunA17Chr7g0267231	MtrunA17Chr7g0267231			medtr.A17.gnm5.MtrunA17Chr7	-	50043913	50044979	-3.18435420979559	0.0915294850717126	NS	-3.60825747883052	0.0302323839062687	DOWN
DOWN	A485_only	medtr.A17.gnm5.ann1_6.MtrunA17Chr5g0393841	MtrunA17Chr5g0393841	MtNMN1	Nucleolar/Mitochondrial protein involved in Nodulation	medtr.A17.gnm5.MtrunA17Chr5	-	374493	375343	-2.13319149495431	0.397428329334429	NS	-3.60625744823051	0.045568673147472	DOWN
DOWN	A485_only	medtr.A17.gnm5.ann1_6.MtrunA17Chr7g0260621	MtrunA17Chr7g0260621			medtr.A17.gnm5.MtrunA17Chr7	-	45384732	45386133	-2.88668803787068	0.15375728857009	NS	-3.60268916902221	0.040716999126485	DOWN
DOWN	A485_only	medtr.A17.gnm5.ann1_6.MtrunA17Chr7g0250351	MtrunA17Chr7g0250351			medtr.A17.gnm5.MtrunA17Chr7	+	37822347	37826001	-1.3144501444551	0.999999979788073	NS	-3.60238585742703	0.0388030875918288	DOWN
DOWN	A485_only	medtr.A17.gnm5.ann1_6.MtrunA17Chr7g0217371	MtrunA17Chr7g0217371			medtr.A17.gnm5.MtrunA17Chr7	+	2925947	2928745	-1.92724797265682	0.466381211410457	NS	-3.59721292754051	0.0322964413147337	DOWN
DOWN	A485_only	medtr.A17.gnm5.ann1_6.MtrunA17Chr2g0333851	MtrunA17Chr2g0333851			medtr.A17.gnm5.MtrunA17Chr2	+	51557949	51560290	-1.50725922334404	0.721181378041049	NS	-3.59099637014595	0.00368356478439549	DOWN
DOWN	A485_only	medtr.A17.gnm5.ann1_6.MtrunA17Chr3g0094551	MtrunA17Chr3g0094551			medtr.A17.gnm5.MtrunA17Chr3	+	17619866	17621928	-1.30844501147756	0.999999979788073	NS	-3.5836155954511	0.0268401679576257	DOWN
DOWN	A485_only	medtr.A17.gnm5.ann1_6.MtrunA17Chr3g0106211	MtrunA17Chr3g0106211			medtr.A17.gnm5.MtrunA17Chr3	-	30041577	30043991	-3.00419761694859	0.0794582063001443	NS	-3.57990665922161	0.0207589543166083	DOWN
DOWN	A485_only	medtr.A17.gnm5.ann1_6.MtrunA17Chr7g0214461	MtrunA17Chr7g0214461	MtNPF7.4	NRT1/ PTR FAMILY|nitrate transporter / peptide transporter	medtr.A17.gnm5.MtrunA17Chr7	+	522415	525993	-1.12266810857046	0.999999979788073	NS	-3.57610858540175	0.00035619443724406	DOWN
DOWN	A485_only	medtr.A17.gnm5.ann1_6.MtrunA17Chr6g0481231	MtrunA17Chr6g0481231			medtr.A17.gnm5.MtrunA17Chr6	+	36160649	36164237	-1.81428087359003	0.16887844645167	NS	-3.55945987958058	0.000531738461221029	DOWN
DOWN	A485_only	medtr.A17.gnm5.ann1_6.MtrunA17Chr3g0126391	MtrunA17Chr3g0126391			medtr.A17.gnm5.MtrunA17Chr3	-	44714994	44716993	-2.38886296948229	0.074841766472404	NS	-3.55910513611854	0.00251510461929288	DOWN
DOWN	A485_only	medtr.A17.gnm5.ann1_6.MtrunA17Chr5g0400511	MtrunA17Chr5g0400511	MtLAT52/POE_10	Late Anther Tomato52/Pollen Ole e 1 Allergen and Extensin	medtr.A17.gnm5.MtrunA17Chr5	-	4808633	4810319	-0.176871197251061	0.999999979788073	NS	-3.55089524277698	0.0296283417332403	DOWN
DOWN	A485_only	medtr.A17.gnm5.ann1_6.MtrunA17Chr2g0310081	MtrunA17Chr2g0310081			medtr.A17.gnm5.MtrunA17Chr2	-	32970636	32973847	-1.88026189628415	0.252938061640295	NS	-3.52595619297822	0.00174834631764009	DOWN
DOWN	A485_only	medtr.A17.gnm5.ann1_6.MtrunA17Chr4g0028161	MtrunA17Chr4g0028161			medtr.A17.gnm5.MtrunA17Chr4	-	29104878	29106659	-1.90172572936876	0.136808504763285	NS	-3.52223265045302	0.0006850539884639	DOWN
DOWN	A485_only	medtr.A17.gnm5.ann1_6.MtrunA17Chr8g0350201	MtrunA17Chr8g0350201			medtr.A17.gnm5.MtrunA17Chr8	+	12317707	12322143	-2.57945548734033	0.0825288546873494	NS	-3.51749687068322	0.00720446181181278	DOWN
DOWN	A485_only	medtr.A17.gnm5.ann1_6.MtrunA17Chr5g0412501	MtrunA17Chr5g0412501			medtr.A17.gnm5.MtrunA17Chr5	-	13930578	13931880	-0.98533733728945	0.999999979788073	NS	-3.51626788001374	0.0242946936958752	DOWN
DOWN	A485_only	medtr.A17.gnm5.ann1_6.MtrunA17Chr6g0474321	MtrunA17Chr6g0474321			medtr.A17.gnm5.MtrunA17Chr6	+	28040285	28044891	-2.92979307627797	0.0528157984995458	NS	-3.50631498735259	0.0109912612907283	DOWN
DOWN	A485_only	medtr.A17.gnm5.ann1_6.MtrunA17Chr3g0091141	MtrunA17Chr3g0091141	MtCKX6	cytokinin oxydase 6	medtr.A17.gnm5.MtrunA17Chr3	-	12390190	12394564	-1.75494812253878	0.437896453654486	NS	-3.50511806973093	0.0114008096318015	DOWN
DOWN	A485_only	medtr.A17.gnm5.ann1_6.MtrunA17Chr6g0485181	MtrunA17Chr6g0485181			medtr.A17.gnm5.MtrunA17Chr6	+	39713170	39716569	-1.36882367836772	0.585404692778138	NS	-3.5032702699828	0.000148068742134736	DOWN
DOWN	A485_only	medtr.A17.gnm5.ann1_6.MtrunA17Chr5g0402701	MtrunA17Chr5g0402701			medtr.A17.gnm5.MtrunA17Chr5	-	6737746	6740408	-1.49193490284122	0.391080548972298	NS	-3.50104449163263	0.000155464583522067	DOWN
DOWN	A485_only	medtr.A17.gnm5.ann1_6.MtrunA17Chr1g0205911	MtrunA17Chr1g0205911			medtr.A17.gnm5.MtrunA17Chr1	-	51054286	51055639	-1.62747141733432	0.466324224230314	NS	-3.4983672786759	0.00241417169210599	DOWN
DOWN	A485_only	medtr.A17.gnm5.ann1_6.MtrunA17Chr1g0195851	MtrunA17Chr1g0195851	MtCbf4|MtNF-YB6	CAAT-box transcription factor 4|nuclear factor Y subunit B6	medtr.A17.gnm5.MtrunA17Chr1	-	43620434	43622497	-1.8620455814439	0.443230750738253	NS	-3.49698474965174	0.0245152187665885	DOWN
DOWN	A485_only	medtr.A17.gnm5.ann1_6.MtrunA17Chr8g0371921	MtrunA17Chr8g0371921			medtr.A17.gnm5.MtrunA17Chr8	-	34535530	34538562	-0.226091580078569	0.999999979788073	NS	-3.49360624845993	5.17944824404958e-05	DOWN
DOWN	A485_only	medtr.A17.gnm5.ann1_6.MtrunA17Chr6g0482411	MtrunA17Chr6g0482411			medtr.A17.gnm5.MtrunA17Chr6	-	37081605	37086454	-2.12529825006217	0.3400950210878	NS	-3.46479694627736	0.0344210439882275	DOWN
DOWN	A485_only	medtr.A17.gnm5.ann1_6.MtrunA17Chr3g0095801	MtrunA17Chr3g0095801			medtr.A17.gnm5.MtrunA17Chr3	+	19303546	19305438	-1.24699522591267	0.66361487733719	NS	-3.46464424634522	2.28350336008198e-05	DOWN
DOWN	A485_only	medtr.A17.gnm5.ann1_6.MtrunA17Chr3g0089341	MtrunA17Chr3g0089341			medtr.A17.gnm5.MtrunA17Chr3	+	10470878	10471108	-0.953105553522197	0.999999979788073	NS	-3.46456512331167	0.0119059610928779	DOWN
DOWN	A485_only	medtr.A17.gnm5.ann1_6.MtrunA17Chr8g0357471	MtrunA17Chr8g0357471	MtNCR739	Nodule-specific Cysteine-Rich peptide	medtr.A17.gnm5.MtrunA17Chr8	-	19433541	19435383	-1.54387259381267	0.557769396487594	NS	-3.45209012400283	0.00162254654420327	DOWN
DOWN	A485_only	medtr.A17.gnm5.ann1_6.MtrunA17Chr8g0347121	MtrunA17Chr8g0347121	MtCNGCIa	cyclic nucleotide-gated channel	medtr.A17.gnm5.MtrunA17Chr8	-	10093935	10099209	-1.20271090458248	0.994901247731823	NS	-3.44602738411787	0.0028450523190891	DOWN
DOWN	A485_only	medtr.A17.gnm5.ann1_6.MtrunA17Chr8g0391621	MtrunA17Chr8g0391621			medtr.A17.gnm5.MtrunA17Chr8	-	48472962	48475450	-1.8278413110011	0.585404692778138	NS	-3.4419418562077	0.0230028113623845	DOWN
DOWN	A485_only	medtr.A17.gnm5.ann1_6.MtrunA17Chr7g0256821	MtrunA17Chr7g0256821	MtGASA22	Gibberellic Acid-Stimulated in Arabidopsis	medtr.A17.gnm5.MtrunA17Chr7	-	42536904	42538411	-1.40105137173374	0.489117679328655	NS	-3.43829278864098	0.000123697598323404	DOWN
DOWN	A485_only	medtr.A17.gnm5.ann1_6.MtrunA17Chr3g0137851	MtrunA17Chr3g0137851	MtSPX1	SPX domain-containing protein	medtr.A17.gnm5.MtrunA17Chr3	+	52998584	52999985	-1.73381286871228	0.298232733520466	NS	-3.43642198883416	0.00342048613636623	DOWN
DOWN	A485_only	medtr.A17.gnm5.ann1_6.MtrunA17Chr4g0056481	MtrunA17Chr4g0056481			medtr.A17.gnm5.MtrunA17Chr4	+	49922625	49929018	-1.07417160198371	0.999999979788073	NS	-3.4354328578227	0.00190700933433968	DOWN
DOWN	A485_only	medtr.A17.gnm5.ann1_6.MtrunA17Chr3g0126091	MtrunA17Chr3g0126091			medtr.A17.gnm5.MtrunA17Chr3	-	44475861	44478400	-0.264491664698666	0.999999979788073	NS	-3.42497130793819	0.0108814681129656	DOWN
DOWN	A485_only	medtr.A17.gnm5.ann1_6.MtrunA17Chr2g0328971	MtrunA17Chr2g0328971	MtPLT1	plethora 1 (in situ hybridization in PMID:24483147)	medtr.A17.gnm5.MtrunA17Chr2	-	48070552	48074221	-0.707373037594863	0.999999979788073	NS	-3.41973159226892	0.0256791466468625	DOWN
DOWN	A485_only	medtr.A17.gnm5.ann1_6.MtrunA17Chr8g0351881	MtrunA17Chr8g0351881			medtr.A17.gnm5.MtrunA17Chr8	-	13847056	13852003	-1.6103855972158	0.620712652576107	NS	-3.41931886301468	0.00988946175419892	DOWN
DOWN	A485_only	medtr.A17.gnm5.ann1_6.MtrunA17Chr4g0010221	MtrunA17Chr4g0010221			medtr.A17.gnm5.MtrunA17Chr4	+	8017685	8021223	-1.03479464816064	0.999999979788073	NS	-3.41480660009139	0.000364405238243468	DOWN
DOWN	A485_only	medtr.A17.gnm5.ann1_6.MtrunA17Chr6g0457611	MtrunA17Chr6g0457611			medtr.A17.gnm5.MtrunA17Chr6	+	7290139	7293494	-2.22587755517863	0.121955111223198	NS	-3.39881166356583	0.00615831872125083	DOWN
DOWN	A485_only	medtr.A17.gnm5.ann1_6.MtrunA17Chr1g0185121	MtrunA17Chr1g0185121			medtr.A17.gnm5.MtrunA17Chr1	-	35558665	35562814	-2.08399184342265	0.100261775792636	NS	-3.39752576415336	0.00161483333749731	DOWN
DOWN	A485_only	medtr.A17.gnm5.ann1_6.MtrunA17Chr6g0481221	MtrunA17Chr6g0481221			medtr.A17.gnm5.MtrunA17Chr6	+	36158694	36160647	-1.97204512590385	0.187976591053169	NS	-3.39092001385875	0.00362542327822551	DOWN
DOWN	A485_only	medtr.A17.gnm5.ann1_6.MtrunA17Chr4g0057061	MtrunA17Chr4g0057061			medtr.A17.gnm5.MtrunA17Chr4	+	50392725	50395352	-1.68706850795028	0.280195154404804	NS	-3.37712333289126	0.00122724613047054	DOWN
DOWN	A485_only	medtr.A17.gnm5.ann1_6.MtrunA17Chr1g0161131	MtrunA17Chr1g0161131			medtr.A17.gnm5.MtrunA17Chr1	+	11421245	11423100	-2.47649249503594	0.0674060367712043	NS	-3.37542006906653	0.00500987761079351	DOWN
DOWN	A485_only	medtr.A17.gnm5.ann1_6.MtrunA17Chr8g0340431	MtrunA17Chr8g0340431			medtr.A17.gnm5.MtrunA17Chr8	+	4244732	4245716	-1.83248445142148	0.455323894501844	NS	-3.3691749949379	0.0249024979165988	DOWN
DOWN	A485_only	medtr.A17.gnm5.ann1_6.MtrunA17Chr4g0035761	MtrunA17Chr4g0035761	MtMATE61	multidrug and toxic compound extrusion family	medtr.A17.gnm5.MtrunA17Chr4	+	35108779	35114660	-0.836703143448879	0.999999979788073	NS	-3.36894407532293	0.0308787782365411	DOWN
DOWN	A485_only	medtr.A17.gnm5.ann1_6.MtrunA17Chr7g0224921	MtrunA17Chr7g0224921			medtr.A17.gnm5.MtrunA17Chr7	+	10217834	10219313	-1.82121601449923	0.291914486170565	NS	-3.36133053255858	0.00570161675477536	DOWN
DOWN	A485_only	medtr.A17.gnm5.ann1_6.MtrunA17Chr1g0209901	MtrunA17Chr1g0209901			medtr.A17.gnm5.MtrunA17Chr1	-	53798415	53802641	-1.87113060688038	0.0527888069803971	NS	-3.35516579203525	0.0001136106238274	DOWN
DOWN	A485_only	medtr.A17.gnm5.ann1_6.MtrunA17Chr7g0260491	MtrunA17Chr7g0260491			medtr.A17.gnm5.MtrunA17Chr7	-	45276596	45278964	-1.19603578290375	0.999999979788073	NS	-3.35393742045662	0.0170381158914715	DOWN
DOWN	A485_only	medtr.A17.gnm5.ann1_6.MtrunA17Chr2g0298751	MtrunA17Chr2g0298751			medtr.A17.gnm5.MtrunA17Chr2	-	16664079	16671936	-0.217550638194977	0.999999979788073	NS	-3.35026143315059	0.0146312997502566	DOWN
DOWN	A485_only	medtr.A17.gnm5.ann1_6.MtrunA17Chr2g0299371	MtrunA17Chr2g0299371	MtCKX3	cytokinin oxidase 3	medtr.A17.gnm5.MtrunA17Chr2	+	17308770	17314114	-1.60950349995871	0.585404692778138	NS	-3.34605820450987	0.0128593672416816	DOWN
DOWN	A485_only	medtr.A17.gnm5.ann1_6.MtrunA17Chr3g0130011	MtrunA17Chr3g0130011			medtr.A17.gnm5.MtrunA17Chr3	-	47354667	47358955	-1.85895978739002	0.113262212759039	NS	-3.33680951328745	0.000199919667816657	DOWN
DOWN	A485_only	medtr.A17.gnm5.ann1_6.MtrunA17Chr8g0375401	MtrunA17Chr8g0375401			medtr.A17.gnm5.MtrunA17Chr8	-	37244623	37245658	-2.09964912658017	0.293682184207961	NS	-3.32687112909925	0.0265543257955222	DOWN
DOWN	A485_only	medtr.A17.gnm5.ann1_6.MtrunA17Chr6g0482401	MtrunA17Chr6g0482401			medtr.A17.gnm5.MtrunA17Chr6	-	37080514	37080723	-1.1408245886286	0.999999979788073	NS	-3.32276668079082	0.0249729402725123	DOWN
DOWN	A485_only	medtr.A17.gnm5.ann1_6.MtrunA17Chr5g0447341	MtrunA17Chr5g0447341	MtGPA	glucose-1-phosphate adenylyltransferase family protein	medtr.A17.gnm5.MtrunA17Chr5	+	43655357	43659514	-1.39905693688216	0.674116846389821	NS	-3.31192095498368	0.0010239186220474	DOWN
DOWN	A485_only	medtr.A17.gnm5.ann1_6.MtrunA17Chr7g0242341	MtrunA17Chr7g0242341			medtr.A17.gnm5.MtrunA17Chr7	-	31815971	31817346	-1.39498198360965	0.69098902055623	NS	-3.30190981996239	0.0039591030492496	DOWN
DOWN	A485_only	medtr.A17.gnm5.ann1_6.MtrunA17Chr4g0063461	MtrunA17Chr4g0063461			medtr.A17.gnm5.MtrunA17Chr4	+	55037956	55041483	-1.18331324883368	0.996876240144368	NS	-3.29949954979617	0.00309687586503352	DOWN
DOWN	A485_only	medtr.A17.gnm5.ann1_6.MtrunA17Chr1g0154371	MtrunA17Chr1g0154371			medtr.A17.gnm5.MtrunA17Chr1	+	6580540	6583669	-1.75514020443888	0.402702250942293	NS	-3.28828711375927	0.0105698420833291	DOWN
DOWN	A485_only	medtr.A17.gnm5.ann1_6.MtrunA17Chr1g0200361	MtrunA17Chr1g0200361			medtr.A17.gnm5.MtrunA17Chr1	-	46892326	46892956	-1.16809858784936	0.999999979788073	NS	-3.27983183394142	0.00583194708846165	DOWN
DOWN	A485_only	medtr.A17.gnm5.ann1_6.MtrunA17Chr7g0259971	MtrunA17Chr7g0259971			medtr.A17.gnm5.MtrunA17Chr7	+	44883494	44884512	-0.432565563057308	0.999999979788073	NS	-3.27822773483385	0.0238992311847047	DOWN
DOWN	A485_only	medtr.A17.gnm5.ann1_6.MtrunA17Chr4g0063251	MtrunA17Chr4g0063251			medtr.A17.gnm5.MtrunA17Chr4	+	54899901	54902060	-1.43799570208579	0.730470785967201	NS	-3.27779471195276	0.00443462244870175	DOWN
DOWN	A485_only	medtr.A17.gnm5.ann1_6.MtrunA17Chr4g0010861	MtrunA17Chr4g0010861			medtr.A17.gnm5.MtrunA17Chr4	-	8487596	8491220	-0.549781093986491	0.999999979788073	NS	-3.27163519186307	0.0272516094455726	DOWN
DOWN	A485_only	medtr.A17.gnm5.ann1_6.MtrunA17Chr2g0296591	MtrunA17Chr2g0296591			medtr.A17.gnm5.MtrunA17Chr2	-	14917744	14922314	-2.2491176633641	0.150621106813444	NS	-3.26790081561046	0.0130779123865945	DOWN
DOWN	A485_only	medtr.A17.gnm5.ann1_6.MtrunA17Chr4g0069671	MtrunA17Chr4g0069671			medtr.A17.gnm5.MtrunA17Chr4	+	59521830	59529437	-1.98348304841174	0.153536816287786	NS	-3.26529850907384	0.00168821449103749	DOWN
DOWN	A485_only	medtr.A17.gnm5.ann1_6.MtrunA17Chr6g0487681	MtrunA17Chr6g0487681			medtr.A17.gnm5.MtrunA17Chr6	+	41957746	41958370	-1.85363190412291	0.293682184207961	NS	-3.26483883639062	0.00845844005137231	DOWN
DOWN	A485_only	medtr.A17.gnm5.ann1_6.MtrunA17Chr6g0479261	MtrunA17Chr6g0479261	MtPUB48	Plant U-box protein 48	medtr.A17.gnm5.MtrunA17Chr6	-	33894540	33896391	-2.40660681451219	0.0918080268285726	NS	-3.26042872822615	0.00645523085605991	DOWN
DOWN	A485_only	medtr.A17.gnm5.ann1_6.MtrunA17Chr5g0424351	MtrunA17Chr5g0424351			medtr.A17.gnm5.MtrunA17Chr5	+	26300428	26301605	-1.75758905258191	0.123915212817096	NS	-3.2601652409226	0.000349193110838985	DOWN
DOWN	A485_only	medtr.A17.gnm5.ann1_6.MtrunA17Chr3g0132221	MtrunA17Chr3g0132221			medtr.A17.gnm5.MtrunA17Chr3	+	48934068	48935045	-0.603250415676504	0.999999979788073	NS	-3.258976762831	0.00201030112755097	DOWN
DOWN	A485_only	medtr.A17.gnm5.ann1_6.MtrunA17Chr3g0095791	MtrunA17Chr3g0095791			medtr.A17.gnm5.MtrunA17Chr3	-	19303362	19315513	-1.37206188138684	0.44530153098439	NS	-3.25739913184752	4.18907411174724e-05	DOWN
DOWN	A485_only	medtr.A17.gnm5.ann1_6.MtrunA17Chr5g0402121	MtrunA17Chr5g0402121	MtRALF9	Rapid Alkalinization Factor	medtr.A17.gnm5.MtrunA17Chr5	-	6248176	6249034	-2.11047873200646	0.186401984520335	NS	-3.24689666613741	0.0113695185640033	DOWN
DOWN	A485_only	medtr.A17.gnm5.ann1_6.MtrunA17Chr2g0330471	MtrunA17Chr2g0330471			medtr.A17.gnm5.MtrunA17Chr2	-	49185596	49190642	-2.12704392876413	0.0933820023260603	NS	-3.24633908124121	0.00289785208879452	DOWN
DOWN	A485_only	medtr.A17.gnm5.ann1_6.MtrunA17Chr7g0264731	MtrunA17Chr7g0264731			medtr.A17.gnm5.MtrunA17Chr7	+	48213984	48216940	-2.56351767669877	0.0833185471571766	NS	-3.2421424468686	0.0127837581732564	DOWN
DOWN	A485_only	medtr.A17.gnm5.ann1_6.MtrunA17Chr2g0299561	MtrunA17Chr2g0299561			medtr.A17.gnm5.MtrunA17Chr2	+	17473075	17479205	-1.81947601450973	0.0534146647011853	NS	-3.23803993976401	4.97475863790191e-05	DOWN
DOWN	A485_only	medtr.A17.gnm5.ann1_6.MtrunA17Chr1g0166251	MtrunA17Chr1g0166251			medtr.A17.gnm5.MtrunA17Chr1	-	15686094	15690282	-0.743516194799343	0.999999979788073	NS	-3.23792235130532	0.0110543547425205	DOWN
DOWN	A485_only	medtr.A17.gnm5.ann1_6.MtrunA17Chr3g0130021	MtrunA17Chr3g0130021			medtr.A17.gnm5.MtrunA17Chr3	+	47355856	47359646	-1.85401351022039	0.140783466581933	NS	-3.23699876605473	0.000448941987893498	DOWN
DOWN	A485_only	medtr.A17.gnm5.ann1_6.MtrunA17Chr1g0204331	MtrunA17Chr1g0204331			medtr.A17.gnm5.MtrunA17Chr1	+	49867495	49870055	-2.32574900509057	0.0619309754242874	NS	-3.23645576511554	0.00200425008351901	DOWN
DOWN	A485_only	medtr.A17.gnm5.ann1_6.MtrunA17Chr5g0440201	MtrunA17Chr5g0440201			medtr.A17.gnm5.MtrunA17Chr5	-	39021529	39024591	-1.9641408142141	0.443230750738253	NS	-3.22274764053442	0.0471374759631444	DOWN
DOWN	A485_only	medtr.A17.gnm5.ann1_6.MtrunA17Chr2g0299571	MtrunA17Chr2g0299571			medtr.A17.gnm5.MtrunA17Chr2	-	17477776	17477844	-1.70081660275724	0.235257145054751	NS	-3.22266008498827	0.00131486917584215	DOWN
DOWN	A485_only	medtr.A17.gnm5.ann1_6.MtrunA17Chr1g0149271	MtrunA17Chr1g0149271			medtr.A17.gnm5.MtrunA17Chr1	-	2507164	2508438	-1.92567322116585	0.0609052567368639	NS	-3.21848237825884	0.000244508124590379	DOWN
DOWN	A485_only	medtr.A17.gnm5.ann1_6.MtrunA17Chr5g0417761	MtrunA17Chr5g0417761			medtr.A17.gnm5.MtrunA17Chr5	+	18323930	18326304	-1.62150168037213	0.492689201883096	NS	-3.21656567116421	0.0108824937167699	DOWN
DOWN	A485_only	medtr.A17.gnm5.ann1_6.MtrunA17Chr2g0288391	MtrunA17Chr2g0288391			medtr.A17.gnm5.MtrunA17Chr2	+	8166774	8169562	-2.29195452007673	0.254037790042737	NS	-3.21032584270193	0.039967741112225	DOWN
DOWN	A485_only	medtr.A17.gnm5.ann1_6.MtrunA17Chr4g0068671	MtrunA17Chr4g0068671			medtr.A17.gnm5.MtrunA17Chr4	+	58733720	58737129	-1.64215900949754	0.657804713781064	NS	-3.20959409422578	0.0181299624941452	DOWN
DOWN	A485_only	medtr.A17.gnm5.ann1_6.MtrunA17Chr2g0280751	MtrunA17Chr2g0280751			medtr.A17.gnm5.MtrunA17Chr2	-	2705551	2709304	-1.87731046414131	0.314306305248521	NS	-3.20599009075229	0.00917861520256211	DOWN
DOWN	A485_only	medtr.A17.gnm5.ann1_6.MtrunA17Chr1g0160771	MtrunA17Chr1g0160771			medtr.A17.gnm5.MtrunA17Chr1	+	11137297	11139985	-1.05257843630565	0.999999979788073	NS	-3.20268697002204	0.0308416858087042	DOWN
DOWN	A485_only	medtr.A17.gnm5.ann1_6.MtrunA17Chr6g0481271	MtrunA17Chr6g0481271			medtr.A17.gnm5.MtrunA17Chr6	+	36175447	36177469	-1.55314279085524	0.545337679548184	NS	-3.2003372117553	0.00570161675477536	DOWN
DOWN	A485_only	medtr.A17.gnm5.ann1_6.MtrunA17Chr3g0108931	MtrunA17Chr3g0108931			medtr.A17.gnm5.MtrunA17Chr3	+	32020950	32021859	-1.33664146775487	0.643945783203476	NS	-3.19597625097981	0.000637684614600085	DOWN
DOWN	A485_only	medtr.A17.gnm5.ann1_6.MtrunA17Chr7g0273451	MtrunA17Chr7g0273451			medtr.A17.gnm5.MtrunA17Chr7	+	54099013	54100064	-1.57791281619547	0.672673975113242	NS	-3.19407483665788	0.0303923991681553	DOWN
DOWN	A485_only	medtr.A17.gnm5.ann1_6.MtrunA17Chr4g0068511	MtrunA17Chr4g0068511	MCM2-like1	minichromosome maintenance (MCM2/3/5) family protein	medtr.A17.gnm5.MtrunA17Chr4	-	58610067	58615919	-1.49596108265807	0.313476517510035	NS	-3.19381279304542	0.00015368946210041	DOWN
DOWN	A485_only	medtr.A17.gnm5.ann1_6.MtrunA17Chr7g0244971	MtrunA17Chr7g0244971			medtr.A17.gnm5.MtrunA17Chr7	-	34113867	34116724	-1.28611243730154	0.999999979788073	NS	-3.17756065000717	0.0322731455502942	DOWN
DOWN	A485_only	medtr.A17.gnm5.ann1_6.MtrunA17Chr6g0479431	MtrunA17Chr6g0479431			medtr.A17.gnm5.MtrunA17Chr6	-	34073473	34085849	-2.04260070611385	0.262849745893558	NS	-3.17617743737644	0.0182508487111022	DOWN
DOWN	A485_only	medtr.A17.gnm5.ann1_6.MtrunA17Chr3g0137111	MtrunA17Chr3g0137111			medtr.A17.gnm5.MtrunA17Chr3	+	52518087	52518983	0.353255904717267	0.999999979788073	NS	-3.17071521929194	0.0236298929679067	DOWN
DOWN	A485_only	medtr.A17.gnm5.ann1_6.MtrunA17Chr4g0010231	MtrunA17Chr4g0010231			medtr.A17.gnm5.MtrunA17Chr4	+	8026125	8027557	-0.731309199989719	0.999999979788073	NS	-3.16814576374114	0.0365251217270365	DOWN
DOWN	A485_only	medtr.A17.gnm5.ann1_6.MtrunA17Chr3g0129791	MtrunA17Chr3g0129791			medtr.A17.gnm5.MtrunA17Chr3	+	47190196	47191286	-1.81832997086067	0.470717842127915	NS	-3.16316352810569	0.0302400341241689	DOWN
DOWN	A485_only	medtr.A17.gnm5.ann1_6.MtrunA17Chr5g0447351	MtrunA17Chr5g0447351			medtr.A17.gnm5.MtrunA17Chr5	-	43658843	43661079	-1.1386926449866	0.999999979788073	NS	-3.1610592451219	0.000234945019461412	DOWN
DOWN	A485_only	medtr.A17.gnm5.ann1_6.MtrunA17Chr1g0190491	MtrunA17Chr1g0190491	MtIDA31	Inflorescence Deficient in Abscission	medtr.A17.gnm5.MtrunA17Chr1	-	39736123	39737603	-3.18147118742651	0.0696152817323335	NS	-3.15746346136673	0.0325799710830977	DOWN
DOWN	A485_only	medtr.A17.gnm5.ann1_6.MtrunA17Chr2g0333351	MtrunA17Chr2g0333351			medtr.A17.gnm5.MtrunA17Chr2	+	51167587	51168947	-1.75276633813214	0.556499916097064	NS	-3.15689346406221	0.0351569562338674	DOWN
DOWN	A485_only	medtr.A17.gnm5.ann1_6.MtrunA17Chr3g0087931	MtrunA17Chr3g0087931			medtr.A17.gnm5.MtrunA17Chr3	+	9462331	9463013	-1.40737505778031	0.784967331442105	NS	-3.15516351730075	0.0145893516724935	DOWN
DOWN	A485_only	medtr.A17.gnm5.ann1_6.MtrunA17Chr8g0350271	MtrunA17Chr8g0350271			medtr.A17.gnm5.MtrunA17Chr8	+	12361458	12362707	-1.57869740171514	0.633054778735941	NS	-3.15178976484134	0.0211845818224349	DOWN
DOWN	A485_only	medtr.A17.gnm5.ann1_6.MtrunA17Chr1g0203681	MtrunA17Chr1g0203681			medtr.A17.gnm5.MtrunA17Chr1	+	49407071	49409751	-3.03330400501937	0.100212499322338	NS	-3.14816011631864	0.0458867811760196	DOWN
DOWN	A485_only	medtr.A17.gnm5.ann1_6.MtrunA17Chr8g0388061	MtrunA17Chr8g0388061			medtr.A17.gnm5.MtrunA17Chr8	-	46051956	46053902	-1.63780958815833	0.275241706267993	NS	-3.13985778473153	0.000566836786579451	DOWN
DOWN	A485_only	medtr.A17.gnm5.ann1_6.MtrunA17Chr5g0401301	MtrunA17Chr5g0401301	MtBG6	beta-1,3-Glucanase 6	medtr.A17.gnm5.MtrunA17Chr5	+	5514373	5516532	-1.49999055597747	0.273290770208192	NS	-3.12716306609497	8.10184206845151e-05	DOWN
DOWN	A485_only	medtr.A17.gnm5.ann1_6.MtrunA17Chr8g0388051	MtrunA17Chr8g0388051			medtr.A17.gnm5.MtrunA17Chr8	+	46048018	46054188	-1.67520929843265	0.23205583065611	NS	-3.12610569324509	0.000411066242922126	DOWN
DOWN	A485_only	medtr.A17.gnm5.ann1_6.MtrunA17Chr2g0321961	MtrunA17Chr2g0321961	MtALMT	Aluminum activated malate transporter family protein	medtr.A17.gnm5.MtrunA17Chr2	-	42783122	42787277	-0.892988295428408	0.999999979788073	NS	-3.12577894175864	0.00275262368336079	DOWN
DOWN	A485_only	medtr.A17.gnm5.ann1_6.MtrunA17Chr3g0143301	MtrunA17Chr3g0143301			medtr.A17.gnm5.MtrunA17Chr3	+	56883153	56884364	-1.10990678253997	0.999999979788073	NS	-3.11582159361672	0.0204945159367092	DOWN
DOWN	A485_only	medtr.A17.gnm5.ann1_6.MtrunA17Chr7g0275631	MtrunA17Chr7g0275631			medtr.A17.gnm5.MtrunA17Chr7	-	55535768	55537703	-1.45688220779454	0.574175534689342	NS	-3.11331474192673	0.00345093774696514	DOWN
DOWN	A485_only	medtr.A17.gnm5.ann1_6.MtrunA17Chr1g0186661	MtrunA17Chr1g0186661			medtr.A17.gnm5.MtrunA17Chr1	-	36904399	36906065	-2.01099865603425	0.0709978589548329	NS	-3.1133127102849	0.00115476323437631	DOWN
DOWN	A485_only	medtr.A17.gnm5.ann1_6.MtrunA17Chr6g0484871	MtrunA17Chr6g0484871			medtr.A17.gnm5.MtrunA17Chr6	+	39382122	39384438	-0.377961424174555	0.999999979788073	NS	-3.11302568310267	0.00151945217408829	DOWN
DOWN	A485_only	medtr.A17.gnm5.ann1_6.MtrunA17Chr3g0129181	MtrunA17Chr3g0129181			medtr.A17.gnm5.MtrunA17Chr3	-	46745068	46745420	-1.15278306766796	0.999999979788073	NS	-3.11152734972847	0.0101587030185206	DOWN
DOWN	A485_only	medtr.A17.gnm5.ann1_6.MtrunA17Chr6g0477751	MtrunA17Chr6g0477751	MtKunitz46	Kunitz-P Trypsin Inhibitor	medtr.A17.gnm5.MtrunA17Chr6	+	32521871	32522831	-0.104878638895347	0.999999979788073	NS	-3.10751218417647	0.00193060641641921	DOWN
DOWN	A485_only	medtr.A17.gnm5.ann1_6.MtrunA17Chr3g0113321	MtrunA17Chr3g0113321	MtCYP90A14	Cytochrome P450 monooxygenase	medtr.A17.gnm5.MtrunA17Chr3	+	35044416	35051373	-0.468731364062218	0.999999979788073	NS	-3.10667098843811	0.00308955348318177	DOWN
DOWN	A485_only	medtr.A17.gnm5.ann1_6.MtrunA17Chr1g0176751	MtrunA17Chr1g0176751	MtCDPK9	calcium-dependent protein kinase9	medtr.A17.gnm5.MtrunA17Chr1	-	28267644	28272070	-0.95148713778255	0.999999979788073	NS	-3.10242216435716	0.0051652167775076	DOWN
DOWN	A485_only	medtr.A17.gnm5.ann1_6.MtrunA17Chr4g0012471	MtrunA17Chr4g0012471	MtNCR199	Nodule-specific Cysteine-Rich peptide	medtr.A17.gnm5.MtrunA17Chr4	-	9836085	9838420	-1.4019094803912	0.784594749626802	NS	-3.09641689064556	0.0130203641771976	DOWN
DOWN	A485_only	medtr.A17.gnm5.ann1_6.MtrunA17Chr3g0132471	MtrunA17Chr3g0132471	MtbHLH1	basic helix-loop-helix  transcription factor 1	medtr.A17.gnm5.MtrunA17Chr3	-	49124004	49126736	0.0657231092534933	0.999999979788073	NS	-3.09181997927978	0.00455905361305459	DOWN
DOWN	A485_only	medtr.A17.gnm5.ann1_6.MtrunA17Chr8g0374911	MtrunA17Chr8g0374911			medtr.A17.gnm5.MtrunA17Chr8	+	36784111	36786406	-1.35589739029757	0.792598196123873	NS	-3.08886726202219	0.0106826376894053	DOWN
DOWN	A485_only	medtr.A17.gnm5.ann1_6.MtrunA17Chr7g0256301	MtrunA17Chr7g0256301			medtr.A17.gnm5.MtrunA17Chr7	+	42142979	42146888	-2.32974960339495	0.174151685279928	NS	-3.0875227860443	0.0271582969560341	DOWN
DOWN	A485_only	medtr.A17.gnm5.ann1_6.MtrunA17Chr4g0007681	MtrunA17Chr4g0007681	MtNCR032	Nodule-specific Cysteine-Rich peptide	medtr.A17.gnm5.MtrunA17Chr4	+	5998424	5999276	-1.56136914441224	0.476905358340726	NS	-3.08621733830459	0.00212954657053102	DOWN
DOWN	A485_only	medtr.A17.gnm5.ann1_6.MtrunA17Chr6g0452231	MtrunA17Chr6g0452231	MtCLE02	CLAVATA3/EMBRYO-SURROUNDING REGION (CLE) family	medtr.A17.gnm5.MtrunA17Chr6	-	2682261	2684581	-0.969442506842059	0.999999979788073	NS	-3.07665910136183	0.0341330668227616	DOWN
DOWN	A485_only	medtr.A17.gnm5.ann1_6.MtrunA17Chr4g0050811	MtrunA17Chr4g0050811			medtr.A17.gnm5.MtrunA17Chr4	-	45634952	45636704	-1.66716513109573	0.269377197888429	NS	-3.07214714352515	0.000870111749322496	DOWN
DOWN	A485_only	medtr.A17.gnm5.ann1_6.MtrunA17Chr1g0204341	MtrunA17Chr1g0204341			medtr.A17.gnm5.MtrunA17Chr1	-	49868395	49868889	-2.36624081544213	0.0508491680883899	NS	-3.06933476822614	0.00296517012282783	DOWN
DOWN	A485_only	medtr.A17.gnm5.ann1_6.MtrunA17Chr8g0374741	MtrunA17Chr8g0374741			medtr.A17.gnm5.MtrunA17Chr8	-	36641666	36647736	-1.3358318989801	0.646091651040181	NS	-3.06111500952943	0.000926024792450561	DOWN
DOWN	A485_only	medtr.A17.gnm5.ann1_6.MtrunA17Chr7g0217881	MtrunA17Chr7g0217881			medtr.A17.gnm5.MtrunA17Chr7	-	3320940	3323393	-1.27596350046628	0.971728892769019	NS	-3.05644408795387	0.0173989145855863	DOWN
DOWN	A485_only	medtr.A17.gnm5.ann1_6.MtrunA17Chr7g0261971	MtrunA17Chr7g0261971	MtABCG56	ATP-binding cassette (ABC) transporter type G	medtr.A17.gnm5.MtrunA17Chr7	+	46184756	46197155	-1.19187667655984	0.945912768858526	NS	-3.05352061675346	0.00170075262706663	DOWN
DOWN	A485_only	medtr.A17.gnm5.ann1_6.MtrunA17Chr6g0481181	MtrunA17Chr6g0481181			medtr.A17.gnm5.MtrunA17Chr6	-	36132118	36132685	-0.849795408220331	0.999999979788073	NS	-3.05350724367436	0.0125823581243052	DOWN
DOWN	A485_only	medtr.A17.gnm5.ann1_6.MtrunA17Chr6g0461641	MtrunA17Chr6g0461641			medtr.A17.gnm5.MtrunA17Chr6	-	10769415	10773250	-1.38020190959639	0.786595555846556	NS	-3.05182356241919	0.0143762561558156	DOWN
DOWN	A485_only	medtr.A17.gnm5.ann1_6.MtrunA17Chr8g0340451	MtrunA17Chr8g0340451			medtr.A17.gnm5.MtrunA17Chr8	+	4249352	4250314	-1.49560033504152	0.552354515844554	NS	-3.05112095070447	0.0064626446335882	DOWN
DOWN	A485_only	medtr.A17.gnm5.ann1_6.MtrunA17Chr1g0168971	MtrunA17Chr1g0168971			medtr.A17.gnm5.MtrunA17Chr1	+	17762143	17763111	-0.969103915465315	0.999999979788073	NS	-3.04600623129924	0.0182577522770128	DOWN
DOWN	A485_only	medtr.A17.gnm5.ann1_6.MtrunA17Chr3g0085231	MtrunA17Chr3g0085231			medtr.A17.gnm5.MtrunA17Chr3	+	6589904	6592380	-1.81278576403771	0.164472230180779	NS	-3.04368860407455	0.00105700632769109	DOWN
DOWN	A485_only	medtr.A17.gnm5.ann1_6.MtrunA17Chr1g0159351	MtrunA17Chr1g0159351			medtr.A17.gnm5.MtrunA17Chr1	-	10049150	10051354	-1.97768504280311	0.308152144512312	NS	-3.04269863494116	0.0245547606826042	DOWN
DOWN	A485_only	medtr.A17.gnm5.ann1_6.MtrunA17Chr4g0072681	MtrunA17Chr4g0072681			medtr.A17.gnm5.MtrunA17Chr4	+	61671731	61673444	-1.84685016801804	0.48522396728001	NS	-3.03791554451531	0.0261591960551957	DOWN
DOWN	A485_only	medtr.A17.gnm5.ann1_6.MtrunA17Chr3g0124411	MtrunA17Chr3g0124411			medtr.A17.gnm5.MtrunA17Chr3	-	43210679	43211892	-1.34435504450213	0.735234033951465	NS	-3.03391847330528	0.00558153456276786	DOWN
DOWN	A485_only	medtr.A17.gnm5.ann1_6.MtrunA17Chr2g0315331	MtrunA17Chr2g0315331			medtr.A17.gnm5.MtrunA17Chr2	-	37639915	37641078	-2.52193344740592	0.0696152817323335	NS	-3.03118466798557	0.0116989873253807	DOWN
DOWN	A485_only	medtr.A17.gnm5.ann1_6.MtrunA17Chr6g0482381	MtrunA17Chr6g0482381			medtr.A17.gnm5.MtrunA17Chr6	-	37066976	37068809	-1.3656412690658	0.910805021182479	NS	-3.03086141619518	0.0311093941594844	DOWN
DOWN	A485_only	medtr.A17.gnm5.ann1_6.MtrunA17Chr4g0025821	MtrunA17Chr4g0025821			medtr.A17.gnm5.MtrunA17Chr4	-	26752982	26755830	-1.24617607108142	0.999999979788073	NS	-3.02790545343315	0.0211083853629884	DOWN
DOWN	A485_only	medtr.A17.gnm5.ann1_6.MtrunA17Chr3g0126571	MtrunA17Chr3g0126571			medtr.A17.gnm5.MtrunA17Chr3	-	44874332	44876617	-2.03239586425839	0.18316358820876	NS	-3.02603311648031	0.00987123812446448	DOWN
DOWN	A485_only	medtr.A17.gnm5.ann1_6.MtrunA17Chr7g0265611	MtrunA17Chr7g0265611	MtCYP76A39	Cytochrome P450 monooxygenase	medtr.A17.gnm5.MtrunA17Chr7	+	48805048	48808031	-2.40198467194534	0.181386635153066	NS	-3.0217378523168	0.0382772291950543	DOWN
DOWN	A485_only	medtr.A17.gnm5.ann1_6.MtrunA17Chr1g0203831	MtrunA17Chr1g0203831			medtr.A17.gnm5.MtrunA17Chr1	+	49514544	49516738	-1.94323085227966	0.313476517510035	NS	-3.01688232628884	0.025209149703529	DOWN
DOWN	A485_only	medtr.A17.gnm5.ann1_6.MtrunA17Chr4g0046471	MtrunA17Chr4g0046471	MtNCR-new42	Nodule-specific Cysteine-Rich peptide	medtr.A17.gnm5.MtrunA17Chr4	-	42817266	42817978	-1.2730658082583	0.754095374581298	NS	-3.00370511968377	0.00107721610983877	DOWN
DOWN	A485_only	medtr.A17.gnm5.ann1_6.MtrunA17Chr8g0361431	MtrunA17Chr8g0361431			medtr.A17.gnm5.MtrunA17Chr8	+	25779379	25784758	-0.649664012972085	0.999999979788073	NS	-2.99961379627606	0.00947221670842246	DOWN
DOWN	A485_only	medtr.A17.gnm5.ann1_6.MtrunA17Chr5g0413091	MtrunA17Chr5g0413091	TAA-2	tryptophan aminotransferase (auxin biosynthesis)	medtr.A17.gnm5.MtrunA17Chr5	-	14343690	14346877	-1.44064760457219	0.58852814596545	NS	-2.99912897706742	0.00348653132317739	DOWN
DOWN	A485_only	medtr.A17.gnm5.ann1_6.MtrunA17Chr2g0327061	MtrunA17Chr2g0327061			medtr.A17.gnm5.MtrunA17Chr2	-	46741962	46743808	-1.23708893077461	0.999999979788073	NS	-2.99892980718586	0.0221544900167606	DOWN
DOWN	A485_only	medtr.A17.gnm5.ann1_6.MtrunA17Chr3g0117271	MtrunA17Chr3g0117271			medtr.A17.gnm5.MtrunA17Chr3	-	38247926	38251882	-2.65247298908395	0.0758870486305442	NS	-2.98817480600462	0.0214071951044868	DOWN
DOWN	A485_only	medtr.A17.gnm5.ann1_6.MtrunA17Chr3g0131981	MtrunA17Chr3g0131981	MtTPD2	Tapetum Determinant	medtr.A17.gnm5.MtrunA17Chr3	-	48793304	48795977	-0.76266218118558	0.999999979788073	NS	-2.98753206289982	0.00341224163454952	DOWN
DOWN	A485_only	medtr.A17.gnm5.ann1_6.MtrunA17Chr3g0134221	MtrunA17Chr3g0134221			medtr.A17.gnm5.MtrunA17Chr3	-	50543076	50547093	-2.04058559284528	0.169986495708819	NS	-2.9874007862825	0.00886235524083581	DOWN
DOWN	A485_only	medtr.A17.gnm5.ann1_6.MtrunA17Chr1g0155761	MtrunA17Chr1g0155761			medtr.A17.gnm5.MtrunA17Chr1	-	7437841	7441171	-1.64552739032727	0.353815774229286	NS	-2.98546740423922	0.0042741811892304	DOWN
DOWN	A485_only	medtr.A17.gnm5.ann1_6.MtrunA17Chr2g0302911	MtrunA17Chr2g0302911			medtr.A17.gnm5.MtrunA17Chr2	+	20533043	20533757	-0.994985168451452	0.999999979788073	NS	-2.98519154305288	0.0202106722588769	DOWN
DOWN	A485_only	medtr.A17.gnm5.ann1_6.MtrunA17Chr5g0437261	MtrunA17Chr5g0437261			medtr.A17.gnm5.MtrunA17Chr5	+	36847446	36848211	-0.0192545406303769	0.999999979788073	NS	-2.9842408838621	0.0268826394173227	DOWN
DOWN	A485_only	medtr.A17.gnm5.ann1_6.MtrunA17Chr3g0102421	MtrunA17Chr3g0102421			medtr.A17.gnm5.MtrunA17Chr3	+	26947864	26949488	-0.918059887352883	0.999999979788073	NS	-2.98078001147894	0.00010426574393164	DOWN
DOWN	A485_only	medtr.A17.gnm5.ann1_6.MtrunA17Chr2g0282951	MtrunA17Chr2g0282951			medtr.A17.gnm5.MtrunA17Chr2	-	4281115	4282142	-0.657107874915815	0.999999979788073	NS	-2.97781535723233	0.0285456173073081	DOWN
DOWN	A485_only	medtr.A17.gnm5.ann1_6.MtrunA17Chr3g0134731	MtrunA17Chr3g0134731			medtr.A17.gnm5.MtrunA17Chr3	-	50905778	50907991	-1.96600251831751	0.106134790583912	NS	-2.97689819209899	0.0025207595856557	DOWN
DOWN	A485_only	medtr.A17.gnm5.ann1_6.MtrunA17Chr8g0350291	MtrunA17Chr8g0350291			medtr.A17.gnm5.MtrunA17Chr8	+	12366397	12367634	-2.19951731769481	0.18396350626518	NS	-2.95876596791364	0.0204903554613408	DOWN
DOWN	A485_only	medtr.A17.gnm5.ann1_6.MtrunA17Chr1g0158131	MtrunA17Chr1g0158131			medtr.A17.gnm5.MtrunA17Chr1	+	9178350	9181672	-0.5290849611003	0.999999979788073	NS	-2.9577863307261	0.0110543547425205	DOWN
DOWN	A485_only	medtr.A17.gnm5.ann1_6.MtrunA17Chr7g0259851	MtrunA17Chr7g0259851			medtr.A17.gnm5.MtrunA17Chr7	-	44763809	44769093	-1.25016771750202	0.837224337936819	NS	-2.94172040812661	0.00326150325082938	DOWN
DOWN	A485_only	medtr.A17.gnm5.ann1_6.MtrunA17Chr7g0271541	MtrunA17Chr7g0271541			medtr.A17.gnm5.MtrunA17Chr7	+	52923764	52924767	-1.44960268967755	0.637045698270695	NS	-2.93777858686019	0.0139284672925914	DOWN
DOWN	A485_only	medtr.A17.gnm5.ann1_6.MtrunA17Chr8g0342361	MtrunA17Chr8g0342361			medtr.A17.gnm5.MtrunA17Chr8	-	5711022	5712169	-1.80172414016544	0.490129575159133	NS	-2.93666740240161	0.0478684185321617	DOWN
DOWN	A485_only	medtr.A17.gnm5.ann1_6.MtrunA17Chr2g0291851	MtrunA17Chr2g0291851			medtr.A17.gnm5.MtrunA17Chr2	-	10952942	10954604	-1.78682737449269	0.215448411065551	NS	-2.93470641435361	0.00423397787502625	DOWN
DOWN	A485_only	medtr.A17.gnm5.ann1_6.MtrunA17Chr6g0481261	MtrunA17Chr6g0481261			medtr.A17.gnm5.MtrunA17Chr6	+	36173461	36175445	-2.23970333202788	0.0600201934433953	NS	-2.93034229498635	0.00348653132317739	DOWN
DOWN	A485_only	medtr.A17.gnm5.ann1_6.MtrunA17Chr4g0072021	MtrunA17Chr4g0072021			medtr.A17.gnm5.MtrunA17Chr4	-	61170991	61174095	-1.45782311329159	0.685028251115737	NS	-2.91804854813796	0.02213359967031	DOWN
DOWN	A485_only	medtr.A17.gnm5.ann1_6.MtrunA17Chr7g0225281	MtrunA17Chr7g0225281			medtr.A17.gnm5.MtrunA17Chr7	-	10420248	10421551	-1.58428929513084	0.558687780493816	NS	-2.91676145493531	0.0238770034091198	DOWN
DOWN	A485_only	medtr.A17.gnm5.ann1_6.MtrunA17Chr5g0394021	MtrunA17Chr5g0394021			medtr.A17.gnm5.MtrunA17Chr5	-	499601	502726	-0.110839176628	0.999999979788073	NS	-2.9152978081808	0.0184072725437199	DOWN
DOWN	A485_only	medtr.A17.gnm5.ann1_6.MtrunA17Chr1g0180541	MtrunA17Chr1g0180541			medtr.A17.gnm5.MtrunA17Chr1	+	31676008	31682634	-1.03277579956271	0.999999979788073	NS	-2.91396669887569	0.00252170037142962	DOWN
DOWN	A485_only	medtr.A17.gnm5.ann1_6.MtrunA17Chr1g0157341	MtrunA17Chr1g0157341			medtr.A17.gnm5.MtrunA17Chr1	-	8568883	8572187	-1.82353956831818	0.312962888895818	NS	-2.91340679867804	0.0102985512355539	DOWN
DOWN	A485_only	medtr.A17.gnm5.ann1_6.MtrunA17Chr2g0281351	MtrunA17Chr2g0281351			medtr.A17.gnm5.MtrunA17Chr2	-	3109833	3110268	-0.797527178823144	0.999999979788073	NS	-2.91164524303794	0.030243263561824	DOWN
DOWN	A485_only	medtr.A17.gnm5.ann1_6.MtrunA17Chr3g0103511	MtrunA17Chr3g0103511	MtNCR414	Nodule-specific Cysteine-Rich peptide	medtr.A17.gnm5.MtrunA17Chr3	+	27860385	27861144	-1.74473487376688	0.333178334370369	NS	-2.89842735611984	0.00584224368399213	DOWN
DOWN	A485_only	medtr.A17.gnm5.ann1_6.MtrunA17Chr7g0261881	MtrunA17Chr7g0261881	MtNPF5.11	NRT1/ PTR FAMILY|nitrate transporter / peptide transporter	medtr.A17.gnm5.MtrunA17Chr7	-	46137822	46141352	-1.61289049716965	0.455323894501844	NS	-2.89219444747685	0.00871175216297392	DOWN
DOWN	A485_only	medtr.A17.gnm5.ann1_6.MtrunA17Chr8g0366751	MtrunA17Chr8g0366751			medtr.A17.gnm5.MtrunA17Chr8	+	30551886	30555092	-1.12236511984231	0.999999979788073	NS	-2.89146709181862	0.00930733953467599	DOWN
DOWN	A485_only	medtr.A17.gnm5.ann1_6.MtrunA17Chr4g0025691	MtrunA17Chr4g0025691			medtr.A17.gnm5.MtrunA17Chr4	-	26622344	26625348	-1.42310158723016	0.516885991373185	NS	-2.89113614253551	0.0015141371939283	DOWN
DOWN	A485_only	medtr.A17.gnm5.ann1_6.MtrunA17Chr1g0203431	MtrunA17Chr1g0203431			medtr.A17.gnm5.MtrunA17Chr1	+	49247590	49250100	-1.7553790263112	0.274900287751723	NS	-2.88614125367596	0.00793374562926824	DOWN
DOWN	A485_only	medtr.A17.gnm5.ann1_6.MtrunA17Chr6g0482151	MtrunA17Chr6g0482151			medtr.A17.gnm5.MtrunA17Chr6	-	36827474	36828723	-2.5472310028677	0.0720427555044167	NS	-2.88583563744805	0.0185183898344919	DOWN
DOWN	A485_only	medtr.A17.gnm5.ann1_6.MtrunA17Chr4g0042361	MtrunA17Chr4g0042361			medtr.A17.gnm5.MtrunA17Chr4	+	39662087	39667022	-0.549003324724566	0.999999979788073	NS	-2.88483493072548	0.0177310268587841	DOWN
DOWN	A485_only	medtr.A17.gnm5.ann1_6.MtrunA17Chr3g0129091	MtrunA17Chr3g0129091	MtPSK8	Phytosulfokine	medtr.A17.gnm5.MtrunA17Chr3	+	46683395	46684537	-1.49874748595724	0.400661550332997	NS	-2.88312312985439	0.000997141438979661	DOWN
DOWN	A485_only	medtr.A17.gnm5.ann1_6.MtrunA17Chr3g0092921	MtrunA17Chr3g0092921			medtr.A17.gnm5.MtrunA17Chr3	+	14664008	14664525	-0.310677124169297	0.999999979788073	NS	-2.88133682207075	0.0291884284878345	DOWN
DOWN	A485_only	medtr.A17.gnm5.ann1_6.MtrunA17Chr3g0142921	MtrunA17Chr3g0142921			medtr.A17.gnm5.MtrunA17Chr3	+	56694830	56700751	-1.9457237682496	0.227395618523865	NS	-2.87644933782621	0.0143056965620214	DOWN
DOWN	A485_only	medtr.A17.gnm5.ann1_6.MtrunA17Chr3g0115221	MtrunA17Chr3g0115221			medtr.A17.gnm5.MtrunA17Chr3	-	36560266	36561496	-2.01195484299714	0.238626973864846	NS	-2.87577462804321	0.0237005060916145	DOWN
DOWN	A485_only	medtr.A17.gnm5.ann1_6.MtrunA17Chr4g0056471	MtrunA17Chr4g0056471			medtr.A17.gnm5.MtrunA17Chr4	-	49907554	49915774	-0.961939022794987	0.999999979788073	NS	-2.86989657101727	0.000134499830592188	DOWN
DOWN	A485_only	medtr.A17.gnm5.ann1_6.MtrunA17Chr7g0265071	MtrunA17Chr7g0265071			medtr.A17.gnm5.MtrunA17Chr7	+	48466373	48472923	-1.5532546751965	0.673757880200815	NS	-2.86390409327947	0.0362848030958696	DOWN
DOWN	A485_only	medtr.A17.gnm5.ann1_6.MtrunA17Chr8g0355211	MtrunA17Chr8g0355211			medtr.A17.gnm5.MtrunA17Chr8	+	16757904	16759777	-1.46845228962636	0.477593641748331	NS	-2.86177058256879	0.002536987319326	DOWN
DOWN	A485_only	medtr.A17.gnm5.ann1_6.MtrunA17Chr2g0318031	MtrunA17Chr2g0318031			medtr.A17.gnm5.MtrunA17Chr2	-	39776876	39782999	-1.42776933364195	0.745798497773877	NS	-2.86164141942814	0.0312744735267284	DOWN
DOWN	A485_only	medtr.A17.gnm5.ann1_6.MtrunA17Chr7g0215901	MtrunA17Chr7g0215901	MtNCR469	Nodule-specific Cysteine-Rich peptide	medtr.A17.gnm5.MtrunA17Chr7	+	1845415	1846192	-0.718819853627271	0.999999979788073	NS	-2.86121263313082	0.0289385448559407	DOWN
DOWN	A485_only	medtr.A17.gnm5.ann1_6.MtrunA17Chr3g0082501	MtrunA17Chr3g0082501			medtr.A17.gnm5.MtrunA17Chr3	+	4268410	4273284	-1.41601836659194	0.638277405731962	NS	-2.84984209352352	0.00964926566832768	DOWN
DOWN	A485_only	medtr.A17.gnm5.ann1_6.MtrunA17Chr7g0269891	MtrunA17Chr7g0269891			medtr.A17.gnm5.MtrunA17Chr7	-	51742932	51744055	-2.98816189824543	0.0789175147228968	NS	-2.84956938876063	0.044927770570468	DOWN
DOWN	A485_only	medtr.A17.gnm5.ann1_6.MtrunA17Chr1g0178931	MtrunA17Chr1g0178931			medtr.A17.gnm5.MtrunA17Chr1	+	30287349	30291063	-0.229236452724648	0.999999979788073	NS	-2.84818512370038	0.00466376766298598	DOWN
DOWN	A485_only	medtr.A17.gnm5.ann1_6.MtrunA17Chr5g0448731	MtrunA17Chr5g0448731			medtr.A17.gnm5.MtrunA17Chr5	-	44708030	44709110	-1.3292551547826	0.780356055012413	NS	-2.84721400696753	0.0076759390624961	DOWN
DOWN	A485_only	medtr.A17.gnm5.ann1_6.MtrunA17Chr4g0050061	MtrunA17Chr4g0050061			medtr.A17.gnm5.MtrunA17Chr4	-	45153685	45154524	-2.35365141693068	0.0646400321641003	NS	-2.8438261344176	0.00679142361170421	DOWN
DOWN	A485_only	medtr.A17.gnm5.ann1_6.MtrunA17Chr4g0053701	MtrunA17Chr4g0053701	MtNRAMP7	Natural Resistance-Associated Macrophage Protein7	medtr.A17.gnm5.MtrunA17Chr4	+	47603009	47606719	-1.50875645196395	0.175924306161476	NS	-2.8383777004784	6.4357773390205e-05	DOWN
DOWN	A485_only	medtr.A17.gnm5.ann1_6.MtrunA17Chr1g0157781	MtrunA17Chr1g0157781			medtr.A17.gnm5.MtrunA17Chr1	-	8930553	8932611	-1.27471646114564	0.998503286666202	NS	-2.83656645397534	0.0475219350088155	DOWN
DOWN	A485_only	medtr.A17.gnm5.ann1_6.MtrunA17Chr3g0133131	MtrunA17Chr3g0133131			medtr.A17.gnm5.MtrunA17Chr3	+	49710890	49711460	-2.17326631733524	0.0805494955870119	NS	-2.8297007787503	0.00719930964388054	DOWN
DOWN	A485_only	medtr.A17.gnm5.ann1_6.MtrunA17Chr4g0057731	MtrunA17Chr4g0057731			medtr.A17.gnm5.MtrunA17Chr4	+	50871378	50879472	-1.34808083419251	0.590095105814249	NS	-2.82708048562916	0.00140752572903687	DOWN
DOWN	A485_only	medtr.A17.gnm5.ann1_6.MtrunA17Chr1g0185431	MtrunA17Chr1g0185431			medtr.A17.gnm5.MtrunA17Chr1	-	35871983	35872742	-1.17450708102417	0.999999979788073	NS	-2.81899787904199	0.00817717256029521	DOWN
DOWN	A485_only	medtr.A17.gnm5.ann1_6.MtrunA17Chr5g0423351	MtrunA17Chr5g0423351			medtr.A17.gnm5.MtrunA17Chr5	-	25184412	25194352	-1.22286103055868	0.999999979788073	NS	-2.81409620513547	0.028234911543342	DOWN
DOWN	A485_only	medtr.A17.gnm5.ann1_6.MtrunA17Chr6g0480131	MtrunA17Chr6g0480131			medtr.A17.gnm5.MtrunA17Chr6	-	34917925	34922107	-1.12405136968122	0.999999979788073	NS	-2.81008744401825	0.00618493924514347	DOWN
DOWN	A485_only	medtr.A17.gnm5.ann1_6.MtrunA17Chr2g0288101	MtrunA17Chr2g0288101			medtr.A17.gnm5.MtrunA17Chr2	+	8000448	8004803	-1.35002399786984	0.800034547336968	NS	-2.80881510200403	0.00961815894215313	DOWN
DOWN	A485_only	medtr.A17.gnm5.ann1_6.MtrunA17Chr7g0275101	MtrunA17Chr7g0275101			medtr.A17.gnm5.MtrunA17Chr7	+	55182446	55183178	-0.700069633088643	0.999999979788073	NS	-2.8045033370123	0.0214071951044868	DOWN
DOWN	A485_only	medtr.A17.gnm5.ann1_6.MtrunA17Chr1g0150511	MtrunA17Chr1g0150511	MtHK6	histidine kinase 6 (no CHASE domain)	medtr.A17.gnm5.MtrunA17Chr1	-	3519659	3525373	-0.859551680122417	0.999999979788073	NS	-2.8032001650742	0.040716999126485	DOWN
DOWN	A485_only	medtr.A17.gnm5.ann1_6.MtrunA17Chr8g0340461	MtrunA17Chr8g0340461			medtr.A17.gnm5.MtrunA17Chr8	-	4255136	4255991	-0.341167632091697	0.999999979788073	NS	-2.80279530137505	0.0467223081123476	DOWN
DOWN	A485_only	medtr.A17.gnm5.ann1_6.MtrunA17Chr7g0224961	MtrunA17Chr7g0224961			medtr.A17.gnm5.MtrunA17Chr7	+	10226024	10227286	-1.67262096515795	0.24352163804318	NS	-2.80183048356541	0.00340138489094898	DOWN
DOWN	A485_only	medtr.A17.gnm5.ann1_6.MtrunA17Chr7g0244111	MtrunA17Chr7g0244111			medtr.A17.gnm5.MtrunA17Chr7	-	33253579	33254163	-2.29778763194052	0.142053853875987	NS	-2.79442870806315	0.0274606674309614	DOWN
DOWN	A485_only	medtr.A17.gnm5.ann1_6.MtrunA17Chr2g0325371	MtrunA17Chr2g0325371	MtCLE34	CLAVATA3/EMBRYO-SURROUNDING REGION (CLE) family	medtr.A17.gnm5.MtrunA17Chr2	+	45348282	45349432	-1.68577745048649	0.508931548280806	NS	-2.79409988669806	0.0349176494047445	DOWN
DOWN	A485_only	medtr.A17.gnm5.ann1_6.MtrunA17Chr5g0438751	MtrunA17Chr5g0438751			medtr.A17.gnm5.MtrunA17Chr5	-	37842256	37845579	-1.24516817514257	0.779886277983799	NS	-2.7918478672641	0.00136045770912659	DOWN
DOWN	A485_only	medtr.A17.gnm5.ann1_6.MtrunA17Chr4g0050141	MtrunA17Chr4g0050141			medtr.A17.gnm5.MtrunA17Chr4	-	45177316	45178946	-2.63779699953836	0.124723034495021	NS	-2.78951032245503	0.0408346796092525	DOWN
DOWN	A485_only	medtr.A17.gnm5.ann1_6.MtrunA17Chr8g0392951	MtrunA17Chr8g0392951	MtCML50	Calmodulin-like 50	medtr.A17.gnm5.MtrunA17Chr8	-	49391972	49392960	-1.21510219308512	0.999999979788073	NS	-2.78933469751128	0.02319109041522	DOWN
DOWN	A485_only	medtr.A17.gnm5.ann1_6.MtrunA17Chr2g0285111	MtrunA17Chr2g0285111			medtr.A17.gnm5.MtrunA17Chr2	+	5723837	5731044	-1.40053963738817	0.582719274691363	NS	-2.78827956788576	0.00262661000494346	DOWN
DOWN	A485_only	medtr.A17.gnm5.ann1_6.MtrunA17Chr3g0082261	MtrunA17Chr3g0082261	MtGT-18	trihelix transcription factor (GT) 18	medtr.A17.gnm5.MtrunA17Chr3	+	4104178	4107530	-1.99657155635725	0.0696152817323335	NS	-2.78590758609924	0.00143361147376245	DOWN
DOWN	A485_only	medtr.A17.gnm5.ann1_6.MtrunA17Chr2g0321831	MtrunA17Chr2g0321831			medtr.A17.gnm5.MtrunA17Chr2	-	42700784	42701589	-2.42149490585608	0.131815483252636	NS	-2.78512088158083	0.0358401061103304	DOWN
DOWN	A485_only	medtr.A17.gnm5.ann1_6.MtrunA17Chr7g0268631	MtrunA17Chr7g0268631			medtr.A17.gnm5.MtrunA17Chr7	-	50964421	50967544	-1.00661672554184	0.999999979788073	NS	-2.78059139337003	0.0161900816631601	DOWN
DOWN	A485_only	medtr.A17.gnm5.ann1_6.MtrunA17Chr3g0091781	MtrunA17Chr3g0091781			medtr.A17.gnm5.MtrunA17Chr3	+	13062289	13066412	-1.3783148377766	0.693753208316672	NS	-2.7770623976226	0.0109911284945649	DOWN
DOWN	A485_only	medtr.A17.gnm5.ann1_6.MtrunA17Chr6g0469911	MtrunA17Chr6g0469911	MtCBS1	Cystathionine-beta-synthase-like domain protein 1	medtr.A17.gnm5.MtrunA17Chr6	+	19741999	19749210	-1.70653634158507	0.405024326616954	NS	-2.772816819398	0.0233163205818852	DOWN
DOWN	A485_only	medtr.A17.gnm5.ann1_6.MtrunA17Chr6g0480151	MtrunA17Chr6g0480151			medtr.A17.gnm5.MtrunA17Chr6	-	34922899	34926102	-2.08302076085271	0.0568286218363155	NS	-2.76723814902075	0.00160116141600886	DOWN
DOWN	A485_only	medtr.A17.gnm5.ann1_6.MtrunA17Chr8g0356041	MtrunA17Chr8g0356041			medtr.A17.gnm5.MtrunA17Chr8	+	17587618	17590925	-1.27143361914481	0.930223006369041	NS	-2.76447161562808	0.022246985235814	DOWN
DOWN	A485_only	medtr.A17.gnm5.ann1_6.MtrunA17Chr1g0184201	MtrunA17Chr1g0184201			medtr.A17.gnm5.MtrunA17Chr1	+	34756805	34760329	-1.0423649533505	0.999999979788073	NS	-2.76199440095889	0.00514704714500176	DOWN
DOWN	A485_only	medtr.A17.gnm5.ann1_6.MtrunA17Chr4g0051671	MtrunA17Chr4g0051671	HEN1-like	HUA ENHANCER1 (RNA 2'-O-methyltransferase)	medtr.A17.gnm5.MtrunA17Chr4	-	46101667	46110553	-1.43782179348284	0.481307733405013	NS	-2.75948710011643	0.0029757070155424	DOWN
DOWN	A485_only	medtr.A17.gnm5.ann1_6.MtrunA17Chr3g0127671	MtrunA17Chr3g0127671			medtr.A17.gnm5.MtrunA17Chr3	-	45669643	45673331	-2.3807039679767	0.115109312961429	NS	-2.75412990546258	0.0288259448430197	DOWN
DOWN	A485_only	medtr.A17.gnm5.ann1_6.MtrunA17Chr3g0105981	MtrunA17Chr3g0105981			medtr.A17.gnm5.MtrunA17Chr3	+	29911355	29916119	-0.619355837976528	0.999999979788073	NS	-2.75232249642382	0.0223902733315039	DOWN
DOWN	A485_only	medtr.A17.gnm5.ann1_6.MtrunA17Chr8g0359811	MtrunA17Chr8g0359811			medtr.A17.gnm5.MtrunA17Chr8	+	23575271	23581163	-1.0036960664491	0.999999979788073	NS	-2.75172203551284	0.00826258945743908	DOWN
DOWN	A485_only	medtr.A17.gnm5.ann1_6.MtrunA17Chr5g0432711	MtrunA17Chr5g0432711			medtr.A17.gnm5.MtrunA17Chr5	-	33346527	33349017	-1.49135301919888	0.465540172058735	NS	-2.7503683128478	0.00583194708846165	DOWN
DOWN	A485_only	medtr.A17.gnm5.ann1_6.MtrunA17Chr6g0481251	MtrunA17Chr6g0481251			medtr.A17.gnm5.MtrunA17Chr6	+	36170073	36173459	-1.91872588105638	0.237472768281475	NS	-2.74837958706835	0.0107829195868014	DOWN
DOWN	A485_only	medtr.A17.gnm5.ann1_6.MtrunA17Chr2g0322321	MtrunA17Chr2g0322321	MtCYP74B4v1|MtHPL	Cytochrome P450 monooxygenase|hydroperoxide lyase (TC101310)	medtr.A17.gnm5.MtrunA17Chr2	+	43105660	43110729	-0.222146853587789	0.999999979788073	NS	-2.74697841110999	0.00257681506002682	DOWN
DOWN	A485_only	medtr.A17.gnm5.ann1_6.MtrunA17Chr2g0295591	MtrunA17Chr2g0295591			medtr.A17.gnm5.MtrunA17Chr2	+	14021355	14022701	-1.80113652073227	0.0619309754242874	NS	-2.74222671109594	0.000480716888180601	DOWN
DOWN	A485_only	medtr.A17.gnm5.ann1_6.MtrunA17Chr1g0175391	MtrunA17Chr1g0175391			medtr.A17.gnm5.MtrunA17Chr1	-	26806306	26810075	-2.05103352056912	0.105526470891244	NS	-2.73596149347188	0.00638729728910572	DOWN
DOWN	A485_only	medtr.A17.gnm5.ann1_6.MtrunA17Chr7g0251651	MtrunA17Chr7g0251651			medtr.A17.gnm5.MtrunA17Chr7	-	38813189	38814756	-0.792857917966049	0.999999979788073	NS	-2.73338117839777	0.000534320769694669	DOWN
DOWN	A485_only	medtr.A17.gnm5.ann1_6.MtrunA17Chr3g0114201	MtrunA17Chr3g0114201			medtr.A17.gnm5.MtrunA17Chr3	-	35759537	35762095	-1.79692777865367	0.228404072138016	NS	-2.73332342950798	0.00833609893201184	DOWN
DOWN	A485_only	medtr.A17.gnm5.ann1_6.MtrunA17Chr4g0043421	MtrunA17Chr4g0043421	MtLBD4	LOB Domain protein 11	medtr.A17.gnm5.MtrunA17Chr4	-	40465689	40469390	-1.83164594500046	0.394710003831679	NS	-2.73204431672089	0.0363631073460285	DOWN
DOWN	A485_only	medtr.A17.gnm5.ann1_6.MtrunA17Chr2g0327991	MtrunA17Chr2g0327991			medtr.A17.gnm5.MtrunA17Chr2	-	47380757	47386861	-0.703568137721768	0.999999979788073	NS	-2.73122242051	0.0289535413905039	DOWN
DOWN	A485_only	medtr.A17.gnm5.ann1_6.MtrunA17Chr8g0357271	MtrunA17Chr8g0357271	MtDefNS7|MtPDF29	symbiotic defensin 7|Plant Defensin 29	medtr.A17.gnm5.MtrunA17Chr8	+	19163404	19164338	-1.22782400761757	0.787189560042425	NS	-2.73032099428488	0.00039823469390743	DOWN
DOWN	A485_only	medtr.A17.gnm5.ann1_6.MtrunA17Chr7g0261871	MtrunA17Chr7g0261871			medtr.A17.gnm5.MtrunA17Chr7	+	46137341	46139384	-1.442810917993	0.423285347768147	NS	-2.72990294847854	0.00115819537274958	DOWN
DOWN	A485_only	medtr.A17.gnm5.ann1_6.MtrunA17Chr3g0083021	MtrunA17Chr3g0083021			medtr.A17.gnm5.MtrunA17Chr3	+	4725880	4727343	-2.23295329965345	0.20369899354015	NS	-2.72865469031539	0.0427182205951517	DOWN
DOWN	A485_only	medtr.A17.gnm5.ann1_6.MtrunA17Chr6g0478451	MtrunA17Chr6g0478451			medtr.A17.gnm5.MtrunA17Chr6	+	33071374	33081070	-2.1235077004082	0.0539823009687393	NS	-2.72828148322982	0.00257223629555116	DOWN
DOWN	A485_only	medtr.A17.gnm5.ann1_6.MtrunA17Chr8g0392321	MtrunA17Chr8g0392321			medtr.A17.gnm5.MtrunA17Chr8	-	48990966	48992889	-0.720017100469377	0.999999979788073	NS	-2.71778624655163	0.0492296307371621	DOWN
DOWN	A485_only	medtr.A17.gnm5.ann1_6.MtrunA17Chr2g0281231	MtrunA17Chr2g0281231			medtr.A17.gnm5.MtrunA17Chr2	-	3041770	3043193	-2.2606281551267	0.077698911777278	NS	-2.71628238702515	0.0122344951199925	DOWN
DOWN	A485_only	medtr.A17.gnm5.ann1_6.MtrunA17Chr1g0179951	MtrunA17Chr1g0179951			medtr.A17.gnm5.MtrunA17Chr1	-	31178445	31180794	-2.09045714169995	0.0848065032455525	NS	-2.71588845719677	0.00545097362996331	DOWN
DOWN	A485_only	medtr.A17.gnm5.ann1_6.MtrunA17Chr1g0188981	MtrunA17Chr1g0188981	MtENODL2|MtPCY76	ENOD-like 2|Plantacyanin/Chemocyanin	medtr.A17.gnm5.MtrunA17Chr1	-	38629263	38630547	-0.896898166841084	0.999999979788073	NS	-2.7093575387728	0.0447729581815539	DOWN
DOWN	A485_only	medtr.A17.gnm5.ann1_6.MtrunA17Chr3g0140531	MtrunA17Chr3g0140531			medtr.A17.gnm5.MtrunA17Chr3	+	54918494	54923145	-1.41689279808414	0.803733857899233	NS	-2.70921833057024	0.0487213405297395	DOWN
DOWN	A485_only	medtr.A17.gnm5.ann1_6.MtrunA17Chr1g0154391	MtrunA17Chr1g0154391			medtr.A17.gnm5.MtrunA17Chr1	+	6590418	6591604	-1.46201355355785	0.881318294435556	NS	-2.70802695898499	0.0469346688043263	DOWN
DOWN	A485_only	medtr.A17.gnm5.ann1_6.MtrunA17Chr1g0181651	MtrunA17Chr1g0181651			medtr.A17.gnm5.MtrunA17Chr1	-	32679910	32683259	-1.06101357234092	0.999999979788073	NS	-2.70713721797219	0.00248506317719098	DOWN
DOWN	A485_only	medtr.A17.gnm5.ann1_6.MtrunA17Chr3g0112591	MtrunA17Chr3g0112591			medtr.A17.gnm5.MtrunA17Chr3	+	34542880	34544179	-2.02186051328919	0.13651059472895	NS	-2.70559882829365	0.0108920957233253	DOWN
DOWN	A485_only	medtr.A17.gnm5.ann1_6.MtrunA17Chr7g0250961	MtrunA17Chr7g0250961			medtr.A17.gnm5.MtrunA17Chr7	+	38314859	38319665	0.0875583326890254	0.999999979788073	NS	-2.70238583108749	0.0382121222046446	DOWN
DOWN	A485_only	medtr.A17.gnm5.ann1_6.MtrunA17Chr3g0107521	MtrunA17Chr3g0107521			medtr.A17.gnm5.MtrunA17Chr3	-	31126991	31129212	-1.05642232985881	0.999999979788073	NS	-2.69621175498943	0.00353080324228364	DOWN
DOWN	A485_only	medtr.A17.gnm5.ann1_6.MtrunA17Chr5g0432271	MtrunA17Chr5g0432271			medtr.A17.gnm5.MtrunA17Chr5	-	33009717	33013922	-0.6300337029658	0.999999979788073	NS	-2.6958528019456	0.0186513328739034	DOWN
DOWN	A485_only	medtr.A17.gnm5.ann1_6.MtrunA17Chr6g0461391	MtrunA17Chr6g0461391			medtr.A17.gnm5.MtrunA17Chr6	-	10548984	10550251	-0.72048621631101	0.999999979788073	NS	-2.69518080006695	0.0282064018897215	DOWN
DOWN	A485_only	medtr.A17.gnm5.ann1_6.MtrunA17Chr1g0159511	MtrunA17Chr1g0159511			medtr.A17.gnm5.MtrunA17Chr1	+	10190771	10194923	-0.428622660041916	0.999999979788073	NS	-2.69138757217567	0.0363308998843852	DOWN
DOWN	A485_only	medtr.A17.gnm5.ann1_6.MtrunA17Chr4g0058731	MtrunA17Chr4g0058731			medtr.A17.gnm5.MtrunA17Chr4	+	51662119	51665670	-1.4718293473953	0.292241191664906	NS	-2.68984176815459	0.000324537040804501	DOWN
DOWN	A485_only	medtr.A17.gnm5.ann1_6.MtrunA17Chr4g0025831	MtrunA17Chr4g0025831			medtr.A17.gnm5.MtrunA17Chr4	-	26755832	26760674	-1.82191672876946	0.150549958745679	NS	-2.68350753079248	0.00261036711842482	DOWN
DOWN	A485_only	medtr.A17.gnm5.ann1_6.MtrunA17Chr5g0412071	MtrunA17Chr5g0412071			medtr.A17.gnm5.MtrunA17Chr5	+	13526263	13532381	-0.493796186179811	0.999999979788073	NS	-2.68147150426721	0.00362542327822551	DOWN
DOWN	A485_only	medtr.A17.gnm5.ann1_6.MtrunA17Chr5g0399491	MtrunA17Chr5g0399491	MtATHB2	Homeodomain transcription factor 2	medtr.A17.gnm5.MtrunA17Chr5	+	4062972	4065530	-1.01642032589305	0.999999979788073	NS	-2.67727100353505	0.00115819537274958	DOWN
DOWN	A485_only	medtr.A17.gnm5.ann1_6.MtrunA17Chr7g0243851	MtrunA17Chr7g0243851			medtr.A17.gnm5.MtrunA17Chr7	+	32983474	32985401	-1.20393193590731	0.864073204952293	NS	-2.67572590133435	0.00125599560706779	DOWN
DOWN	A485_only	medtr.A17.gnm5.ann1_6.MtrunA17Chr4g0011081	MtrunA17Chr4g0011081			medtr.A17.gnm5.MtrunA17Chr4	+	8691147	8692594	-0.729852634296144	0.999999979788073	NS	-2.66731832415693	0.0399599127442972	DOWN
DOWN	A485_only	medtr.A17.gnm5.ann1_6.MtrunA17Chr4g0073381	MtrunA17Chr4g0073381			medtr.A17.gnm5.MtrunA17Chr4	-	62331839	62338442	-1.68317242224818	0.271956303244923	NS	-2.66142630260328	0.00552450319720551	DOWN
DOWN	A485_only	medtr.A17.gnm5.ann1_6.MtrunA17Chr7g0271221	MtrunA17Chr7g0271221	MtNPF4.11	NRT1/ PTR FAMILY|nitrate transporter / peptide transporter	medtr.A17.gnm5.MtrunA17Chr7	+	52674195	52677862	-1.72061758843829	0.290071749475759	NS	-2.66120404126464	0.0106698841894414	DOWN
DOWN	A485_only	medtr.A17.gnm5.ann1_6.MtrunA17Chr7g0248681	MtrunA17Chr7g0248681			medtr.A17.gnm5.MtrunA17Chr7	-	36727036	36730755	-1.84285711842407	0.132435620506229	NS	-2.65338898768468	0.0030336677712507	DOWN
DOWN	A485_only	medtr.A17.gnm5.ann1_6.MtrunA17Chr4g0067831	MtrunA17Chr4g0067831			medtr.A17.gnm5.MtrunA17Chr4	-	58133987	58135723	-0.985937493637229	0.999999979788073	NS	-2.64495288745021	0.00135186274222134	DOWN
DOWN	A485_only	medtr.A17.gnm5.ann1_6.MtrunA17Chr6g0479941	MtrunA17Chr6g0479941			medtr.A17.gnm5.MtrunA17Chr6	+	34676297	34677865	-1.51336799523061	0.604743815821014	NS	-2.63740010485397	0.0283335958211919	DOWN
DOWN	A485_only	medtr.A17.gnm5.ann1_6.MtrunA17Chr6g0488451	MtrunA17Chr6g0488451			medtr.A17.gnm5.MtrunA17Chr6	-	42443580	42445791	-1.36792058730018	0.441746690590003	NS	-2.63259073386725	0.000349193110838985	DOWN
DOWN	A485_only	medtr.A17.gnm5.ann1_6.MtrunA17Chr4g0033401	MtrunA17Chr4g0033401			medtr.A17.gnm5.MtrunA17Chr4	+	33394821	33397755	-0.961142691646831	0.999999979788073	NS	-2.63075020551446	0.0295998906644041	DOWN
DOWN	A485_only	medtr.A17.gnm5.ann1_6.MtrunA17Chr2g0326881	MtrunA17Chr2g0326881			medtr.A17.gnm5.MtrunA17Chr2	-	46621734	46622501	-0.92710511025432	0.999999979788073	NS	-2.62486731148061	0.0302251995501521	DOWN
DOWN	A485_only	medtr.A17.gnm5.ann1_6.MtrunA17Chr4g0007841	MtrunA17Chr4g0007841	MtNCR035	Nodule-specific Cysteine-Rich peptide	medtr.A17.gnm5.MtrunA17Chr4	+	6113818	6115709	-1.29145821423357	0.613883235964054	NS	-2.6244710053962	0.000324537040804501	DOWN
DOWN	A485_only	medtr.A17.gnm5.ann1_6.MtrunA17Chr3g0104521	MtrunA17Chr3g0104521			medtr.A17.gnm5.MtrunA17Chr3	-	28622809	28627530	-2.44629826310019	0.0548190688499441	NS	-2.62384213052136	0.017502932665615	DOWN
DOWN	A485_only	medtr.A17.gnm5.ann1_6.MtrunA17Chr6g0479011	MtrunA17Chr6g0479011			medtr.A17.gnm5.MtrunA17Chr6	-	33602146	33604290	-1.06632359694619	0.999999979788073	NS	-2.61960545875618	0.0221332154322813	DOWN
DOWN	A485_only	medtr.A17.gnm5.ann1_6.MtrunA17Chr2g0308241	MtrunA17Chr2g0308241			medtr.A17.gnm5.MtrunA17Chr2	-	31078910	31082260	-1.82754966629906	0.289897991196816	NS	-2.61320561828077	0.024681263239343	DOWN
DOWN	A485_only	medtr.A17.gnm5.ann1_6.MtrunA17Chr1g0187481	MtrunA17Chr1g0187481			medtr.A17.gnm5.MtrunA17Chr1	+	37472934	37475429	-1.47963109737565	0.551291642549896	NS	-2.61210188884089	0.0102552581092134	DOWN
DOWN	A485_only	medtr.A17.gnm5.ann1_6.MtrunA17Chr3g0127711	MtrunA17Chr3g0127711			medtr.A17.gnm5.MtrunA17Chr3	+	45686965	45688242	-0.909582762322469	0.999999979788073	NS	-2.60703595059671	0.0127377124134227	DOWN
DOWN	A485_only	medtr.A17.gnm5.ann1_6.MtrunA17Chr2g0314111	MtrunA17Chr2g0314111			medtr.A17.gnm5.MtrunA17Chr2	-	36696392	36697908	-0.772172158763357	0.999999979788073	NS	-2.60361479272548	0.035104438622517	DOWN
DOWN	A485_only	medtr.A17.gnm5.ann1_6.MtrunA17Chr7g0267971	MtrunA17Chr7g0267971			medtr.A17.gnm5.MtrunA17Chr7	-	50540804	50549079	-0.307497102298345	0.999999979788073	NS	-2.60086101399655	0.0348565483916105	DOWN
DOWN	A485_only	medtr.A17.gnm5.ann1_6.MtrunA17Chr2g0298291	MtrunA17Chr2g0298291			medtr.A17.gnm5.MtrunA17Chr2	-	16249072	16255874	-1.28224430434581	0.701970001919581	NS	-2.59999083450554	0.00115053211676043	DOWN
DOWN	A485_only	medtr.A17.gnm5.ann1_6.MtrunA17Chr8g0371271	MtrunA17Chr8g0371271			medtr.A17.gnm5.MtrunA17Chr8	-	34120541	34121136	-1.19526694174965	0.999999979788073	NS	-2.5989819372277	0.039967741112225	DOWN
DOWN	A485_only	medtr.A17.gnm5.ann1_6.MtrunA17Chr8g0374451	MtrunA17Chr8g0374451			medtr.A17.gnm5.MtrunA17Chr8	-	36387634	36388355	-0.920744599621425	0.999999979788073	NS	-2.58410632608294	0.0127585834060992	DOWN
DOWN	A485_only	medtr.A17.gnm5.ann1_6.MtrunA17Chr4g0025811	MtrunA17Chr4g0025811			medtr.A17.gnm5.MtrunA17Chr4	-	26715381	26721192	-2.30469804556827	0.0513746172565582	NS	-2.5826437545011	0.0088636225579011	DOWN
DOWN	A485_only	medtr.A17.gnm5.ann1_6.MtrunA17Chr2g0298601	MtrunA17Chr2g0298601			medtr.A17.gnm5.MtrunA17Chr2	-	16519618	16529808	-1.74743275154572	0.0551680500081145	NS	-2.58136131073888	0.000252628150727118	DOWN
DOWN	A485_only	medtr.A17.gnm5.ann1_6.MtrunA17Chr4g0067451	MtrunA17Chr4g0067451			medtr.A17.gnm5.MtrunA17Chr4	-	57893329	57894663	-2.21885865714441	0.0707614183339765	NS	-2.57858834762268	0.0110543547425205	DOWN
DOWN	A485_only	medtr.A17.gnm5.ann1_6.MtrunA17Chr4g0032751	MtrunA17Chr4g0032751			medtr.A17.gnm5.MtrunA17Chr4	+	32806379	32807059	-0.876360751313069	0.999999979788073	NS	-2.57376015776313	0.0372617485820074	DOWN
DOWN	A485_only	medtr.A17.gnm5.ann1_6.MtrunA17Chr8g0382191	MtrunA17Chr8g0382191	MtCAMTA7	Calmodulin-binding transcription activator 7	medtr.A17.gnm5.MtrunA17Chr8	-	41938832	41947144	-1.33086271031403	0.676651693159976	NS	-2.57104651099693	0.00251510461929288	DOWN
DOWN	A485_only	medtr.A17.gnm5.ann1_6.MtrunA17Chr5g0437591	MtrunA17Chr5g0437591	MtNCR052	Nodule-specific Cysteine-Rich peptide	medtr.A17.gnm5.MtrunA17Chr5	+	37131784	37133412	-1.03329707255426	0.999999979788073	NS	-2.56872035396659	0.00421415034039964	DOWN
DOWN	A485_only	medtr.A17.gnm5.ann1_6.MtrunA17Chr1g0154381	MtrunA17Chr1g0154381	MtAOS1|MtCYP74A1	allene oxide synthase 1 (TC101097)|Cytochrome P450 monooxygenase	medtr.A17.gnm5.MtrunA17Chr1	-	6589373	6591765	-1.27980799291363	0.999999979788073	NS	-2.56835210599154	0.0415509054805675	DOWN
DOWN	A485_only	medtr.A17.gnm5.ann1_6.MtrunA17Chr7g0241061	MtrunA17Chr7g0241061			medtr.A17.gnm5.MtrunA17Chr7	-	30783999	30785607	-0.98234642042104	0.999999979788073	NS	-2.56521147117865	0.0125560129683282	DOWN
DOWN	A485_only	medtr.A17.gnm5.ann1_6.MtrunA17Chr3g0083591	MtrunA17Chr3g0083591			medtr.A17.gnm5.MtrunA17Chr3	+	5203707	5209647	-1.63231116300571	0.226661211535516	NS	-2.56302203587636	0.0021013398061809	DOWN
DOWN	A485_only	medtr.A17.gnm5.ann1_6.MtrunA17Chr4g0028901	MtrunA17Chr4g0028901			medtr.A17.gnm5.MtrunA17Chr4	-	29892561	29893143	-1.69980302846452	0.442251064614762	NS	-2.56294313644575	0.0410149529716959	DOWN
DOWN	A485_only	medtr.A17.gnm5.ann1_6.MtrunA17Chr3g0132501	MtrunA17Chr3g0132501			medtr.A17.gnm5.MtrunA17Chr3	+	49147564	49150452	-2.29964243793186	0.174238646575677	NS	-2.5552918934318	0.0489160137345222	DOWN
DOWN	A485_only	medtr.A17.gnm5.ann1_6.MtrunA17Chr7g0224011	MtrunA17Chr7g0224011			medtr.A17.gnm5.MtrunA17Chr7	-	9214443	9219855	-0.930851088367619	0.999999979788073	NS	-2.54844477477481	0.00170075262706663	DOWN
DOWN	A485_only	medtr.A17.gnm5.ann1_6.MtrunA17Chr7g0222511	MtrunA17Chr7g0222511			medtr.A17.gnm5.MtrunA17Chr7	-	7751489	7752612	-1.71682155647426	0.183159524049739	NS	-2.54694314324537	0.00278568814446529	DOWN
DOWN	A485_only	medtr.A17.gnm5.ann1_6.MtrunA17Chr3g0108541	MtrunA17Chr3g0108541			medtr.A17.gnm5.MtrunA17Chr3	-	31847518	31849420	-1.3167830439501	0.831237967250685	NS	-2.54655671343285	0.0210201505601091	DOWN
DOWN	A485_only	medtr.A17.gnm5.ann1_6.MtrunA17Chr6g0480381	MtrunA17Chr6g0480381			medtr.A17.gnm5.MtrunA17Chr6	-	35180860	35182642	-2.11939208474291	0.105526470891244	NS	-2.54555375369195	0.0167638860534313	DOWN
DOWN	A485_only	medtr.A17.gnm5.ann1_6.MtrunA17Chr4g0032111	MtrunA17Chr4g0032111			medtr.A17.gnm5.MtrunA17Chr4	-	32361242	32362329	-0.503752234052768	0.999999979788073	NS	-2.54548585677279	0.00715843284443871	DOWN
DOWN	A485_only	medtr.A17.gnm5.ann1_6.MtrunA17Chr1g0209741	MtrunA17Chr1g0209741			medtr.A17.gnm5.MtrunA17Chr1	+	53618195	53623657	-1.00924710453172	0.999999979788073	NS	-2.54413395941691	0.00386425150601791	DOWN
DOWN	A485_only	medtr.A17.gnm5.ann1_6.MtrunA17Chr5g0405241	MtrunA17Chr5g0405241			medtr.A17.gnm5.MtrunA17Chr5	-	8496420	8498834	-1.77720783257459	0.132885436338372	NS	-2.53998820403308	0.00203190838265702	DOWN
DOWN	A485_only	medtr.A17.gnm5.ann1_6.MtrunA17Chr3g0129191	MtrunA17Chr3g0129191			medtr.A17.gnm5.MtrunA17Chr3	+	46745294	46746073	-1.12199973793927	0.999999979788073	NS	-2.5397569119998	0.0381435537150241	DOWN
DOWN	A485_only	medtr.A17.gnm5.ann1_6.MtrunA17Chr3g0097741	MtrunA17Chr3g0097741			medtr.A17.gnm5.MtrunA17Chr3	-	22415032	22421346	-2.722508099628	0.0657807184907317	NS	-2.53785708151773	0.045601707149962	DOWN
DOWN	A485_only	medtr.A17.gnm5.ann1_6.MtrunA17Chr7g0256851	MtrunA17Chr7g0256851			medtr.A17.gnm5.MtrunA17Chr7	+	42558649	42561595	-0.0519735390486321	0.999999979788073	NS	-2.53574865400162	0.015434432336194	DOWN
DOWN	A485_only	medtr.A17.gnm5.ann1_6.MtrunA17Chr5g0435131	MtrunA17Chr5g0435131			medtr.A17.gnm5.MtrunA17Chr5	-	35282055	35282742	-1.35825002211574	0.824260698812021	NS	-2.53310214566962	0.0488139406794281	DOWN
DOWN	A485_only	medtr.A17.gnm5.ann1_6.MtrunA17Chr2g0312661	MtrunA17Chr2g0312661	MtNCR115	Nodule-specific Cysteine-Rich peptide	medtr.A17.gnm5.MtrunA17Chr2	+	35514517	35515237	-1.05871560753976	0.999999979788073	NS	-2.53150666846736	0.0187392153236986	DOWN
DOWN	A485_only	medtr.A17.gnm5.ann1_6.MtrunA17Chr2g0324721	MtrunA17Chr2g0324721	MtENODL10|MtPCY47	ENOD-like 10|Plantacyanin/Chemocyanin	medtr.A17.gnm5.MtrunA17Chr2	-	44821782	44823166	-1.77147038497008	0.262787654466549	NS	-2.52930369895273	0.0142899573284668	DOWN
DOWN	A485_only	medtr.A17.gnm5.ann1_6.MtrunA17Chr5g0395871	MtrunA17Chr5g0395871			medtr.A17.gnm5.MtrunA17Chr5	-	1668878	1670928	-0.927599241984243	0.999999979788073	NS	-2.52883432583966	2.50134679895143e-05	DOWN
DOWN	A485_only	medtr.A17.gnm5.ann1_6.MtrunA17Chr8g0384731	MtrunA17Chr8g0384731			medtr.A17.gnm5.MtrunA17Chr8	-	43627744	43632050	-0.721347548724172	0.999999979788073	NS	-2.52538842886633	0.000412010720698649	DOWN
DOWN	A485_only	medtr.A17.gnm5.ann1_6.MtrunA17Chr1g0205641	MtrunA17Chr1g0205641			medtr.A17.gnm5.MtrunA17Chr1	+	50828633	50829699	-1.49719147345342	0.327661217553562	NS	-2.52466262421294	0.00226305988801997	DOWN
DOWN	A485_only	medtr.A17.gnm5.ann1_6.MtrunA17Chr6g0478461	MtrunA17Chr6g0478461			medtr.A17.gnm5.MtrunA17Chr6	-	33079611	33080759	-1.88510328473205	0.269377197888429	NS	-2.52091751910867	0.0304625182659556	DOWN
DOWN	A485_only	medtr.A17.gnm5.ann1_6.MtrunA17Chr4g0009921	MtrunA17Chr4g0009921			medtr.A17.gnm5.MtrunA17Chr4	+	7765650	7769425	-1.16035340489696	0.858826769728523	NS	-2.52059830511468	0.000144810403798794	DOWN
DOWN	A485_only	medtr.A17.gnm5.ann1_6.MtrunA17Chr4g0046001	MtrunA17Chr4g0046001			medtr.A17.gnm5.MtrunA17Chr4	-	42507500	42509419	0.312524174308421	0.999999979788073	NS	-2.51945392513827	0.0363456932617419	DOWN
DOWN	A485_only	medtr.A17.gnm5.ann1_6.MtrunA17Chr7g0239271	MtrunA17Chr7g0239271			medtr.A17.gnm5.MtrunA17Chr7	+	29348648	29352620	-1.57761910430782	0.558550720448706	NS	-2.5191300678506	0.0457564575024802	DOWN
DOWN	A485_only	medtr.A17.gnm5.ann1_6.MtrunA17Chr1g0202231	MtrunA17Chr1g0202231			medtr.A17.gnm5.MtrunA17Chr1	+	48461520	48463859	-2.04809966855187	0.248532381039509	NS	-2.51669196559615	0.0442352528195686	DOWN
DOWN	A485_only	medtr.A17.gnm5.ann1_6.MtrunA17Chr3g0100431	MtrunA17Chr3g0100431			medtr.A17.gnm5.MtrunA17Chr3	-	25039904	25040998	-2.28782790936737	0.138331128532739	NS	-2.51454552629525	0.0430779026607442	DOWN
DOWN	A485_only	medtr.A17.gnm5.ann1_6.MtrunA17Chr7g0224141	MtrunA17Chr7g0224141			medtr.A17.gnm5.MtrunA17Chr7	-	9362989	9365497	-0.292197063779927	0.999999979788073	NS	-2.51297300165051	0.0226385227385794	DOWN
DOWN	A485_only	medtr.A17.gnm5.ann1_6.MtrunA17Chr2g0284361	MtrunA17Chr2g0284361	MtCEP17	C-terminally encoded peptide	medtr.A17.gnm5.MtrunA17Chr2	+	5234662	5235722	-2.41461955724098	0.123915212817096	NS	-2.50888131878746	0.0452735740758161	DOWN
DOWN	A485_only	medtr.A17.gnm5.ann1_6.MtrunA17Chr1g0191441	MtrunA17Chr1g0191441			medtr.A17.gnm5.MtrunA17Chr1	-	40482856	40489164	-0.640890237134945	0.999999979788073	NS	-2.50752122808001	0.00266037628328682	DOWN
DOWN	A485_only	medtr.A17.gnm5.ann1_6.MtrunA17Chr7g0240771	MtrunA17Chr7g0240771			medtr.A17.gnm5.MtrunA17Chr7	+	30474924	30477662	-1.80547014991523	0.131223515950779	NS	-2.50748731282178	0.00353264227228468	DOWN
DOWN	A485_only	medtr.A17.gnm5.ann1_6.MtrunA17Chr3g0119361	MtrunA17Chr3g0119361			medtr.A17.gnm5.MtrunA17Chr3	-	39731025	39732219	-1.06430205389894	0.999999979788073	NS	-2.50664447158819	0.0191000237263733	DOWN
DOWN	A485_only	medtr.A17.gnm5.ann1_6.MtrunA17Chr4g0067031	MtrunA17Chr4g0067031	MtCUL1	cullin 1	medtr.A17.gnm5.MtrunA17Chr4	-	57623246	57626913	-0.66485916109466	0.999999979788073	NS	-2.50526608122356	0.042618774192228	DOWN
DOWN	A485_only	medtr.A17.gnm5.ann1_6.MtrunA17Chr2g0309421	MtrunA17Chr2g0309421			medtr.A17.gnm5.MtrunA17Chr2	-	32162625	32165400	-0.372049140485498	0.999999979788073	NS	-2.50496779335128	0.0382177882764702	DOWN
DOWN	A485_only	medtr.A17.gnm5.ann1_6.MtrunA17Chr7g0275611	MtrunA17Chr7g0275611	MtSDG64	Histone methyltransferase SDG subfamily	medtr.A17.gnm5.MtrunA17Chr7	-	55520119	55528211	-0.860089817200254	0.999999979788073	NS	-2.50270864614425	0.0227984676335399	DOWN
DOWN	A485_only	medtr.A17.gnm5.ann1_6.MtrunA17Chr4g0005081	MtrunA17Chr4g0005081			medtr.A17.gnm5.MtrunA17Chr4	-	3984615	3985616	-0.733266766170751	0.999999979788073	NS	-2.50222693198113	0.0257333836912223	DOWN
DOWN	A485_only	medtr.A17.gnm5.ann1_6.MtrunA17Chr3g0088031	MtrunA17Chr3g0088031			medtr.A17.gnm5.MtrunA17Chr3	+	9526207	9528158	-1.64961632442257	0.389085471730405	NS	-2.49953940038754	0.0133921032607466	DOWN
DOWN	A485_only	medtr.A17.gnm5.ann1_6.MtrunA17Chr2g0332581	MtrunA17Chr2g0332581			medtr.A17.gnm5.MtrunA17Chr2	+	50690658	50694664	-1.50314529593508	0.613248268670151	NS	-2.49871947178898	0.0288259448430197	DOWN
DOWN	A485_only	medtr.A17.gnm5.ann1_6.MtrunA17Chr3g0126741	MtrunA17Chr3g0126741			medtr.A17.gnm5.MtrunA17Chr3	+	45015626	45019647	-1.06096892929404	0.999999979788073	NS	-2.49763693302512	0.0291933852927598	DOWN
DOWN	A485_only	medtr.A17.gnm5.ann1_6.MtrunA17Chr6g0479641	MtrunA17Chr6g0479641			medtr.A17.gnm5.MtrunA17Chr6	+	34298377	34304424	-1.04758549555577	0.999999979788073	NS	-2.49752866918982	0.0328456449090847	DOWN
DOWN	A485_only	medtr.A17.gnm5.ann1_6.MtrunA17Chr4g0054581	MtrunA17Chr4g0054581			medtr.A17.gnm5.MtrunA17Chr4	-	48391668	48395053	0.853298079546657	0.999999979788073	NS	-2.49729298972528	0.0151987101886723	DOWN
DOWN	A485_only	medtr.A17.gnm5.ann1_6.MtrunA17Chr5g0438451	MtrunA17Chr5g0438451			medtr.A17.gnm5.MtrunA17Chr5	-	37629495	37630911	-1.4915129760836	0.536243384991317	NS	-2.49481882305244	0.0151987101886723	DOWN
DOWN	A485_only	medtr.A17.gnm5.ann1_6.MtrunA17Chr6g0478741	MtrunA17Chr6g0478741			medtr.A17.gnm5.MtrunA17Chr6	+	33366219	33374863	-1.21262636399224	0.69916931984726	NS	-2.49065555607582	0.000171102593550154	DOWN
DOWN	A485_only	medtr.A17.gnm5.ann1_6.MtrunA17Chr5g0401591	MtrunA17Chr5g0401591			medtr.A17.gnm5.MtrunA17Chr5	+	5795140	5797137	-1.26794507910777	0.554311146129032	NS	-2.49065094385785	0.000156850257607326	DOWN
DOWN	A485_only	medtr.A17.gnm5.ann1_6.MtrunA17Chr4g0023551	MtrunA17Chr4g0023551			medtr.A17.gnm5.MtrunA17Chr4	-	24202117	24202911	-1.58311215646051	0.521012544624588	NS	-2.48985449630732	0.0311443168411294	DOWN
DOWN	A485_only	medtr.A17.gnm5.ann1_6.MtrunA17Chr7g0267751	MtrunA17Chr7g0267751	MtCDPK11	calcium-dependent protein kinase11	medtr.A17.gnm5.MtrunA17Chr7	+	50463990	50468286	-0.994947655013339	0.999999979788073	NS	-2.4854893490526	0.0291413329600607	DOWN
DOWN	A485_only	medtr.A17.gnm5.ann1_6.MtrunA17Chr3g0138741	MtrunA17Chr3g0138741	MtBG27	beta-1,3-Glucanase 27	medtr.A17.gnm5.MtrunA17Chr3	-	53624170	53627256	-1.46031814994907	0.313476517510035	NS	-2.47926813684526	0.000967126802321884	DOWN
DOWN	A485_only	medtr.A17.gnm5.ann1_6.MtrunA17Chr2g0277121	MtrunA17Chr2g0277121			medtr.A17.gnm5.MtrunA17Chr2	-	361181	361692	-0.886520705978618	0.999999979788073	NS	-2.47834013445993	0.0377640991661095	DOWN
DOWN	A485_only	medtr.A17.gnm5.ann1_6.MtrunA17Chr7g0227161	MtrunA17Chr7g0227161			medtr.A17.gnm5.MtrunA17Chr7	-	12267555	12268630	-1.37076178074704	0.676019457292624	NS	-2.47211198786106	0.0204290339358814	DOWN
DOWN	A485_only	medtr.A17.gnm5.ann1_6.MtrunA17Chr7g0218051	MtrunA17Chr7g0218051			medtr.A17.gnm5.MtrunA17Chr7	-	3472642	3474067	-1.02955954585855	0.999999979788073	NS	-2.46799607497975	0.0199012922082598	DOWN
DOWN	A485_only	medtr.A17.gnm5.ann1_6.MtrunA17Chr5g0403401	MtrunA17Chr5g0403401			medtr.A17.gnm5.MtrunA17Chr5	+	7198415	7202659	-1.16373832323859	0.999999979788073	NS	-2.46320493872011	0.00851706415692393	DOWN
DOWN	A485_only	medtr.A17.gnm5.ann1_6.MtrunA17Chr8g0368601	MtrunA17Chr8g0368601			medtr.A17.gnm5.MtrunA17Chr8	+	32005408	32005672	-0.502331869985405	0.999999979788073	NS	-2.45782426126752	0.0191172670466284	DOWN
DOWN	A485_only	medtr.A17.gnm5.ann1_6.MtrunA17Chr2g0307791	MtrunA17Chr2g0307791			medtr.A17.gnm5.MtrunA17Chr2	-	30267580	30270498	-1.56015071761912	0.292689847267973	NS	-2.4558076849112	0.00439524831041479	DOWN
DOWN	A485_only	medtr.A17.gnm5.ann1_6.MtrunA17Chr5g0430871	MtrunA17Chr5g0430871	MtNCR365	Nodule-specific Cysteine-Rich peptide	medtr.A17.gnm5.MtrunA17Chr5	-	31949484	31950280	-1.00958267872676	0.999999979788073	NS	-2.45526193805392	0.000650769286710645	DOWN
DOWN	A485_only	medtr.A17.gnm5.ann1_6.MtrunA17Chr4g0060561	MtrunA17Chr4g0060561			medtr.A17.gnm5.MtrunA17Chr4	+	52926288	52930449	-1.29748908704919	0.65167988976381	NS	-2.45502273063261	0.0020823537572345	DOWN
DOWN	A485_only	medtr.A17.gnm5.ann1_6.MtrunA17Chr1g0176331	MtrunA17Chr1g0176331			medtr.A17.gnm5.MtrunA17Chr1	+	27839004	27841158	-0.580955173935616	0.999999979788073	NS	-2.4469901721766	0.0280024586382452	DOWN
DOWN	A485_only	medtr.A17.gnm5.ann1_6.MtrunA17Chr6g0480281	MtrunA17Chr6g0480281			medtr.A17.gnm5.MtrunA17Chr6	+	35108093	35108846	-1.28278188780161	0.866605093610733	NS	-2.44528275483537	0.0310211149566967	DOWN
DOWN	A485_only	medtr.A17.gnm5.ann1_6.MtrunA17Chr5g0405251	MtrunA17Chr5g0405251			medtr.A17.gnm5.MtrunA17Chr5	+	8497145	8498798	-1.71939771596667	0.0824732020604649	NS	-2.44303652681603	0.000659679207601817	DOWN
DOWN	A485_only	medtr.A17.gnm5.ann1_6.MtrunA17Chr5g0417551	MtrunA17Chr5g0417551	MtCDFc2_3	CYCLING DOF FACTOR	medtr.A17.gnm5.MtrunA17Chr5	+	18112217	18113933	-0.303192348584585	0.999999979788073	NS	-2.44295189085508	0.00720166523258805	DOWN
DOWN	A485_only	medtr.A17.gnm5.ann1_6.MtrunA17Chr5g0436341	MtrunA17Chr5g0436341			medtr.A17.gnm5.MtrunA17Chr5	+	36214069	36218628	-1.43262815471263	0.64668864808162	NS	-2.44228849640655	0.0166896658740036	DOWN
DOWN	A485_only	medtr.A17.gnm5.ann1_6.MtrunA17Chr1g0174961	MtrunA17Chr1g0174961	MtNCR039	Nodule-specific Cysteine-Rich peptide	medtr.A17.gnm5.MtrunA17Chr1	-	26295974	26297655	-1.13119297296438	0.999999979788073	NS	-2.44046951820613	0.00645523085605991	DOWN
DOWN	A485_only	medtr.A17.gnm5.ann1_6.MtrunA17Chr6g0451381	MtrunA17Chr6g0451381			medtr.A17.gnm5.MtrunA17Chr6	+	1948594	1953305	-1.79591612751372	0.379794768901214	NS	-2.4356645362818	0.0363631073460285	DOWN
DOWN	A485_only	medtr.A17.gnm5.ann1_6.MtrunA17Chr6g0478751	MtrunA17Chr6g0478751			medtr.A17.gnm5.MtrunA17Chr6	-	33371650	33372810	-0.693087138137445	0.999999979788073	NS	-2.43532998971423	0.00203190838265702	DOWN
DOWN	A485_only	medtr.A17.gnm5.ann1_6.MtrunA17Chr5g0401241	MtrunA17Chr5g0401241			medtr.A17.gnm5.MtrunA17Chr5	-	5462445	5463078	-1.87778106279344	0.244667885678103	NS	-2.43352303960037	0.0330174488524621	DOWN
DOWN	A485_only	medtr.A17.gnm5.ann1_6.MtrunA17Chr4g0033641	MtrunA17Chr4g0033641			medtr.A17.gnm5.MtrunA17Chr4	-	33556475	33559398	-0.391432168953754	0.999999979788073	NS	-2.43258577783215	0.0359125059441913	DOWN
DOWN	A485_only	medtr.A17.gnm5.ann1_6.MtrunA17Chr5g0413411	MtrunA17Chr5g0413411			medtr.A17.gnm5.MtrunA17Chr5	+	14646156	14651692	-1.21489121747799	0.981431878989344	NS	-2.42993607777989	0.0240202751830057	DOWN
DOWN	A485_only	medtr.A17.gnm5.ann1_6.MtrunA17Chr7g0244591	MtrunA17Chr7g0244591			medtr.A17.gnm5.MtrunA17Chr7	-	33808226	33811746	-0.873541480723995	0.999999979788073	NS	-2.42959532082587	0.0274665062952883	DOWN
DOWN	A485_only	medtr.A17.gnm5.ann1_6.MtrunA17Chr1g0182981	MtrunA17Chr1g0182981			medtr.A17.gnm5.MtrunA17Chr1	+	33771288	33772263	-1.81445581083102	0.317812342988295	NS	-2.42800532036875	0.0427624893318114	DOWN
DOWN	A485_only	medtr.A17.gnm5.ann1_6.MtrunA17Chr1g0200661	MtrunA17Chr1g0200661			medtr.A17.gnm5.MtrunA17Chr1	+	47186949	47189462	-0.602557154148124	0.999999979788073	NS	-2.42704788767071	0.00181878461989193	DOWN
DOWN	A485_only	medtr.A17.gnm5.ann1_6.MtrunA17Chr4g0055311	MtrunA17Chr4g0055311			medtr.A17.gnm5.MtrunA17Chr4	+	48981798	48982843	-1.75011664795465	0.173613093848558	NS	-2.42590941658122	0.00679142361170421	DOWN
DOWN	A485_only	medtr.A17.gnm5.ann1_6.MtrunA17Chr5g0409431	MtrunA17Chr5g0409431			medtr.A17.gnm5.MtrunA17Chr5	-	11205705	11207676	-0.42763042055449	0.999999979788073	NS	-2.42293398799741	0.00328164319106017	DOWN
DOWN	A485_only	medtr.A17.gnm5.ann1_6.MtrunA17Chr8g0355791	MtrunA17Chr8g0355791			medtr.A17.gnm5.MtrunA17Chr8	-	17298641	17302055	-2.37394377287606	0.074841766472404	NS	-2.4228302477827	0.0298102039914053	DOWN
DOWN	A485_only	medtr.A17.gnm5.ann1_6.MtrunA17Chr3g0087951	MtrunA17Chr3g0087951	MtNCR245	Nodule-specific Cysteine-Rich peptide	medtr.A17.gnm5.MtrunA17Chr3	-	9490334	9491838	-0.726402544065949	0.999999979788073	NS	-2.42121163403936	0.00199206537066284	DOWN
DOWN	A485_only	medtr.A17.gnm5.ann1_6.MtrunA17Chr3g0107821	MtrunA17Chr3g0107821			medtr.A17.gnm5.MtrunA17Chr3	-	31294969	31296780	-1.07725677669088	0.999999979788073	NS	-2.41895143376435	0.0097454678569612	DOWN
DOWN	A485_only	medtr.A17.gnm5.ann1_6.MtrunA17Chr6g0467321	MtrunA17Chr6g0467321	MtMATE50	multidrug and toxic compound extrusion family	medtr.A17.gnm5.MtrunA17Chr6	-	16155854	16160983	-1.83693499782816	0.0585262906430789	NS	-2.41749539471008	0.00133053891932334	DOWN
DOWN	A485_only	medtr.A17.gnm5.ann1_6.MtrunA17Chr5g0418311	MtrunA17Chr5g0418311			medtr.A17.gnm5.MtrunA17Chr5	-	18900005	18902819	-1.1654865692305	0.894068510092214	NS	-2.41661178222123	0.000951790214713554	DOWN
DOWN	A485_only	medtr.A17.gnm5.ann1_6.MtrunA17Chr3g0103681	MtrunA17Chr3g0103681			medtr.A17.gnm5.MtrunA17Chr3	+	28004287	28008716	-1.25915404692747	0.920524995711458	NS	-2.41169557736209	0.0398167964831455	DOWN
DOWN	A485_only	medtr.A17.gnm5.ann1_6.MtrunA17Chr1g0153281	MtrunA17Chr1g0153281	MtREM5.1	remorin 5.1	medtr.A17.gnm5.MtrunA17Chr1	-	5835027	5839850	-1.40472217498383	0.3192934618338	NS	-2.41102925773791	0.000566836786579451	DOWN
DOWN	A485_only	medtr.A17.gnm5.ann1_6.MtrunA17Chr3g0109911	MtrunA17Chr3g0109911			medtr.A17.gnm5.MtrunA17Chr3	-	32692078	32693657	-1.94924367420153	0.199258888402548	NS	-2.41060104619456	0.0289053483334115	DOWN
DOWN	A485_only	medtr.A17.gnm5.ann1_6.MtrunA17Chr2g0284371	MtrunA17Chr2g0284371			medtr.A17.gnm5.MtrunA17Chr2	-	5234805	5235530	-2.11071758341225	0.16384320337206	NS	-2.40986197478688	0.0348932365657364	DOWN
DOWN	A485_only	medtr.A17.gnm5.ann1_6.MtrunA17Chr4g0044711	MtrunA17Chr4g0044711			medtr.A17.gnm5.MtrunA17Chr4	-	41535664	41537467	-1.51293480929706	0.600285062831021	NS	-2.40677151574758	0.0401589173818641	DOWN
DOWN	A485_only	medtr.A17.gnm5.ann1_6.MtrunA17Chr4g0004881	MtrunA17Chr4g0004881	MtFPN3	ferroportin 3	medtr.A17.gnm5.MtrunA17Chr4	+	3843673	3848258	-1.5232525059266	0.42676816145763	NS	-2.40394712212102	0.0109452650402154	DOWN
DOWN	A485_only	medtr.A17.gnm5.ann1_6.MtrunA17Chr7g0219951	MtrunA17Chr7g0219951			medtr.A17.gnm5.MtrunA17Chr7	-	5258023	5261783	-1.31307579885186	0.477593641748331	NS	-2.40042125788199	0.00035619443724406	DOWN
DOWN	A485_only	medtr.A17.gnm5.ann1_6.MtrunA17Chr7g0259341	MtrunA17Chr7g0259341			medtr.A17.gnm5.MtrunA17Chr7	-	44368481	44373561	-0.47721924179332	0.999999979788073	NS	-2.39784988698248	0.0291898879713647	DOWN
DOWN	A485_only	medtr.A17.gnm5.ann1_6.MtrunA17Chr8g0387371	MtrunA17Chr8g0387371			medtr.A17.gnm5.MtrunA17Chr8	-	45445945	45450941	-1.05782167342434	0.999999979788073	NS	-2.39777712263354	0.0056976224271804	DOWN
DOWN	A485_only	medtr.A17.gnm5.ann1_6.MtrunA17Chr5g0436351	MtrunA17Chr5g0436351			medtr.A17.gnm5.MtrunA17Chr5	-	36216660	36218193	-1.35854429496401	0.712298989589064	NS	-2.39492760632494	0.014279282449324	DOWN
DOWN	A485_only	medtr.A17.gnm5.ann1_6.MtrunA17Chr8g0340741	MtrunA17Chr8g0340741			medtr.A17.gnm5.MtrunA17Chr8	-	4470924	4475496	-0.437427253773329	0.999999979788073	NS	-2.38782549845678	0.00014046671651889	DOWN
DOWN	A485_only	medtr.A17.gnm5.ann1_6.MtrunA17Chr4g0054371	MtrunA17Chr4g0054371	MtACS2	1-aminocyclopropane-1-carboxylate synthase (ethylene synthase)	medtr.A17.gnm5.MtrunA17Chr4	+	48137237	48139342	-1.95347046337561	0.181792912205632	NS	-2.38763023861345	0.0241052745009214	DOWN
DOWN	A485_only	medtr.A17.gnm5.ann1_6.MtrunA17Chr3g0109831	MtrunA17Chr3g0109831			medtr.A17.gnm5.MtrunA17Chr3	+	32618336	32623400	-1.40825195306841	0.258614310492003	NS	-2.38492586528037	0.000448819417523109	DOWN
DOWN	A485_only	medtr.A17.gnm5.ann1_6.MtrunA17Chr5g0431831	MtrunA17Chr5g0431831	MtNCR724	Nodule-specific Cysteine-Rich peptide	medtr.A17.gnm5.MtrunA17Chr5	+	32629762	32630471	-0.998285565907554	0.999999979788073	NS	-2.38295506042603	0.0466607478879372	DOWN
DOWN	A485_only	medtr.A17.gnm5.ann1_6.MtrunA17Chr8g0387981	MtrunA17Chr8g0387981			medtr.A17.gnm5.MtrunA17Chr8	-	45983283	45986725	-2.14213373734533	0.1122792178989	NS	-2.38117818255254	0.0235440741774992	DOWN
DOWN	A485_only	medtr.A17.gnm5.ann1_6.MtrunA17Chr6g0476851	MtrunA17Chr6g0476851			medtr.A17.gnm5.MtrunA17Chr6	+	31622042	31623536	-0.684085038205364	0.999999979788073	NS	-2.3792870885816	0.0140424144924205	DOWN
DOWN	A485_only	medtr.A17.gnm5.ann1_6.MtrunA17Chr8g0342211	MtrunA17Chr8g0342211			medtr.A17.gnm5.MtrunA17Chr8	+	5596395	5598624	-1.80101601777725	0.248814249973362	NS	-2.37892554689574	0.0240950621543522	DOWN
DOWN	A485_only	medtr.A17.gnm5.ann1_6.MtrunA17Chr3g0114211	MtrunA17Chr3g0114211			medtr.A17.gnm5.MtrunA17Chr3	-	35764644	35769173	-0.652985200498968	0.999999979788073	NS	-2.37783699400661	0.0102776974065302	DOWN
DOWN	A485_only	medtr.A17.gnm5.ann1_6.MtrunA17Chr8g0342201	MtrunA17Chr8g0342201			medtr.A17.gnm5.MtrunA17Chr8	+	5590624	5596393	-2.32412665716595	0.070729177366534	NS	-2.3753493581771	0.028045873384775	DOWN
DOWN	A485_only	medtr.A17.gnm5.ann1_6.MtrunA17Chr4g0037331	MtrunA17Chr4g0037331			medtr.A17.gnm5.MtrunA17Chr4	-	35954464	35957122	-1.49235122967424	0.615432844543212	NS	-2.37510496424372	0.0471344442924722	DOWN
DOWN	A485_only	medtr.A17.gnm5.ann1_6.MtrunA17Chr3g0131961	MtrunA17Chr3g0131961	MtSWEET11|MtSWEET13	sucrose transporter	medtr.A17.gnm5.MtrunA17Chr3	+	48767357	48772919	-1.55652488620222	0.466324224230314	NS	-2.3712496905212	0.0196208888893367	DOWN
DOWN	A485_only	medtr.A17.gnm5.ann1_6.MtrunA17Chr2g0330061	MtrunA17Chr2g0330061			medtr.A17.gnm5.MtrunA17Chr2	-	48930229	48935916	-1.05952856280733	0.999999979788073	NS	-2.37114626197304	0.0139147456536879	DOWN
DOWN	A485_only	medtr.A17.gnm5.ann1_6.MtrunA17Chr2g0278561	MtrunA17Chr2g0278561			medtr.A17.gnm5.MtrunA17Chr2	-	1244616	1248367	0.410516678769117	0.999999979788073	NS	-2.36953036092131	0.0159998428738675	DOWN
DOWN	A485_only	medtr.A17.gnm5.ann1_6.MtrunA17Chr2g0279411	MtrunA17Chr2g0279411			medtr.A17.gnm5.MtrunA17Chr2	+	1863201	1863913	-1.83852330302746	0.219924028518714	NS	-2.36748935640646	0.0270533334227876	DOWN
DOWN	A485_only	medtr.A17.gnm5.ann1_6.MtrunA17Chr8g0354771	MtrunA17Chr8g0354771			medtr.A17.gnm5.MtrunA17Chr8	+	16347587	16356405	-1.19917771413846	0.814496659552743	NS	-2.36663084835928	0.00150099931387425	DOWN
DOWN	A485_only	medtr.A17.gnm5.ann1_6.MtrunA17Chr5g0419521	MtrunA17Chr5g0419521			medtr.A17.gnm5.MtrunA17Chr5	+	19838482	19843672	-0.735507022763794	0.999999979788073	NS	-2.36642361367915	0.000470240578665118	DOWN
DOWN	A485_only	medtr.A17.gnm5.ann1_6.MtrunA17Chr2g0333051	MtrunA17Chr2g0333051			medtr.A17.gnm5.MtrunA17Chr2	+	50927529	50929022	-1.0985540137226	0.999999979788073	NS	-2.36511350805386	0.0107829195868014	DOWN
DOWN	A485_only	medtr.A17.gnm5.ann1_6.MtrunA17Chr6g0475581	MtrunA17Chr6g0475581	MtNCR-new57	Nodule-specific Cysteine-Rich peptide	medtr.A17.gnm5.MtrunA17Chr6	-	30043354	30044491	-0.886941097263849	0.999999979788073	NS	-2.35769226914693	0.0214259136324645	DOWN
DOWN	A485_only	medtr.A17.gnm5.ann1_6.MtrunA17Chr4g0071601	MtrunA17Chr4g0071601			medtr.A17.gnm5.MtrunA17Chr4	-	60884210	60885063	-1.56753403630496	0.306409728880459	NS	-2.35705259070093	0.00849154162812242	DOWN
DOWN	A485_only	medtr.A17.gnm5.ann1_6.MtrunA17Chr1g0174981	MtrunA17Chr1g0174981			medtr.A17.gnm5.MtrunA17Chr1	-	26298502	26299089	-1.61834000088684	0.395029290284894	NS	-2.3558149453029	0.0279192700761856	DOWN
DOWN	A485_only	medtr.A17.gnm5.ann1_6.MtrunA17Chr2g0334011	MtrunA17Chr2g0334011			medtr.A17.gnm5.MtrunA17Chr2	+	51669403	51671647	-1.16501450579873	0.973723460677491	NS	-2.3547421537332	0.00582183443843304	DOWN
DOWN	A485_only	medtr.A17.gnm5.ann1_6.MtrunA17Chr7g0246481	MtrunA17Chr7g0246481	MtPLD5	phospholipase D5	medtr.A17.gnm5.MtrunA17Chr7	+	35231213	35238175	-1.24112161703963	0.681699432148172	NS	-2.35151151478647	0.000738456927741454	DOWN
DOWN	A485_only	medtr.A17.gnm5.ann1_6.MtrunA17Chr1g0210591	MtrunA17Chr1g0210591			medtr.A17.gnm5.MtrunA17Chr1	+	54334050	54337646	-0.700090597058134	0.999999979788073	NS	-2.34997040477963	0.00665978014296096	DOWN
DOWN	A485_only	medtr.A17.gnm5.ann1_6.MtrunA17Chr5g0432701	MtrunA17Chr5g0432701			medtr.A17.gnm5.MtrunA17Chr5	-	33337405	33341452	-1.48631263630054	0.10805089635939	NS	-2.3499241332467	0.000103892634477563	DOWN
DOWN	A485_only	medtr.A17.gnm5.ann1_6.MtrunA17Chr6g0480321	MtrunA17Chr6g0480321			medtr.A17.gnm5.MtrunA17Chr6	-	35122970	35127920	-1.91880415302831	0.152868093585318	NS	-2.34966942409221	0.0184591497236313	DOWN
DOWN	A485_only	medtr.A17.gnm5.ann1_6.MtrunA17Chr8g0362171	MtrunA17Chr8g0362171			medtr.A17.gnm5.MtrunA17Chr8	-	26778759	26779422	-0.412077695509455	0.999999979788073	NS	-2.34832984328611	0.0350462367989796	DOWN
DOWN	A485_only	medtr.A17.gnm5.ann1_6.MtrunA17Chr5g0432401	MtrunA17Chr5g0432401	MtPrx01|MtRIP1	RHIZOBIUM-INDUCED PEROXIDASE 1|peroxidase 29	medtr.A17.gnm5.MtrunA17Chr5	-	33090635	33093282	-2.30859421247805	0.0749314258711187	NS	-2.3434354542857	0.0312250309819386	DOWN
DOWN	A485_only	medtr.A17.gnm5.ann1_6.MtrunA17Chr7g0271641	MtrunA17Chr7g0271641			medtr.A17.gnm5.MtrunA17Chr7	-	53015666	53017251	-1.23216064966495	0.910805021182479	NS	-2.34310234956233	0.0208962175733042	DOWN
DOWN	A485_only	medtr.A17.gnm5.ann1_6.MtrunA17Chr3g0129561	MtrunA17Chr3g0129561			medtr.A17.gnm5.MtrunA17Chr3	-	47053733	47059031	-1.67259717219475	0.25685954445229	NS	-2.33941522216581	0.0125823581243052	DOWN
DOWN	A485_only	medtr.A17.gnm5.ann1_6.MtrunA17Chr2g0310831	MtrunA17Chr2g0310831			medtr.A17.gnm5.MtrunA17Chr2	+	33836798	33839730	-1.18915795155434	0.94109557652955	NS	-2.33416873952372	0.00498411103665781	DOWN
DOWN	A485_only	medtr.A17.gnm5.ann1_6.MtrunA17Chr3g0092071	MtrunA17Chr3g0092071			medtr.A17.gnm5.MtrunA17Chr3	+	13383059	13386024	-0.712783669221879	0.999999979788073	NS	-2.33373229860037	0.0214486036726455	DOWN
DOWN	A485_only	medtr.A17.gnm5.ann1_6.MtrunA17Chr5g0413231	MtrunA17Chr5g0413231			medtr.A17.gnm5.MtrunA17Chr5	-	14488632	14492072	-0.801132886222567	0.999999979788073	NS	-2.33277632567451	0.0488343986829136	DOWN
DOWN	A485_only	medtr.A17.gnm5.ann1_6.MtrunA17Chr6g0488461	MtrunA17Chr6g0488461			medtr.A17.gnm5.MtrunA17Chr6	+	42444569	42444932	-1.6654591395514	0.146669110301523	NS	-2.33227897364891	0.00309687586503352	DOWN
DOWN	A485_only	medtr.A17.gnm5.ann1_6.MtrunA17Chr3g0122911	MtrunA17Chr3g0122911			medtr.A17.gnm5.MtrunA17Chr3	-	42246472	42252165	-0.460682364134749	0.999999979788073	NS	-2.32716972580304	0.0175942381043686	DOWN
DOWN	A485_only	medtr.A17.gnm5.ann1_6.MtrunA17Chr4g0054171	MtrunA17Chr4g0054171			medtr.A17.gnm5.MtrunA17Chr4	-	47978106	47980540	-1.74739710719647	0.070159726671581	NS	-2.32507139633111	0.00109991418094146	DOWN
DOWN	A485_only	medtr.A17.gnm5.ann1_6.MtrunA17Chr1g0179961	MtrunA17Chr1g0179961			medtr.A17.gnm5.MtrunA17Chr1	+	31178498	31180288	-2.36133374018521	0.0527888069803971	NS	-2.31746150209982	0.0273536410654953	DOWN
DOWN	A485_only	medtr.A17.gnm5.ann1_6.MtrunA17Chr8g0345211	MtrunA17Chr8g0345211			medtr.A17.gnm5.MtrunA17Chr8	-	8256107	8260350	-2.11315023515382	0.0683681014113587	NS	-2.31025669797991	0.0132298178146448	DOWN
DOWN	A485_only	medtr.A17.gnm5.ann1_6.MtrunA17Chr7g0265731	MtrunA17Chr7g0265731			medtr.A17.gnm5.MtrunA17Chr7	-	48875003	48876724	-1.17459457437417	0.786890326578798	NS	-2.30222653994036	0.000364405238243468	DOWN
DOWN	A485_only	medtr.A17.gnm5.ann1_6.MtrunA17Chr6g0479001	MtrunA17Chr6g0479001			medtr.A17.gnm5.MtrunA17Chr6	+	33595548	33604279	-1.40925292849282	0.301024584459088	NS	-2.30098372202092	0.000818938279300278	DOWN
DOWN	A485_only	medtr.A17.gnm5.ann1_6.MtrunA17Chr5g0431081	MtrunA17Chr5g0431081	MtNCR-new46	Nodule-specific Cysteine-Rich peptide	medtr.A17.gnm5.MtrunA17Chr5	+	32082843	32083976	-0.963496996383804	0.999999979788073	NS	-2.29521950068537	0.0369148506508186	DOWN
DOWN	A485_only	medtr.A17.gnm5.ann1_6.MtrunA17Chr5g0411441	MtrunA17Chr5g0411441			medtr.A17.gnm5.MtrunA17Chr5	-	12956223	12964974	-2.32004969726807	0.0908107521275469	NS	-2.2948758715882	0.0486338468591939	DOWN
DOWN	A485_only	medtr.A17.gnm5.ann1_6.MtrunA17Chr8g0387881	MtrunA17Chr8g0387881			medtr.A17.gnm5.MtrunA17Chr8	+	45921456	45923804	-0.852455416179825	0.999999979788073	NS	-2.29470315333888	0.0180550082458899	DOWN
DOWN	A485_only	medtr.A17.gnm5.ann1_6.MtrunA17Chr1g0188861	MtrunA17Chr1g0188861	MtLHL3	LONESOME HIGHWAY LIKE 3  (bHLH transcription factor)	medtr.A17.gnm5.MtrunA17Chr1	+	38547960	38552797	-1.21233170554447	0.891006240507365	NS	-2.2942763365393	0.0128593672416816	DOWN
DOWN	A485_only	medtr.A17.gnm5.ann1_6.MtrunA17Chr4g0027471	MtrunA17Chr4g0027471			medtr.A17.gnm5.MtrunA17Chr4	-	28510101	28513678	-0.382848125828421	0.999999979788073	NS	-2.29008009680569	0.0311093941594844	DOWN
DOWN	A485_only	medtr.A17.gnm5.ann1_6.MtrunA17Chr4g0021641	MtrunA17Chr4g0021641			medtr.A17.gnm5.MtrunA17Chr4	-	20181992	20187004	-0.987723245542062	0.999999979788073	NS	-2.28310153563827	0.0363479942642547	DOWN
DOWN	A485_only	medtr.A17.gnm5.ann1_6.MtrunA17Chr3g0110811	MtrunA17Chr3g0110811			medtr.A17.gnm5.MtrunA17Chr3	-	33254946	33258686	-1.46812594692619	0.597322055923431	NS	-2.28117660321604	0.039050130660346	DOWN
DOWN	A485_only	medtr.A17.gnm5.ann1_6.MtrunA17Chr4g0040411	MtrunA17Chr4g0040411			medtr.A17.gnm5.MtrunA17Chr4	-	38367491	38369269	-1.63947205661612	0.436210196447557	NS	-2.2790231806423	0.0326075270231157	DOWN
DOWN	A485_only	medtr.A17.gnm5.ann1_6.MtrunA17Chr7g0256401	MtrunA17Chr7g0256401			medtr.A17.gnm5.MtrunA17Chr7	-	42258441	42259060	-0.724625247309032	0.999999979788073	NS	-2.27466057586992	0.0239296503855125	DOWN
DOWN	A485_only	medtr.A17.gnm5.ann1_6.MtrunA17Chr1g0191081	MtrunA17Chr1g0191081			medtr.A17.gnm5.MtrunA17Chr1	+	40174167	40178190	-2.22246248026794	0.0706605590825032	NS	-2.2745450425968	0.0291884284878345	DOWN
DOWN	A485_only	medtr.A17.gnm5.ann1_6.MtrunA17Chr3g0132401	MtrunA17Chr3g0132401			medtr.A17.gnm5.MtrunA17Chr3	+	49083783	49084681	-1.16304357016312	0.969105585562944	NS	-2.26978873779543	0.0120090705605665	DOWN
DOWN	A485_only	medtr.A17.gnm5.ann1_6.MtrunA17Chr7g0252531	MtrunA17Chr7g0252531			medtr.A17.gnm5.MtrunA17Chr7	+	39434188	39436100	-1.2549982906298	0.90585733334163	NS	-2.26830247051739	0.0291254822930522	DOWN
DOWN	A485_only	medtr.A17.gnm5.ann1_6.MtrunA17Chr5g0413241	MtrunA17Chr5g0413241			medtr.A17.gnm5.MtrunA17Chr5	+	14492219	14493743	-1.0804086958482	0.999999979788073	NS	-2.26633655740818	0.0462966173654465	DOWN
DOWN	A485_only	medtr.A17.gnm5.ann1_6.MtrunA17Chr7g0243661	MtrunA17Chr7g0243661	MtNCR719	Nodule-specific Cysteine-Rich peptide	medtr.A17.gnm5.MtrunA17Chr7	+	32888917	32892559	-0.959037627636941	0.999999979788073	NS	-2.2614629756447	0.0102756024157353	DOWN
DOWN	A485_only	medtr.A17.gnm5.ann1_6.MtrunA17Chr3g0083241	MtrunA17Chr3g0083241			medtr.A17.gnm5.MtrunA17Chr3	-	4866614	4867679	-1.34706183838344	0.737057690853274	NS	-2.26104831111013	0.0210201505601091	DOWN
DOWN	A485_only	medtr.A17.gnm5.ann1_6.MtrunA17Chr1g0209511	MtrunA17Chr1g0209511			medtr.A17.gnm5.MtrunA17Chr1	+	53416465	53420136	-0.819320600617555	0.999999979788073	NS	-2.26026918595002	0.0265794926987817	DOWN
DOWN	A485_only	medtr.A17.gnm5.ann1_6.MtrunA17Chr5g0436491	MtrunA17Chr5g0436491			medtr.A17.gnm5.MtrunA17Chr5	-	36277698	36278225	-1.49776928158327	0.574175534689342	NS	-2.26005162607426	0.042714084674619	DOWN
DOWN	A485_only	medtr.A17.gnm5.ann1_6.MtrunA17Chr1g0169891	MtrunA17Chr1g0169891			medtr.A17.gnm5.MtrunA17Chr1	+	18547484	18565709	-1.14949379404563	0.999999979788073	NS	-2.25805132496032	0.0360041079036794	DOWN
DOWN	A485_only	medtr.A17.gnm5.ann1_6.MtrunA17Chr3g0083231	MtrunA17Chr3g0083231			medtr.A17.gnm5.MtrunA17Chr3	+	4866498	4868953	-1.54796160479917	0.350320008049388	NS	-2.25721944927653	0.00957036480747281	DOWN
DOWN	A485_only	medtr.A17.gnm5.ann1_6.MtrunA17Chr3g0087961	MtrunA17Chr3g0087961			medtr.A17.gnm5.MtrunA17Chr3	+	9492091	9493679	-0.92858218895133	0.999999979788073	NS	-2.25429240417866	0.0385164787287324	DOWN
DOWN	A485_only	medtr.A17.gnm5.ann1_6.MtrunA17Chr6g0476841	MtrunA17Chr6g0476841			medtr.A17.gnm5.MtrunA17Chr6	-	31621455	31623256	-0.833849359196363	0.999999979788073	NS	-2.25281075109901	0.0214071951044868	DOWN
DOWN	A485_only	medtr.A17.gnm5.ann1_6.MtrunA17Chr6g0480451	MtrunA17Chr6g0480451			medtr.A17.gnm5.MtrunA17Chr6	-	35211707	35215997	-1.57711332178616	0.528667428684172	NS	-2.25229097842656	0.0449705668274705	DOWN
DOWN	A485_only	medtr.A17.gnm5.ann1_6.MtrunA17Chr8g0387591	MtrunA17Chr8g0387591	MtRbohH	RESPIRATORY BURST OXIDASE HOMOLOG H	medtr.A17.gnm5.MtrunA17Chr8	+	45687314	45697870	-0.518493282164983	0.999999979788073	NS	-2.25049342123573	0.00665327804490297	DOWN
DOWN	A485_only	medtr.A17.gnm5.ann1_6.MtrunA17Chr3g0116121	MtrunA17Chr3g0116121			medtr.A17.gnm5.MtrunA17Chr3	-	37379990	37383119	-1.30943235665513	0.736380865295929	NS	-2.24914394598423	0.0224594999258328	DOWN
DOWN	A485_only	medtr.A17.gnm5.ann1_6.MtrunA17Chr1g0205631	MtrunA17Chr1g0205631			medtr.A17.gnm5.MtrunA17Chr1	-	50827561	50829321	-1.65160378519261	0.218316671856979	NS	-2.24638337339687	0.00987478093934017	DOWN
DOWN	A485_only	medtr.A17.gnm5.ann1_6.MtrunA17Chr5g0415581	MtrunA17Chr5g0415581			medtr.A17.gnm5.MtrunA17Chr5	-	16375274	16378176	-0.929178220184999	0.999999979788073	NS	-2.23893923020212	0.0312744735267284	DOWN
DOWN	A485_only	medtr.A17.gnm5.ann1_6.MtrunA17Chr8g0342161	MtrunA17Chr8g0342161			medtr.A17.gnm5.MtrunA17Chr8	+	5562925	5568599	-1.56852816501445	0.262866420141194	NS	-2.23741499855193	0.00577408600501749	DOWN
DOWN	A485_only	medtr.A17.gnm5.ann1_6.MtrunA17Chr3g0133951	MtrunA17Chr3g0133951			medtr.A17.gnm5.MtrunA17Chr3	-	50291164	50295801	-0.858818143505894	0.999999979788073	NS	-2.23354058102486	0.00535060054496412	DOWN
DOWN	A485_only	medtr.A17.gnm5.ann1_6.MtrunA17Chr3g0128631	MtrunA17Chr3g0128631			medtr.A17.gnm5.MtrunA17Chr3	+	46308299	46312992	-1.8692856291782	0.173613093848558	NS	-2.2334306252555	0.0234125068630991	DOWN
DOWN	A485_only	medtr.A17.gnm5.ann1_6.MtrunA17Chr6g0482931	MtrunA17Chr6g0482931			medtr.A17.gnm5.MtrunA17Chr6	+	37491170	37496455	0.0965705717961903	0.999999979788073	NS	-2.23197034158314	0.0444386471224176	DOWN
DOWN	A485_only	medtr.A17.gnm5.ann1_6.MtrunA17Chr8g0367721	MtrunA17Chr8g0367721	MtNCR736	Nodule-specific Cysteine-Rich peptide	medtr.A17.gnm5.MtrunA17Chr8	+	31381661	31383713	-1.08187631909342	0.999999979788073	NS	-2.23172265278579	0.0488139406794281	DOWN
DOWN	A485_only	medtr.A17.gnm5.ann1_6.MtrunA17Chr4g0067341	MtrunA17Chr4g0067341			medtr.A17.gnm5.MtrunA17Chr4	+	57813698	57815975	-1.92544005132067	0.172886720249331	NS	-2.22994189805603	0.0291751069631856	DOWN
DOWN	A485_only	medtr.A17.gnm5.ann1_6.MtrunA17Chr4g0061061	MtrunA17Chr4g0061061			medtr.A17.gnm5.MtrunA17Chr4	+	53233470	53235786	-1.41843559083099	0.667360299016163	NS	-2.22926986963474	0.0310324399855373	DOWN
DOWN	A485_only	medtr.A17.gnm5.ann1_6.MtrunA17Chr5g0437411	MtrunA17Chr5g0437411	MtPUB1|MtPUB45	Plant U-box protein 1	medtr.A17.gnm5.MtrunA17Chr5	+	37018001	37020467	-1.45373849035124	0.53464304662667	NS	-2.2278219665726	0.0188956894014694	DOWN
DOWN	A485_only	medtr.A17.gnm5.ann1_6.MtrunA17Chr7g0226051	MtrunA17Chr7g0226051			medtr.A17.gnm5.MtrunA17Chr7	-	11156748	11162094	-0.644285777292893	0.999999979788073	NS	-2.22579594318149	0.0480372210121869	DOWN
DOWN	A485_only	medtr.A17.gnm5.ann1_6.MtrunA17Chr2g0298531	MtrunA17Chr2g0298531			medtr.A17.gnm5.MtrunA17Chr2	+	16464653	16473205	-1.10641430984314	0.999999979788073	NS	-2.22555323377194	0.0122010556735931	DOWN
DOWN	A485_only	medtr.A17.gnm5.ann1_6.MtrunA17Chr3g0100471	MtrunA17Chr3g0100471	MtCAML4	calmodulin-like 4	medtr.A17.gnm5.MtrunA17Chr3	-	25051256	25053670	-0.877371489497835	0.999999979788073	NS	-2.21960228919146	0.0160822236464098	DOWN
DOWN	A485_only	medtr.A17.gnm5.ann1_6.MtrunA17Chr6g0487781	MtrunA17Chr6g0487781			medtr.A17.gnm5.MtrunA17Chr6	+	41981137	41984785	-0.991039059495789	0.999999979788073	NS	-2.21944728151342	0.00392656026576868	DOWN
DOWN	A485_only	medtr.A17.gnm5.ann1_6.MtrunA17Chr6g0486731	MtrunA17Chr6g0486731			medtr.A17.gnm5.MtrunA17Chr6	+	41087389	41091145	-1.820014458378	0.128987023537419	NS	-2.21914989442024	0.0126916495582619	DOWN
DOWN	A485_only	medtr.A17.gnm5.ann1_6.MtrunA17Chr1g0186611	MtrunA17Chr1g0186611			medtr.A17.gnm5.MtrunA17Chr1	+	36857472	36859963	-0.571374021526339	0.999999979788073	NS	-2.21894782912947	0.00383004913711273	DOWN
DOWN	A485_only	medtr.A17.gnm5.ann1_6.MtrunA17Chr8g0385291	MtrunA17Chr8g0385291			medtr.A17.gnm5.MtrunA17Chr8	+	44022816	44026155	-1.63615301452163	0.188807558102513	NS	-2.21805740649604	0.00786168144094262	DOWN
DOWN	A485_only	medtr.A17.gnm5.ann1_6.MtrunA17Chr4g0038651	MtrunA17Chr4g0038651	MtRopGEF1	Rop guanine nucleotide exchange factor 1	medtr.A17.gnm5.MtrunA17Chr4	-	36884093	36887834	-1.29483457796114	0.624891452206358	NS	-2.21758655431623	0.00423397787502625	DOWN
DOWN	A485_only	medtr.A17.gnm5.ann1_6.MtrunA17Chr3g0129881	MtrunA17Chr3g0129881	MtSDG30	Histone methyltransferase SDG subfamily	medtr.A17.gnm5.MtrunA17Chr3	+	47261006	47265094	-0.698394949331452	0.999999979788073	NS	-2.215341819756	0.0130203641771976	DOWN
DOWN	A485_only	medtr.A17.gnm5.ann1_6.MtrunA17Chr6g0480041	MtrunA17Chr6g0480041			medtr.A17.gnm5.MtrunA17Chr6	-	34770484	34775944	-1.40452668101895	0.602809907816675	NS	-2.21449490632975	0.0196951630689718	DOWN
DOWN	A485_only	medtr.A17.gnm5.ann1_6.MtrunA17Chr4g0000581	MtrunA17Chr4g0000581			medtr.A17.gnm5.MtrunA17Chr4	+	496225	500282	-1.65506123187005	0.290238673178943	NS	-2.21146870901973	0.02319109041522	DOWN
DOWN	A485_only	medtr.A17.gnm5.ann1_6.MtrunA17Chr4g0005771	MtrunA17Chr4g0005771			medtr.A17.gnm5.MtrunA17Chr4	+	4491151	4492553	-0.959477616022907	0.999999979788073	NS	-2.20886596704262	0.00751642149917815	DOWN
DOWN	A485_only	medtr.A17.gnm5.ann1_6.MtrunA17Chr6g0485111	MtrunA17Chr6g0485111			medtr.A17.gnm5.MtrunA17Chr6	-	39633039	39641663	-1.04364054891958	0.999999979788073	NS	-2.20863551866685	0.0061623224578421	DOWN
DOWN	A485_only	medtr.A17.gnm5.ann1_6.MtrunA17Chr3g0106291	MtrunA17Chr3g0106291			medtr.A17.gnm5.MtrunA17Chr3	+	30111722	30115798	-0.649931664461496	0.999999979788073	NS	-2.20832152846307	0.0444476693094231	DOWN
DOWN	A485_only	medtr.A17.gnm5.ann1_6.MtrunA17Chr4g0001991	MtrunA17Chr4g0001991			medtr.A17.gnm5.MtrunA17Chr4	+	1430808	1433331	-1.32418201396816	0.592582715247102	NS	-2.20617812788756	0.00966322293894888	DOWN
DOWN	A485_only	medtr.A17.gnm5.ann1_6.MtrunA17Chr4g0030121	MtrunA17Chr4g0030121			medtr.A17.gnm5.MtrunA17Chr4	+	30752292	30764273	-0.646360888475312	0.999999979788073	NS	-2.19730835889977	0.00435988549882245	DOWN
DOWN	A485_only	medtr.A17.gnm5.ann1_6.MtrunA17Chr1g0209981	MtrunA17Chr1g0209981			medtr.A17.gnm5.MtrunA17Chr1	+	53866934	53870124	-0.702496700808134	0.999999979788073	NS	-2.19698311610445	0.0131773109059214	DOWN
DOWN	A485_only	medtr.A17.gnm5.ann1_6.MtrunA17Chr4g0058421	MtrunA17Chr4g0058421			medtr.A17.gnm5.MtrunA17Chr4	+	51398308	51406829	-1.25070305713193	0.710586473822175	NS	-2.19628086684534	0.00686489481774873	DOWN
DOWN	A485_only	medtr.A17.gnm5.ann1_6.MtrunA17Chr4g0012351	MtrunA17Chr4g0012351	MtNCR515	Nodule-specific Cysteine-Rich peptide	medtr.A17.gnm5.MtrunA17Chr4	-	9780765	9781836	-1.0458968288582	0.999999979788073	NS	-2.19099294165332	0.0281428161751467	DOWN
DOWN	A485_only	medtr.A17.gnm5.ann1_6.MtrunA17Chr5g0419451	MtrunA17Chr5g0419451	MtCYP78A125	Cytochrome P450 monooxygenase	medtr.A17.gnm5.MtrunA17Chr5	-	19781623	19783905	-1.83719278153212	0.0774735470194492	NS	-2.19012216866568	0.00573369316166063	DOWN
DOWN	A485_only	medtr.A17.gnm5.ann1_6.MtrunA17Chr2g0297651	MtrunA17Chr2g0297651			medtr.A17.gnm5.MtrunA17Chr2	-	15689821	15694599	-0.761529682641346	0.999999979788073	NS	-2.18979914806379	0.00140752572903687	DOWN
DOWN	A485_only	medtr.A17.gnm5.ann1_6.MtrunA17Chr3g0083311	MtrunA17Chr3g0083311	MtNCR086	Nodule-specific Cysteine-Rich peptide	medtr.A17.gnm5.MtrunA17Chr3	-	4909739	4910591	-0.95380763606286	0.999999979788073	NS	-2.18629929978711	0.0405101366726813	DOWN
DOWN	A485_only	medtr.A17.gnm5.ann1_6.MtrunA17Chr8g0379161	MtrunA17Chr8g0379161			medtr.A17.gnm5.MtrunA17Chr8	+	39960509	39964170	-1.08891494142813	0.999999979788073	NS	-2.18160239630682	0.0302077161720874	DOWN
DOWN	A485_only	medtr.A17.gnm5.ann1_6.MtrunA17Chr4g0071041	MtrunA17Chr4g0071041			medtr.A17.gnm5.MtrunA17Chr4	-	60502266	60506153	-1.88968451901951	0.24352163804318	NS	-2.17687398885606	0.0481642624554008	DOWN
DOWN	A485_only	medtr.A17.gnm5.ann1_6.MtrunA17Chr6g0475541	MtrunA17Chr6g0475541	MtNCR005	Nodule-specific Cysteine-Rich peptide	medtr.A17.gnm5.MtrunA17Chr6	-	29949073	29951332	-0.866405177123066	0.999999979788073	NS	-2.1759657882003	0.028913050399762	DOWN
DOWN	A485_only	medtr.A17.gnm5.ann1_6.MtrunA17Chr7g0244981	MtrunA17Chr7g0244981			medtr.A17.gnm5.MtrunA17Chr7	-	34131172	34133832	-1.69002160386263	0.188807558102513	NS	-2.175242555716	0.0116189833098292	DOWN
DOWN	A485_only	medtr.A17.gnm5.ann1_6.MtrunA17Chr2g0319931	MtrunA17Chr2g0319931			medtr.A17.gnm5.MtrunA17Chr2	+	41281521	41282366	-1.96549919600617	0.0696152817323335	NS	-2.17185670894662	0.0130055538811806	DOWN
DOWN	A485_only	medtr.A17.gnm5.ann1_6.MtrunA17Chr5g0405511	MtrunA17Chr5g0405511			medtr.A17.gnm5.MtrunA17Chr5	-	8732726	8733399	-0.949623217459543	0.999999979788073	NS	-2.17156137664594	0.0495437164370498	DOWN
DOWN	A485_only	medtr.A17.gnm5.ann1_6.MtrunA17Chr2g0277131	MtrunA17Chr2g0277131	MtDMI1	does not make infection 1|ion  channel	medtr.A17.gnm5.MtrunA17Chr2	+	372561	378737	-1.1185113308415	0.999999979788073	NS	-2.16470951230807	0.00276234940577942	DOWN
DOWN	A485_only	medtr.A17.gnm5.ann1_6.MtrunA17Chr5g0431071	MtrunA17Chr5g0431071			medtr.A17.gnm5.MtrunA17Chr5	-	32070653	32072272	-1.69821779499818	0.141273542633396	NS	-2.16424487430152	0.00843477563366886	DOWN
DOWN	A485_only	medtr.A17.gnm5.ann1_6.MtrunA17Chr3g0131091	MtrunA17Chr3g0131091			medtr.A17.gnm5.MtrunA17Chr3	-	48094336	48096952	-0.399687975735508	0.999999979788073	NS	-2.16400901736874	0.0175076917301542	DOWN
DOWN	A485_only	medtr.A17.gnm5.ann1_6.MtrunA17Chr4g0069751	MtrunA17Chr4g0069751			medtr.A17.gnm5.MtrunA17Chr4	+	59566906	59568685	-1.4815915691727	0.146855152351701	NS	-2.16196293594021	0.000547804998841533	DOWN
DOWN	A485_only	medtr.A17.gnm5.ann1_6.MtrunA17Chr7g0260751	MtrunA17Chr7g0260751			medtr.A17.gnm5.MtrunA17Chr7	-	45459739	45461232	-1.88379003249374	0.0906063964554671	NS	-2.16033390065371	0.014757809161653	DOWN
DOWN	A485_only	medtr.A17.gnm5.ann1_6.MtrunA17Chr4g0065401	MtrunA17Chr4g0065401	MCM2-like2	DNA replication licensing factor	medtr.A17.gnm5.MtrunA17Chr4	+	56529713	56535978	-0.529578261659854	0.999999979788073	NS	-2.15927769015298	0.00803129333620158	DOWN
DOWN	A485_only	medtr.A17.gnm5.ann1_6.MtrunA17Chr6g0474311	MtrunA17Chr6g0474311			medtr.A17.gnm5.MtrunA17Chr6	+	28013336	28019949	-0.250451480159481	0.999999979788073	NS	-2.15593036177353	0.0269263932781038	DOWN
DOWN	A485_only	medtr.A17.gnm5.ann1_6.MtrunA17Chr1g0210821	MtrunA17Chr1g0210821			medtr.A17.gnm5.MtrunA17Chr1	-	54481981	54490241	-1.3345540122659	0.490306393132405	NS	-2.15480654564508	0.0035116942455126	DOWN
DOWN	A485_only	medtr.A17.gnm5.ann1_6.MtrunA17Chr5g0401431	MtrunA17Chr5g0401431	MtPrx42	peroxidase	medtr.A17.gnm5.MtrunA17Chr5	-	5659593	5662344	-1.6153497548645	0.0659544195211461	NS	-2.15139081584038	0.000598649165278994	DOWN
DOWN	A485_only	medtr.A17.gnm5.ann1_6.MtrunA17Chr5g0441101	MtrunA17Chr5g0441101			medtr.A17.gnm5.MtrunA17Chr5	+	39600074	39603334	-1.50955248045256	0.319280759830815	NS	-2.15113316229776	0.00845489956353366	DOWN
DOWN	A485_only	medtr.A17.gnm5.ann1_6.MtrunA17Chr1g0160761	MtrunA17Chr1g0160761			medtr.A17.gnm5.MtrunA17Chr1	-	11130484	11133250	-0.382633226528695	0.999999979788073	NS	-2.15097279470718	0.0335387921187759	DOWN
DOWN	A485_only	medtr.A17.gnm5.ann1_6.MtrunA17Chr2g0332751	MtrunA17Chr2g0332751	MtNPD5	Nodule-specific PLAT-domain  5	medtr.A17.gnm5.MtrunA17Chr2	+	50754414	50756269	-0.916231913830179	0.999999979788073	NS	-2.14913046670247	0.0042741811892304	DOWN
DOWN	A485_only	medtr.A17.gnm5.ann1_6.MtrunA17Chr8g0375241	MtrunA17Chr8g0375241			medtr.A17.gnm5.MtrunA17Chr8	+	37129484	37134591	-1.53576291556759	0.315345822816309	NS	-2.14912996501058	0.0160821614148576	DOWN
DOWN	A485_only	medtr.A17.gnm5.ann1_6.MtrunA17Chr7g0259951	MtrunA17Chr7g0259951			medtr.A17.gnm5.MtrunA17Chr7	+	44869771	44872450	-0.389746376549459	0.999999979788073	NS	-2.14726382843951	0.0437954596497587	DOWN
DOWN	A485_only	medtr.A17.gnm5.ann1_6.MtrunA17Chr8g0391771	MtrunA17Chr8g0391771			medtr.A17.gnm5.MtrunA17Chr8	+	48585258	48591051	-1.16556491712326	0.998643772534256	NS	-2.1465627615789	0.0214071951044868	DOWN
DOWN	A485_only	medtr.A17.gnm5.ann1_6.MtrunA17Chr1g0155541	MtrunA17Chr1g0155541			medtr.A17.gnm5.MtrunA17Chr1	+	7305439	7305860	-1.43304483722027	0.528426187277479	NS	-2.14547551447095	0.0256185199158528	DOWN
DOWN	A485_only	medtr.A17.gnm5.ann1_6.MtrunA17Chr1g0161591	MtrunA17Chr1g0161591			medtr.A17.gnm5.MtrunA17Chr1	-	11739423	11743680	-0.793379757060474	0.999999979788073	NS	-2.14422732227758	0.0344993821379514	DOWN
DOWN	A485_only	medtr.A17.gnm5.ann1_6.MtrunA17Chr1g0168941	MtrunA17Chr1g0168941			medtr.A17.gnm5.MtrunA17Chr1	-	17737665	17739730	-1.93456040678184	0.153185304453251	NS	-2.13976067691284	0.0387009865878397	DOWN
DOWN	A485_only	medtr.A17.gnm5.ann1_6.MtrunA17Chr2g0286491	MtrunA17Chr2g0286491			medtr.A17.gnm5.MtrunA17Chr2	-	6848150	6849036	-1.27039947858211	0.866894614400172	NS	-2.13961139549904	0.0425054429805935	DOWN
DOWN	A485_only	medtr.A17.gnm5.ann1_6.MtrunA17Chr4g0031321	MtrunA17Chr4g0031321			medtr.A17.gnm5.MtrunA17Chr4	+	31745526	31748732	-1.37151438928842	0.620535481588039	NS	-2.13840303218836	0.0177952923501664	DOWN
DOWN	A485_only	medtr.A17.gnm5.ann1_6.MtrunA17Chr2g0319921	MtrunA17Chr2g0319921			medtr.A17.gnm5.MtrunA17Chr2	-	41277750	41284349	-1.66833010235431	0.301024584459088	NS	-2.13729368151601	0.0273886850464391	DOWN
DOWN	A485_only	medtr.A17.gnm5.ann1_6.MtrunA17Chr8g0358351	MtrunA17Chr8g0358351	MtNCR504	Nodule-specific Cysteine-Rich peptide	medtr.A17.gnm5.MtrunA17Chr8	-	20529209	20531317	-0.574070676888244	0.999999979788073	NS	-2.13350903706817	0.0121746011084225	DOWN
DOWN	A485_only	medtr.A17.gnm5.ann1_6.MtrunA17Chr1g0209521	MtrunA17Chr1g0209521			medtr.A17.gnm5.MtrunA17Chr1	+	53421668	53424879	-1.92829801346382	0.0870953175106463	NS	-2.13191194750773	0.0199360812344303	DOWN
DOWN	A485_only	medtr.A17.gnm5.ann1_6.MtrunA17Chr1g0205211	MtrunA17Chr1g0205211			medtr.A17.gnm5.MtrunA17Chr1	+	50514467	50517161	-1.27472872564402	0.612518586365163	NS	-2.13135174467362	0.00333974521153599	DOWN
DOWN	A485_only	medtr.A17.gnm5.ann1_6.MtrunA17Chr2g0312251	MtrunA17Chr2g0312251			medtr.A17.gnm5.MtrunA17Chr2	-	35129805	35132993	-0.992401942236955	0.999999979788073	NS	-2.12791642450119	0.00854654321814481	DOWN
DOWN	A485_only	medtr.A17.gnm5.ann1_6.MtrunA17Chr4g0029201	MtrunA17Chr4g0029201			medtr.A17.gnm5.MtrunA17Chr4	+	30128019	30129128	-1.68570498585072	0.327661217553562	NS	-2.12728366715215	0.0407968626656072	DOWN
DOWN	A485_only	medtr.A17.gnm5.ann1_6.MtrunA17Chr5g0437961	MtrunA17Chr5g0437961			medtr.A17.gnm5.MtrunA17Chr5	+	37336144	37338982	-1.52806691978979	0.260612465181193	NS	-2.12548989641248	0.00599962670623212	DOWN
DOWN	A485_only	medtr.A17.gnm5.ann1_6.MtrunA17Chr3g0102901	MtrunA17Chr3g0102901			medtr.A17.gnm5.MtrunA17Chr3	+	27390863	27395081	-0.865620563565147	0.999999979788073	NS	-2.12276338878282	0.0123501412059661	DOWN
DOWN	A485_only	medtr.A17.gnm5.ann1_6.MtrunA17Chr6g0479051	MtrunA17Chr6g0479051			medtr.A17.gnm5.MtrunA17Chr6	+	33663563	33669746	-1.89383881197395	0.168351538008826	NS	-2.12195833935464	0.0340187442466658	DOWN
DOWN	A485_only	medtr.A17.gnm5.ann1_6.MtrunA17Chr5g0413111	MtrunA17Chr5g0413111			medtr.A17.gnm5.MtrunA17Chr5	-	14380244	14384563	-1.06212538779361	0.999999979788073	NS	-2.12013532758822	0.0368106874379688	DOWN
DOWN	A485_only	medtr.A17.gnm5.ann1_6.MtrunA17Chr4g0039251	MtrunA17Chr4g0039251	MtABCG15	ATP-binding cassette (ABC) transporter type G (MT533597)	medtr.A17.gnm5.MtrunA17Chr4	+	37437223	37447188	-1.09348240465505	0.999999979788073	NS	-2.11879683279469	0.0275815732965291	DOWN
DOWN	A485_only	medtr.A17.gnm5.ann1_6.MtrunA17Chr6g0481171	MtrunA17Chr6g0481171			medtr.A17.gnm5.MtrunA17Chr6	+	36128981	36135583	-0.0791282070183477	0.999999979788073	NS	-2.11855099083672	0.0390382713245016	DOWN
DOWN	A485_only	medtr.A17.gnm5.ann1_6.MtrunA17Chr2g0332541	MtrunA17Chr2g0332541			medtr.A17.gnm5.MtrunA17Chr2	+	50667213	50670280	-1.9875000106185	0.0834822896717878	NS	-2.11194883399783	0.0270833087064601	DOWN
DOWN	A485_only	medtr.A17.gnm5.ann1_6.MtrunA17Chr3g0107491	MtrunA17Chr3g0107491			medtr.A17.gnm5.MtrunA17Chr3	-	31112974	31116175	-1.17970978621646	0.809576179552889	NS	-2.1103935440087	0.00280138799444933	DOWN
DOWN	A485_only	medtr.A17.gnm5.ann1_6.MtrunA17Chr2g0322441	MtrunA17Chr2g0322441			medtr.A17.gnm5.MtrunA17Chr2	-	43193762	43197163	-1.23062651837148	0.822856413997208	NS	-2.10987768506086	0.0151336682521769	DOWN
DOWN	A485_only	medtr.A17.gnm5.ann1_6.MtrunA17Chr4g0071761	MtrunA17Chr4g0071761			medtr.A17.gnm5.MtrunA17Chr4	-	60992147	60993224	-0.757140049682229	0.999999979788073	NS	-2.10925899280276	0.0302892442862697	DOWN
DOWN	A485_only	medtr.A17.gnm5.ann1_6.MtrunA17Chr4g0055051	MtrunA17Chr4g0055051			medtr.A17.gnm5.MtrunA17Chr4	+	48780150	48785818	-2.14738759935445	0.0886258798042527	NS	-2.10909118277567	0.0475633273517633	DOWN
DOWN	A485_only	medtr.A17.gnm5.ann1_6.MtrunA17Chr8g0370191	MtrunA17Chr8g0370191			medtr.A17.gnm5.MtrunA17Chr8	+	33371202	33371926	-0.94844086209366	0.999999979788073	NS	-2.10681684449822	0.00469562755602411	DOWN
DOWN	A485_only	medtr.A17.gnm5.ann1_6.MtrunA17Chr3g0100551	MtrunA17Chr3g0100551			medtr.A17.gnm5.MtrunA17Chr3	+	25081158	25086056	-1.08291039295531	0.999999979788073	NS	-2.10432471722939	0.0138424242336593	DOWN
DOWN	A485_only	medtr.A17.gnm5.ann1_6.MtrunA17Chr7g0227731	MtrunA17Chr7g0227731	MtNCR703	Nodule-specific Cysteine-Rich peptide	medtr.A17.gnm5.MtrunA17Chr7	-	12851977	12853661	-1.22463437625057	0.958208881479778	NS	-2.10250755246327	0.0394430695250043	DOWN
DOWN	A485_only	medtr.A17.gnm5.ann1_6.MtrunA17Chr7g0216431	MtrunA17Chr7g0216431	MtNCR144	Nodule-specific Cysteine-Rich peptide	medtr.A17.gnm5.MtrunA17Chr7	-	2113382	2113990	-1.40724057351963	0.649472781337052	NS	-2.10070091054192	0.0380879363432974	DOWN
DOWN	A485_only	medtr.A17.gnm5.ann1_6.MtrunA17Chr7g0261951	MtrunA17Chr7g0261951			medtr.A17.gnm5.MtrunA17Chr7	+	46173416	46182139	-1.65264640548754	0.128639888122131	NS	-2.09991067255243	0.0076556846928917	DOWN
DOWN	A485_only	medtr.A17.gnm5.ann1_6.MtrunA17Chr5g0443471	MtrunA17Chr5g0443471			medtr.A17.gnm5.MtrunA17Chr5	-	41280546	41286884	-0.571331937142856	0.999999979788073	NS	-2.09988890509184	0.0279058557727441	DOWN
DOWN	A485_only	medtr.A17.gnm5.ann1_6.MtrunA17Chr2g0315451	MtrunA17Chr2g0315451			medtr.A17.gnm5.MtrunA17Chr2	+	37720289	37722803	-1.20266879988427	0.931775409714089	NS	-2.09935185701476	0.025209149703529	DOWN
DOWN	A485_only	medtr.A17.gnm5.ann1_6.MtrunA17Chr4g0020421	MtrunA17Chr4g0020421	MtNCR486	Nodule-specific Cysteine-Rich peptide	medtr.A17.gnm5.MtrunA17Chr4	+	16392596	16394940	-0.82135062152539	0.999999979788073	NS	-2.09889865093585	0.032416344756013	DOWN
DOWN	A485_only	medtr.A17.gnm5.ann1_6.MtrunA17Chr4g0008391	MtrunA17Chr4g0008391			medtr.A17.gnm5.MtrunA17Chr4	-	6396365	6400666	-0.315843298448511	0.999999979788073	NS	-2.09271844529346	0.0277665865997031	DOWN
DOWN	A485_only	medtr.A17.gnm5.ann1_6.MtrunA17Chr8g0368591	MtrunA17Chr8g0368591			medtr.A17.gnm5.MtrunA17Chr8	-	32003153	32007212	-0.422702351632404	0.999999979788073	NS	-2.09009920583045	0.0385164787287324	DOWN
DOWN	A485_only	medtr.A17.gnm5.ann1_6.MtrunA17Chr1g0182541	MtrunA17Chr1g0182541			medtr.A17.gnm5.MtrunA17Chr1	-	33459009	33462470	-0.398210507787989	0.999999979788073	NS	-2.08978788370131	0.0475219350088155	DOWN
DOWN	A485_only	medtr.A17.gnm5.ann1_6.MtrunA17Chr4g0001321	MtrunA17Chr4g0001321			medtr.A17.gnm5.MtrunA17Chr4	+	883657	888155	-0.679080822727233	0.999999979788073	NS	-2.08950886563667	0.0200110524269328	DOWN
DOWN	A485_only	medtr.A17.gnm5.ann1_6.MtrunA17Chr7g0276031	MtrunA17Chr7g0276031			medtr.A17.gnm5.MtrunA17Chr7	-	55773594	55775492	-1.94061564933048	0.0892563407900885	NS	-2.08671260019287	0.024447345711595	DOWN
DOWN	A485_only	medtr.A17.gnm5.ann1_6.MtrunA17Chr3g0085001	MtrunA17Chr3g0085001	MtNCR407	Nodule-specific Cysteine-Rich peptide	medtr.A17.gnm5.MtrunA17Chr3	-	6372597	6373313	-0.983146377963865	0.999999979788073	NS	-2.08203681403862	0.0451068705178356	DOWN
DOWN	A485_only	medtr.A17.gnm5.ann1_6.MtrunA17Chr6g0475821	MtrunA17Chr6g0475821	MtNCR250	Nodule-specific Cysteine-Rich peptide	medtr.A17.gnm5.MtrunA17Chr6	+	30449400	30450120	-0.770315355395655	0.999999979788073	NS	-2.08109613072794	0.0211587332925046	DOWN
DOWN	A485_only	medtr.A17.gnm5.ann1_6.MtrunA17Chr4g0052621	MtrunA17Chr4g0052621			medtr.A17.gnm5.MtrunA17Chr4	+	46733507	46738012	-1.77376663911207	0.223242585521999	NS	-2.07926554634482	0.034478592164121	DOWN
DOWN	A485_only	medtr.A17.gnm5.ann1_6.MtrunA17Chr4g0029771	MtrunA17Chr4g0029771	MtNCR313b	Nodule-specific Cysteine-Rich peptide	medtr.A17.gnm5.MtrunA17Chr4	+	30509483	30513747	-0.831559296830058	0.999999979788073	NS	-2.07722971395071	0.0196023076982228	DOWN
DOWN	A485_only	medtr.A17.gnm5.ann1_6.MtrunA17Chr4g0059721	MtrunA17Chr4g0059721			medtr.A17.gnm5.MtrunA17Chr4	+	52291284	52293039	-1.30015488597664	0.66361487733719	NS	-2.07704495087681	0.0183759818164245	DOWN
DOWN	A485_only	medtr.A17.gnm5.ann1_6.MtrunA17Chr7g0246041	MtrunA17Chr7g0246041			medtr.A17.gnm5.MtrunA17Chr7	-	34951763	34953588	-1.41693133207452	0.393625355195529	NS	-2.07659979786083	0.00622887360764542	DOWN
DOWN	A485_only	medtr.A17.gnm5.ann1_6.MtrunA17Chr7g0256281	MtrunA17Chr7g0256281			medtr.A17.gnm5.MtrunA17Chr7	-	42128955	42134402	-1.08853259168651	0.999999979788073	NS	-2.07637131258581	0.0272990881986795	DOWN
DOWN	A485_only	medtr.A17.gnm5.ann1_6.MtrunA17Chr3g0101051	MtrunA17Chr3g0101051			medtr.A17.gnm5.MtrunA17Chr3	-	25438046	25443575	-1.10819947051341	0.999999979788073	NS	-2.07565268437061	0.0394594388189332	DOWN
DOWN	A485_only	medtr.A17.gnm5.ann1_6.MtrunA17Chr8g0349631	MtrunA17Chr8g0349631	MtNCR-new80	Nodule-specific Cysteine-Rich peptide	medtr.A17.gnm5.MtrunA17Chr8	+	11935581	11936702	-1.38967111073226	0.39571916723511	NS	-2.06233345031016	0.00447340574252977	DOWN
DOWN	A485_only	medtr.A17.gnm5.ann1_6.MtrunA17Chr4g0031331	MtrunA17Chr4g0031331			medtr.A17.gnm5.MtrunA17Chr4	-	31747339	31747943	-1.37817883234733	0.548939423366323	NS	-2.05804036717463	0.0166896658740036	DOWN
DOWN	A485_only	medtr.A17.gnm5.ann1_6.MtrunA17Chr5g0433131	MtrunA17Chr5g0433131	MtNCR757	Nodule-specific Cysteine-Rich peptide	medtr.A17.gnm5.MtrunA17Chr5	+	33686164	33686919	-1.13387587486251	0.999999979788073	NS	-2.05451448135468	0.0173809197617195	DOWN
DOWN	A485_only	medtr.A17.gnm5.ann1_6.MtrunA17Chr1g0210321	MtrunA17Chr1g0210321			medtr.A17.gnm5.MtrunA17Chr1	-	54109716	54116425	-1.07927501181739	0.999999979788073	NS	-2.05298389682117	0.0186186201316424	DOWN
DOWN	A485_only	medtr.A17.gnm5.ann1_6.MtrunA17Chr5g0431131	MtrunA17Chr5g0431131	MtNCR081a	Nodule-specific Cysteine-Rich peptide	medtr.A17.gnm5.MtrunA17Chr5	+	32097701	32098541	-0.845179194812178	0.999999979788073	NS	-2.04996697595656	0.0146312997502566	DOWN
DOWN	A485_only	medtr.A17.gnm5.ann1_6.MtrunA17Chr8g0369681	MtrunA17Chr8g0369681			medtr.A17.gnm5.MtrunA17Chr8	+	32857195	32860783	-1.19536590568601	0.970386539381294	NS	-2.04890195090161	0.0346382173507259	DOWN
DOWN	A485_only	medtr.A17.gnm5.ann1_6.MtrunA17Chr3g0108861	MtrunA17Chr3g0108861			medtr.A17.gnm5.MtrunA17Chr3	-	31992813	31995964	-0.59887653210429	0.999999979788073	NS	-2.04880232529756	0.0432397308826027	DOWN
DOWN	A485_only	medtr.A17.gnm5.ann1_6.MtrunA17Chr8g0346591	MtrunA17Chr8g0346591			medtr.A17.gnm5.MtrunA17Chr8	-	9651996	9653157	-0.641710804202646	0.999999979788073	NS	-2.0474522394464	0.0207781206369769	DOWN
DOWN	A485_only	medtr.A17.gnm5.ann1_6.MtrunA17Chr6g0485141	MtrunA17Chr6g0485141			medtr.A17.gnm5.MtrunA17Chr6	-	39666787	39671905	-1.51098351548714	0.2612806051831	NS	-2.0456625118615	0.00687863765556805	DOWN
DOWN	A485_only	medtr.A17.gnm5.ann1_6.MtrunA17Chr7g0263811	MtrunA17Chr7g0263811			medtr.A17.gnm5.MtrunA17Chr7	+	47489146	47491290	-1.65978415559965	0.114839742259989	NS	-2.03315144101851	0.0071305175286545	DOWN
DOWN	A485_only	medtr.A17.gnm5.ann1_6.MtrunA17Chr2g0292651	MtrunA17Chr2g0292651	MtDCL2a	Dicer-like 2	medtr.A17.gnm5.MtrunA17Chr2	-	11564370	11574275	-0.715505290651882	0.999999979788073	NS	-2.03296388637704	0.00657712985744989	DOWN
DOWN	A485_only	medtr.A17.gnm5.ann1_6.MtrunA17Chr1g0196961	MtrunA17Chr1g0196961			medtr.A17.gnm5.MtrunA17Chr1	-	44330510	44334628	-0.764570587899919	0.999999979788073	NS	-2.03171946291983	0.0151018744964811	DOWN
DOWN	A485_only	medtr.A17.gnm5.ann1_6.MtrunA17Chr6g0451511	MtrunA17Chr6g0451511	MtSAG101	senescence-associated gene 101-like (TC108405)	medtr.A17.gnm5.MtrunA17Chr6	+	2078509	2082081	-1.43310671357816	0.132970220066538	NS	-2.03014328732743	0.000411066242922126	DOWN
DOWN	A485_only	medtr.A17.gnm5.ann1_6.MtrunA17Chr4g0055301	MtrunA17Chr4g0055301			medtr.A17.gnm5.MtrunA17Chr4	-	48978085	48982845	-1.60810656368516	0.163990075098639	NS	-2.02616582078189	0.00834018127505148	DOWN
DOWN	A485_only	medtr.A17.gnm5.ann1_6.MtrunA17Chr6g0481001	MtrunA17Chr6g0481001			medtr.A17.gnm5.MtrunA17Chr6	+	35758829	35763428	-1.59939764118069	0.268243716385112	NS	-2.02277749121267	0.0288259448430197	DOWN
DOWN	A485_only	medtr.A17.gnm5.ann1_6.MtrunA17Chr3g0080261	MtrunA17Chr3g0080261	MtNCR101	Nodule-specific Cysteine-Rich peptide	medtr.A17.gnm5.MtrunA17Chr3	+	2487058	2488618	-0.741266655303784	0.999999979788073	NS	-2.02103201356804	0.0223409382169451	DOWN
DOWN	A485_only	medtr.A17.gnm5.ann1_6.MtrunA17Chr3g0084721	MtrunA17Chr3g0084721			medtr.A17.gnm5.MtrunA17Chr3	-	6193007	6198450	-1.70367145529904	0.16887844645167	NS	-2.01672908600889	0.0208369224771465	DOWN
DOWN	A485_only	medtr.A17.gnm5.ann1_6.MtrunA17Chr7g0236041	MtrunA17Chr7g0236041			medtr.A17.gnm5.MtrunA17Chr7	+	26353328	26360696	-0.787238078648198	0.999999979788073	NS	-2.01641900414559	0.0128359146960578	DOWN
DOWN	A485_only	medtr.A17.gnm5.ann1_6.MtrunA17Chr2g0313571	MtrunA17Chr2g0313571	MtNCR556	Nodule-specific Cysteine-Rich peptide	medtr.A17.gnm5.MtrunA17Chr2	-	36264467	36265432	-1.07200012860248	0.999999979788073	NS	-2.01418098029824	0.00888215882989062	DOWN
DOWN	A485_only	medtr.A17.gnm5.ann1_6.MtrunA17Chr2g0313891	MtrunA17Chr2g0313891			medtr.A17.gnm5.MtrunA17Chr2	-	36541683	36543818	-0.793338354088719	0.999999979788073	NS	-2.01243190739443	0.0182504083199207	DOWN
DOWN	A485_only	medtr.A17.gnm5.ann1_6.MtrunA17Chr2g0292641	MtrunA17Chr2g0292641			medtr.A17.gnm5.MtrunA17Chr2	+	11563289	11564954	-0.460769912192401	0.999999979788073	NS	-2.00957769021581	0.0357853607239329	DOWN
DOWN	A485_only	medtr.A17.gnm5.ann1_6.MtrunA17Chr7g0242201	MtrunA17Chr7g0242201			medtr.A17.gnm5.MtrunA17Chr7	-	31717771	31721261	-1.38645772009356	0.557861724144126	NS	-2.00926014125578	0.0314580365583876	DOWN
DOWN	A485_only	medtr.A17.gnm5.ann1_6.MtrunA17Chr8g0370181	MtrunA17Chr8g0370181			medtr.A17.gnm5.MtrunA17Chr8	-	33371158	33377988	-1.26751307115072	0.637539549873309	NS	-2.00748865928907	0.00695910840872423	DOWN
DOWN	A485_only	medtr.A17.gnm5.ann1_6.MtrunA17Chr6g0485941	MtrunA17Chr6g0485941			medtr.A17.gnm5.MtrunA17Chr6	+	40461759	40463469	-1.01116177757398	0.999999979788073	NS	-2.00555513699169	0.0351569562338674	DOWN
DOWN	A485_only	medtr.A17.gnm5.ann1_6.MtrunA17Chr8g0361841	MtrunA17Chr8g0361841			medtr.A17.gnm5.MtrunA17Chr8	+	26416082	26421850	-1.05982973095766	0.999999979788073	NS	-2.0036274134311	0.000596958687435655	DOWN
DOWN	A485_only	medtr.A17.gnm5.ann1_6.MtrunA17Chr7g0267281	MtrunA17Chr7g0267281			medtr.A17.gnm5.MtrunA17Chr7	-	50060970	50061948	-1.9065154848423	0.143280810908686	NS	-2.00357729288797	0.0465693462369374	DOWN
DOWN	A485_only	medtr.A17.gnm5.ann1_6.MtrunA17Chr8g0334641	MtrunA17Chr8g0334641			medtr.A17.gnm5.MtrunA17Chr8	-	330914	333371	-0.461085651757111	0.999999979788073	NS	-2.00353635759773	0.0153502176138009	DOWN
DOWN	A485_only	medtr.A17.gnm5.ann1_6.MtrunA17Chr8g0377621	MtrunA17Chr8g0377621			medtr.A17.gnm5.MtrunA17Chr8	+	38920073	38922373	-1.39761723080455	0.585404692778138	NS	-2.00351598953511	0.0478746252916301	DOWN
DOWN	A485_only	medtr.A17.gnm5.ann1_6.MtrunA17Chr1g0200651	MtrunA17Chr1g0200651			medtr.A17.gnm5.MtrunA17Chr1	+	47173293	47180821	-0.832713845141596	0.999999979788073	NS	-2.00224906463271	0.00912421884026962	DOWN
DOWN	A485_only	medtr.A17.gnm5.ann1_6.MtrunA17Chr8g0370901	MtrunA17Chr8g0370901			medtr.A17.gnm5.MtrunA17Chr8	+	33969218	33970450	-1.18547755894907	0.96902659377523	NS	-2.00221997759527	0.0442005198441823	DOWN
DOWN	A485_only	medtr.A17.gnm5.ann1_6.MtrunA17Chr7g0231271	MtrunA17Chr7g0231271			medtr.A17.gnm5.MtrunA17Chr7	-	20913103	20913942	-1.29504368573944	0.624891452206358	NS	-1.99293443221764	0.013774335169201	DOWN
DOWN	A485_only	medtr.A17.gnm5.ann1_6.MtrunA17Chr4g0045951	MtrunA17Chr4g0045951			medtr.A17.gnm5.MtrunA17Chr4	+	42475057	42481007	-0.872469389759135	0.999999979788073	NS	-1.9916109657572	0.00257681506002682	DOWN
DOWN	A485_only	medtr.A17.gnm5.ann1_6.MtrunA17Chr3g0139681	MtrunA17Chr3g0139681			medtr.A17.gnm5.MtrunA17Chr3	+	54303159	54304398	-1.12991868362266	0.907696849278243	NS	-1.991120736042	0.00183049869934958	DOWN
DOWN	A485_only	medtr.A17.gnm5.ann1_6.MtrunA17Chr5g0402831	MtrunA17Chr5g0402831			medtr.A17.gnm5.MtrunA17Chr5	+	6803391	6820393	-1.3935261140803	0.209152230466949	NS	-1.99010768522371	0.00108385076040438	DOWN
DOWN	A485_only	medtr.A17.gnm5.ann1_6.MtrunA17Chr5g0436001	MtrunA17Chr5g0436001			medtr.A17.gnm5.MtrunA17Chr5	-	35885856	35890240	-1.01663339562242	0.999999979788073	NS	-1.98966481454766	0.00901546111839028	DOWN
DOWN	A485_only	medtr.A17.gnm5.ann1_6.MtrunA17Chr6g0485151	MtrunA17Chr6g0485151			medtr.A17.gnm5.MtrunA17Chr6	+	39669246	39671785	-1.65450186049827	0.168131606825049	NS	-1.98770183162948	0.0141237108708354	DOWN
DOWN	A485_only	medtr.A17.gnm5.ann1_6.MtrunA17Chr1g0174951	MtrunA17Chr1g0174951	MtNCR038	Nodule-specific Cysteine-Rich peptide	medtr.A17.gnm5.MtrunA17Chr1	+	26282603	26283539	-0.882316664838128	0.999999979788073	NS	-1.98740551483943	0.0151987101886723	DOWN
DOWN	A485_only	medtr.A17.gnm5.ann1_6.MtrunA17Chr3g0117481	MtrunA17Chr3g0117481			medtr.A17.gnm5.MtrunA17Chr3	-	38382243	38385819	-0.764209993622616	0.999999979788073	NS	-1.98560788645175	0.0236294304210041	DOWN
DOWN	A485_only	medtr.A17.gnm5.ann1_6.MtrunA17Chr4g0062291	MtrunA17Chr4g0062291			medtr.A17.gnm5.MtrunA17Chr4	-	54129103	54133144	-0.902595786223483	0.999999979788073	NS	-1.98556378673001	0.0029086446114329	DOWN
DOWN	A485_only	medtr.A17.gnm5.ann1_6.MtrunA17Chr6g0454551	MtrunA17Chr6g0454551			medtr.A17.gnm5.MtrunA17Chr6	+	4801823	4805758	-0.859750858083599	0.999999979788073	NS	-1.98514202912768	0.00551248136038897	DOWN
DOWN	A485_only	medtr.A17.gnm5.ann1_6.MtrunA17Chr3g0112211	MtrunA17Chr3g0112211			medtr.A17.gnm5.MtrunA17Chr3	+	34232690	34236700	-1.38554126682875	0.510946807467084	NS	-1.98194509146903	0.0250187512925304	DOWN
DOWN	A485_only	medtr.A17.gnm5.ann1_6.MtrunA17Chr8g0346171	MtrunA17Chr8g0346171			medtr.A17.gnm5.MtrunA17Chr8	-	9233097	9236765	-0.968925610345372	0.999999979788073	NS	-1.98193927218053	0.0395159405951996	DOWN
DOWN	A485_only	medtr.A17.gnm5.ann1_6.MtrunA17Chr4g0062871	MtrunA17Chr4g0062871			medtr.A17.gnm5.MtrunA17Chr4	+	54555145	54565570	-1.18348574939116	0.936887402319876	NS	-1.97480914708089	0.0259587433082568	DOWN
DOWN	A485_only	medtr.A17.gnm5.ann1_6.MtrunA17Chr3g0137141	MtrunA17Chr3g0137141			medtr.A17.gnm5.MtrunA17Chr3	-	52530752	52532593	-0.999723565057201	0.999999979788073	NS	-1.97476436785277	0.0097454678569612	DOWN
DOWN	A485_only	medtr.A17.gnm5.ann1_6.MtrunA17Chr6g0481141	MtrunA17Chr6g0481141			medtr.A17.gnm5.MtrunA17Chr6	+	36122945	36127202	-1.01643546436441	0.999999979788073	NS	-1.96975664399777	0.0185341024560158	DOWN
DOWN	A485_only	medtr.A17.gnm5.ann1_6.MtrunA17Chr7g0240001	MtrunA17Chr7g0240001	MtNCR075	Nodule-specific Cysteine-Rich peptide	medtr.A17.gnm5.MtrunA17Chr7	-	29858520	29859542	-0.677377336284762	0.999999979788073	NS	-1.96839802631941	0.0142124645414982	DOWN
DOWN	A485_only	medtr.A17.gnm5.ann1_6.MtrunA17Chr2g0308381	MtrunA17Chr2g0308381	AtCOBRA-like	COBRA-like (cell expansion protein)	medtr.A17.gnm5.MtrunA17Chr2	-	31229969	31234005	-1.32817785379496	0.401664491764654	NS	-1.96431920817462	0.00353264227228468	DOWN
DOWN	A485_only	medtr.A17.gnm5.ann1_6.MtrunA17Chr7g0260451	MtrunA17Chr7g0260451	MtNCR722	Nodule-specific Cysteine-Rich peptide	medtr.A17.gnm5.MtrunA17Chr7	+	45252459	45253407	-1.05657081288843	0.999999979788073	NS	-1.96325954854183	0.0398167964831455	DOWN
DOWN	A485_only	medtr.A17.gnm5.ann1_6.MtrunA17Chr1g0168031	MtrunA17Chr1g0168031			medtr.A17.gnm5.MtrunA17Chr1	+	16913108	16919527	-1.00751009037315	0.999999979788073	NS	-1.96197091890416	0.0336924265101013	DOWN
DOWN	A485_only	medtr.A17.gnm5.ann1_6.MtrunA17Chr5g0434551	MtrunA17Chr5g0434551			medtr.A17.gnm5.MtrunA17Chr5	+	34642332	34646267	-1.18830808794717	0.790071154120313	NS	-1.96177127322136	0.00573369316166063	DOWN
DOWN	A485_only	medtr.A17.gnm5.ann1_6.MtrunA17Chr1g0209451	MtrunA17Chr1g0209451			medtr.A17.gnm5.MtrunA17Chr1	+	53394058	53398891	-0.880403979485483	0.999999979788073	NS	-1.95855522852826	0.0302921084987452	DOWN
DOWN	A485_only	medtr.A17.gnm5.ann1_6.MtrunA17Chr1g0155551	MtrunA17Chr1g0155551			medtr.A17.gnm5.MtrunA17Chr1	+	7305862	7306948	-0.878753145123017	0.999999979788073	NS	-1.95506955569381	0.0322731455502942	DOWN
DOWN	A485_only	medtr.A17.gnm5.ann1_6.MtrunA17Chr4g0006031	MtrunA17Chr4g0006031	MtLAX4	Like Aux1 (auxin influx transporter)-4 (AY115844)	medtr.A17.gnm5.MtrunA17Chr4	+	4794636	4802348	-1.27398287861742	0.753691408333673	NS	-1.9549889930235	0.0419569752049457	DOWN
DOWN	A485_only	medtr.A17.gnm5.ann1_6.MtrunA17Chr4g0072791	MtrunA17Chr4g0072791	MtCAPE18	CAP-derived peptide	medtr.A17.gnm5.MtrunA17Chr4	-	61767086	61768325	-0.458371744440845	0.999999979788073	NS	-1.95383858074404	0.0130779123865945	DOWN
DOWN	A485_only	medtr.A17.gnm5.ann1_6.MtrunA17Chr4g0060191	MtrunA17Chr4g0060191			medtr.A17.gnm5.MtrunA17Chr4	-	52686078	52689799	-1.54224334437462	0.215153534595034	NS	-1.95357374149178	0.0133398017158477	DOWN
DOWN	A485_only	medtr.A17.gnm5.ann1_6.MtrunA17Chr8g0335081	MtrunA17Chr8g0335081			medtr.A17.gnm5.MtrunA17Chr8	-	700515	701997	-2.04776292841166	0.0689664537468381	NS	-1.95202311388003	0.0423018746444645	DOWN
DOWN	A485_only	medtr.A17.gnm5.ann1_6.MtrunA17Chr4g0035581	MtrunA17Chr4g0035581	MCM2-like4	DNA replication licensing factor	medtr.A17.gnm5.MtrunA17Chr4	-	34915785	34921410	-0.82769954316451	0.999999979788073	NS	-1.94733184468367	0.0369148506508186	DOWN
DOWN	A485_only	medtr.A17.gnm5.ann1_6.MtrunA17Chr5g0401211	MtrunA17Chr5g0401211			medtr.A17.gnm5.MtrunA17Chr5	+	5421549	5427827	-1.03257567805328	0.999999979788073	NS	-1.94158814033347	0.0146161725552253	DOWN
DOWN	A485_only	medtr.A17.gnm5.ann1_6.MtrunA17Chr5g0448661	MtrunA17Chr5g0448661			medtr.A17.gnm5.MtrunA17Chr5	-	44647053	44649741	-0.969607292318212	0.999999979788073	NS	-1.94111691331226	0.0228219817280231	DOWN
DOWN	A485_only	medtr.A17.gnm5.ann1_6.MtrunA17Chr1g0151831	MtrunA17Chr1g0151831			medtr.A17.gnm5.MtrunA17Chr1	+	4589500	4589682	-1.57922887007981	0.120233460232177	NS	-1.94009690807378	0.0049693044231228	DOWN
DOWN	A485_only	medtr.A17.gnm5.ann1_6.MtrunA17Chr7g0243681	MtrunA17Chr7g0243681			medtr.A17.gnm5.MtrunA17Chr7	+	32896118	32898133	-0.289934651657176	0.999999979788073	NS	-1.93459317828441	0.00268194246349394	DOWN
DOWN	A485_only	medtr.A17.gnm5.ann1_6.MtrunA17Chr1g0189971	MtrunA17Chr1g0189971			medtr.A17.gnm5.MtrunA17Chr1	-	39301887	39303851	-0.812231814020658	0.999999979788073	NS	-1.92841860558698	0.0236294304210041	DOWN
DOWN	A485_only	medtr.A17.gnm5.ann1_6.MtrunA17Chr1g0194701	MtrunA17Chr1g0194701			medtr.A17.gnm5.MtrunA17Chr1	-	42766443	42774605	-0.349701141686349	0.999999979788073	NS	-1.9280107695734	0.0365557762541554	DOWN
DOWN	A485_only	medtr.A17.gnm5.ann1_6.MtrunA17Chr6g0452651	MtrunA17Chr6g0452651	MtNCR-new47	Nodule-specific Cysteine-Rich peptide	medtr.A17.gnm5.MtrunA17Chr6	+	2992399	2996273	-1.01622318735447	0.999999979788073	NS	-1.92760081813228	0.0154039601398562	DOWN
DOWN	A485_only	medtr.A17.gnm5.ann1_6.MtrunA17Chr2g0302841	MtrunA17Chr2g0302841	MtNCR-new5	Nodule-specific Cysteine-Rich peptide	medtr.A17.gnm5.MtrunA17Chr2	+	20506300	20506947	-0.428558138890194	0.999999979788073	NS	-1.92723799019131	0.0362629658612013	DOWN
DOWN	A485_only	medtr.A17.gnm5.ann1_6.MtrunA17Chr7g0269421	MtrunA17Chr7g0269421			medtr.A17.gnm5.MtrunA17Chr7	+	51412844	51415131	-1.3925079847524	0.539654542013931	NS	-1.92438820744307	0.0312250309819386	DOWN
DOWN	A485_only	medtr.A17.gnm5.ann1_6.MtrunA17Chr1g0148271	MtrunA17Chr1g0148271			medtr.A17.gnm5.MtrunA17Chr1	+	1725440	1731461	-0.965805317283207	0.999999979788073	NS	-1.92397199728641	0.00573369316166063	DOWN
DOWN	A485_only	medtr.A17.gnm5.ann1_6.MtrunA17Chr8g0360881	MtrunA17Chr8g0360881			medtr.A17.gnm5.MtrunA17Chr8	-	25181346	25186822	-0.672685011046778	0.999999979788073	NS	-1.92322826601172	0.0172626456076206	DOWN
DOWN	A485_only	medtr.A17.gnm5.ann1_6.MtrunA17Chr6g0452371	MtrunA17Chr6g0452371			medtr.A17.gnm5.MtrunA17Chr6	-	2757719	2759862	-1.72584905172731	0.196739689915668	NS	-1.92121101525745	0.0401797469614335	DOWN
DOWN	A485_only	medtr.A17.gnm5.ann1_6.MtrunA17Chr1g0187601	MtrunA17Chr1g0187601			medtr.A17.gnm5.MtrunA17Chr1	-	37570298	37577110	-1.1374286264714	0.999999979788073	NS	-1.92030330491116	0.039050130660346	DOWN
DOWN	A485_only	medtr.A17.gnm5.ann1_6.MtrunA17Chr3g0127861	MtrunA17Chr3g0127861			medtr.A17.gnm5.MtrunA17Chr3	-	45795135	45799586	-0.809898560745921	0.999999979788073	NS	-1.91942605214777	0.0310310028069418	DOWN
DOWN	A485_only	medtr.A17.gnm5.ann1_6.MtrunA17Chr4g0032371	MtrunA17Chr4g0032371			medtr.A17.gnm5.MtrunA17Chr4	-	32486647	32490591	-1.58659316775718	0.150075992968593	NS	-1.91908444512525	0.00935848373655373	DOWN
DOWN	A485_only	medtr.A17.gnm5.ann1_6.MtrunA17Chr5g0437991	MtrunA17Chr5g0437991			medtr.A17.gnm5.MtrunA17Chr5	-	37354868	37357572	-0.491558900784391	0.999999979788073	NS	-1.91886262867599	0.00613213781828972	DOWN
DOWN	A485_only	medtr.A17.gnm5.ann1_6.MtrunA17Chr2g0329701	MtrunA17Chr2g0329701			medtr.A17.gnm5.MtrunA17Chr2	+	48720597	48727899	-0.938531487257333	0.999999979788073	NS	-1.91747319783455	0.0286517464144544	DOWN
DOWN	A485_only	medtr.A17.gnm5.ann1_6.MtrunA17Chr3g0106891	MtrunA17Chr3g0106891			medtr.A17.gnm5.MtrunA17Chr3	+	30501182	30508283	-0.821537835507848	0.999999979788073	NS	-1.91718509341136	0.00306341364637403	DOWN
DOWN	A485_only	medtr.A17.gnm5.ann1_6.MtrunA17Chr6g0486821	MtrunA17Chr6g0486821			medtr.A17.gnm5.MtrunA17Chr6	+	41233215	41249078	-0.59462478262654	0.999999979788073	NS	-1.90721907477317	0.0107252449496845	DOWN
DOWN	A485_only	medtr.A17.gnm5.ann1_6.MtrunA17Chr6g0481941	MtrunA17Chr6g0481941	MtKunitz13	Kunitz-P Trypsin Inhibitor	medtr.A17.gnm5.MtrunA17Chr6	-	36687645	36688775	-1.16365497584539	0.994901247731823	NS	-1.90566058701045	0.0376255984822954	DOWN
DOWN	A485_only	medtr.A17.gnm5.ann1_6.MtrunA17Chr2g0296121	MtrunA17Chr2g0296121			medtr.A17.gnm5.MtrunA17Chr2	-	14486555	14488347	-1.51772369108101	0.248638417607077	NS	-1.89981073927339	0.0210201505601091	DOWN
DOWN	A485_only	medtr.A17.gnm5.ann1_6.MtrunA17Chr5g0399741	MtrunA17Chr5g0399741			medtr.A17.gnm5.MtrunA17Chr5	+	4210253	4214849	-1.00514240882119	0.999999979788073	NS	-1.89876813465637	0.0186955652379734	DOWN
DOWN	A485_only	medtr.A17.gnm5.ann1_6.MtrunA17Chr3g0082531	MtrunA17Chr3g0082531			medtr.A17.gnm5.MtrunA17Chr3	-	4297872	4301319	-1.09490136557289	0.999999979788073	NS	-1.89836607500787	0.047038164309112	DOWN
DOWN	A485_only	medtr.A17.gnm5.ann1_6.MtrunA17Chr2g0292341	MtrunA17Chr2g0292341			medtr.A17.gnm5.MtrunA17Chr2	-	11327457	11332904	-1.24089943903625	0.75375955121257	NS	-1.89524795211204	0.0248617752912938	DOWN
DOWN	A485_only	medtr.A17.gnm5.ann1_6.MtrunA17Chr6g0467601	MtrunA17Chr6g0467601			medtr.A17.gnm5.MtrunA17Chr6	+	16534377	16537693	-0.767382190520591	0.999999979788073	NS	-1.89495763981388	0.0427781252995286	DOWN
DOWN	A485_only	medtr.A17.gnm5.ann1_6.MtrunA17Chr7g0261391	MtrunA17Chr7g0261391			medtr.A17.gnm5.MtrunA17Chr7	+	45864749	45867382	-0.905399448034772	0.999999979788073	NS	-1.8945967122375	0.0267482811027869	DOWN
DOWN	A485_only	medtr.A17.gnm5.ann1_6.MtrunA17Chr3g0108401	MtrunA17Chr3g0108401			medtr.A17.gnm5.MtrunA17Chr3	-	31751947	31756151	-0.477989739392292	0.999999979788073	NS	-1.89396826565085	0.0200108055226733	DOWN
DOWN	A485_only	medtr.A17.gnm5.ann1_6.MtrunA17Chr5g0446361	MtrunA17Chr5g0446361	MtNCR331	Nodule-specific Cysteine-Rich peptide	medtr.A17.gnm5.MtrunA17Chr5	+	42976873	42979349	-0.926348314482233	0.999999979788073	NS	-1.88929867460261	0.0485612666101281	DOWN
DOWN	A485_only	medtr.A17.gnm5.ann1_6.MtrunA17Chr8g0384431	MtrunA17Chr8g0384431			medtr.A17.gnm5.MtrunA17Chr8	+	43418011	43422969	-1.21508339786843	0.749960100112828	NS	-1.8888555582743	0.0107320496202639	DOWN
DOWN	A485_only	medtr.A17.gnm5.ann1_6.MtrunA17Chr6g0479471	MtrunA17Chr6g0479471			medtr.A17.gnm5.MtrunA17Chr6	+	34163221	34164158	-0.499064693553007	0.999999979788073	NS	-1.87902448054473	0.0312744735267284	DOWN
DOWN	A485_only	medtr.A17.gnm5.ann1_6.MtrunA17Chr6g0470981	MtrunA17Chr6g0470981			medtr.A17.gnm5.MtrunA17Chr6	+	21521201	21527173	-0.68792448224234	0.999999979788073	NS	-1.87850063866727	0.012066454049786	DOWN
DOWN	A485_only	medtr.A17.gnm5.ann1_6.MtrunA17Chr1g0187521	MtrunA17Chr1g0187521			medtr.A17.gnm5.MtrunA17Chr1	-	37500487	37507072	-1.41180218895062	0.294822790964584	NS	-1.87163443305798	0.00890211550897777	DOWN
DOWN	A485_only	medtr.A17.gnm5.ann1_6.MtrunA17Chr4g0032781	MtrunA17Chr4g0032781			medtr.A17.gnm5.MtrunA17Chr4	+	32824817	32830672	-1.15547873587361	0.921054199791975	NS	-1.87033204888546	0.0146194334474082	DOWN
DOWN	A485_only	medtr.A17.gnm5.ann1_6.MtrunA17Chr4g0058691	MtrunA17Chr4g0058691	TAR-1	tryptophan aminotransferase-related protein	medtr.A17.gnm5.MtrunA17Chr4	-	51581726	51590637	-0.914146068899449	0.999999979788073	NS	-1.86900104951014	0.0478746252916301	DOWN
DOWN	A485_only	medtr.A17.gnm5.ann1_6.MtrunA17Chr2g0315531	MtrunA17Chr2g0315531			medtr.A17.gnm5.MtrunA17Chr2	+	37778545	37784370	-0.517497513451524	0.999999979788073	NS	-1.86846148684718	0.0075471250009953	DOWN
DOWN	A485_only	medtr.A17.gnm5.ann1_6.MtrunA17Chr1g0151821	MtrunA17Chr1g0151821			medtr.A17.gnm5.MtrunA17Chr1	-	4588229	4589692	-1.58518954001266	0.109207369780085	NS	-1.86783574529191	0.00715843284443871	DOWN
DOWN	A485_only	medtr.A17.gnm5.ann1_6.MtrunA17Chr2g0302951	MtrunA17Chr2g0302951			medtr.A17.gnm5.MtrunA17Chr2	-	20564302	20570818	-1.54324294817143	0.0584245987341006	NS	-1.86023098419521	0.00212884578331167	DOWN
DOWN	A485_only	medtr.A17.gnm5.ann1_6.MtrunA17Chr8g0381871	MtrunA17Chr8g0381871	MCM2-like5	DNA replication licensing factor	medtr.A17.gnm5.MtrunA17Chr8	-	41745217	41750849	-0.625776977896449	0.999999979788073	NS	-1.85694838291335	0.037260466068879	DOWN
DOWN	A485_only	medtr.A17.gnm5.ann1_6.MtrunA17Chr3g0133801	MtrunA17Chr3g0133801			medtr.A17.gnm5.MtrunA17Chr3	+	50186533	50191540	-0.499186234082311	0.999999979788073	NS	-1.85379131122497	0.00817695667553368	DOWN
DOWN	A485_only	medtr.A17.gnm5.ann1_6.MtrunA17Chr4g0062901	MtrunA17Chr4g0062901			medtr.A17.gnm5.MtrunA17Chr4	-	54576729	54581945	-1.10507701855188	0.999999979788073	NS	-1.85355348336558	0.0133643806185681	DOWN
DOWN	A485_only	medtr.A17.gnm5.ann1_6.MtrunA17Chr4g0004261	MtrunA17Chr4g0004261	MtSULTR3.4b	sulfate transporter	medtr.A17.gnm5.MtrunA17Chr4	+	3321747	3327919	-0.809824028644224	0.999999979788073	NS	-1.85235930558092	0.0311093941594844	DOWN
DOWN	A485_only	medtr.A17.gnm5.ann1_6.MtrunA17Chr2g0315211	MtrunA17Chr2g0315211			medtr.A17.gnm5.MtrunA17Chr2	-	37552634	37557950	-1.14586530943945	0.862749661094543	NS	-1.84757878882125	0.00517778185062404	DOWN
DOWN	A485_only	medtr.A17.gnm5.ann1_6.MtrunA17Chr7g0251311	MtrunA17Chr7g0251311			medtr.A17.gnm5.MtrunA17Chr7	+	38493369	38495104	-0.632423102060289	0.999999979788073	NS	-1.83661683445176	0.0148921998440205	DOWN
DOWN	A485_only	medtr.A17.gnm5.ann1_6.MtrunA17Chr5g0397651	MtrunA17Chr5g0397651			medtr.A17.gnm5.MtrunA17Chr5	-	2813222	2817474	-0.688871868364064	0.999999979788073	NS	-1.82955027039511	0.0208962175733042	DOWN
DOWN	A485_only	medtr.A17.gnm5.ann1_6.MtrunA17Chr5g0423671	MtrunA17Chr5g0423671	MtNCR247	Nodule-specific Cysteine-Rich peptide	medtr.A17.gnm5.MtrunA17Chr5	+	25423600	25425184	-1.23381239426236	0.792598196123873	NS	-1.82824031367033	0.0328721063573248	DOWN
DOWN	A485_only	medtr.A17.gnm5.ann1_6.MtrunA17Chr5g0428981	MtrunA17Chr5g0428981	MtIRE	INCOMPLETE ROOT HAIR ELONGATION (IRE)-like (AGC protein kinase family)	medtr.A17.gnm5.MtrunA17Chr5	+	30515669	30524962	-0.50331791747813	0.999999979788073	NS	-1.82728458224907	0.0125560129683282	DOWN
DOWN	A485_only	medtr.A17.gnm5.ann1_6.MtrunA17Chr2g0329201	MtrunA17Chr2g0329201			medtr.A17.gnm5.MtrunA17Chr2	-	48272153	48277827	-0.672180969098938	0.999999979788073	NS	-1.82471269394318	0.00537971210184771	DOWN
DOWN	A485_only	medtr.A17.gnm5.ann1_6.MtrunA17Chr4g0037221	MtrunA17Chr4g0037221			medtr.A17.gnm5.MtrunA17Chr4	-	35847011	35849829	-1.6968645559654	0.0933820023260603	NS	-1.8206732819782	0.0211083853629884	DOWN
DOWN	A485_only	medtr.A17.gnm5.ann1_6.MtrunA17Chr3g0127341	MtrunA17Chr3g0127341			medtr.A17.gnm5.MtrunA17Chr3	-	45458766	45464179	-1.01043532092085	0.999999979788073	NS	-1.81813506100124	0.00274057347893107	DOWN
DOWN	A485_only	medtr.A17.gnm5.ann1_6.MtrunA17Chr1g0167391	MtrunA17Chr1g0167391			medtr.A17.gnm5.MtrunA17Chr1	-	16363667	16364835	-0.770549713105242	0.999999979788073	NS	-1.81531658333443	0.00742169360443709	DOWN
DOWN	A485_only	medtr.A17.gnm5.ann1_6.MtrunA17Chr1g0171771	MtrunA17Chr1g0171771	MtNOOT2	NODULE ROOT 2	medtr.A17.gnm5.MtrunA17Chr1	-	20472615	20476733	-1.6944417358643	0.0576312588398556	NS	-1.81382649874745	0.010990229139478	DOWN
DOWN	A485_only	medtr.A17.gnm5.ann1_6.MtrunA17Chr2g0278721	MtrunA17Chr2g0278721			medtr.A17.gnm5.MtrunA17Chr2	+	1363346	1367995	1.06803710397469	0.999999979788073	NS	-1.81326255264735	0.0349357074161286	DOWN
DOWN	A485_only	medtr.A17.gnm5.ann1_6.MtrunA17Chr2g0277471	MtrunA17Chr2g0277471			medtr.A17.gnm5.MtrunA17Chr2	+	528853	533651	-0.660108334780452	0.999999979788073	NS	-1.81078405442058	0.0327207481414897	DOWN
DOWN	A485_only	medtr.A17.gnm5.ann1_6.MtrunA17Chr5g0426851	MtrunA17Chr5g0426851			medtr.A17.gnm5.MtrunA17Chr5	-	28643002	28645609	-0.452173166186324	0.999999979788073	NS	-1.80879753784101	0.0112275007071236	DOWN
DOWN	A485_only	medtr.A17.gnm5.ann1_6.MtrunA17Chr6g0478341	MtrunA17Chr6g0478341			medtr.A17.gnm5.MtrunA17Chr6	-	32970000	32975658	-0.887887618948088	0.999999979788073	NS	-1.80334244002404	0.0221047599913485	DOWN
DOWN	A485_only	medtr.A17.gnm5.ann1_6.MtrunA17Chr5g0409731	MtrunA17Chr5g0409731			medtr.A17.gnm5.MtrunA17Chr5	-	11436860	11440898	-1.47598525088948	0.285069630523472	NS	-1.80323063360454	0.0257744231168778	DOWN
DOWN	A485_only	medtr.A17.gnm5.ann1_6.MtrunA17Chr1g0200381	MtrunA17Chr1g0200381			medtr.A17.gnm5.MtrunA17Chr1	+	46915742	46922282	-0.623526662073792	0.999999979788073	NS	-1.80260138646327	0.0109911284945649	DOWN
DOWN	A485_only	medtr.A17.gnm5.ann1_6.MtrunA17Chr3g0083621	MtrunA17Chr3g0083621			medtr.A17.gnm5.MtrunA17Chr3	+	5217461	5223212	-1.31613021633904	0.485026850172394	NS	-1.80055882646356	0.0153105503335354	DOWN
DOWN	A485_only	medtr.A17.gnm5.ann1_6.MtrunA17Chr3g0140821	MtrunA17Chr3g0140821			medtr.A17.gnm5.MtrunA17Chr3	-	55147545	55150029	-1.31957090720687	0.497932405446351	NS	-1.80021817972679	0.016673831377802	DOWN
DOWN	A485_only	medtr.A17.gnm5.ann1_6.MtrunA17Chr1g0155121	MtrunA17Chr1g0155121			medtr.A17.gnm5.MtrunA17Chr1	+	7038231	7039972	-1.56275859977245	0.249085124354482	NS	-1.7938713619024	0.0451692983395973	DOWN
DOWN	A485_only	medtr.A17.gnm5.ann1_6.MtrunA17Chr3g0114621	MtrunA17Chr3g0114621	MtLYM1	LysM domain-containing GPI-anchored protein 1	medtr.A17.gnm5.MtrunA17Chr3	+	36047026	36050644	-0.933848846430331	0.999999979788073	NS	-1.7909461981752	0.00279817237790489	DOWN
DOWN	A485_only	medtr.A17.gnm5.ann1_6.MtrunA17Chr7g0258721	MtrunA17Chr7g0258721			medtr.A17.gnm5.MtrunA17Chr7	-	43910455	43912948	-1.24083200145956	0.702543665311984	NS	-1.78585100499909	0.0242946936958752	DOWN
DOWN	A485_only	medtr.A17.gnm5.ann1_6.MtrunA17Chr1g0177141	MtrunA17Chr1g0177141			medtr.A17.gnm5.MtrunA17Chr1	+	28638169	28649475	-0.815477912823207	0.999999979788073	NS	-1.78238693553298	0.0229394875498091	DOWN
DOWN	A485_only	medtr.A17.gnm5.ann1_6.MtrunA17Chr4g0033711	MtrunA17Chr4g0033711			medtr.A17.gnm5.MtrunA17Chr4	-	33603526	33610943	-0.914897446216061	0.999999979788073	NS	-1.77889097586272	0.0177952923501664	DOWN
DOWN	A485_only	medtr.A17.gnm5.ann1_6.MtrunA17Chr8g0348131	MtrunA17Chr8g0348131			medtr.A17.gnm5.MtrunA17Chr8	-	10846374	10849035	-1.11538217219891	0.957565162492157	NS	-1.77107557149142	0.00894471133325443	DOWN
DOWN	A485_only	medtr.A17.gnm5.ann1_6.MtrunA17Chr8g0342811	MtrunA17Chr8g0342811			medtr.A17.gnm5.MtrunA17Chr8	+	6241402	6248236	-1.23620733650803	0.571465770553731	NS	-1.77083373905829	0.0071305175286545	DOWN
DOWN	A485_only	medtr.A17.gnm5.ann1_6.MtrunA17Chr8g0378621	MtrunA17Chr8g0378621	MtBG1	beta-1,3-Glucanase 1	medtr.A17.gnm5.MtrunA17Chr8	-	39607436	39613817	-1.02386755653201	0.999999979788073	NS	-1.76986244903004	0.049874746541142	DOWN
DOWN	A485_only	medtr.A17.gnm5.ann1_6.MtrunA17Chr5g0404841	MtrunA17Chr5g0404841	MtBGAL18	beta-galactosidase 18	medtr.A17.gnm5.MtrunA17Chr5	-	8157247	8163222	-0.857957284972906	0.999999979788073	NS	-1.76813998899027	0.00715843284443871	DOWN
DOWN	A485_only	medtr.A17.gnm5.ann1_6.MtrunA17Chr3g0134371	MtrunA17Chr3g0134371	MtPIP7	PAMP-induced Secreted Peptide	medtr.A17.gnm5.MtrunA17Chr3	+	50685477	50686139	-1.25441907067648	0.712298989589064	NS	-1.76678023353288	0.0438294414449651	DOWN
DOWN	A485_only	medtr.A17.gnm5.ann1_6.MtrunA17Chr8g0387391	MtrunA17Chr8g0387391			medtr.A17.gnm5.MtrunA17Chr8	+	45461630	45464787	-0.527303034611084	0.999999979788073	NS	-1.76545413096166	0.0108588717903035	DOWN
DOWN	A485_only	medtr.A17.gnm5.ann1_6.MtrunA17Chr3g0094811	MtrunA17Chr3g0094811			medtr.A17.gnm5.MtrunA17Chr3	+	17935019	17942810	-1.5033744004448	0.253901242001066	NS	-1.76136047007144	0.0341330668227616	DOWN
DOWN	A485_only	medtr.A17.gnm5.ann1_6.MtrunA17Chr1g0201271	MtrunA17Chr1g0201271			medtr.A17.gnm5.MtrunA17Chr1	+	47678738	47689690	-1.03623539004078	0.999999979788073	NS	-1.75734402568252	0.0351006007255958	DOWN
DOWN	A485_only	medtr.A17.gnm5.ann1_6.MtrunA17Chr7g0271681	MtrunA17Chr7g0271681			medtr.A17.gnm5.MtrunA17Chr7	-	53043531	53047177	-1.67621228602942	0.153860576650445	NS	-1.75674911575424	0.0488139406794281	DOWN
DOWN	A485_only	medtr.A17.gnm5.ann1_6.MtrunA17Chr2g0320981	MtrunA17Chr2g0320981			medtr.A17.gnm5.MtrunA17Chr2	-	42115383	42125621	-0.873909494510718	0.999999979788073	NS	-1.75499482530108	0.00552450319720551	DOWN
DOWN	A485_only	medtr.A17.gnm5.ann1_6.MtrunA17Chr2g0332471	MtrunA17Chr2g0332471			medtr.A17.gnm5.MtrunA17Chr2	+	50605038	50610359	-1.28708741695421	0.57964544191632	NS	-1.75411969931097	0.0279344322742135	DOWN
DOWN	A485_only	medtr.A17.gnm5.ann1_6.MtrunA17Chr5g0437771	MtrunA17Chr5g0437771			medtr.A17.gnm5.MtrunA17Chr5	+	37245939	37251369	-0.589450834937571	0.999999979788073	NS	-1.74822068503961	0.0351569562338674	DOWN
DOWN	A485_only	medtr.A17.gnm5.ann1_6.MtrunA17Chr5g0398841	MtrunA17Chr5g0398841	MtnsLTP63	non-specific Lipid Transfer Protein	medtr.A17.gnm5.MtrunA17Chr5	-	3551756	3554428	-1.14188451001901	0.978784925162289	NS	-1.73730784005998	0.0452735740758161	DOWN
DOWN	A485_only	medtr.A17.gnm5.ann1_6.MtrunA17Chr3g0078201	MtrunA17Chr3g0078201			medtr.A17.gnm5.MtrunA17Chr3	-	815105	816520	-0.619859767791636	0.999999979788073	NS	-1.73585596990941	0.0426267308218499	DOWN
DOWN	A485_only	medtr.A17.gnm5.ann1_6.MtrunA17Chr3g0145461	MtrunA17Chr3g0145461			medtr.A17.gnm5.MtrunA17Chr3	-	58526842	58530903	-0.361994878480908	0.999999979788073	NS	-1.73313400433194	0.0236579327270995	DOWN
DOWN	A485_only	medtr.A17.gnm5.ann1_6.MtrunA17Chr8g0349751	MtrunA17Chr8g0349751			medtr.A17.gnm5.MtrunA17Chr8	-	12028350	12031963	-0.0446958620419237	0.999999979788073	NS	-1.73279417414675	0.0382323883193815	DOWN
DOWN	A485_only	medtr.A17.gnm5.ann1_6.MtrunA17Chr5g0393511	MtrunA17Chr5g0393511			medtr.A17.gnm5.MtrunA17Chr5	+	157273	158218	-0.895324808078026	0.999999979788073	NS	-1.72658936307062	0.0459650343762725	DOWN
DOWN	A485_only	medtr.A17.gnm5.ann1_6.MtrunA17Chr6g0481031	MtrunA17Chr6g0481031			medtr.A17.gnm5.MtrunA17Chr6	+	35878139	35884365	-1.06220557071652	0.999999979788073	NS	-1.72538145993384	0.0363631073460285	DOWN
DOWN	A485_only	medtr.A17.gnm5.ann1_6.MtrunA17Chr8g0361211	MtrunA17Chr8g0361211			medtr.A17.gnm5.MtrunA17Chr8	-	25485379	25488810	-0.966833411444368	0.999999979788073	NS	-1.72104737242594	0.028045873384775	DOWN
DOWN	A485_only	medtr.A17.gnm5.ann1_6.MtrunA17Chr7g0244201	MtrunA17Chr7g0244201			medtr.A17.gnm5.MtrunA17Chr7	+	33369851	33372275	-0.417120602659616	0.999999979788073	NS	-1.7137392899519	0.037429063742312	DOWN
DOWN	A485_only	medtr.A17.gnm5.ann1_6.MtrunA17Chr6g0483631	MtrunA17Chr6g0483631			medtr.A17.gnm5.MtrunA17Chr6	-	38179003	38184575	-1.0192746559875	0.999999979788073	NS	-1.71032078030681	0.0292313738839759	DOWN
DOWN	A485_only	medtr.A17.gnm5.ann1_6.MtrunA17Chr8g0359371	MtrunA17Chr8g0359371	MtTPS1	trehalose phosphate synthase 1	medtr.A17.gnm5.MtrunA17Chr8	+	22729710	22753196	-0.260166880272694	0.999999979788073	NS	-1.70962803456817	0.0255602895959925	DOWN
DOWN	A485_only	medtr.A17.gnm5.ann1_6.MtrunA17Chr7g0223291	MtrunA17Chr7g0223291			medtr.A17.gnm5.MtrunA17Chr7	-	8525528	8529131	-1.02444230527826	0.999999979788073	NS	-1.70944743704708	0.0105698420833291	DOWN
DOWN	A485_only	medtr.A17.gnm5.ann1_6.MtrunA17Chr3g0142741	MtrunA17Chr3g0142741			medtr.A17.gnm5.MtrunA17Chr3	+	56565507	56566245	-0.52665605778302	0.999999979788073	NS	-1.70880221695416	0.0274706969156167	DOWN
DOWN	A485_only	medtr.A17.gnm5.ann1_6.MtrunA17Chr4g0035171	MtrunA17Chr4g0035171			medtr.A17.gnm5.MtrunA17Chr4	-	34673744	34678607	-0.575841058029381	0.999999979788073	NS	-1.70804520685984	0.0338547291370233	DOWN
DOWN	A485_only	medtr.A17.gnm5.ann1_6.MtrunA17Chr7g0258851	MtrunA17Chr7g0258851			medtr.A17.gnm5.MtrunA17Chr7	-	44011472	44015968	-1.50840173952693	0.178237792648966	NS	-1.70401168276208	0.0246323195880566	DOWN
DOWN	A485_only	medtr.A17.gnm5.ann1_6.MtrunA17Chr1g0175381	MtrunA17Chr1g0175381			medtr.A17.gnm5.MtrunA17Chr1	+	26801611	26807377	-1.39271416065836	0.16384320337206	NS	-1.70359858450058	0.00552450319720551	DOWN
DOWN	A485_only	medtr.A17.gnm5.ann1_6.MtrunA17Chr5g0399141	MtrunA17Chr5g0399141			medtr.A17.gnm5.MtrunA17Chr5	-	3733981	3738434	-0.622060507734155	0.999999979788073	NS	-1.70237768701884	0.0409279261833114	DOWN
DOWN	A485_only	medtr.A17.gnm5.ann1_6.MtrunA17Chr7g0225141	MtrunA17Chr7g0225141			medtr.A17.gnm5.MtrunA17Chr7	-	10327396	10329311	-0.759595993638117	0.999999979788073	NS	-1.70161162860268	0.0304625182659556	DOWN
DOWN	A485_only	medtr.A17.gnm5.ann1_6.MtrunA17Chr4g0053211	MtrunA17Chr4g0053211			medtr.A17.gnm5.MtrunA17Chr4	+	47146375	47158175	-1.07279354815418	0.999999979788073	NS	-1.69752410356969	0.0109911284945649	DOWN
DOWN	A485_only	medtr.A17.gnm5.ann1_6.MtrunA17Chr5g0424971	MtrunA17Chr5g0424971			medtr.A17.gnm5.MtrunA17Chr5	+	27017041	27019915	-0.583036237896203	0.999999979788073	NS	-1.69371815023374	0.0439698983851892	DOWN
DOWN	A485_only	medtr.A17.gnm5.ann1_6.MtrunA17Chr2g0312911	MtrunA17Chr2g0312911			medtr.A17.gnm5.MtrunA17Chr2	-	35673559	35678877	-1.296284795181	0.489117679328655	NS	-1.69171847373661	0.0270270691797442	DOWN
DOWN	A485_only	medtr.A17.gnm5.ann1_6.MtrunA17Chr4g0061311	MtrunA17Chr4g0061311			medtr.A17.gnm5.MtrunA17Chr4	-	53454061	53457265	-1.72506793175671	0.0738799871300446	NS	-1.68273907471482	0.0398167964831455	DOWN
DOWN	A485_only	medtr.A17.gnm5.ann1_6.MtrunA17Chr3g0088861	MtrunA17Chr3g0088861	MtNCR103	Nodule-specific Cysteine-Rich peptide	medtr.A17.gnm5.MtrunA17Chr3	-	10046561	10048403	-0.766161397023321	0.999999979788073	NS	-1.66977377692044	0.0429625143079407	DOWN
DOWN	A485_only	medtr.A17.gnm5.ann1_6.MtrunA17Chr7g0258941	MtrunA17Chr7g0258941			medtr.A17.gnm5.MtrunA17Chr7	+	44069119	44073223	-0.769892961221059	0.999999979788073	NS	-1.66231664513853	0.0261041121284206	DOWN
DOWN	A485_only	medtr.A17.gnm5.ann1_6.MtrunA17Chr5g0402941	MtrunA17Chr5g0402941			medtr.A17.gnm5.MtrunA17Chr5	-	6858355	6864473	-0.895563586712801	0.999999979788073	NS	-1.65738657938901	0.0202253132432594	DOWN
DOWN	A485_only	medtr.A17.gnm5.ann1_6.MtrunA17Chr1g0167961	MtrunA17Chr1g0167961			medtr.A17.gnm5.MtrunA17Chr1	-	16847023	16851097	-1.00717583476941	0.999999979788073	NS	-1.65547444880672	0.0490979006469817	DOWN
DOWN	A485_only	medtr.A17.gnm5.ann1_6.MtrunA17Chr1g0184181	MtrunA17Chr1g0184181			medtr.A17.gnm5.MtrunA17Chr1	-	34729437	34733016	-0.84674715795531	0.999999979788073	NS	-1.65180941890007	0.0476503888980618	DOWN
DOWN	A485_only	medtr.A17.gnm5.ann1_6.MtrunA17Chr8g0372931	MtrunA17Chr8g0372931			medtr.A17.gnm5.MtrunA17Chr8	-	35252922	35260420	-0.920422615885468	0.999999979788073	NS	-1.64545467205395	0.0488139406794281	DOWN
DOWN	A485_only	medtr.A17.gnm5.ann1_6.MtrunA17Chr4g0015051	MtrunA17Chr4g0015051			medtr.A17.gnm5.MtrunA17Chr4	-	12357024	12362882	-0.261848720067624	0.999999979788073	NS	-1.6448645117199	0.00728913911390797	DOWN
DOWN	A485_only	medtr.A17.gnm5.ann1_6.MtrunA17Chr2g0282601	MtrunA17Chr2g0282601			medtr.A17.gnm5.MtrunA17Chr2	+	4044509	4050933	-1.26681161364963	0.585404692778138	NS	-1.63657425242727	0.0424224920533678	DOWN
DOWN	A485_only	medtr.A17.gnm5.ann1_6.MtrunA17Chr1g0201151	MtrunA17Chr1g0201151			medtr.A17.gnm5.MtrunA17Chr1	+	47605131	47609670	-0.958606068739126	0.999999979788073	NS	-1.63653848422146	0.0172150499281223	DOWN
DOWN	A485_only	medtr.A17.gnm5.ann1_6.MtrunA17Chr7g0246681	MtrunA17Chr7g0246681			medtr.A17.gnm5.MtrunA17Chr7	-	35326657	35332469	-0.764432930330063	0.999999979788073	NS	-1.63439960881864	0.0344210439882275	DOWN
DOWN	A485_only	medtr.A17.gnm5.ann1_6.MtrunA17Chr5g0415791	MtrunA17Chr5g0415791	MtNPF2.11	NRT1/ PTR FAMILY|nitrate transporter / peptide transporter	medtr.A17.gnm5.MtrunA17Chr5	-	16535986	16541289	-0.852570134725406	0.999999979788073	NS	-1.63371286644488	0.0128593672416816	DOWN
DOWN	A485_only	medtr.A17.gnm5.ann1_6.MtrunA17Chr1g0210661	MtrunA17Chr1g0210661			medtr.A17.gnm5.MtrunA17Chr1	-	54361130	54363140	-1.03582078165464	0.999999979788073	NS	-1.62908636834258	0.0230017697059163	DOWN
DOWN	A485_only	medtr.A17.gnm5.ann1_6.MtrunA17Chr2g0289271	MtrunA17Chr2g0289271			medtr.A17.gnm5.MtrunA17Chr2	-	8897803	8904781	-1.13302953741314	0.813709889353683	NS	-1.62537565720496	0.00937064063485253	DOWN
DOWN	A485_only	medtr.A17.gnm5.ann1_6.MtrunA17Chr5g0435751	MtrunA17Chr5g0435751			medtr.A17.gnm5.MtrunA17Chr5	-	35752543	35760237	-0.466764860220058	0.999999979788073	NS	-1.6224576932793	0.0488139406794281	DOWN
DOWN	A485_only	medtr.A17.gnm5.ann1_6.MtrunA17Chr8g0358331	MtrunA17Chr8g0358331	MtNCR-new82	Nodule-specific Cysteine-Rich peptide	medtr.A17.gnm5.MtrunA17Chr8	+	20464256	20466846	-0.623491736024128	0.999999979788073	NS	-1.62234515405684	0.0311093941594844	DOWN
DOWN	A485_only	medtr.A17.gnm5.ann1_6.MtrunA17Chr7g0256791	MtrunA17Chr7g0256791			medtr.A17.gnm5.MtrunA17Chr7	+	42527041	42527820	-1.00772886355839	0.999999979788073	NS	-1.61739710911546	0.0371984144132747	DOWN
DOWN	A485_only	medtr.A17.gnm5.ann1_6.MtrunA17Chr3g0090511	MtrunA17Chr3g0090511			medtr.A17.gnm5.MtrunA17Chr3	-	11848145	11850176	-0.358522358113383	0.999999979788073	NS	-1.61620367648039	0.0313670579947086	DOWN
DOWN	A485_only	medtr.A17.gnm5.ann1_6.MtrunA17Chr1g0167381	MtrunA17Chr1g0167381			medtr.A17.gnm5.MtrunA17Chr1	+	16359107	16365178	-1.03321114096232	0.999999979788073	NS	-1.61215989433808	0.00754978382400482	DOWN
DOWN	A485_only	medtr.A17.gnm5.ann1_6.MtrunA17Chr1g0175671	MtrunA17Chr1g0175671			medtr.A17.gnm5.MtrunA17Chr1	-	27130083	27133465	-0.80583679794307	0.999999979788073	NS	-1.60982985537772	0.0131629181956513	DOWN
DOWN	A485_only	medtr.A17.gnm5.ann1_6.MtrunA17Chr8g0358381	MtrunA17Chr8g0358381	MtNCR-new84	Nodule-specific Cysteine-Rich peptide	medtr.A17.gnm5.MtrunA17Chr8	-	20611607	20613962	-0.584915127559334	0.999999979788073	NS	-1.60756637635284	0.034178560047362	DOWN
DOWN	A485_only	medtr.A17.gnm5.ann1_6.MtrunA17Chr3g0142401	MtrunA17Chr3g0142401			medtr.A17.gnm5.MtrunA17Chr3	+	56371585	56373263	-0.593639095505127	0.999999979788073	NS	-1.60378082482122	0.0268643815454091	DOWN
DOWN	A485_only	medtr.A17.gnm5.ann1_6.MtrunA17Chr5g0404721	MtrunA17Chr5g0404721	MtPrx46	peroxidase	medtr.A17.gnm5.MtrunA17Chr5	+	8098049	8100554	-0.518068747585447	0.999999979788073	NS	-1.59654679931242	0.00426058467508664	DOWN
DOWN	A485_only	medtr.A17.gnm5.ann1_6.MtrunA17Chr8g0341951	MtrunA17Chr8g0341951	MtCYP90D27	Cytochrome P450 monooxygenase	medtr.A17.gnm5.MtrunA17Chr8	-	5390187	5394995	-0.604360278143672	0.999999979788073	NS	-1.58347810961198	0.0187392153236986	DOWN
DOWN	A485_only	medtr.A17.gnm5.ann1_6.MtrunA17Chr7g0263831	MtrunA17Chr7g0263831			medtr.A17.gnm5.MtrunA17Chr7	-	47497430	47498437	-0.458494401470584	0.999999979788073	NS	-1.58045100738303	0.0104795612783919	DOWN
DOWN	A485_only	medtr.A17.gnm5.ann1_6.MtrunA17Chr4g0065721	MtrunA17Chr4g0065721			medtr.A17.gnm5.MtrunA17Chr4	-	56755784	56766912	-0.710271078097856	0.999999979788073	NS	-1.57675335146734	0.0292313738839759	DOWN
DOWN	A485_only	medtr.A17.gnm5.ann1_6.MtrunA17Chr6g0464411	MtrunA17Chr6g0464411			medtr.A17.gnm5.MtrunA17Chr6	+	13583851	13590312	-1.17859533170102	0.718774372357715	NS	-1.57389139649632	0.0311093941594844	DOWN
DOWN	A485_only	medtr.A17.gnm5.ann1_6.MtrunA17Chr5g0412801	MtrunA17Chr5g0412801			medtr.A17.gnm5.MtrunA17Chr5	+	14204511	14209833	-0.936999352296031	0.999999979788073	NS	-1.57295380366167	0.00896197864289536	DOWN
DOWN	A485_only	medtr.A17.gnm5.ann1_6.MtrunA17Chr3g0142731	MtrunA17Chr3g0142731			medtr.A17.gnm5.MtrunA17Chr3	-	56564773	56568770	-0.563995204812389	0.999999979788073	NS	-1.56675563298899	0.0444476693094231	DOWN
DOWN	A485_only	medtr.A17.gnm5.ann1_6.MtrunA17Chr1g0200791	MtrunA17Chr1g0200791			medtr.A17.gnm5.MtrunA17Chr1	-	47307144	47310867	-0.722018376448354	0.999999979788073	NS	-1.56659801059186	0.0146161725552253	DOWN
DOWN	A485_only	medtr.A17.gnm5.ann1_6.MtrunA17Chr1g0203711	MtrunA17Chr1g0203711			medtr.A17.gnm5.MtrunA17Chr1	-	49412817	49418614	-1.24074537356937	0.467347291360823	NS	-1.56289160075968	0.0196023076982228	DOWN
DOWN	A485_only	medtr.A17.gnm5.ann1_6.MtrunA17Chr4g0001391	MtrunA17Chr4g0001391			medtr.A17.gnm5.MtrunA17Chr4	-	963969	966128	-0.501669279533899	0.999999979788073	NS	-1.54760934442297	0.0309315478142777	DOWN
DOWN	A485_only	medtr.A17.gnm5.ann1_6.MtrunA17Chr5g0404731	MtrunA17Chr5g0404731			medtr.A17.gnm5.MtrunA17Chr5	-	8099346	8100134	-0.461278886923582	0.999999979788073	NS	-1.54453510188858	0.00947221670842246	DOWN
DOWN	A485_only	medtr.A17.gnm5.ann1_6.MtrunA17Chr8g0352871	MtrunA17Chr8g0352871	MtRRA11|MtRR11	type-A response regulator	medtr.A17.gnm5.MtrunA17Chr8	-	14691455	14693373	-0.451686527475293	0.999999979788073	NS	-1.52767179408302	0.0363308998843852	DOWN
DOWN	A485_only	medtr.A17.gnm5.ann1_6.MtrunA17Chr5g0412471	MtrunA17Chr5g0412471	MtCycD4-1	Cyclin D type	medtr.A17.gnm5.MtrunA17Chr5	+	13892049	13894779	-0.812705937372009	0.999999979788073	NS	-1.52034448713676	0.0401350937181735	DOWN
DOWN	A485_only	medtr.A17.gnm5.ann1_6.MtrunA17Chr1g0152041	MtrunA17Chr1g0152041			medtr.A17.gnm5.MtrunA17Chr1	-	4813539	4819194	-0.586966763769478	0.999999979788073	NS	-1.51631443197953	0.0226385227385794	DOWN
DOWN	A485_only	medtr.A17.gnm5.ann1_6.MtrunA17Chr4g0038491	MtrunA17Chr4g0038491			medtr.A17.gnm5.MtrunA17Chr4	-	36782326	36786426	-0.780957234408592	0.999999979788073	NS	-1.51450495432707	0.0433157089422133	DOWN
DOWN	A485_only	medtr.A17.gnm5.ann1_6.MtrunA17Chr4g0061141	MtrunA17Chr4g0061141			medtr.A17.gnm5.MtrunA17Chr4	+	53311806	53316870	-1.18048552081167	0.696599964712101	NS	-1.51404399684472	0.0387009865878397	DOWN
DOWN	A485_only	medtr.A17.gnm5.ann1_6.MtrunA17Chr5g0434811	MtrunA17Chr5g0434811			medtr.A17.gnm5.MtrunA17Chr5	+	34962624	34972753	-0.465170053047117	0.999999979788073	NS	-1.49779075053075	0.0211487385358629	DOWN
DOWN	A485_only	medtr.A17.gnm5.ann1_6.MtrunA17Chr4g0057771	MtrunA17Chr4g0057771			medtr.A17.gnm5.MtrunA17Chr4	+	50893572	50899391	-0.887463336071443	0.999999979788073	NS	-1.47956837414247	0.0335533301177343	DOWN
DOWN	A485_only	medtr.A17.gnm5.ann1_6.MtrunA17Chr5g0448691	MtrunA17Chr5g0448691			medtr.A17.gnm5.MtrunA17Chr5	+	44675283	44677991	-1.02567591642301	0.999999979788073	NS	-1.46796851407001	0.0352981206692972	DOWN
DOWN	A485_only	medtr.A17.gnm5.ann1_6.MtrunA17Chr4g0054521	MtrunA17Chr4g0054521			medtr.A17.gnm5.MtrunA17Chr4	-	48312575	48316819	-1.42463772818609	0.138331128532739	NS	-1.46343752064128	0.044927770570468	DOWN
DOWN	A485_only	medtr.A17.gnm5.ann1_6.MtrunA17Chr4g0074161	MtrunA17Chr4g0074161			medtr.A17.gnm5.MtrunA17Chr4	-	62891510	62895791	-0.846218869142478	0.999999979788073	NS	-1.45115952217072	0.0380899597729927	DOWN
DOWN	A485_only	medtr.A17.gnm5.ann1_6.MtrunA17Chr6g0486021	MtrunA17Chr6g0486021	MtpGlcT2|MtSGB1.2	Probable plastidic glucose transporter 2|suppressor of G protein beta 1	medtr.A17.gnm5.MtrunA17Chr6	+	40508106	40515925	-0.801023705289376	0.999999979788073	NS	-1.43507952084736	0.0310324399855373	DOWN
DOWN	A485_only	medtr.A17.gnm5.ann1_6.MtrunA17Chr4g0060431	MtrunA17Chr4g0060431			medtr.A17.gnm5.MtrunA17Chr4	+	52846299	52856130	-0.666451009191621	0.999999979788073	NS	-1.43011040886448	0.0467287861706866	DOWN
DOWN	A485_only	medtr.A17.gnm5.ann1_6.MtrunA17Chr3g0124321	MtrunA17Chr3g0124321			medtr.A17.gnm5.MtrunA17Chr3	+	43145213	43149160	0.0583329350408946	0.999999979788073	NS	-1.40055711805543	0.037089456801315	DOWN
DOWN	A485_only	medtr.A17.gnm5.ann1_6.MtrunA17Chr8g0391121	MtrunA17Chr8g0391121			medtr.A17.gnm5.MtrunA17Chr8	+	48071553	48079421	-0.35701498687525	0.999999979788073	NS	-1.39841451794575	0.0397968568626178	DOWN
DOWN	A485_only	medtr.A17.gnm5.ann1_6.MtrunA17Chr4g0034911	MtrunA17Chr4g0034911			medtr.A17.gnm5.MtrunA17Chr4	-	34449972	34455746	-0.743743634797858	0.999999979788073	NS	-1.37167329030909	0.0454748635937595	DOWN
DOWN	A86_A485_shared	medtr.A17.gnm5.ann1_6.MtrunA17Chr4g0044911	MtrunA17Chr4g0044911			medtr.A17.gnm5.MtrunA17Chr4	+	41709272	41710556	-4.11768499506757	0.0139342913984071	DOWN	-9.19841009912889	0.000747438075167556	DOWN
DOWN	A86_A485_shared	medtr.A17.gnm5.ann1_6.MtrunA17Chr4g0055691	MtrunA17Chr4g0055691			medtr.A17.gnm5.MtrunA17Chr4	-	49257296	49259122	-4.59680064774725	0.0022633410528301	DOWN	-8.93635946909596	0.000131038198320314	DOWN
DOWN	A86_A485_shared	medtr.A17.gnm5.ann1_6.MtrunA17Chr4g0042851	MtrunA17Chr4g0042851			medtr.A17.gnm5.MtrunA17Chr4	+	40075386	40077197	-3.4859491843854	0.00628612224308112	DOWN	-8.57010322684175	0.000104067363628005	DOWN
DOWN	A86_A485_shared	medtr.A17.gnm5.ann1_6.MtrunA17Chr2g0328361	MtrunA17Chr2g0328361			medtr.A17.gnm5.MtrunA17Chr2	+	47676865	47678792	-5.46453108862085	0.00625394281792412	DOWN	-7.74724789894859	0.000973516080896538	DOWN
DOWN	A86_A485_shared	medtr.A17.gnm5.ann1_6.MtrunA17Chr8g0387001	MtrunA17Chr8g0387001	MtCYP86A93	Cytochrome P450 monooxygenase	medtr.A17.gnm5.MtrunA17Chr8	-	45195743	45198103	-2.92622516427467	0.0286864814214631	DOWN	-7.44882959263425	0.000524674030319485	DOWN
DOWN	A86_A485_shared	medtr.A17.gnm5.ann1_6.MtrunA17Chr5g0424051	MtrunA17Chr5g0424051			medtr.A17.gnm5.MtrunA17Chr5	+	25975512	25976825	-4.07907884261969	0.0480369505657088	DOWN	-7.28800681900766	0.0067403221465679	DOWN
DOWN	A86_A485_shared	medtr.A17.gnm5.ann1_6.MtrunA17Chr8g0336921	MtrunA17Chr8g0336921			medtr.A17.gnm5.MtrunA17Chr8	-	1956658	1958091	-3.69895111629562	0.0388840949257558	DOWN	-7.28272627421201	0.00348653132317739	DOWN
DOWN	A86_A485_shared	medtr.A17.gnm5.ann1_6.MtrunA17Chr4g0044871	MtrunA17Chr4g0044871			medtr.A17.gnm5.MtrunA17Chr4	+	41677821	41678795	-5.22244023171195	0.000609342564482764	DOWN	-7.18171244532126	5.67927174871725e-05	DOWN
DOWN	A86_A485_shared	medtr.A17.gnm5.ann1_6.MtrunA17Chr4g0022911	MtrunA17Chr4g0022911	MtMYB014	Myeloblastosis (MYB) transcription factor 14	medtr.A17.gnm5.MtrunA17Chr4	-	23114037	23115346	-3.90325013449571	0.0049118636347384	DOWN	-7.10498241114109	8.63682658517288e-05	DOWN
DOWN	A86_A485_shared	medtr.A17.gnm5.ann1_6.MtrunA17Chr5g0398091	MtrunA17Chr5g0398091			medtr.A17.gnm5.MtrunA17Chr5	+	3053588	3054612	-5.80634994101675	0.00445977921108962	DOWN	-6.96012147522807	0.0011487544538329	DOWN
DOWN	A86_A485_shared	medtr.A17.gnm5.ann1_6.MtrunA17Chr5g0398081	MtrunA17Chr5g0398081	MtCBF1	C-REPEAT BINDING FACTOR 1	medtr.A17.gnm5.MtrunA17Chr5	+	3045955	3047362	-4.23298476511802	0.0277724157485838	DOWN	-6.22787037763042	0.00310363316468007	DOWN
DOWN	A86_A485_shared	medtr.A17.gnm5.ann1_6.MtrunA17Chr3g0137171	MtrunA17Chr3g0137171			medtr.A17.gnm5.MtrunA17Chr3	-	52555823	52557232	-3.55756966432816	0.0332704305479091	DOWN	-6.19168168632768	0.002830091075881	DOWN
DOWN	A86_A485_shared	medtr.A17.gnm5.ann1_6.MtrunA17Chr5g0398071	MtrunA17Chr5g0398071			medtr.A17.gnm5.MtrunA17Chr5	-	3036990	3046530	-4.75892659544079	0.0240143266536584	DOWN	-6.18666636386357	0.00477750450436293	DOWN
DOWN	A86_A485_shared	medtr.A17.gnm5.ann1_6.MtrunA17Chr4g0054561	MtrunA17Chr4g0054561			medtr.A17.gnm5.MtrunA17Chr4	-	48349401	48352865	-4.92094561298432	0.000532065648718777	DOWN	-6.12714230652862	4.97475863790191e-05	DOWN
DOWN	A86_A485_shared	medtr.A17.gnm5.ann1_6.MtrunA17Chr2g0328341	MtrunA17Chr2g0328341			medtr.A17.gnm5.MtrunA17Chr2	+	47663181	47665103	-4.55477773336297	0.0191453271035993	DOWN	-6.02215904482964	0.00362542327822551	DOWN
DOWN	A86_A485_shared	medtr.A17.gnm5.ann1_6.MtrunA17Chr4g0013201	MtrunA17Chr4g0013201	MtPrx24	peroxidase	medtr.A17.gnm5.MtrunA17Chr4	-	10652583	10654616	-4.39661481784394	1.2388294285629e-06	DOWN	-5.89113681090427	1.81614946918957e-07	DOWN
DOWN	A86_A485_shared	medtr.A17.gnm5.ann1_6.MtrunA17Chr4g0044881	MtrunA17Chr4g0044881			medtr.A17.gnm5.MtrunA17Chr4	+	41679822	41680936	-4.27243723278656	0.00325086622382491	DOWN	-5.62606474308037	0.000200475726577922	DOWN
DOWN	A86_A485_shared	medtr.A17.gnm5.ann1_6.MtrunA17Chr4g0054551	MtrunA17Chr4g0054551			medtr.A17.gnm5.MtrunA17Chr4	-	48334978	48337843	-4.28846037056784	0.000532065648718777	DOWN	-5.59309728977931	3.52881545825605e-05	DOWN
DOWN	A86_A485_shared	medtr.A17.gnm5.ann1_6.MtrunA17Chr4g0044901	MtrunA17Chr4g0044901			medtr.A17.gnm5.MtrunA17Chr4	+	41694463	41696129	-4.25603326771709	0.00316167726143827	DOWN	-5.56973428538629	0.000219279877458428	DOWN
DOWN	A86_A485_shared	medtr.A17.gnm5.ann1_6.MtrunA17Chr4g0038711	MtrunA17Chr4g0038711			medtr.A17.gnm5.MtrunA17Chr4	-	36956090	36960363	-3.57710752860793	0.0403511772273869	DOWN	-5.43901657299149	0.00215009427662916	DOWN
DOWN	A86_A485_shared	medtr.A17.gnm5.ann1_6.MtrunA17Chr7g0233231	MtrunA17Chr7g0233231			medtr.A17.gnm5.MtrunA17Chr7	-	23685614	23687116	-7.11523055214865	0.00018239410242904	DOWN	-5.25633223801265	9.7433749676864e-05	DOWN
DOWN	A86_A485_shared	medtr.A17.gnm5.ann1_6.MtrunA17Chr3g0090391	MtrunA17Chr3g0090391			medtr.A17.gnm5.MtrunA17Chr3	+	11743259	11744672	-3.91361072688294	0.0126681635801467	DOWN	-5.1913307458836	0.00125739438221997	DOWN
DOWN	A86_A485_shared	medtr.A17.gnm5.ann1_6.MtrunA17Chr5g0427361	MtrunA17Chr5g0427361			medtr.A17.gnm5.MtrunA17Chr5	-	29188029	29189117	-3.17518214116141	0.00878372101116809	DOWN	-5.09608442811349	0.000181289307613797	DOWN
DOWN	A86_A485_shared	medtr.A17.gnm5.ann1_6.MtrunA17Chr1g0208121	MtrunA17Chr1g0208121			medtr.A17.gnm5.MtrunA17Chr1	+	52448221	52452047	-3.1768695883114	0.0021388211571731	DOWN	-4.98772640758721	4.14895410270963e-05	DOWN
DOWN	A86_A485_shared	medtr.A17.gnm5.ann1_6.MtrunA17Chr8g0390681	MtrunA17Chr8g0390681			medtr.A17.gnm5.MtrunA17Chr8	+	47779046	47781907	-4.65527482142334	4.56223524123242e-05	DOWN	-4.92133437178445	7.93048504070137e-06	DOWN
DOWN	A86_A485_shared	medtr.A17.gnm5.ann1_6.MtrunA17Chr1g0154301	MtrunA17Chr1g0154301			medtr.A17.gnm5.MtrunA17Chr1	-	6542048	6544429	-3.0999054757544	0.0117068427024637	DOWN	-4.91814394982577	0.000367855751546661	DOWN
DOWN	A86_A485_shared	medtr.A17.gnm5.ann1_6.MtrunA17Chr1g0195011	MtrunA17Chr1g0195011			medtr.A17.gnm5.MtrunA17Chr1	-	43044538	43045863	-4.36845969427216	0.0264392834608863	DOWN	-4.87356672057168	0.00700106715812014	DOWN
DOWN	A86_A485_shared	medtr.A17.gnm5.ann1_6.MtrunA17Chr8g0343631	MtrunA17Chr8g0343631			medtr.A17.gnm5.MtrunA17Chr8	+	6984389	6988989	-3.69730757482081	0.0457572417711356	DOWN	-4.76577125862985	0.0097454678569612	DOWN
DOWN	A86_A485_shared	medtr.A17.gnm5.ann1_6.MtrunA17Chr2g0301191	MtrunA17Chr2g0301191			medtr.A17.gnm5.MtrunA17Chr2	-	18848691	18849728	-4.66421193479865	0.0174400586718032	DOWN	-4.75542303437897	0.00625848701721679	DOWN
DOWN	A86_A485_shared	medtr.A17.gnm5.ann1_6.MtrunA17Chr5g0396181	MtrunA17Chr5g0396181			medtr.A17.gnm5.MtrunA17Chr5	-	1828249	1828977	-3.64300805734059	0.0182784323754129	DOWN	-4.6588577191175	0.00318379733073628	DOWN
DOWN	A86_A485_shared	medtr.A17.gnm5.ann1_6.MtrunA17Chr6g0488871	MtrunA17Chr6g0488871			medtr.A17.gnm5.MtrunA17Chr6	-	42776810	42777363	-2.50098126398393	0.0390317826179989	DOWN	-4.61745649120453	0.000521990489279851	DOWN
DOWN	A86_A485_shared	medtr.A17.gnm5.ann1_6.MtrunA17Chr3g0115421	MtrunA17Chr3g0115421			medtr.A17.gnm5.MtrunA17Chr3	+	36728181	36729776	-4.90881796003788	0.00202417669986883	DOWN	-4.53876815038927	0.000925185911290088	DOWN
DOWN	A86_A485_shared	medtr.A17.gnm5.ann1_6.MtrunA17Chr4g0063551	MtrunA17Chr4g0063551			medtr.A17.gnm5.MtrunA17Chr4	+	55091536	55095440	-1.95318853367628	0.0470401954287278	DOWN	-4.52432122076892	1.91519176554572e-05	DOWN
DOWN	A86_A485_shared	medtr.A17.gnm5.ann1_6.MtrunA17Chr4g0058101	MtrunA17Chr4g0058101			medtr.A17.gnm5.MtrunA17Chr4	+	51175531	51177105	-3.70534444391509	0.00326111434738614	DOWN	-4.49806764955632	0.000359594035197565	DOWN
DOWN	A86_A485_shared	medtr.A17.gnm5.ann1_6.MtrunA17Chr5g0420471	MtrunA17Chr5g0420471	MtPUB43	Plant U-box protein 43	medtr.A17.gnm5.MtrunA17Chr5	+	20974319	20975971	-2.84937329450663	0.0468504063645377	DOWN	-4.4783156997017	0.00188915411668093	DOWN
DOWN	A86_A485_shared	medtr.A17.gnm5.ann1_6.MtrunA17Chr2g0328381	MtrunA17Chr2g0328381			medtr.A17.gnm5.MtrunA17Chr2	+	47695726	47698046	-3.88046601083521	0.0277724157485838	DOWN	-4.43802879069076	0.0067403221465679	DOWN
DOWN	A86_A485_shared	medtr.A17.gnm5.ann1_6.MtrunA17Chr7g0233211	MtrunA17Chr7g0233211			medtr.A17.gnm5.MtrunA17Chr7	-	23669797	23671367	-5.42237420714253	0.000865325868357233	DOWN	-4.4293720339198	0.000578830023460659	DOWN
DOWN	A86_A485_shared	medtr.A17.gnm5.ann1_6.MtrunA17Chr4g0022901	MtrunA17Chr4g0022901	MtMYB013	Myeloblastosis (MYB) transcription factor 13	medtr.A17.gnm5.MtrunA17Chr4	-	23089069	23090407	-3.34436399077571	0.0410380592979516	DOWN	-4.41355930672075	0.00330366365421414	DOWN
DOWN	A86_A485_shared	medtr.A17.gnm5.ann1_6.MtrunA17Chr2g0301181	MtrunA17Chr2g0301181			medtr.A17.gnm5.MtrunA17Chr2	-	18840982	18842291	-5.38682505084982	0.0151001962282753	DOWN	-4.38509785948357	0.0128775771402011	DOWN
DOWN	A86_A485_shared	medtr.A17.gnm5.ann1_6.MtrunA17Chr8g0348161	MtrunA17Chr8g0348161			medtr.A17.gnm5.MtrunA17Chr8	-	10870463	10872151	-3.54881750925648	0.0163680032153144	DOWN	-4.3797516237018	0.00162331423048456	DOWN
DOWN	A86_A485_shared	medtr.A17.gnm5.ann1_6.MtrunA17Chr6g0464221	MtrunA17Chr6g0464221			medtr.A17.gnm5.MtrunA17Chr6	+	13419789	13425300	-3.79802362366358	0.0457220917251252	DOWN	-4.37230721303715	0.0139317006548853	DOWN
DOWN	A86_A485_shared	medtr.A17.gnm5.ann1_6.MtrunA17Chr4g0038751	MtrunA17Chr4g0038751			medtr.A17.gnm5.MtrunA17Chr4	+	37024232	37026810	-3.48501991497271	0.00285673103122019	DOWN	-4.37179639681398	0.000256775972274186	DOWN
DOWN	A86_A485_shared	medtr.A17.gnm5.ann1_6.MtrunA17Chr2g0332651	MtrunA17Chr2g0332651			medtr.A17.gnm5.MtrunA17Chr2	-	50726335	50727010	-2.96088219867967	0.0159314219729066	DOWN	-4.31266346568867	0.000698275784689078	DOWN
DOWN	A86_A485_shared	medtr.A17.gnm5.ann1_6.MtrunA17Chr8g0354001	MtrunA17Chr8g0354001	MtHYP6	hypothetical protein 6	medtr.A17.gnm5.MtrunA17Chr8	+	15651824	15655520	-3.43798706098018	0.0277724157485838	DOWN	-4.2215611383714	0.0054439862038165	DOWN
DOWN	A86_A485_shared	medtr.A17.gnm5.ann1_6.MtrunA17Chr3g0122031	MtrunA17Chr3g0122031			medtr.A17.gnm5.MtrunA17Chr3	-	41665170	41666965	-3.78366112992603	0.00892398747494566	DOWN	-4.214421756689	0.0019718623837808	DOWN
DOWN	A86_A485_shared	medtr.A17.gnm5.ann1_6.MtrunA17Chr7g0250931	MtrunA17Chr7g0250931			medtr.A17.gnm5.MtrunA17Chr7	-	38303897	38308070	-2.69087791591595	0.0362244522315216	DOWN	-4.20609334798934	0.00140752572903687	DOWN
DOWN	A86_A485_shared	medtr.A17.gnm5.ann1_6.MtrunA17Chr1g0180741	MtrunA17Chr1g0180741			medtr.A17.gnm5.MtrunA17Chr1	+	31877099	31877928	-3.48000965114187	0.0314909515250656	DOWN	-4.15696371581604	0.00668394156114262	DOWN
DOWN	A86_A485_shared	medtr.A17.gnm5.ann1_6.MtrunA17Chr3g0137351	MtrunA17Chr3g0137351			medtr.A17.gnm5.MtrunA17Chr3	+	52677072	52681410	-2.97988456412693	0.0063294271425407	DOWN	-4.11033280460323	0.000300929231480832	DOWN
DOWN	A86_A485_shared	medtr.A17.gnm5.ann1_6.MtrunA17Chr4g0063691	MtrunA17Chr4g0063691			medtr.A17.gnm5.MtrunA17Chr4	+	55170816	55173480	-3.35960153881714	0.0229681208740669	DOWN	-4.09932897379847	0.00422352609807753	DOWN
DOWN	A86_A485_shared	medtr.A17.gnm5.ann1_6.MtrunA17Chr2g0301171	MtrunA17Chr2g0301171			medtr.A17.gnm5.MtrunA17Chr2	-	18835923	18839723	-4.81286472813761	0.0199090409323197	DOWN	-4.02185153106622	0.0172025792566734	DOWN
DOWN	A86_A485_shared	medtr.A17.gnm5.ann1_6.MtrunA17Chr7g0233201	MtrunA17Chr7g0233201			medtr.A17.gnm5.MtrunA17Chr7	-	23665303	23666675	-4.84398546063618	0.0165272618496189	DOWN	-3.98670872617931	0.0133921032607466	DOWN
DOWN	A86_A485_shared	medtr.A17.gnm5.ann1_6.MtrunA17Chr1g0160381	MtrunA17Chr1g0160381			medtr.A17.gnm5.MtrunA17Chr1	+	10856449	10863641	-2.57502382001735	0.00599748584511693	DOWN	-3.9528563488111	6.66291085398962e-05	DOWN
DOWN	A86_A485_shared	medtr.A17.gnm5.ann1_6.MtrunA17Chr4g0070371	MtrunA17Chr4g0070371			medtr.A17.gnm5.MtrunA17Chr4	+	60029624	60030709	-2.7291181616938	0.0290843187203362	DOWN	-3.94198955632383	0.00161483333749731	DOWN
DOWN	A86_A485_shared	medtr.A17.gnm5.ann1_6.MtrunA17Chr4g0056411	MtrunA17Chr4g0056411	MtnsLTP84	non-specific Lipid Transfer Protein	medtr.A17.gnm5.MtrunA17Chr4	-	49795438	49796345	-2.48532451402991	0.0117377115312265	DOWN	-3.91214201676408	8.29119398579954e-05	DOWN
DOWN	A86_A485_shared	medtr.A17.gnm5.ann1_6.MtrunA17Chr1g0162561	MtrunA17Chr1g0162561			medtr.A17.gnm5.MtrunA17Chr1	-	12422584	12427974	-2.64494635012015	0.00356431496475831	DOWN	-3.90539083471763	3.66013356783798e-05	DOWN
DOWN	A86_A485_shared	medtr.A17.gnm5.ann1_6.MtrunA17Chr5g0426441	MtrunA17Chr5g0426441			medtr.A17.gnm5.MtrunA17Chr5	+	28329035	28341346	-4.21452188065905	0.0112018405956169	DOWN	-3.90517100858057	0.00583194708846165	DOWN
DOWN	A86_A485_shared	medtr.A17.gnm5.ann1_6.MtrunA17Chr4g0056371	MtrunA17Chr4g0056371	MtnsLTP80	non-specific Lipid Transfer Protein	medtr.A17.gnm5.MtrunA17Chr4	+	49768877	49770068	-2.95863329739719	0.000598120616069922	DOWN	-3.84654672586147	1.91519176554572e-05	DOWN
DOWN	A86_A485_shared	medtr.A17.gnm5.ann1_6.MtrunA17Chr3g0115991	MtrunA17Chr3g0115991			medtr.A17.gnm5.MtrunA17Chr3	-	37308573	37317046	-3.04260421343849	0.0403511772273869	DOWN	-3.83025180046143	0.0035116942455126	DOWN
DOWN	A86_A485_shared	medtr.A17.gnm5.ann1_6.MtrunA17Chr5g0417701	MtrunA17Chr5g0417701			medtr.A17.gnm5.MtrunA17Chr5	-	18224014	18226842	-2.90119123299088	0.0123208608230698	DOWN	-3.80992958581003	0.000450312619760141	DOWN
DOWN	A86_A485_shared	medtr.A17.gnm5.ann1_6.MtrunA17Chr7g0246461	MtrunA17Chr7g0246461			medtr.A17.gnm5.MtrunA17Chr7	+	35226493	35229627	-2.67190624986015	0.00731575062130689	DOWN	-3.80452650601826	0.000175388256853618	DOWN
DOWN	A86_A485_shared	medtr.A17.gnm5.ann1_6.MtrunA17Chr5g0426311	MtrunA17Chr5g0426311			medtr.A17.gnm5.MtrunA17Chr5	+	28164855	28170718	-6.634462461199	0.0181338574991531	DOWN	-3.76796959312649	0.0329107429559654	DOWN
DOWN	A86_A485_shared	medtr.A17.gnm5.ann1_6.MtrunA17Chr7g0231431	MtrunA17Chr7g0231431	MtCycU2-1	Cyclin U type (BT052177.1)	medtr.A17.gnm5.MtrunA17Chr7	-	21024801	21027780	-4.75484034451243	0.00469258899739259	DOWN	-3.6729050433309	0.00656122957320264	DOWN
DOWN	A86_A485_shared	medtr.A17.gnm5.ann1_6.MtrunA17Chr7g0244931	MtrunA17Chr7g0244931			medtr.A17.gnm5.MtrunA17Chr7	-	34061227	34065463	-2.16514846264708	0.0285718419332608	DOWN	-3.63549987504108	8.29119398579954e-05	DOWN
DOWN	A86_A485_shared	medtr.A17.gnm5.ann1_6.MtrunA17Chr3g0112291	MtrunA17Chr3g0112291			medtr.A17.gnm5.MtrunA17Chr3	+	34321618	34323524	-2.24295758262877	0.0317686409105276	DOWN	-3.62340242790497	0.000282002941975876	DOWN
DOWN	A86_A485_shared	medtr.A17.gnm5.ann1_6.MtrunA17Chr2g0296521	MtrunA17Chr2g0296521			medtr.A17.gnm5.MtrunA17Chr2	-	14868582	14872579	-2.92150545678719	0.0260510813087729	DOWN	-3.60285143464634	0.00306341364637403	DOWN
DOWN	A86_A485_shared	medtr.A17.gnm5.ann1_6.MtrunA17Chr5g0398831	MtrunA17Chr5g0398831	MtnsLTP62	non-specific Lipid Transfer Protein	medtr.A17.gnm5.MtrunA17Chr5	-	3548041	3549230	-3.39109824772842	0.0203977684245107	DOWN	-3.60157470406601	0.00684130269902367	DOWN
DOWN	A86_A485_shared	medtr.A17.gnm5.ann1_6.MtrunA17Chr1g0151391	MtrunA17Chr1g0151391			medtr.A17.gnm5.MtrunA17Chr1	+	4260280	4262089	-2.94467082397839	0.00543187938173382	DOWN	-3.57597509037138	0.000478918706973543	DOWN
DOWN	A86_A485_shared	medtr.A17.gnm5.ann1_6.MtrunA17Chr3g0136211	MtrunA17Chr3g0136211			medtr.A17.gnm5.MtrunA17Chr3	-	51849093	51852903	-2.61803596811663	0.00989208217423088	DOWN	-3.54095385509807	0.00028447585006783	DOWN
DOWN	A86_A485_shared	medtr.A17.gnm5.ann1_6.MtrunA17Chr4g0005651	MtrunA17Chr4g0005651			medtr.A17.gnm5.MtrunA17Chr4	+	4427094	4428969	-2.20784575529314	0.0494547849581926	DOWN	-3.52991811904458	0.000760351908652671	DOWN
DOWN	A86_A485_shared	medtr.A17.gnm5.ann1_6.MtrunA17Chr3g0112141	MtrunA17Chr3g0112141			medtr.A17.gnm5.MtrunA17Chr3	-	34184622	34188402	-3.17087764663844	0.0255777805038152	DOWN	-3.51233693988481	0.00721780191736927	DOWN
DOWN	A86_A485_shared	medtr.A17.gnm5.ann1_6.MtrunA17Chr2g0320251	MtrunA17Chr2g0320251			medtr.A17.gnm5.MtrunA17Chr2	-	41519375	41522492	-3.48516813257953	0.00886464626309422	DOWN	-3.48174915069871	0.00348189448308413	DOWN
DOWN	A86_A485_shared	medtr.A17.gnm5.ann1_6.MtrunA17Chr1g0188171	MtrunA17Chr1g0188171	MtCML10	Calmodulin-like 10	medtr.A17.gnm5.MtrunA17Chr1	+	38048039	38050398	-2.32356922698832	0.0353726455519472	DOWN	-3.4756596475902	0.000784117097996639	DOWN
DOWN	A86_A485_shared	medtr.A17.gnm5.ann1_6.MtrunA17Chr6g0467631	MtrunA17Chr6g0467631			medtr.A17.gnm5.MtrunA17Chr6	-	16560875	16564797	-2.88104190175343	0.0126681635801467	DOWN	-3.47523025754394	0.00151945217408829	DOWN
DOWN	A86_A485_shared	medtr.A17.gnm5.ann1_6.MtrunA17Chr8g0387971	MtrunA17Chr8g0387971			medtr.A17.gnm5.MtrunA17Chr8	+	45979623	45981183	-2.48714741122147	0.038562611885944	DOWN	-3.46941300714061	0.00156699872088663	DOWN
DOWN	A86_A485_shared	medtr.A17.gnm5.ann1_6.MtrunA17Chr2g0328011	MtrunA17Chr2g0328011			medtr.A17.gnm5.MtrunA17Chr2	+	47413110	47416885	-2.69616334824991	0.0148875195063729	DOWN	-3.43698228639438	0.00094439514934725	DOWN
DOWN	A86_A485_shared	medtr.A17.gnm5.ann1_6.MtrunA17Chr3g0116001	MtrunA17Chr3g0116001			medtr.A17.gnm5.MtrunA17Chr3	+	37308575	37309945	-2.65968129088107	0.0335173264994705	DOWN	-3.4040944612984	0.00252159720516267	DOWN
DOWN	A86_A485_shared	medtr.A17.gnm5.ann1_6.MtrunA17Chr1g0210911	MtrunA17Chr1g0210911			medtr.A17.gnm5.MtrunA17Chr1	-	54580489	54584058	-2.30906747278761	0.00701944138964227	DOWN	-3.39831046331549	7.50098917600226e-05	DOWN
DOWN	A86_A485_shared	medtr.A17.gnm5.ann1_6.MtrunA17Chr1g0149281	MtrunA17Chr1g0149281			medtr.A17.gnm5.MtrunA17Chr1	+	2507183	2508800	-2.38444755308667	0.0457684205358721	DOWN	-3.37638183578629	0.00172300005043798	DOWN
DOWN	A86_A485_shared	medtr.A17.gnm5.ann1_6.MtrunA17Chr2g0305061	MtrunA17Chr2g0305061			medtr.A17.gnm5.MtrunA17Chr2	+	23716226	23717514	-2.84433188904071	0.0150065124198469	DOWN	-3.35560326930185	0.00191143080104019	DOWN
DOWN	A86_A485_shared	medtr.A17.gnm5.ann1_6.MtrunA17Chr6g0453921	MtrunA17Chr6g0453921	MtENODL36|MtPCY57	ENOD-like 36|Plantacyanin/Chemocyanin 57	medtr.A17.gnm5.MtrunA17Chr6	-	4177964	4180994	-2.41856186813738	0.0163680032153144	DOWN	-3.34531779123928	0.000407883212677819	DOWN
DOWN	A86_A485_shared	medtr.A17.gnm5.ann1_6.MtrunA17Chr5g0426451	MtrunA17Chr5g0426451			medtr.A17.gnm5.MtrunA17Chr5	-	28340025	28340824	-3.14353859825059	0.0194239729304812	DOWN	-3.34226350916891	0.00535060054496412	DOWN
DOWN	A86_A485_shared	medtr.A17.gnm5.ann1_6.MtrunA17Chr1g0153171	MtrunA17Chr1g0153171	MtWOX4	wuschel-related homeobox protein 4	medtr.A17.gnm5.MtrunA17Chr1	+	5761423	5763093	-3.50718325967844	0.0268486525211067	DOWN	-3.32238099755596	0.0163151082480425	DOWN
DOWN	A86_A485_shared	medtr.A17.gnm5.ann1_6.MtrunA17Chr5g0440601	MtrunA17Chr5g0440601			medtr.A17.gnm5.MtrunA17Chr5	+	39291593	39293390	-2.19538797806041	0.0177585557322138	DOWN	-3.25481509213094	0.000234630494774582	DOWN
DOWN	A86_A485_shared	medtr.A17.gnm5.ann1_6.MtrunA17Chr5g0423841	MtrunA17Chr5g0423841			medtr.A17.gnm5.MtrunA17Chr5	+	25730216	25736169	-2.24398389201659	0.0236145421088035	DOWN	-3.23501271646478	0.000324369846323268	DOWN
DOWN	A86_A485_shared	medtr.A17.gnm5.ann1_6.MtrunA17Chr4g0008271	MtrunA17Chr4g0008271			medtr.A17.gnm5.MtrunA17Chr4	+	6351383	6354593	-4.72047930468108	0.0232814204978048	DOWN	-3.21595370732977	0.0408977253935146	DOWN
DOWN	A86_A485_shared	medtr.A17.gnm5.ann1_6.MtrunA17Chr6g0488881	MtrunA17Chr6g0488881	MtN18	Mtnodulin 18	medtr.A17.gnm5.MtrunA17Chr6	-	42777365	42785598	-2.44520476884363	0.0409029583450571	DOWN	-3.18948761293834	0.00221591859242401	DOWN
DOWN	A86_A485_shared	medtr.A17.gnm5.ann1_6.MtrunA17Chr6g0486441	MtrunA17Chr6g0486441			medtr.A17.gnm5.MtrunA17Chr6	-	40801266	40803865	-2.57087571428316	0.0163844616442755	DOWN	-3.15025465415414	0.00150288515691076	DOWN
DOWN	A86_A485_shared	medtr.A17.gnm5.ann1_6.MtrunA17Chr7g0217801	MtrunA17Chr7g0217801	MtPHO1.4	Phosphate transporter1.1 (export)	medtr.A17.gnm5.MtrunA17Chr7	-	3249401	3256604	-4.14086268830806	0.0317526893101264	DOWN	-3.07582464782916	0.0453798504662417	DOWN
DOWN	A86_A485_shared	medtr.A17.gnm5.ann1_6.MtrunA17Chr1g0168661	MtrunA17Chr1g0168661	MtMYB108	Myeloblastosis (MYB) transcription factor 108	medtr.A17.gnm5.MtrunA17Chr1	-	17513303	17515202	-2.96752805446681	0.0318082414427932	DOWN	-3.06037216393026	0.0113184482457432	DOWN
DOWN	A86_A485_shared	medtr.A17.gnm5.ann1_6.MtrunA17Chr8g0355271	MtrunA17Chr8g0355271			medtr.A17.gnm5.MtrunA17Chr8	-	16808367	16815282	-1.92361914666024	0.0403100452880179	DOWN	-3.01878806233638	0.000112449435518587	DOWN
DOWN	A86_A485_shared	medtr.A17.gnm5.ann1_6.MtrunA17Chr7g0252551	MtrunA17Chr7g0252551			medtr.A17.gnm5.MtrunA17Chr7	-	39436363	39437531	-3.43739128718397	0.0328328317609194	DOWN	-2.98964477067085	0.0291751069631856	DOWN
DOWN	A86_A485_shared	medtr.A17.gnm5.ann1_6.MtrunA17Chr8g0372861	MtrunA17Chr8g0372861			medtr.A17.gnm5.MtrunA17Chr8	-	35215030	35219319	-4.24803577656127	0.0201722393690007	DOWN	-2.98425990665634	0.0353105038105514	DOWN
DOWN	A86_A485_shared	medtr.A17.gnm5.ann1_6.MtrunA17Chr5g0434951	MtrunA17Chr5g0434951	MtCML33	Calmodulin-like 33	medtr.A17.gnm5.MtrunA17Chr5	-	35122058	35123683	-2.96240283448824	0.00228916392984746	DOWN	-2.9589637872626	0.000619972336801233	DOWN
DOWN	A86_A485_shared	medtr.A17.gnm5.ann1_6.MtrunA17Chr4g0056391	MtrunA17Chr4g0056391	MtnsLTP82	non-specific Lipid Transfer Protein	medtr.A17.gnm5.MtrunA17Chr4	-	49781170	49782655	-2.7523100673092	0.00847779459565073	DOWN	-2.95876615781655	0.00137350128977201	DOWN
DOWN	A86_A485_shared	medtr.A17.gnm5.ann1_6.MtrunA17Chr3g0131071	MtrunA17Chr3g0131071			medtr.A17.gnm5.MtrunA17Chr3	+	48086182	48089579	-1.93489869010688	0.0196280377973097	DOWN	-2.91853080520516	5.17944824404958e-05	DOWN
DOWN	A86_A485_shared	medtr.A17.gnm5.ann1_6.MtrunA17Chr4g0071511	MtrunA17Chr4g0071511			medtr.A17.gnm5.MtrunA17Chr4	-	60819104	60819987	-2.04741617418339	0.0346299542373039	DOWN	-2.8879308566398	0.000450312619760141	DOWN
DOWN	A86_A485_shared	medtr.A17.gnm5.ann1_6.MtrunA17Chr4g0025201	MtrunA17Chr4g0025201			medtr.A17.gnm5.MtrunA17Chr4	+	26014294	26020224	-2.06789481008072	0.0131030963017059	DOWN	-2.86692675512892	0.000171102593550154	DOWN
DOWN	A86_A485_shared	medtr.A17.gnm5.ann1_6.MtrunA17Chr4g0051651	MtrunA17Chr4g0051651			medtr.A17.gnm5.MtrunA17Chr4	+	46090817	46095067	-2.93893731469724	0.0117377115312265	DOWN	-2.85319981902862	0.00570161675477536	DOWN
DOWN	A86_A485_shared	medtr.A17.gnm5.ann1_6.MtrunA17Chr4g0051541	MtrunA17Chr4g0051541			medtr.A17.gnm5.MtrunA17Chr4	+	46047748	46049502	-2.68117141970581	0.00711594158223578	DOWN	-2.82979128987741	0.00140752572903687	DOWN
DOWN	A86_A485_shared	medtr.A17.gnm5.ann1_6.MtrunA17Chr6g0469561	MtrunA17Chr6g0469561			medtr.A17.gnm5.MtrunA17Chr6	+	19301159	19312277	-3.35697080001868	0.0432625369110734	DOWN	-2.80489993009798	0.042218887943764	DOWN
DOWN	A86_A485_shared	medtr.A17.gnm5.ann1_6.MtrunA17Chr5g0434591	MtrunA17Chr5g0434591	MtBG4	beta-1,3-Glucanase 4	medtr.A17.gnm5.MtrunA17Chr5	+	34714876	34718589	-3.08517801644984	0.00360600628515225	DOWN	-2.79181453095795	0.00284301167175433	DOWN
DOWN	A86_A485_shared	medtr.A17.gnm5.ann1_6.MtrunA17Chr1g0164461	MtrunA17Chr1g0164461	MtGT-2	trihelix transcription factor (GT) 2	medtr.A17.gnm5.MtrunA17Chr1	-	14263183	14264600	-2.34168271178584	0.0376782980656923	DOWN	-2.79179747693574	0.00388913888451117	DOWN
DOWN	A86_A485_shared	medtr.A17.gnm5.ann1_6.MtrunA17Chr4g0062911	MtrunA17Chr4g0062911			medtr.A17.gnm5.MtrunA17Chr4	+	54586481	54590550	-1.84647040547512	0.0317526893101264	DOWN	-2.78077278498251	8.96989205260176e-05	DOWN
DOWN	A86_A485_shared	medtr.A17.gnm5.ann1_6.MtrunA17Chr4g0071501	MtrunA17Chr4g0071501			medtr.A17.gnm5.MtrunA17Chr4	+	60815439	60820112	-2.27653078748645	0.0134553960375634	DOWN	-2.76629653432147	0.000684910109337433	DOWN
DOWN	A86_A485_shared	medtr.A17.gnm5.ann1_6.MtrunA17Chr1g0199861	MtrunA17Chr1g0199861			medtr.A17.gnm5.MtrunA17Chr1	-	46557715	46561197	-2.84521013296975	0.0355234872663858	DOWN	-2.7545936837331	0.0182157009783496	DOWN
DOWN	A86_A485_shared	medtr.A17.gnm5.ann1_6.MtrunA17Chr4g0053221	MtrunA17Chr4g0053221			medtr.A17.gnm5.MtrunA17Chr4	-	47157734	47161749	-2.62896718363066	0.000896351408036564	DOWN	-2.75437423115593	0.00013302652990158	DOWN
DOWN	A86_A485_shared	medtr.A17.gnm5.ann1_6.MtrunA17Chr7g0233251	MtrunA17Chr7g0233251			medtr.A17.gnm5.MtrunA17Chr7	-	23691401	23692737	-4.08624287857486	0.0091632354252382	DOWN	-2.71845452212278	0.0268523160289569	DOWN
DOWN	A86_A485_shared	medtr.A17.gnm5.ann1_6.MtrunA17Chr4g0025701	MtrunA17Chr4g0025701			medtr.A17.gnm5.MtrunA17Chr4	-	26625350	26627954	-2.61852580069062	0.0191453271035993	DOWN	-2.71164820220217	0.00583194708846165	DOWN
DOWN	A86_A485_shared	medtr.A17.gnm5.ann1_6.MtrunA17Chr1g0194321	MtrunA17Chr1g0194321	MtGA2OX6|MtGA2ox7	GIBBERELLIN 2-OXIDASE 6 |Gibberellin C20-GA2-oxidase 7  (GA inactivation)	medtr.A17.gnm5.MtrunA17Chr1	-	42515035	42518581	-2.32356803408776	0.0474217996549884	DOWN	-2.70846743501633	0.00717603049614533	DOWN
DOWN	A86_A485_shared	medtr.A17.gnm5.ann1_6.MtrunA17Chr6g0469591	MtrunA17Chr6g0469591			medtr.A17.gnm5.MtrunA17Chr6	-	19329593	19331566	-3.30672280367714	0.0240051114005915	DOWN	-2.68034918047942	0.0304625182659556	DOWN
DOWN	A86_A485_shared	medtr.A17.gnm5.ann1_6.MtrunA17Chr2g0286051	MtrunA17Chr2g0286051			medtr.A17.gnm5.MtrunA17Chr2	+	6497950	6503742	-1.90858734778894	0.0417448114488401	DOWN	-2.67047315184384	0.000452407595562208	DOWN
DOWN	A86_A485_shared	medtr.A17.gnm5.ann1_6.MtrunA17Chr8g0338741	MtrunA17Chr8g0338741			medtr.A17.gnm5.MtrunA17Chr8	-	3102136	3104149	-3.65180923190967	0.00136323042287057	DOWN	-2.64393857420329	0.00436519015264624	DOWN
DOWN	A86_A485_shared	medtr.A17.gnm5.ann1_6.MtrunA17Chr3g0135711	MtrunA17Chr3g0135711			medtr.A17.gnm5.MtrunA17Chr3	+	51559451	51560735	-2.34875022400514	0.0448602603394825	DOWN	-2.64009722132448	0.00866380624856997	DOWN
DOWN	A86_A485_shared	medtr.A17.gnm5.ann1_6.MtrunA17Chr7g0249621	MtrunA17Chr7g0249621	MtPLT4|MtBBM	plethora ERF|BABYBOOM	medtr.A17.gnm5.MtrunA17Chr7	-	37380731	37385348	-2.22112417773813	0.0410380592979516	DOWN	-2.63691381010991	0.00466801084481119	DOWN
DOWN	A86_A485_shared	medtr.A17.gnm5.ann1_6.MtrunA17Chr3g0121261	MtrunA17Chr3g0121261			medtr.A17.gnm5.MtrunA17Chr3	-	41175497	41177881	-4.05464216974099	0.000415150211214469	DOWN	-2.60611489996072	0.00296517012282783	DOWN
DOWN	A86_A485_shared	medtr.A17.gnm5.ann1_6.MtrunA17Chr3g0133071	MtrunA17Chr3g0133071			medtr.A17.gnm5.MtrunA17Chr3	+	49681964	49683747	-2.78660810969919	0.000609342564482764	DOWN	-2.5912441442281	0.000294508323451864	DOWN
DOWN	A86_A485_shared	medtr.A17.gnm5.ann1_6.MtrunA17Chr3g0133081	MtrunA17Chr3g0133081			medtr.A17.gnm5.MtrunA17Chr3	-	49682871	49683512	-2.70250346839527	0.00036777767073619	DOWN	-2.57403484475359	0.000112378467684503	DOWN
DOWN	A86_A485_shared	medtr.A17.gnm5.ann1_6.MtrunA17Chr5g0412401	MtrunA17Chr5g0412401			medtr.A17.gnm5.MtrunA17Chr5	+	13828929	13830885	-2.11700406743172	0.0201997651679754	DOWN	-2.56822564803622	0.000782002181851517	DOWN
DOWN	A86_A485_shared	medtr.A17.gnm5.ann1_6.MtrunA17Chr6g0482161	MtrunA17Chr6g0482161			medtr.A17.gnm5.MtrunA17Chr6	-	36828725	36834919	-2.51124887239437	0.0454534834435585	DOWN	-2.54165256642906	0.0188867669701254	DOWN
DOWN	A86_A485_shared	medtr.A17.gnm5.ann1_6.MtrunA17Chr4g0058381	MtrunA17Chr4g0058381			medtr.A17.gnm5.MtrunA17Chr4	-	51371973	51374234	-3.60895833322665	0.0216450381895054	DOWN	-2.5247171639334	0.0488343986829136	DOWN
DOWN	A86_A485_shared	medtr.A17.gnm5.ann1_6.MtrunA17Chr5g0423121	MtrunA17Chr5g0423121			medtr.A17.gnm5.MtrunA17Chr5	+	24878094	24882333	-1.96565804104354	0.0396629854935142	DOWN	-2.48087986101402	0.00140217921534132	DOWN
DOWN	A86_A485_shared	medtr.A17.gnm5.ann1_6.MtrunA17Chr6g0479621	MtrunA17Chr6g0479621			medtr.A17.gnm5.MtrunA17Chr6	+	34248217	34254787	-1.98499154075025	0.0252441397704612	DOWN	-2.4696974914148	0.000738657463278923	DOWN
DOWN	A86_A485_shared	medtr.A17.gnm5.ann1_6.MtrunA17Chr5g0403381	MtrunA17Chr5g0403381	MtLYR3	LYK (LysM domain-RLK)-related 3	medtr.A17.gnm5.MtrunA17Chr5	-	7182707	7185029	-2.65723871188771	0.0437259053925159	DOWN	-2.4650205318	0.0302176758532163	DOWN
DOWN	A86_A485_shared	medtr.A17.gnm5.ann1_6.MtrunA17Chr1g0183761	MtrunA17Chr1g0183761			medtr.A17.gnm5.MtrunA17Chr1	-	34428944	34430884	-1.95394012288857	0.0303468148822258	DOWN	-2.45804553620746	0.000782002181851517	DOWN
DOWN	A86_A485_shared	medtr.A17.gnm5.ann1_6.MtrunA17Chr4g0056511	MtrunA17Chr4g0056511			medtr.A17.gnm5.MtrunA17Chr4	+	49961961	49966766	-1.96004622144452	0.0317526893101264	DOWN	-2.4194319031279	0.00112115493971219	DOWN
DOWN	A86_A485_shared	medtr.A17.gnm5.ann1_6.MtrunA17Chr6g0480181	MtrunA17Chr6g0480181			medtr.A17.gnm5.MtrunA17Chr6	-	35039248	35042822	-2.11048783146253	0.0441691092462683	DOWN	-2.38460724289738	0.00552450319720551	DOWN
DOWN	A86_A485_shared	medtr.A17.gnm5.ann1_6.MtrunA17Chr4g0005661	MtrunA17Chr4g0005661			medtr.A17.gnm5.MtrunA17Chr4	+	4428991	4431411	-2.30648715784556	0.0199183225501128	DOWN	-2.3743469683802	0.00671544814490016	DOWN
DOWN	A86_A485_shared	medtr.A17.gnm5.ann1_6.MtrunA17Chr3g0119821	MtrunA17Chr3g0119821			medtr.A17.gnm5.MtrunA17Chr3	-	40037088	40039799	-2.81134099965878	0.0273677156281659	DOWN	-2.36985689514219	0.033276473122346	DOWN
DOWN	A86_A485_shared	medtr.A17.gnm5.ann1_6.MtrunA17Chr3g0127551	MtrunA17Chr3g0127551			medtr.A17.gnm5.MtrunA17Chr3	+	45572816	45574670	-1.87823804379067	0.0432625369110734	DOWN	-2.35963947515232	0.00200590825422716	DOWN
DOWN	A86_A485_shared	medtr.A17.gnm5.ann1_6.MtrunA17Chr5g0405191	MtrunA17Chr5g0405191			medtr.A17.gnm5.MtrunA17Chr5	+	8431164	8435625	-2.59590179543895	0.00228916392984746	DOWN	-2.33431150056766	0.00201695410753074	DOWN
DOWN	A86_A485_shared	medtr.A17.gnm5.ann1_6.MtrunA17Chr1g0201811	MtrunA17Chr1g0201811			medtr.A17.gnm5.MtrunA17Chr1	-	48101456	48104714	-2.08742086268925	0.0343824537531026	DOWN	-2.33053580899439	0.00439524831041479	DOWN
DOWN	A86_A485_shared	medtr.A17.gnm5.ann1_6.MtrunA17Chr1g0203251	MtrunA17Chr1g0203251			medtr.A17.gnm5.MtrunA17Chr1	+	49157641	49161346	-2.40630117255918	0.0317526893101264	DOWN	-2.30278554002381	0.0192146365351398	DOWN
DOWN	A86_A485_shared	medtr.A17.gnm5.ann1_6.MtrunA17Chr8g0350391	MtrunA17Chr8g0350391			medtr.A17.gnm5.MtrunA17Chr8	-	12490914	12498054	-2.98132796628887	0.0105413605983853	DOWN	-2.24302104042051	0.0270828160422819	DOWN
DOWN	A86_A485_shared	medtr.A17.gnm5.ann1_6.MtrunA17Chr6g0469551	MtrunA17Chr6g0469551			medtr.A17.gnm5.MtrunA17Chr6	-	19299924	19302178	-2.89187272147985	0.0252441397704612	DOWN	-2.23981740287004	0.0489160137345222	DOWN
DOWN	A86_A485_shared	medtr.A17.gnm5.ann1_6.MtrunA17Chr4g0051621	MtrunA17Chr4g0051621			medtr.A17.gnm5.MtrunA17Chr4	+	46077168	46079427	-2.66720939000929	0.0271449616184652	DOWN	-2.23455739839126	0.0370221572455024	DOWN
DOWN	A86_A485_shared	medtr.A17.gnm5.ann1_6.MtrunA17Chr1g0151301	MtrunA17Chr1g0151301			medtr.A17.gnm5.MtrunA17Chr1	-	4201110	4204578	-2.18572803563465	0.00892720020744279	DOWN	-2.22016449854679	0.00260694103276892	DOWN
DOWN	A86_A485_shared	medtr.A17.gnm5.ann1_6.MtrunA17Chr4g0018171	MtrunA17Chr4g0018171			medtr.A17.gnm5.MtrunA17Chr4	+	13374358	13375821	-2.30662952324674	0.038562611885944	DOWN	-2.18450654533684	0.0242946936958752	DOWN
DOWN	A86_A485_shared	medtr.A17.gnm5.ann1_6.MtrunA17Chr4g0075071	MtrunA17Chr4g0075071			medtr.A17.gnm5.MtrunA17Chr4	+	63470594	63474812	-2.09870513537448	0.0109465349584551	DOWN	-2.16321562016316	0.00263562130601322	DOWN
DOWN	A86_A485_shared	medtr.A17.gnm5.ann1_6.MtrunA17Chr2g0329371	MtrunA17Chr2g0329371	MtCML12	Calmodulin-like 12	medtr.A17.gnm5.MtrunA17Chr2	-	48446159	48448048	-2.17062713404094	0.0309213295531309	DOWN	-2.1448667879726	0.0134126666584326	DOWN
DOWN	A86_A485_shared	medtr.A17.gnm5.ann1_6.MtrunA17Chr1g0188041	MtrunA17Chr1g0188041	MtPUB7	Plant U-box protein 7	medtr.A17.gnm5.MtrunA17Chr1	+	37884993	37889767	-2.03935729805399	0.0203977684245107	DOWN	-2.11989259686938	0.0049693044231228	DOWN
DOWN	A86_A485_shared	medtr.A17.gnm5.ann1_6.MtrunA17Chr4g0053411	MtrunA17Chr4g0053411			medtr.A17.gnm5.MtrunA17Chr4	-	47341822	47346213	-1.97443527871198	0.0125196675550858	DOWN	-2.1124113314206	0.00164500864878313	DOWN
DOWN	A86_A485_shared	medtr.A17.gnm5.ann1_6.MtrunA17Chr4g0017241	MtrunA17Chr4g0017241			medtr.A17.gnm5.MtrunA17Chr4	+	12810154	12812887	-2.9697405166934	0.0126681635801467	DOWN	-2.11236139613124	0.0481860203823547	DOWN
DOWN	A86_A485_shared	medtr.A17.gnm5.ann1_6.MtrunA17Chr5g0424901	MtrunA17Chr5g0424901			medtr.A17.gnm5.MtrunA17Chr5	-	26957445	26959039	-2.12856270449608	0.0270406186845687	DOWN	-2.09996711991486	0.0125420089512429	DOWN
DOWN	A86_A485_shared	medtr.A17.gnm5.ann1_6.MtrunA17Chr8g0384611	MtrunA17Chr8g0384611			medtr.A17.gnm5.MtrunA17Chr8	+	43524673	43527364	-2.76767463710698	0.00856721003356347	DOWN	-2.0919544120894	0.0274665062952883	DOWN
DOWN	A86_A485_shared	medtr.A17.gnm5.ann1_6.MtrunA17Chr7g0276041	MtrunA17Chr7g0276041			medtr.A17.gnm5.MtrunA17Chr7	+	55774294	55775528	-2.28473762899686	0.0252441397704612	DOWN	-2.08833740998241	0.0216175377010388	DOWN
DOWN	A86_A485_shared	medtr.A17.gnm5.ann1_6.MtrunA17Chr6g0476331	MtrunA17Chr6g0476331			medtr.A17.gnm5.MtrunA17Chr6	+	31269919	31273185	-2.50233151383978	0.0222238244854217	DOWN	-2.08747668159138	0.0342363717409901	DOWN
DOWN	A86_A485_shared	medtr.A17.gnm5.ann1_6.MtrunA17Chr2g0315251	MtrunA17Chr2g0315251			medtr.A17.gnm5.MtrunA17Chr2	-	37590669	37591531	-2.57565321195154	0.0255777805038152	DOWN	-2.06574214452958	0.046396138964836	DOWN
DOWN	A86_A485_shared	medtr.A17.gnm5.ann1_6.MtrunA17Chr4g0071871	MtrunA17Chr4g0071871			medtr.A17.gnm5.MtrunA17Chr4	+	61068183	61073730	-1.87858032064709	0.0126681635801467	DOWN	-2.06329466916326	0.00129714367487482	DOWN
DOWN	A86_A485_shared	medtr.A17.gnm5.ann1_6.MtrunA17Chr5g0413591	MtrunA17Chr5g0413591			medtr.A17.gnm5.MtrunA17Chr5	+	14775430	14778409	-2.29699042118066	0.00731848863487782	DOWN	-2.02602370169299	0.00870053110614457	DOWN
DOWN	A86_A485_shared	medtr.A17.gnm5.ann1_6.MtrunA17Chr1g0206061	MtrunA17Chr1g0206061			medtr.A17.gnm5.MtrunA17Chr1	-	51161611	51164285	-2.28006720295211	0.00872776678853378	DOWN	-2.00992345371029	0.0102859783488879	DOWN
DOWN	A86_A485_shared	medtr.A17.gnm5.ann1_6.MtrunA17Chr8g0340721	MtrunA17Chr8g0340721			medtr.A17.gnm5.MtrunA17Chr8	-	4453157	4459264	-1.90543339990843	0.0194239729304812	DOWN	-1.96499038293859	0.00490701111055055	DOWN
DOWN	A86_A485_shared	medtr.A17.gnm5.ann1_6.MtrunA17Chr8g0338731	MtrunA17Chr8g0338731			medtr.A17.gnm5.MtrunA17Chr8	-	3083638	3084834	-1.72362756642292	0.0414045110592752	DOWN	-1.94374183675462	0.00437748218319525	DOWN
DOWN	A86_A485_shared	medtr.A17.gnm5.ann1_6.MtrunA17Chr6g0484021	MtrunA17Chr6g0484021			medtr.A17.gnm5.MtrunA17Chr6	-	38569638	38573924	-1.83349532419078	0.0375030703009141	DOWN	-1.79066908385836	0.0190773301905297	DOWN
DOWN	A86_A485_shared	medtr.A17.gnm5.ann1_6.MtrunA17Chr8g0387221	MtrunA17Chr8g0387221			medtr.A17.gnm5.MtrunA17Chr8	+	45335051	45336307	-1.82596116937666	0.0199183225501128	DOWN	-1.768160227459	0.0114241949094202	DOWN
DOWN	A86_A485_shared	medtr.A17.gnm5.ann1_6.MtrunA17Chr2g0322861	MtrunA17Chr2g0322861	MtPrx05	MtRip5|peroxidase	medtr.A17.gnm5.MtrunA17Chr2	+	43537923	43540065	-2.08121776533321	0.0190828042157518	DOWN	-1.75810307680713	0.036722363956473	DOWN
DOWN	A86_A485_shared	medtr.A17.gnm5.ann1_6.MtrunA17Chr1g0200471	MtrunA17Chr1g0200471			medtr.A17.gnm5.MtrunA17Chr1	-	46992813	46996658	-2.19387381752867	0.000865325868357233	DOWN	-1.73639085466237	0.00583194708846165	DOWN
DOWN	A86_A485_shared	medtr.A17.gnm5.ann1_6.MtrunA17Chr2g0300751	MtrunA17Chr2g0300751			medtr.A17.gnm5.MtrunA17Chr2	+	18483084	18486880	-1.76600160903686	0.037962406287011	DOWN	-1.73398612376338	0.0184341523619364	DOWN
DOWN	A86_A485_shared	medtr.A17.gnm5.ann1_6.MtrunA17Chr4g0013401	MtrunA17Chr4g0013401			medtr.A17.gnm5.MtrunA17Chr4	+	10824191	10826343	-1.94219628502511	0.0113690032369573	DOWN	-1.69555367130401	0.0192146365351398	DOWN
DOWN	A86_A485_shared	medtr.A17.gnm5.ann1_6.MtrunA17Chr5g0431581	MtrunA17Chr5g0431581			medtr.A17.gnm5.MtrunA17Chr5	-	32456533	32459734	-1.64217903355931	0.0448235729227577	DOWN	-1.65469023974532	0.0167638860534313	DOWN
DOWN	A86_A485_shared	medtr.A17.gnm5.ann1_6.MtrunA17Chr1g0208501	MtrunA17Chr1g0208501			medtr.A17.gnm5.MtrunA17Chr1	+	52696614	52702144	-1.7387062293273	0.047366886068169	DOWN	-1.63863900040542	0.0353898615433493	DOWN
DOWN	A86_A485_shared	medtr.A17.gnm5.ann1_6.MtrunA17Chr1g0171351	MtrunA17Chr1g0171351			medtr.A17.gnm5.MtrunA17Chr1	+	20122145	20133297	-2.06316848833089	0.00325086622382491	DOWN	-1.55796255129301	0.0341330668227616	DOWN
DOWN	A86_only	medtr.A17.gnm5.ann1_6.MtrunA17Chr2g0290371	MtrunA17Chr2g0290371			medtr.A17.gnm5.MtrunA17Chr2	+	9664544	9665202	-5.68125966836691	0.0359437174131979	DOWN	-3.62901237228508	0.0577377524864532	NS
DOWN	A86_only	medtr.A17.gnm5.ann1_6.MtrunA17Chr6g0469571	MtrunA17Chr6g0469571			medtr.A17.gnm5.MtrunA17Chr6	-	19311977	19312877	-3.93723788949163	0.0456188431249104	DOWN	-2.50585000720075	0.113800644420012	NS
DOWN	A86_only	medtr.A17.gnm5.ann1_6.MtrunA17Chr2g0282691	MtrunA17Chr2g0282691			medtr.A17.gnm5.MtrunA17Chr2	-	4121463	4122678	-3.0213483766992	0.0451023456226807	DOWN	-2.42291234641078	0.0598670167028335	NS
DOWN	A86_only	medtr.A17.gnm5.ann1_6.MtrunA17Chr5g0396941	MtrunA17Chr5g0396941			medtr.A17.gnm5.MtrunA17Chr5	-	2398290	2401463	-3.45266336953913	0.0437003724354266	DOWN	-2.32336133341761	0.108763466215934	NS
DOWN	A86_only	medtr.A17.gnm5.ann1_6.MtrunA17Chr2g0312651	MtrunA17Chr2g0312651			medtr.A17.gnm5.MtrunA17Chr2	+	35506196	35511526	-5.07877629382447	0.0259868071535413	DOWN	-2.27535649209664	0.146837660933346	NS
DOWN	A86_only	medtr.A17.gnm5.ann1_6.MtrunA17Chr1g0185751	MtrunA17Chr1g0185751	MtIPT3	isopentenyl transferase	medtr.A17.gnm5.MtrunA17Chr1	+	36099785	36101336	-3.21000627501999	0.0193567530420037	DOWN	-2.2296959369353	0.0590369704436311	NS
DOWN	A86_only	medtr.A17.gnm5.ann1_6.MtrunA17Chr3g0126321	MtrunA17Chr3g0126321			medtr.A17.gnm5.MtrunA17Chr3	+	44651299	44653603	-2.58304770961314	0.0468504063645377	DOWN	-2.16048256293621	0.0593521508722817	NS
DOWN	A86_only	medtr.A17.gnm5.ann1_6.MtrunA17Chr4g0025741	MtrunA17Chr4g0025741			medtr.A17.gnm5.MtrunA17Chr4	-	26648530	26651654	-3.73229773423265	0.0273677156281659	DOWN	-2.06725463851099	0.156637514379646	NS
DOWN	A86_only	medtr.A17.gnm5.ann1_6.MtrunA17Chr8g0374341	MtrunA17Chr8g0374341			medtr.A17.gnm5.MtrunA17Chr8	+	36362958	36366478	-2.87790772625523	0.0491529906462225	DOWN	-1.99179577709372	0.133996195423072	NS
DOWN	A86_only	medtr.A17.gnm5.ann1_6.MtrunA17Chr4g0072781	MtrunA17Chr4g0072781	MtCAPE15|MtPR-1	CAP-derived peptide|pathogenesis-related protein 1  (TC143335)	medtr.A17.gnm5.MtrunA17Chr4	+	61759010	61760162	-2.48858079365682	0.0301101533056152	DOWN	-1.97214082946769	0.0615096494274187	NS
DOWN	A86_only	medtr.A17.gnm5.ann1_6.MtrunA17Chr5g0443381	MtrunA17Chr5g0443381			medtr.A17.gnm5.MtrunA17Chr5	-	41211956	41215128	-2.87900851791087	0.0135511710476338	DOWN	-1.97031060305111	0.0637649971342659	NS
DOWN	A86_only	medtr.A17.gnm5.ann1_6.MtrunA17Chr2g0298931	MtrunA17Chr2g0298931			medtr.A17.gnm5.MtrunA17Chr2	+	16872516	16876473	-2.27600429434677	0.0439639641125058	DOWN	-1.94619187448172	0.0564947383211745	NS
DOWN	A86_only	medtr.A17.gnm5.ann1_6.MtrunA17Chr2g0313061	MtrunA17Chr2g0313061			medtr.A17.gnm5.MtrunA17Chr2	+	35880150	35885870	-2.15851673988791	0.049012071464196	DOWN	-1.90442834981858	0.0532362355963106	NS
DOWN	A86_only	medtr.A17.gnm5.ann1_6.MtrunA17Chr7g0231451	MtrunA17Chr7g0231451			medtr.A17.gnm5.MtrunA17Chr7	+	21119896	21121572	-2.50150463276659	0.0412018322124097	DOWN	-1.8141471078371	0.125690635667159	NS
DOWN	A86_only	medtr.A17.gnm5.ann1_6.MtrunA17Chr8g0343931	MtrunA17Chr8g0343931			medtr.A17.gnm5.MtrunA17Chr8	+	7219758	7232678	-2.07897264132495	0.0499885335555965	DOWN	-1.80155246215892	0.0639174728837332	NS
DOWN	A86_only	medtr.A17.gnm5.ann1_6.MtrunA17Chr6g0461151	MtrunA17Chr6g0461151			medtr.A17.gnm5.MtrunA17Chr6	+	10410008	10413599	-2.37527050908668	0.0124595156946602	DOWN	-1.79007798437558	0.0537678726012935	NS
DOWN	A86_only	medtr.A17.gnm5.ann1_6.MtrunA17Chr1g0147221	MtrunA17Chr1g0147221			medtr.A17.gnm5.MtrunA17Chr1	-	919953	925639	-3.36148536092658	0.0388277421661238	DOWN	-1.68904407076379	0.297008758150982	NS
DOWN	A86_only	medtr.A17.gnm5.ann1_6.MtrunA17Chr7g0222321	MtrunA17Chr7g0222321			medtr.A17.gnm5.MtrunA17Chr7	-	7517539	7521662	-2.21880482578824	0.0332704305479091	DOWN	-1.68439893942914	0.110278777253552	NS
DOWN	A86_only	medtr.A17.gnm5.ann1_6.MtrunA17Chr4g0021181	MtrunA17Chr4g0021181			medtr.A17.gnm5.MtrunA17Chr4	+	18120354	18120546	-3.14118523689409	0.0123998768173608	DOWN	-1.66183346554167	0.196523142158255	NS
DOWN	A86_only	medtr.A17.gnm5.ann1_6.MtrunA17Chr8g0378761	MtrunA17Chr8g0378761			medtr.A17.gnm5.MtrunA17Chr8	-	39698765	39702522	-3.17166640753304	0.022274208602932	DOWN	-1.62356320406881	0.263864686763769	NS
DOWN	A86_only	medtr.A17.gnm5.ann1_6.MtrunA17Chr1g0165201	MtrunA17Chr1g0165201			medtr.A17.gnm5.MtrunA17Chr1	-	14867850	14870584	-2.0448033562767	0.0355234872663858	DOWN	-1.61318439268483	0.0995895473273045	NS
DOWN	A86_only	medtr.A17.gnm5.ann1_6.MtrunA17Chr7g0214211	MtrunA17Chr7g0214211	MtLAT52/POE_12	Late Anther Tomato52/Pollen Ole e 1 Allergen and Extensin	medtr.A17.gnm5.MtrunA17Chr7	-	375506	376994	-2.23042418721032	0.0488628334359247	DOWN	-1.61103153975457	0.168295280824706	NS
DOWN	A86_only	medtr.A17.gnm5.ann1_6.MtrunA17Chr3g0107861	MtrunA17Chr3g0107861			medtr.A17.gnm5.MtrunA17Chr3	-	31320858	31321314	-3.21092780762851	0.0410380592979516	DOWN	-1.59598825506445	0.342532382470478	NS
DOWN	A86_only	medtr.A17.gnm5.ann1_6.MtrunA17Chr1g0154291	MtrunA17Chr1g0154291			medtr.A17.gnm5.MtrunA17Chr1	+	6536606	6540128	-2.74658352459041	0.0442660079046551	DOWN	-1.59271873855784	0.275290232306529	NS
DOWN	A86_only	medtr.A17.gnm5.ann1_6.MtrunA17Chr5g0404661	MtrunA17Chr5g0404661			medtr.A17.gnm5.MtrunA17Chr5	+	8071476	8074275	-1.86947606361417	0.0285718419332608	DOWN	-1.43500901987013	0.144299065963226	NS
DOWN	A86_only	medtr.A17.gnm5.ann1_6.MtrunA17Chr7g0244571	MtrunA17Chr7g0244571			medtr.A17.gnm5.MtrunA17Chr7	+	33791194	33792996	-1.86321137532324	0.0241778459615835	DOWN	-1.3189729146697	0.244881521827796	NS
DOWN	A86_only	medtr.A17.gnm5.ann1_6.MtrunA17Chr1g0172811	MtrunA17Chr1g0172811			medtr.A17.gnm5.MtrunA17Chr1	+	22020020	22024615	-1.89722702004307	0.0203977684245107	DOWN	-1.21084516440496	0.395385803244302	NS
DOWN	A86_only	medtr.A17.gnm5.ann1_6.MtrunA17Chr7g0244581	MtrunA17Chr7g0244581			medtr.A17.gnm5.MtrunA17Chr7	-	33791640	33791952	-2.37293060533598	0.00638506528435385	DOWN	-1.17858868366793	0.525820628816402	NS
DOWN	A86_only	medtr.A17.gnm5.ann1_6.MtrunA17Chr8g0339091	MtrunA17Chr8g0339091			medtr.A17.gnm5.MtrunA17Chr8	+	3364229	3368050	-2.51608439203612	0.00673538510816863	DOWN	-1.05148040854694	0.786124358876816	NS
DOWN	A86_only	medtr.A17.gnm5.ann1_6.MtrunA17Chr1g0205471	MtrunA17Chr1g0205471			medtr.A17.gnm5.MtrunA17Chr1	-	50674836	50678544	-2.03674617826216	0.0263965273626759	DOWN	-1.0101064662335	0.853110456659001	NS
DOWN	A86_only	medtr.A17.gnm5.ann1_6.MtrunA17Chr3g0089421	MtrunA17Chr3g0089421			medtr.A17.gnm5.MtrunA17Chr3	+	10573611	10578163	-2.65757149666927	0.0468504063645377	DOWN	-0.979316738444323	0.903139052022306	NS
DOWN	A86_only	medtr.A17.gnm5.ann1_6.MtrunA17Chr1g0185201	MtrunA17Chr1g0185201			medtr.A17.gnm5.MtrunA17Chr1	-	35623690	35627245	-1.99466973925992	0.0443405312077581	DOWN	-0.641223545971417	1	NS
DOWN	A86_only	medtr.A17.gnm5.ann1_6.MtrunA17Chr1g0203101	MtrunA17Chr1g0203101			medtr.A17.gnm5.MtrunA17Chr1	+	49009699	49021313	-2.1213156592083	0.0476654606771721	DOWN	-0.610053323645822	1	NS
DOWN	A86_only	medtr.A17.gnm5.ann1_6.MtrunA17Chr1g0187231	MtrunA17Chr1g0187231			medtr.A17.gnm5.MtrunA17Chr1	+	37326763	37327793	-3.09259583298892	0.0252441397704612	DOWN	-0.549766801553656	1	NS
DOWN	A86_only	medtr.A17.gnm5.ann1_6.MtrunA17Chr4g0071161	MtrunA17Chr4g0071161			medtr.A17.gnm5.MtrunA17Chr4	-	60626361	60627535	-2.31796485544914	0.047366886068169	DOWN	-0.389961476291454	1	NS
DOWN	A86_only	medtr.A17.gnm5.ann1_6.MtrunA17Chr6g0476611	MtrunA17Chr6g0476611			medtr.A17.gnm5.MtrunA17Chr6	-	31403978	31408774	-2.30496053832856	0.0328328317609194	DOWN	-0.344181325596764	1	NS
UP	A485_only	medtr.A17.gnm5.ann1_6.MtrunA17Chr2g0288931	MtrunA17Chr2g0288931	MtSTIG/GRI_5	Stigma1 / GRI	medtr.A17.gnm5.MtrunA17Chr2	-	8574507	8575110	4.52334971913882	0.266418915890687	NS	9.04073692926029	1.00540501673144e-05	UP
UP	A485_only	medtr.A17.gnm5.ann1_6.MtrunA17Chr5g0425361	MtrunA17Chr5g0425361			medtr.A17.gnm5.MtrunA17Chr5	-	27364071	27369785	5.658181287759	0.150011363189824	NS	9.01911047001271	4.97475863790191e-05	UP
UP	A485_only	medtr.A17.gnm5.ann1_6.MtrunA17Chr4g0066581	MtrunA17Chr4g0066581	MtESL16_2|MtESL2.3	Sugar transporter ERD6-like|early-responsive to dehydration six-like	medtr.A17.gnm5.MtrunA17Chr4	+	57270936	57274888	4.33682434794867	0.999999979788073	NS	8.54522532617307	0.0296283417332403	UP
UP	A485_only	medtr.A17.gnm5.ann1_6.MtrunA17Chr8g0373961	MtrunA17Chr8g0373961			medtr.A17.gnm5.MtrunA17Chr8	-	36077867	36080316	1.90495146493969	0.999999979788073	NS	8.06892905844913	0.0009443099216155	UP
UP	A485_only	medtr.A17.gnm5.ann1_6.MtrunA17Chr4g0030371	MtrunA17Chr4g0030371			medtr.A17.gnm5.MtrunA17Chr4	-	31016408	31017101	5.199165261877	0.0937356501608772	NS	8.01555515223136	7.24010921030619e-05	UP
UP	A485_only	medtr.A17.gnm5.ann1_6.MtrunA17Chr8g0350091	MtrunA17Chr8g0350091			medtr.A17.gnm5.MtrunA17Chr8	-	12250176	12253707	4.12937333076659	0.876269892816259	NS	7.68009262856679	0.00306341364637403	UP
UP	A485_only	medtr.A17.gnm5.ann1_6.MtrunA17Chr3g0125611	MtrunA17Chr3g0125611			medtr.A17.gnm5.MtrunA17Chr3	+	44116337	44121774	3.53052627709855	0.951631017896361	NS	7.66135275982152	0.000967126802321884	UP
UP	A485_only	medtr.A17.gnm5.ann1_6.MtrunA17Chr1g0187201	MtrunA17Chr1g0187201	MtSubIn4	Subtilisin inhibitor	medtr.A17.gnm5.MtrunA17Chr1	+	37302349	37302970	6.37467766758598	0.0506576040728033	NS	7.63913441576461	0.00150377986422198	UP
UP	A485_only	medtr.A17.gnm5.ann1_6.MtrunA17Chr2g0284581	MtrunA17Chr2g0284581			medtr.A17.gnm5.MtrunA17Chr2	+	5430869	5434164	3.20601883029314	0.999999979788073	NS	7.47150813998981	0.00142387856669806	UP
UP	A485_only	medtr.A17.gnm5.ann1_6.MtrunA17Chr5g0410321	MtrunA17Chr5g0410321			medtr.A17.gnm5.MtrunA17Chr5	+	11916257	11919984	4.1257912278285	0.636581005879209	NS	7.41855608924258	0.00161483333749731	UP
UP	A485_only	medtr.A17.gnm5.ann1_6.MtrunA17Chr8g0336711	MtrunA17Chr8g0336711			medtr.A17.gnm5.MtrunA17Chr8	-	1872608	1873556	6.56683182898727	0.12007692672005	NS	7.41653541284926	0.0128775771402011	UP
UP	A485_only	medtr.A17.gnm5.ann1_6.MtrunA17Chr7g0276301	MtrunA17Chr7g0276301			medtr.A17.gnm5.MtrunA17Chr7	-	55885297	55888744	0	0.999999979788073	NS	7.33569790471373	0.0350015142929557	UP
UP	A485_only	medtr.A17.gnm5.ann1_6.MtrunA17Chr5g0408431	MtrunA17Chr5g0408431			medtr.A17.gnm5.MtrunA17Chr5	+	10582932	10586099	5.08575683543068	0.373620552451092	NS	7.05860246818297	0.0103867565426763	UP
UP	A485_only	medtr.A17.gnm5.ann1_6.MtrunA17Chr1g0204671	MtrunA17Chr1g0204671			medtr.A17.gnm5.MtrunA17Chr1	+	50112659	50114138	0	0.999999979788073	NS	6.98640654064266	0.0131401455047245	UP
UP	A485_only	medtr.A17.gnm5.ann1_6.MtrunA17Chr5g0442291	MtrunA17Chr5g0442291	MtSubIn11	Subtilisin inhibitor	medtr.A17.gnm5.MtrunA17Chr5	-	40490384	40491086	4.1257912278285	0.540756311938702	NS	6.9123442601329	0.00296517012282783	UP
UP	A485_only	medtr.A17.gnm5.ann1_6.MtrunA17Chr1g0197981	MtrunA17Chr1g0197981			medtr.A17.gnm5.MtrunA17Chr1	+	45044702	45045825	5.93486184052508	0.269464354293862	NS	6.80123479855364	0.0400358567214336	UP
UP	A485_only	medtr.A17.gnm5.ann1_6.MtrunA17Chr8g0336721	MtrunA17Chr8g0336721			medtr.A17.gnm5.MtrunA17Chr8	-	1873563	1874173	6.06736486822883	0.0696152817323335	NS	6.75791310588789	0.00848176000985549	UP
UP	A485_only	medtr.A17.gnm5.ann1_6.MtrunA17Chr8g0391091	MtrunA17Chr8g0391091			medtr.A17.gnm5.MtrunA17Chr8	-	48050655	48052385	4.68483333010582	0.0735072017632526	NS	6.71022934519568	0.000281985078659765	UP
UP	A485_only	medtr.A17.gnm5.ann1_6.MtrunA17Chr2g0293131	MtrunA17Chr2g0293131			medtr.A17.gnm5.MtrunA17Chr2	-	12010638	12013299	0	0.999999979788073	NS	6.62574171086944	0.0361797524992481	UP
UP	A485_only	medtr.A17.gnm5.ann1_6.MtrunA17Chr5g0399371	MtrunA17Chr5g0399371			medtr.A17.gnm5.MtrunA17Chr5	+	3951145	3953693	3.20698793938224	0.999999979788073	NS	6.62434513663323	0.00460303690044085	UP
UP	A485_only	medtr.A17.gnm5.ann1_6.MtrunA17Chr3g0138351	MtrunA17Chr3g0138351			medtr.A17.gnm5.MtrunA17Chr3	+	53286574	53288876	3.58455134360982	0.789020429022855	NS	6.61946574285833	0.00500238605193934	UP
UP	A485_only	medtr.A17.gnm5.ann1_6.MtrunA17Chr3g0101631	MtrunA17Chr3g0101631	MtCYP71D75	Cytochrome P450 monooxygenase	medtr.A17.gnm5.MtrunA17Chr3	+	26114877	26117677	4.96459145865561	0.508727439852871	NS	6.52625745792994	0.0387284784327537	UP
UP	A485_only	medtr.A17.gnm5.ann1_6.MtrunA17Chr1g0203781	MtrunA17Chr1g0203781			medtr.A17.gnm5.MtrunA17Chr1	-	49483969	49484430	3.88070147773041	0.593317432802575	NS	6.42956549268238	0.00552450319720551	UP
UP	A485_only	medtr.A17.gnm5.ann1_6.MtrunA17Chr1g0182001	MtrunA17Chr1g0182001			medtr.A17.gnm5.MtrunA17Chr1	+	32982145	32987237	3.58448988491067	0.999999979788073	NS	6.42748781299623	0.0376896229424813	UP
UP	A485_only	medtr.A17.gnm5.ann1_6.MtrunA17Chr5g0438441	MtrunA17Chr5g0438441	MtNodGRP39	Nodule-specific Glycine-rich	medtr.A17.gnm5.MtrunA17Chr5	-	37609474	37612950	4.77588060123976	0.100261775792636	NS	6.29566374400229	0.00156673718713096	UP
UP	A485_only	medtr.A17.gnm5.ann1_6.MtrunA17Chr2g0316031	MtrunA17Chr2g0316031			medtr.A17.gnm5.MtrunA17Chr2	-	38224440	38229706	3.58179439682472	0.866529616240851	NS	6.13418023277895	0.0168630622666833	UP
UP	A485_only	medtr.A17.gnm5.ann1_6.MtrunA17Chr1g0168471	MtrunA17Chr1g0168471			medtr.A17.gnm5.MtrunA17Chr1	-	17333851	17335521	4.33682434794867	0.539654542013931	NS	6.13320868803576	0.0239296503855125	UP
UP	A485_only	medtr.A17.gnm5.ann1_6.MtrunA17Chr3g0121931	MtrunA17Chr3g0121931			medtr.A17.gnm5.MtrunA17Chr3	-	41564863	41571172	3.2088659237192	0.887433409898017	NS	6.06992114695357	0.00968263708780865	UP
UP	A485_only	medtr.A17.gnm5.ann1_6.MtrunA17Chr7g0232571	MtrunA17Chr7g0232571			medtr.A17.gnm5.MtrunA17Chr7	+	22877151	22877753	5.57652930581766	0.121885489706883	NS	6.06720606849941	0.0245604904016468	UP
UP	A485_only	medtr.A17.gnm5.ann1_6.MtrunA17Chr4g0074681	MtrunA17Chr4g0074681	MtSUT1.3	sucrose transporter	medtr.A17.gnm5.MtrunA17Chr4	+	63253077	63256196	2.40468591017613	0.600285062831021	NS	6.03849459864329	0.0002049002660876	UP
UP	A485_only	medtr.A17.gnm5.ann1_6.MtrunA17Chr8g0371891	MtrunA17Chr8g0371891			medtr.A17.gnm5.MtrunA17Chr8	+	34507788	34508586	3.72981952916854	0.187976591053169	NS	6.03484500689215	0.000340788791312232	UP
UP	A485_only	medtr.A17.gnm5.ann1_6.MtrunA17Chr7g0264401	MtrunA17Chr7g0264401			medtr.A17.gnm5.MtrunA17Chr7	-	47955707	47956237	4.12585141132152	0.375507073085854	NS	5.9967235741296	0.00775622927069866	UP
UP	A485_only	medtr.A17.gnm5.ann1_6.MtrunA17Chr5g0417321	MtrunA17Chr5g0417321			medtr.A17.gnm5.MtrunA17Chr5	+	17923036	17925191	3.46063186663091	0.628028391415042	NS	5.9403262999113	0.00537971210184771	UP
UP	A485_only	medtr.A17.gnm5.ann1_6.MtrunA17Chr2g0318341	MtrunA17Chr2g0318341	MtRC6	Root Cap 6	medtr.A17.gnm5.MtrunA17Chr2	-	39984994	39986971	3.43479531213748	0.269377197888429	NS	5.88515885220466	0.000448941987893498	UP
UP	A485_only	medtr.A17.gnm5.ann1_6.MtrunA17Chr6g0482021	MtrunA17Chr6g0482021	MtKunitz17	Kunitz-P Trypsin Inhibitor	medtr.A17.gnm5.MtrunA17Chr6	+	36731677	36732276	0.826373674058507	0.999999979788073	NS	5.8312123829591	0.00355664606540776	UP
UP	A485_only	medtr.A17.gnm5.ann1_6.MtrunA17Chr2g0307321	MtrunA17Chr2g0307321			medtr.A17.gnm5.MtrunA17Chr2	+	29850959	29853032	5.05244711589306	0.136808504763285	NS	5.81599643623584	0.0159470703638598	UP
UP	A485_only	medtr.A17.gnm5.ann1_6.MtrunA17Chr1g0158021	MtrunA17Chr1g0158021			medtr.A17.gnm5.MtrunA17Chr1	+	9111557	9113796	3.72790757152577	0.581150399362099	NS	5.81143941498137	0.0115240725799695	UP
UP	A485_only	medtr.A17.gnm5.ann1_6.MtrunA17Chr8g0350081	MtrunA17Chr8g0350081			medtr.A17.gnm5.MtrunA17Chr8	-	12247293	12250174	3.12141403487321	0.387548518178067	NS	5.77381537795571	0.000358254215262931	UP
UP	A485_only	medtr.A17.gnm5.ann1_6.MtrunA17Chr2g0295111	MtrunA17Chr2g0295111			medtr.A17.gnm5.MtrunA17Chr2	+	13608587	13610171	4.52248612484993	0.270593902421635	NS	5.76956933542322	0.0169738360059966	UP
UP	A485_only	medtr.A17.gnm5.ann1_6.MtrunA17Chr2g0285141	MtrunA17Chr2g0285141	MtS40	Putative senescence regulator S40	medtr.A17.gnm5.MtrunA17Chr2	+	5762763	5763663	3.62291995029397	0.235256458493197	NS	5.73108768846041	0.000991329167914514	UP
UP	A485_only	medtr.A17.gnm5.ann1_6.MtrunA17Chr8g0361401	MtrunA17Chr8g0361401			medtr.A17.gnm5.MtrunA17Chr8	-	25742337	25743892	2.79424920953637	0.236613806445214	NS	5.68706927465051	0.000559631807888504	UP
UP	A485_only	medtr.A17.gnm5.ann1_6.MtrunA17Chr3g0112251	MtrunA17Chr3g0112251			medtr.A17.gnm5.MtrunA17Chr3	-	34267774	34272085	5.93556599012979	0.0697083240728625	NS	5.68317225498914	0.0475340568347543	UP
UP	A485_only	medtr.A17.gnm5.ann1_6.MtrunA17Chr5g0442131	MtrunA17Chr5g0442131			medtr.A17.gnm5.MtrunA17Chr5	-	40370788	40374595	2.74169522462533	0.995191367901992	NS	5.60838012985914	0.00599224368904105	UP
UP	A485_only	medtr.A17.gnm5.ann1_6.MtrunA17Chr1g0167741	MtrunA17Chr1g0167741	MtPT1	phosphate transporter	medtr.A17.gnm5.MtrunA17Chr1	+	16589071	16591700	-0.462502879789711	0.999999979788073	NS	5.601531350822	4.14895410270963e-05	UP
UP	A485_only	medtr.A17.gnm5.ann1_6.MtrunA17Chr8g0339681	MtrunA17Chr8g0339681	MtPDF58	Plant Defensin	medtr.A17.gnm5.MtrunA17Chr8	-	3712007	3713973	2.64020365499396	0.550251259440284	NS	5.59536024662487	0.000203362772017185	UP
UP	A485_only	medtr.A17.gnm5.ann1_6.MtrunA17Chr1g0169971	MtrunA17Chr1g0169971			medtr.A17.gnm5.MtrunA17Chr1	+	18620787	18621879	0.923885285424291	0.999999979788073	NS	5.53678583388335	0.00961815894215313	UP
UP	A485_only	medtr.A17.gnm5.ann1_6.MtrunA17Chr8g0377241	MtrunA17Chr8g0377241			medtr.A17.gnm5.MtrunA17Chr8	-	38602379	38605124	3.71530523548444	0.0800001994332318	NS	5.46063235198995	0.00230818717760901	UP
UP	A485_only	medtr.A17.gnm5.ann1_6.MtrunA17Chr7g0239341	MtrunA17Chr7g0239341			medtr.A17.gnm5.MtrunA17Chr7	-	29378870	29380530	4.06348253349783	0.11983627735342	NS	5.37504543956763	0.00238002026139206	UP
UP	A485_only	medtr.A17.gnm5.ann1_6.MtrunA17Chr6g0458171	MtrunA17Chr6g0458171			medtr.A17.gnm5.MtrunA17Chr6	+	7742920	7743822	3.21166560926727	0.0892563407900885	NS	5.34786145497892	6.91833562937451e-05	UP
UP	A485_only	medtr.A17.gnm5.ann1_6.MtrunA17Chr1g0195501	MtrunA17Chr1g0195501			medtr.A17.gnm5.MtrunA17Chr1	+	43399587	43406814	2.9148807152662	0.809958249974645	NS	5.31036851185856	0.00825561245199842	UP
UP	A485_only	medtr.A17.gnm5.ann1_6.MtrunA17Chr3g0117991	MtrunA17Chr3g0117991			medtr.A17.gnm5.MtrunA17Chr3	+	38778043	38781452	2.01166831099322	0.999999979788073	NS	5.28915696495296	0.0025311255501125	UP
UP	A485_only	medtr.A17.gnm5.ann1_6.MtrunA17Chr0c04g0492031	MtrunA17Chr0c04g0492031			medtr.A17.gnm5.MtrunA17Chr0c04	-	120573	123281	4.11283098410061	0.0501072120941237	NS	5.26804406366252	0.000988910057922671	UP
UP	A485_only	medtr.A17.gnm5.ann1_6.MtrunA17Chr6g0483131	MtrunA17Chr6g0483131			medtr.A17.gnm5.MtrunA17Chr6	-	37681284	37684398	3.90508271095537	0.240854496070424	NS	5.23680535586933	0.00820353597557725	UP
UP	A485_only	medtr.A17.gnm5.ann1_6.MtrunA17Chr5g0432351	MtrunA17Chr5g0432351	MtPrx70	peroxidase	medtr.A17.gnm5.MtrunA17Chr5	-	33060542	33062658	2.2357449106778	0.373620552451092	NS	5.21741294868458	9.99602200153189e-05	UP
UP	A485_only	medtr.A17.gnm5.ann1_6.MtrunA17Chr3g0095321	MtrunA17Chr3g0095321			medtr.A17.gnm5.MtrunA17Chr3	+	18688126	18691384	1.36034418915405	0.999999979788073	NS	5.14451381338926	0.000254562969877198	UP
UP	A485_only	medtr.A17.gnm5.ann1_6.MtrunA17Chr7g0273321	MtrunA17Chr7g0273321	MtHPT8	Histidine PhosphoTransfer protein 8	medtr.A17.gnm5.MtrunA17Chr7	+	54060624	54063478	2.4864140794065	0.14237547255545	NS	5.13903090746651	9.7433749676864e-05	UP
UP	A485_only	medtr.A17.gnm5.ann1_6.MtrunA17Chr4g0063501	MtrunA17Chr4g0063501			medtr.A17.gnm5.MtrunA17Chr4	-	55063623	55064658	2.58656169066124	0.305085338392639	NS	5.07757871480582	0.000191471947339009	UP
UP	A485_only	medtr.A17.gnm5.ann1_6.MtrunA17Chr8g0392881	MtrunA17Chr8g0392881			medtr.A17.gnm5.MtrunA17Chr8	-	49341059	49342436	4.64693195375806	0.0699507750152871	NS	5.00500376144628	0.0142289725858245	UP
UP	A485_only	medtr.A17.gnm5.ann1_6.MtrunA17Chr1g0150461	MtrunA17Chr1g0150461			medtr.A17.gnm5.MtrunA17Chr1	-	3484401	3485638	2.25613960777999	0.999999979788073	NS	5.0043254039463	0.0275815732965291	UP
UP	A485_only	medtr.A17.gnm5.ann1_6.MtrunA17Chr4g0028221	MtrunA17Chr4g0028221			medtr.A17.gnm5.MtrunA17Chr4	-	29178358	29181436	3.16739045798574	0.481307733405013	NS	4.98537646307823	0.0079831928055586	UP
UP	A485_only	medtr.A17.gnm5.ann1_6.MtrunA17Chr2g0300101	MtrunA17Chr2g0300101			medtr.A17.gnm5.MtrunA17Chr2	-	17906626	17908752	4.06583226377814	0.243982553766878	NS	4.96358385899253	0.0228219817280231	UP
UP	A485_only	medtr.A17.gnm5.ann1_6.MtrunA17Chr1g0195511	MtrunA17Chr1g0195511			medtr.A17.gnm5.MtrunA17Chr1	-	43405821	43406427	2.73573557883861	0.5314474327311	NS	4.93565662052814	0.00207370676862032	UP
UP	A485_only	medtr.A17.gnm5.ann1_6.MtrunA17Chr5g0442871	MtrunA17Chr5g0442871			medtr.A17.gnm5.MtrunA17Chr5	+	40872685	40873343	2.53875793663731	0.67399020593552	NS	4.92928627147817	0.001865879455724	UP
UP	A485_only	medtr.A17.gnm5.ann1_6.MtrunA17Chr7g0232551	MtrunA17Chr7g0232551			medtr.A17.gnm5.MtrunA17Chr7	-	22874891	22876041	1.33551592715296	0.999999979788073	NS	4.83940397516404	0.0363051416362367	UP
UP	A485_only	medtr.A17.gnm5.ann1_6.MtrunA17Chr3g0131601	MtrunA17Chr3g0131601			medtr.A17.gnm5.MtrunA17Chr3	-	48458608	48460794	2.63281753166497	0.418234735668984	NS	4.80153858955459	0.00115187528531951	UP
UP	A485_only	medtr.A17.gnm5.ann1_6.MtrunA17Chr2g0299251	MtrunA17Chr2g0299251			medtr.A17.gnm5.MtrunA17Chr2	-	17215982	17217334	4.41082106749554	0.152943868014866	NS	4.79591178333701	0.0366930028980339	UP
UP	A485_only	medtr.A17.gnm5.ann1_6.MtrunA17Chr3g0082831	MtrunA17Chr3g0082831	MtPSN1	peptide suppressing nodulation	medtr.A17.gnm5.MtrunA17Chr3	-	4592380	4593528	3.85696203098711	0.21837762080543	NS	4.79587562298636	0.0176663619805696	UP
UP	A485_only	medtr.A17.gnm5.ann1_6.MtrunA17Chr3g0078521	MtrunA17Chr3g0078521			medtr.A17.gnm5.MtrunA17Chr3	+	1096401	1101566	2.96089230326685	0.534593427708174	NS	4.79424743235905	0.00758896557554529	UP
UP	A485_only	medtr.A17.gnm5.ann1_6.MtrunA17Chr4g0033201	MtrunA17Chr4g0033201			medtr.A17.gnm5.MtrunA17Chr4	+	33136611	33140846	2.48787757383994	0.073632293039288	NS	4.75452784646592	5.48065917805312e-05	UP
UP	A485_only	medtr.A17.gnm5.ann1_6.MtrunA17Chr7g0243431	MtrunA17Chr7g0243431			medtr.A17.gnm5.MtrunA17Chr7	-	32670602	32673383	3.61652665768035	0.147942822908048	NS	4.72920999504524	0.0049693044231228	UP
UP	A485_only	medtr.A17.gnm5.ann1_6.MtrunA17Chr3g0095351	MtrunA17Chr3g0095351			medtr.A17.gnm5.MtrunA17Chr3	+	18696195	18699670	0.984351301538759	0.999999979788073	NS	4.7238397291128	0.00843477563366886	UP
UP	A485_only	medtr.A17.gnm5.ann1_6.MtrunA17Chr2g0315821	MtrunA17Chr2g0315821			medtr.A17.gnm5.MtrunA17Chr2	-	38044215	38045670	2.46702764647458	0.999999979788073	NS	4.70682539010435	0.0340300797382704	UP
UP	A485_only	medtr.A17.gnm5.ann1_6.MtrunA17Chr3g0084081	MtrunA17Chr3g0084081			medtr.A17.gnm5.MtrunA17Chr3	-	5625755	5629449	3.61885557503628	0.310142345209372	NS	4.70423464692618	0.0211062110418931	UP
UP	A485_only	medtr.A17.gnm5.ann1_6.MtrunA17Chr3g0129061	MtrunA17Chr3g0129061			medtr.A17.gnm5.MtrunA17Chr3	+	46656032	46657836	2.4064486771824	0.386962900375025	NS	4.70220009789831	0.000294508323451864	UP
UP	A485_only	medtr.A17.gnm5.ann1_6.MtrunA17Chr7g0239431	MtrunA17Chr7g0239431			medtr.A17.gnm5.MtrunA17Chr7	-	29444096	29444422	2.32242542301267	0.790071154120313	NS	4.68060089514926	0.00422370529314677	UP
UP	A485_only	medtr.A17.gnm5.ann1_6.MtrunA17Chr8g0386331	MtrunA17Chr8g0386331			medtr.A17.gnm5.MtrunA17Chr8	-	44792666	44796646	1.96921068428074	0.0892563407900885	NS	4.64295549030577	1.11129199703892e-05	UP
UP	A485_only	medtr.A17.gnm5.ann1_6.MtrunA17Chr3g0140051	MtrunA17Chr3g0140051			medtr.A17.gnm5.MtrunA17Chr3	+	54531963	54535360	2.52823934673758	0.759129588109137	NS	4.64014451414116	0.00823683346863713	UP
UP	A485_only	medtr.A17.gnm5.ann1_6.MtrunA17Chr4g0053621	MtrunA17Chr4g0053621	MtCYP81E58	Cytochrome P450 monooxygenase	medtr.A17.gnm5.MtrunA17Chr4	-	47515822	47519684	3.35054242967021	0.0887397598989716	NS	4.61846198600969	0.00162331423048456	UP
UP	A485_only	medtr.A17.gnm5.ann1_6.MtrunA17Chr8g0345641	MtrunA17Chr8g0345641			medtr.A17.gnm5.MtrunA17Chr8	+	8619223	8620622	3.09126168956303	0.319161129336682	NS	4.60892445572267	0.00438888707668517	UP
UP	A485_only	medtr.A17.gnm5.ann1_6.MtrunA17Chr1g0187221	MtrunA17Chr1g0187221	MtSubIn5	Subtilisin inhibitor	medtr.A17.gnm5.MtrunA17Chr1	+	37320598	37321864	1.74835801429783	0.999999979788073	NS	4.59077082566209	0.00277072447928682	UP
UP	A485_only	medtr.A17.gnm5.ann1_6.MtrunA17Chr8g0347101	MtrunA17Chr8g0347101			medtr.A17.gnm5.MtrunA17Chr8	+	10084109	10088250	3.05821177523168	0.11268906522546	NS	4.58323170702604	0.000815392536933489	UP
UP	A485_only	medtr.A17.gnm5.ann1_6.MtrunA17Chr4g0019001	MtrunA17Chr4g0019001			medtr.A17.gnm5.MtrunA17Chr4	-	14349964	14350876	2.63823424447579	0.21837762080543	NS	4.57701773591112	0.000349193110838985	UP
UP	A485_only	medtr.A17.gnm5.ann1_6.MtrunA17Chr2g0295131	MtrunA17Chr2g0295131			medtr.A17.gnm5.MtrunA17Chr2	+	13613393	13614427	1.69072763077833	0.513574757191603	NS	4.56147754785056	5.80054355395288e-05	UP
UP	A485_only	medtr.A17.gnm5.ann1_6.MtrunA17Chr5g0398681	MtrunA17Chr5g0398681			medtr.A17.gnm5.MtrunA17Chr5	+	3454215	3457319	1.35645833759234	0.999999979788073	NS	4.53991973203979	0.000470240578665118	UP
UP	A485_only	medtr.A17.gnm5.ann1_6.MtrunA17Chr6g0483911	MtrunA17Chr6g0483911			medtr.A17.gnm5.MtrunA17Chr6	+	38403655	38404557	1.66251472195646	0.999999979788073	NS	4.53413236784744	0.00144332806956966	UP
UP	A485_only	medtr.A17.gnm5.ann1_6.MtrunA17Chr2g0280381	MtrunA17Chr2g0280381			medtr.A17.gnm5.MtrunA17Chr2	-	2500742	2502635	2.42659945440832	0.542468430590703	NS	4.49453151068304	0.00188123056563703	UP
UP	A485_only	medtr.A17.gnm5.ann1_6.MtrunA17Chr3g0111241	MtrunA17Chr3g0111241	MtLegin7	Leginsulin 7	medtr.A17.gnm5.MtrunA17Chr3	-	33596413	33597541	2.50477734320438	0.184466349791638	NS	4.44655020388634	0.00102181411598956	UP
UP	A485_only	medtr.A17.gnm5.ann1_6.MtrunA17Chr2g0324591	MtrunA17Chr2g0324591			medtr.A17.gnm5.MtrunA17Chr2	+	44753729	44756694	2.02888303122182	0.336202214616544	NS	4.43444030148757	0.00014046671651889	UP
UP	A485_only	medtr.A17.gnm5.ann1_6.MtrunA17Chr3g0107731	MtrunA17Chr3g0107731			medtr.A17.gnm5.MtrunA17Chr3	+	31269455	31271099	2.71516160676466	0.0502946672441125	NS	4.39591280983792	0.000297348433337536	UP
UP	A485_only	medtr.A17.gnm5.ann1_6.MtrunA17Chr4g0043181	MtrunA17Chr4g0043181			medtr.A17.gnm5.MtrunA17Chr4	-	40298623	40298900	3.21212277590237	0.253181728358295	NS	4.3856052193032	0.00977834148550381	UP
UP	A485_only	medtr.A17.gnm5.ann1_6.MtrunA17Chr5g0424211	MtrunA17Chr5g0424211			medtr.A17.gnm5.MtrunA17Chr5	+	26144019	26149762	2.9566034407647	0.0694469969421685	NS	4.37154735081066	0.000510310678587432	UP
UP	A485_only	medtr.A17.gnm5.ann1_6.MtrunA17Chr8g0334821	MtrunA17Chr8g0334821			medtr.A17.gnm5.MtrunA17Chr8	+	496257	501050	2.93281193667854	0.574175534689342	NS	4.32670084414774	0.0292558540211455	UP
UP	A485_only	medtr.A17.gnm5.ann1_6.MtrunA17Chr3g0139251	MtrunA17Chr3g0139251			medtr.A17.gnm5.MtrunA17Chr3	-	53991885	53993412	3.76521673684651	0.084527181500744	NS	4.32626159860799	0.0098180128820858	UP
UP	A485_only	medtr.A17.gnm5.ann1_6.MtrunA17Chr3g0095331	MtrunA17Chr3g0095331			medtr.A17.gnm5.MtrunA17Chr3	+	18691386	18694111	0.55299771337983	0.999999979788073	NS	4.32262153849338	0.00757933815453789	UP
UP	A485_only	medtr.A17.gnm5.ann1_6.MtrunA17Chr2g0288451	MtrunA17Chr2g0288451			medtr.A17.gnm5.MtrunA17Chr2	+	8233158	8234652	1.86089075716259	0.999999979788073	NS	4.28882109277303	0.00445754837501209	UP
UP	A485_only	medtr.A17.gnm5.ann1_6.MtrunA17Chr3g0111211	MtrunA17Chr3g0111211			medtr.A17.gnm5.MtrunA17Chr3	+	33588925	33592779	2.9311767037726	0.110946445752399	NS	4.26408244726234	0.00180051641218591	UP
UP	A485_only	medtr.A17.gnm5.ann1_6.MtrunA17Chr2g0277481	MtrunA17Chr2g0277481			medtr.A17.gnm5.MtrunA17Chr2	-	533802	534779	0.0401371772084651	0.999999979788073	NS	4.25278159036269	0.00583194708846165	UP
UP	A485_only	medtr.A17.gnm5.ann1_6.MtrunA17Chr1g0200491	MtrunA17Chr1g0200491			medtr.A17.gnm5.MtrunA17Chr1	+	47019714	47021727	1.63471769788491	0.803371241924634	NS	4.25224541342805	0.00153616176863039	UP
UP	A485_only	medtr.A17.gnm5.ann1_6.MtrunA17Chr1g0209701	MtrunA17Chr1g0209701			medtr.A17.gnm5.MtrunA17Chr1	+	53566509	53567398	3.48254385292645	0.142053853875987	NS	4.24337053375492	0.0125364945216918	UP
UP	A485_only	medtr.A17.gnm5.ann1_6.MtrunA17Chr3g0095341	MtrunA17Chr3g0095341			medtr.A17.gnm5.MtrunA17Chr3	+	18694357	18695844	-0.790986236890389	0.999999979788073	NS	4.23137720240396	0.00445754837501209	UP
UP	A485_only	medtr.A17.gnm5.ann1_6.MtrunA17Chr3g0095361	MtrunA17Chr3g0095361			medtr.A17.gnm5.MtrunA17Chr3	+	18700057	18702226	1.18833635569736	0.999999979788073	NS	4.2216218691012	0.000534320769694669	UP
UP	A485_only	medtr.A17.gnm5.ann1_6.MtrunA17Chr5g0396771	MtrunA17Chr5g0396771			medtr.A17.gnm5.MtrunA17Chr5	-	2278567	2280279	1.46437887332463	0.999999979788073	NS	4.20966386862047	0.00495814823829112	UP
UP	A485_only	medtr.A17.gnm5.ann1_6.MtrunA17Chr2g0318761	MtrunA17Chr2g0318761			medtr.A17.gnm5.MtrunA17Chr2	-	40221401	40222215	1.79582040661234	0.999999979788073	NS	4.20285154299441	0.0401988500307297	UP
UP	A485_only	medtr.A17.gnm5.ann1_6.MtrunA17Chr8g0336811	MtrunA17Chr8g0336811			medtr.A17.gnm5.MtrunA17Chr8	-	1897708	1898859	3.70158721845522	0.144583483861812	NS	4.19776276118417	0.0236294304210041	UP
UP	A485_only	medtr.A17.gnm5.ann1_6.MtrunA17Chr3g0141661	MtrunA17Chr3g0141661			medtr.A17.gnm5.MtrunA17Chr3	+	55799001	55800164	1.63459226292931	0.377430254422451	NS	4.18306052762566	4.47533419986364e-05	UP
UP	A485_only	medtr.A17.gnm5.ann1_6.MtrunA17Chr4g0035261	MtrunA17Chr4g0035261			medtr.A17.gnm5.MtrunA17Chr4	-	34716165	34717379	2.01670595837089	0.291701604210982	NS	4.18045267966779	0.000252628150727118	UP
UP	A485_only	medtr.A17.gnm5.ann1_6.MtrunA17Chr3g0130601	MtrunA17Chr3g0130601			medtr.A17.gnm5.MtrunA17Chr3	+	47723261	47725612	3.07481902318886	0.215954611758957	NS	4.17968668182015	0.00686489481774873	UP
UP	A485_only	medtr.A17.gnm5.ann1_6.MtrunA17Chr5g0405611	MtrunA17Chr5g0405611			medtr.A17.gnm5.MtrunA17Chr5	+	8829644	8831686	2.49575249100557	0.39755262258776	NS	4.17537657645422	0.00247555341705268	UP
UP	A485_only	medtr.A17.gnm5.ann1_6.MtrunA17Chr4g0029961	MtrunA17Chr4g0029961			medtr.A17.gnm5.MtrunA17Chr4	+	30604961	30606107	2.92513133400591	0.378012997010358	NS	4.17071373022076	0.0183791084927672	UP
UP	A485_only	medtr.A17.gnm5.ann1_6.MtrunA17Chr3g0090571	MtrunA17Chr3g0090571	MtLegin13	Leginsulin	medtr.A17.gnm5.MtrunA17Chr3	+	11963206	11964482	2.45914794226888	0.338347391850849	NS	4.17054729284134	0.003450419831749	UP
UP	A485_only	medtr.A17.gnm5.ann1_6.MtrunA17Chr3g0124581	MtrunA17Chr3g0124581			medtr.A17.gnm5.MtrunA17Chr3	+	43302930	43303474	2.40022890638212	0.473649018445422	NS	4.121251680778	0.00353844714832282	UP
UP	A485_only	medtr.A17.gnm5.ann1_6.MtrunA17Chr3g0103721	MtrunA17Chr3g0103721			medtr.A17.gnm5.MtrunA17Chr3	-	28035749	28035822	0.714525799743406	0.999999979788073	NS	4.11562461030601	0.0312699031022163	UP
UP	A485_only	medtr.A17.gnm5.ann1_6.MtrunA17Chr2g0278581	MtrunA17Chr2g0278581			medtr.A17.gnm5.MtrunA17Chr2	-	1259780	1263788	1.69137141332664	0.26033341336163	NS	4.09611776151924	2.29074552298738e-05	UP
UP	A485_only	medtr.A17.gnm5.ann1_6.MtrunA17Chr4g0072851	MtrunA17Chr4g0072851			medtr.A17.gnm5.MtrunA17Chr4	+	61791581	61798408	1.79282005302933	0.139884556533036	NS	4.07574551812363	2.28350336008198e-05	UP
UP	A485_only	medtr.A17.gnm5.ann1_6.MtrunA17Chr4g0044761	MtrunA17Chr4g0044761			medtr.A17.gnm5.MtrunA17Chr4	+	41552667	41556215	0.946202206318988	0.999999979788073	NS	4.07344983372079	0.000274226291656117	UP
UP	A485_only	medtr.A17.gnm5.ann1_6.MtrunA17Chr4g0040611	MtrunA17Chr4g0040611			medtr.A17.gnm5.MtrunA17Chr4	-	38506878	38512900	2.14102502565557	0.0739727551080612	NS	4.05316043753405	1.91519176554572e-05	UP
UP	A485_only	medtr.A17.gnm5.ann1_6.MtrunA17Chr1g0167761	MtrunA17Chr1g0167761	MtPT2	phosphate transporter	medtr.A17.gnm5.MtrunA17Chr1	+	16627043	16631223	1.18362425723661	0.999999979788073	NS	4.04394691720771	0.00141345264351164	UP
UP	A485_only	medtr.A17.gnm5.ann1_6.MtrunA17Chr8g0343011	MtrunA17Chr8g0343011	MtLOX4	lipoxygenase (TC100162)	medtr.A17.gnm5.MtrunA17Chr8	-	6459187	6463721	2.32905919997588	0.0707212854416559	NS	4.02189245228943	0.000303740023425426	UP
UP	A485_only	medtr.A17.gnm5.ann1_6.MtrunA17Chr2g0309341	MtrunA17Chr2g0309341			medtr.A17.gnm5.MtrunA17Chr2	+	32111121	32118670	2.16412422074685	0.0629206955673683	NS	4.02110158916224	9.12825337396404e-05	UP
UP	A485_only	medtr.A17.gnm5.ann1_6.MtrunA17Chr5g0446141	MtrunA17Chr5g0446141			medtr.A17.gnm5.MtrunA17Chr5	+	42835275	42835769	2.4258004703885	0.61330526614125	NS	4.01093380982972	0.0104352886848584	UP
UP	A485_only	medtr.A17.gnm5.ann1_6.MtrunA17Chr3g0089161	MtrunA17Chr3g0089161			medtr.A17.gnm5.MtrunA17Chr3	-	10331922	10334289	3.2031255328576	0.169898302004784	NS	4.00233227134959	0.015542087460812	UP
UP	A485_only	medtr.A17.gnm5.ann1_6.MtrunA17Chr4g0029921	MtrunA17Chr4g0029921			medtr.A17.gnm5.MtrunA17Chr4	-	30570969	30573586	1.87993411468942	0.955873271777854	NS	3.99803463446579	0.00867078040350968	UP
UP	A485_only	medtr.A17.gnm5.ann1_6.MtrunA17Chr7g0235121	MtrunA17Chr7g0235121			medtr.A17.gnm5.MtrunA17Chr7	-	25528628	25528923	2.73843316334856	0.215153534595034	NS	3.960802898453	0.00391623760605799	UP
UP	A485_only	medtr.A17.gnm5.ann1_6.MtrunA17Chr4g0038281	MtrunA17Chr4g0038281			medtr.A17.gnm5.MtrunA17Chr4	+	36646478	36646921	2.33831737164839	0.379794768901214	NS	3.95061705463157	0.00284301167175433	UP
UP	A485_only	medtr.A17.gnm5.ann1_6.MtrunA17Chr4g0069361	MtrunA17Chr4g0069361	MtABAB16	ATP-Binding-Cassette (ABC) transporter typeB (P-glycoprotein (MDR/PGP/ABCB) efflux/conditional auxin transporter)	medtr.A17.gnm5.MtrunA17Chr4	+	59277927	59284316	1.44762334264495	0.553975497907725	NS	3.92037865339388	4.5955300470195e-05	UP
UP	A485_only	medtr.A17.gnm5.ann1_6.MtrunA17Chr8g0369601	MtrunA17Chr8g0369601			medtr.A17.gnm5.MtrunA17Chr8	+	32806375	32808337	2.74891772681811	0.057794732162138	NS	3.90462416613941	0.000548577615249727	UP
UP	A485_only	medtr.A17.gnm5.ann1_6.MtrunA17Chr5g0422311	MtrunA17Chr5g0422311			medtr.A17.gnm5.MtrunA17Chr5	-	23917680	23917892	1.83082294781386	0.861526656910829	NS	3.89876462186542	0.00532897562142973	UP
UP	A485_only	medtr.A17.gnm5.ann1_6.MtrunA17Chr3g0140421	MtrunA17Chr3g0140421			medtr.A17.gnm5.MtrunA17Chr3	+	54806494	54807590	3.6193604949957	0.078642649984104	NS	3.89137300946047	0.0186186201316424	UP
UP	A485_only	medtr.A17.gnm5.ann1_6.MtrunA17Chr5g0411621	MtrunA17Chr5g0411621	MtSTR2	stunted arbuscule 2	medtr.A17.gnm5.MtrunA17Chr5	+	13142126	13146251	1.33495918809557	0.999999979788073	NS	3.89087900689041	0.00108953749123908	UP
UP	A485_only	medtr.A17.gnm5.ann1_6.MtrunA17Chr1g0159531	MtrunA17Chr1g0159531			medtr.A17.gnm5.MtrunA17Chr1	-	10197985	10200736	1.81141846444479	0.214602609354009	NS	3.88743215749189	8.83391499664596e-05	UP
UP	A485_only	medtr.A17.gnm5.ann1_6.MtrunA17Chr2g0308921	MtrunA17Chr2g0308921			medtr.A17.gnm5.MtrunA17Chr2	-	31771098	31771931	3.11263796571014	0.0892563407900885	NS	3.88735971977787	0.00420002696767936	UP
UP	A485_only	medtr.A17.gnm5.ann1_6.MtrunA17Chr8g0372671	MtrunA17Chr8g0372671			medtr.A17.gnm5.MtrunA17Chr8	-	35096803	35099596	2.11167767227566	0.286051146905122	NS	3.88640535059021	0.000649775879892035	UP
UP	A485_only	medtr.A17.gnm5.ann1_6.MtrunA17Chr7g0224561	MtrunA17Chr7g0224561	MtCYP93B11	Cytochrome P450 monooxygenase	medtr.A17.gnm5.MtrunA17Chr7	-	9835836	9838308	1.79013183494979	0.809704775440915	NS	3.84149006065504	0.00289785208879452	UP
UP	A485_only	medtr.A17.gnm5.ann1_6.MtrunA17Chr1g0197281	MtrunA17Chr1g0197281			medtr.A17.gnm5.MtrunA17Chr1	+	44525632	44527478	2.47448190256759	0.318530061318956	NS	3.84005236097158	0.00527913073183017	UP
UP	A485_only	medtr.A17.gnm5.ann1_6.MtrunA17Chr6g0453161	MtrunA17Chr6g0453161			medtr.A17.gnm5.MtrunA17Chr6	+	3501076	3507323	1.97923290616499	0.990502411289949	NS	3.83652076716557	0.0230951120420214	UP
UP	A485_only	medtr.A17.gnm5.ann1_6.MtrunA17Chr2g0304591	MtrunA17Chr2g0304591			medtr.A17.gnm5.MtrunA17Chr2	+	22988318	22990374	1.11825336595483	0.999999979788073	NS	3.83267732193059	0.00086301438061398	UP
UP	A485_only	medtr.A17.gnm5.ann1_6.MtrunA17Chr6g0477281	MtrunA17Chr6g0477281	MtKunitz44	Kunitz-P Trypsin Inhibitor	medtr.A17.gnm5.MtrunA17Chr6	-	32063763	32064606	3.99441021341819	0.0584155529162225	NS	3.82779592762939	0.0313670579947086	UP
UP	A485_only	medtr.A17.gnm5.ann1_6.MtrunA17Chr3g0078531	MtrunA17Chr3g0078531			medtr.A17.gnm5.MtrunA17Chr3	+	1121807	1129112	2.7284484311892	0.174263174320444	NS	3.82348895711525	0.0044923847135484	UP
UP	A485_only	medtr.A17.gnm5.ann1_6.MtrunA17Chr5g0414781	MtrunA17Chr5g0414781			medtr.A17.gnm5.MtrunA17Chr5	-	15730525	15731771	3.21975096957366	0.0523605351391775	NS	3.82227398684359	0.00343210525498979	UP
UP	A485_only	medtr.A17.gnm5.ann1_6.MtrunA17Chr8g0369081	MtrunA17Chr8g0369081			medtr.A17.gnm5.MtrunA17Chr8	+	32399259	32405803	1.87415959140394	0.139404065462866	NS	3.78422656049031	9.87927064054251e-05	UP
UP	A485_only	medtr.A17.gnm5.ann1_6.MtrunA17Chr2g0299221	MtrunA17Chr2g0299221			medtr.A17.gnm5.MtrunA17Chr2	-	17209769	17210354	2.1459269928705	0.124590841447048	NS	3.7699213743519	0.000179144080482747	UP
UP	A485_only	medtr.A17.gnm5.ann1_6.MtrunA17Chr5g0427811	MtrunA17Chr5g0427811			medtr.A17.gnm5.MtrunA17Chr5	-	29528229	29532255	1.59982546002485	0.686416904772107	NS	3.7640639594965	0.00380576983886482	UP
UP	A485_only	medtr.A17.gnm5.ann1_6.MtrunA17Chr1g0158771	MtrunA17Chr1g0158771			medtr.A17.gnm5.MtrunA17Chr1	+	9557968	9560918	1.64997172196515	0.999999979788073	NS	3.74288326102226	0.0080758130421697	UP
UP	A485_only	medtr.A17.gnm5.ann1_6.MtrunA17Chr8g0384661	MtrunA17Chr8g0384661			medtr.A17.gnm5.MtrunA17Chr8	-	43557497	43560376	2.6874820099976	0.179150388186312	NS	3.73785624933378	0.00371875447112488	UP
UP	A485_only	medtr.A17.gnm5.ann1_6.MtrunA17Chr4g0059581	MtrunA17Chr4g0059581			medtr.A17.gnm5.MtrunA17Chr4	-	52195707	52198838	1.97895108867644	0.948361790973512	NS	3.72988845982408	0.0236294304210041	UP
UP	A485_only	medtr.A17.gnm5.ann1_6.MtrunA17Chr7g0223501	MtrunA17Chr7g0223501			medtr.A17.gnm5.MtrunA17Chr7	+	8743747	8745154	2.19131519887096	0.330745022195014	NS	3.72681844401581	0.00354562139604333	UP
UP	A485_only	medtr.A17.gnm5.ann1_6.MtrunA17Chr7g0216931	MtrunA17Chr7g0216931			medtr.A17.gnm5.MtrunA17Chr7	-	2467802	2471298	1.54358361403256	0.832546282407219	NS	3.71601816065018	0.00108953749123908	UP
UP	A485_only	medtr.A17.gnm5.ann1_6.MtrunA17Chr1g0182041	MtrunA17Chr1g0182041			medtr.A17.gnm5.MtrunA17Chr1	-	33041287	33043259	2.66639208723623	0.195041685202283	NS	3.71222726575424	0.0108291042323485	UP
UP	A485_only	medtr.A17.gnm5.ann1_6.MtrunA17Chr7g0273511	MtrunA17Chr7g0273511			medtr.A17.gnm5.MtrunA17Chr7	+	54138994	54139818	1.36005216051789	0.968129391175225	NS	3.68805862209069	0.000517614811490852	UP
UP	A485_only	medtr.A17.gnm5.ann1_6.MtrunA17Chr4g0041481	MtrunA17Chr4g0041481	MtCP8	cystein protease 8	medtr.A17.gnm5.MtrunA17Chr4	-	39141087	39143010	0.443408233445112	0.999999979788073	NS	3.68347259305329	0.0443223489434614	UP
UP	A485_only	medtr.A17.gnm5.ann1_6.MtrunA17Chr5g0412711	MtrunA17Chr5g0412711			medtr.A17.gnm5.MtrunA17Chr5	-	14109705	14111076	1.18210034074279	0.978964071381883	NS	3.67191559258446	2.63198820303407e-05	UP
UP	A485_only	medtr.A17.gnm5.ann1_6.MtrunA17Chr8g0345631	MtrunA17Chr8g0345631			medtr.A17.gnm5.MtrunA17Chr8	-	8619203	8622174	1.7947274918073	0.999999979788073	NS	3.67107016219827	0.0366657438210652	UP
UP	A485_only	medtr.A17.gnm5.ann1_6.MtrunA17Chr1g0187691	MtrunA17Chr1g0187691			medtr.A17.gnm5.MtrunA17Chr1	-	37617247	37617866	3.39255369706528	0.129589919142175	NS	3.66870256712794	0.0323783313089939	UP
UP	A485_only	medtr.A17.gnm5.ann1_6.MtrunA17Chr5g0446491	MtrunA17Chr5g0446491	MtNF-YB17	nuclear factor Y subunit B17	medtr.A17.gnm5.MtrunA17Chr5	+	43058730	43059701	2.95191586835693	0.0892563407900885	NS	3.66439200566229	0.00689075227281119	UP
UP	A485_only	medtr.A17.gnm5.ann1_6.MtrunA17Chr1g0185461	MtrunA17Chr1g0185461			medtr.A17.gnm5.MtrunA17Chr1	+	35879509	35880610	3.28616882505004	0.165353978957077	NS	3.655305660034	0.0381997461985873	UP
UP	A485_only	medtr.A17.gnm5.ann1_6.MtrunA17Chr2g0279831	MtrunA17Chr2g0279831			medtr.A17.gnm5.MtrunA17Chr2	-	2129520	2130131	2.89822118634589	0.0776798633108103	NS	3.65125463348928	0.00355664606540776	UP
UP	A485_only	medtr.A17.gnm5.ann1_6.MtrunA17Chr3g0128391	MtrunA17Chr3g0128391	MtABAB11|MtABCB20	ATP-Binding-Cassette (ABC) transporter typeB (P-glycoprotein (MDR/PGP/ABCB) efflux/conditional auxin transporter)	medtr.A17.gnm5.MtrunA17Chr3	-	46152046	46154805	1.14630590425298	0.999999979788073	NS	3.6491041864062	0.0218664827830563	UP
UP	A485_only	medtr.A17.gnm5.ann1_6.MtrunA17Chr4g0045701	MtrunA17Chr4g0045701			medtr.A17.gnm5.MtrunA17Chr4	+	42301834	42302463	1.29121033042846	0.999999979788073	NS	3.64816428732878	0.0432397308826027	UP
UP	A485_only	medtr.A17.gnm5.ann1_6.MtrunA17Chr2g0313761	MtrunA17Chr2g0313761	MtCYP72A66	Cytochrome P450 monooxygenase	medtr.A17.gnm5.MtrunA17Chr2	+	36412482	36417826	1.2356527429038	0.999999979788073	NS	3.64688962051764	0.00675185710204271	UP
UP	A485_only	medtr.A17.gnm5.ann1_6.MtrunA17Chr3g0078321	MtrunA17Chr3g0078321			medtr.A17.gnm5.MtrunA17Chr3	+	938358	940411	2.07170541643355	0.599190594100328	NS	3.64671091733137	0.00917861520256211	UP
UP	A485_only	medtr.A17.gnm5.ann1_6.MtrunA17Chr4g0042141	MtrunA17Chr4g0042141			medtr.A17.gnm5.MtrunA17Chr4	-	39570750	39572693	2.33921742258144	0.0852291686082017	NS	3.64245939017874	0.000349193110838985	UP
UP	A485_only	medtr.A17.gnm5.ann1_6.MtrunA17Chr2g0291501	MtrunA17Chr2g0291501			medtr.A17.gnm5.MtrunA17Chr2	+	10672423	10678715	1.20397838854682	0.999999979788073	NS	3.62910300280904	0.000155464583522067	UP
UP	A485_only	medtr.A17.gnm5.ann1_6.MtrunA17Chr7g0239691	MtrunA17Chr7g0239691			medtr.A17.gnm5.MtrunA17Chr7	+	29652035	29652418	2.00899960031525	0.999999979788073	NS	3.62170085608518	0.0456824323062533	UP
UP	A485_only	medtr.A17.gnm5.ann1_6.MtrunA17Chr7g0240991	MtrunA17Chr7g0240991			medtr.A17.gnm5.MtrunA17Chr7	+	30727353	30731205	1.77297361747199	0.0774735470194492	NS	3.61512487448191	1.00540501673144e-05	UP
UP	A485_only	medtr.A17.gnm5.ann1_6.MtrunA17Chr6g0449141	MtrunA17Chr6g0449141			medtr.A17.gnm5.MtrunA17Chr6	+	226729	228794	2.98270872836722	0.244667885678103	NS	3.60381122046534	0.0387009865878397	UP
UP	A485_only	medtr.A17.gnm5.ann1_6.MtrunA17Chr2g0279841	MtrunA17Chr2g0279841			medtr.A17.gnm5.MtrunA17Chr2	-	2138006	2138932	2.14953084778018	0.16887844645167	NS	3.60179337503178	0.000387059968317294	UP
UP	A485_only	medtr.A17.gnm5.ann1_6.MtrunA17Chr7g0246221	MtrunA17Chr7g0246221	MtCYP76E22	Cytochrome P450 monooxygenase	medtr.A17.gnm5.MtrunA17Chr7	-	35029826	35033661	1.69597612860457	0.909940875359263	NS	3.59346440709157	0.00820353597557725	UP
UP	A485_only	medtr.A17.gnm5.ann1_6.MtrunA17Chr1g0211361	MtrunA17Chr1g0211361	PP2AB'1	protein phosphatase 2A 57 kDa regulatory subunit B' (KC859637)	medtr.A17.gnm5.MtrunA17Chr1	-	54932186	54934155	2.83210141323146	0.123915212817096	NS	3.58981118302071	0.00750631935523132	UP
UP	A485_only	medtr.A17.gnm5.ann1_6.MtrunA17Chr8g0385761	MtrunA17Chr8g0385761			medtr.A17.gnm5.MtrunA17Chr8	-	44312181	44314545	0.606290513376314	0.999999979788073	NS	3.58956529328074	0.000252628150727118	UP
UP	A485_only	medtr.A17.gnm5.ann1_6.MtrunA17Chr2g0315841	MtrunA17Chr2g0315841			medtr.A17.gnm5.MtrunA17Chr2	+	38047499	38049782	1.00276548471044	0.999999979788073	NS	3.58293138876864	1.65875517776237e-05	UP
UP	A485_only	medtr.A17.gnm5.ann1_6.MtrunA17Chr5g0409821	MtrunA17Chr5g0409821			medtr.A17.gnm5.MtrunA17Chr5	-	11504122	11507780	1.51115796940892	0.48897055784304	NS	3.57472883653995	9.37712403876679e-05	UP
UP	A485_only	medtr.A17.gnm5.ann1_6.MtrunA17Chr4g0065911	MtrunA17Chr4g0065911			medtr.A17.gnm5.MtrunA17Chr4	-	56879938	56881410	2.19018930663915	0.0893197738217183	NS	3.55893396286753	0.000460531217170494	UP
UP	A485_only	medtr.A17.gnm5.ann1_6.MtrunA17Chr0c04g0492001	MtrunA17Chr0c04g0492001			medtr.A17.gnm5.MtrunA17Chr0c04	+	44875	47702	2.39289513196425	0.37794773954475	NS	3.5541885785769	0.0112617798349354	UP
UP	A485_only	medtr.A17.gnm5.ann1_6.MtrunA17Chr1g0158761	MtrunA17Chr1g0158761			medtr.A17.gnm5.MtrunA17Chr1	-	9552626	9556027	1.35634750804783	0.999999979788073	NS	3.54614517384745	0.015390188953357	UP
UP	A485_only	medtr.A17.gnm5.ann1_6.MtrunA17Chr1g0151671	MtrunA17Chr1g0151671			medtr.A17.gnm5.MtrunA17Chr1	-	4461117	4461266	2.94561783698454	0.0707614183339765	NS	3.53867988226253	0.00599962670623212	UP
UP	A485_only	medtr.A17.gnm5.ann1_6.MtrunA17Chr3g0126401	MtrunA17Chr3g0126401			medtr.A17.gnm5.MtrunA17Chr3	+	44728740	44733944	1.11310695807262	0.999999979788073	NS	3.5311604641393	0.0405101366726813	UP
UP	A485_only	medtr.A17.gnm5.ann1_6.MtrunA17Chr4g0012631	MtrunA17Chr4g0012631			medtr.A17.gnm5.MtrunA17Chr4	-	10036718	10040154	1.72323998131096	0.999999979788073	NS	3.52828144761358	0.0291254822930522	UP
UP	A485_only	medtr.A17.gnm5.ann1_6.MtrunA17Chr7g0271001	MtrunA17Chr7g0271001			medtr.A17.gnm5.MtrunA17Chr7	-	52521328	52528549	1.42856369380205	0.920176312564956	NS	3.50945080348221	0.00177931232544515	UP
UP	A485_only	medtr.A17.gnm5.ann1_6.MtrunA17Chr1g0201901	MtrunA17Chr1g0201901			medtr.A17.gnm5.MtrunA17Chr1	+	48151934	48153107	2.75547331115377	0.0725241551596761	NS	3.50850783085424	0.0030810259138549	UP
UP	A485_only	medtr.A17.gnm5.ann1_6.MtrunA17Chr4g0003061	MtrunA17Chr4g0003061			medtr.A17.gnm5.MtrunA17Chr4	+	2258346	2263757	1.3732558581777	0.649472781337052	NS	3.50485046519385	0.000178598066433205	UP
UP	A485_only	medtr.A17.gnm5.ann1_6.MtrunA17Chr6g0478161	MtrunA17Chr6g0478161	MtCYP720A1	Cytochrome P450 monooxygenase	medtr.A17.gnm5.MtrunA17Chr6	-	32809153	32813672	2.84358204734871	0.29709383131944	NS	3.50321557253104	0.0365983260388787	UP
UP	A485_only	medtr.A17.gnm5.ann1_6.MtrunA17Chr2g0280291	MtrunA17Chr2g0280291			medtr.A17.gnm5.MtrunA17Chr2	+	2466972	2472207	1.31516087764917	0.999999979788073	NS	3.50257333429927	0.0260678084804002	UP
UP	A485_only	medtr.A17.gnm5.ann1_6.MtrunA17Chr4g0049221	MtrunA17Chr4g0049221			medtr.A17.gnm5.MtrunA17Chr4	-	44616646	44618300	0.641400038830747	0.999999979788073	NS	3.50193131099911	0.00616702898294439	UP
UP	A485_only	medtr.A17.gnm5.ann1_6.MtrunA17Chr1g0177051	MtrunA17Chr1g0177051			medtr.A17.gnm5.MtrunA17Chr1	-	28578261	28579030	0.464445916186454	0.999999979788073	NS	3.48876816737399	0.0137916537726403	UP
UP	A485_only	medtr.A17.gnm5.ann1_6.MtrunA17Chr3g0090471	MtrunA17Chr3g0090471			medtr.A17.gnm5.MtrunA17Chr3	+	11838607	11843888	2.60469461594463	0.183476736842451	NS	3.47541656220753	0.0146161725552253	UP
UP	A485_only	medtr.A17.gnm5.ann1_6.MtrunA17Chr1g0166591	MtrunA17Chr1g0166591			medtr.A17.gnm5.MtrunA17Chr1	+	15955765	15956750	2.30352645503429	0.403020842010053	NS	3.474512273279	0.0105741688388093	UP
UP	A485_only	medtr.A17.gnm5.ann1_6.MtrunA17Chr4g0014931	MtrunA17Chr4g0014931			medtr.A17.gnm5.MtrunA17Chr4	-	12302248	12304323	1.89635724271573	0.896638395196672	NS	3.46841580845166	0.023495425882006	UP
UP	A485_only	medtr.A17.gnm5.ann1_6.MtrunA17Chr4g0029681	MtrunA17Chr4g0029681			medtr.A17.gnm5.MtrunA17Chr4	-	30449888	30456054	0.541989547788263	0.999999979788073	NS	3.46574370238829	4.75990998112769e-05	UP
UP	A485_only	medtr.A17.gnm5.ann1_6.MtrunA17Chr4g0048031	MtrunA17Chr4g0048031			medtr.A17.gnm5.MtrunA17Chr4	+	43852469	43854459	2.5133700518638	0.100225079973209	NS	3.44871954130851	0.00514795906144392	UP
UP	A485_only	medtr.A17.gnm5.ann1_6.MtrunA17Chr3g0119201	MtrunA17Chr3g0119201			medtr.A17.gnm5.MtrunA17Chr3	-	39630118	39633321	2.93170853461014	0.0808172667150563	NS	3.44777522402312	0.00734534517427392	UP
UP	A485_only	medtr.A17.gnm5.ann1_6.MtrunA17Chr7g0216961	MtrunA17Chr7g0216961			medtr.A17.gnm5.MtrunA17Chr7	+	2490037	2494855	1.18822857957335	0.999999979788073	NS	3.44183078818085	0.00137350128977201	UP
UP	A485_only	medtr.A17.gnm5.ann1_6.MtrunA17Chr3g0109431	MtrunA17Chr3g0109431			medtr.A17.gnm5.MtrunA17Chr3	+	32330134	32335211	2.34630905192214	0.0526266722445402	NS	3.41963637449175	0.000436607410181272	UP
UP	A485_only	medtr.A17.gnm5.ann1_6.MtrunA17Chr7g0273501	MtrunA17Chr7g0273501			medtr.A17.gnm5.MtrunA17Chr7	-	54138308	54143882	1.63274894970323	0.35547079716658	NS	3.41808298657159	0.000132809971039585	UP
UP	A485_only	medtr.A17.gnm5.ann1_6.MtrunA17Chr7g0273301	MtrunA17Chr7g0273301			medtr.A17.gnm5.MtrunA17Chr7	+	54046416	54047988	3.14745033234349	0.111071382714323	NS	3.41083103744389	0.026872669740894	UP
UP	A485_only	medtr.A17.gnm5.ann1_6.MtrunA17Chr4g0054941	MtrunA17Chr4g0054941			medtr.A17.gnm5.MtrunA17Chr4	-	48695376	48700204	1.01396182696809	0.999999979788073	NS	3.40959846399051	0.00190219000137624	UP
UP	A485_only	medtr.A17.gnm5.ann1_6.MtrunA17Chr3g0120341	MtrunA17Chr3g0120341	MtZIP3	Zinc-Iron Permease 3	medtr.A17.gnm5.MtrunA17Chr3	+	40408458	40411756	0.256488854883342	0.999999979788073	NS	3.40938881362884	0.0132341034939346	UP
UP	A485_only	medtr.A17.gnm5.ann1_6.MtrunA17Chr3g0104011	MtrunA17Chr3g0104011			medtr.A17.gnm5.MtrunA17Chr3	-	28281829	28285804	1.79672485155177	0.346703333668764	NS	3.40497707767587	0.0021326563636864	UP
UP	A485_only	medtr.A17.gnm5.ann1_6.MtrunA17Chr4g0041271	MtrunA17Chr4g0041271			medtr.A17.gnm5.MtrunA17Chr4	-	38989280	38991987	2.14688418712875	0.585404692778138	NS	3.40480929504806	0.022310574506276	UP
UP	A485_only	medtr.A17.gnm5.ann1_6.MtrunA17Chr8g0389591	MtrunA17Chr8g0389591			medtr.A17.gnm5.MtrunA17Chr8	+	47086339	47089257	1.17716678000228	0.999999979788073	NS	3.39456343281455	0.0105796578933075	UP
UP	A485_only	medtr.A17.gnm5.ann1_6.MtrunA17Chr2g0280391	MtrunA17Chr2g0280391			medtr.A17.gnm5.MtrunA17Chr2	-	2504015	2505647	2.38649184966176	0.188622203704984	NS	3.39116264850311	0.0042056449032829	UP
UP	A485_only	medtr.A17.gnm5.ann1_6.MtrunA17Chr8g0354351	MtrunA17Chr8g0354351			medtr.A17.gnm5.MtrunA17Chr8	-	15949085	15953046	2.04453209911685	0.306122294975077	NS	3.3844386675189	0.00273132987403346	UP
UP	A485_only	medtr.A17.gnm5.ann1_6.MtrunA17Chr2g0292111	MtrunA17Chr2g0292111	MtPrx17	peroxidase	medtr.A17.gnm5.MtrunA17Chr2	+	11193189	11196114	1.33682631583573	0.92371657985589	NS	3.3826401636501	0.0019351256585182	UP
UP	A485_only	medtr.A17.gnm5.ann1_6.MtrunA17Chr7g0251551	MtrunA17Chr7g0251551			medtr.A17.gnm5.MtrunA17Chr7	-	38705144	38706046	1.3325934891555	0.999999979788073	NS	3.37424369775803	0.0151987101886723	UP
UP	A485_only	medtr.A17.gnm5.ann1_6.MtrunA17Chr4g0048001	MtrunA17Chr4g0048001			medtr.A17.gnm5.MtrunA17Chr4	-	43832450	43835496	1.47525836134298	0.999999979788073	NS	3.36107350530336	0.045568673147472	UP
UP	A485_only	medtr.A17.gnm5.ann1_6.MtrunA17Chr7g0230671	MtrunA17Chr7g0230671			medtr.A17.gnm5.MtrunA17Chr7	-	19809171	19819442	1.96905631482303	0.283268089706468	NS	3.36104390978155	0.0029086446114329	UP
UP	A485_only	medtr.A17.gnm5.ann1_6.MtrunA17Chr4g0046631	MtrunA17Chr4g0046631	MtCYP82D94	Cytochrome P450 monooxygenase	medtr.A17.gnm5.MtrunA17Chr4	+	42962651	42970663	2.26510228519096	0.0851009637973596	NS	3.35726555520249	0.00074009746684188	UP
UP	A485_only	medtr.A17.gnm5.ann1_6.MtrunA17Chr8g0348921	MtrunA17Chr8g0348921	MtRopGEF2	Rop guanine nucleotide exchange factor 2	medtr.A17.gnm5.MtrunA17Chr8	-	11523501	11527711	2.27732786476293	0.0749737069734113	NS	3.35178782841896	0.00039823469390743	UP
UP	A485_only	medtr.A17.gnm5.ann1_6.MtrunA17Chr4g0066241	MtrunA17Chr4g0066241			medtr.A17.gnm5.MtrunA17Chr4	-	57091933	57093046	2.9972175237454	0.0757692505767662	NS	3.3418577450588	0.0119804994342052	UP
UP	A485_only	medtr.A17.gnm5.ann1_6.MtrunA17Chr7g0249261	MtrunA17Chr7g0249261			medtr.A17.gnm5.MtrunA17Chr7	-	37120283	37121663	1.93593647399974	0.358779893913052	NS	3.33204393611211	0.00319735598940092	UP
UP	A485_only	medtr.A17.gnm5.ann1_6.MtrunA17Chr7g0230401	MtrunA17Chr7g0230401			medtr.A17.gnm5.MtrunA17Chr7	+	19080705	19081374	2.5681333635073	0.170695315183478	NS	3.31648941500522	0.0103642833889743	UP
UP	A485_only	medtr.A17.gnm5.ann1_6.MtrunA17Chr5g0422811	MtrunA17Chr5g0422811			medtr.A17.gnm5.MtrunA17Chr5	+	24664517	24664851	2.48446327879589	0.12994088551176	NS	3.31388018437376	0.00422370529314677	UP
UP	A485_only	medtr.A17.gnm5.ann1_6.MtrunA17Chr4g0028541	MtrunA17Chr4g0028541	MtNRT2.2	nitrate transporter 2.2	medtr.A17.gnm5.MtrunA17Chr4	+	29465496	29467668	1.64613744719559	0.585404692778138	NS	3.31015775577032	0.00287982134678449	UP
UP	A485_only	medtr.A17.gnm5.ann1_6.MtrunA17Chr7g0239651	MtrunA17Chr7g0239651			medtr.A17.gnm5.MtrunA17Chr7	+	29621610	29623268	2.74814929395403	0.0558297885787074	NS	3.30937932033769	0.00629858063562314	UP
UP	A485_only	medtr.A17.gnm5.ann1_6.MtrunA17Chr4g0065171	MtrunA17Chr4g0065171			medtr.A17.gnm5.MtrunA17Chr4	+	56363367	56368598	1.01460192318805	0.999999979788073	NS	3.30832546836993	4.72282540658586e-05	UP
UP	A485_only	medtr.A17.gnm5.ann1_6.MtrunA17Chr8g0360241	MtrunA17Chr8g0360241			medtr.A17.gnm5.MtrunA17Chr8	-	24276834	24280652	-0.332037033671156	0.999999979788073	NS	3.27749997270313	0.00137188913071755	UP
UP	A485_only	medtr.A17.gnm5.ann1_6.MtrunA17Chr1g0191211	MtrunA17Chr1g0191211			medtr.A17.gnm5.MtrunA17Chr1	+	40314277	40316861	1.10169460482185	0.999999979788073	NS	3.27519467275202	0.00679142361170421	UP
UP	A485_only	medtr.A17.gnm5.ann1_6.MtrunA17Chr3g0115741	MtrunA17Chr3g0115741			medtr.A17.gnm5.MtrunA17Chr3	+	37094660	37097605	0.970311649163046	0.999999979788073	NS	3.2713257699501	0.00183651388076565	UP
UP	A485_only	medtr.A17.gnm5.ann1_6.MtrunA17Chr4g0030211	MtrunA17Chr4g0030211			medtr.A17.gnm5.MtrunA17Chr4	+	30859748	30863055	2.01339556054906	0.190436951636576	NS	3.27044416506375	0.00162254654420327	UP
UP	A485_only	medtr.A17.gnm5.ann1_6.MtrunA17Chr2g0325061	MtrunA17Chr2g0325061			medtr.A17.gnm5.MtrunA17Chr2	+	45046133	45047636	1.49752806772315	0.663712148929623	NS	3.26571319690546	0.00100816024667043	UP
UP	A485_only	medtr.A17.gnm5.ann1_6.MtrunA17Chr8g0355831	MtrunA17Chr8g0355831			medtr.A17.gnm5.MtrunA17Chr8	-	17405173	17412034	0.495604430649636	0.999999979788073	NS	3.25750524277266	0.000436607410181272	UP
UP	A485_only	medtr.A17.gnm5.ann1_6.MtrunA17Chr7g0246181	MtrunA17Chr7g0246181	MtCYP76E1	Cytochrome P450 monooxygenase	medtr.A17.gnm5.MtrunA17Chr7	-	35020586	35023115	1.92966737311283	0.078642649984104	NS	3.25079618637648	0.000156850257607326	UP
UP	A485_only	medtr.A17.gnm5.ann1_6.MtrunA17Chr6g0488511	MtrunA17Chr6g0488511			medtr.A17.gnm5.MtrunA17Chr6	+	42487478	42489078	1.63311194081455	0.15375728857009	NS	3.23646631635717	4.53109272579214e-05	UP
UP	A485_only	medtr.A17.gnm5.ann1_6.MtrunA17Chr3g0084221	MtrunA17Chr3g0084221			medtr.A17.gnm5.MtrunA17Chr3	+	5680542	5681847	3.40599354878108	0.062503034249756	NS	3.2363282365804	0.0345838631382369	UP
UP	A485_only	medtr.A17.gnm5.ann1_6.MtrunA17Chr4g0014461	MtrunA17Chr4g0014461	MtT2SPI2	Potato type II proteinase inhibitor	medtr.A17.gnm5.MtrunA17Chr4	-	11846769	11848361	0.408008940314104	0.999999979788073	NS	3.23237087811182	0.00800693592646741	UP
UP	A485_only	medtr.A17.gnm5.ann1_6.MtrunA17Chr4g0051941	MtrunA17Chr4g0051941			medtr.A17.gnm5.MtrunA17Chr4	+	46259331	46260284	1.75285998380908	0.27489641795873	NS	3.22951223894961	0.000827602150885692	UP
UP	A485_only	medtr.A17.gnm5.ann1_6.MtrunA17Chr2g0295001	MtrunA17Chr2g0295001	MtPR10-1	Pathogenesis-related protein 10-1 (Y08641.1 GENBANK)	medtr.A17.gnm5.MtrunA17Chr2	+	13556005	13559289	1.12911086462642	0.999999979788073	NS	3.21783739586644	4.5955300470195e-05	UP
UP	A485_only	medtr.A17.gnm5.ann1_6.MtrunA17Chr3g0085431	MtrunA17Chr3g0085431			medtr.A17.gnm5.MtrunA17Chr3	+	6760268	6761931	0.99032819085205	0.999999979788073	NS	3.21732309780679	0.0443223489434614	UP
UP	A485_only	medtr.A17.gnm5.ann1_6.MtrunA17Chr6g0462571	MtrunA17Chr6g0462571			medtr.A17.gnm5.MtrunA17Chr6	+	11620678	11622755	1.23636895594917	0.817524189291459	NS	3.20683208562577	8.29119398579954e-05	UP
UP	A485_only	medtr.A17.gnm5.ann1_6.MtrunA17Chr4g0064311	MtrunA17Chr4g0064311			medtr.A17.gnm5.MtrunA17Chr4	-	55733342	55737711	1.99913287181153	0.23205583065611	NS	3.19900025346383	0.00481692166952875	UP
UP	A485_only	medtr.A17.gnm5.ann1_6.MtrunA17Chr2g0320231	MtrunA17Chr2g0320231			medtr.A17.gnm5.MtrunA17Chr2	+	41503626	41508710	1.96785466947718	0.425904432353913	NS	3.1945029145752	0.00705771956444506	UP
UP	A485_only	medtr.A17.gnm5.ann1_6.MtrunA17Chr6g0458151	MtrunA17Chr6g0458151			medtr.A17.gnm5.MtrunA17Chr6	+	7737844	7738344	2.63707283628366	0.173613093848558	NS	3.19164259272432	0.019338645266988	UP
UP	A485_only	medtr.A17.gnm5.ann1_6.MtrunA17Chr1g0176621	MtrunA17Chr1g0176621			medtr.A17.gnm5.MtrunA17Chr1	-	28149316	28151619	-0.751916501920817	0.999999979788073	NS	3.18497169919992	0.0457772896059303	UP
UP	A485_only	medtr.A17.gnm5.ann1_6.MtrunA17Chr2g0322341	MtrunA17Chr2g0322341			medtr.A17.gnm5.MtrunA17Chr2	-	43112622	43117438	2.16367359771246	0.412631613843442	NS	3.18323894915147	0.0335387921187759	UP
UP	A485_only	medtr.A17.gnm5.ann1_6.MtrunA17Chr8g0384171	MtrunA17Chr8g0384171			medtr.A17.gnm5.MtrunA17Chr8	+	43230880	43237112	-0.258476112109058	0.999999979788073	NS	3.18081658868762	0.0125420089512429	UP
UP	A485_only	medtr.A17.gnm5.ann1_6.MtrunA17Chr8g0387531	MtrunA17Chr8g0387531			medtr.A17.gnm5.MtrunA17Chr8	-	45627088	45628661	2.04746948172344	0.140783466581933	NS	3.17806780579759	0.00188915411668093	UP
UP	A485_only	medtr.A17.gnm5.ann1_6.MtrunA17Chr3g0125951	MtrunA17Chr3g0125951			medtr.A17.gnm5.MtrunA17Chr3	-	44351549	44351701	2.56919124820716	0.0696152817323335	NS	3.17793043763803	0.00676877403477723	UP
UP	A485_only	medtr.A17.gnm5.ann1_6.MtrunA17Chr3g0146001	MtrunA17Chr3g0146001			medtr.A17.gnm5.MtrunA17Chr3	-	58836258	58839737	1.65843529735079	0.392883837236373	NS	3.17302138218797	0.000839312078254375	UP
UP	A485_only	medtr.A17.gnm5.ann1_6.MtrunA17Chr7g0230681	MtrunA17Chr7g0230681			medtr.A17.gnm5.MtrunA17Chr7	+	19810773	19813576	2.35921280906388	0.125172646506549	NS	3.17079413542358	0.0040242362790648	UP
UP	A485_only	medtr.A17.gnm5.ann1_6.MtrunA17Chr3g0132531	MtrunA17Chr3g0132531	MtMATE16	multidrug and toxic compound extrusion family	medtr.A17.gnm5.MtrunA17Chr3	-	49159436	49163873	1.52504959381396	0.935206902407855	NS	3.16087823458366	0.0125364257970073	UP
UP	A485_only	medtr.A17.gnm5.ann1_6.MtrunA17Chr2g0316021	MtrunA17Chr2g0316021			medtr.A17.gnm5.MtrunA17Chr2	+	38222228	38224774	-0.141640271147973	0.999999979788073	NS	3.15837866732399	0.0321800881883988	UP
UP	A485_only	medtr.A17.gnm5.ann1_6.MtrunA17Chr4g0067551	MtrunA17Chr4g0067551			medtr.A17.gnm5.MtrunA17Chr4	-	57962758	57963367	1.88621940619639	0.408379676827513	NS	3.14968521637211	0.00445754837501209	UP
UP	A485_only	medtr.A17.gnm5.ann1_6.MtrunA17Chr2g0288321	MtrunA17Chr2g0288321			medtr.A17.gnm5.MtrunA17Chr2	-	8087880	8089165	1.76276045132041	0.461573365790257	NS	3.13988576664681	0.00720446181181278	UP
UP	A485_only	medtr.A17.gnm5.ann1_6.MtrunA17Chr1g0213611	MtrunA17Chr1g0213611	MtINT1_3|MtINT1.1	inositol transporter	medtr.A17.gnm5.MtrunA17Chr1	-	56470573	56474243	1.33905067017861	0.74884380037776	NS	3.13169201450727	0.000698275784689078	UP
UP	A485_only	medtr.A17.gnm5.ann1_6.MtrunA17Chr7g0253891	MtrunA17Chr7g0253891			medtr.A17.gnm5.MtrunA17Chr7	+	40291372	40294386	2.03431749675792	0.129189963850582	NS	3.1302755117159	0.00176276437893566	UP
UP	A485_only	medtr.A17.gnm5.ann1_6.MtrunA17Chr7g0254831	MtrunA17Chr7g0254831			medtr.A17.gnm5.MtrunA17Chr7	+	40963300	40964935	3.31680875822694	0.0644968941405422	NS	3.12730191397434	0.0408346796092525	UP
UP	A485_only	medtr.A17.gnm5.ann1_6.MtrunA17Chr7g0245641	MtrunA17Chr7g0245641	MtVRC2	vestitone reductase cluster gene 2	medtr.A17.gnm5.MtrunA17Chr7	+	34640863	34644399	1.78655857355024	0.830632452243114	NS	3.12635150633123	0.0432397308826027	UP
UP	A485_only	medtr.A17.gnm5.ann1_6.MtrunA17Chr7g0271101	MtrunA17Chr7g0271101			medtr.A17.gnm5.MtrunA17Chr7	+	52601088	52601598	2.22722988369545	0.541620355294801	NS	3.12593368678703	0.0476217975481645	UP
UP	A485_only	medtr.A17.gnm5.ann1_6.MtrunA17Chr4g0043091	MtrunA17Chr4g0043091			medtr.A17.gnm5.MtrunA17Chr4	-	40231022	40237490	1.99850813723667	0.178320158275815	NS	3.11859618111921	0.00266037628328682	UP
UP	A485_only	medtr.A17.gnm5.ann1_6.MtrunA17Chr4g0069601	MtrunA17Chr4g0069601			medtr.A17.gnm5.MtrunA17Chr4	-	59490327	59492226	1.73930116541346	0.995058019487569	NS	3.11826991590089	0.0470167294203096	UP
UP	A485_only	medtr.A17.gnm5.ann1_6.MtrunA17Chr8g0374511	MtrunA17Chr8g0374511			medtr.A17.gnm5.MtrunA17Chr8	+	36436700	36441869	0.30323649844922	0.999999979788073	NS	3.11122783621882	0.0146259065306146	UP
UP	A485_only	medtr.A17.gnm5.ann1_6.MtrunA17Chr1g0167861	MtrunA17Chr1g0167861			medtr.A17.gnm5.MtrunA17Chr1	+	16772890	16775057	1.17116818826021	0.999999979788073	NS	3.11019029310912	0.00052824311701194	UP
UP	A485_only	medtr.A17.gnm5.ann1_6.MtrunA17Chr2g0330581	MtrunA17Chr2g0330581			medtr.A17.gnm5.MtrunA17Chr2	-	49275955	49276708	1.8798958355606	0.0980682392728919	NS	3.10785129612774	0.000167679130123877	UP
UP	A485_only	medtr.A17.gnm5.ann1_6.MtrunA17Chr3g0085391	MtrunA17Chr3g0085391			medtr.A17.gnm5.MtrunA17Chr3	+	6738297	6739835	0.414816796777959	0.999999979788073	NS	3.10767400357383	0.0112998816500734	UP
UP	A485_only	medtr.A17.gnm5.ann1_6.MtrunA17Chr3g0081651	MtrunA17Chr3g0081651			medtr.A17.gnm5.MtrunA17Chr3	+	3688984	3691733	1.51791916291703	0.585404692778138	NS	3.0919874182974	0.000542246550218977	UP
UP	A485_only	medtr.A17.gnm5.ann1_6.MtrunA17Chr7g0218101	MtrunA17Chr7g0218101			medtr.A17.gnm5.MtrunA17Chr7	+	3516539	3519241	2.01781769746122	0.0696152817323335	NS	3.08714741552235	0.000303740023425426	UP
UP	A485_only	medtr.A17.gnm5.ann1_6.MtrunA17Chr2g0292121	MtrunA17Chr2g0292121			medtr.A17.gnm5.MtrunA17Chr2	-	11195111	11195704	1.3191709153075	0.924270855935882	NS	3.08122109162364	0.00306947018876065	UP
UP	A485_only	medtr.A17.gnm5.ann1_6.MtrunA17Chr3g0128381	MtrunA17Chr3g0128381			medtr.A17.gnm5.MtrunA17Chr3	-	46149868	46151968	2.00906670554784	0.399746912807294	NS	3.080170332606	0.00987478093934017	UP
UP	A485_only	medtr.A17.gnm5.ann1_6.MtrunA17Chr5g0401411	MtrunA17Chr5g0401411			medtr.A17.gnm5.MtrunA17Chr5	+	5600202	5600978	0.896891866524326	0.999999979788073	NS	3.07647780528078	0.00828314733966821	UP
UP	A485_only	medtr.A17.gnm5.ann1_6.MtrunA17Chr7g0240631	MtrunA17Chr7g0240631			medtr.A17.gnm5.MtrunA17Chr7	-	30386855	30388409	3.010586284962	0.0624920133496739	NS	3.06917363027976	0.0227234418387097	UP
UP	A485_only	medtr.A17.gnm5.ann1_6.MtrunA17Chr2g0294751	MtrunA17Chr2g0294751			medtr.A17.gnm5.MtrunA17Chr2	+	13369420	13375957	0.713451312784756	0.999999979788073	NS	3.06554487171652	0.000614451399868903	UP
UP	A485_only	medtr.A17.gnm5.ann1_6.MtrunA17Chr5g0411481	MtrunA17Chr5g0411481			medtr.A17.gnm5.MtrunA17Chr5	+	12981784	12982826	1.25928124860707	0.999999979788073	NS	3.05313755255897	0.0211845818224349	UP
UP	A485_only	medtr.A17.gnm5.ann1_6.MtrunA17Chr8g0348861	MtrunA17Chr8g0348861			medtr.A17.gnm5.MtrunA17Chr8	+	11451403	11453378	1.81603199610127	0.366129719470763	NS	3.05271442220685	0.00518683425131499	UP
UP	A485_only	medtr.A17.gnm5.ann1_6.MtrunA17Chr5g0403121	MtrunA17Chr5g0403121			medtr.A17.gnm5.MtrunA17Chr5	+	6969229	6971507	1.85440052728166	0.331158051290893	NS	3.03814007778279	0.0035116942455126	UP
UP	A485_only	medtr.A17.gnm5.ann1_6.MtrunA17Chr7g0232411	MtrunA17Chr7g0232411			medtr.A17.gnm5.MtrunA17Chr7	-	22610781	22612429	2.4176221026359	0.053874280486835	NS	3.03529955894989	0.0032507479728748	UP
UP	A485_only	medtr.A17.gnm5.ann1_6.MtrunA17Chr7g0240581	MtrunA17Chr7g0240581			medtr.A17.gnm5.MtrunA17Chr7	-	30374266	30375840	2.92182979953919	0.0578453307390343	NS	3.03493897197509	0.0181664034657748	UP
UP	A485_only	medtr.A17.gnm5.ann1_6.MtrunA17Chr6g0474191	MtrunA17Chr6g0474191			medtr.A17.gnm5.MtrunA17Chr6	-	27903911	27904378	2.1876534846512	0.503138075860647	NS	3.03429023604241	0.0400931341819947	UP
UP	A485_only	medtr.A17.gnm5.ann1_6.MtrunA17Chr4g0056211	MtrunA17Chr4g0056211			medtr.A17.gnm5.MtrunA17Chr4	+	49648784	49650232	0.387451819007494	0.999999979788073	NS	3.03424077319373	0.0274665062952883	UP
UP	A485_only	medtr.A17.gnm5.ann1_6.MtrunA17Chr1g0167851	MtrunA17Chr1g0167851			medtr.A17.gnm5.MtrunA17Chr1	-	16772179	16773045	0.993416416615043	0.999999979788073	NS	3.03367025565706	0.000261338164310364	UP
UP	A485_only	medtr.A17.gnm5.ann1_6.MtrunA17Chr5g0418381	MtrunA17Chr5g0418381			medtr.A17.gnm5.MtrunA17Chr5	+	18954609	18957863	2.22161698998766	0.195390959905874	NS	3.02322468334494	0.00828314733966821	UP
UP	A485_only	medtr.A17.gnm5.ann1_6.MtrunA17Chr5g0426201	MtrunA17Chr5g0426201			medtr.A17.gnm5.MtrunA17Chr5	+	28104180	28105183	1.20780083242207	0.999999979788073	NS	3.02099139001488	0.00244271703829333	UP
UP	A485_only	medtr.A17.gnm5.ann1_6.MtrunA17Chr4g0019041	MtrunA17Chr4g0019041			medtr.A17.gnm5.MtrunA17Chr4	-	14369755	14373091	2.12613391370232	0.232288781175261	NS	3.0179991408949	0.0104352886848584	UP
UP	A485_only	medtr.A17.gnm5.ann1_6.MtrunA17Chr4g0031561	MtrunA17Chr4g0031561			medtr.A17.gnm5.MtrunA17Chr4	+	31961390	31964343	2.24747526928519	0.0884364044292212	NS	3.01607921848821	0.00296517012282783	UP
UP	A485_only	medtr.A17.gnm5.ann1_6.MtrunA17Chr1g0190671	MtrunA17Chr1g0190671	MtHEL-2	hevein-like protein 2 (TC94004, Ethylene pathway)	medtr.A17.gnm5.MtrunA17Chr1	-	39840058	39841526	1.04884708655139	0.999999979788073	NS	3.01396507438022	0.0001544384564415	UP
UP	A485_only	medtr.A17.gnm5.ann1_6.MtrunA17Chr2g0300621	MtrunA17Chr2g0300621	MtHAG7	Histone acetyltransferase of the GNAT family	medtr.A17.gnm5.MtrunA17Chr2	-	18375033	18379067	1.81026884848966	0.0520035863681551	NS	3.01365338592597	4.89996186101102e-05	UP
UP	A485_only	medtr.A17.gnm5.ann1_6.MtrunA17Chr5g0396571	MtrunA17Chr5g0396571			medtr.A17.gnm5.MtrunA17Chr5	-	2139232	2143352	2.44117245654397	0.208057108069366	NS	3.01277101314524	0.0218795338555534	UP
UP	A485_only	medtr.A17.gnm5.ann1_6.MtrunA17Chr5g0403131	MtrunA17Chr5g0403131			medtr.A17.gnm5.MtrunA17Chr5	-	6970502	6971374	2.02909358123956	0.277845252140882	NS	3.01078782304941	0.00676926878062731	UP
UP	A485_only	medtr.A17.gnm5.ann1_6.MtrunA17Chr3g0101231	MtrunA17Chr3g0101231			medtr.A17.gnm5.MtrunA17Chr3	-	25657184	25660815	1.3584133715177	0.918889803531482	NS	2.9996515934581	0.00464786603741613	UP
UP	A485_only	medtr.A17.gnm5.ann1_6.MtrunA17Chr8g0353131	MtrunA17Chr8g0353131			medtr.A17.gnm5.MtrunA17Chr8	-	14903063	14905242	2.82523062705652	0.0613890339534052	NS	2.99647222828478	0.0153502176138009	UP
UP	A485_only	medtr.A17.gnm5.ann1_6.MtrunA17Chr7g0242081	MtrunA17Chr7g0242081			medtr.A17.gnm5.MtrunA17Chr7	+	31639327	31641070	2.67086559964264	0.0822127956141692	NS	2.98952214922097	0.0150449962957314	UP
UP	A485_only	medtr.A17.gnm5.ann1_6.MtrunA17Chr4g0044751	MtrunA17Chr4g0044751			medtr.A17.gnm5.MtrunA17Chr4	-	41548551	41552382	0.903015626667025	0.999999979788073	NS	2.98165706165067	0.000130290317153566	UP
UP	A485_only	medtr.A17.gnm5.ann1_6.MtrunA17Chr8g0386321	MtrunA17Chr8g0386321			medtr.A17.gnm5.MtrunA17Chr8	-	44789798	44791038	1.03195083637922	0.999999979788073	NS	2.98016526217466	0.0029086446114329	UP
UP	A485_only	medtr.A17.gnm5.ann1_6.MtrunA17Chr1g0192851	MtrunA17Chr1g0192851			medtr.A17.gnm5.MtrunA17Chr1	+	41418538	41420005	1.85192781637321	0.620712652576107	NS	2.9666051502605	0.0374188244044137	UP
UP	A485_only	medtr.A17.gnm5.ann1_6.MtrunA17Chr8g0361451	MtrunA17Chr8g0361451			medtr.A17.gnm5.MtrunA17Chr8	+	25803307	25805228	2.48718706676175	0.144611870699885	NS	2.96614811520091	0.0188411762900161	UP
UP	A485_only	medtr.A17.gnm5.ann1_6.MtrunA17Chr1g0183141	MtrunA17Chr1g0183141			medtr.A17.gnm5.MtrunA17Chr1	-	33969222	33969500	1.84113966241477	0.0782116742005149	NS	2.96602517550363	9.64560020434045e-05	UP
UP	A485_only	medtr.A17.gnm5.ann1_6.MtrunA17Chr5g0435311	MtrunA17Chr5g0435311			medtr.A17.gnm5.MtrunA17Chr5	-	35403877	35405510	2.06495871607907	0.297827943828417	NS	2.96404163755961	0.0141789916131557	UP
UP	A485_only	medtr.A17.gnm5.ann1_6.MtrunA17Chr8g0374491	MtrunA17Chr8g0374491			medtr.A17.gnm5.MtrunA17Chr8	+	36422979	36426592	0.289571363000622	0.999999979788073	NS	2.95769475269249	0.0150407752786065	UP
UP	A485_only	medtr.A17.gnm5.ann1_6.MtrunA17Chr5g0411471	MtrunA17Chr5g0411471			medtr.A17.gnm5.MtrunA17Chr5	-	12978799	12986414	1.36067430670614	0.634749981971043	NS	2.95681017965535	0.000503233960839576	UP
UP	A485_only	medtr.A17.gnm5.ann1_6.MtrunA17Chr7g0214201	MtrunA17Chr7g0214201			medtr.A17.gnm5.MtrunA17Chr7	+	371027	372446	2.87717351379606	0.0653423167436989	NS	2.95651176941351	0.0224027562231741	UP
UP	A485_only	medtr.A17.gnm5.ann1_6.MtrunA17Chr1g0197291	MtrunA17Chr1g0197291			medtr.A17.gnm5.MtrunA17Chr1	-	44526570	44527290	1.69757642397995	0.574130462397035	NS	2.93869707838303	0.00764882513900602	UP
UP	A485_only	medtr.A17.gnm5.ann1_6.MtrunA17Chr4g0031541	MtrunA17Chr4g0031541			medtr.A17.gnm5.MtrunA17Chr4	+	31956371	31959196	1.73535847633454	0.148510089360093	NS	2.9375126671703	0.000259697573360948	UP
UP	A485_only	medtr.A17.gnm5.ann1_6.MtrunA17Chr1g0190681	MtrunA17Chr1g0190681			medtr.A17.gnm5.MtrunA17Chr1	+	39841225	39841837	0.982197942030853	0.999999979788073	NS	2.93557415901876	0.000140102210402533	UP
UP	A485_only	medtr.A17.gnm5.ann1_6.MtrunA17Chr6g0482721	MtrunA17Chr6g0482721			medtr.A17.gnm5.MtrunA17Chr6	-	37329286	37333557	1.955254341173	0.164783831612189	NS	2.93532852810765	0.00161483333749731	UP
UP	A485_only	medtr.A17.gnm5.ann1_6.MtrunA17Chr4g0050291	MtrunA17Chr4g0050291			medtr.A17.gnm5.MtrunA17Chr4	-	45265437	45269647	2.62048107186856	0.11268906522546	NS	2.9269111156954	0.0260665763293514	UP
UP	A485_only	medtr.A17.gnm5.ann1_6.MtrunA17Chr6g0478661	MtrunA17Chr6g0478661			medtr.A17.gnm5.MtrunA17Chr6	+	33311852	33313077	2.23259289578841	0.290238673178943	NS	2.9268921680024	0.0262304812632798	UP
UP	A485_only	medtr.A17.gnm5.ann1_6.MtrunA17Chr7g0237591	MtrunA17Chr7g0237591			medtr.A17.gnm5.MtrunA17Chr7	-	27712218	27713589	1.50951361025152	0.961939974727107	NS	2.92573438193132	0.0233404054654249	UP
UP	A485_only	medtr.A17.gnm5.ann1_6.MtrunA17Chr2g0279041	MtrunA17Chr2g0279041	MtPrx06	peroxidase	medtr.A17.gnm5.MtrunA17Chr2	-	1593162	1595024	2.0845658408416	0.165856671396126	NS	2.92377995276445	0.00465584049704842	UP
UP	A485_only	medtr.A17.gnm5.ann1_6.MtrunA17Chr4g0042981	MtrunA17Chr4g0042981			medtr.A17.gnm5.MtrunA17Chr4	+	40176256	40186215	2.85343853640107	0.119186815105007	NS	2.92158809939387	0.0457564575024802	UP
UP	A485_only	medtr.A17.gnm5.ann1_6.MtrunA17Chr4g0066221	MtrunA17Chr4g0066221			medtr.A17.gnm5.MtrunA17Chr4	-	57087355	57089403	2.05664711088648	0.187964574799114	NS	2.9177330959789	0.00500608753240471	UP
UP	A485_only	medtr.A17.gnm5.ann1_6.MtrunA17Chr5g0397621	MtrunA17Chr5g0397621			medtr.A17.gnm5.MtrunA17Chr5	-	2787887	2796842	1.08401732757363	0.999999979788073	NS	2.91768875962489	0.00628062134220305	UP
UP	A485_only	medtr.A17.gnm5.ann1_6.MtrunA17Chr4g0074061	MtrunA17Chr4g0074061			medtr.A17.gnm5.MtrunA17Chr4	-	62790099	62791527	1.78328692070926	0.17993622803732	NS	2.91298591571857	0.000683712652136296	UP
UP	A485_only	medtr.A17.gnm5.ann1_6.MtrunA17Chr3g0118871	MtrunA17Chr3g0118871			medtr.A17.gnm5.MtrunA17Chr3	+	39395842	39397098	2.81479122148313	0.124723034495021	NS	2.90627772430842	0.0455975120969765	UP
UP	A485_only	medtr.A17.gnm5.ann1_6.MtrunA17Chr4g0032461	MtrunA17Chr4g0032461			medtr.A17.gnm5.MtrunA17Chr4	-	32564127	32566635	2.18547763178952	0.1380638553259	NS	2.89920872263816	0.00686489481774873	UP
UP	A485_only	medtr.A17.gnm5.ann1_6.MtrunA17Chr1g0210281	MtrunA17Chr1g0210281			medtr.A17.gnm5.MtrunA17Chr1	+	54062832	54073351	0.514545848071366	0.999999979788073	NS	2.89489821751245	0.0126665430718621	UP
UP	A485_only	medtr.A17.gnm5.ann1_6.MtrunA17Chr3g0125941	MtrunA17Chr3g0125941			medtr.A17.gnm5.MtrunA17Chr3	+	44350477	44354272	2.55307350279727	0.0513746172565582	NS	2.89363616979665	0.00808637206975637	UP
UP	A485_only	medtr.A17.gnm5.ann1_6.MtrunA17Chr7g0265041	MtrunA17Chr7g0265041			medtr.A17.gnm5.MtrunA17Chr7	+	48455964	48457746	2.1508084293914	0.249402409923883	NS	2.87721459161306	0.0150054134218492	UP
UP	A485_only	medtr.A17.gnm5.ann1_6.MtrunA17Chr1g0195971	MtrunA17Chr1g0195971	Glutaredoxin-9	Glutaredoxin family protein	medtr.A17.gnm5.MtrunA17Chr1	+	43682373	43683052	1.90794754409806	0.545337679548184	NS	2.87687020773234	0.0274606674309614	UP
UP	A485_only	medtr.A17.gnm5.ann1_6.MtrunA17Chr2g0327351	MtrunA17Chr2g0327351	MtMYB066	Myeloblastosis (MYB) transcription factor 66	medtr.A17.gnm5.MtrunA17Chr2	-	46924236	46925971	1.37287030336189	0.620535481588039	NS	2.86620721143529	0.000547804998841533	UP
UP	A485_only	medtr.A17.gnm5.ann1_6.MtrunA17Chr2g0299161	MtrunA17Chr2g0299161	MtBGAL3	beta-galactosidase 3	medtr.A17.gnm5.MtrunA17Chr2	+	17157211	17163803	1.03037549660439	0.999999979788073	NS	2.86411934459041	8.49635600220968e-05	UP
UP	A485_only	medtr.A17.gnm5.ann1_6.MtrunA17Chr6g0452841	MtrunA17Chr6g0452841			medtr.A17.gnm5.MtrunA17Chr6	+	3148917	3149435	2.04324338768031	0.421889694869109	NS	2.86196439092775	0.0271089449695783	UP
UP	A485_only	medtr.A17.gnm5.ann1_6.MtrunA17Chr4g0007621	MtrunA17Chr4g0007621			medtr.A17.gnm5.MtrunA17Chr4	-	5936081	5938398	1.50540588335113	0.627425708513213	NS	2.86168318727393	0.0030810259138549	UP
UP	A485_only	medtr.A17.gnm5.ann1_6.MtrunA17Chr2g0289341	MtrunA17Chr2g0289341			medtr.A17.gnm5.MtrunA17Chr2	+	8959120	8961511	2.01101362098586	0.0795603613127395	NS	2.85726006982846	0.00127731650569632	UP
UP	A485_only	medtr.A17.gnm5.ann1_6.MtrunA17Chr4g0035031	MtrunA17Chr4g0035031			medtr.A17.gnm5.MtrunA17Chr4	+	34534746	34536679	1.52261677768922	0.133758514182634	NS	2.85662937679075	2.17731064646371e-05	UP
UP	A485_only	medtr.A17.gnm5.ann1_6.MtrunA17Chr2g0320061	MtrunA17Chr2g0320061	MtPrx28	peroxidase 28	medtr.A17.gnm5.MtrunA17Chr2	-	41393765	41395923	1.17476569638917	0.999999979788073	NS	2.85112059483652	0.00527913073183017	UP
UP	A485_only	medtr.A17.gnm5.ann1_6.MtrunA17Chr8g0388831	MtrunA17Chr8g0388831			medtr.A17.gnm5.MtrunA17Chr8	+	46491062	46495099	1.97921615187633	0.0870953175106463	NS	2.84978965798963	0.000747560799132109	UP
UP	A485_only	medtr.A17.gnm5.ann1_6.MtrunA17Chr4g0050331	MtrunA17Chr4g0050331			medtr.A17.gnm5.MtrunA17Chr4	+	45300132	45304285	2.24020219286811	0.220669400738383	NS	2.84108212484238	0.0196208888893367	UP
UP	A485_only	medtr.A17.gnm5.ann1_6.MtrunA17Chr3g0101581	MtrunA17Chr3g0101581	MtCYP71D70	Cytochrome P450 monooxygenase	medtr.A17.gnm5.MtrunA17Chr3	+	26077016	26081271	1.13729943342441	0.999999979788073	NS	2.83988027249637	0.00048783967372911	UP
UP	A485_only	medtr.A17.gnm5.ann1_6.MtrunA17Chr2g0279001	MtrunA17Chr2g0279001			medtr.A17.gnm5.MtrunA17Chr2	+	1562241	1563821	1.54946936024878	0.46099150407002	NS	2.83894398063285	0.00127470353332729	UP
UP	A485_only	medtr.A17.gnm5.ann1_6.MtrunA17Chr7g0275981	MtrunA17Chr7g0275981			medtr.A17.gnm5.MtrunA17Chr7	-	55753934	55754952	1.98814715728272	0.0941843394361648	NS	2.83447026496565	0.00121622319336662	UP
UP	A485_only	medtr.A17.gnm5.ann1_6.MtrunA17Chr1g0155341	MtrunA17Chr1g0155341			medtr.A17.gnm5.MtrunA17Chr1	+	7186514	7188207	1.46948072363479	0.340105933700534	NS	2.83437360672886	0.00016932850781212	UP
UP	A485_only	medtr.A17.gnm5.ann1_6.MtrunA17Chr7g0230391	MtrunA17Chr7g0230391			medtr.A17.gnm5.MtrunA17Chr7	-	19080471	19081385	2.54951567642062	0.116092536830584	NS	2.83326398531616	0.0233163205818852	UP
UP	A485_only	medtr.A17.gnm5.ann1_6.MtrunA17Chr3g0139391	MtrunA17Chr3g0139391	MtPhytogb3.1|MtGlb3-1	truncated hemoglobin (tr-Hb)	medtr.A17.gnm5.MtrunA17Chr3	+	54084596	54086618	1.03822942458921	0.999999979788073	NS	2.83143879683337	0.000142616133002152	UP
UP	A485_only	medtr.A17.gnm5.ann1_6.MtrunA17Chr8g0392891	MtrunA17Chr8g0392891			medtr.A17.gnm5.MtrunA17Chr8	+	49341676	49342828	1.76789889998703	0.460204370429226	NS	2.83132417330459	0.00793374562926824	UP
UP	A485_only	medtr.A17.gnm5.ann1_6.MtrunA17Chr3g0104681	MtrunA17Chr3g0104681			medtr.A17.gnm5.MtrunA17Chr3	-	28743847	28748335	1.27452487879301	0.53345486327423	NS	2.82971372487078	2.50574491685705e-05	UP
UP	A485_only	medtr.A17.gnm5.ann1_6.MtrunA17Chr4g0028121	MtrunA17Chr4g0028121			medtr.A17.gnm5.MtrunA17Chr4	+	29067964	29073220	1.44778580694575	0.999999979788073	NS	2.82935376719018	0.0350015142929557	UP
UP	A485_only	medtr.A17.gnm5.ann1_6.MtrunA17Chr6g0488521	MtrunA17Chr6g0488521			medtr.A17.gnm5.MtrunA17Chr6	-	42489045	42492532	1.45134097119649	0.809704775440915	NS	2.82430624393196	0.00947959980303024	UP
UP	A485_only	medtr.A17.gnm5.ann1_6.MtrunA17Chr7g0265111	MtrunA17Chr7g0265111			medtr.A17.gnm5.MtrunA17Chr7	+	48490181	48492060	2.68026183146093	0.0997615533471311	NS	2.81000403652581	0.0320371544092325	UP
UP	A485_only	medtr.A17.gnm5.ann1_6.MtrunA17Chr2g0298891	MtrunA17Chr2g0298891			medtr.A17.gnm5.MtrunA17Chr2	+	16857342	16860854	1.96659105235063	0.148632170904098	NS	2.80849214671355	0.00273132987403346	UP
UP	A485_only	medtr.A17.gnm5.ann1_6.MtrunA17Chr1g0198611	MtrunA17Chr1g0198611			medtr.A17.gnm5.MtrunA17Chr1	-	45584974	45585212	2.66286584608859	0.0816490835568371	NS	2.80024150111606	0.0242061299359163	UP
UP	A485_only	medtr.A17.gnm5.ann1_6.MtrunA17Chr8g0356421	MtrunA17Chr8g0356421			medtr.A17.gnm5.MtrunA17Chr8	+	18022504	18029758	2.22076386388429	0.329553888384056	NS	2.79790378661179	0.0406314976421992	UP
UP	A485_only	medtr.A17.gnm5.ann1_6.MtrunA17Chr8g0384181	MtrunA17Chr8g0384181			medtr.A17.gnm5.MtrunA17Chr8	+	43239778	43242933	1.68412824127926	0.625595180221854	NS	2.79755794755473	0.032587550043074	UP
UP	A485_only	medtr.A17.gnm5.ann1_6.MtrunA17Chr1g0155221	MtrunA17Chr1g0155221	MtESL6_1|MtESL3.3	early-responsive to dehydration six-like (Sugar transporter)	medtr.A17.gnm5.MtrunA17Chr1	-	7114418	7118899	0.827871014679576	0.999999979788073	NS	2.79385522717556	0.00328809155614281	UP
UP	A485_only	medtr.A17.gnm5.ann1_6.MtrunA17Chr2g0282871	MtrunA17Chr2g0282871			medtr.A17.gnm5.MtrunA17Chr2	+	4252205	4255265	1.91738026272315	0.122382480484466	NS	2.78726105689457	0.0014443278146885	UP
UP	A485_only	medtr.A17.gnm5.ann1_6.MtrunA17Chr3g0114121	MtrunA17Chr3g0114121			medtr.A17.gnm5.MtrunA17Chr3	-	35699406	35701038	2.67358002908793	0.0508491680883899	NS	2.78583601091883	0.0150054134218492	UP
UP	A485_only	medtr.A17.gnm5.ann1_6.MtrunA17Chr7g0262901	MtrunA17Chr7g0262901			medtr.A17.gnm5.MtrunA17Chr7	+	46908419	46914712	1.89305016027261	0.0735072017632526	NS	2.78248903435522	0.000398035762733632	UP
UP	A485_only	medtr.A17.gnm5.ann1_6.MtrunA17Chr4g0032471	MtrunA17Chr4g0032471			medtr.A17.gnm5.MtrunA17Chr4	+	32564589	32566745	1.62414527784353	0.638019513769318	NS	2.78166519534716	0.0230123179635729	UP
UP	A485_only	medtr.A17.gnm5.ann1_6.MtrunA17Chr8g0352951	MtrunA17Chr8g0352951			medtr.A17.gnm5.MtrunA17Chr8	+	14728356	14728851	1.86250982487206	0.131337133551717	NS	2.77936202055793	0.000481609244983466	UP
UP	A485_only	medtr.A17.gnm5.ann1_6.MtrunA17Chr1g0178641	MtrunA17Chr1g0178641			medtr.A17.gnm5.MtrunA17Chr1	-	30085890	30086798	0.0467491515208252	0.999999979788073	NS	2.77723125652053	0.00273132987403346	UP
UP	A485_only	medtr.A17.gnm5.ann1_6.MtrunA17Chr2g0324581	MtrunA17Chr2g0324581			medtr.A17.gnm5.MtrunA17Chr2	+	44749789	44752437	0.875503222355409	0.999999979788073	NS	2.77590508993314	0.00773179985728906	UP
UP	A485_only	medtr.A17.gnm5.ann1_6.MtrunA17Chr8g0358591	MtrunA17Chr8g0358591			medtr.A17.gnm5.MtrunA17Chr8	+	21043163	21054689	1.29890904731391	0.99983810172198	NS	2.77517125534981	0.00934071371301788	UP
UP	A485_only	medtr.A17.gnm5.ann1_6.MtrunA17Chr8g0350321	MtrunA17Chr8g0350321			medtr.A17.gnm5.MtrunA17Chr8	-	12414014	12420696	-0.306551157345185	0.999999979788073	NS	2.77212498560653	0.0246451987803345	UP
UP	A485_only	medtr.A17.gnm5.ann1_6.MtrunA17Chr6g0467761	MtrunA17Chr6g0467761	MtKunitz33	Kunitz-P Trypsin Inhibitor	medtr.A17.gnm5.MtrunA17Chr6	-	16728979	16729889	2.52461447559218	0.160752958945703	NS	2.77181969140018	0.040716999126485	UP
UP	A485_only	medtr.A17.gnm5.ann1_6.MtrunA17Chr3g0121681	MtrunA17Chr3g0121681			medtr.A17.gnm5.MtrunA17Chr3	-	41460470	41462004	1.08856524319114	0.999999979788073	NS	2.7712486483856	0.000191471947339009	UP
UP	A485_only	medtr.A17.gnm5.ann1_6.MtrunA17Chr5g0417341	MtrunA17Chr5g0417341			medtr.A17.gnm5.MtrunA17Chr5	+	17930362	17932333	1.67358045815385	0.455744316604686	NS	2.77052282648975	0.00897526763369135	UP
UP	A485_only	medtr.A17.gnm5.ann1_6.MtrunA17Chr8g0370701	MtrunA17Chr8g0370701			medtr.A17.gnm5.MtrunA17Chr8	+	33781649	33785958	0.113364653913024	0.999999979788073	NS	2.77040791592522	0.00255739145260036	UP
UP	A485_only	medtr.A17.gnm5.ann1_6.MtrunA17Chr7g0253041	MtrunA17Chr7g0253041			medtr.A17.gnm5.MtrunA17Chr7	-	39778066	39781323	2.40900877725921	0.0768547970599097	NS	2.76781908700063	0.011524494005313	UP
UP	A485_only	medtr.A17.gnm5.ann1_6.MtrunA17Chr1g0193861	MtrunA17Chr1g0193861			medtr.A17.gnm5.MtrunA17Chr1	+	42208238	42209650	2.56165160891573	0.161309043677796	NS	2.76085501521013	0.0451692983395973	UP
UP	A485_only	medtr.A17.gnm5.ann1_6.MtrunA17Chr1g0202261	MtrunA17Chr1g0202261			medtr.A17.gnm5.MtrunA17Chr1	+	48482447	48484611	2.39468250558872	0.0689664537468381	NS	2.75481402847129	0.00960515783419347	UP
UP	A485_only	medtr.A17.gnm5.ann1_6.MtrunA17Chr1g0146931	MtrunA17Chr1g0146931			medtr.A17.gnm5.MtrunA17Chr1	-	659057	663705	1.73931459516391	0.165785735064739	NS	2.75319435265866	0.00074009746684188	UP
UP	A485_only	medtr.A17.gnm5.ann1_6.MtrunA17Chr6g0450811	MtrunA17Chr6g0450811			medtr.A17.gnm5.MtrunA17Chr6	+	1511547	1515144	1.58829455477715	0.26033341336163	NS	2.7460656864092	0.000565448388878111	UP
UP	A485_only	medtr.A17.gnm5.ann1_6.MtrunA17Chr6g0476771	MtrunA17Chr6g0476771			medtr.A17.gnm5.MtrunA17Chr6	+	31580769	31582982	1.20305364411354	0.999999979788073	NS	2.73873936629836	0.00282690348807658	UP
UP	A485_only	medtr.A17.gnm5.ann1_6.MtrunA17Chr7g0269881	MtrunA17Chr7g0269881			medtr.A17.gnm5.MtrunA17Chr7	-	51737587	51738781	1.53084220242702	0.754338954986572	NS	2.73801808758908	0.0168844390535059	UP
UP	A485_only	medtr.A17.gnm5.ann1_6.MtrunA17Chr5g0422261	MtrunA17Chr5g0422261			medtr.A17.gnm5.MtrunA17Chr5	-	23906582	23916369	1.10901079062837	0.999999979788073	NS	2.7367826251182	0.00123463253134832	UP
UP	A485_only	medtr.A17.gnm5.ann1_6.MtrunA17Chr5g0422171	MtrunA17Chr5g0422171			medtr.A17.gnm5.MtrunA17Chr5	+	23825368	23825796	1.02859690100372	0.999999979788073	NS	2.73177830177999	0.00740831275259407	UP
UP	A485_only	medtr.A17.gnm5.ann1_6.MtrunA17Chr7g0222891	MtrunA17Chr7g0222891			medtr.A17.gnm5.MtrunA17Chr7	+	8156074	8156281	2.58643647748191	0.0941843394361648	NS	2.72583399559042	0.0294453999076852	UP
UP	A485_only	medtr.A17.gnm5.ann1_6.MtrunA17Chr5g0422101	MtrunA17Chr5g0422101			medtr.A17.gnm5.MtrunA17Chr5	+	23811993	23812196	0.958958434536718	0.999999979788073	NS	2.7204021280345	0.0137049871418386	UP
UP	A485_only	medtr.A17.gnm5.ann1_6.MtrunA17Chr7g0222421	MtrunA17Chr7g0222421			medtr.A17.gnm5.MtrunA17Chr7	+	7665587	7666062	1.38245810839453	0.798346569816635	NS	2.72027740863302	0.0044923847135484	UP
UP	A485_only	medtr.A17.gnm5.ann1_6.MtrunA17Chr8g0337991	MtrunA17Chr8g0337991			medtr.A17.gnm5.MtrunA17Chr8	+	2662926	2665360	1.93780105494094	0.406156953290137	NS	2.70636829416832	0.0319500262898029	UP
UP	A485_only	medtr.A17.gnm5.ann1_6.MtrunA17Chr8g0386351	MtrunA17Chr8g0386351			medtr.A17.gnm5.MtrunA17Chr8	-	44806694	44811664	1.019678725059	0.999999979788073	NS	2.70083636188714	0.00584166626787508	UP
UP	A485_only	medtr.A17.gnm5.ann1_6.MtrunA17Chr1g0198921	MtrunA17Chr1g0198921			medtr.A17.gnm5.MtrunA17Chr1	+	45825380	45833768	1.20860719137796	0.635238145551993	NS	2.6974997845721	1.61495553090724e-05	UP
UP	A485_only	medtr.A17.gnm5.ann1_6.MtrunA17Chr6g0468841	MtrunA17Chr6g0468841			medtr.A17.gnm5.MtrunA17Chr6	-	18096089	18101455	1.79022477412359	0.0633139445751931	NS	2.69564924118808	0.00017758670723671	UP
UP	A485_only	medtr.A17.gnm5.ann1_6.MtrunA17Chr7g0222881	MtrunA17Chr7g0222881			medtr.A17.gnm5.MtrunA17Chr7	-	8155449	8156403	2.68169393808201	0.0876171353839537	NS	2.69562082998604	0.0360856697509475	UP
UP	A485_only	medtr.A17.gnm5.ann1_6.MtrunA17Chr1g0153831	MtrunA17Chr1g0153831			medtr.A17.gnm5.MtrunA17Chr1	-	6175761	6186574	1.43566895029741	0.291053984297203	NS	2.6940807000067	0.000101799183097329	UP
UP	A485_only	medtr.A17.gnm5.ann1_6.MtrunA17Chr5g0421001	MtrunA17Chr5g0421001			medtr.A17.gnm5.MtrunA17Chr5	-	21650712	21652922	1.63566601162779	0.262325828985061	NS	2.68889846816173	0.00121090781273412	UP
UP	A485_only	medtr.A17.gnm5.ann1_6.MtrunA17Chr4g0068541	MtrunA17Chr4g0068541			medtr.A17.gnm5.MtrunA17Chr4	+	58660331	58662647	1.02400756268119	0.999999979788073	NS	2.68655062925225	0.00833609893201184	UP
UP	A485_only	medtr.A17.gnm5.ann1_6.MtrunA17Chr3g0101221	MtrunA17Chr3g0101221			medtr.A17.gnm5.MtrunA17Chr3	-	25650734	25654748	1.788302197841	0.301024584459088	NS	2.68191434553903	0.00629858063562314	UP
UP	A485_only	medtr.A17.gnm5.ann1_6.MtrunA17Chr4g0069881	MtrunA17Chr4g0069881			medtr.A17.gnm5.MtrunA17Chr4	+	59669578	59671931	1.46266560200045	0.327661217553562	NS	2.68133232120576	0.000242292036165065	UP
UP	A485_only	medtr.A17.gnm5.ann1_6.MtrunA17Chr3g0085401	MtrunA17Chr3g0085401			medtr.A17.gnm5.MtrunA17Chr3	+	6746767	6747649	1.21475955603283	0.844483211415782	NS	2.67690790742859	0.000252628150727118	UP
UP	A485_only	medtr.A17.gnm5.ann1_6.MtrunA17Chr2g0292551	MtrunA17Chr2g0292551			medtr.A17.gnm5.MtrunA17Chr2	+	11514901	11517418	-0.823354508710368	0.999999979788073	NS	2.67419529800403	0.00202123323756125	UP
UP	A485_only	medtr.A17.gnm5.ann1_6.MtrunA17Chr3g0102091	MtrunA17Chr3g0102091			medtr.A17.gnm5.MtrunA17Chr3	-	26548532	26551329	0.685903616868335	0.999999979788073	NS	2.67387918766035	0.0327535756883185	UP
UP	A485_only	medtr.A17.gnm5.ann1_6.MtrunA17Chr5g0422321	MtrunA17Chr5g0422321			medtr.A17.gnm5.MtrunA17Chr5	-	23918780	23919526	0.918901471753553	0.999999979788073	NS	2.67210226592637	0.000307309639796753	UP
UP	A485_only	medtr.A17.gnm5.ann1_6.MtrunA17Chr1g0205581	MtrunA17Chr1g0205581			medtr.A17.gnm5.MtrunA17Chr1	+	50785992	50789236	1.60238567040428	0.277023684749816	NS	2.66443853530573	0.00127868700483114	UP
UP	A485_only	medtr.A17.gnm5.ann1_6.MtrunA17Chr8g0350881	MtrunA17Chr8g0350881			medtr.A17.gnm5.MtrunA17Chr8	+	13071660	13073614	2.29134737006247	0.139239801910579	NS	2.66424283000561	0.0228219817280231	UP
UP	A485_only	medtr.A17.gnm5.ann1_6.MtrunA17Chr7g0255191	MtrunA17Chr7g0255191			medtr.A17.gnm5.MtrunA17Chr7	+	41215691	41222293	0.707715471220461	0.999999979788073	NS	2.66221659312168	0.00132846181303449	UP
UP	A485_only	medtr.A17.gnm5.ann1_6.MtrunA17Chr3g0117691	MtrunA17Chr3g0117691			medtr.A17.gnm5.MtrunA17Chr3	+	38599522	38602068	0.802566184466544	0.999999979788073	NS	2.66129111846883	0.0407232082089924	UP
UP	A485_only	medtr.A17.gnm5.ann1_6.MtrunA17Chr8g0348951	MtrunA17Chr8g0348951			medtr.A17.gnm5.MtrunA17Chr8	-	11542666	11544925	2.11294542949472	0.237902393183688	NS	2.65616514441886	0.0226385227385794	UP
UP	A485_only	medtr.A17.gnm5.ann1_6.MtrunA17Chr6g0453741	MtrunA17Chr6g0453741			medtr.A17.gnm5.MtrunA17Chr6	-	4059056	4076637	2.02414419830262	0.0634925369090165	NS	2.65556629927968	0.00121161469217692	UP
UP	A485_only	medtr.A17.gnm5.ann1_6.MtrunA17Chr2g0302331	MtrunA17Chr2g0302331			medtr.A17.gnm5.MtrunA17Chr2	-	19901142	19901914	0.543552074107634	0.999999979788073	NS	2.65471796992866	0.0148304846137868	UP
UP	A485_only	medtr.A17.gnm5.ann1_6.MtrunA17Chr7g0252951	MtrunA17Chr7g0252951			medtr.A17.gnm5.MtrunA17Chr7	-	39718444	39718966	2.07151499497149	0.12309204020035	NS	2.65130623740145	0.00574238421439115	UP
UP	A485_only	medtr.A17.gnm5.ann1_6.MtrunA17Chr7g0263551	MtrunA17Chr7g0263551			medtr.A17.gnm5.MtrunA17Chr7	+	47323218	47326221	1.3706077023402	0.370976163700621	NS	2.64927016275557	6.4357773390205e-05	UP
UP	A485_only	medtr.A17.gnm5.ann1_6.MtrunA17Chr4g0034021	MtrunA17Chr4g0034021			medtr.A17.gnm5.MtrunA17Chr4	+	33790055	33791850	2.72754627127256	0.0613890339534052	NS	2.64674895176898	0.0307767393509173	UP
UP	A485_only	medtr.A17.gnm5.ann1_6.MtrunA17Chr5g0420011	MtrunA17Chr5g0420011			medtr.A17.gnm5.MtrunA17Chr5	+	20359771	20365016	1.86025805013308	0.140838029783817	NS	2.64195806710128	0.00224826114253179	UP
UP	A485_only	medtr.A17.gnm5.ann1_6.MtrunA17Chr8g0361021	MtrunA17Chr8g0361021			medtr.A17.gnm5.MtrunA17Chr8	-	25326980	25327841	1.69553449977973	0.161260056660811	NS	2.63769596046291	0.000503233960839576	UP
UP	A485_only	medtr.A17.gnm5.ann1_6.MtrunA17Chr4g0074051	MtrunA17Chr4g0074051			medtr.A17.gnm5.MtrunA17Chr4	+	62789628	62791917	1.56993019538407	0.425077663540356	NS	2.62943042883876	0.00384666986574646	UP
UP	A485_only	medtr.A17.gnm5.ann1_6.MtrunA17Chr3g0102121	MtrunA17Chr3g0102121			medtr.A17.gnm5.MtrunA17Chr3	-	26590562	26595829	1.85896348568868	0.105816041721423	NS	2.62875443743974	0.00136045770912659	UP
UP	A485_only	medtr.A17.gnm5.ann1_6.MtrunA17Chr3g0124101	MtrunA17Chr3g0124101			medtr.A17.gnm5.MtrunA17Chr3	+	43016699	43018307	1.03402284409527	0.999999979788073	NS	2.6281303289867	0.0030336677712507	UP
UP	A485_only	medtr.A17.gnm5.ann1_6.MtrunA17Chr3g0129541	MtrunA17Chr3g0129541			medtr.A17.gnm5.MtrunA17Chr3	-	47022686	47023959	0.49972177533377	0.999999979788073	NS	2.62760443418313	0.00793374562926824	UP
UP	A485_only	medtr.A17.gnm5.ann1_6.MtrunA17Chr7g0231881	MtrunA17Chr7g0231881			medtr.A17.gnm5.MtrunA17Chr7	-	21466020	21467311	2.03981718505066	0.0707614183339765	NS	2.62568029733392	0.00263034341126118	UP
UP	A485_only	medtr.A17.gnm5.ann1_6.MtrunA17Chr7g0273841	MtrunA17Chr7g0273841			medtr.A17.gnm5.MtrunA17Chr7	+	54377191	54382952	1.39485943302483	0.386731928858877	NS	2.62562220143803	0.000185120877102899	UP
UP	A485_only	medtr.A17.gnm5.ann1_6.MtrunA17Chr1g0186091	MtrunA17Chr1g0186091			medtr.A17.gnm5.MtrunA17Chr1	+	36385878	36392639	1.94224208682468	0.228404072138016	NS	2.62349126626511	0.0133385217482828	UP
UP	A485_only	medtr.A17.gnm5.ann1_6.MtrunA17Chr2g0329541	MtrunA17Chr2g0329541			medtr.A17.gnm5.MtrunA17Chr2	+	48526680	48535206	0.625150871969837	0.999999979788073	NS	2.62039778876665	0.000374382419168557	UP
UP	A485_only	medtr.A17.gnm5.ann1_6.MtrunA17Chr4g0070001	MtrunA17Chr4g0070001			medtr.A17.gnm5.MtrunA17Chr4	-	59755137	59762310	1.62384259599366	0.177707758476115	NS	2.62033264499665	0.00045294067885545	UP
UP	A485_only	medtr.A17.gnm5.ann1_6.MtrunA17Chr3g0125201	MtrunA17Chr3g0125201			medtr.A17.gnm5.MtrunA17Chr3	+	43743662	43745761	-1.27659559900571	0.999999979788073	NS	2.61919152166988	0.0118326350449789	UP
UP	A485_only	medtr.A17.gnm5.ann1_6.MtrunA17Chr3g0121671	MtrunA17Chr3g0121671	MtINT1_4|MtINT1.4	inositol transporter	medtr.A17.gnm5.MtrunA17Chr3	-	41457359	41460468	1.25103151242995	0.671975704169318	NS	2.61579299425741	0.000174529962235328	UP
UP	A485_only	medtr.A17.gnm5.ann1_6.MtrunA17Chr6g0460971	MtrunA17Chr6g0460971			medtr.A17.gnm5.MtrunA17Chr6	-	10190095	10196462	1.30740503888048	0.693753208316672	NS	2.61463581022853	0.00136633916438812	UP
UP	A485_only	medtr.A17.gnm5.ann1_6.MtrunA17Chr3g0135201	MtrunA17Chr3g0135201			medtr.A17.gnm5.MtrunA17Chr3	+	51240823	51246327	0.437683012644139	0.999999979788073	NS	2.61204770264747	0.000412010720698649	UP
UP	A485_only	medtr.A17.gnm5.ann1_6.MtrunA17Chr1g0187051	MtrunA17Chr1g0187051			medtr.A17.gnm5.MtrunA17Chr1	-	37221634	37227841	1.25586364278509	0.999999979788073	NS	2.61039645963998	0.0177967496360604	UP
UP	A485_only	medtr.A17.gnm5.ann1_6.MtrunA17Chr3g0123461	MtrunA17Chr3g0123461			medtr.A17.gnm5.MtrunA17Chr3	+	42620282	42627010	1.17083343211486	0.673757880200815	NS	2.60292624523697	1.00540501673144e-05	UP
UP	A485_only	medtr.A17.gnm5.ann1_6.MtrunA17Chr8g0390631	MtrunA17Chr8g0390631			medtr.A17.gnm5.MtrunA17Chr8	+	47747397	47755324	0.403542252965968	0.999999979788073	NS	2.58803744842336	0.00130898743698955	UP
UP	A485_only	medtr.A17.gnm5.ann1_6.MtrunA17Chr7g0228701	MtrunA17Chr7g0228701			medtr.A17.gnm5.MtrunA17Chr7	+	14231202	14231390	2.24854050684631	0.221886674699785	NS	2.58670285168554	0.0421517458413951	UP
UP	A485_only	medtr.A17.gnm5.ann1_6.MtrunA17Chr1g0192831	MtrunA17Chr1g0192831			medtr.A17.gnm5.MtrunA17Chr1	-	41401214	41407486	1.98275888716051	0.0941843394361648	NS	2.58594305859455	0.00306341364637403	UP
UP	A485_only	medtr.A17.gnm5.ann1_6.MtrunA17Chr8g0357511	MtrunA17Chr8g0357511	MtSTIG/GRI_20	Stigma1 / GRI	medtr.A17.gnm5.MtrunA17Chr8	-	19503094	19503495	1.74458886061253	0.616382335187595	NS	2.58069616395062	0.0440443269461338	UP
UP	A485_only	medtr.A17.gnm5.ann1_6.MtrunA17Chr1g0173761	MtrunA17Chr1g0173761			medtr.A17.gnm5.MtrunA17Chr1	-	23855911	23867181	1.36571463648353	0.999999979788073	NS	2.57639677376497	0.0494484577777568	UP
UP	A485_only	medtr.A17.gnm5.ann1_6.MtrunA17Chr7g0236371	MtrunA17Chr7g0236371			medtr.A17.gnm5.MtrunA17Chr7	-	26553568	26555664	1.87709645849646	0.0580016833407525	NS	2.56678606018615	0.000644068717708071	UP
UP	A485_only	medtr.A17.gnm5.ann1_6.MtrunA17Chr7g0254781	MtrunA17Chr7g0254781			medtr.A17.gnm5.MtrunA17Chr7	+	40933893	40938657	1.70040318663408	0.533802671985376	NS	2.56577410014599	0.0311093941594844	UP
UP	A485_only	medtr.A17.gnm5.ann1_6.MtrunA17Chr2g0299261	MtrunA17Chr2g0299261			medtr.A17.gnm5.MtrunA17Chr2	+	17217865	17219130	1.45956508886133	0.527536802304937	NS	2.56332620648271	0.00394721943372235	UP
UP	A485_only	medtr.A17.gnm5.ann1_6.MtrunA17Chr3g0096471	MtrunA17Chr3g0096471			medtr.A17.gnm5.MtrunA17Chr3	+	20576109	20577378	2.32039586843177	0.0886258798042527	NS	2.55658464401351	0.0173229493956935	UP
UP	A485_only	medtr.A17.gnm5.ann1_6.MtrunA17Chr3g0114241	MtrunA17Chr3g0114241			medtr.A17.gnm5.MtrunA17Chr3	+	35823784	35830329	1.45514389467384	0.287231458834723	NS	2.55332451214547	0.000214311792267177	UP
UP	A485_only	medtr.A17.gnm5.ann1_6.MtrunA17Chr1g0213271	MtrunA17Chr1g0213271			medtr.A17.gnm5.MtrunA17Chr1	+	56191822	56195937	1.25699988975357	0.411086485296826	NS	2.55198408127617	1.21559563690714e-05	UP
UP	A485_only	medtr.A17.gnm5.ann1_6.MtrunA17Chr8g0355041	MtrunA17Chr8g0355041	MtSUN AET02575.1	Sad1/UNC-84 (SUN) protein (AET02575.1)	medtr.A17.gnm5.MtrunA17Chr8	+	16567067	16573202	0.307071933247984	0.999999979788073	NS	2.55157417483777	0.0067403221465679	UP
UP	A485_only	medtr.A17.gnm5.ann1_6.MtrunA17Chr6g0452101	MtrunA17Chr6g0452101			medtr.A17.gnm5.MtrunA17Chr6	-	2531034	2531983	2.09444523855209	0.245661332713618	NS	2.55146875915163	0.0311093941594844	UP
UP	A485_only	medtr.A17.gnm5.ann1_6.MtrunA17Chr4g0019051	MtrunA17Chr4g0019051	MtPEP	Plant Elicitor Peptide	medtr.A17.gnm5.MtrunA17Chr4	-	14383561	14385804	2.36230554686472	0.0758870486305442	NS	2.55052001111881	0.0173446274725349	UP
UP	A485_only	medtr.A17.gnm5.ann1_6.MtrunA17Chr4g0034091	MtrunA17Chr4g0034091			medtr.A17.gnm5.MtrunA17Chr4	+	33841294	33842125	1.43880693635069	0.403020842010053	NS	2.54034554096926	0.000733894038941544	UP
UP	A485_only	medtr.A17.gnm5.ann1_6.MtrunA17Chr2g0331091	MtrunA17Chr2g0331091			medtr.A17.gnm5.MtrunA17Chr2	-	49588755	49589640	1.85958989604942	0.305409907993736	NS	2.53886137049821	0.0158689323547496	UP
UP	A485_only	medtr.A17.gnm5.ann1_6.MtrunA17Chr4g0009511	MtrunA17Chr4g0009511			medtr.A17.gnm5.MtrunA17Chr4	+	7406043	7407109	1.98722034171804	0.152367728063212	NS	2.53477506760087	0.00901546111839028	UP
UP	A485_only	medtr.A17.gnm5.ann1_6.MtrunA17Chr4g0065341	MtrunA17Chr4g0065341	MtSTP7_4	Sugar transport protein 7 (Hexose transporter)	medtr.A17.gnm5.MtrunA17Chr4	+	56479545	56481399	1.36209422845427	0.940986113511214	NS	2.53460883223223	0.0278896403202812	UP
UP	A485_only	medtr.A17.gnm5.ann1_6.MtrunA17Chr1g0161151	MtrunA17Chr1g0161151			medtr.A17.gnm5.MtrunA17Chr1	-	11443516	11446174	1.49698555269704	0.443969289156517	NS	2.53249423097883	0.00323588134477238	UP
UP	A485_only	medtr.A17.gnm5.ann1_6.MtrunA17Chr1g0167711	MtrunA17Chr1g0167711			medtr.A17.gnm5.MtrunA17Chr1	-	16568140	16570148	2.18663299996881	0.0941843394361648	NS	2.53106331127013	0.010990229139478	UP
UP	A485_only	medtr.A17.gnm5.ann1_6.MtrunA17Chr8g0344381	MtrunA17Chr8g0344381			medtr.A17.gnm5.MtrunA17Chr8	-	7499530	7502646	1.28877560729386	0.786179838857337	NS	2.52481251227255	0.00354340254533581	UP
UP	A485_only	medtr.A17.gnm5.ann1_6.MtrunA17Chr1g0173561	MtrunA17Chr1g0173561			medtr.A17.gnm5.MtrunA17Chr1	+	23450493	23451136	0.935931929000627	0.999999979788073	NS	2.52182988008528	0.00041583766388834	UP
UP	A485_only	medtr.A17.gnm5.ann1_6.MtrunA17Chr1g0183131	MtrunA17Chr1g0183131			medtr.A17.gnm5.MtrunA17Chr1	+	33966804	33970986	1.35471833823765	0.39661857361218	NS	2.51105738328263	0.000133032092399032	UP
UP	A485_only	medtr.A17.gnm5.ann1_6.MtrunA17Chr3g0102981	MtrunA17Chr3g0102981			medtr.A17.gnm5.MtrunA17Chr3	+	27465571	27473168	0.99313004864867	0.999999979788073	NS	2.51050344232944	0.00116346341589825	UP
UP	A485_only	medtr.A17.gnm5.ann1_6.MtrunA17Chr4g0021551	MtrunA17Chr4g0021551			medtr.A17.gnm5.MtrunA17Chr4	+	19777227	19777926	0.81103631570883	0.999999979788073	NS	2.50908298815071	0.00423397787502625	UP
UP	A485_only	medtr.A17.gnm5.ann1_6.MtrunA17Chr2g0332161	MtrunA17Chr2g0332161			medtr.A17.gnm5.MtrunA17Chr2	-	50275736	50280375	1.4819383385549	0.35547079716658	NS	2.50331853097173	0.000969279233811031	UP
UP	A485_only	medtr.A17.gnm5.ann1_6.MtrunA17Chr4g0059601	MtrunA17Chr4g0059601			medtr.A17.gnm5.MtrunA17Chr4	-	52200762	52202725	1.53407160031703	0.0753447415413711	NS	2.49959757035535	3.14879616554578e-05	UP
UP	A485_only	medtr.A17.gnm5.ann1_6.MtrunA17Chr7g0251541	MtrunA17Chr7g0251541			medtr.A17.gnm5.MtrunA17Chr7	+	38704972	38715159	1.88819561761967	0.170919339775387	NS	2.49794923247306	0.00705771956444506	UP
UP	A485_only	medtr.A17.gnm5.ann1_6.MtrunA17Chr4g0013371	MtrunA17Chr4g0013371			medtr.A17.gnm5.MtrunA17Chr4	+	10787449	10789231	0.29152425825604	0.999999979788073	NS	2.49590572789099	0.000619846763434132	UP
UP	A485_only	medtr.A17.gnm5.ann1_6.MtrunA17Chr8g0389171	MtrunA17Chr8g0389171			medtr.A17.gnm5.MtrunA17Chr8	+	46813393	46814564	1.61564169995459	0.392561505804684	NS	2.49546833537199	0.00832725081409038	UP
UP	A485_only	medtr.A17.gnm5.ann1_6.MtrunA17Chr5g0403801	MtrunA17Chr5g0403801			medtr.A17.gnm5.MtrunA17Chr5	+	7545153	7545348	2.18649384339612	0.195536680938486	NS	2.49375645790288	0.0368422737719924	UP
UP	A485_only	medtr.A17.gnm5.ann1_6.MtrunA17Chr4g0062741	MtrunA17Chr4g0062741			medtr.A17.gnm5.MtrunA17Chr4	+	54435630	54437625	-0.616132116123376	0.999999979788073	NS	2.48866167009796	0.0015141371939283	UP
UP	A485_only	medtr.A17.gnm5.ann1_6.MtrunA17Chr7g0223331	MtrunA17Chr7g0223331			medtr.A17.gnm5.MtrunA17Chr7	+	8586660	8588878	1.74056928206367	0.142053853875987	NS	2.48855613352235	0.00150377986422198	UP
UP	A485_only	medtr.A17.gnm5.ann1_6.MtrunA17Chr1g0168621	MtrunA17Chr1g0168621			medtr.A17.gnm5.MtrunA17Chr1	-	17468085	17469228	1.0547801376761	0.999999979788073	NS	2.48651918439645	0.000858093007591235	UP
UP	A485_only	medtr.A17.gnm5.ann1_6.MtrunA17Chr1g0207461	MtrunA17Chr1g0207461			medtr.A17.gnm5.MtrunA17Chr1	+	51955143	51960859	1.69559234833617	0.292082354524175	NS	2.4864725210387	0.00612005699727165	UP
UP	A485_only	medtr.A17.gnm5.ann1_6.MtrunA17Chr1g0177521	MtrunA17Chr1g0177521			medtr.A17.gnm5.MtrunA17Chr1	-	29066437	29067405	0.638454271948557	0.999999979788073	NS	2.48523714838057	0.00718410034811355	UP
UP	A485_only	medtr.A17.gnm5.ann1_6.MtrunA17Chr2g0291511	MtrunA17Chr2g0291511			medtr.A17.gnm5.MtrunA17Chr2	-	10678360	10680311	0.999197996100208	0.999999979788073	NS	2.48516204564178	0.0104669995498114	UP
UP	A485_only	medtr.A17.gnm5.ann1_6.MtrunA17Chr7g0241521	MtrunA17Chr7g0241521			medtr.A17.gnm5.MtrunA17Chr7	+	31092825	31097294	1.06516204704669	0.999999979788073	NS	2.48422937258668	0.0104996908188911	UP
UP	A485_only	medtr.A17.gnm5.ann1_6.MtrunA17Chr5g0421011	MtrunA17Chr5g0421011			medtr.A17.gnm5.MtrunA17Chr5	+	21651457	21655202	1.65393962825787	0.0619309754242874	NS	2.48383359580503	0.000104845557743151	UP
UP	A485_only	medtr.A17.gnm5.ann1_6.MtrunA17Chr5g0409771	MtrunA17Chr5g0409771			medtr.A17.gnm5.MtrunA17Chr5	-	11472737	11475956	1.70658734729317	0.330359996856362	NS	2.4827462288928	0.0114449385508245	UP
UP	A485_only	medtr.A17.gnm5.ann1_6.MtrunA17Chr6g0451991	MtrunA17Chr6g0451991			medtr.A17.gnm5.MtrunA17Chr6	-	2439055	2441793	1.22416882692181	0.999999979788073	NS	2.48184763197515	0.0423002799689986	UP
UP	A485_only	medtr.A17.gnm5.ann1_6.MtrunA17Chr1g0151661	MtrunA17Chr1g0151661			medtr.A17.gnm5.MtrunA17Chr1	+	4460891	4461808	1.89733260322189	0.291701604210982	NS	2.48063590300575	0.0234728981174785	UP
UP	A485_only	medtr.A17.gnm5.ann1_6.MtrunA17Chr1g0147611	MtrunA17Chr1g0147611			medtr.A17.gnm5.MtrunA17Chr1	+	1238768	1249675	0.211902763660211	0.999999979788073	NS	2.48014755617024	0.000280772399480158	UP
UP	A485_only	medtr.A17.gnm5.ann1_6.MtrunA17Chr4g0069371	MtrunA17Chr4g0069371			medtr.A17.gnm5.MtrunA17Chr4	-	59282040	59284516	0.712669191991772	0.999999979788073	NS	2.47781796094165	0.00160650670958783	UP
UP	A485_only	medtr.A17.gnm5.ann1_6.MtrunA17Chr2g0290101	MtrunA17Chr2g0290101	MtPhyCys5	Phytocystatin	medtr.A17.gnm5.MtrunA17Chr2	+	9441153	9443615	1.69035590427225	0.112018778143295	NS	2.47542648213315	0.000648647314835361	UP
UP	A485_only	medtr.A17.gnm5.ann1_6.MtrunA17Chr7g0265101	MtrunA17Chr7g0265101			medtr.A17.gnm5.MtrunA17Chr7	+	48481596	48483550	1.36226942078668	0.632337861892635	NS	2.47433912033482	0.00278975131578042	UP
UP	A485_only	medtr.A17.gnm5.ann1_6.MtrunA17Chr7g0257541	MtrunA17Chr7g0257541			medtr.A17.gnm5.MtrunA17Chr7	+	43082898	43086428	2.34654161304682	0.0674060367712043	NS	2.47350308275337	0.0178789228512554	UP
UP	A485_only	medtr.A17.gnm5.ann1_6.MtrunA17Chr4g0038661	MtrunA17Chr4g0038661			medtr.A17.gnm5.MtrunA17Chr4	+	36908039	36916482	0.980489659668959	0.999999979788073	NS	2.46888251051733	0.0198623712069399	UP
UP	A485_only	medtr.A17.gnm5.ann1_6.MtrunA17Chr7g0257741	MtrunA17Chr7g0257741			medtr.A17.gnm5.MtrunA17Chr7	-	43237298	43239192	0.992515554545258	0.999999979788073	NS	2.46872619715137	0.00964011293528204	UP
UP	A485_only	medtr.A17.gnm5.ann1_6.MtrunA17Chr5g0422051	MtrunA17Chr5g0422051			medtr.A17.gnm5.MtrunA17Chr5	-	23802756	23804929	0.84903493000966	0.999999979788073	NS	2.46308393086605	0.000240976772330645	UP
UP	A485_only	medtr.A17.gnm5.ann1_6.MtrunA17Chr1g0185251	MtrunA17Chr1g0185251			medtr.A17.gnm5.MtrunA17Chr1	+	35701665	35711016	0.70387777569404	0.999999979788073	NS	2.45947489957429	0.000129860059538613	UP
UP	A485_only	medtr.A17.gnm5.ann1_6.MtrunA17Chr1g0210461	MtrunA17Chr1g0210461			medtr.A17.gnm5.MtrunA17Chr1	-	54211908	54216086	0.944071729363868	0.999999979788073	NS	2.45900217599853	0.00221495750643765	UP
UP	A485_only	medtr.A17.gnm5.ann1_6.MtrunA17Chr4g0003841	MtrunA17Chr4g0003841			medtr.A17.gnm5.MtrunA17Chr4	+	2940067	2950880	0.335305536659283	0.999999979788073	NS	2.4559576554471	0.00284301167175433	UP
UP	A485_only	medtr.A17.gnm5.ann1_6.MtrunA17Chr2g0280691	MtrunA17Chr2g0280691			medtr.A17.gnm5.MtrunA17Chr2	+	2677501	2681937	1.13778155808784	0.999999979788073	NS	2.45544758851136	0.0067734032767879	UP
UP	A485_only	medtr.A17.gnm5.ann1_6.MtrunA17Chr3g0117901	MtrunA17Chr3g0117901			medtr.A17.gnm5.MtrunA17Chr3	+	38730846	38731971	1.66963008028073	0.103789986188034	NS	2.45494232137704	0.000396331204071586	UP
UP	A485_only	medtr.A17.gnm5.ann1_6.MtrunA17Chr4g0038311	MtrunA17Chr4g0038311			medtr.A17.gnm5.MtrunA17Chr4	+	36664370	36671422	1.80247654973257	0.0587688798387215	NS	2.45343560511384	0.000524438989985879	UP
UP	A485_only	medtr.A17.gnm5.ann1_6.MtrunA17Chr5g0417011	MtrunA17Chr5g0417011			medtr.A17.gnm5.MtrunA17Chr5	+	17706529	17708128	1.76320738632172	0.214716910425888	NS	2.45335020127401	0.00511103107116233	UP
UP	A485_only	medtr.A17.gnm5.ann1_6.MtrunA17Chr1g0201691	MtrunA17Chr1g0201691			medtr.A17.gnm5.MtrunA17Chr1	-	47982551	47983427	1.5105505101197	0.620243529061882	NS	2.45334936151366	0.0153504413986199	UP
UP	A485_only	medtr.A17.gnm5.ann1_6.MtrunA17Chr8g0341421	MtrunA17Chr8g0341421			medtr.A17.gnm5.MtrunA17Chr8	-	5018881	5021147	1.9005580482451	0.177011881364853	NS	2.45308050000603	0.00911336418201786	UP
UP	A485_only	medtr.A17.gnm5.ann1_6.MtrunA17Chr3g0084271	MtrunA17Chr3g0084271			medtr.A17.gnm5.MtrunA17Chr3	-	5707519	5709158	2.34635404240152	0.0997615533471311	NS	2.45124397140805	0.0320300313088759	UP
UP	A485_only	medtr.A17.gnm5.ann1_6.MtrunA17Chr4g0075021	MtrunA17Chr4g0075021			medtr.A17.gnm5.MtrunA17Chr4	-	63445920	63448792	1.88356983883745	0.0923553911840981	NS	2.44294964015746	0.00273132987403346	UP
UP	A485_only	medtr.A17.gnm5.ann1_6.MtrunA17Chr4g0030001	MtrunA17Chr4g0030001	MtLBD11	LOB Domain protein 11	medtr.A17.gnm5.MtrunA17Chr4	-	30635626	30637885	2.30625066924939	0.050051203593399	NS	2.44156424751675	0.0119662778212492	UP
UP	A485_only	medtr.A17.gnm5.ann1_6.MtrunA17Chr5g0440281	MtrunA17Chr5g0440281			medtr.A17.gnm5.MtrunA17Chr5	+	39088185	39091385	0.886253142874805	0.999999979788073	NS	2.44115094813982	0.000346525222848345	UP
UP	A485_only	medtr.A17.gnm5.ann1_6.MtrunA17Chr2g0314441	MtrunA17Chr2g0314441	MtKunitz6	Kunitz-P Trypsin Inhibitor	medtr.A17.gnm5.MtrunA17Chr2	-	36895119	36896564	1.70525129232274	0.189596646641742	NS	2.43781118920016	0.00251783070027598	UP
UP	A485_only	medtr.A17.gnm5.ann1_6.MtrunA17Chr1g0168611	MtrunA17Chr1g0168611			medtr.A17.gnm5.MtrunA17Chr1	+	17465074	17469178	0.651258017704457	0.999999979788073	NS	2.43705271711862	9.7433749676864e-05	UP
UP	A485_only	medtr.A17.gnm5.ann1_6.MtrunA17Chr3g0136821	MtrunA17Chr3g0136821			medtr.A17.gnm5.MtrunA17Chr3	-	52284633	52285182	0.735383831295648	0.999999979788073	NS	2.42467125122989	0.0006850539884639	UP
UP	A485_only	medtr.A17.gnm5.ann1_6.MtrunA17Chr5g0431461	MtrunA17Chr5g0431461			medtr.A17.gnm5.MtrunA17Chr5	-	32326712	32333423	1.10507032264548	0.999999979788073	NS	2.42421716820402	0.0132125297285099	UP
UP	A485_only	medtr.A17.gnm5.ann1_6.MtrunA17Chr8g0386311	MtrunA17Chr8g0386311			medtr.A17.gnm5.MtrunA17Chr8	+	44783278	44789188	1.37137197396168	0.534812897681415	NS	2.41774088186054	0.00151863517732637	UP
UP	A485_only	medtr.A17.gnm5.ann1_6.MtrunA17Chr3g0141451	MtrunA17Chr3g0141451			medtr.A17.gnm5.MtrunA17Chr3	-	55672148	55676432	0.304664110716507	0.999999979788073	NS	2.41738364536287	0.00161483333749731	UP
UP	A485_only	medtr.A17.gnm5.ann1_6.MtrunA17Chr7g0227311	MtrunA17Chr7g0227311			medtr.A17.gnm5.MtrunA17Chr7	+	12470646	12471123	1.7904765967358	0.219158405966195	NS	2.41433148391835	0.00715843284443871	UP
UP	A485_only	medtr.A17.gnm5.ann1_6.MtrunA17Chr7g0223211	MtrunA17Chr7g0223211			medtr.A17.gnm5.MtrunA17Chr7	-	8465807	8471384	1.091891948073	0.995191367901992	NS	2.41410991075996	3.61232451427039e-05	UP
UP	A485_only	medtr.A17.gnm5.ann1_6.MtrunA17Chr2g0279871	MtrunA17Chr2g0279871			medtr.A17.gnm5.MtrunA17Chr2	-	2178842	2185920	1.21261221561311	0.681699432148172	NS	2.40910516533684	0.000158466638797726	UP
UP	A485_only	medtr.A17.gnm5.ann1_6.MtrunA17Chr3g0135361	MtrunA17Chr3g0135361			medtr.A17.gnm5.MtrunA17Chr3	+	51355964	51361366	1.23025953888057	0.5249973256164	NS	2.40799681017516	3.66801572736437e-05	UP
UP	A485_only	medtr.A17.gnm5.ann1_6.MtrunA17Chr1g0185631	MtrunA17Chr1g0185631			medtr.A17.gnm5.MtrunA17Chr1	-	36021105	36025008	1.18089035718421	0.788232543004847	NS	2.40576397224098	0.000153093759544878	UP
UP	A485_only	medtr.A17.gnm5.ann1_6.MtrunA17Chr4g0076471	MtrunA17Chr4g0076471			medtr.A17.gnm5.MtrunA17Chr4	+	64330230	64332371	1.48127474849935	0.64664070689518	NS	2.40344456134043	0.0186513328739034	UP
UP	A485_only	medtr.A17.gnm5.ann1_6.MtrunA17Chr4g0013171	MtrunA17Chr4g0013171	MtPrx81	MtRip8|peroxidase	medtr.A17.gnm5.MtrunA17Chr4	-	10629934	10632305	1.71541427552379	0.18965237023679	NS	2.40215767408889	0.00350283356972727	UP
UP	A485_only	medtr.A17.gnm5.ann1_6.MtrunA17Chr5g0422291	MtrunA17Chr5g0422291			medtr.A17.gnm5.MtrunA17Chr5	+	23915965	23923083	0.728411825627726	0.999999979788073	NS	2.39984170534537	2.21858637466016e-05	UP
UP	A485_only	medtr.A17.gnm5.ann1_6.MtrunA17Chr6g0462551	MtrunA17Chr6g0462551			medtr.A17.gnm5.MtrunA17Chr6	+	11577679	11579537	1.27838417187194	0.958208881479778	NS	2.39914718488274	0.0274665062952883	UP
UP	A485_only	medtr.A17.gnm5.ann1_6.MtrunA17Chr4g0034101	MtrunA17Chr4g0034101			medtr.A17.gnm5.MtrunA17Chr4	-	33841501	33841529	1.34418727365222	0.607009968010849	NS	2.39795973005655	0.00241069698530752	UP
UP	A485_only	medtr.A17.gnm5.ann1_6.MtrunA17Chr2g0330591	MtrunA17Chr2g0330591			medtr.A17.gnm5.MtrunA17Chr2	+	49277622	49283663	1.40883417512053	0.462641358869644	NS	2.39177419978806	0.00129896976084054	UP
UP	A485_only	medtr.A17.gnm5.ann1_6.MtrunA17Chr4g0045231	MtrunA17Chr4g0045231			medtr.A17.gnm5.MtrunA17Chr4	+	41907385	41909581	2.11907861753808	0.132055016393784	NS	2.39087855330898	0.0248679861384054	UP
UP	A485_only	medtr.A17.gnm5.ann1_6.MtrunA17Chr3g0101321	MtrunA17Chr3g0101321			medtr.A17.gnm5.MtrunA17Chr3	-	25802047	25805699	2.09585442838757	0.0749737069734113	NS	2.38794304257844	0.00935848373655373	UP
UP	A485_only	medtr.A17.gnm5.ann1_6.MtrunA17Chr4g0036021	MtrunA17Chr4g0036021	MtPMT5_3|MtPLT1.3	Sorbitol-like transporter, polyol transporter|polyol/monosaccharide transporter	medtr.A17.gnm5.MtrunA17Chr4	+	35295056	35297538	1.20042015576935	0.999999979788073	NS	2.38621457546331	0.0410025740351427	UP
UP	A485_only	medtr.A17.gnm5.ann1_6.MtrunA17Chr5g0418961	MtrunA17Chr5g0418961			medtr.A17.gnm5.MtrunA17Chr5	+	19333442	19336120	1.52897294835807	0.186795601218229	NS	2.38365025212523	0.000484397841232506	UP
UP	A485_only	medtr.A17.gnm5.ann1_6.MtrunA17Chr4g0064561	MtrunA17Chr4g0064561			medtr.A17.gnm5.MtrunA17Chr4	-	55930399	55931450	1.38273531115493	0.455323894501844	NS	2.37981611554129	0.000969279233811031	UP
UP	A485_only	medtr.A17.gnm5.ann1_6.MtrunA17Chr1g0161891	MtrunA17Chr1g0161891			medtr.A17.gnm5.MtrunA17Chr1	+	11949125	11951717	1.36482084621432	0.846958487482223	NS	2.37077973936926	0.0250551987092997	UP
UP	A485_only	medtr.A17.gnm5.ann1_6.MtrunA17Chr4g0030891	MtrunA17Chr4g0030891			medtr.A17.gnm5.MtrunA17Chr4	+	31511228	31515699	0.571007582075414	0.999999979788073	NS	2.36724129727851	0.00392820181828332	UP
UP	A485_only	medtr.A17.gnm5.ann1_6.MtrunA17Chr4g0060271	MtrunA17Chr4g0060271			medtr.A17.gnm5.MtrunA17Chr4	+	52738412	52742908	2.05680268207033	0.108066863896355	NS	2.3661242298487	0.0153105503335354	UP
UP	A485_only	medtr.A17.gnm5.ann1_6.MtrunA17Chr1g0205701	MtrunA17Chr1g0205701	MtPCY39|MtSC2	Plantacyanin/Chemocyanin|stellacyanin 2	medtr.A17.gnm5.MtrunA17Chr1	+	50884998	50886726	2.006345830604	0.275241706267993	NS	2.36517856879845	0.0471857779969435	UP
UP	A485_only	medtr.A17.gnm5.ann1_6.MtrunA17Chr3g0130671	MtrunA17Chr3g0130671			medtr.A17.gnm5.MtrunA17Chr3	-	47768106	47772942	1.67099253240491	0.350471787487493	NS	2.36191149006019	0.0158512662296473	UP
UP	A485_only	medtr.A17.gnm5.ann1_6.MtrunA17Chr3g0127901	MtrunA17Chr3g0127901			medtr.A17.gnm5.MtrunA17Chr3	-	45824924	45827855	0.758078667975743	0.999999979788073	NS	2.35943986587949	0.00212204454988519	UP
UP	A485_only	medtr.A17.gnm5.ann1_6.MtrunA17Chr8g0374711	MtrunA17Chr8g0374711			medtr.A17.gnm5.MtrunA17Chr8	-	36606997	36609624	1.71555410556148	0.386119313163026	NS	2.35884143188261	0.0232312851678565	UP
UP	A485_only	medtr.A17.gnm5.ann1_6.MtrunA17Chr5g0400591	MtrunA17Chr5g0400591			medtr.A17.gnm5.MtrunA17Chr5	-	4858593	4862598	1.37849688167295	0.132055016393784	NS	2.35633850643183	1.40722346500108e-05	UP
UP	A485_only	medtr.A17.gnm5.ann1_6.MtrunA17Chr4g0011121	MtrunA17Chr4g0011121			medtr.A17.gnm5.MtrunA17Chr4	+	8714977	8716730	1.44764317576384	0.742110612009616	NS	2.35548924665711	0.0295742479532263	UP
UP	A485_only	medtr.A17.gnm5.ann1_6.MtrunA17Chr5g0393881	MtrunA17Chr5g0393881			medtr.A17.gnm5.MtrunA17Chr5	+	394928	399969	1.69121055992809	0.22316528982336	NS	2.34752404987375	0.00558285120840471	UP
UP	A485_only	medtr.A17.gnm5.ann1_6.MtrunA17Chr6g0485021	MtrunA17Chr6g0485021			medtr.A17.gnm5.MtrunA17Chr6	-	39548004	39552473	1.16447646847334	0.999999979788073	NS	2.34696715105228	0.00538218864663762	UP
UP	A485_only	medtr.A17.gnm5.ann1_6.MtrunA17Chr3g0136811	MtrunA17Chr3g0136811			medtr.A17.gnm5.MtrunA17Chr3	+	52284571	52289931	1.09448243836129	0.999999979788073	NS	2.34433947981277	7.76988168647254e-05	UP
UP	A485_only	medtr.A17.gnm5.ann1_6.MtrunA17Chr3g0081701	MtrunA17Chr3g0081701			medtr.A17.gnm5.MtrunA17Chr3	-	3720352	3721860	2.23042160272277	0.102512141304527	NS	2.34416311021051	0.0311593710410956	UP
UP	A485_only	medtr.A17.gnm5.ann1_6.MtrunA17Chr4g0009631	MtrunA17Chr4g0009631			medtr.A17.gnm5.MtrunA17Chr4	-	7477819	7483768	0.877851128243492	0.999999979788073	NS	2.34054671166643	0.000524438989985879	UP
UP	A485_only	medtr.A17.gnm5.ann1_6.MtrunA17Chr2g0282271	MtrunA17Chr2g0282271			medtr.A17.gnm5.MtrunA17Chr2	+	3747151	3749789	1.02713899497906	0.999999979788073	NS	2.33882344532864	0.00132846181303449	UP
UP	A485_only	medtr.A17.gnm5.ann1_6.MtrunA17Chr7g0247451	MtrunA17Chr7g0247451			medtr.A17.gnm5.MtrunA17Chr7	-	35842946	35850207	0.452260476278131	0.999999979788073	NS	2.33716953647998	0.00731089134497326	UP
UP	A485_only	medtr.A17.gnm5.ann1_6.MtrunA17Chr3g0126121	MtrunA17Chr3g0126121			medtr.A17.gnm5.MtrunA17Chr3	-	44489302	44492161	1.72848578303804	0.164472230180779	NS	2.33511920504361	0.00355400430175194	UP
UP	A485_only	medtr.A17.gnm5.ann1_6.MtrunA17Chr8g0336411	MtrunA17Chr8g0336411			medtr.A17.gnm5.MtrunA17Chr8	-	1647515	1651305	1.61185892910991	0.539509849852834	NS	2.33145409360777	0.0312744735267284	UP
UP	A485_only	medtr.A17.gnm5.ann1_6.MtrunA17Chr8g0366891	MtrunA17Chr8g0366891			medtr.A17.gnm5.MtrunA17Chr8	+	30707385	30708681	2.10643386632602	0.157786500331138	NS	2.3299961637508	0.0351481830875399	UP
UP	A485_only	medtr.A17.gnm5.ann1_6.MtrunA17Chr7g0255601	MtrunA17Chr7g0255601	MtNPF3.3	NRT1/ PTR FAMILY|nitrate transporter / peptide transporter	medtr.A17.gnm5.MtrunA17Chr7	-	41534934	41539433	1.33099411362432	0.674116846389821	NS	2.3297886100715	0.00616702898294439	UP
UP	A485_only	medtr.A17.gnm5.ann1_6.MtrunA17Chr8g0389561	MtrunA17Chr8g0389561			medtr.A17.gnm5.MtrunA17Chr8	-	47058296	47060474	1.36780393680552	0.262978151889433	NS	2.32689025508959	0.00010572468747135	UP
UP	A485_only	medtr.A17.gnm5.ann1_6.MtrunA17Chr1g0203791	MtrunA17Chr1g0203791	MtMATE58	multidrug and toxic compound extrusion family	medtr.A17.gnm5.MtrunA17Chr1	-	49490368	49492416	1.31525010977681	0.628433826155522	NS	2.32293662975276	0.00273132987403346	UP
UP	A485_only	medtr.A17.gnm5.ann1_6.MtrunA17Chr6g0475701	MtrunA17Chr6g0475701			medtr.A17.gnm5.MtrunA17Chr6	+	30191577	30192246	1.00748633470798	0.999999979788073	NS	2.32117602581737	0.0291751069631856	UP
UP	A485_only	medtr.A17.gnm5.ann1_6.MtrunA17Chr8g0361011	MtrunA17Chr8g0361011			medtr.A17.gnm5.MtrunA17Chr8	+	25326852	25328754	1.27206502245139	0.630307007476138	NS	2.32099672474675	0.000779087814245937	UP
UP	A485_only	medtr.A17.gnm5.ann1_6.MtrunA17Chr4g0004201	MtrunA17Chr4g0004201			medtr.A17.gnm5.MtrunA17Chr4	+	3248537	3250840	1.64672878826175	0.10805089635939	NS	2.3209583873945	0.000775762915790477	UP
UP	A485_only	medtr.A17.gnm5.ann1_6.MtrunA17Chr5g0441681	MtrunA17Chr5g0441681			medtr.A17.gnm5.MtrunA17Chr5	+	39991071	39991375	1.54697068600234	0.248814249973362	NS	2.32026296964365	0.00153531384761966	UP
UP	A485_only	medtr.A17.gnm5.ann1_6.MtrunA17Chr5g0422091	MtrunA17Chr5g0422091			medtr.A17.gnm5.MtrunA17Chr5	+	23810623	23811096	0.961678176460737	0.999999979788073	NS	2.31764782581673	6.4357773390205e-05	UP
UP	A485_only	medtr.A17.gnm5.ann1_6.MtrunA17Chr4g0053311	MtrunA17Chr4g0053311			medtr.A17.gnm5.MtrunA17Chr4	+	47231995	47234932	2.04601643349593	0.188875698044417	NS	2.31507866035473	0.03733660205606	UP
UP	A485_only	medtr.A17.gnm5.ann1_6.MtrunA17Chr5g0417351	MtrunA17Chr5g0417351			medtr.A17.gnm5.MtrunA17Chr5	-	17930880	17936505	1.2810679976993	0.963053616527213	NS	2.31460459738015	0.037089456801315	UP
UP	A485_only	medtr.A17.gnm5.ann1_6.MtrunA17Chr4g0058721	MtrunA17Chr4g0058721			medtr.A17.gnm5.MtrunA17Chr4	-	51652820	51653084	0.948627873947719	0.999999979788073	NS	2.31456541764973	0.0255207074194542	UP
UP	A485_only	medtr.A17.gnm5.ann1_6.MtrunA17Chr2g0315431	MtrunA17Chr2g0315431			medtr.A17.gnm5.MtrunA17Chr2	+	37709589	37719551	0.750981195223092	0.999999979788073	NS	2.31191616607062	0.00136633916438812	UP
UP	A485_only	medtr.A17.gnm5.ann1_6.MtrunA17Chr2g0332241	MtrunA17Chr2g0332241	MtABCG10	ATP-binding cassette (ABC) transporter type G (XM_003597771)	medtr.A17.gnm5.MtrunA17Chr2	-	50345354	50352777	2.30104557877944	0.114016587256856	NS	2.31048124914282	0.0475219350088155	UP
UP	A485_only	medtr.A17.gnm5.ann1_6.MtrunA17Chr3g0125311	MtrunA17Chr3g0125311			medtr.A17.gnm5.MtrunA17Chr3	+	43842469	43844428	1.34786002742322	0.580478064802363	NS	2.30892451901354	0.00321290771206461	UP
UP	A485_only	medtr.A17.gnm5.ann1_6.MtrunA17Chr3g0134161	MtrunA17Chr3g0134161			medtr.A17.gnm5.MtrunA17Chr3	-	50490339	50491619	2.16545470873418	0.0675129786048024	NS	2.30800703975915	0.0157851834459833	UP
UP	A485_only	medtr.A17.gnm5.ann1_6.MtrunA17Chr7g0260011	MtrunA17Chr7g0260011			medtr.A17.gnm5.MtrunA17Chr7	-	44923156	44926363	-0.232960446308519	0.999999979788073	NS	2.30526432450584	0.0308159078780766	UP
UP	A485_only	medtr.A17.gnm5.ann1_6.MtrunA17Chr7g0227301	MtrunA17Chr7g0227301			medtr.A17.gnm5.MtrunA17Chr7	-	12470438	12475511	1.50330612867775	0.257409583423441	NS	2.30359158043894	0.000932167200978254	UP
UP	A485_only	medtr.A17.gnm5.ann1_6.MtrunA17Chr3g0145591	MtrunA17Chr3g0145591			medtr.A17.gnm5.MtrunA17Chr3	-	58593453	58596730	2.17281172339683	0.146855152351701	NS	2.30194089615017	0.044654568062169	UP
UP	A485_only	medtr.A17.gnm5.ann1_6.MtrunA17Chr8g0387381	MtrunA17Chr8g0387381			medtr.A17.gnm5.MtrunA17Chr8	-	45455168	45455744	1.47141192755617	0.716892648377837	NS	2.29684221845767	0.0383478016156218	UP
UP	A485_only	medtr.A17.gnm5.ann1_6.MtrunA17Chr7g0257731	MtrunA17Chr7g0257731			medtr.A17.gnm5.MtrunA17Chr7	-	43233381	43237296	1.31569378069864	0.210415427211737	NS	2.29647419720499	1.91519176554572e-05	UP
UP	A485_only	medtr.A17.gnm5.ann1_6.MtrunA17Chr5g0410581	MtrunA17Chr5g0410581			medtr.A17.gnm5.MtrunA17Chr5	-	12159046	12164801	0.131396440915103	0.999999979788073	NS	2.29570069682654	0.013874429337966	UP
UP	A485_only	medtr.A17.gnm5.ann1_6.MtrunA17Chr1g0146861	MtrunA17Chr1g0146861			medtr.A17.gnm5.MtrunA17Chr1	+	625290	628828	1.44393945072256	0.402102780417483	NS	2.28791761166	0.0029086446114329	UP
UP	A485_only	medtr.A17.gnm5.ann1_6.MtrunA17Chr5g0423021	MtrunA17Chr5g0423021			medtr.A17.gnm5.MtrunA17Chr5	-	24786559	24787406	0.626742379984652	0.999999979788073	NS	2.28700563420527	0.00124809520225672	UP
UP	A485_only	medtr.A17.gnm5.ann1_6.MtrunA17Chr5g0422301	MtrunA17Chr5g0422301			medtr.A17.gnm5.MtrunA17Chr5	-	23916371	23916847	0.541343740822884	0.999999979788073	NS	2.28669509919797	1.07490858015863e-05	UP
UP	A485_only	medtr.A17.gnm5.ann1_6.MtrunA17Chr3g0130311	MtrunA17Chr3g0130311			medtr.A17.gnm5.MtrunA17Chr3	-	47520566	47524011	0.586931448579048	0.999999979788073	NS	2.2862906996094	0.000480716888180601	UP
UP	A485_only	medtr.A17.gnm5.ann1_6.MtrunA17Chr4g0013381	MtrunA17Chr4g0013381			medtr.A17.gnm5.MtrunA17Chr4	-	10810019	10814831	0.966139852305093	0.999999979788073	NS	2.28343828356402	0.00059049988757764	UP
UP	A485_only	medtr.A17.gnm5.ann1_6.MtrunA17Chr1g0181451	MtrunA17Chr1g0181451			medtr.A17.gnm5.MtrunA17Chr1	-	32537466	32538355	0.734334569947077	0.999999979788073	NS	2.27645254322671	0.0029513937787765	UP
UP	A485_only	medtr.A17.gnm5.ann1_6.MtrunA17Chr2g0298561	MtrunA17Chr2g0298561			medtr.A17.gnm5.MtrunA17Chr2	-	16482997	16490884	1.70089528974594	0.157127152146456	NS	2.27248096635868	0.00391604045263477	UP
UP	A485_only	medtr.A17.gnm5.ann1_6.MtrunA17Chr5g0441751	MtrunA17Chr5g0441751	7SL RNA-1	7SL RNA	medtr.A17.gnm5.MtrunA17Chr5	-	40032478	40032783	1.6095307360156	0.249085124354482	NS	2.26917747677205	0.00418413848485793	UP
UP	A485_only	medtr.A17.gnm5.ann1_6.MtrunA17Chr6g0487201	MtrunA17Chr6g0487201			medtr.A17.gnm5.MtrunA17Chr6	-	41504713	41505790	1.45239550211285	0.436210196447557	NS	2.26807745998246	0.0051856190090336	UP
UP	A485_only	medtr.A17.gnm5.ann1_6.MtrunA17Chr6g0482711	MtrunA17Chr6g0482711			medtr.A17.gnm5.MtrunA17Chr6	+	37320251	37327952	1.30137610159774	0.624389950341531	NS	2.26696707571266	0.00227714700801753	UP
UP	A485_only	medtr.A17.gnm5.ann1_6.MtrunA17Chr8g0347381	MtrunA17Chr8g0347381			medtr.A17.gnm5.MtrunA17Chr8	-	10297121	10302452	1.13410351217676	0.999999979788073	NS	2.25706396265431	0.00250275062541742	UP
UP	A485_only	medtr.A17.gnm5.ann1_6.MtrunA17Chr3g0140811	MtrunA17Chr3g0140811			medtr.A17.gnm5.MtrunA17Chr3	+	55141896	55147289	0.648023012599576	0.999999979788073	NS	2.25473540688599	0.00177965924730836	UP
UP	A485_only	medtr.A17.gnm5.ann1_6.MtrunA17Chr1g0202241	MtrunA17Chr1g0202241			medtr.A17.gnm5.MtrunA17Chr1	+	48478795	48480172	1.27609410341675	0.882144711931396	NS	2.25352895926231	0.0194963843986871	UP
UP	A485_only	medtr.A17.gnm5.ann1_6.MtrunA17Chr4g0066301	MtrunA17Chr4g0066301			medtr.A17.gnm5.MtrunA17Chr4	+	57114332	57117753	1.02400073491027	0.999999979788073	NS	2.25308244230389	0.0137256109844968	UP
UP	A485_only	medtr.A17.gnm5.ann1_6.MtrunA17Chr6g0486651	MtrunA17Chr6g0486651			medtr.A17.gnm5.MtrunA17Chr6	+	40957765	40960024	1.14999102440827	0.999999979788073	NS	2.25279557724162	0.00365908389575569	UP
UP	A485_only	medtr.A17.gnm5.ann1_6.MtrunA17Chr8g0340761	MtrunA17Chr8g0340761			medtr.A17.gnm5.MtrunA17Chr8	+	4504448	4507702	0.235252132164194	0.999999979788073	NS	2.25218486307385	0.0430028524840799	UP
UP	A485_only	medtr.A17.gnm5.ann1_6.MtrunA17Chr2g0333831	MtrunA17Chr2g0333831			medtr.A17.gnm5.MtrunA17Chr2	+	51525876	51526530	1.71449546513941	0.305765205701176	NS	2.25201841342968	0.0238992311847047	UP
UP	A485_only	medtr.A17.gnm5.ann1_6.MtrunA17Chr2g0321351	MtrunA17Chr2g0321351			medtr.A17.gnm5.MtrunA17Chr2	+	42383585	42386242	1.43574967433436	0.688858856701847	NS	2.25196538565939	0.0312744735267284	UP
UP	A485_only	medtr.A17.gnm5.ann1_6.MtrunA17Chr6g0456681	MtrunA17Chr6g0456681			medtr.A17.gnm5.MtrunA17Chr6	-	6527664	6530996	-0.880551071778744	0.999999979788073	NS	2.24592930161771	0.0405905019662266	UP
UP	A485_only	medtr.A17.gnm5.ann1_6.MtrunA17Chr6g0476761	MtrunA17Chr6g0476761			medtr.A17.gnm5.MtrunA17Chr6	-	31580399	31581365	1.32942295830815	0.701081104186872	NS	2.24530590004794	0.00761147779952816	UP
UP	A485_only	medtr.A17.gnm5.ann1_6.MtrunA17Chr8g0345561	MtrunA17Chr8g0345561			medtr.A17.gnm5.MtrunA17Chr8	-	8580158	8584013	1.53071962978914	0.122616639861313	NS	2.24438477450623	0.000346525222848345	UP
UP	A485_only	medtr.A17.gnm5.ann1_6.MtrunA17Chr7g0260891	MtrunA17Chr7g0260891			medtr.A17.gnm5.MtrunA17Chr7	-	45551666	45554866	1.45940381477944	0.277593383988803	NS	2.24411638059451	0.00115476323437631	UP
UP	A485_only	medtr.A17.gnm5.ann1_6.MtrunA17Chr7g0260831	MtrunA17Chr7g0260831	MtCYP94A52	Cytochrome P450 monooxygenase	medtr.A17.gnm5.MtrunA17Chr7	+	45523072	45525054	1.65685430734598	0.437896453654486	NS	2.24301022202213	0.0378727540349396	UP
UP	A485_only	medtr.A17.gnm5.ann1_6.MtrunA17Chr2g0315131	MtrunA17Chr2g0315131			medtr.A17.gnm5.MtrunA17Chr2	+	37432522	37439004	1.48610040925846	0.414515175995099	NS	2.2420137501065	0.00611540691793065	UP
UP	A485_only	medtr.A17.gnm5.ann1_6.MtrunA17Chr7g0268841	MtrunA17Chr7g0268841			medtr.A17.gnm5.MtrunA17Chr7	+	51093457	51094091	0.986764987103494	0.999999979788073	NS	2.24089613407268	0.0146194334474082	UP
UP	A485_only	medtr.A17.gnm5.ann1_6.MtrunA17Chr5g0397831	MtrunA17Chr5g0397831			medtr.A17.gnm5.MtrunA17Chr5	-	2907079	2908300	2.26024648937392	0.0851825875977936	NS	2.23633561706004	0.0391844492168309	UP
UP	A485_only	medtr.A17.gnm5.ann1_6.MtrunA17Chr1g0187781	MtrunA17Chr1g0187781			medtr.A17.gnm5.MtrunA17Chr1	+	37672979	37673233	2.20354835841755	0.0782116742005149	NS	2.23468924723546	0.0310778712540479	UP
UP	A485_only	medtr.A17.gnm5.ann1_6.MtrunA17Chr4g0004571	MtrunA17Chr4g0004571			medtr.A17.gnm5.MtrunA17Chr4	+	3611399	3614262	1.88050347625858	0.0921645564516132	NS	2.23132976194772	0.00754978382400482	UP
UP	A485_only	medtr.A17.gnm5.ann1_6.MtrunA17Chr2g0325051	MtrunA17Chr2g0325051			medtr.A17.gnm5.MtrunA17Chr2	+	45043654	45046052	0.18628580232481	0.999999979788073	NS	2.23111361479957	0.0379625491960445	UP
UP	A485_only	medtr.A17.gnm5.ann1_6.MtrunA17Chr8g0349341	MtrunA17Chr8g0349341			medtr.A17.gnm5.MtrunA17Chr8	+	11826908	11830906	-0.683523868959454	0.999999979788073	NS	2.22740539248474	0.0102985512355539	UP
UP	A485_only	medtr.A17.gnm5.ann1_6.MtrunA17Chr5g0441791	MtrunA17Chr5g0441791			medtr.A17.gnm5.MtrunA17Chr5	-	40049462	40049767	1.38876029745292	0.365221948436764	NS	2.22627785540138	0.000860355687848102	UP
UP	A485_only	medtr.A17.gnm5.ann1_6.MtrunA17Chr1g0181441	MtrunA17Chr1g0181441			medtr.A17.gnm5.MtrunA17Chr1	+	32537248	32538523	0.682788759640455	0.999999979788073	NS	2.22610480108452	0.00323274378390235	UP
UP	A485_only	medtr.A17.gnm5.ann1_6.MtrunA17Chr2g0305131	MtrunA17Chr2g0305131			medtr.A17.gnm5.MtrunA17Chr2	-	23772228	23773420	1.76284872505998	0.343075971735476	NS	2.22256125478017	0.0378727540349396	UP
UP	A485_only	medtr.A17.gnm5.ann1_6.MtrunA17Chr8g0346011	MtrunA17Chr8g0346011			medtr.A17.gnm5.MtrunA17Chr8	+	9017326	9020485	1.5132618176099	0.484672606379671	NS	2.22218182183501	0.0173522234125598	UP
UP	A485_only	medtr.A17.gnm5.ann1_6.MtrunA17Chr1g0183051	MtrunA17Chr1g0183051			medtr.A17.gnm5.MtrunA17Chr1	+	33887042	33892543	1.10311067257697	0.999999979788073	NS	2.22098647279274	0.00142387856669806	UP
UP	A485_only	medtr.A17.gnm5.ann1_6.MtrunA17Chr4g0011821	MtrunA17Chr4g0011821			medtr.A17.gnm5.MtrunA17Chr4	-	9336321	9337670	1.81537160818826	0.142053853875987	NS	2.22096048895094	0.0104996908188911	UP
UP	A485_only	medtr.A17.gnm5.ann1_6.MtrunA17Chr8g0390571	MtrunA17Chr8g0390571			medtr.A17.gnm5.MtrunA17Chr8	-	47717834	47718448	1.23687478360934	0.992520402584293	NS	2.22083188407328	0.0304958372936544	UP
UP	A485_only	medtr.A17.gnm5.ann1_6.MtrunA17Chr1g0208811	MtrunA17Chr1g0208811			medtr.A17.gnm5.MtrunA17Chr1	-	52872435	52880065	1.16327080223613	0.999999979788073	NS	2.22054658549407	0.010990229139478	UP
UP	A485_only	medtr.A17.gnm5.ann1_6.MtrunA17Chr1g0184661	MtrunA17Chr1g0184661	MtH1.2	Histone H1	medtr.A17.gnm5.MtrunA17Chr1	-	35143376	35144627	1.45776062691647	0.458378862916356	NS	2.21922193753987	0.00849154162812242	UP
UP	A485_only	medtr.A17.gnm5.ann1_6.MtrunA17Chr8g0345251	MtrunA17Chr8g0345251			medtr.A17.gnm5.MtrunA17Chr8	+	8307557	8312872	1.26801976129646	0.74884380037776	NS	2.2185847747789	0.00445754837501209	UP
UP	A485_only	medtr.A17.gnm5.ann1_6.MtrunA17Chr5g0436711	MtrunA17Chr5g0436711			medtr.A17.gnm5.MtrunA17Chr5	+	36429425	36430248	1.78506940024267	0.0799846490166738	NS	2.21774848060052	0.0032499781230552	UP
UP	A485_only	medtr.A17.gnm5.ann1_6.MtrunA17Chr2g0333821	MtrunA17Chr2g0333821			medtr.A17.gnm5.MtrunA17Chr2	-	51523898	51527942	1.56739864558993	0.544016781394234	NS	2.21685777765817	0.0448744968998436	UP
UP	A485_only	medtr.A17.gnm5.ann1_6.MtrunA17Chr7g0239331	MtrunA17Chr7g0239331	MtLRK	Lectin Receptor Kinase (orthologue of defense-induced Arabidopsis LRK,TC104767)	medtr.A17.gnm5.MtrunA17Chr7	-	29367790	29370365	2.04223402615164	0.0680792657066939	NS	2.21590941504664	0.0128593672416816	UP
UP	A485_only	medtr.A17.gnm5.ann1_6.MtrunA17Chr6g0483921	MtrunA17Chr6g0483921			medtr.A17.gnm5.MtrunA17Chr6	+	38406790	38409190	1.25732044060562	0.848061805184076	NS	2.21582887770117	0.0109911284945649	UP
UP	A485_only	medtr.A17.gnm5.ann1_6.MtrunA17Chr3g0102941	MtrunA17Chr3g0102941			medtr.A17.gnm5.MtrunA17Chr3	+	27432648	27441261	1.09217114257425	0.999999979788073	NS	2.21439507586049	0.00552450319720551	UP
UP	A485_only	medtr.A17.gnm5.ann1_6.MtrunA17Chr8g0339191	MtrunA17Chr8g0339191	MtBG37	beta-1,3-Glucanase 37	medtr.A17.gnm5.MtrunA17Chr8	+	3444170	3448057	0.647618821572478	0.999999979788073	NS	2.213905814403	0.00709835294023693	UP
UP	A485_only	medtr.A17.gnm5.ann1_6.MtrunA17Chr5g0422081	MtrunA17Chr5g0422081			medtr.A17.gnm5.MtrunA17Chr5	-	23809951	23813612	1.0343548772986	0.999999979788073	NS	2.21007352459839	8.63682658517288e-05	UP
UP	A485_only	medtr.A17.gnm5.ann1_6.MtrunA17Chr5g0411031	MtrunA17Chr5g0411031			medtr.A17.gnm5.MtrunA17Chr5	+	12615759	12619548	1.67811112265394	0.0505804266551017	NS	2.2088772199896	0.000490666414986837	UP
UP	A485_only	medtr.A17.gnm5.ann1_6.MtrunA17Chr8g0373571	MtrunA17Chr8g0373571			medtr.A17.gnm5.MtrunA17Chr8	-	35677672	35684145	0.732422505255839	0.999999979788073	NS	2.20500975258535	0.00331165256165378	UP
UP	A485_only	medtr.A17.gnm5.ann1_6.MtrunA17Chr5g0411011	MtrunA17Chr5g0411011			medtr.A17.gnm5.MtrunA17Chr5	-	12611250	12612894	1.66822615170537	0.22785988207971	NS	2.20385152378929	0.00874235490257813	UP
UP	A485_only	medtr.A17.gnm5.ann1_6.MtrunA17Chr7g0239121	MtrunA17Chr7g0239121			medtr.A17.gnm5.MtrunA17Chr7	-	29249015	29251438	-1.57582122303966	0.940986113511214	NS	2.20132732815506	0.040716999126485	UP
UP	A485_only	medtr.A17.gnm5.ann1_6.MtrunA17Chr5g0441461	MtrunA17Chr5g0441461			medtr.A17.gnm5.MtrunA17Chr5	-	39909140	39914235	1.59186641420442	0.16887844645167	NS	2.19673811820788	0.0023349829928465	UP
UP	A485_only	medtr.A17.gnm5.ann1_6.MtrunA17Chr2g0322331	MtrunA17Chr2g0322331			medtr.A17.gnm5.MtrunA17Chr2	-	43110192	43112620	1.92429327108233	0.146272581907841	NS	2.19304189586982	0.0239296503855125	UP
UP	A485_only	medtr.A17.gnm5.ann1_6.MtrunA17Chr5g0422161	MtrunA17Chr5g0422161			medtr.A17.gnm5.MtrunA17Chr5	-	23824230	23825447	0.518764237771356	0.999999979788073	NS	2.19281727577648	0.0169738360059966	UP
UP	A485_only	medtr.A17.gnm5.ann1_6.MtrunA17Chr1g0193651	MtrunA17Chr1g0193651			medtr.A17.gnm5.MtrunA17Chr1	-	42049965	42050421	1.24185469089151	0.97967700056459	NS	2.1890108964119	0.0327207481414897	UP
UP	A485_only	medtr.A17.gnm5.ann1_6.MtrunA17Chr1g0167941	MtrunA17Chr1g0167941			medtr.A17.gnm5.MtrunA17Chr1	+	16831844	16833352	1.69266602906374	0.146272581907841	NS	2.18754795008744	0.0049693044231228	UP
UP	A485_only	medtr.A17.gnm5.ann1_6.MtrunA17Chr6g0481291	MtrunA17Chr6g0481291			medtr.A17.gnm5.MtrunA17Chr6	+	36196277	36205000	1.14693126365288	0.90071460189736	NS	2.18680579261891	0.000761066125110182	UP
UP	A485_only	medtr.A17.gnm5.ann1_6.MtrunA17Chr8g0342001	MtrunA17Chr8g0342001	MtBGAL23	beta-galactosidase 23	medtr.A17.gnm5.MtrunA17Chr8	+	5429554	5436110	0.217075677564791	0.999999979788073	NS	2.1864593828349	0.015366841104127	UP
UP	A485_only	medtr.A17.gnm5.ann1_6.MtrunA17Chr4g0006201	MtrunA17Chr4g0006201			medtr.A17.gnm5.MtrunA17Chr4	-	4949170	4953714	0.999140128315393	0.999999979788073	NS	2.18454913390417	0.00699241661033113	UP
UP	A485_only	medtr.A17.gnm5.ann1_6.MtrunA17Chr4g0042051	MtrunA17Chr4g0042051			medtr.A17.gnm5.MtrunA17Chr4	-	39500162	39502735	1.20953718758715	0.95646918293156	NS	2.18102453726051	0.014279282449324	UP
UP	A485_only	medtr.A17.gnm5.ann1_6.MtrunA17Chr4g0051731	MtrunA17Chr4g0051731			medtr.A17.gnm5.MtrunA17Chr4	-	46139286	46141958	1.22755009907283	0.896638395196672	NS	2.17989434956578	0.0136085728574671	UP
UP	A485_only	medtr.A17.gnm5.ann1_6.MtrunA17Chr4g0064551	MtrunA17Chr4g0064551			medtr.A17.gnm5.MtrunA17Chr4	+	55930347	55931757	1.28588789611344	0.572534691221774	NS	2.17667172438444	0.00136633916438812	UP
UP	A485_only	medtr.A17.gnm5.ann1_6.MtrunA17Chr4g0013391	MtrunA17Chr4g0013391			medtr.A17.gnm5.MtrunA17Chr4	+	10813843	10815106	0.929230007535287	0.999999979788073	NS	2.1748375551086	0.00148800162405975	UP
UP	A485_only	medtr.A17.gnm5.ann1_6.MtrunA17Chr5g0440861	MtrunA17Chr5g0440861			medtr.A17.gnm5.MtrunA17Chr5	+	39468141	39473899	1.17645702189917	0.699483650365337	NS	2.17171576441889	0.00018017588444823	UP
UP	A485_only	medtr.A17.gnm5.ann1_6.MtrunA17Chr7g0276331	MtrunA17Chr7g0276331			medtr.A17.gnm5.MtrunA17Chr7	+	55897200	55898361	1.06019896370177	0.999999979788073	NS	2.169797505696	0.0395992488939184	UP
UP	A485_only	medtr.A17.gnm5.ann1_6.MtrunA17Chr4g0022431	MtrunA17Chr4g0022431			medtr.A17.gnm5.MtrunA17Chr4	+	22143463	22151768	1.29134000476763	0.662104143596252	NS	2.16967114944223	0.00530112114218358	UP
UP	A485_only	medtr.A17.gnm5.ann1_6.MtrunA17Chr7g0258181	MtrunA17Chr7g0258181			medtr.A17.gnm5.MtrunA17Chr7	+	43566586	43570076	1.63984679260944	0.113453664952963	NS	2.16883673298435	0.00200843936026486	UP
UP	A485_only	medtr.A17.gnm5.ann1_6.MtrunA17Chr5g0432871	MtrunA17Chr5g0432871			medtr.A17.gnm5.MtrunA17Chr5	-	33482782	33491711	1.14056150426541	0.999999979788073	NS	2.16679410084718	0.024447345711595	UP
UP	A485_only	medtr.A17.gnm5.ann1_6.MtrunA17Chr4g0033631	MtrunA17Chr4g0033631			medtr.A17.gnm5.MtrunA17Chr4	+	33551082	33554931	1.1833140383872	0.840036866103038	NS	2.16590558111117	0.00188851015000012	UP
UP	A485_only	medtr.A17.gnm5.ann1_6.MtrunA17Chr2g0311841	MtrunA17Chr2g0311841			medtr.A17.gnm5.MtrunA17Chr2	+	34813256	34813738	0.671213059325147	0.999999979788073	NS	2.1654286093072	0.0196872596064729	UP
UP	A485_only	medtr.A17.gnm5.ann1_6.MtrunA17Chr3g0081401	MtrunA17Chr3g0081401	MtCYP727B11	Cytochrome P450 monooxygenase	medtr.A17.gnm5.MtrunA17Chr3	-	3398971	3402032	1.31347615227191	0.455642491773956	NS	2.16304560688415	0.000818938279300278	UP
UP	A485_only	medtr.A17.gnm5.ann1_6.MtrunA17Chr1g0189201	MtrunA17Chr1g0189201			medtr.A17.gnm5.MtrunA17Chr1	-	38783601	38788341	1.84130114874932	0.234148274833846	NS	2.1614513801836	0.0342901935500723	UP
UP	A485_only	medtr.A17.gnm5.ann1_6.MtrunA17Chr3g0140921	MtrunA17Chr3g0140921			medtr.A17.gnm5.MtrunA17Chr3	-	55279312	55280445	1.20371247724326	0.905224845872483	NS	2.16136451169077	0.00856352330876052	UP
UP	A485_only	medtr.A17.gnm5.ann1_6.MtrunA17Chr2g0286071	MtrunA17Chr2g0286071			medtr.A17.gnm5.MtrunA17Chr2	+	6518271	6521302	1.05702831876904	0.999999979788073	NS	2.15969852416596	0.0211463255223135	UP
UP	A485_only	medtr.A17.gnm5.ann1_6.MtrunA17Chr6g0487561	MtrunA17Chr6g0487561			medtr.A17.gnm5.MtrunA17Chr6	+	41909678	41912071	1.22484041049395	0.832546282407219	NS	2.15335064276808	0.00582183443843304	UP
UP	A485_only	medtr.A17.gnm5.ann1_6.MtrunA17Chr8g0352251	MtrunA17Chr8g0352251	MtNF-YA7	nuclear factor Y subunit A7	medtr.A17.gnm5.MtrunA17Chr8	+	14200057	14205585	1.13030852220985	0.894068510092214	NS	2.14910826948069	0.000359594035197565	UP
UP	A485_only	medtr.A17.gnm5.ann1_6.MtrunA17Chr2g0330551	MtrunA17Chr2g0330551			medtr.A17.gnm5.MtrunA17Chr2	+	49255808	49259183	1.13050218148066	0.999999979788073	NS	2.14897693652659	0.0143492833470666	UP
UP	A485_only	medtr.A17.gnm5.ann1_6.MtrunA17Chr7g0235551	MtrunA17Chr7g0235551	MtCYP93E2	Cytochrome P450 monooxygenase	medtr.A17.gnm5.MtrunA17Chr7	-	25947250	25950515	2.03998766619698	0.0787177601508763	NS	2.14746034496822	0.0217199037765394	UP
UP	A485_only	medtr.A17.gnm5.ann1_6.MtrunA17Chr5g0437361	MtrunA17Chr5g0437361			medtr.A17.gnm5.MtrunA17Chr5	-	36970132	36971148	2.31020009546707	0.0568286218363155	NS	2.14480652969679	0.0401589173818641	UP
UP	A485_only	medtr.A17.gnm5.ann1_6.MtrunA17Chr8g0379441	MtrunA17Chr8g0379441			medtr.A17.gnm5.MtrunA17Chr8	+	40108412	40109464	1.77566808465076	0.161309043677796	NS	2.1440075584031	0.0134126666584326	UP
UP	A485_only	medtr.A17.gnm5.ann1_6.MtrunA17Chr5g0410031	MtrunA17Chr5g0410031			medtr.A17.gnm5.MtrunA17Chr5	+	11696842	11700968	0.936632897168364	0.999999979788073	NS	2.14349739090039	0.0191783430581905	UP
UP	A485_only	medtr.A17.gnm5.ann1_6.MtrunA17Chr5g0437611	MtrunA17Chr5g0437611			medtr.A17.gnm5.MtrunA17Chr5	-	37146156	37148381	1.65012910632981	0.259482325338073	NS	2.13598700130512	0.0157534773835678	UP
UP	A485_only	medtr.A17.gnm5.ann1_6.MtrunA17Chr7g0264971	MtrunA17Chr7g0264971			medtr.A17.gnm5.MtrunA17Chr7	+	48363958	48368628	-0.214031058659757	0.999999979788073	NS	2.13147434688452	0.0025934590146896	UP
UP	A485_only	medtr.A17.gnm5.ann1_6.MtrunA17Chr1g0164011	MtrunA17Chr1g0164011			medtr.A17.gnm5.MtrunA17Chr1	+	13848357	13872856	1.29051317568111	0.897240288782837	NS	2.1312956025671	0.0457271244072469	UP
UP	A485_only	medtr.A17.gnm5.ann1_6.MtrunA17Chr1g0166401	MtrunA17Chr1g0166401	MtN26-1	Nodulin26	medtr.A17.gnm5.MtrunA17Chr1	-	15845803	15849823	2.05894905480227	0.102612465549268	NS	2.13110091542859	0.0348522987355208	UP
UP	A485_only	medtr.A17.gnm5.ann1_6.MtrunA17Chr4g0000041	MtrunA17Chr4g0000041			medtr.A17.gnm5.MtrunA17Chr4	+	62801	69340	1.04641072669619	0.999999979788073	NS	2.13083978238371	0.00266037628328682	UP
UP	A485_only	medtr.A17.gnm5.ann1_6.MtrunA17Chr4g0070141	MtrunA17Chr4g0070141			medtr.A17.gnm5.MtrunA17Chr4	+	59886578	59887805	1.42541139979824	0.29709383131944	NS	2.12947827249308	0.00184501256834749	UP
UP	A485_only	medtr.A17.gnm5.ann1_6.MtrunA17Chr4g0014771	MtrunA17Chr4g0014771			medtr.A17.gnm5.MtrunA17Chr4	-	12127960	12132496	1.39338353840364	0.473649018445422	NS	2.12689117223396	0.00570756230331724	UP
UP	A485_only	medtr.A17.gnm5.ann1_6.MtrunA17Chr3g0109121	MtrunA17Chr3g0109121			medtr.A17.gnm5.MtrunA17Chr3	+	32184705	32186102	1.33278647215851	0.772668695890497	NS	2.12560392169764	0.0262304812632798	UP
UP	A485_only	medtr.A17.gnm5.ann1_6.MtrunA17Chr4g0034241	MtrunA17Chr4g0034241			medtr.A17.gnm5.MtrunA17Chr4	+	33935615	33938392	1.86036081689825	0.171399276241513	NS	2.12538742709729	0.0274032446543721	UP
UP	A485_only	medtr.A17.gnm5.ann1_6.MtrunA17Chr6g0479451	MtrunA17Chr6g0479451			medtr.A17.gnm5.MtrunA17Chr6	+	34116855	34122476	1.8329225732391	0.131529951634787	NS	2.12341079347752	0.0156335501691253	UP
UP	A485_only	medtr.A17.gnm5.ann1_6.MtrunA17Chr4g0020161	MtrunA17Chr4g0020161			medtr.A17.gnm5.MtrunA17Chr4	-	16108171	16111166	1.17279154199872	0.999999979788073	NS	2.11659404545755	0.0213404298486372	UP
UP	A485_only	medtr.A17.gnm5.ann1_6.MtrunA17Chr4g0002831	MtrunA17Chr4g0002831			medtr.A17.gnm5.MtrunA17Chr4	-	2007076	2010616	2.0746382658738	0.0787177601508763	NS	2.11627024227864	0.0289385448559407	UP
UP	A485_only	medtr.A17.gnm5.ann1_6.MtrunA17Chr3g0141441	MtrunA17Chr3g0141441			medtr.A17.gnm5.MtrunA17Chr3	-	55665662	55672146	0.853296881831266	0.999999979788073	NS	2.11525108936725	0.000191285254426089	UP
UP	A485_only	medtr.A17.gnm5.ann1_6.MtrunA17Chr5g0398611	MtrunA17Chr5g0398611			medtr.A17.gnm5.MtrunA17Chr5	+	3408962	3410577	0.579868167317109	0.999999979788073	NS	2.11425583003036	0.0335387921187759	UP
UP	A485_only	medtr.A17.gnm5.ann1_6.MtrunA17Chr4g0058021	MtrunA17Chr4g0058021			medtr.A17.gnm5.MtrunA17Chr4	-	51056049	51060589	0.909067575897993	0.999999979788073	NS	2.10692024176283	0.000419790789543395	UP
UP	A485_only	medtr.A17.gnm5.ann1_6.MtrunA17Chr8g0389871	MtrunA17Chr8g0389871			medtr.A17.gnm5.MtrunA17Chr8	+	47284796	47292720	1.01783919103496	0.999999979788073	NS	2.10323218571594	0.00102932528493055	UP
UP	A485_only	medtr.A17.gnm5.ann1_6.MtrunA17Chr3g0109691	MtrunA17Chr3g0109691			medtr.A17.gnm5.MtrunA17Chr3	+	32466118	32469121	2.09982366313485	0.0543772153835382	NS	2.10309221013072	0.0214071951044868	UP
UP	A485_only	medtr.A17.gnm5.ann1_6.MtrunA17Chr5g0410621	MtrunA17Chr5g0410621			medtr.A17.gnm5.MtrunA17Chr5	+	12205288	12209599	1.36539701977714	0.386026525777249	NS	2.10166592258268	0.00188123056563703	UP
UP	A485_only	medtr.A17.gnm5.ann1_6.MtrunA17Chr5g0420841	MtrunA17Chr5g0420841	MtSTP1_6|MtSTP1.4	sugar transport protein	medtr.A17.gnm5.MtrunA17Chr5	-	21370377	21373766	1.35447141792221	0.367478777444259	NS	2.09851191721263	0.00129896976084054	UP
UP	A485_only	medtr.A17.gnm5.ann1_6.MtrunA17Chr7g0255611	MtrunA17Chr7g0255611	MtNPF3.2	NRT1/ PTR FAMILY|nitrate transporter / peptide transporter	medtr.A17.gnm5.MtrunA17Chr7	-	41547968	41553400	1.58212537176345	0.285959176259579	NS	2.09793583287251	0.0131401455047245	UP
UP	A485_only	medtr.A17.gnm5.ann1_6.MtrunA17Chr3g0144421	MtrunA17Chr3g0144421			medtr.A17.gnm5.MtrunA17Chr3	-	57828528	57830214	0.897324705375742	0.999999979788073	NS	2.09491481537405	0.000171102593550154	UP
UP	A485_only	medtr.A17.gnm5.ann1_6.MtrunA17Chr4g0067561	MtrunA17Chr4g0067561			medtr.A17.gnm5.MtrunA17Chr4	+	57962802	57968177	0.903024209013721	0.999999979788073	NS	2.09324049483238	0.0028611767970927	UP
UP	A485_only	medtr.A17.gnm5.ann1_6.MtrunA17Chr4g0008651	MtrunA17Chr4g0008651			medtr.A17.gnm5.MtrunA17Chr4	-	6613202	6618307	1.95681524876498	0.116569543391787	NS	2.09249029498045	0.0299182171687882	UP
UP	A485_only	medtr.A17.gnm5.ann1_6.MtrunA17Chr4g0000051	MtrunA17Chr4g0000051			medtr.A17.gnm5.MtrunA17Chr4	-	67966	68770	1.33994605512024	0.711146238568343	NS	2.09084198613243	0.0229348561294058	UP
UP	A485_only	medtr.A17.gnm5.ann1_6.MtrunA17Chr8g0377531	MtrunA17Chr8g0377531			medtr.A17.gnm5.MtrunA17Chr8	-	38847274	38850455	1.37003297969136	0.476905358340726	NS	2.08993918219126	0.00537971210184771	UP
UP	A485_only	medtr.A17.gnm5.ann1_6.MtrunA17Chr4g0060701	MtrunA17Chr4g0060701			medtr.A17.gnm5.MtrunA17Chr4	+	53000584	53001608	-0.203346750309655	0.999999979788073	NS	2.08902454552735	0.0259188098867682	UP
UP	A485_only	medtr.A17.gnm5.ann1_6.MtrunA17Chr8g0350221	MtrunA17Chr8g0350221			medtr.A17.gnm5.MtrunA17Chr8	+	12342891	12344527	1.05733527434955	0.999999979788073	NS	2.08586363381104	0.0124667487849871	UP
UP	A485_only	medtr.A17.gnm5.ann1_6.MtrunA17Chr7g0254351	MtrunA17Chr7g0254351			medtr.A17.gnm5.MtrunA17Chr7	+	40649252	40652449	1.67269400723443	0.104563930244079	NS	2.08538018810248	0.0035116942455126	UP
UP	A485_only	medtr.A17.gnm5.ann1_6.MtrunA17Chr8g0344501	MtrunA17Chr8g0344501			medtr.A17.gnm5.MtrunA17Chr8	-	7660923	7664559	1.06397910851063	0.999999979788073	NS	2.08419992146525	0.000927141013475305	UP
UP	A485_only	medtr.A17.gnm5.ann1_6.MtrunA17Chr8g0346101	MtrunA17Chr8g0346101			medtr.A17.gnm5.MtrunA17Chr8	+	9084796	9087068	0.480153117365253	0.999999979788073	NS	2.08229021139547	0.0462007810604389	UP
UP	A485_only	medtr.A17.gnm5.ann1_6.MtrunA17Chr7g0264961	MtrunA17Chr7g0264961	MtTIP1b	tonoplast intrinsic protein 1a (aquaporin 1) (AJ251652)	medtr.A17.gnm5.MtrunA17Chr7	-	48362790	48364857	-0.104543376878611	0.999999979788073	NS	2.07851266416184	0.00117355378970946	UP
UP	A485_only	medtr.A17.gnm5.ann1_6.MtrunA17Chr4g0006181	MtrunA17Chr4g0006181			medtr.A17.gnm5.MtrunA17Chr4	-	4937886	4940705	1.83571896633007	0.223242585521999	NS	2.07825935575017	0.042714084674619	UP
UP	A485_only	medtr.A17.gnm5.ann1_6.MtrunA17Chr7g0256681	MtrunA17Chr7g0256681			medtr.A17.gnm5.MtrunA17Chr7	+	42461752	42462538	1.11999969001606	0.999999979788073	NS	2.07596412920406	0.00275385468442583	UP
UP	A485_only	medtr.A17.gnm5.ann1_6.MtrunA17Chr5g0439751	MtrunA17Chr5g0439751			medtr.A17.gnm5.MtrunA17Chr5	-	38526976	38527270	1.43471726869154	0.646785657751947	NS	2.06921596923042	0.0444476693094231	UP
UP	A485_only	medtr.A17.gnm5.ann1_6.MtrunA17Chr1g0185231	MtrunA17Chr1g0185231	MtSULTR3.1	sulfate transporter	medtr.A17.gnm5.MtrunA17Chr1	+	35661833	35669187	-0.942299738318299	0.999999979788073	NS	2.06820295426308	0.030955681068493	UP
UP	A485_only	medtr.A17.gnm5.ann1_6.MtrunA17Chr7g0242641	MtrunA17Chr7g0242641			medtr.A17.gnm5.MtrunA17Chr7	+	32102156	32106233	0.675988897312771	0.999999979788073	NS	2.06696535770012	0.00036332127087742	UP
UP	A485_only	medtr.A17.gnm5.ann1_6.MtrunA17Chr7g0244451	MtrunA17Chr7g0244451	MtPrx33	peroxidase	medtr.A17.gnm5.MtrunA17Chr7	+	33676514	33682247	0.0256420356056422	0.999999979788073	NS	2.06586793917356	0.014031572828802	UP
UP	A485_only	medtr.A17.gnm5.ann1_6.MtrunA17Chr4g0003201	MtrunA17Chr4g0003201			medtr.A17.gnm5.MtrunA17Chr4	+	2371654	2374820	1.39724191974968	0.34912800317522	NS	2.0624162471057	0.00284301167175433	UP
UP	A485_only	medtr.A17.gnm5.ann1_6.MtrunA17Chr8g0334651	MtrunA17Chr8g0334651			medtr.A17.gnm5.MtrunA17Chr8	+	340554	343214	1.28986324281037	0.845024903316527	NS	2.06204432086773	0.0338494065512329	UP
UP	A485_only	medtr.A17.gnm5.ann1_6.MtrunA17Chr5g0428711	MtrunA17Chr5g0428711			medtr.A17.gnm5.MtrunA17Chr5	-	30353200	30359670	1.34171464918316	0.740166291273345	NS	2.06062258222739	0.0311093941594844	UP
UP	A485_only	medtr.A17.gnm5.ann1_6.MtrunA17Chr2g0278931	MtrunA17Chr2g0278931	MtSULTR1.1	sulfate transporter	medtr.A17.gnm5.MtrunA17Chr2	+	1501481	1506244	0.695065860293408	0.999999979788073	NS	2.0574505615974	0.0356780826282971	UP
UP	A485_only	medtr.A17.gnm5.ann1_6.MtrunA17Chr1g0184061	MtrunA17Chr1g0184061			medtr.A17.gnm5.MtrunA17Chr1	-	34635995	34636660	2.08151386557742	0.0937902178140982	NS	2.05665523004909	0.0466800500226873	UP
UP	A485_only	medtr.A17.gnm5.ann1_6.MtrunA17Chr6g0487211	MtrunA17Chr6g0487211			medtr.A17.gnm5.MtrunA17Chr6	+	41505432	41516729	1.21909934418127	0.588472758169876	NS	2.05629115156881	0.000547804998841533	UP
UP	A485_only	medtr.A17.gnm5.ann1_6.MtrunA17Chr8g0358821	MtrunA17Chr8g0358821			medtr.A17.gnm5.MtrunA17Chr8	-	21356352	21370110	1.65007819584821	0.248638417607077	NS	2.05412653925915	0.020574098342358	UP
UP	A485_only	medtr.A17.gnm5.ann1_6.MtrunA17Chr4g0071991	MtrunA17Chr4g0071991			medtr.A17.gnm5.MtrunA17Chr4	-	61131489	61139610	1.18300013020334	0.999999979788073	NS	2.05116803789789	0.039975312696402	UP
UP	A485_only	medtr.A17.gnm5.ann1_6.MtrunA17Chr1g0152421	MtrunA17Chr1g0152421			medtr.A17.gnm5.MtrunA17Chr1	+	5172129	5174642	1.29522025574122	0.443230750738253	NS	2.0508261814863	0.00103768257655572	UP
UP	A485_only	medtr.A17.gnm5.ann1_6.MtrunA17Chr8g0349011	MtrunA17Chr8g0349011			medtr.A17.gnm5.MtrunA17Chr8	-	11597205	11602123	1.77737239418167	0.078642649984104	NS	2.04448734630813	0.00744347937309607	UP
UP	A485_only	medtr.A17.gnm5.ann1_6.MtrunA17Chr3g0144461	MtrunA17Chr3g0144461			medtr.A17.gnm5.MtrunA17Chr3	+	57860561	57862851	1.71101544661925	0.310063946537845	NS	2.04187577274112	0.0469987315307896	UP
UP	A485_only	medtr.A17.gnm5.ann1_6.MtrunA17Chr3g0125971	MtrunA17Chr3g0125971			medtr.A17.gnm5.MtrunA17Chr3	-	44356199	44357518	1.77508910744515	0.123361104748567	NS	2.03975509517096	0.0150449962957314	UP
UP	A485_only	medtr.A17.gnm5.ann1_6.MtrunA17Chr1g0146871	MtrunA17Chr1g0146871			medtr.A17.gnm5.MtrunA17Chr1	-	626739	627618	1.29124634587829	0.782665674913396	NS	2.03036406680325	0.0271636809385206	UP
UP	A485_only	medtr.A17.gnm5.ann1_6.MtrunA17Chr4g0075091	MtrunA17Chr4g0075091			medtr.A17.gnm5.MtrunA17Chr4	-	63484635	63487387	1.66778201619508	0.251093380147311	NS	2.02927638937829	0.024447345711595	UP
UP	A485_only	medtr.A17.gnm5.ann1_6.MtrunA17Chr5g0442301	MtrunA17Chr5g0442301			medtr.A17.gnm5.MtrunA17Chr5	-	40494151	40494455	1.53488899862619	0.240013057216756	NS	2.02865599945441	0.00665978014296096	UP
UP	A485_only	medtr.A17.gnm5.ann1_6.MtrunA17Chr3g0125961	MtrunA17Chr3g0125961			medtr.A17.gnm5.MtrunA17Chr3	+	44355119	44358154	1.75099518915167	0.119308722467731	NS	2.02857430867545	0.0128593672416816	UP
UP	A485_only	medtr.A17.gnm5.ann1_6.MtrunA17Chr4g0065351	MtrunA17Chr4g0065351	MtSTP7.1	sugar transport protein	medtr.A17.gnm5.MtrunA17Chr4	+	56481401	56483548	1.46866524529618	0.258343992056811	NS	2.02755383064872	0.00355664606540776	UP
UP	A485_only	medtr.A17.gnm5.ann1_6.MtrunA17Chr6g0463941	MtrunA17Chr6g0463941	MtGT-29	trihelix transcription factor (GT) 29	medtr.A17.gnm5.MtrunA17Chr6	+	13125431	13129101	0.179339994995588	0.999999979788073	NS	2.02366599470169	0.0171783785967663	UP
UP	A485_only	medtr.A17.gnm5.ann1_6.MtrunA17Chr5g0431501	MtrunA17Chr5g0431501	MtCYP83G1v1b	Cytochrome P450 monooxygenase	medtr.A17.gnm5.MtrunA17Chr5	-	32344821	32346891	1.06070576409557	0.999999979788073	NS	2.02268215459406	0.0322731455502942	UP
UP	A485_only	medtr.A17.gnm5.ann1_6.MtrunA17Chr4g0057591	MtrunA17Chr4g0057591			medtr.A17.gnm5.MtrunA17Chr4	+	50763597	50764501	1.19619826627684	0.936732520473123	NS	2.02053672383842	0.0185183898344919	UP
UP	A485_only	medtr.A17.gnm5.ann1_6.MtrunA17Chr2g0291021	MtrunA17Chr2g0291021			medtr.A17.gnm5.MtrunA17Chr2	+	10286416	10294910	0.346305948668263	0.999999979788073	NS	2.01920219333708	0.00613920816222338	UP
UP	A485_only	medtr.A17.gnm5.ann1_6.MtrunA17Chr5g0398501	MtrunA17Chr5g0398501			medtr.A17.gnm5.MtrunA17Chr5	+	3315874	3322404	0.505079306902585	0.999999979788073	NS	2.01817098169747	0.00355664606540776	UP
UP	A485_only	medtr.A17.gnm5.ann1_6.MtrunA17Chr4g0034601	MtrunA17Chr4g0034601			medtr.A17.gnm5.MtrunA17Chr4	-	34173165	34175841	0.348276057887261	0.999999979788073	NS	2.00845547995629	0.00679142361170421	UP
UP	A485_only	medtr.A17.gnm5.ann1_6.MtrunA17Chr1g0173551	MtrunA17Chr1g0173551			medtr.A17.gnm5.MtrunA17Chr1	-	23445612	23453692	0.514520754259183	0.999999979788073	NS	2.00613483533355	0.000782002181851517	UP
UP	A485_only	medtr.A17.gnm5.ann1_6.MtrunA17Chr7g0252181	MtrunA17Chr7g0252181			medtr.A17.gnm5.MtrunA17Chr7	+	39159685	39160562	-0.0926029091143257	0.999999979788073	NS	2.00586799644339	0.00378122382995608	UP
UP	A485_only	medtr.A17.gnm5.ann1_6.MtrunA17Chr4g0074561	MtrunA17Chr4g0074561			medtr.A17.gnm5.MtrunA17Chr4	+	63175408	63182317	1.08399537565635	0.999999979788073	NS	2.00462843716727	0.00673399706389807	UP
UP	A485_only	medtr.A17.gnm5.ann1_6.MtrunA17Chr7g0271851	MtrunA17Chr7g0271851			medtr.A17.gnm5.MtrunA17Chr7	-	53168774	53172517	1.09601899995773	0.962039584821409	NS	2.00317611563061	0.000334089199657002	UP
UP	A485_only	medtr.A17.gnm5.ann1_6.MtrunA17Chr8g0390141	MtrunA17Chr8g0390141	MtSTP14_3|MtSTP14.3	sugar transport protein	medtr.A17.gnm5.MtrunA17Chr8	-	47446472	47450773	0.483764956299343	0.999999979788073	NS	2.00292322981306	0.00216235522111036	UP
UP	A485_only	medtr.A17.gnm5.ann1_6.MtrunA17Chr1g0181871	MtrunA17Chr1g0181871			medtr.A17.gnm5.MtrunA17Chr1	+	32855096	32855949	1.85240527229277	0.0774735470194492	NS	1.99656256765436	0.0157481582965869	UP
UP	A485_only	medtr.A17.gnm5.ann1_6.MtrunA17Chr1g0195661	MtrunA17Chr1g0195661			medtr.A17.gnm5.MtrunA17Chr1	-	43486150	43488719	1.26556517634498	0.502334826072031	NS	1.99570960668264	0.00138276802370244	UP
UP	A485_only	medtr.A17.gnm5.ann1_6.MtrunA17Chr3g0107741	MtrunA17Chr3g0107741			medtr.A17.gnm5.MtrunA17Chr3	+	31272545	31275038	1.83677275234447	0.0992466486633633	NS	1.99416129696742	0.0204957431623499	UP
UP	A485_only	medtr.A17.gnm5.ann1_6.MtrunA17Chr3g0085831	MtrunA17Chr3g0085831			medtr.A17.gnm5.MtrunA17Chr3	+	7232326	7236349	1.65508941954997	0.12901381024523	NS	1.98970058197524	0.00839967693078738	UP
UP	A485_only	medtr.A17.gnm5.ann1_6.MtrunA17Chr2g0298651	MtrunA17Chr2g0298651	MtRasGAP	GTPase-Activating Protein	medtr.A17.gnm5.MtrunA17Chr2	+	16580587	16586175	1.80468159668627	0.148665980278842	NS	1.98502029405717	0.0307792341972169	UP
UP	A485_only	medtr.A17.gnm5.ann1_6.MtrunA17Chr4g0051111	MtrunA17Chr4g0051111			medtr.A17.gnm5.MtrunA17Chr4	+	45789729	45790373	1.53185300614112	0.446617806693861	NS	1.98353541785564	0.0430879245797025	UP
UP	A485_only	medtr.A17.gnm5.ann1_6.MtrunA17Chr3g0137431	MtrunA17Chr3g0137431			medtr.A17.gnm5.MtrunA17Chr3	+	52724966	52731056	2.16798743857476	0.0558406862940972	NS	1.97918633444962	0.0460697750507613	UP
UP	A485_only	medtr.A17.gnm5.ann1_6.MtrunA17Chr5g0396271	MtrunA17Chr5g0396271			medtr.A17.gnm5.MtrunA17Chr5	+	1912016	1919002	1.17680672789449	0.743305605353855	NS	1.97210614682236	0.00136045770912659	UP
UP	A485_only	medtr.A17.gnm5.ann1_6.MtrunA17Chr7g0245031	MtrunA17Chr7g0245031			medtr.A17.gnm5.MtrunA17Chr7	+	34169498	34174178	1.12987762667107	0.859686553804312	NS	1.97059016255188	0.000742928794429711	UP
UP	A485_only	medtr.A17.gnm5.ann1_6.MtrunA17Chr4g0014341	MtrunA17Chr4g0014341			medtr.A17.gnm5.MtrunA17Chr4	+	11746780	11754801	0.601335210573518	0.999999979788073	NS	1.970369746379	0.0134126666584326	UP
UP	A485_only	medtr.A17.gnm5.ann1_6.MtrunA17Chr4g0055451	MtrunA17Chr4g0055451			medtr.A17.gnm5.MtrunA17Chr4	+	49053325	49057232	1.4978647614055	0.161452210361702	NS	1.96447182105463	0.00284301167175433	UP
UP	A485_only	medtr.A17.gnm5.ann1_6.MtrunA17Chr5g0421861	MtrunA17Chr5g0421861			medtr.A17.gnm5.MtrunA17Chr5	-	23567540	23569692	0.989682355372459	0.999999979788073	NS	1.96401281587015	0.00552450319720551	UP
UP	A485_only	medtr.A17.gnm5.ann1_6.MtrunA17Chr4g0027161	MtrunA17Chr4g0027161			medtr.A17.gnm5.MtrunA17Chr4	+	28217967	28219118	1.15274201603818	0.999999979788073	NS	1.96366159930002	0.028913050399762	UP
UP	A485_only	medtr.A17.gnm5.ann1_6.MtrunA17Chr3g0116051	MtrunA17Chr3g0116051			medtr.A17.gnm5.MtrunA17Chr3	+	37342719	37349454	2.0524655162968	0.0650432946368169	NS	1.96168555363504	0.0383113497956151	UP
UP	A485_only	medtr.A17.gnm5.ann1_6.MtrunA17Chr2g0284051	MtrunA17Chr2g0284051			medtr.A17.gnm5.MtrunA17Chr2	-	5022434	5023387	0.399098241032123	0.999999979788073	NS	1.95513267863452	0.0167861064653968	UP
UP	A485_only	medtr.A17.gnm5.ann1_6.MtrunA17Chr4g0040171	MtrunA17Chr4g0040171			medtr.A17.gnm5.MtrunA17Chr4	+	38147790	38149469	1.30360323179958	0.563695725051472	NS	1.95448936106973	0.00808867995221658	UP
UP	A485_only	medtr.A17.gnm5.ann1_6.MtrunA17Chr7g0230011	MtrunA17Chr7g0230011			medtr.A17.gnm5.MtrunA17Chr7	-	17960602	17966511	1.04866466175743	0.999999979788073	NS	1.95261597760663	0.0171811439589985	UP
UP	A485_only	medtr.A17.gnm5.ann1_6.MtrunA17Chr4g0062491	MtrunA17Chr4g0062491			medtr.A17.gnm5.MtrunA17Chr4	-	54272392	54275455	1.43394657031102	0.5249973256164	NS	1.94832300410107	0.032416344756013	UP
UP	A485_only	medtr.A17.gnm5.ann1_6.MtrunA17Chr7g0225971	MtrunA17Chr7g0225971			medtr.A17.gnm5.MtrunA17Chr7	-	11080815	11085614	0.826693800495113	0.999999979788073	NS	1.9445506350363	0.0366040727108036	UP
UP	A485_only	medtr.A17.gnm5.ann1_6.MtrunA17Chr4g0069831	MtrunA17Chr4g0069831			medtr.A17.gnm5.MtrunA17Chr4	-	59625725	59634968	-0.0750916848442684	0.999999979788073	NS	1.94406459926192	0.00844779760625392	UP
UP	A485_only	medtr.A17.gnm5.ann1_6.MtrunA17Chr4g0037251	MtrunA17Chr4g0037251			medtr.A17.gnm5.MtrunA17Chr4	-	35879753	35881861	0.691086741343839	0.999999979788073	NS	1.94140688163961	0.0108049233320527	UP
UP	A485_only	medtr.A17.gnm5.ann1_6.MtrunA17Chr7g0270761	MtrunA17Chr7g0270761			medtr.A17.gnm5.MtrunA17Chr7	-	52341595	52344386	1.12919013836369	0.999999979788073	NS	1.94110922687	0.0174820813710529	UP
UP	A485_only	medtr.A17.gnm5.ann1_6.MtrunA17Chr1g0190341	MtrunA17Chr1g0190341			medtr.A17.gnm5.MtrunA17Chr1	+	39589331	39592675	1.6863697563447	0.0934292513696305	NS	1.94045625068096	0.00870053110614457	UP
UP	A485_only	medtr.A17.gnm5.ann1_6.MtrunA17Chr1g0189151	MtrunA17Chr1g0189151			medtr.A17.gnm5.MtrunA17Chr1	-	38759913	38764750	1.15048436972799	0.842218423387876	NS	1.9378114018975	0.00221876539210952	UP
UP	A485_only	medtr.A17.gnm5.ann1_6.MtrunA17Chr5g0418951	MtrunA17Chr5g0418951	MtNCR265	Nodule-specific Cysteine-Rich peptide	medtr.A17.gnm5.MtrunA17Chr5	+	19332182	19333440	0.986657587179431	0.999999979788073	NS	1.9373704782531	0.00926747266252724	UP
UP	A485_only	medtr.A17.gnm5.ann1_6.MtrunA17Chr7g0275651	MtrunA17Chr7g0275651			medtr.A17.gnm5.MtrunA17Chr7	+	55549362	55561676	1.01188384926104	0.999999979788073	NS	1.93542594618977	0.0249263734612477	UP
UP	A485_only	medtr.A17.gnm5.ann1_6.MtrunA17Chr4g0013921	MtrunA17Chr4g0013921			medtr.A17.gnm5.MtrunA17Chr4	+	11343081	11345505	0.742564512831133	0.999999979788073	NS	1.9279169650306	0.0258033538120519	UP
UP	A485_only	medtr.A17.gnm5.ann1_6.MtrunA17Chr2g0302391	MtrunA17Chr2g0302391			medtr.A17.gnm5.MtrunA17Chr2	+	19932552	19936804	1.47691403355459	0.372258805987849	NS	1.92500879126277	0.0211845818224349	UP
UP	A485_only	medtr.A17.gnm5.ann1_6.MtrunA17Chr7g0244501	MtrunA17Chr7g0244501			medtr.A17.gnm5.MtrunA17Chr7	+	33711660	33714989	0.282130396318394	0.999999979788073	NS	1.92487094237359	0.00351369346960986	UP
UP	A485_only	medtr.A17.gnm5.ann1_6.MtrunA17Chr6g0484641	MtrunA17Chr6g0484641			medtr.A17.gnm5.MtrunA17Chr6	+	39184241	39186789	1.37655730750661	0.297827943828417	NS	1.92224215923964	0.00289228231170755	UP
UP	A485_only	medtr.A17.gnm5.ann1_6.MtrunA17Chr5g0439631	MtrunA17Chr5g0439631	MtLYK3	LysM domain-containing receptor-like kinase 3	medtr.A17.gnm5.MtrunA17Chr5	+	38435127	38439943	1.6545566075007	0.277265382972501	NS	1.92161703584486	0.0448744968998436	UP
UP	A485_only	medtr.A17.gnm5.ann1_6.MtrunA17Chr4g0031101	MtrunA17Chr4g0031101			medtr.A17.gnm5.MtrunA17Chr4	-	31618271	31623784	1.22034079100065	0.712955427963335	NS	1.92124171411511	0.00638830468146871	UP
UP	A485_only	medtr.A17.gnm5.ann1_6.MtrunA17Chr7g0219071	MtrunA17Chr7g0219071	MtGBP2	beta-glucan-binding protein 2 (DQ190941)	medtr.A17.gnm5.MtrunA17Chr7	-	4282626	4284887	1.4655513596098	0.492388385643571	NS	1.91750703914631	0.0433642777894255	UP
UP	A485_only	medtr.A17.gnm5.ann1_6.MtrunA17Chr7g0253061	MtrunA17Chr7g0253061			medtr.A17.gnm5.MtrunA17Chr7	+	39796007	39798469	1.19192088894647	0.921176416169687	NS	1.91430951016663	0.0253859201336797	UP
UP	A485_only	medtr.A17.gnm5.ann1_6.MtrunA17Chr8g0367981	MtrunA17Chr8g0367981			medtr.A17.gnm5.MtrunA17Chr8	+	31548729	31554007	0.593519176243234	0.999999979788073	NS	1.9127337776572	0.0112402557559325	UP
UP	A485_only	medtr.A17.gnm5.ann1_6.MtrunA17Chr5g0406071	MtrunA17Chr5g0406071			medtr.A17.gnm5.MtrunA17Chr5	-	9129762	9132879	1.19016630156378	0.681699432148172	NS	1.91260176325132	0.00188915411668093	UP
UP	A485_only	medtr.A17.gnm5.ann1_6.MtrunA17Chr2g0279431	MtrunA17Chr2g0279431			medtr.A17.gnm5.MtrunA17Chr2	+	1875545	1877186	0.837125789715927	0.999999979788073	NS	1.91129443151302	0.000649775879892035	UP
UP	A485_only	medtr.A17.gnm5.ann1_6.MtrunA17Chr4g0042831	MtrunA17Chr4g0042831			medtr.A17.gnm5.MtrunA17Chr4	-	40064174	40068100	1.29615815033104	0.451250503622848	NS	1.9103905236729	0.00297343116958332	UP
UP	A485_only	medtr.A17.gnm5.ann1_6.MtrunA17Chr4g0021951	MtrunA17Chr4g0021951			medtr.A17.gnm5.MtrunA17Chr4	+	21037638	21038567	0.960945274450305	0.999999979788073	NS	1.90596802683055	0.0051652167775076	UP
UP	A485_only	medtr.A17.gnm5.ann1_6.MtrunA17Chr4g0004841	MtrunA17Chr4g0004841			medtr.A17.gnm5.MtrunA17Chr4	+	3794293	3800873	1.34592262147195	0.443230750738253	NS	1.90344678336143	0.0080758130421697	UP
UP	A485_only	medtr.A17.gnm5.ann1_6.MtrunA17Chr8g0344911	MtrunA17Chr8g0344911			medtr.A17.gnm5.MtrunA17Chr8	-	8024024	8036719	1.23216201470995	0.690462030050607	NS	1.90057581380386	0.00813188195963581	UP
UP	A485_only	medtr.A17.gnm5.ann1_6.MtrunA17Chr1g0161751	MtrunA17Chr1g0161751			medtr.A17.gnm5.MtrunA17Chr1	+	11855654	11860640	1.35042530940066	0.455323894501844	NS	1.89987685356306	0.0100486554987799	UP
UP	A485_only	medtr.A17.gnm5.ann1_6.MtrunA17Chr7g0267161	MtrunA17Chr7g0267161			medtr.A17.gnm5.MtrunA17Chr7	+	49992220	49994276	0.484372085868593	0.999999979788073	NS	1.89939802304297	0.0311093941594844	UP
UP	A485_only	medtr.A17.gnm5.ann1_6.MtrunA17Chr4g0060981	MtrunA17Chr4g0060981			medtr.A17.gnm5.MtrunA17Chr4	-	53176777	53180090	1.17771731339054	0.907943603875265	NS	1.89743428056154	0.0170238836475497	UP
UP	A485_only	medtr.A17.gnm5.ann1_6.MtrunA17Chr2g0324421	MtrunA17Chr2g0324421			medtr.A17.gnm5.MtrunA17Chr2	+	44608123	44631813	1.22526004858512	0.518597303285918	NS	1.8970023892288	0.00103267636852046	UP
UP	A485_only	medtr.A17.gnm5.ann1_6.MtrunA17Chr4g0029671	MtrunA17Chr4g0029671	MtARF12|MtARF4a	auxin response factor 12	medtr.A17.gnm5.MtrunA17Chr4	+	30443504	30450441	-0.219867694329001	0.999999979788073	NS	1.89257112091503	0.00809958444085934	UP
UP	A485_only	medtr.A17.gnm5.ann1_6.MtrunA17Chr3g0144691	MtrunA17Chr3g0144691			medtr.A17.gnm5.MtrunA17Chr3	-	58037717	58039929	1.46699503553764	0.164472230180779	NS	1.8925188703323	0.00318379733073628	UP
UP	A485_only	medtr.A17.gnm5.ann1_6.MtrunA17Chr0c01g0489101	MtrunA17Chr0c01g0489101			medtr.A17.gnm5.MtrunA17Chr0c01	-	101901	104679	0.411753258595304	0.999999979788073	NS	1.88916161272303	0.00179203871070501	UP
UP	A485_only	medtr.A17.gnm5.ann1_6.MtrunA17Chr3g0084191	MtrunA17Chr3g0084191			medtr.A17.gnm5.MtrunA17Chr3	-	5665573	5669369	1.60189108319813	0.139404065462866	NS	1.88647935344949	0.0110543547425205	UP
UP	A485_only	medtr.A17.gnm5.ann1_6.MtrunA17Chr7g0258571	MtrunA17Chr7g0258571			medtr.A17.gnm5.MtrunA17Chr7	+	43812826	43813713	1.02821692527906	0.999999979788073	NS	1.88619784302981	0.0383113497956151	UP
UP	A485_only	medtr.A17.gnm5.ann1_6.MtrunA17Chr2g0296871	MtrunA17Chr2g0296871			medtr.A17.gnm5.MtrunA17Chr2	+	15150586	15154959	0.823638295884447	0.999999979788073	NS	1.8849559541142	0.00355502546551673	UP
UP	A485_only	medtr.A17.gnm5.ann1_6.MtrunA17Chr2g0322671	MtrunA17Chr2g0322671	MtMATE8	multidrug and toxic compound extrusion family	medtr.A17.gnm5.MtrunA17Chr2	+	43367256	43372029	1.54070473539044	0.249085124354482	NS	1.88343364274748	0.0197410988910179	UP
UP	A485_only	medtr.A17.gnm5.ann1_6.MtrunA17Chr2g0296351	MtrunA17Chr2g0296351			medtr.A17.gnm5.MtrunA17Chr2	+	14677135	14678918	0.512445102782749	0.999999979788073	NS	1.88200715156895	0.00697323167270491	UP
UP	A485_only	medtr.A17.gnm5.ann1_6.MtrunA17Chr4g0004831	MtrunA17Chr4g0004831			medtr.A17.gnm5.MtrunA17Chr4	+	3790392	3794291	0.756901535905611	0.999999979788073	NS	1.88140908834463	0.0212202021657258	UP
UP	A485_only	medtr.A17.gnm5.ann1_6.MtrunA17Chr3g0127211	MtrunA17Chr3g0127211			medtr.A17.gnm5.MtrunA17Chr3	-	45361180	45366661	1.13161271890502	0.912051313762389	NS	1.88080478414025	0.00359515647748805	UP
UP	A485_only	medtr.A17.gnm5.ann1_6.MtrunA17Chr2g0284321	MtrunA17Chr2g0284321			medtr.A17.gnm5.MtrunA17Chr2	+	5210315	5212311	1.35365483855572	0.513240636965033	NS	1.87825894921225	0.0183329039086532	UP
UP	A485_only	medtr.A17.gnm5.ann1_6.MtrunA17Chr3g0130681	MtrunA17Chr3g0130681			medtr.A17.gnm5.MtrunA17Chr3	+	47775125	47780194	1.2254336433057	0.632201610544097	NS	1.87176040005425	0.00432487527244067	UP
UP	A485_only	medtr.A17.gnm5.ann1_6.MtrunA17Chr3g0114921	MtrunA17Chr3g0114921			medtr.A17.gnm5.MtrunA17Chr3	-	36269866	36273758	1.59425362597073	0.128722772369741	NS	1.87087611464681	0.0098180128820858	UP
UP	A485_only	medtr.A17.gnm5.ann1_6.MtrunA17Chr1g0189161	MtrunA17Chr1g0189161			medtr.A17.gnm5.MtrunA17Chr1	+	38760881	38761680	1.1885047348628	0.649361044936551	NS	1.87049893229922	0.00169313017124484	UP
UP	A485_only	medtr.A17.gnm5.ann1_6.MtrunA17Chr2g0296361	MtrunA17Chr2g0296361			medtr.A17.gnm5.MtrunA17Chr2	-	14677243	14678864	0.594554880481844	0.999999979788073	NS	1.86781968632042	0.00458896523375052	UP
UP	A485_only	medtr.A17.gnm5.ann1_6.MtrunA17Chr6g0470751	MtrunA17Chr6g0470751			medtr.A17.gnm5.MtrunA17Chr6	-	21102277	21103882	1.25964612749147	0.640367362215372	NS	1.8604611548568	0.0120280717397252	UP
UP	A485_only	medtr.A17.gnm5.ann1_6.MtrunA17Chr8g0392901	MtrunA17Chr8g0392901			medtr.A17.gnm5.MtrunA17Chr8	+	49347139	49349778	0.910312465901853	0.999999979788073	NS	1.85936017020654	0.00549519646928927	UP
UP	A485_only	medtr.A17.gnm5.ann1_6.MtrunA17Chr1g0149781	MtrunA17Chr1g0149781			medtr.A17.gnm5.MtrunA17Chr1	+	2887588	2889835	1.43421703395896	0.30414899297075	NS	1.85688093518208	0.0120226226117239	UP
UP	A485_only	medtr.A17.gnm5.ann1_6.MtrunA17Chr6g0454031	MtrunA17Chr6g0454031			medtr.A17.gnm5.MtrunA17Chr6	+	4292459	4297171	1.09037879656776	0.999999979788073	NS	1.85662640436347	0.00793374562926824	UP
UP	A485_only	medtr.A17.gnm5.ann1_6.MtrunA17Chr5g0422271	MtrunA17Chr5g0422271			medtr.A17.gnm5.MtrunA17Chr5	+	23906866	23913028	0.660487087279931	0.999999979788073	NS	1.85604670989234	0.0105796578933075	UP
UP	A485_only	medtr.A17.gnm5.ann1_6.MtrunA17Chr2g0279441	MtrunA17Chr2g0279441			medtr.A17.gnm5.MtrunA17Chr2	-	1876306	1877143	0.801022144075672	0.999999979788073	NS	1.85587651314694	0.00136045770912659	UP
UP	A485_only	medtr.A17.gnm5.ann1_6.MtrunA17Chr7g0255271	MtrunA17Chr7g0255271			medtr.A17.gnm5.MtrunA17Chr7	-	41273224	41274142	0.836095498130628	0.999999979788073	NS	1.85378251810375	0.0211463255223135	UP
UP	A485_only	medtr.A17.gnm5.ann1_6.MtrunA17Chr5g0409781	MtrunA17Chr5g0409781			medtr.A17.gnm5.MtrunA17Chr5	-	11477470	11480566	1.23364122989467	0.573164829246482	NS	1.84989719503209	0.00345093774696514	UP
UP	A485_only	medtr.A17.gnm5.ann1_6.MtrunA17Chr7g0234671	MtrunA17Chr7g0234671	MtPUB50	Plant U-box protein 50	medtr.A17.gnm5.MtrunA17Chr7	-	25175333	25178660	1.28707758449327	0.528394536438841	NS	1.84895678633644	0.00820353597557725	UP
UP	A485_only	medtr.A17.gnm5.ann1_6.MtrunA17Chr1g0184671	MtrunA17Chr1g0184671			medtr.A17.gnm5.MtrunA17Chr1	-	35148429	35149755	1.77179045835675	0.0936262339765486	NS	1.84616213060261	0.0275815732965291	UP
UP	A485_only	medtr.A17.gnm5.ann1_6.MtrunA17Chr2g0323761	MtrunA17Chr2g0323761			medtr.A17.gnm5.MtrunA17Chr2	+	44198724	44200043	1.44978652482512	0.369894118403323	NS	1.84294724032925	0.0259729811940758	UP
UP	A485_only	medtr.A17.gnm5.ann1_6.MtrunA17Chr2g0317491	MtrunA17Chr2g0317491			medtr.A17.gnm5.MtrunA17Chr2	-	39350756	39356228	0.833479921611031	0.999999979788073	NS	1.84202202759923	0.00503977910035182	UP
UP	A485_only	medtr.A17.gnm5.ann1_6.MtrunA17Chr1g0181991	MtrunA17Chr1g0181991			medtr.A17.gnm5.MtrunA17Chr1	+	32972081	32979716	1.42842575371843	0.20369899354015	NS	1.84197997336759	0.00441019205978586	UP
UP	A485_only	medtr.A17.gnm5.ann1_6.MtrunA17Chr7g0223161	MtrunA17Chr7g0223161			medtr.A17.gnm5.MtrunA17Chr7	-	8403846	8410347	1.23718067390313	0.391178656985978	NS	1.84034772367688	0.000565448388878111	UP
UP	A485_only	medtr.A17.gnm5.ann1_6.MtrunA17Chr4g0047631	MtrunA17Chr4g0047631	MtCYP71AU56	Cytochrome P450 monooxygenase	medtr.A17.gnm5.MtrunA17Chr4	+	43583761	43586477	1.37157930157356	0.395669878742265	NS	1.83599103006072	0.012066454049786	UP
UP	A485_only	medtr.A17.gnm5.ann1_6.MtrunA17Chr2g0297871	MtrunA17Chr2g0297871			medtr.A17.gnm5.MtrunA17Chr2	+	15882467	15886232	0.74285557742616	0.999999979788073	NS	1.83562394266801	0.0131773109059214	UP
UP	A485_only	medtr.A17.gnm5.ann1_6.MtrunA17Chr5g0406291	MtrunA17Chr5g0406291			medtr.A17.gnm5.MtrunA17Chr5	+	9235358	9239091	0.626570206603576	0.999999979788073	NS	1.83495875935364	0.00293426300386083	UP
UP	A485_only	medtr.A17.gnm5.ann1_6.MtrunA17Chr7g0228211	MtrunA17Chr7g0228211			medtr.A17.gnm5.MtrunA17Chr7	+	13408522	13415320	0.612335810871126	0.999999979788073	NS	1.83185344172018	0.00709007912626001	UP
UP	A485_only	medtr.A17.gnm5.ann1_6.MtrunA17Chr2g0323381	MtrunA17Chr2g0323381			medtr.A17.gnm5.MtrunA17Chr2	+	43947398	43951914	1.38639156987917	0.338978137270098	NS	1.83155876176138	0.0100467725821309	UP
UP	A485_only	medtr.A17.gnm5.ann1_6.MtrunA17Chr4g0046321	MtrunA17Chr4g0046321	MtCYP93C27	Cytochrome P450 monooxygenase	medtr.A17.gnm5.MtrunA17Chr4	-	42714234	42716398	1.60168358947728	0.174830199532259	NS	1.83056083260256	0.02319109041522	UP
UP	A485_only	medtr.A17.gnm5.ann1_6.MtrunA17Chr4g0004041	MtrunA17Chr4g0004041			medtr.A17.gnm5.MtrunA17Chr4	+	3056420	3059755	1.16148605558514	0.907943603875265	NS	1.82881905086928	0.0151987101886723	UP
UP	A485_only	medtr.A17.gnm5.ann1_6.MtrunA17Chr5g0411391	MtrunA17Chr5g0411391			medtr.A17.gnm5.MtrunA17Chr5	-	12914067	12915443	1.21559984893305	0.794814312125177	NS	1.82701674993157	0.0209062296250997	UP
UP	A485_only	medtr.A17.gnm5.ann1_6.MtrunA17Chr4g0004901	MtrunA17Chr4g0004901			medtr.A17.gnm5.MtrunA17Chr4	+	3858736	3863555	0.77545482841124	0.999999979788073	NS	1.82486688803683	0.0226187467559319	UP
UP	A485_only	medtr.A17.gnm5.ann1_6.MtrunA17Chr7g0271211	MtrunA17Chr7g0271211			medtr.A17.gnm5.MtrunA17Chr7	-	52661234	52663253	1.34946797611712	0.313476517510035	NS	1.82298105845993	0.00479632660886556	UP
UP	A485_only	medtr.A17.gnm5.ann1_6.MtrunA17Chr2g0319741	MtrunA17Chr2g0319741			medtr.A17.gnm5.MtrunA17Chr2	+	41115734	41124424	1.51199207964356	0.318365146990183	NS	1.82149650757944	0.0350015142929557	UP
UP	A485_only	medtr.A17.gnm5.ann1_6.MtrunA17Chr5g0412281	MtrunA17Chr5g0412281			medtr.A17.gnm5.MtrunA17Chr5	+	13724469	13725184	0.739949854249808	0.999999979788073	NS	1.81727081835712	0.0451692983395973	UP
UP	A485_only	medtr.A17.gnm5.ann1_6.MtrunA17Chr5g0441011	MtrunA17Chr5g0441011			medtr.A17.gnm5.MtrunA17Chr5	-	39527588	39534318	0.796360327939542	0.999999979788073	NS	1.81187881342897	0.00338694735642209	UP
UP	A485_only	medtr.A17.gnm5.ann1_6.MtrunA17Chr3g0096561	MtrunA17Chr3g0096561			medtr.A17.gnm5.MtrunA17Chr3	-	20730433	20738984	1.20879849119647	0.788564606636738	NS	1.81088440780064	0.0198862385410253	UP
UP	A485_only	medtr.A17.gnm5.ann1_6.MtrunA17Chr3g0114541	MtrunA17Chr3g0114541			medtr.A17.gnm5.MtrunA17Chr3	-	35986034	35990562	0.588908668741245	0.999999979788073	NS	1.80974353572123	0.0030336677712507	UP
UP	A485_only	medtr.A17.gnm5.ann1_6.MtrunA17Chr4g0022111	MtrunA17Chr4g0022111			medtr.A17.gnm5.MtrunA17Chr4	-	21496907	21502374	0.852958655726933	0.999999979788073	NS	1.80722214596771	0.0192146365351398	UP
UP	A485_only	medtr.A17.gnm5.ann1_6.MtrunA17Chr7g0253051	MtrunA17Chr7g0253051			medtr.A17.gnm5.MtrunA17Chr7	+	39785876	39788860	1.50142939349849	0.277023684749816	NS	1.80470278795369	0.0271636809385206	UP
UP	A485_only	medtr.A17.gnm5.ann1_6.MtrunA17Chr4g0010051	MtrunA17Chr4g0010051			medtr.A17.gnm5.MtrunA17Chr4	-	7833502	7839455	0.794119158278612	0.999999979788073	NS	1.80162770183535	0.0337535757393997	UP
UP	A485_only	medtr.A17.gnm5.ann1_6.MtrunA17Chr1g0149961	MtrunA17Chr1g0149961			medtr.A17.gnm5.MtrunA17Chr1	+	3052314	3056651	1.33184165581818	0.581150399362099	NS	1.79914179401209	0.0346233961713488	UP
UP	A485_only	medtr.A17.gnm5.ann1_6.MtrunA17Chr4g0034941	MtrunA17Chr4g0034941			medtr.A17.gnm5.MtrunA17Chr4	+	34475761	34479833	1.28983701438175	0.336080519245859	NS	1.79513091543832	0.00203190838265702	UP
UP	A485_only	medtr.A17.gnm5.ann1_6.MtrunA17Chr2g0280411	MtrunA17Chr2g0280411			medtr.A17.gnm5.MtrunA17Chr2	-	2515479	2517982	0.98334421270997	0.999999979788073	NS	1.79373983858988	0.00439524831041479	UP
UP	A485_only	medtr.A17.gnm5.ann1_6.MtrunA17Chr2g0286331	MtrunA17Chr2g0286331	MtMIEL1	MYB30-INTERACTING E3 LIGASE 1	medtr.A17.gnm5.MtrunA17Chr2	+	6712925	6717103	0.688722796776883	0.999999979788073	NS	1.79355467463319	0.00112115493971219	UP
UP	A485_only	medtr.A17.gnm5.ann1_6.MtrunA17Chr1g0188421	MtrunA17Chr1g0188421			medtr.A17.gnm5.MtrunA17Chr1	+	38221325	38227121	0.606546767612333	0.999999979788073	NS	1.79201128538949	0.00447340574252977	UP
UP	A485_only	medtr.A17.gnm5.ann1_6.MtrunA17Chr4g0068531	MtrunA17Chr4g0068531			medtr.A17.gnm5.MtrunA17Chr4	-	58660119	58665204	1.06239000625539	0.999999979788073	NS	1.79102276890473	0.0430028524840799	UP
UP	A485_only	medtr.A17.gnm5.ann1_6.MtrunA17Chr7g0255931	MtrunA17Chr7g0255931			medtr.A17.gnm5.MtrunA17Chr7	-	41830489	41837181	0.907580775445438	0.999999979788073	NS	1.7904837921918	0.0113184482457432	UP
UP	A485_only	medtr.A17.gnm5.ann1_6.MtrunA17Chr8g0389761	MtrunA17Chr8g0389761			medtr.A17.gnm5.MtrunA17Chr8	+	47207125	47208045	0.953118917578208	0.999999979788073	NS	1.78855577457013	0.017502932665615	UP
UP	A485_only	medtr.A17.gnm5.ann1_6.MtrunA17Chr2g0315081	MtrunA17Chr2g0315081			medtr.A17.gnm5.MtrunA17Chr2	-	37397019	37405738	1.60961386631088	0.237007118858191	NS	1.78501583004222	0.0487213405297395	UP
UP	A485_only	medtr.A17.gnm5.ann1_6.MtrunA17Chr4g0064941	MtrunA17Chr4g0064941			medtr.A17.gnm5.MtrunA17Chr4	+	56164702	56176500	0.548367916326645	0.999999979788073	NS	1.78459549310102	0.00238480626320525	UP
UP	A485_only	medtr.A17.gnm5.ann1_6.MtrunA17Chr7g0256731	MtrunA17Chr7g0256731			medtr.A17.gnm5.MtrunA17Chr7	+	42509216	42512996	0.539452713890221	0.999999979788073	NS	1.78419457575745	0.000747560799132109	UP
UP	A485_only	medtr.A17.gnm5.ann1_6.MtrunA17Chr7g0221571	MtrunA17Chr7g0221571			medtr.A17.gnm5.MtrunA17Chr7	+	7113167	7115850	0.968902762715752	0.999999979788073	NS	1.78363973732135	0.00052993296573824	UP
UP	A485_only	medtr.A17.gnm5.ann1_6.MtrunA17Chr3g0079031	MtrunA17Chr3g0079031	MtPUB20	Plant U-box protein 20	medtr.A17.gnm5.MtrunA17Chr3	-	1448155	1454195	0.850426268271731	0.999999979788073	NS	1.77914535499298	0.0243890882520912	UP
UP	A485_only	medtr.A17.gnm5.ann1_6.MtrunA17Chr2g0312521	MtrunA17Chr2g0312521			medtr.A17.gnm5.MtrunA17Chr2	-	35370264	35372770	0.745733101023614	0.999999979788073	NS	1.77618821486804	0.040716999126485	UP
UP	A485_only	medtr.A17.gnm5.ann1_6.MtrunA17Chr7g0250251	MtrunA17Chr7g0250251			medtr.A17.gnm5.MtrunA17Chr7	+	37766138	37771843	0.949159780148625	0.999999979788073	NS	1.77345740982175	0.0184341523619364	UP
UP	A485_only	medtr.A17.gnm5.ann1_6.MtrunA17Chr5g0420771	MtrunA17Chr5g0420771			medtr.A17.gnm5.MtrunA17Chr5	-	21254710	21257895	0.784695741124096	0.999999979788073	NS	1.77229493135556	0.00948562011097697	UP
UP	A485_only	medtr.A17.gnm5.ann1_6.MtrunA17Chr8g0344421	MtrunA17Chr8g0344421			medtr.A17.gnm5.MtrunA17Chr8	+	7565463	7568879	1.09630475989817	0.999999979788073	NS	1.77164961549379	0.026655011915916	UP
UP	A485_only	medtr.A17.gnm5.ann1_6.MtrunA17Chr6g0461331	MtrunA17Chr6g0461331			medtr.A17.gnm5.MtrunA17Chr6	+	10539527	10542070	1.0671987160233	0.999999979788073	NS	1.77085927214558	0.0248721676925521	UP
UP	A485_only	medtr.A17.gnm5.ann1_6.MtrunA17Chr8g0346541	MtrunA17Chr8g0346541			medtr.A17.gnm5.MtrunA17Chr8	-	9571587	9577762	0.819957669600251	0.999999979788073	NS	1.77081053458236	0.00586206807118648	UP
UP	A485_only	medtr.A17.gnm5.ann1_6.MtrunA17Chr3g0129691	MtrunA17Chr3g0129691	MtATG13b	Autophagy related gene	medtr.A17.gnm5.MtrunA17Chr3	-	47133218	47139912	1.2853527908928	0.584226870528006	NS	1.77052263327139	0.0209034255869308	UP
UP	A485_only	medtr.A17.gnm5.ann1_6.MtrunA17Chr8g0375761	MtrunA17Chr8g0375761			medtr.A17.gnm5.MtrunA17Chr8	-	37449537	37454639	-0.543666853984274	0.999999979788073	NS	1.77017611794215	0.0358384362302877	UP
UP	A485_only	medtr.A17.gnm5.ann1_6.MtrunA17Chr7g0233351	MtrunA17Chr7g0233351			medtr.A17.gnm5.MtrunA17Chr7	-	23826973	23831926	0.312129521232067	0.999999979788073	NS	1.76971992218872	0.0455882003097572	UP
UP	A485_only	medtr.A17.gnm5.ann1_6.MtrunA17Chr1g0211831	MtrunA17Chr1g0211831			medtr.A17.gnm5.MtrunA17Chr1	+	55261800	55268422	0.748548591878835	0.999999979788073	NS	1.76803243940172	0.00028447585006783	UP
UP	A485_only	medtr.A17.gnm5.ann1_6.MtrunA17Chr2g0317901	MtrunA17Chr2g0317901			medtr.A17.gnm5.MtrunA17Chr2	+	39690272	39695609	1.33216917925727	0.338347391850849	NS	1.76593910046586	0.00686489481774873	UP
UP	A485_only	medtr.A17.gnm5.ann1_6.MtrunA17Chr8g0359651	MtrunA17Chr8g0359651			medtr.A17.gnm5.MtrunA17Chr8	-	23376041	23386483	0.841824980670409	0.999999979788073	NS	1.76378612413888	0.00262278553529881	UP
UP	A485_only	medtr.A17.gnm5.ann1_6.MtrunA17Chr1g0196181	MtrunA17Chr1g0196181			medtr.A17.gnm5.MtrunA17Chr1	-	43825510	43828824	1.74798343295678	0.053874280486835	NS	1.76053069550211	0.02030384481132	UP
UP	A485_only	medtr.A17.gnm5.ann1_6.MtrunA17Chr2g0333771	MtrunA17Chr2g0333771	MtNIP4	NOD26-like intrinsic protein 4 (aquaporin|AY605123)	medtr.A17.gnm5.MtrunA17Chr2	-	51490109	51492470	0.798122307030236	0.999999979788073	NS	1.75974688570727	0.017943202174539	UP
UP	A485_only	medtr.A17.gnm5.ann1_6.MtrunA17Chr1g0189551	MtrunA17Chr1g0189551			medtr.A17.gnm5.MtrunA17Chr1	+	39037277	39041599	0.963130580556501	0.999999979788073	NS	1.75635696242449	0.0466153185655538	UP
UP	A485_only	medtr.A17.gnm5.ann1_6.MtrunA17Chr3g0102551	MtrunA17Chr3g0102551			medtr.A17.gnm5.MtrunA17Chr3	-	27084062	27090152	1.28769924197067	0.634036866025471	NS	1.75538063228424	0.0351569562338674	UP
UP	A485_only	medtr.A17.gnm5.ann1_6.MtrunA17Chr3g0125671	MtrunA17Chr3g0125671			medtr.A17.gnm5.MtrunA17Chr3	+	44149046	44152698	0.519252698012744	0.999999979788073	NS	1.75334985631771	0.00150288515691076	UP
UP	A485_only	medtr.A17.gnm5.ann1_6.MtrunA17Chr1g0208821	MtrunA17Chr1g0208821	MtMATE27	multidrug and toxic compound extrusion family	medtr.A17.gnm5.MtrunA17Chr1	+	52877122	52883023	1.24827123494768	0.585404692778138	NS	1.75321276900632	0.0120324909505524	UP
UP	A485_only	medtr.A17.gnm5.ann1_6.MtrunA17Chr2g0333761	MtrunA17Chr2g0333761			medtr.A17.gnm5.MtrunA17Chr2	+	51487337	51493440	0.867459663050294	0.999999979788073	NS	1.75261840383922	0.00902960249193881	UP
UP	A485_only	medtr.A17.gnm5.ann1_6.MtrunA17Chr5g0422041	MtrunA17Chr5g0422041			medtr.A17.gnm5.MtrunA17Chr5	-	23801133	23802754	0.335978077358734	0.999999979788073	NS	1.75227476732019	0.0136085728574671	UP
UP	A485_only	medtr.A17.gnm5.ann1_6.MtrunA17Chr1g0153991	MtrunA17Chr1g0153991			medtr.A17.gnm5.MtrunA17Chr1	+	6326704	6331181	0.996803612046719	0.999999979788073	NS	1.75118021685912	0.0423425313196683	UP
UP	A485_only	medtr.A17.gnm5.ann1_6.MtrunA17Chr8g0346531	MtrunA17Chr8g0346531			medtr.A17.gnm5.MtrunA17Chr8	+	9571526	9578461	0.68129744270875	0.999999979788073	NS	1.75107358745993	0.00654207124459759	UP
UP	A485_only	medtr.A17.gnm5.ann1_6.MtrunA17Chr7g0237421	MtrunA17Chr7g0237421			medtr.A17.gnm5.MtrunA17Chr7	-	27606141	27615450	1.64075161126114	0.0633139445751931	NS	1.75090004663411	0.0114677762899163	UP
UP	A485_only	medtr.A17.gnm5.ann1_6.MtrunA17Chr7g0255621	MtrunA17Chr7g0255621			medtr.A17.gnm5.MtrunA17Chr7	-	41553402	41558965	1.03111742790514	0.999999979788073	NS	1.74927279053795	0.0275815732965291	UP
UP	A485_only	medtr.A17.gnm5.ann1_6.MtrunA17Chr8g0345621	MtrunA17Chr8g0345621			medtr.A17.gnm5.MtrunA17Chr8	+	8614786	8618834	0.277759978069243	0.999999979788073	NS	1.74877914600732	0.000933616623588025	UP
UP	A485_only	medtr.A17.gnm5.ann1_6.MtrunA17Chr5g0407431	MtrunA17Chr5g0407431			medtr.A17.gnm5.MtrunA17Chr5	+	9960640	9962044	1.20034663386601	0.585404692778138	NS	1.74400669022445	0.00351942463996071	UP
UP	A485_only	medtr.A17.gnm5.ann1_6.MtrunA17Chr4g0055931	MtrunA17Chr4g0055931			medtr.A17.gnm5.MtrunA17Chr4	+	49447848	49451476	0.966714260420733	0.999999979788073	NS	1.73966596489462	0.000730060255032574	UP
UP	A485_only	medtr.A17.gnm5.ann1_6.MtrunA17Chr5g0396251	MtrunA17Chr5g0396251			medtr.A17.gnm5.MtrunA17Chr5	+	1894860	1909161	1.33722799654551	0.268301633309519	NS	1.73909382734799	0.00444083412412463	UP
UP	A485_only	medtr.A17.gnm5.ann1_6.MtrunA17Chr2g0280401	MtrunA17Chr2g0280401			medtr.A17.gnm5.MtrunA17Chr2	+	2512444	2516112	0.898626642225344	0.999999979788073	NS	1.73473894719483	0.00584966873800477	UP
UP	A485_only	medtr.A17.gnm5.ann1_6.MtrunA17Chr8g0387541	MtrunA17Chr8g0387541			medtr.A17.gnm5.MtrunA17Chr8	-	45635142	45639803	1.12241434186155	0.798346569816635	NS	1.73130665788122	0.00162143539954601	UP
UP	A485_only	medtr.A17.gnm5.ann1_6.MtrunA17Chr3g0121141	MtrunA17Chr3g0121141			medtr.A17.gnm5.MtrunA17Chr3	+	41085662	41087649	1.3554661801931	0.509896968985315	NS	1.72454312084176	0.0424224920533678	UP
UP	A485_only	medtr.A17.gnm5.ann1_6.MtrunA17Chr1g0186341	MtrunA17Chr1g0186341			medtr.A17.gnm5.MtrunA17Chr1	-	36607690	36609429	0.878177689808844	0.999999979788073	NS	1.72261080270717	0.0309811421105134	UP
UP	A485_only	medtr.A17.gnm5.ann1_6.MtrunA17Chr4g0013051	MtrunA17Chr4g0013051			medtr.A17.gnm5.MtrunA17Chr4	+	10473140	10480012	0.631445571243128	0.999999979788073	NS	1.72132936465018	0.0327389954074085	UP
UP	A485_only	medtr.A17.gnm5.ann1_6.MtrunA17Chr8g0354571	MtrunA17Chr8g0354571	MtCYP72A62v1	Cytochrome P450 monooxygenase	medtr.A17.gnm5.MtrunA17Chr8	-	16093761	16097249	0.375223633417439	0.999999979788073	NS	1.71963615203753	0.0263090011182209	UP
UP	A485_only	medtr.A17.gnm5.ann1_6.MtrunA17Chr2g0297291	MtrunA17Chr2g0297291			medtr.A17.gnm5.MtrunA17Chr2	+	15451933	15457316	0.544584472965152	0.999999979788073	NS	1.71940513448497	0.0196023076982228	UP
UP	A485_only	medtr.A17.gnm5.ann1_6.MtrunA17Chr8g0389741	MtrunA17Chr8g0389741	MtBG7	beta-1,3-Glucanase 7	medtr.A17.gnm5.MtrunA17Chr8	-	47191820	47195480	0.718983204896186	0.999999979788073	NS	1.71919283649717	0.0110543547425205	UP
UP	A485_only	medtr.A17.gnm5.ann1_6.MtrunA17Chr4g0052411	MtrunA17Chr4g0052411			medtr.A17.gnm5.MtrunA17Chr4	-	46580760	46584231	0.669647410644482	0.999999979788073	NS	1.71163149145181	0.00957036480747281	UP
UP	A485_only	medtr.A17.gnm5.ann1_6.MtrunA17Chr3g0094371	MtrunA17Chr3g0094371			medtr.A17.gnm5.MtrunA17Chr3	-	16953600	16953815	0.751253411652678	0.999999979788073	NS	1.71062774616152	0.022310574506276	UP
UP	A485_only	medtr.A17.gnm5.ann1_6.MtrunA17Chr1g0192651	MtrunA17Chr1g0192651			medtr.A17.gnm5.MtrunA17Chr1	+	41266715	41269957	0.832206493379617	0.999999979788073	NS	1.71058678053801	0.0139482306809895	UP
UP	A485_only	medtr.A17.gnm5.ann1_6.MtrunA17Chr2g0328861	MtrunA17Chr2g0328861			medtr.A17.gnm5.MtrunA17Chr2	-	47990100	47991851	0.402074076781009	0.999999979788073	NS	1.70690866396124	0.0323840331214984	UP
UP	A485_only	medtr.A17.gnm5.ann1_6.MtrunA17Chr2g0298671	MtrunA17Chr2g0298671			medtr.A17.gnm5.MtrunA17Chr2	+	16604227	16609130	1.24412066627758	0.386026525777249	NS	1.70205104532498	0.00262022039974838	UP
UP	A485_only	medtr.A17.gnm5.ann1_6.MtrunA17Chr5g0442621	MtrunA17Chr5g0442621			medtr.A17.gnm5.MtrunA17Chr5	+	40687431	40688331	0.914339397121312	0.999999979788073	NS	1.69214838946546	0.0472114179651066	UP
UP	A485_only	medtr.A17.gnm5.ann1_6.MtrunA17Chr3g0107031	MtrunA17Chr3g0107031			medtr.A17.gnm5.MtrunA17Chr3	-	30614347	30617519	1.47305566019141	0.105782943723306	NS	1.69143470701281	0.00720446181181278	UP
UP	A485_only	medtr.A17.gnm5.ann1_6.MtrunA17Chr5g0447051	MtrunA17Chr5g0447051			medtr.A17.gnm5.MtrunA17Chr5	+	43442934	43446950	1.78694105219015	0.0642865784328599	NS	1.69039463450848	0.0460249344694185	UP
UP	A485_only	medtr.A17.gnm5.ann1_6.MtrunA17Chr4g0020341	MtrunA17Chr4g0020341			medtr.A17.gnm5.MtrunA17Chr4	-	16293102	16293922	1.18493889260046	0.611551925210095	NS	1.68883556578636	0.00449907423504474	UP
UP	A485_only	medtr.A17.gnm5.ann1_6.MtrunA17Chr5g0413871	MtrunA17Chr5g0413871			medtr.A17.gnm5.MtrunA17Chr5	-	15046494	15049325	1.23617296369168	0.703076899019252	NS	1.68813198141031	0.0358401061103304	UP
UP	A485_only	medtr.A17.gnm5.ann1_6.MtrunA17Chr7g0219241	MtrunA17Chr7g0219241	MtMAT3	isoflavonoid malonyl transferase 3	medtr.A17.gnm5.MtrunA17Chr7	+	4473008	4474797	1.5890426871843	0.151703161451749	NS	1.68580502007762	0.0385164787287324	UP
UP	A485_only	medtr.A17.gnm5.ann1_6.MtrunA17Chr3g0094361	MtrunA17Chr3g0094361			medtr.A17.gnm5.MtrunA17Chr3	+	16952656	16955096	1.06406260000984	0.999999979788073	NS	1.68186385490672	0.0144152610186894	UP
UP	A485_only	medtr.A17.gnm5.ann1_6.MtrunA17Chr8g0386481	MtrunA17Chr8g0386481			medtr.A17.gnm5.MtrunA17Chr8	-	44883411	44892022	0.813827171210528	0.999999979788073	NS	1.67769408296792	0.0210201505601091	UP
UP	A485_only	medtr.A17.gnm5.ann1_6.MtrunA17Chr3g0096571	MtrunA17Chr3g0096571			medtr.A17.gnm5.MtrunA17Chr3	+	20730666	20733525	1.25219549354023	0.4362973070374	NS	1.67761389408911	0.0064199511490826	UP
UP	A485_only	medtr.A17.gnm5.ann1_6.MtrunA17Chr4g0020051	MtrunA17Chr4g0020051			medtr.A17.gnm5.MtrunA17Chr4	+	15692912	15699115	0.352918428940973	0.999999979788073	NS	1.6741991588548	0.0306128876437949	UP
UP	A485_only	medtr.A17.gnm5.ann1_6.MtrunA17Chr3g0099881	MtrunA17Chr3g0099881			medtr.A17.gnm5.MtrunA17Chr3	+	24587406	24594194	0.736011708812445	0.999999979788073	NS	1.6736480771799	0.00156699872088663	UP
UP	A485_only	medtr.A17.gnm5.ann1_6.MtrunA17Chr4g0013831	MtrunA17Chr4g0013831	MtETR1	ethylene receptor-like 1	medtr.A17.gnm5.MtrunA17Chr4	+	11203087	11207932	0.929939121620807	0.999999979788073	NS	1.67344853335313	0.0287590629019879	UP
UP	A485_only	medtr.A17.gnm5.ann1_6.MtrunA17Chr8g0376561	MtrunA17Chr8g0376561			medtr.A17.gnm5.MtrunA17Chr8	+	38097163	38102942	0.611128301810587	0.999999979788073	NS	1.67088391195603	0.0161216341522966	UP
UP	A485_only	medtr.A17.gnm5.ann1_6.MtrunA17Chr8g0375311	MtrunA17Chr8g0375311			medtr.A17.gnm5.MtrunA17Chr8	+	37187015	37192437	0.895018601625073	0.999999979788073	NS	1.66683805323324	0.00782927680770974	UP
UP	A485_only	medtr.A17.gnm5.ann1_6.MtrunA17Chr8g0387441	MtrunA17Chr8g0387441			medtr.A17.gnm5.MtrunA17Chr8	+	45510047	45511605	1.04268904906718	0.999999979788073	NS	1.66362943645299	0.00129896976084054	UP
UP	A485_only	medtr.A17.gnm5.ann1_6.MtrunA17Chr4g0060791	MtrunA17Chr4g0060791			medtr.A17.gnm5.MtrunA17Chr4	-	53063805	53066674	1.17311537177395	0.873439096697347	NS	1.66106297554359	0.042714084674619	UP
UP	A485_only	medtr.A17.gnm5.ann1_6.MtrunA17Chr4g0039651	MtrunA17Chr4g0039651	MtVGT2_1|MtVGT1.1	vacuolar glucose transporter	medtr.A17.gnm5.MtrunA17Chr4	+	37777040	37784621	0.73502688383258	0.999999979788073	NS	1.65326799396416	0.00344846720313224	UP
UP	A485_only	medtr.A17.gnm5.ann1_6.MtrunA17Chr5g0415981	MtrunA17Chr5g0415981			medtr.A17.gnm5.MtrunA17Chr5	-	16759592	16766034	0.399938096171348	0.999999979788073	NS	1.65311263288276	0.0270533334227876	UP
UP	A485_only	medtr.A17.gnm5.ann1_6.MtrunA17Chr3g0131711	MtrunA17Chr3g0131711			medtr.A17.gnm5.MtrunA17Chr3	+	48554870	48562433	0.286464800494179	0.999999979788073	NS	1.65289688225671	0.0360041079036794	UP
UP	A485_only	medtr.A17.gnm5.ann1_6.MtrunA17Chr7g0255631	MtrunA17Chr7g0255631			medtr.A17.gnm5.MtrunA17Chr7	+	41554727	41555490	1.22348697770324	0.547789630038981	NS	1.6412632732829	0.0114449385508245	UP
UP	A485_only	medtr.A17.gnm5.ann1_6.MtrunA17Chr4g0006971	MtrunA17Chr4g0006971			medtr.A17.gnm5.MtrunA17Chr4	-	5498350	5504249	0.989181264737829	0.999999979788073	NS	1.63756675980096	0.0220733823515614	UP
UP	A485_only	medtr.A17.gnm5.ann1_6.MtrunA17Chr3g0127161	MtrunA17Chr3g0127161			medtr.A17.gnm5.MtrunA17Chr3	+	45312021	45313330	1.02844861743266	0.999999979788073	NS	1.63511089793154	0.039160395229251	UP
UP	A485_only	medtr.A17.gnm5.ann1_6.MtrunA17Chr2g0317331	MtrunA17Chr2g0317331			medtr.A17.gnm5.MtrunA17Chr2	+	39253904	39254994	0.482325946226991	0.999999979788073	NS	1.63470073390402	0.0274009108927681	UP
UP	A485_only	medtr.A17.gnm5.ann1_6.MtrunA17Chr4g0059341	MtrunA17Chr4g0059341			medtr.A17.gnm5.MtrunA17Chr4	-	52039337	52039845	-0.138367546185208	0.999999979788073	NS	1.63462328746169	0.0397968568626178	UP
UP	A485_only	medtr.A17.gnm5.ann1_6.MtrunA17Chr7g0260901	MtrunA17Chr7g0260901			medtr.A17.gnm5.MtrunA17Chr7	+	45552253	45553366	1.09635180139215	0.999999979788073	NS	1.63370071049913	0.0191343540601485	UP
UP	A485_only	medtr.A17.gnm5.ann1_6.MtrunA17Chr7g0253611	MtrunA17Chr7g0253611			medtr.A17.gnm5.MtrunA17Chr7	-	40130821	40140125	0.944621044565796	0.999999979788073	NS	1.63133490993667	0.0300993372052255	UP
UP	A485_only	medtr.A17.gnm5.ann1_6.MtrunA17Chr4g0056441	MtrunA17Chr4g0056441			medtr.A17.gnm5.MtrunA17Chr4	-	49834632	49846023	0.233883113891079	0.999999979788073	NS	1.63105534311872	0.00410457787804656	UP
UP	A485_only	medtr.A17.gnm5.ann1_6.MtrunA17Chr8g0364481	MtrunA17Chr8g0364481			medtr.A17.gnm5.MtrunA17Chr8	+	28890363	28897863	0.357218731588515	0.999999979788073	NS	1.62836806711635	0.0224665631036153	UP
UP	A485_only	medtr.A17.gnm5.ann1_6.MtrunA17Chr3g0083411	MtrunA17Chr3g0083411			medtr.A17.gnm5.MtrunA17Chr3	+	4990882	4991146	0.995900620362618	0.999999979788073	NS	1.62593794810216	0.0489160137345222	UP
UP	A485_only	medtr.A17.gnm5.ann1_6.MtrunA17Chr3g0123531	MtrunA17Chr3g0123531			medtr.A17.gnm5.MtrunA17Chr3	+	42689728	42695365	0.775930548029556	0.999999979788073	NS	1.62447002742774	0.0266243774675502	UP
UP	A485_only	medtr.A17.gnm5.ann1_6.MtrunA17Chr6g0471381	MtrunA17Chr6g0471381			medtr.A17.gnm5.MtrunA17Chr6	+	22400303	22406326	0.956657916001888	0.999999979788073	NS	1.62360681206047	0.0351569562338674	UP
UP	A485_only	medtr.A17.gnm5.ann1_6.MtrunA17Chr7g0225591	MtrunA17Chr7g0225591			medtr.A17.gnm5.MtrunA17Chr7	+	10682284	10687639	0.474031245324713	0.999999979788073	NS	1.6205822083905	0.0481642624554008	UP
UP	A485_only	medtr.A17.gnm5.ann1_6.MtrunA17Chr7g0255181	MtrunA17Chr7g0255181	MtSDG61	Histone methyltransferase SDG subfamily	medtr.A17.gnm5.MtrunA17Chr7	-	41202340	41207760	0.462238628323785	0.999999979788073	NS	1.61651397690145	0.0108049233320527	UP
UP	A485_only	medtr.A17.gnm5.ann1_6.MtrunA17Chr2g0317321	MtrunA17Chr2g0317321			medtr.A17.gnm5.MtrunA17Chr2	-	39253032	39255150	0.499301725542267	0.999999979788073	NS	1.61604902786861	0.0304716259235063	UP
UP	A485_only	medtr.A17.gnm5.ann1_6.MtrunA17Chr2g0324061	MtrunA17Chr2g0324061			medtr.A17.gnm5.MtrunA17Chr2	-	44377957	44381806	0.61436792080046	0.999999979788073	NS	1.61543755022709	0.0495705586503587	UP
UP	A485_only	medtr.A17.gnm5.ann1_6.MtrunA17Chr8g0388651	MtrunA17Chr8g0388651			medtr.A17.gnm5.MtrunA17Chr8	-	46383384	46387053	0.608822887182484	0.999999979788073	NS	1.61377424275828	0.00293426300386083	UP
UP	A485_only	medtr.A17.gnm5.ann1_6.MtrunA17Chr1g0185711	MtrunA17Chr1g0185711			medtr.A17.gnm5.MtrunA17Chr1	-	36077347	36080184	1.12535954749534	0.931886369018524	NS	1.6133879945005	0.0268826394173227	UP
UP	A485_only	medtr.A17.gnm5.ann1_6.MtrunA17Chr8g0358781	MtrunA17Chr8g0358781			medtr.A17.gnm5.MtrunA17Chr8	-	21282291	21290576	0.794170746844949	0.999999979788073	NS	1.6129400444041	0.00686489481774873	UP
UP	A485_only	medtr.A17.gnm5.ann1_6.MtrunA17Chr4g0019091	MtrunA17Chr4g0019091			medtr.A17.gnm5.MtrunA17Chr4	+	14462318	14468028	0.642504380653894	0.999999979788073	NS	1.61202864655154	0.0125420089512429	UP
UP	A485_only	medtr.A17.gnm5.ann1_6.MtrunA17Chr7g0269871	MtrunA17Chr7g0269871			medtr.A17.gnm5.MtrunA17Chr7	-	51722080	51729694	-0.118840739794644	0.999999979788073	NS	1.61181326074702	0.00263888272524739	UP
UP	A485_only	medtr.A17.gnm5.ann1_6.MtrunA17Chr2g0328851	MtrunA17Chr2g0328851			medtr.A17.gnm5.MtrunA17Chr2	+	47987598	48000830	0.284026490535564	0.999999979788073	NS	1.60895111861001	0.0196023076982228	UP
UP	A485_only	medtr.A17.gnm5.ann1_6.MtrunA17Chr8g0389961	MtrunA17Chr8g0389961			medtr.A17.gnm5.MtrunA17Chr8	-	47338274	47343380	0.500646119487901	0.999999979788073	NS	1.60300452481316	0.00392820181828332	UP
UP	A485_only	medtr.A17.gnm5.ann1_6.MtrunA17Chr4g0020331	MtrunA17Chr4g0020331			medtr.A17.gnm5.MtrunA17Chr4	+	16290767	16294177	1.02299141526351	0.999999979788073	NS	1.60287845651862	0.00624990024437348	UP
UP	A485_only	medtr.A17.gnm5.ann1_6.MtrunA17Chr3g0140911	MtrunA17Chr3g0140911	MtSUT4-2|MtSUT4.2	sucrose transporter	medtr.A17.gnm5.MtrunA17Chr3	+	55270562	55280374	0.791097073390545	0.999999979788073	NS	1.60019037535921	0.0141789916131557	UP
UP	A485_only	medtr.A17.gnm5.ann1_6.MtrunA17Chr4g0031821	MtrunA17Chr4g0031821			medtr.A17.gnm5.MtrunA17Chr4	+	32138227	32144351	0.673909127898654	0.999999979788073	NS	1.59332353708938	0.00826660617290505	UP
UP	A485_only	medtr.A17.gnm5.ann1_6.MtrunA17Chr3g0124921	MtrunA17Chr3g0124921			medtr.A17.gnm5.MtrunA17Chr3	+	43525678	43529352	0.800751361838623	0.999999979788073	NS	1.59205381938327	0.0159596866803611	UP
UP	A485_only	medtr.A17.gnm5.ann1_6.MtrunA17Chr4g0062731	MtrunA17Chr4g0062731			medtr.A17.gnm5.MtrunA17Chr4	+	54423541	54431388	0.895357870193756	0.999999979788073	NS	1.59020634716158	0.02319109041522	UP
UP	A485_only	medtr.A17.gnm5.ann1_6.MtrunA17Chr3g0136041	MtrunA17Chr3g0136041			medtr.A17.gnm5.MtrunA17Chr3	-	51764704	51766563	0.974921995392968	0.999999979788073	NS	1.58980172694899	0.0233833963513552	UP
UP	A485_only	medtr.A17.gnm5.ann1_6.MtrunA17Chr2g0303771	MtrunA17Chr2g0303771			medtr.A17.gnm5.MtrunA17Chr2	+	21578353	21584919	0.908309274119992	0.999999979788073	NS	1.58908126256493	0.0196023076982228	UP
UP	A485_only	medtr.A17.gnm5.ann1_6.MtrunA17Chr4g0059351	MtrunA17Chr4g0059351			medtr.A17.gnm5.MtrunA17Chr4	-	52041305	52041738	0.510537707107831	0.999999979788073	NS	1.5876938001607	0.02030384481132	UP
UP	A485_only	medtr.A17.gnm5.ann1_6.MtrunA17Chr1g0206811	MtrunA17Chr1g0206811			medtr.A17.gnm5.MtrunA17Chr1	+	51588403	51591867	0.825735954269434	0.999999979788073	NS	1.58751298687284	0.025807116354839	UP
UP	A485_only	medtr.A17.gnm5.ann1_6.MtrunA17Chr7g0220221	MtrunA17Chr7g0220221			medtr.A17.gnm5.MtrunA17Chr7	+	5568628	5574505	1.3043066432998	0.362460314907029	NS	1.58528518315012	0.0214648019860354	UP
UP	A485_only	medtr.A17.gnm5.ann1_6.MtrunA17Chr5g0403231	MtrunA17Chr5g0403231			medtr.A17.gnm5.MtrunA17Chr5	-	7032015	7036939	0.270138549892308	0.999999979788073	NS	1.58364120632774	0.0355818470644167	UP
UP	A485_only	medtr.A17.gnm5.ann1_6.MtrunA17Chr2g0302421	MtrunA17Chr2g0302421			medtr.A17.gnm5.MtrunA17Chr2	-	19949927	19954503	0.960973759010156	0.999999979788073	NS	1.58327804237971	0.025807116354839	UP
UP	A485_only	medtr.A17.gnm5.ann1_6.MtrunA17Chr5g0401891	MtrunA17Chr5g0401891	MtAP2b	APETALA 2b	medtr.A17.gnm5.MtrunA17Chr5	+	6070823	6075129	0.951487932256213	0.999999979788073	NS	1.57834640026941	0.035102081717387	UP
UP	A485_only	medtr.A17.gnm5.ann1_6.MtrunA17Chr5g0402081	MtrunA17Chr5g0402081			medtr.A17.gnm5.MtrunA17Chr5	-	6219422	6224193	0.889294876853633	0.999999979788073	NS	1.57540288966958	0.00439686804029991	UP
UP	A485_only	medtr.A17.gnm5.ann1_6.MtrunA17Chr3g0099661	MtrunA17Chr3g0099661			medtr.A17.gnm5.MtrunA17Chr3	-	24426776	24432786	0.513087000417215	0.999999979788073	NS	1.57457289186267	0.00826660617290505	UP
UP	A485_only	medtr.A17.gnm5.ann1_6.MtrunA17Chr4g0040751	MtrunA17Chr4g0040751			medtr.A17.gnm5.MtrunA17Chr4	-	38572019	38578853	0.376154103472471	0.999999979788073	NS	1.57311645830933	0.0159470703638598	UP
UP	A485_only	medtr.A17.gnm5.ann1_6.MtrunA17Chr6g0458311	MtrunA17Chr6g0458311			medtr.A17.gnm5.MtrunA17Chr6	-	7860226	7876777	-0.0304293261608046	0.999999979788073	NS	1.5708758199644	0.0287778900317273	UP
UP	A485_only	medtr.A17.gnm5.ann1_6.MtrunA17Chr5g0395041	MtrunA17Chr5g0395041			medtr.A17.gnm5.MtrunA17Chr5	+	1187560	1193822	0.751828051854805	0.999999979788073	NS	1.56829481686682	0.00577408600501749	UP
UP	A485_only	medtr.A17.gnm5.ann1_6.MtrunA17Chr2g0303101	MtrunA17Chr2g0303101	MtJMJ17	Histone demethylase, JmjC domain-containing	medtr.A17.gnm5.MtrunA17Chr2	-	20695504	20701897	0.797758465112676	0.999999979788073	NS	1.56634539216644	0.00799946519173007	UP
UP	A485_only	medtr.A17.gnm5.ann1_6.MtrunA17Chr5g0423001	MtrunA17Chr5g0423001			medtr.A17.gnm5.MtrunA17Chr5	-	24782246	24786557	0.846793193135449	0.999999979788073	NS	1.56379016306407	0.034972033304152	UP
UP	A485_only	medtr.A17.gnm5.ann1_6.MtrunA17Chr7g0220581	MtrunA17Chr7g0220581			medtr.A17.gnm5.MtrunA17Chr7	+	6009647	6013595	1.38647962355503	0.221258590400548	NS	1.56202515535072	0.0268950675737748	UP
UP	A485_only	medtr.A17.gnm5.ann1_6.MtrunA17Chr5g0407981	MtrunA17Chr5g0407981			medtr.A17.gnm5.MtrunA17Chr5	-	10290456	10294167	1.12922845881488	0.743732551686618	NS	1.56012766998414	0.00692715171376599	UP
UP	A485_only	medtr.A17.gnm5.ann1_6.MtrunA17Chr1g0199441	MtrunA17Chr1g0199441			medtr.A17.gnm5.MtrunA17Chr1	+	46172635	46174376	0.679589266163212	0.999999979788073	NS	1.55650540034936	0.0464874233713469	UP
UP	A485_only	medtr.A17.gnm5.ann1_6.MtrunA17Chr1g0155521	MtrunA17Chr1g0155521			medtr.A17.gnm5.MtrunA17Chr1	-	7276879	7282770	0.977206528655181	0.999999979788073	NS	1.55302022240766	0.032129434567919	UP
UP	A485_only	medtr.A17.gnm5.ann1_6.MtrunA17Chr8g0347191	MtrunA17Chr8g0347191			medtr.A17.gnm5.MtrunA17Chr8	+	10184324	10187157	0.973682132802008	0.999999979788073	NS	1.55168435550024	0.0108920957233253	UP
UP	A485_only	medtr.A17.gnm5.ann1_6.MtrunA17Chr1g0147931	MtrunA17Chr1g0147931			medtr.A17.gnm5.MtrunA17Chr1	+	1445986	1452920	0.977805415285619	0.999999979788073	NS	1.54996070325352	0.032129434567919	UP
UP	A485_only	medtr.A17.gnm5.ann1_6.MtrunA17Chr8g0356911	MtrunA17Chr8g0356911			medtr.A17.gnm5.MtrunA17Chr8	-	18622112	18624343	0.661511379474722	0.999999979788073	NS	1.54716260020962	0.0370034281848247	UP
UP	A485_only	medtr.A17.gnm5.ann1_6.MtrunA17Chr4g0065661	MtrunA17Chr4g0065661			medtr.A17.gnm5.MtrunA17Chr4	-	56723934	56726301	0.928189825061748	0.999999979788073	NS	1.5455147661011	0.0361797524992481	UP
UP	A485_only	medtr.A17.gnm5.ann1_6.MtrunA17Chr7g0247891	MtrunA17Chr7g0247891			medtr.A17.gnm5.MtrunA17Chr7	-	36132185	36135511	0.964352768824412	0.999999979788073	NS	1.54062079821894	0.0158611317042822	UP
UP	A485_only	medtr.A17.gnm5.ann1_6.MtrunA17Chr2g0281181	MtrunA17Chr2g0281181			medtr.A17.gnm5.MtrunA17Chr2	+	2968261	2975379	1.35424112150451	0.266563865029088	NS	1.54042515916323	0.0307792341972169	UP
UP	A485_only	medtr.A17.gnm5.ann1_6.MtrunA17Chr8g0347201	MtrunA17Chr8g0347201			medtr.A17.gnm5.MtrunA17Chr8	-	10186211	10191075	1.18847332593976	0.709388011336941	NS	1.53804060215898	0.0404359771806576	UP
UP	A485_only	medtr.A17.gnm5.ann1_6.MtrunA17Chr5g0419251	MtrunA17Chr5g0419251			medtr.A17.gnm5.MtrunA17Chr5	+	19545636	19550120	0.930040585619847	0.999999979788073	NS	1.53643845207273	0.0104325033367716	UP
UP	A485_only	medtr.A17.gnm5.ann1_6.MtrunA17Chr4g0048411	MtrunA17Chr4g0048411	MtSTP1|MtSTP1.2	Sugar transport protein 1	medtr.A17.gnm5.MtrunA17Chr4	+	44139816	44143782	0.660819274106449	0.999999979788073	NS	1.53364798996056	0.0285385861445945	UP
UP	A485_only	medtr.A17.gnm5.ann1_6.MtrunA17Chr6g0461011	MtrunA17Chr6g0461011			medtr.A17.gnm5.MtrunA17Chr6	+	10259542	10262218	0.476116864029325	0.999999979788073	NS	1.53063878311518	0.0479483692061476	UP
UP	A485_only	medtr.A17.gnm5.ann1_6.MtrunA17Chr2g0295011	MtrunA17Chr2g0295011			medtr.A17.gnm5.MtrunA17Chr2	-	13558015	13564541	0.21857925638623	0.999999979788073	NS	1.53000719353624	0.024681263239343	UP
UP	A485_only	medtr.A17.gnm5.ann1_6.MtrunA17Chr5g0443521	MtrunA17Chr5g0443521			medtr.A17.gnm5.MtrunA17Chr5	+	41307786	41312476	0.655415829927018	0.999999979788073	NS	1.52888943592108	0.0211062110418931	UP
UP	A485_only	medtr.A17.gnm5.ann1_6.MtrunA17Chr5g0443881	MtrunA17Chr5g0443881			medtr.A17.gnm5.MtrunA17Chr5	-	41523129	41526502	0.162151857594364	0.999999979788073	NS	1.52804617382214	0.0277665865997031	UP
UP	A485_only	medtr.A17.gnm5.ann1_6.MtrunA17Chr4g0059331	MtrunA17Chr4g0059331			medtr.A17.gnm5.MtrunA17Chr4	+	52035425	52042661	0.221639287522555	0.999999979788073	NS	1.52348769793501	0.0329414183810438	UP
UP	A485_only	medtr.A17.gnm5.ann1_6.MtrunA17Chr3g0138951	MtrunA17Chr3g0138951			medtr.A17.gnm5.MtrunA17Chr3	-	53764951	53769906	1.24803940385464	0.405024326616954	NS	1.52077697816161	0.0195345219246761	UP
UP	A485_only	medtr.A17.gnm5.ann1_6.MtrunA17Chr3g0078241	MtrunA17Chr3g0078241			medtr.A17.gnm5.MtrunA17Chr3	-	844858	851066	1.046306833999	0.999999979788073	NS	1.51719284670871	0.0216120805202673	UP
UP	A485_only	medtr.A17.gnm5.ann1_6.MtrunA17Chr8g0363741	MtrunA17Chr8g0363741			medtr.A17.gnm5.MtrunA17Chr8	+	28366770	28367708	1.47646317927423	0.139404065462866	NS	1.5126039130124	0.0469172546742362	UP
UP	A485_only	medtr.A17.gnm5.ann1_6.MtrunA17Chr1g0155531	MtrunA17Chr1g0155531			medtr.A17.gnm5.MtrunA17Chr1	-	7285237	7289537	0.868359618717605	0.999999979788073	NS	1.50186823511933	0.0310098187527436	UP
UP	A485_only	medtr.A17.gnm5.ann1_6.MtrunA17Chr7g0252171	MtrunA17Chr7g0252171			medtr.A17.gnm5.MtrunA17Chr7	-	39154839	39164519	0.0276478148550597	0.999999979788073	NS	1.50140174344777	0.0176663619805696	UP
UP	A485_only	medtr.A17.gnm5.ann1_6.MtrunA17Chr8g0391011	MtrunA17Chr8g0391011			medtr.A17.gnm5.MtrunA17Chr8	-	48018445	48021111	0.831598056276122	0.999999979788073	NS	1.49164336529072	0.0367440287320197	UP
UP	A485_only	medtr.A17.gnm5.ann1_6.MtrunA17Chr8g0393041	MtrunA17Chr8g0393041			medtr.A17.gnm5.MtrunA17Chr8	+	49462408	49469223	0.876872013557584	0.999999979788073	NS	1.48025851008165	0.0431016416350289	UP
UP	A485_only	medtr.A17.gnm5.ann1_6.MtrunA17Chr4g0044601	MtrunA17Chr4g0044601			medtr.A17.gnm5.MtrunA17Chr4	+	41431222	41437636	0.659478482168029	0.999999979788073	NS	1.47423480822159	0.0195561088202928	UP
UP	A485_only	medtr.A17.gnm5.ann1_6.MtrunA17Chr5g0445001	MtrunA17Chr5g0445001			medtr.A17.gnm5.MtrunA17Chr5	-	42237410	42242329	0.918396502731946	0.999999979788073	NS	1.47287998232017	0.0462563513335313	UP
UP	A485_only	medtr.A17.gnm5.ann1_6.MtrunA17Chr1g0173921	MtrunA17Chr1g0173921			medtr.A17.gnm5.MtrunA17Chr1	-	24509251	24517612	1.01618588740221	0.999999979788073	NS	1.46880582710903	0.0435992407777605	UP
UP	A485_only	medtr.A17.gnm5.ann1_6.MtrunA17Chr8g0383021	MtrunA17Chr8g0383021			medtr.A17.gnm5.MtrunA17Chr8	-	42443035	42449286	1.00978424051402	0.999999979788073	NS	1.4675391812429	0.00917861520256211	UP
UP	A485_only	medtr.A17.gnm5.ann1_6.MtrunA17Chr6g0453291	MtrunA17Chr6g0453291			medtr.A17.gnm5.MtrunA17Chr6	-	3694676	3703978	1.36167230945764	0.188554858172704	NS	1.46401185653205	0.0354565476301724	UP
UP	A485_only	medtr.A17.gnm5.ann1_6.MtrunA17Chr5g0400081	MtrunA17Chr5g0400081			medtr.A17.gnm5.MtrunA17Chr5	+	4506566	4516598	0.688264461431289	0.999999979788073	NS	1.46365736513688	0.0221047599913485	UP
UP	A485_only	medtr.A17.gnm5.ann1_6.MtrunA17Chr5g0420221	MtrunA17Chr5g0420221			medtr.A17.gnm5.MtrunA17Chr5	-	20626323	20630634	0.797155346743801	0.999999979788073	NS	1.4625873232243	0.0301468064842393	UP
UP	A485_only	medtr.A17.gnm5.ann1_6.MtrunA17Chr2g0280241	MtrunA17Chr2g0280241			medtr.A17.gnm5.MtrunA17Chr2	+	2424888	2430169	0.777071231666039	0.999999979788073	NS	1.45570706863504	0.0396242456420001	UP
UP	A485_only	medtr.A17.gnm5.ann1_6.MtrunA17Chr1g0213291	MtrunA17Chr1g0213291			medtr.A17.gnm5.MtrunA17Chr1	-	56200876	56206036	0.271964299418963	0.999999979788073	NS	1.45548011158574	0.00911336418201786	UP
UP	A485_only	medtr.A17.gnm5.ann1_6.MtrunA17Chr8g0360411	MtrunA17Chr8g0360411			medtr.A17.gnm5.MtrunA17Chr8	+	24538858	24544523	0.577356450464308	0.999999979788073	NS	1.45395730266077	0.0238537252955182	UP
UP	A485_only	medtr.A17.gnm5.ann1_6.MtrunA17Chr3g0113901	MtrunA17Chr3g0113901			medtr.A17.gnm5.MtrunA17Chr3	-	35532711	35541083	0.584262349553279	0.999999979788073	NS	1.45373374902719	0.0488139406794281	UP
UP	A485_only	medtr.A17.gnm5.ann1_6.MtrunA17Chr2g0291831	MtrunA17Chr2g0291831			medtr.A17.gnm5.MtrunA17Chr2	-	10921851	10933337	0.674054208447987	0.999999979788073	NS	1.45213593244725	0.0102552581092134	UP
UP	A485_only	medtr.A17.gnm5.ann1_6.MtrunA17Chr1g0196081	MtrunA17Chr1g0196081			medtr.A17.gnm5.MtrunA17Chr1	+	43787701	43791427	0.919555171419679	0.999999979788073	NS	1.45069632151548	0.0393873070195687	UP
UP	A485_only	medtr.A17.gnm5.ann1_6.MtrunA17Chr7g0251591	MtrunA17Chr7g0251591			medtr.A17.gnm5.MtrunA17Chr7	-	38750457	38758384	0.561775782469027	0.999999979788073	NS	1.4500756253426	0.0427781252995286	UP
UP	A485_only	medtr.A17.gnm5.ann1_6.MtrunA17Chr3g0128871	MtrunA17Chr3g0128871			medtr.A17.gnm5.MtrunA17Chr3	+	46485626	46490954	0.281719993680507	0.999999979788073	NS	1.44815311623491	0.0269327563121937	UP
UP	A485_only	medtr.A17.gnm5.ann1_6.MtrunA17Chr3g0118181	MtrunA17Chr3g0118181			medtr.A17.gnm5.MtrunA17Chr3	-	38893924	38896073	0.693371485438621	0.999999979788073	NS	1.4442915011542	0.0150054134218492	UP
UP	A485_only	medtr.A17.gnm5.ann1_6.MtrunA17Chr4g0059831	MtrunA17Chr4g0059831			medtr.A17.gnm5.MtrunA17Chr4	-	52398263	52401578	0.446322414975248	0.999999979788073	NS	1.43602707102257	0.0387009865878397	UP
UP	A485_only	medtr.A17.gnm5.ann1_6.MtrunA17Chr4g0063471	MtrunA17Chr4g0063471			medtr.A17.gnm5.MtrunA17Chr4	+	55042567	55044481	0.695910351200666	0.999999979788073	NS	1.4296911441026	0.034478592164121	UP
UP	A485_only	medtr.A17.gnm5.ann1_6.MtrunA17Chr2g0330971	MtrunA17Chr2g0330971			medtr.A17.gnm5.MtrunA17Chr2	-	49479252	49482112	0.676101822719985	0.999999979788073	NS	1.42776435116164	0.015424822468204	UP
UP	A485_only	medtr.A17.gnm5.ann1_6.MtrunA17Chr7g0222331	MtrunA17Chr7g0222331			medtr.A17.gnm5.MtrunA17Chr7	-	7532157	7538364	0.264099508668729	0.999999979788073	NS	1.42343727546477	0.0431904621216801	UP
UP	A485_only	medtr.A17.gnm5.ann1_6.MtrunA17Chr7g0253131	MtrunA17Chr7g0253131			medtr.A17.gnm5.MtrunA17Chr7	-	39865297	39869732	0.837924625590763	0.999999979788073	NS	1.40585376109476	0.0312577632515235	UP
UP	A485_only	medtr.A17.gnm5.ann1_6.MtrunA17Chr4g0068661	MtrunA17Chr4g0068661			medtr.A17.gnm5.MtrunA17Chr4	+	58717774	58724536	0.570335378441251	0.999999979788073	NS	1.40253272980022	0.0302051743684114	UP
UP	A485_only	medtr.A17.gnm5.ann1_6.MtrunA17Chr7g0263011	MtrunA17Chr7g0263011			medtr.A17.gnm5.MtrunA17Chr7	-	47013765	47017076	0.845919950800552	0.999999979788073	NS	1.40133670229614	0.0437355693344701	UP
UP	A485_only	medtr.A17.gnm5.ann1_6.MtrunA17Chr8g0351151	MtrunA17Chr8g0351151			medtr.A17.gnm5.MtrunA17Chr8	-	13341169	13348049	0.693024428632179	0.999999979788073	NS	1.39324847836487	0.024117135955613	UP
UP	A485_only	medtr.A17.gnm5.ann1_6.MtrunA17Chr8g0339201	MtrunA17Chr8g0339201			medtr.A17.gnm5.MtrunA17Chr8	-	3448417	3452143	0.763048157093183	0.999999979788073	NS	1.3626505421433	0.0448744968998436	UP
UP	A485_only	medtr.A17.gnm5.ann1_6.MtrunA17Chr4g0049351	MtrunA17Chr4g0049351			medtr.A17.gnm5.MtrunA17Chr4	-	44702452	44712851	0.921515646710583	0.999999979788073	NS	1.35245452293616	0.0490882863595795	UP
UP	A485_only	medtr.A17.gnm5.ann1_6.MtrunA17Chr1g0149621	MtrunA17Chr1g0149621	MtRDN3	ROOT DETERMINED NODULATION 3	medtr.A17.gnm5.MtrunA17Chr1	-	2764559	2770045	0.799681283869344	0.999999979788073	NS	1.34131827103652	0.0405101366726813	UP
UP	A86_A485_shared	medtr.A17.gnm5.ann1_6.MtrunA17Chr8g0339051	MtrunA17Chr8g0339051			medtr.A17.gnm5.MtrunA17Chr8	-	3334311	3336056	7.44247219715637	0.000971968489995767	UP	8.40401792908791	4.87622186293458e-05	UP
UP	A86_A485_shared	medtr.A17.gnm5.ann1_6.MtrunA17Chr4g0063721	MtrunA17Chr4g0063721			medtr.A17.gnm5.MtrunA17Chr4	-	55186098	55197637	6.92609978455559	0.00940802254160069	UP	8.34384755062135	6.85831253502957e-05	UP
UP	A86_A485_shared	medtr.A17.gnm5.ann1_6.MtrunA17Chr3g0083371	MtrunA17Chr3g0083371			medtr.A17.gnm5.MtrunA17Chr3	-	4975246	4975970	6.39027797441601	0.00104664476309116	UP	7.98889960833519	1.00540501673144e-05	UP
UP	A86_A485_shared	medtr.A17.gnm5.ann1_6.MtrunA17Chr2g0295371	MtrunA17Chr2g0295371	AtPR-1-like|MtCAPE12	pathogenesis-related protein 1 (SA-inducible in Mt)|CAP-derived peptide 12	medtr.A17.gnm5.MtrunA17Chr2	+	13812283	13813324	6.50639294440304	0.00018239410242904	UP	7.92695029481764	7.69404301608052e-06	UP
UP	A86_A485_shared	medtr.A17.gnm5.ann1_6.MtrunA17Chr8g0339061	MtrunA17Chr8g0339061			medtr.A17.gnm5.MtrunA17Chr8	+	3335188	3335799	6.74054395785355	0.000598120616069922	UP	7.81014191118237	1.72266113543276e-05	UP
UP	A86_A485_shared	medtr.A17.gnm5.ann1_6.MtrunA17Chr4g0011771	MtrunA17Chr4g0011771			medtr.A17.gnm5.MtrunA17Chr4	+	9257830	9260536	7.52390265876944	0.0237573792452108	UP	7.68462358414137	0.00675185710204271	UP
UP	A86_A485_shared	medtr.A17.gnm5.ann1_6.MtrunA17Chr5g0442701	MtrunA17Chr5g0442701			medtr.A17.gnm5.MtrunA17Chr5	-	40736490	40738265	6.52979433387307	0.0286192431194042	UP	7.5453225224804	0.00152472584493173	UP
UP	A86_A485_shared	medtr.A17.gnm5.ann1_6.MtrunA17Chr1g0152831	MtrunA17Chr1g0152831			medtr.A17.gnm5.MtrunA17Chr1	-	5455854	5459537	6.42396885099783	0.00114310080549611	UP	7.35650827679132	3.12604875479073e-05	UP
UP	A86_A485_shared	medtr.A17.gnm5.ann1_6.MtrunA17Chr1g0186401	MtrunA17Chr1g0186401	MtIDA29	Inflorescence Deficient in Abscission	medtr.A17.gnm5.MtrunA17Chr1	-	36661667	36662139	7.07272231480101	0.0119198358708983	UP	7.15714647883073	0.00327350648557695	UP
UP	A86_A485_shared	medtr.A17.gnm5.ann1_6.MtrunA17Chr7g0267101	MtrunA17Chr7g0267101			medtr.A17.gnm5.MtrunA17Chr7	+	49949190	49950332	7.21322389491982	0.0270159529320529	UP	7.12191831294877	0.0127777068664053	UP
UP	A86_A485_shared	medtr.A17.gnm5.ann1_6.MtrunA17Chr6g0476951	MtrunA17Chr6g0476951	MtKunitz37	Kunitz-P Trypsin Inhibitor	medtr.A17.gnm5.MtrunA17Chr6	+	31679113	31679991	5.83032802549059	0.00171539123914463	UP	7.12006122763331	4.14895410270963e-05	UP
UP	A86_A485_shared	medtr.A17.gnm5.ann1_6.MtrunA17Chr3g0104591	MtrunA17Chr3g0104591	MtKunitz28	Kunitz-P Trypsin Inhibitor	medtr.A17.gnm5.MtrunA17Chr3	-	28687687	28688410	5.94097176840112	0.021096393211488	UP	7.05992354283341	0.000434444469656141	UP
UP	A86_A485_shared	medtr.A17.gnm5.ann1_6.MtrunA17Chr1g0184031	MtrunA17Chr1g0184031			medtr.A17.gnm5.MtrunA17Chr1	-	34615240	34615911	6.83599397539974	4.56223524123242e-05	UP	7.05870648336003	7.69404301608052e-06	UP
UP	A86_A485_shared	medtr.A17.gnm5.ann1_6.MtrunA17Chr5g0406281	MtrunA17Chr5g0406281			medtr.A17.gnm5.MtrunA17Chr5	-	9232502	9235166	3.64404251843173	0.0261226623142276	UP	7.03176092215256	1.00540501673144e-05	UP
UP	A86_A485_shared	medtr.A17.gnm5.ann1_6.MtrunA17Chr8g0362611	MtrunA17Chr8g0362611			medtr.A17.gnm5.MtrunA17Chr8	-	27148515	27150067	6.82746383109588	0.00360600628515225	UP	7.00030836525279	0.000698275784689078	UP
UP	A86_A485_shared	medtr.A17.gnm5.ann1_6.MtrunA17Chr7g0222901	MtrunA17Chr7g0222901			medtr.A17.gnm5.MtrunA17Chr7	-	8163614	8164494	5.76289174545844	0.00144328512095914	UP	6.84946778437279	7.24010921030619e-05	UP
UP	A86_A485_shared	medtr.A17.gnm5.ann1_6.MtrunA17Chr6g0451711	MtrunA17Chr6g0451711	MtTPS13	terpene synthase 13	medtr.A17.gnm5.MtrunA17Chr6	+	2251368	2255015	4.64790499836617	0.00847779459565073	UP	6.83765733837859	1.20909701751405e-05	UP
UP	A86_A485_shared	medtr.A17.gnm5.ann1_6.MtrunA17Chr3g0111181	MtrunA17Chr3g0111181			medtr.A17.gnm5.MtrunA17Chr3	-	33576494	33580782	6.33555573287079	0.00112341987139805	UP	6.65697900014084	0.000120718759714718	UP
UP	A86_A485_shared	medtr.A17.gnm5.ann1_6.MtrunA17Chr7g0222871	MtrunA17Chr7g0222871			medtr.A17.gnm5.MtrunA17Chr7	-	8151202	8152176	6.09471770541203	0.00171539123914463	UP	6.51231441387522	0.000204591728043779	UP
UP	A86_A485_shared	medtr.A17.gnm5.ann1_6.MtrunA17Chr8g0374141	MtrunA17Chr8g0374141			medtr.A17.gnm5.MtrunA17Chr8	-	36230263	36233267	4.34480300992327	0.00136680869663925	UP	6.47515234787697	3.10178324284569e-06	UP
UP	A86_A485_shared	medtr.A17.gnm5.ann1_6.MtrunA17Chr5g0431571	MtrunA17Chr5g0431571	MtTPS10	terpene synthase 10	medtr.A17.gnm5.MtrunA17Chr5	+	32450501	32454752	5.64843221999641	0.0240051114005915	UP	6.38020867606571	0.00184211619689733	UP
UP	A86_A485_shared	medtr.A17.gnm5.ann1_6.MtrunA17Chr3g0135321	MtrunA17Chr3g0135321			medtr.A17.gnm5.MtrunA17Chr3	-	51301516	51312749	3.83463865456333	0.00360600628515225	UP	6.27640307299912	1.00540501673144e-05	UP
UP	A86_A485_shared	medtr.A17.gnm5.ann1_6.MtrunA17Chr1g0187161	MtrunA17Chr1g0187161	MtSubIn3	Subtilisin inhibitor	medtr.A17.gnm5.MtrunA17Chr1	+	37276866	37277492	5.12818362166581	0.00274185577969109	UP	6.25681168358771	0.000107304897671771	UP
UP	A86_A485_shared	medtr.A17.gnm5.ann1_6.MtrunA17Chr3g0111191	MtrunA17Chr3g0111191	MtLegin6	Leginsulin 6	medtr.A17.gnm5.MtrunA17Chr3	-	33580785	33581800	5.92782486866937	0.000358438380765552	UP	6.16107378297608	3.66013356783798e-05	UP
UP	A86_A485_shared	medtr.A17.gnm5.ann1_6.MtrunA17Chr5g0438491	MtrunA17Chr5g0438491			medtr.A17.gnm5.MtrunA17Chr5	-	37666394	37667381	4.73949932113412	0.00398192203670154	UP	6.11434746462001	6.91833562937451e-05	UP
UP	A86_A485_shared	medtr.A17.gnm5.ann1_6.MtrunA17Chr7g0247461	MtrunA17Chr7g0247461	MtBBPI4	Bowman-Birk peptidase Inhibitor	medtr.A17.gnm5.MtrunA17Chr7	-	35855603	35856302	4.02747311391574	0.0402303226253058	UP	5.89443063092778	9.2726571904183e-05	UP
UP	A86_A485_shared	medtr.A17.gnm5.ann1_6.MtrunA17Chr5g0426531	MtrunA17Chr5g0426531			medtr.A17.gnm5.MtrunA17Chr5	-	28455921	28457590	3.42239639892195	0.00326111434738614	UP	5.84748408120576	6.90849451788114e-06	UP
UP	A86_A485_shared	medtr.A17.gnm5.ann1_6.MtrunA17Chr1g0192371	MtrunA17Chr1g0192371			medtr.A17.gnm5.MtrunA17Chr1	-	41042556	41047362	5.06571585466124	0.00940802254160069	UP	5.82014579658578	0.000408655082783983	UP
UP	A86_A485_shared	medtr.A17.gnm5.ann1_6.MtrunA17Chr3g0111231	MtrunA17Chr3g0111231			medtr.A17.gnm5.MtrunA17Chr3	+	33596299	33597533	3.7156377529009	0.0296716137120846	UP	5.80330403224045	0.000115407175163532	UP
UP	A86_A485_shared	medtr.A17.gnm5.ann1_6.MtrunA17Chr1g0146891	MtrunA17Chr1g0146891			medtr.A17.gnm5.MtrunA17Chr1	-	638822	639530	3.85383199014471	0.00887213682607505	UP	5.79562352968963	1.40722346500108e-05	UP
UP	A86_A485_shared	medtr.A17.gnm5.ann1_6.MtrunA17Chr1g0189071	MtrunA17Chr1g0189071			medtr.A17.gnm5.MtrunA17Chr1	+	38685672	38689932	3.97399110606205	0.00116568417106488	UP	5.76637357716774	8.87758178237555e-06	UP
UP	A86_A485_shared	medtr.A17.gnm5.ann1_6.MtrunA17Chr8g0335621	MtrunA17Chr8g0335621			medtr.A17.gnm5.MtrunA17Chr8	-	1113535	1117049	5.19185869879122	0.0025757040668356	UP	5.66066649918418	0.000235783242254904	UP
UP	A86_A485_shared	medtr.A17.gnm5.ann1_6.MtrunA17Chr3g0111221	MtrunA17Chr3g0111221	MtLegin34	Leginsulin 34	medtr.A17.gnm5.MtrunA17Chr3	-	33590078	33592776	4.24717012376767	0.0410380592979516	UP	5.65514693105607	0.000524438989985879	UP
UP	A86_A485_shared	medtr.A17.gnm5.ann1_6.MtrunA17Chr3g0137931	MtrunA17Chr3g0137931	MtPNP1	Plant Natriuretic Peptide	medtr.A17.gnm5.MtrunA17Chr3	-	53034686	53035715	5.92255191821746	0.000358438380765552	UP	5.61979509879681	0.000107734552774974	UP
UP	A86_A485_shared	medtr.A17.gnm5.ann1_6.MtrunA17Chr2g0287861	MtrunA17Chr2g0287861			medtr.A17.gnm5.MtrunA17Chr2	-	7838830	7843816	4.16398760320998	0.00673538510816863	UP	5.47168632105568	0.000107304897671771	UP
UP	A86_A485_shared	medtr.A17.gnm5.ann1_6.MtrunA17Chr1g0184021	MtrunA17Chr1g0184021			medtr.A17.gnm5.MtrunA17Chr1	+	34606384	34625892	5.28382345945393	0.00036777767073619	UP	5.4483817914239	4.5955300470195e-05	UP
UP	A86_A485_shared	medtr.A17.gnm5.ann1_6.MtrunA17Chr6g0487981	MtrunA17Chr6g0487981			medtr.A17.gnm5.MtrunA17Chr6	-	42111021	42113674	4.98610638215098	0.00136323042287057	UP	5.43236993236991	0.000131038198320314	UP
UP	A86_A485_shared	medtr.A17.gnm5.ann1_6.MtrunA17Chr2g0295061	MtrunA17Chr2g0295061			medtr.A17.gnm5.MtrunA17Chr2	+	13582042	13587810	3.42195852423306	0.0229865569705609	UP	5.30405653481755	5.03489358373468e-05	UP
UP	A86_A485_shared	medtr.A17.gnm5.ann1_6.MtrunA17Chr1g0184081	MtrunA17Chr1g0184081			medtr.A17.gnm5.MtrunA17Chr1	-	34661908	34662480	5.5237086134119	0.00360600628515225	UP	5.30108641848905	0.001877604543579	UP
UP	A86_A485_shared	medtr.A17.gnm5.ann1_6.MtrunA17Chr7g0240691	MtrunA17Chr7g0240691			medtr.A17.gnm5.MtrunA17Chr7	-	30407851	30412503	4.23175874937579	0.00881688847787487	UP	5.2791583625564	0.000206977326263872	UP
UP	A86_A485_shared	medtr.A17.gnm5.ann1_6.MtrunA17Chr8g0379931	MtrunA17Chr8g0379931			medtr.A17.gnm5.MtrunA17Chr8	+	40356427	40367488	5.99756631635678	0.000389007256319178	UP	5.25564440217209	0.000547804998841533	UP
UP	A86_A485_shared	medtr.A17.gnm5.ann1_6.MtrunA17Chr8g0344711	MtrunA17Chr8g0344711			medtr.A17.gnm5.MtrunA17Chr8	-	7861787	7863381	4.4863069790534	0.00322255039748451	UP	5.25538268852267	0.000120282574156164	UP
UP	A86_A485_shared	medtr.A17.gnm5.ann1_6.MtrunA17Chr3g0122261	MtrunA17Chr3g0122261			medtr.A17.gnm5.MtrunA17Chr3	+	41851109	41853558	2.7664291918022	0.0164035499834691	UP	5.17938315681045	1.91519176554572e-05	UP
UP	A86_A485_shared	medtr.A17.gnm5.ann1_6.MtrunA17Chr2g0302351	MtrunA17Chr2g0302351			medtr.A17.gnm5.MtrunA17Chr2	+	19905205	19907955	3.26051232333048	0.00506241267173357	UP	5.17318586566718	2.21858637466016e-05	UP
UP	A86_A485_shared	medtr.A17.gnm5.ann1_6.MtrunA17Chr2g0300051	MtrunA17Chr2g0300051			medtr.A17.gnm5.MtrunA17Chr2	-	17866213	17868632	4.47595339756559	0.0454576659524074	UP	5.16975739389701	0.00690042549136241	UP
UP	A86_A485_shared	medtr.A17.gnm5.ann1_6.MtrunA17Chr5g0443931	MtrunA17Chr5g0443931			medtr.A17.gnm5.MtrunA17Chr5	+	41564171	41566416	4.20763853884001	0.0109167966066794	UP	5.16594432951376	0.000259697573360948	UP
UP	A86_A485_shared	medtr.A17.gnm5.ann1_6.MtrunA17Chr1g0184041	MtrunA17Chr1g0184041			medtr.A17.gnm5.MtrunA17Chr1	-	34616734	34625321	5.03482500948628	0.00018239410242904	UP	5.16255167983966	2.21858637466016e-05	UP
UP	A86_A485_shared	medtr.A17.gnm5.ann1_6.MtrunA17Chr7g0224551	MtrunA17Chr7g0224551	MtCYP93B10	Cytochrome P450 monooxygenase	medtr.A17.gnm5.MtrunA17Chr7	-	9818496	9820910	3.54566302299715	0.0296716137120846	UP	5.15004925818657	5.17944824404958e-05	UP
UP	A86_A485_shared	medtr.A17.gnm5.ann1_6.MtrunA17Chr2g0301421	MtrunA17Chr2g0301421			medtr.A17.gnm5.MtrunA17Chr2	+	19169789	19170817	4.51466041977021	0.0183763286283794	UP	5.11079200099701	0.0012422717258453	UP
UP	A86_A485_shared	medtr.A17.gnm5.ann1_6.MtrunA17Chr6g0482041	MtrunA17Chr6g0482041	MtKunitz19	Kunitz-P Trypsin Inhibitor	medtr.A17.gnm5.MtrunA17Chr6	+	36741343	36742378	2.5303719405256	0.0468504063645377	UP	5.06220221637387	1.33609416270193e-05	UP
UP	A86_A485_shared	medtr.A17.gnm5.ann1_6.MtrunA17Chr2g0302531	MtrunA17Chr2g0302531	MtPHO1.6	Phosphate transporter1.1 (export)	medtr.A17.gnm5.MtrunA17Chr2	+	20068888	20075815	3.5724966964625	0.00313637209682305	UP	5.04237018076713	2.28350336008198e-05	UP
UP	A86_A485_shared	medtr.A17.gnm5.ann1_6.MtrunA17Chr7g0274141	MtrunA17Chr7g0274141			medtr.A17.gnm5.MtrunA17Chr7	+	54559970	54563826	4.34348436351762	0.00274185577969109	UP	5.03118793777587	0.00019760916761427	UP
UP	A86_A485_shared	medtr.A17.gnm5.ann1_6.MtrunA17Chr4g0068821	MtrunA17Chr4g0068821			medtr.A17.gnm5.MtrunA17Chr4	-	58831569	58832374	3.72976989772773	0.000598120616069922	UP	5.00499927979853	7.32739498692944e-06	UP
UP	A86_A485_shared	medtr.A17.gnm5.ann1_6.MtrunA17Chr4g0063731	MtrunA17Chr4g0063731			medtr.A17.gnm5.MtrunA17Chr4	-	55200396	55202927	4.58834546014365	7.89452474225082e-05	UP	4.97433938739684	7.69404301608052e-06	UP
UP	A86_A485_shared	medtr.A17.gnm5.ann1_6.MtrunA17Chr3g0135351	MtrunA17Chr3g0135351			medtr.A17.gnm5.MtrunA17Chr3	+	51346028	51348086	4.21632160323725	0.00315234852545057	UP	4.92138216466164	0.000212287525055683	UP
UP	A86_A485_shared	medtr.A17.gnm5.ann1_6.MtrunA17Chr4g0045491	MtrunA17Chr4g0045491			medtr.A17.gnm5.MtrunA17Chr4	-	42107391	42109511	4.26298999837014	0.000286611694686804	UP	4.8619965074913	1.30552198567768e-05	UP
UP	A86_A485_shared	medtr.A17.gnm5.ann1_6.MtrunA17Chr1g0205371	MtrunA17Chr1g0205371	MtCYP76F77	Cytochrome P450 monooxygenase	medtr.A17.gnm5.MtrunA17Chr1	+	50604857	50606851	4.21803923276737	0.0185677781774741	UP	4.80995508090677	0.00148800162405975	UP
UP	A86_A485_shared	medtr.A17.gnm5.ann1_6.MtrunA17Chr6g0461211	MtrunA17Chr6g0461211			medtr.A17.gnm5.MtrunA17Chr6	+	10469534	10474679	3.71663745627073	0.00771256594442565	UP	4.80548901776898	0.000133783628234684	UP
UP	A86_A485_shared	medtr.A17.gnm5.ann1_6.MtrunA17Chr7g0252971	MtrunA17Chr7g0252971			medtr.A17.gnm5.MtrunA17Chr7	+	39730385	39732560	4.75500775434031	0.000865325868357233	UP	4.7959165926635	0.000157311999370393	UP
UP	A86_A485_shared	medtr.A17.gnm5.ann1_6.MtrunA17Chr6g0451481	MtrunA17Chr6g0451481	MtGASA17	Gibberellic Acid-Stimulated in Arabidopsis	medtr.A17.gnm5.MtrunA17Chr6	+	2051319	2054094	2.9934319228263	0.00652800572124676	UP	4.78729871518289	1.00540501673144e-05	UP
UP	A86_A485_shared	medtr.A17.gnm5.ann1_6.MtrunA17Chr6g0487221	MtrunA17Chr6g0487221			medtr.A17.gnm5.MtrunA17Chr6	-	41517626	41519921	4.05188032026249	0.00731848863487782	UP	4.78599371049347	0.00035619443724406	UP
UP	A86_A485_shared	medtr.A17.gnm5.ann1_6.MtrunA17Chr7g0251681	MtrunA17Chr7g0251681			medtr.A17.gnm5.MtrunA17Chr7	-	38842953	38846631	3.59575920559316	0.00150635396605093	UP	4.76385418248338	2.95549120316337e-05	UP
UP	A86_A485_shared	medtr.A17.gnm5.ann1_6.MtrunA17Chr8g0341741	MtrunA17Chr8g0341741			medtr.A17.gnm5.MtrunA17Chr8	-	5254874	5256455	5.70289821475561	0.000339459571107852	UP	4.71868632290969	0.000262922403473194	UP
UP	A86_A485_shared	medtr.A17.gnm5.ann1_6.MtrunA17Chr4g0066711	MtrunA17Chr4g0066711			medtr.A17.gnm5.MtrunA17Chr4	-	57361650	57364083	3.81302086185985	0.000598120616069922	UP	4.70269107529325	1.8920981572795e-05	UP
UP	A86_A485_shared	medtr.A17.gnm5.ann1_6.MtrunA17Chr3g0141671	MtrunA17Chr3g0141671			medtr.A17.gnm5.MtrunA17Chr3	+	55805388	55809286	3.7327376632844	0.00018239410242904	UP	4.70269057401682	6.90849451788114e-06	UP
UP	A86_A485_shared	medtr.A17.gnm5.ann1_6.MtrunA17Chr2g0294601	MtrunA17Chr2g0294601	MtBG15	beta-1,3-Glucanase 15	medtr.A17.gnm5.MtrunA17Chr2	+	13230866	13233683	3.60452281570233	0.000286611694686804	UP	4.6903844697096	6.90849451788114e-06	UP
UP	A86_A485_shared	medtr.A17.gnm5.ann1_6.MtrunA17Chr4g0019021	MtrunA17Chr4g0019021			medtr.A17.gnm5.MtrunA17Chr4	-	14363521	14364214	3.39676036112545	0.0128933863939291	UP	4.67706077333918	0.000104067363628005	UP
UP	A86_A485_shared	medtr.A17.gnm5.ann1_6.MtrunA17Chr2g0326311	MtrunA17Chr2g0326311			medtr.A17.gnm5.MtrunA17Chr2	+	46102604	46103165	2.95457612917181	0.00131936838762545	UP	4.67036746501287	6.90849451788114e-06	UP
UP	A86_A485_shared	medtr.A17.gnm5.ann1_6.MtrunA17Chr1g0190651	MtrunA17Chr1g0190651	MtPR4	pathogenesis-related protein 4, SA-inducible	medtr.A17.gnm5.MtrunA17Chr1	-	39826923	39827947	3.34724577195691	0.00469258899739259	UP	4.65860398714135	3.66801572736437e-05	UP
UP	A86_A485_shared	medtr.A17.gnm5.ann1_6.MtrunA17Chr4g0055371	MtrunA17Chr4g0055371			medtr.A17.gnm5.MtrunA17Chr4	-	49015259	49020469	3.71841747242457	0.00326111434738614	UP	4.62872953788575	9.2726571904183e-05	UP
UP	A86_A485_shared	medtr.A17.gnm5.ann1_6.MtrunA17Chr4g0047221	MtrunA17Chr4g0047221			medtr.A17.gnm5.MtrunA17Chr4	-	43307322	43309658	4.52141911179829	0.0125955335569222	UP	4.62482722315923	0.0032499781230552	UP
UP	A86_A485_shared	medtr.A17.gnm5.ann1_6.MtrunA17Chr3g0120071	MtrunA17Chr3g0120071	MtLOX2	lipoxygenase 2 (TC100141)	medtr.A17.gnm5.MtrunA17Chr3	+	40212778	40216628	3.49044983364843	0.0432625369110734	UP	4.59664030091583	0.00227679917782888	UP
UP	A86_A485_shared	medtr.A17.gnm5.ann1_6.MtrunA17Chr5g0414821	MtrunA17Chr5g0414821			medtr.A17.gnm5.MtrunA17Chr5	+	15747473	15748933	3.97240293406409	0.00209151379742465	UP	4.56942044946252	0.00014046671651889	UP
UP	A86_A485_shared	medtr.A17.gnm5.ann1_6.MtrunA17Chr6g0462311	MtrunA17Chr6g0462311			medtr.A17.gnm5.MtrunA17Chr6	-	11346663	11347548	3.89596034114106	0.0457684205358721	UP	4.56425841041103	0.00351358390020613	UP
UP	A86_A485_shared	medtr.A17.gnm5.ann1_6.MtrunA17Chr8g0350941	MtrunA17Chr8g0350941	MtTCP9	TEOSINTE BRANCHED1 (TB1), CYCLOIDEA (CYC), PROLIFERATING CELL FACTORS 1&2 (PCF1  & 2) family	medtr.A17.gnm5.MtrunA17Chr8	+	13113153	13114835	4.26402201726584	0.00209151379742465	UP	4.5499668904302	0.000255932877667292	UP
UP	A86_A485_shared	medtr.A17.gnm5.ann1_6.MtrunA17Chr8g0343031	MtrunA17Chr8g0343031			medtr.A17.gnm5.MtrunA17Chr8	-	6492403	6496361	4.02471176776398	0.0328328317609194	UP	4.54425380253456	0.00396727540531358	UP
UP	A86_A485_shared	medtr.A17.gnm5.ann1_6.MtrunA17Chr2g0314911	MtrunA17Chr2g0314911			medtr.A17.gnm5.MtrunA17Chr2	-	37273184	37281807	4.12891615147093	0.0265404304714569	UP	4.52577210876329	0.00353844714832282	UP
UP	A86_A485_shared	medtr.A17.gnm5.ann1_6.MtrunA17Chr3g0141651	MtrunA17Chr3g0141651			medtr.A17.gnm5.MtrunA17Chr3	-	55796919	55801273	2.69344604671326	0.0255777805038152	UP	4.48166601966326	8.63682658517288e-05	UP
UP	A86_A485_shared	medtr.A17.gnm5.ann1_6.MtrunA17Chr3g0145981	MtrunA17Chr3g0145981	MtPR3	pathogenesis related protein 3 (defense response-activated chitinase)	medtr.A17.gnm5.MtrunA17Chr3	+	58826926	58831767	3.72874778305474	0.000286611694686804	UP	4.46547321315795	1.00540501673144e-05	UP
UP	A86_A485_shared	medtr.A17.gnm5.ann1_6.MtrunA17Chr7g0253841	MtrunA17Chr7g0253841	MtCAS15	COLD ACCLIMATION SPECIFIC 15	medtr.A17.gnm5.MtrunA17Chr7	-	40258002	40259927	3.00064057687217	0.000865325868357233	UP	4.445830481552	7.21125164815562e-06	UP
UP	A86_A485_shared	medtr.A17.gnm5.ann1_6.MtrunA17Chr6g0467121	MtrunA17Chr6g0467121	MtPrx48	peroxidase	medtr.A17.gnm5.MtrunA17Chr6	-	16018049	16022961	3.36986334594625	0.000532065648718777	UP	4.43110689966929	1.00540501673144e-05	UP
UP	A86_A485_shared	medtr.A17.gnm5.ann1_6.MtrunA17Chr6g0467131	MtrunA17Chr6g0467131			medtr.A17.gnm5.MtrunA17Chr6	+	16018948	16021908	3.24997972805733	0.00139516305055769	UP	4.41772870401188	1.91519176554572e-05	UP
UP	A86_A485_shared	medtr.A17.gnm5.ann1_6.MtrunA17Chr6g0476871	MtrunA17Chr6g0476871	MtKunitz39	Kunitz-P Trypsin Inhibitor	medtr.A17.gnm5.MtrunA17Chr6	-	31636707	31637662	4.65705452623371	0.00171539123914463	UP	4.40443609002848	0.000730060255032574	UP
UP	A86_A485_shared	medtr.A17.gnm5.ann1_6.MtrunA17Chr2g0300071	MtrunA17Chr2g0300071			medtr.A17.gnm5.MtrunA17Chr2	-	17891697	17899468	3.74664350776155	0.0304374616154093	UP	4.38234260066308	0.0036867551747264	UP
UP	A86_A485_shared	medtr.A17.gnm5.ann1_6.MtrunA17Chr4g0019011	MtrunA17Chr4g0019011			medtr.A17.gnm5.MtrunA17Chr4	+	14350239	14364027	3.59187492422708	0.00711594158223578	UP	4.35059646981645	0.000235783242254904	UP
UP	A86_A485_shared	medtr.A17.gnm5.ann1_6.MtrunA17Chr4g0053901	MtrunA17Chr4g0053901			medtr.A17.gnm5.MtrunA17Chr4	-	47754408	47756963	3.9752877807721	0.0396629854935142	UP	4.3303914274787	0.00635902650556235	UP
UP	A86_A485_shared	medtr.A17.gnm5.ann1_6.MtrunA17Chr3g0098851	MtrunA17Chr3g0098851			medtr.A17.gnm5.MtrunA17Chr3	+	23619160	23620691	3.5439840567592	0.00364543556258233	UP	4.32586517094049	8.29119398579954e-05	UP
UP	A86_A485_shared	medtr.A17.gnm5.ann1_6.MtrunA17Chr3g0111111	MtrunA17Chr3g0111111	MtLegin4	Leginsulin 4	medtr.A17.gnm5.MtrunA17Chr3	-	33547077	33549563	3.1519682665433	0.00264002596664426	UP	4.31547487897758	3.66013356783798e-05	UP
UP	A86_A485_shared	medtr.A17.gnm5.ann1_6.MtrunA17Chr1g0162491	MtrunA17Chr1g0162491			medtr.A17.gnm5.MtrunA17Chr1	+	12403874	12404182	4.83004968144462	0.0025757040668356	UP	4.30918245387805	0.00224826114253179	UP
UP	A86_A485_shared	medtr.A17.gnm5.ann1_6.MtrunA17Chr4g0006261	MtrunA17Chr4g0006261	MtGT-21	trihelix transcription factor (GT) 21	medtr.A17.gnm5.MtrunA17Chr4	-	4991107	4993356	4.4021072958755	0.0138868629551853	UP	4.30778718616425	0.00591422926464147	UP
UP	A86_A485_shared	medtr.A17.gnm5.ann1_6.MtrunA17Chr8g0343771	MtrunA17Chr8g0343771			medtr.A17.gnm5.MtrunA17Chr8	+	7103826	7105749	3.01707925921034	0.0339584891529483	UP	4.30291155812753	0.000259697573360948	UP
UP	A86_A485_shared	medtr.A17.gnm5.ann1_6.MtrunA17Chr6g0453131	MtrunA17Chr6g0453131			medtr.A17.gnm5.MtrunA17Chr6	+	3486710	3491081	2.90138232358912	0.0261226623142276	UP	4.29869339895806	0.000340012221237505	UP
UP	A86_A485_shared	medtr.A17.gnm5.ann1_6.MtrunA17Chr1g0183991	MtrunA17Chr1g0183991			medtr.A17.gnm5.MtrunA17Chr1	+	34591294	34592788	4.19895443360367	0.0095269336664011	UP	4.29352231733682	0.00223489031700596	UP
UP	A86_A485_shared	medtr.A17.gnm5.ann1_6.MtrunA17Chr5g0443941	MtrunA17Chr5g0443941			medtr.A17.gnm5.MtrunA17Chr5	+	41574437	41576948	3.49374312794443	0.0114710216208578	UP	4.28853877295002	0.000470240578665118	UP
UP	A86_A485_shared	medtr.A17.gnm5.ann1_6.MtrunA17Chr5g0393891	MtrunA17Chr5g0393891			medtr.A17.gnm5.MtrunA17Chr5	-	395126	395551	3.50125935171058	0.00209824852224709	UP	4.25550234090236	5.17944824404958e-05	UP
UP	A86_A485_shared	medtr.A17.gnm5.ann1_6.MtrunA17Chr1g0192401	MtrunA17Chr1g0192401	MtPLD15	phospholipase D15	medtr.A17.gnm5.MtrunA17Chr1	+	41058901	41069773	2.33408429335262	0.0271449616184652	UP	4.22808082972602	3.12604875479073e-05	UP
UP	A86_A485_shared	medtr.A17.gnm5.ann1_6.MtrunA17Chr2g0291191	MtrunA17Chr2g0291191			medtr.A17.gnm5.MtrunA17Chr2	-	10446142	10448846	3.58914518925659	0.00036777767073619	UP	4.19802349301128	1.20909701751405e-05	UP
UP	A86_A485_shared	medtr.A17.gnm5.ann1_6.MtrunA17Chr7g0250991	MtrunA17Chr7g0250991			medtr.A17.gnm5.MtrunA17Chr7	+	38336232	38337157	5.91535978529664	0.00156093026725578	UP	4.17726024912212	0.0363051416362367	UP
UP	A86_A485_shared	medtr.A17.gnm5.ann1_6.MtrunA17Chr8g0389751	MtrunA17Chr8g0389751			medtr.A17.gnm5.MtrunA17Chr8	+	47201782	47204874	3.71561256702776	0.00638506528435385	UP	4.15985753112502	0.000534320769694669	UP
UP	A86_A485_shared	medtr.A17.gnm5.ann1_6.MtrunA17Chr2g0300081	MtrunA17Chr2g0300081			medtr.A17.gnm5.MtrunA17Chr2	+	17891761	17895200	3.85421637930031	0.0255279343932317	UP	4.13937997625927	0.00552450319720551	UP
UP	A86_A485_shared	medtr.A17.gnm5.ann1_6.MtrunA17Chr5g0427341	MtrunA17Chr5g0427341			medtr.A17.gnm5.MtrunA17Chr5	-	29178618	29182142	3.9973867883408	0.0298007399719149	UP	4.12743486502913	0.00872100009182254	UP
UP	A86_A485_shared	medtr.A17.gnm5.ann1_6.MtrunA17Chr7g0222171	MtrunA17Chr7g0222171			medtr.A17.gnm5.MtrunA17Chr7	-	7399831	7402652	3.9492300034615	0.000286611694686804	UP	4.12172315960572	2.63198820303407e-05	UP
UP	A86_A485_shared	medtr.A17.gnm5.ann1_6.MtrunA17Chr1g0204971	MtrunA17Chr1g0204971	MtHAG5	Histone acetyltransferase of the GNAT family	medtr.A17.gnm5.MtrunA17Chr1	-	50318097	50319411	2.78187773660104	0.0123208608230698	UP	4.1174901930129	0.000101072977369345	UP
UP	A86_A485_shared	medtr.A17.gnm5.ann1_6.MtrunA17Chr8g0341721	MtrunA17Chr8g0341721			medtr.A17.gnm5.MtrunA17Chr8	+	5248134	5249751	3.64170932882615	0.0082804731157493	UP	4.10792746835975	0.0006850539884639	UP
UP	A86_A485_shared	medtr.A17.gnm5.ann1_6.MtrunA17Chr2g0302201	MtrunA17Chr2g0302201			medtr.A17.gnm5.MtrunA17Chr2	-	19821878	19823436	4.20128467844391	0.000865325868357233	UP	4.10054615881373	0.000246655495975745	UP
UP	A86_A485_shared	medtr.A17.gnm5.ann1_6.MtrunA17Chr4g0036901	MtrunA17Chr4g0036901			medtr.A17.gnm5.MtrunA17Chr4	-	35577845	35589925	2.27556154164905	0.0181351696303792	UP	4.08927501352221	1.66682441970736e-05	UP
UP	A86_A485_shared	medtr.A17.gnm5.ann1_6.MtrunA17Chr8g0379151	MtrunA17Chr8g0379151	MtCP77	cystein protease 77 (papain family)	medtr.A17.gnm5.MtrunA17Chr8	+	39954419	39956383	3.74944503050213	0.0027108525052625	UP	4.07807176887886	0.000303740023425426	UP
UP	A86_A485_shared	medtr.A17.gnm5.ann1_6.MtrunA17Chr4g0011241	MtrunA17Chr4g0011241			medtr.A17.gnm5.MtrunA17Chr4	-	8780417	8782689	2.97662346104897	0.00360600628515225	UP	4.05963772027596	3.4617243518622e-05	UP
UP	A86_A485_shared	medtr.A17.gnm5.ann1_6.MtrunA17Chr1g0190771	MtrunA17Chr1g0190771			medtr.A17.gnm5.MtrunA17Chr1	+	39908935	39912842	2.94053750206192	0.00104664476309116	UP	4.00131816070897	1.26083979866799e-05	UP
UP	A86_A485_shared	medtr.A17.gnm5.ann1_6.MtrunA17Chr8g0355961	MtrunA17Chr8g0355961	MtCYP76F70	Cytochrome P450 monooxygenase	medtr.A17.gnm5.MtrunA17Chr8	+	17552551	17555515	4.13119971000191	0.016323976171644	UP	3.97840505542529	0.0080108757057182	UP
UP	A86_A485_shared	medtr.A17.gnm5.ann1_6.MtrunA17Chr5g0442721	MtrunA17Chr5g0442721			medtr.A17.gnm5.MtrunA17Chr5	-	40769433	40771370	4.50680161901645	0.0318535726047555	UP	3.9761194272154	0.0451068705178356	UP
UP	A86_A485_shared	medtr.A17.gnm5.ann1_6.MtrunA17Chr5g0423341	MtrunA17Chr5g0423341			medtr.A17.gnm5.MtrunA17Chr5	-	25175286	25177790	3.24755096015454	0.00121779625001674	UP	3.95729326799637	3.66801572736437e-05	UP
UP	A86_A485_shared	medtr.A17.gnm5.ann1_6.MtrunA17Chr4g0021321	MtrunA17Chr4g0021321			medtr.A17.gnm5.MtrunA17Chr4	+	18712006	18715066	2.79114972023012	0.0337468414078284	UP	3.93806754367095	0.000683712652136296	UP
UP	A86_A485_shared	medtr.A17.gnm5.ann1_6.MtrunA17Chr2g0281901	MtrunA17Chr2g0281901			medtr.A17.gnm5.MtrunA17Chr2	+	3494332	3497799	2.7920610956379	0.00325086622382491	UP	3.93214387148611	3.52881545825605e-05	UP
UP	A86_A485_shared	medtr.A17.gnm5.ann1_6.MtrunA17Chr3g0119181	MtrunA17Chr3g0119181			medtr.A17.gnm5.MtrunA17Chr3	-	39620439	39625091	2.67386913303538	0.0499885335555965	UP	3.91695256996956	0.000565448388878111	UP
UP	A86_A485_shared	medtr.A17.gnm5.ann1_6.MtrunA17Chr7g0268091	MtrunA17Chr7g0268091			medtr.A17.gnm5.MtrunA17Chr7	-	50644345	50647373	3.76568512660334	0.0021388211571731	UP	3.90484837504635	0.000359594035197565	UP
UP	A86_A485_shared	medtr.A17.gnm5.ann1_6.MtrunA17Chr7g0247541	MtrunA17Chr7g0247541	MtBBPI12	Bowman-Birk peptidase Inhibitor	medtr.A17.gnm5.MtrunA17Chr7	-	35899804	35900444	3.14239391371371	0.0194959886164905	UP	3.90079171933217	0.00109991418094146	UP
UP	A86_A485_shared	medtr.A17.gnm5.ann1_6.MtrunA17Chr5g0399811	MtrunA17Chr5g0399811			medtr.A17.gnm5.MtrunA17Chr5	-	4268262	4270475	2.60088005933759	0.0410380592979516	UP	3.89100053293314	0.00041583766388834	UP
UP	A86_A485_shared	medtr.A17.gnm5.ann1_6.MtrunA17Chr6g0453731	MtrunA17Chr6g0453731			medtr.A17.gnm5.MtrunA17Chr6	-	4018243	4022588	3.12773464675748	0.00036777767073619	UP	3.87156211737668	1.0018983371297e-05	UP
UP	A86_A485_shared	medtr.A17.gnm5.ann1_6.MtrunA17Chr4g0055381	MtrunA17Chr4g0055381			medtr.A17.gnm5.MtrunA17Chr4	+	49016763	49017261	3.1795762653051	0.00204283585997921	UP	3.82563159747358	6.4357773390205e-05	UP
UP	A86_A485_shared	medtr.A17.gnm5.ann1_6.MtrunA17Chr5g0446921	MtrunA17Chr5g0446921			medtr.A17.gnm5.MtrunA17Chr5	+	43346223	43348950	4.05960608823329	0.00344013169154881	UP	3.77828106181593	0.00221202322677423	UP
UP	A86_A485_shared	medtr.A17.gnm5.ann1_6.MtrunA17Chr1g0200811	MtrunA17Chr1g0200811	MtSUT1-1|MtSUT1.1	sucrose transporter	medtr.A17.gnm5.MtrunA17Chr1	-	47317676	47322375	2.31935483001482	0.00508211038331586	UP	3.75903158517366	1.00540501673144e-05	UP
UP	A86_A485_shared	medtr.A17.gnm5.ann1_6.MtrunA17Chr1g0184001	MtrunA17Chr1g0184001			medtr.A17.gnm5.MtrunA17Chr1	+	34595027	34595860	4.05628396424791	0.019148026457103	UP	3.75668391991388	0.0128593672416816	UP
UP	A86_A485_shared	medtr.A17.gnm5.ann1_6.MtrunA17Chr2g0293161	MtrunA17Chr2g0293161			medtr.A17.gnm5.MtrunA17Chr2	+	12017360	12019057	3.32866062722222	0.0149212853841651	UP	3.73260855671782	0.00179078040182534	UP
UP	A86_A485_shared	medtr.A17.gnm5.ann1_6.MtrunA17Chr8g0387641	MtrunA17Chr8g0387641			medtr.A17.gnm5.MtrunA17Chr8	-	45726156	45732916	2.19364383081466	0.02934261432207	UP	3.72440124367496	4.62718163140538e-05	UP
UP	A86_A485_shared	medtr.A17.gnm5.ann1_6.MtrunA17Chr3g0118711	MtrunA17Chr3g0118711			medtr.A17.gnm5.MtrunA17Chr3	-	39297503	39300891	3.99769428786477	0.000580977058344188	UP	3.70864894808687	0.000256775972274186	UP
UP	A86_A485_shared	medtr.A17.gnm5.ann1_6.MtrunA17Chr7g0222381	MtrunA17Chr7g0222381			medtr.A17.gnm5.MtrunA17Chr7	+	7605850	7615269	2.49107576527199	0.0113382990896791	UP	3.70562856482442	6.66291085398962e-05	UP
UP	A86_A485_shared	medtr.A17.gnm5.ann1_6.MtrunA17Chr2g0294591	MtrunA17Chr2g0294591	MtBG16	beta-1,3-Glucanase 16	medtr.A17.gnm5.MtrunA17Chr2	-	13223977	13225734	2.13651671402883	0.0364548966757884	UP	3.69966806565083	4.62718163140538e-05	UP
UP	A86_A485_shared	medtr.A17.gnm5.ann1_6.MtrunA17Chr3g0139011	MtrunA17Chr3g0139011			medtr.A17.gnm5.MtrunA17Chr3	-	53812282	53814654	3.23467453396415	0.00136323042287057	UP	3.68297823520867	8.51422325435652e-05	UP
UP	A86_A485_shared	medtr.A17.gnm5.ann1_6.MtrunA17Chr6g0460901	MtrunA17Chr6g0460901			medtr.A17.gnm5.MtrunA17Chr6	-	10145986	10151042	4.75533198759284	0.00202417669986883	UP	3.6789192925142	0.00676926878062731	UP
UP	A86_A485_shared	medtr.A17.gnm5.ann1_6.MtrunA17Chr7g0235131	MtrunA17Chr7g0235131			medtr.A17.gnm5.MtrunA17Chr7	+	25530568	25532727	3.0022344660448	0.00302035778735869	UP	3.66394180860793	0.000114290000765441	UP
UP	A86_A485_shared	medtr.A17.gnm5.ann1_6.MtrunA17Chr4g0021211	MtrunA17Chr4g0021211			medtr.A17.gnm5.MtrunA17Chr4	+	18301138	18305353	2.93449006906688	0.0237573792452108	UP	3.65434121412335	0.00135186274222134	UP
UP	A86_A485_shared	medtr.A17.gnm5.ann1_6.MtrunA17Chr4g0073641	MtrunA17Chr4g0073641			medtr.A17.gnm5.MtrunA17Chr4	+	62498614	62502206	4.1048561031087	0.0117377115312265	UP	3.62820572971827	0.0132500071655984	UP
UP	A86_A485_shared	medtr.A17.gnm5.ann1_6.MtrunA17Chr5g0407321	MtrunA17Chr5g0407321			medtr.A17.gnm5.MtrunA17Chr5	-	9916063	9922022	3.44242837498156	0.0270406186845687	UP	3.62020053157148	0.00665978014296096	UP
UP	A86_A485_shared	medtr.A17.gnm5.ann1_6.MtrunA17Chr8g0336731	MtrunA17Chr8g0336731			medtr.A17.gnm5.MtrunA17Chr8	-	1874181	1877877	2.78681739017991	0.00711837068336047	UP	3.61510422360115	0.000140102210402533	UP
UP	A86_A485_shared	medtr.A17.gnm5.ann1_6.MtrunA17Chr8g0390881	MtrunA17Chr8g0390881	MtCYP736A142	Cytochrome P450 monooxygenase	medtr.A17.gnm5.MtrunA17Chr8	+	47938547	47946800	2.98159536510387	0.0193139684811203	UP	3.61507378685572	0.000738657463278923	UP
UP	A86_A485_shared	medtr.A17.gnm5.ann1_6.MtrunA17Chr5g0397261	MtrunA17Chr5g0397261	MtMAPK5	MAP kinase	medtr.A17.gnm5.MtrunA17Chr5	+	2620715	2623427	3.05574607907125	0.00116568417106488	UP	3.61200221483512	4.7876840986443e-05	UP
UP	A86_A485_shared	medtr.A17.gnm5.ann1_6.MtrunA17Chr8g0336691	MtrunA17Chr8g0336691			medtr.A17.gnm5.MtrunA17Chr8	-	1864175	1872606	3.07018693305068	0.0157101534030836	UP	3.59629671093311	0.00121161469217692	UP
UP	A86_A485_shared	medtr.A17.gnm5.ann1_6.MtrunA17Chr4g0075801	MtrunA17Chr4g0075801			medtr.A17.gnm5.MtrunA17Chr4	+	63904966	63909696	3.37667103093773	0.0119935389912146	UP	3.57625396108101	0.00224826114253179	UP
UP	A86_A485_shared	medtr.A17.gnm5.ann1_6.MtrunA17Chr5g0427801	MtrunA17Chr5g0427801			medtr.A17.gnm5.MtrunA17Chr5	-	29522612	29528227	2.25809416059121	0.0345184732902394	UP	3.57570529785738	0.000165596727416941	UP
UP	A86_A485_shared	medtr.A17.gnm5.ann1_6.MtrunA17Chr1g0208611	MtrunA17Chr1g0208611			medtr.A17.gnm5.MtrunA17Chr1	-	52765901	52768849	3.00893102036637	0.000662893801901076	UP	3.57502191640961	2.63223965220987e-05	UP
UP	A86_A485_shared	medtr.A17.gnm5.ann1_6.MtrunA17Chr2g0323131	MtrunA17Chr2g0323131	MtTPS6	terpene synthase 6	medtr.A17.gnm5.MtrunA17Chr2	+	43725494	43730152	3.94573102290298	0.00673538510816863	UP	3.55974095115294	0.00507321643859472	UP
UP	A86_A485_shared	medtr.A17.gnm5.ann1_6.MtrunA17Chr2g0323141	MtrunA17Chr2g0323141			medtr.A17.gnm5.MtrunA17Chr2	-	43729208	43729900	4.32504996441008	0.00274185577969109	UP	3.54973847543704	0.00554572723974092	UP
UP	A86_A485_shared	medtr.A17.gnm5.ann1_6.MtrunA17Chr8g0341291	MtrunA17Chr8g0341291			medtr.A17.gnm5.MtrunA17Chr8	+	4885614	4886065	2.14050570165679	0.0448602603394825	UP	3.54947403479959	0.000113732784944069	UP
UP	A86_A485_shared	medtr.A17.gnm5.ann1_6.MtrunA17Chr4g0034081	MtrunA17Chr4g0034081			medtr.A17.gnm5.MtrunA17Chr4	+	33824509	33825492	3.05039884456605	7.89452474225082e-05	UP	3.54742180178039	6.90849451788114e-06	UP
UP	A86_A485_shared	medtr.A17.gnm5.ann1_6.MtrunA17Chr8g0341281	MtrunA17Chr8g0341281			medtr.A17.gnm5.MtrunA17Chr8	-	4882909	4888219	2.38091626948143	0.0149216811467659	UP	3.54057610178168	9.37466573418019e-05	UP
UP	A86_A485_shared	medtr.A17.gnm5.ann1_6.MtrunA17Chr4g0057571	MtrunA17Chr4g0057571			medtr.A17.gnm5.MtrunA17Chr4	-	50748832	50752080	2.17656314574894	0.000865325868357233	UP	3.53791614684644	1.18207026022946e-06	UP
UP	A86_A485_shared	medtr.A17.gnm5.ann1_6.MtrunA17Chr5g0448091	MtrunA17Chr5g0448091			medtr.A17.gnm5.MtrunA17Chr5	+	44191301	44195290	2.58350422298743	0.00325086622382491	UP	3.53668448729152	3.66013356783798e-05	UP
UP	A86_A485_shared	medtr.A17.gnm5.ann1_6.MtrunA17Chr1g0210231	MtrunA17Chr1g0210231			medtr.A17.gnm5.MtrunA17Chr1	+	54014956	54019678	2.26794671776268	0.0203977684245107	UP	3.53377843469076	6.4357773390205e-05	UP
UP	A86_A485_shared	medtr.A17.gnm5.ann1_6.MtrunA17Chr4g0005971	MtrunA17Chr4g0005971			medtr.A17.gnm5.MtrunA17Chr4	-	4710232	4716376	2.05476033120468	0.0131030963017059	UP	3.52429593791594	1.00540501673144e-05	UP
UP	A86_A485_shared	medtr.A17.gnm5.ann1_6.MtrunA17Chr6g0461461	MtrunA17Chr6g0461461			medtr.A17.gnm5.MtrunA17Chr6	+	10627895	10632029	3.43051833200465	0.0300380351439185	UP	3.52335288900465	0.00911336418201786	UP
UP	A86_A485_shared	medtr.A17.gnm5.ann1_6.MtrunA17Chr3g0112771	MtrunA17Chr3g0112771			medtr.A17.gnm5.MtrunA17Chr3	+	34700249	34704008	2.3090079165598	0.00981556379084474	UP	3.48891623068485	2.63198820303407e-05	UP
UP	A86_A485_shared	medtr.A17.gnm5.ann1_6.MtrunA17Chr5g0411051	MtrunA17Chr5g0411051			medtr.A17.gnm5.MtrunA17Chr5	-	12630163	12632459	1.88291533213726	0.0194239729304812	UP	3.48187077340463	7.57471214289315e-06	UP
UP	A86_A485_shared	medtr.A17.gnm5.ann1_6.MtrunA17Chr1g0153651	MtrunA17Chr1g0153651			medtr.A17.gnm5.MtrunA17Chr1	-	6043027	6050187	1.97527990419638	0.0156888990072838	UP	3.47991472221831	8.87758178237555e-06	UP
UP	A86_A485_shared	medtr.A17.gnm5.ann1_6.MtrunA17Chr1g0208601	MtrunA17Chr1g0208601			medtr.A17.gnm5.MtrunA17Chr1	+	52763992	52770348	2.40463644079146	0.00228916392984746	UP	3.47844713217113	1.07490858015863e-05	UP
UP	A86_A485_shared	medtr.A17.gnm5.ann1_6.MtrunA17Chr8g0339211	MtrunA17Chr8g0339211			medtr.A17.gnm5.MtrunA17Chr8	+	3456670	3460179	2.5823102479206	0.00202417669986883	UP	3.47711254791822	2.28350336008198e-05	UP
UP	A86_A485_shared	medtr.A17.gnm5.ann1_6.MtrunA17Chr5g0442841	MtrunA17Chr5g0442841			medtr.A17.gnm5.MtrunA17Chr5	+	40862688	40866380	2.33753118694649	0.0335944680304114	UP	3.47372931542649	0.000334089199657002	UP
UP	A86_A485_shared	medtr.A17.gnm5.ann1_6.MtrunA17Chr1g0184011	MtrunA17Chr1g0184011			medtr.A17.gnm5.MtrunA17Chr1	-	34597343	34598020	4.1401888185155	0.00163453662264521	UP	3.46591373407389	0.00221591859242401	UP
UP	A86_A485_shared	medtr.A17.gnm5.ann1_6.MtrunA17Chr4g0011791	MtrunA17Chr4g0011791			medtr.A17.gnm5.MtrunA17Chr4	+	9279431	9283333	2.70013557733097	0.00240994205946122	UP	3.46532131657014	4.7876840986443e-05	UP
UP	A86_A485_shared	medtr.A17.gnm5.ann1_6.MtrunA17Chr6g0479131	MtrunA17Chr6g0479131			medtr.A17.gnm5.MtrunA17Chr6	+	33745164	33746247	3.52373710048462	0.00152462647031455	UP	3.46517137715154	0.000411066242922126	UP
UP	A86_A485_shared	medtr.A17.gnm5.ann1_6.MtrunA17Chr8g0348311	MtrunA17Chr8g0348311			medtr.A17.gnm5.MtrunA17Chr8	-	10975238	10977716	3.02966385761899	0.0139342913984071	UP	3.45921560404443	0.00126475013558555	UP
UP	A86_A485_shared	medtr.A17.gnm5.ann1_6.MtrunA17Chr3g0109411	MtrunA17Chr3g0109411			medtr.A17.gnm5.MtrunA17Chr3	+	32320999	32327831	3.09905296629886	0.0105413605983853	UP	3.42851576295529	0.00136045770912659	UP
UP	A86_A485_shared	medtr.A17.gnm5.ann1_6.MtrunA17Chr3g0098861	MtrunA17Chr3g0098861			medtr.A17.gnm5.MtrunA17Chr3	-	23619435	23620425	3.38819715715148	0.0174976808500142	UP	3.4243508091573	0.00567367448124752	UP
UP	A86_A485_shared	medtr.A17.gnm5.ann1_6.MtrunA17Chr5g0394211	MtrunA17Chr5g0394211			medtr.A17.gnm5.MtrunA17Chr5	-	667009	668313	3.70790195931329	0.0130543298032461	UP	3.41738509645894	0.0108049233320527	UP
UP	A86_A485_shared	medtr.A17.gnm5.ann1_6.MtrunA17Chr7g0261181	MtrunA17Chr7g0261181			medtr.A17.gnm5.MtrunA17Chr7	-	45708696	45709110	4.41216265835927	0.00961924650346628	UP	3.41712618826163	0.0273536410654953	UP
UP	A86_A485_shared	medtr.A17.gnm5.ann1_6.MtrunA17Chr5g0406301	MtrunA17Chr5g0406301			medtr.A17.gnm5.MtrunA17Chr5	+	9242350	9244321	2.28109968104982	0.00386566397474974	UP	3.39092931835317	1.40722346500108e-05	UP
UP	A86_A485_shared	medtr.A17.gnm5.ann1_6.MtrunA17Chr3g0084201	MtrunA17Chr3g0084201			medtr.A17.gnm5.MtrunA17Chr3	+	5672882	5674910	3.51774679372706	0.00036777767073619	UP	3.35921078712488	9.7433749676864e-05	UP
UP	A86_A485_shared	medtr.A17.gnm5.ann1_6.MtrunA17Chr8g0345091	MtrunA17Chr8g0345091			medtr.A17.gnm5.MtrunA17Chr8	-	8194231	8196180	3.11489969346715	0.000539291089005401	UP	3.35207856193236	5.07931455146148e-05	UP
UP	A86_A485_shared	medtr.A17.gnm5.ann1_6.MtrunA17Chr4g0012291	MtrunA17Chr4g0012291			medtr.A17.gnm5.MtrunA17Chr4	+	9757757	9767171	3.33160829111426	0.0290843187203362	UP	3.35034917157853	0.0110543547425205	UP
UP	A86_A485_shared	medtr.A17.gnm5.ann1_6.MtrunA17Chr3g0123241	MtrunA17Chr3g0123241			medtr.A17.gnm5.MtrunA17Chr3	+	42451375	42452034	2.05062917611163	0.0252441397704612	UP	3.34273540878088	3.1492581863638e-05	UP
UP	A86_A485_shared	medtr.A17.gnm5.ann1_6.MtrunA17Chr5g0401021	MtrunA17Chr5g0401021			medtr.A17.gnm5.MtrunA17Chr5	-	5273454	5277325	2.17728344605369	0.0236145421088035	UP	3.323078894911	9.37466573418019e-05	UP
UP	A86_A485_shared	medtr.A17.gnm5.ann1_6.MtrunA17Chr6g0487481	MtrunA17Chr6g0487481			medtr.A17.gnm5.MtrunA17Chr6	+	41813679	41816306	2.83591776840722	0.000865325868357233	UP	3.32034986056918	4.31050573622333e-05	UP
UP	A86_A485_shared	medtr.A17.gnm5.ann1_6.MtrunA17Chr1g0201671	MtrunA17Chr1g0201671			medtr.A17.gnm5.MtrunA17Chr1	-	47974409	47977554	3.05458590845312	0.000507895200088059	UP	3.30535034285747	4.44404224550204e-05	UP
UP	A86_A485_shared	medtr.A17.gnm5.ann1_6.MtrunA17Chr3g0114351	MtrunA17Chr3g0114351			medtr.A17.gnm5.MtrunA17Chr3	+	35887986	35891143	2.13199398715117	0.00972138168517921	UP	3.30464227017209	1.91519176554572e-05	UP
UP	A86_A485_shared	medtr.A17.gnm5.ann1_6.MtrunA17Chr2g0301621	MtrunA17Chr2g0301621			medtr.A17.gnm5.MtrunA17Chr2	-	19341886	19349484	2.47866071358559	0.0146474427583151	UP	3.29226939143316	0.000324369846323268	UP
UP	A86_A485_shared	medtr.A17.gnm5.ann1_6.MtrunA17Chr2g0279051	MtrunA17Chr2g0279051			medtr.A17.gnm5.MtrunA17Chr2	+	1593254	1593679	3.28596627281626	0.0159314219729066	UP	3.25129864362019	0.00629858063562314	UP
UP	A86_A485_shared	medtr.A17.gnm5.ann1_6.MtrunA17Chr7g0235141	MtrunA17Chr7g0235141			medtr.A17.gnm5.MtrunA17Chr7	-	25530756	25537908	2.63569954607584	0.00389092288996198	UP	3.24526534844585	0.000140892473976937	UP
UP	A86_A485_shared	medtr.A17.gnm5.ann1_6.MtrunA17Chr1g0187961	MtrunA17Chr1g0187961	AtSHY2-like	suppressor of HY2-like (Auxin-responsive protein IAA3, in situ hybridization PMID 24483147)	medtr.A17.gnm5.MtrunA17Chr1	+	37796836	37798452	2.9208506513282	0.000865325868357233	UP	3.19894915256331	6.91833562937451e-05	UP
UP	A86_A485_shared	medtr.A17.gnm5.ann1_6.MtrunA17Chr8g0369421	MtrunA17Chr8g0369421			medtr.A17.gnm5.MtrunA17Chr8	+	32651377	32653523	2.86447017188011	0.00237034711013832	UP	3.18838564575907	0.000191818219691584	UP
UP	A86_A485_shared	medtr.A17.gnm5.ann1_6.MtrunA17Chr3g0114431	MtrunA17Chr3g0114431			medtr.A17.gnm5.MtrunA17Chr3	-	35913089	35914277	2.63337267090294	0.0123208608230698	UP	3.18565868896319	0.000639091084971896	UP
UP	A86_A485_shared	medtr.A17.gnm5.ann1_6.MtrunA17Chr8g0336701	MtrunA17Chr8g0336701			medtr.A17.gnm5.MtrunA17Chr8	+	1872051	1879028	2.42837009067939	0.0152510977427534	UP	3.17571851868347	0.000224921588518422	UP
UP	A86_A485_shared	medtr.A17.gnm5.ann1_6.MtrunA17Chr1g0201681	MtrunA17Chr1g0201681			medtr.A17.gnm5.MtrunA17Chr1	+	47975159	47975671	3.00364990352483	0.000370127935618936	UP	3.16669932446893	4.14895410270963e-05	UP
UP	A86_A485_shared	medtr.A17.gnm5.ann1_6.MtrunA17Chr5g0441261	MtrunA17Chr5g0441261	MtPhyCys32	Phytocystatin	medtr.A17.gnm5.MtrunA17Chr5	-	39735901	39737537	2.85810591937289	0.00376128470806891	UP	3.16480766157663	0.000379157301929686	UP
UP	A86_A485_shared	medtr.A17.gnm5.ann1_6.MtrunA17Chr7g0243451	MtrunA17Chr7g0243451			medtr.A17.gnm5.MtrunA17Chr7	-	32693075	32695806	2.39834893991846	0.0149216811467659	UP	3.16301503533879	0.000158624210211229	UP
UP	A86_A485_shared	medtr.A17.gnm5.ann1_6.MtrunA17Chr8g0343021	MtrunA17Chr8g0343021	MtLOX3	lipoxygenase (TC100155)	medtr.A17.gnm5.MtrunA17Chr8	-	6485866	6491306	2.57461610801519	0.0112283164839062	UP	3.15297138398065	0.00048783967372911	UP
UP	A86_A485_shared	medtr.A17.gnm5.ann1_6.MtrunA17Chr1g0170481	MtrunA17Chr1g0170481			medtr.A17.gnm5.MtrunA17Chr1	-	19212578	19213441	2.58953082692737	0.00354296205955457	UP	3.15139581970192	0.000128570960296813	UP
UP	A86_A485_shared	medtr.A17.gnm5.ann1_6.MtrunA17Chr4g0042561	MtrunA17Chr4g0042561	MtNAC969	NAC domain containing protein 969	medtr.A17.gnm5.MtrunA17Chr4	-	39827608	39829478	2.55457452263588	0.0117377115312265	UP	3.14006536328094	0.000429270141627861	UP
UP	A86_A485_shared	medtr.A17.gnm5.ann1_6.MtrunA17Chr6g0476831	MtrunA17Chr6g0476831	MtKunitz40	Kunitz-P Trypsin Inhibitor	medtr.A17.gnm5.MtrunA17Chr6	-	31618357	31619903	3.40208571211903	0.000662893801901076	UP	3.13880152695974	0.000293183883648412	UP
UP	A86_A485_shared	medtr.A17.gnm5.ann1_6.MtrunA17Chr7g0261151	MtrunA17Chr7g0261151			medtr.A17.gnm5.MtrunA17Chr7	+	45691383	45691799	3.70422736190708	0.0060957780650711	UP	3.13721134137278	0.00734259563160406	UP
UP	A86_A485_shared	medtr.A17.gnm5.ann1_6.MtrunA17Chr5g0430731	MtrunA17Chr5g0430731			medtr.A17.gnm5.MtrunA17Chr5	-	31856596	31861897	2.33667048364188	0.0410380592979516	UP	3.13473286400791	0.000799574039343537	UP
UP	A86_A485_shared	medtr.A17.gnm5.ann1_6.MtrunA17Chr4g0011901	MtrunA17Chr4g0011901	MtCYP83E41	Cytochrome P450 monooxygenase	medtr.A17.gnm5.MtrunA17Chr4	+	9464010	9467470	4.34273507813287	0.00326111434738614	UP	3.12892232226631	0.0274706969156167	UP
UP	A86_A485_shared	medtr.A17.gnm5.ann1_6.MtrunA17Chr8g0343381	MtrunA17Chr8g0343381			medtr.A17.gnm5.MtrunA17Chr8	+	6806951	6808985	2.57656855946805	0.00313637209682305	UP	3.09305246378124	0.000109757851418205	UP
UP	A86_A485_shared	medtr.A17.gnm5.ann1_6.MtrunA17Chr1g0150841	MtrunA17Chr1g0150841			medtr.A17.gnm5.MtrunA17Chr1	+	3829670	3830501	3.16925923882262	0.0104022346156747	UP	3.08863227893486	0.00449907423504474	UP
UP	A86_A485_shared	medtr.A17.gnm5.ann1_6.MtrunA17Chr5g0422621	MtrunA17Chr5g0422621			medtr.A17.gnm5.MtrunA17Chr5	+	24435748	24438365	3.67125774807392	1.2388294285629e-06	UP	3.0885970252835	7.21125164815562e-06	UP
UP	A86_A485_shared	medtr.A17.gnm5.ann1_6.MtrunA17Chr7g0273311	MtrunA17Chr7g0273311			medtr.A17.gnm5.MtrunA17Chr7	+	54049127	54051798	3.40667674448646	0.0117377115312265	UP	3.08699512406846	0.0110624079762205	UP
UP	A86_A485_shared	medtr.A17.gnm5.ann1_6.MtrunA17Chr8g0389241	MtrunA17Chr8g0389241			medtr.A17.gnm5.MtrunA17Chr8	-	46861657	46863866	2.65990373055087	0.00989208217423088	UP	3.07828622107718	0.000687197033429698	UP
UP	A86_A485_shared	medtr.A17.gnm5.ann1_6.MtrunA17Chr6g0451681	MtrunA17Chr6g0451681	MtCYP82A6	Cytochrome P450 monooxygenase	medtr.A17.gnm5.MtrunA17Chr6	+	2216329	2219628	3.58296911648015	0.00325086622382491	UP	3.07469050629345	0.00317969741635495	UP
UP	A86_A485_shared	medtr.A17.gnm5.ann1_6.MtrunA17Chr3g0115611	MtrunA17Chr3g0115611			medtr.A17.gnm5.MtrunA17Chr3	+	36926024	36931515	2.45230256034678	0.000598120616069922	UP	3.06882644829152	1.00540501673144e-05	UP
UP	A86_A485_shared	medtr.A17.gnm5.ann1_6.MtrunA17Chr1g0170471	MtrunA17Chr1g0170471			medtr.A17.gnm5.MtrunA17Chr1	+	19212448	19214827	2.58778496704524	0.00354378761990486	UP	3.0679964197031	0.000158624210211229	UP
UP	A86_A485_shared	medtr.A17.gnm5.ann1_6.MtrunA17Chr2g0299211	MtrunA17Chr2g0299211			medtr.A17.gnm5.MtrunA17Chr2	+	17207433	17208982	2.81331390868005	0.0132432794125558	UP	3.0630408582862	0.00193526792300724	UP
UP	A86_A485_shared	medtr.A17.gnm5.ann1_6.MtrunA17Chr4g0048581	MtrunA17Chr4g0048581			medtr.A17.gnm5.MtrunA17Chr4	+	44227676	44231648	3.02451771970246	0.0132432794125558	UP	3.04072667993699	0.00407496087293373	UP
UP	A86_A485_shared	medtr.A17.gnm5.ann1_6.MtrunA17Chr3g0115151	MtrunA17Chr3g0115151	MtNR1	nitrate reductase	medtr.A17.gnm5.MtrunA17Chr3	-	36480115	36483877	1.98553967360543	0.0480369505657088	UP	3.03768592357	0.000202105161091012	UP
UP	A86_A485_shared	medtr.A17.gnm5.ann1_6.MtrunA17Chr2g0284231	MtrunA17Chr2g0284231			medtr.A17.gnm5.MtrunA17Chr2	-	5152865	5164035	2.7202852598789	0.00961940122970006	UP	3.03496249980611	0.000926024792450561	UP
UP	A86_A485_shared	medtr.A17.gnm5.ann1_6.MtrunA17Chr6g0464351	MtrunA17Chr6g0464351			medtr.A17.gnm5.MtrunA17Chr6	-	13516742	13518402	2.13913347116708	0.0458545821144784	UP	3.01966887354762	0.000470240578665118	UP
UP	A86_A485_shared	medtr.A17.gnm5.ann1_6.MtrunA17Chr4g0064711	MtrunA17Chr4g0064711			medtr.A17.gnm5.MtrunA17Chr4	-	56017745	56021271	2.03749252630919	0.00982127777466551	UP	3.01824722832997	2.21858637466016e-05	UP
UP	A86_A485_shared	medtr.A17.gnm5.ann1_6.MtrunA17Chr3g0137781	MtrunA17Chr3g0137781			medtr.A17.gnm5.MtrunA17Chr3	-	52955220	52959939	2.11738405914425	0.0110776224565575	UP	3.01785656171854	4.60926638326074e-05	UP
UP	A86_A485_shared	medtr.A17.gnm5.ann1_6.MtrunA17Chr5g0403701	MtrunA17Chr5g0403701			medtr.A17.gnm5.MtrunA17Chr5	+	7474246	7476158	3.75339492755246	0.00325086622382491	UP	3.01697906575728	0.0120252655976329	UP
UP	A86_A485_shared	medtr.A17.gnm5.ann1_6.MtrunA17Chr7g0272091	MtrunA17Chr7g0272091			medtr.A17.gnm5.MtrunA17Chr7	+	53320611	53323046	2.94586543786321	0.00514915740904	UP	3.00545861087143	0.00120840077276467	UP
UP	A86_A485_shared	medtr.A17.gnm5.ann1_6.MtrunA17Chr4g0034161	MtrunA17Chr4g0034161	MtCOR413	COLD-REGULATED 413	medtr.A17.gnm5.MtrunA17Chr4	+	33882305	33884977	2.07636540300471	0.0169646571922247	UP	3.00067263759717	5.17944824404958e-05	UP
UP	A86_A485_shared	medtr.A17.gnm5.ann1_6.MtrunA17Chr2g0296671	MtrunA17Chr2g0296671			medtr.A17.gnm5.MtrunA17Chr2	+	15047368	15053652	2.0126219183982	0.0117377115312265	UP	2.98876961484179	2.50574491685705e-05	UP
UP	A86_A485_shared	medtr.A17.gnm5.ann1_6.MtrunA17Chr2g0313811	MtrunA17Chr2g0313811	MtCYP72A59v1	Cytochrome P450 monooxygenase	medtr.A17.gnm5.MtrunA17Chr2	+	36478005	36482376	2.09462782622523	0.0441300492414338	UP	2.9848512578588	0.000390805972544457	UP
UP	A86_A485_shared	medtr.A17.gnm5.ann1_6.MtrunA17Chr8g0336751	MtrunA17Chr8g0336751			medtr.A17.gnm5.MtrunA17Chr8	+	1881770	1883718	2.10647896579509	0.0259868071535413	UP	2.97707570128485	0.00013302652990158	UP
UP	A86_A485_shared	medtr.A17.gnm5.ann1_6.MtrunA17Chr6g0476961	MtrunA17Chr6g0476961	MtKunitz36	Kunitz-P Trypsin Inhibitor	medtr.A17.gnm5.MtrunA17Chr6	+	31711383	31712299	2.40688785369306	0.026580867788213	UP	2.96803334029314	0.00127470353332729	UP
UP	A86_A485_shared	medtr.A17.gnm5.ann1_6.MtrunA17Chr1g0187971	MtrunA17Chr1g0187971			medtr.A17.gnm5.MtrunA17Chr1	-	37796980	37798246	2.71954049460486	0.00264002596664426	UP	2.96087121589923	0.000252628150727118	UP
UP	A86_A485_shared	medtr.A17.gnm5.ann1_6.MtrunA17Chr8g0368741	MtrunA17Chr8g0368741	MtPHO1.3	Phosphate transporter1.1 (export)	medtr.A17.gnm5.MtrunA17Chr8	-	32105757	32112892	2.79426255578802	0.0159314219729066	UP	2.95678714779488	0.0031326976299981	UP
UP	A86_A485_shared	medtr.A17.gnm5.ann1_6.MtrunA17Chr2g0298551	MtrunA17Chr2g0298551			medtr.A17.gnm5.MtrunA17Chr2	+	16482815	16486151	2.30540133685946	0.0132432794125558	UP	2.9519959954144	0.000235783242254904	UP
UP	A86_A485_shared	medtr.A17.gnm5.ann1_6.MtrunA17Chr7g0244521	MtrunA17Chr7g0244521			medtr.A17.gnm5.MtrunA17Chr7	+	33731410	33735051	1.86763792264915	0.039367169005344	UP	2.95044492579475	6.01723079349332e-05	UP
UP	A86_A485_shared	medtr.A17.gnm5.ann1_6.MtrunA17Chr2g0287431	MtrunA17Chr2g0287431			medtr.A17.gnm5.MtrunA17Chr2	+	7453540	7455296	3.55389324534997	0.0305462058969184	UP	2.91765514078765	0.0418143665008547	UP
UP	A86_A485_shared	medtr.A17.gnm5.ann1_6.MtrunA17Chr2g0295401	MtrunA17Chr2g0295401			medtr.A17.gnm5.MtrunA17Chr2	-	13831390	13836308	2.34520835593155	0.00798439968881598	UP	2.91556865098497	0.000142544185289858	UP
UP	A86_A485_shared	medtr.A17.gnm5.ann1_6.MtrunA17Chr2g0283481	MtrunA17Chr2g0283481			medtr.A17.gnm5.MtrunA17Chr2	+	4651667	4656788	2.74089888820643	0.00180833435248515	UP	2.91523684602851	0.000202105161091012	UP
UP	A86_A485_shared	medtr.A17.gnm5.ann1_6.MtrunA17Chr3g0133051	MtrunA17Chr3g0133051			medtr.A17.gnm5.MtrunA17Chr3	+	49653390	49654744	2.19312876983795	0.00702141339588005	UP	2.91335246244672	5.17944824404958e-05	UP
UP	A86_A485_shared	medtr.A17.gnm5.ann1_6.MtrunA17Chr2g0282561	MtrunA17Chr2g0282561			medtr.A17.gnm5.MtrunA17Chr2	-	4004981	4007359	2.02998337800059	0.0283907768909463	UP	2.912964911494	0.000173013283501586	UP
UP	A86_A485_shared	medtr.A17.gnm5.ann1_6.MtrunA17Chr4g0053871	MtrunA17Chr4g0053871	MtPrx38	peroxidase	medtr.A17.gnm5.MtrunA17Chr4	+	47731440	47734679	2.01250860870763	0.048216397860461	UP	2.91011304829264	0.000390805972544457	UP
UP	A86_A485_shared	medtr.A17.gnm5.ann1_6.MtrunA17Chr4g0050881	MtrunA17Chr4g0050881			medtr.A17.gnm5.MtrunA17Chr4	-	45669614	45674187	2.91236505561228	0.00735072006253172	UP	2.90621045854061	0.00221876539210952	UP
UP	A86_A485_shared	medtr.A17.gnm5.ann1_6.MtrunA17Chr8g0346271	MtrunA17Chr8g0346271			medtr.A17.gnm5.MtrunA17Chr8	-	9420263	9427054	3.098354943248	0.0112411939456237	UP	2.90125934388415	0.00719930964388054	UP
UP	A86_A485_shared	medtr.A17.gnm5.ann1_6.MtrunA17Chr5g0415631	MtrunA17Chr5g0415631			medtr.A17.gnm5.MtrunA17Chr5	-	16404836	16406623	2.31022567743455	0.0290843187203362	UP	2.8812898084049	0.00100816024667043	UP
UP	A86_A485_shared	medtr.A17.gnm5.ann1_6.MtrunA17Chr7g0258201	MtrunA17Chr7g0258201			medtr.A17.gnm5.MtrunA17Chr7	-	43588305	43589778	2.87031654030213	0.00139516305055769	UP	2.87686495156652	0.000307309639796753	UP
UP	A86_A485_shared	medtr.A17.gnm5.ann1_6.MtrunA17Chr5g0433251	MtrunA17Chr5g0433251			medtr.A17.gnm5.MtrunA17Chr5	+	33765188	33767405	2.13231369516243	0.0191453271035993	UP	2.87382393443681	0.000202105161091012	UP
UP	A86_A485_shared	medtr.A17.gnm5.ann1_6.MtrunA17Chr7g0233801	MtrunA17Chr7g0233801			medtr.A17.gnm5.MtrunA17Chr7	+	24268834	24270652	2.65434199732823	0.0188202302673178	UP	2.868522051836	0.00306341364637403	UP
UP	A86_A485_shared	medtr.A17.gnm5.ann1_6.MtrunA17Chr1g0211141	MtrunA17Chr1g0211141			medtr.A17.gnm5.MtrunA17Chr1	-	54740594	54743998	3.28849794899445	0.0193139684811203	UP	2.86147061802163	0.0196023076982228	UP
UP	A86_A485_shared	medtr.A17.gnm5.ann1_6.MtrunA17Chr7g0233781	MtrunA17Chr7g0233781			medtr.A17.gnm5.MtrunA17Chr7	-	24231870	24234677	1.99781082893542	0.0129236024834141	UP	2.85382463818511	4.7876840986443e-05	UP
UP	A86_A485_shared	medtr.A17.gnm5.ann1_6.MtrunA17Chr8g0342951	MtrunA17Chr8g0342951			medtr.A17.gnm5.MtrunA17Chr8	-	6387171	6393137	2.36206590984577	0.0410828484306746	UP	2.85188778367016	0.00309687586503352	UP
UP	A86_A485_shared	medtr.A17.gnm5.ann1_6.MtrunA17Chr8g0382021	MtrunA17Chr8g0382021			medtr.A17.gnm5.MtrunA17Chr8	+	41821072	41822760	3.66399790789895	0.00788391474349671	UP	2.84918508182093	0.0177967496360604	UP
UP	A86_A485_shared	medtr.A17.gnm5.ann1_6.MtrunA17Chr5g0433241	MtrunA17Chr5g0433241			medtr.A17.gnm5.MtrunA17Chr5	-	33764929	33767183	2.2724927201204	0.0190060212243644	UP	2.84797096739124	0.000547804998841533	UP
UP	A86_A485_shared	medtr.A17.gnm5.ann1_6.MtrunA17Chr1g0174271	MtrunA17Chr1g0174271			medtr.A17.gnm5.MtrunA17Chr1	+	25254129	25258137	2.45942172022965	0.010575537689003	UP	2.84761159592797	0.000570576362197329	UP
UP	A86_A485_shared	medtr.A17.gnm5.ann1_6.MtrunA17Chr7g0233771	MtrunA17Chr7g0233771			medtr.A17.gnm5.MtrunA17Chr7	+	24230832	24233290	1.97125731802898	0.0230886912196477	UP	2.84590243640654	9.7433749676864e-05	UP
UP	A86_A485_shared	medtr.A17.gnm5.ann1_6.MtrunA17Chr2g0325911	MtrunA17Chr2g0325911			medtr.A17.gnm5.MtrunA17Chr2	+	45750387	45754976	1.95064883757943	0.0415409139886458	UP	2.82375953887811	0.000207370122837996	UP
UP	A86_A485_shared	medtr.A17.gnm5.ann1_6.MtrunA17Chr4g0020881	MtrunA17Chr4g0020881			medtr.A17.gnm5.MtrunA17Chr4	-	17503751	17506931	2.38127590329142	0.00394168118995787	UP	2.81967600219268	0.00015368946210041	UP
UP	A86_A485_shared	medtr.A17.gnm5.ann1_6.MtrunA17Chr3g0094481	MtrunA17Chr3g0094481			medtr.A17.gnm5.MtrunA17Chr3	+	17333380	17336767	1.7906978239205	0.0169574230585593	UP	2.8162726664187	1.21559563690714e-05	UP
UP	A86_A485_shared	medtr.A17.gnm5.ann1_6.MtrunA17Chr2g0292181	MtrunA17Chr2g0292181	MtPrx10	peroxidase	medtr.A17.gnm5.MtrunA17Chr2	+	11219596	11222424	2.15194999734572	0.00441290507421999	UP	2.81579996394601	4.35209007467607e-05	UP
UP	A86_A485_shared	medtr.A17.gnm5.ann1_6.MtrunA17Chr1g0188731	MtrunA17Chr1g0188731			medtr.A17.gnm5.MtrunA17Chr1	+	38427759	38432488	3.34699253475826	0.0266266498228316	UP	2.80719437834598	0.0363040324765509	UP
UP	A86_A485_shared	medtr.A17.gnm5.ann1_6.MtrunA17Chr4g0063331	MtrunA17Chr4g0063331	MtENOD93	early nodulin 93	medtr.A17.gnm5.MtrunA17Chr4	+	54957010	54958169	2.81270491974678	0.0024848747833901	UP	2.80367107243772	0.000613800271836882	UP
UP	A86_A485_shared	medtr.A17.gnm5.ann1_6.MtrunA17Chr1g0196661	MtrunA17Chr1g0196661			medtr.A17.gnm5.MtrunA17Chr1	-	44161101	44162374	2.59015772460316	0.0129236024834141	UP	2.79190511697036	0.00201130426523212	UP
UP	A86_A485_shared	medtr.A17.gnm5.ann1_6.MtrunA17Chr2g0283451	MtrunA17Chr2g0283451	MtTAX2	Taximin 2	medtr.A17.gnm5.MtrunA17Chr2	+	4631635	4632561	2.83923212111788	0.00180833435248515	UP	2.78134957786482	0.000534320769694669	UP
UP	A86_A485_shared	medtr.A17.gnm5.ann1_6.MtrunA17Chr7g0234651	MtrunA17Chr7g0234651			medtr.A17.gnm5.MtrunA17Chr7	+	25163298	25168572	2.18913965692887	0.00815174028919812	UP	2.78132264881204	0.000104500234136888	UP
UP	A86_A485_shared	medtr.A17.gnm5.ann1_6.MtrunA17Chr2g0314411	MtrunA17Chr2g0314411			medtr.A17.gnm5.MtrunA17Chr2	-	36853323	36860903	2.92821087179733	0.0117377115312265	UP	2.78127687169574	0.00638295007924388	UP
UP	A86_A485_shared	medtr.A17.gnm5.ann1_6.MtrunA17Chr8g0387501	MtrunA17Chr8g0387501			medtr.A17.gnm5.MtrunA17Chr8	+	45590166	45591748	2.56565731944554	0.0180873417106669	UP	2.77047617448328	0.00284301167175433	UP
UP	A86_A485_shared	medtr.A17.gnm5.ann1_6.MtrunA17Chr7g0241481	MtrunA17Chr7g0241481			medtr.A17.gnm5.MtrunA17Chr7	-	31046983	31053284	3.14624239420578	0.0118578621624129	UP	2.77008575532459	0.0131629181956513	UP
UP	A86_A485_shared	medtr.A17.gnm5.ann1_6.MtrunA17Chr3g0132261	MtrunA17Chr3g0132261			medtr.A17.gnm5.MtrunA17Chr3	+	48972396	48974080	2.2079872659207	0.0468504063645377	UP	2.76919023298445	0.0019045743885711	UP
UP	A86_A485_shared	medtr.A17.gnm5.ann1_6.MtrunA17Chr7g0222861	MtrunA17Chr7g0222861			medtr.A17.gnm5.MtrunA17Chr7	-	8137618	8138701	3.12549960671577	0.0406415071451104	UP	2.76768212161269	0.0317604634815171	UP
UP	A86_A485_shared	medtr.A17.gnm5.ann1_6.MtrunA17Chr1g0152761	MtrunA17Chr1g0152761			medtr.A17.gnm5.MtrunA17Chr1	+	5417985	5422692	1.71115662582473	0.0410380592979516	UP	2.76535312067505	2.7629793459753e-05	UP
UP	A86_A485_shared	medtr.A17.gnm5.ann1_6.MtrunA17Chr7g0245631	MtrunA17Chr7g0245631	MtVRC1	vestitone reductase cluster gene 1	medtr.A17.gnm5.MtrunA17Chr7	+	34626335	34629079	1.96166112320362	0.0194239729304812	UP	2.76275890010626	9.03015996890222e-05	UP
UP	A86_A485_shared	medtr.A17.gnm5.ann1_6.MtrunA17Chr5g0402571	MtrunA17Chr5g0402571	MtPrx52	peroxidase	medtr.A17.gnm5.MtrunA17Chr5	-	6608418	6610280	3.78087523897515	0.00018239410242904	UP	2.75239248086191	0.000811283838379659	UP
UP	A86_A485_shared	medtr.A17.gnm5.ann1_6.MtrunA17Chr3g0133841	MtrunA17Chr3g0133841			medtr.A17.gnm5.MtrunA17Chr3	-	50225275	50225996	3.24508164173191	0.0146474427583151	UP	2.74677165669059	0.0270533334227876	UP
UP	A86_A485_shared	medtr.A17.gnm5.ann1_6.MtrunA17Chr4g0008521	MtrunA17Chr4g0008521			medtr.A17.gnm5.MtrunA17Chr4	+	6490107	6496039	3.03002457452791	0.0264149127187816	UP	2.74661553182384	0.0197699783882452	UP
UP	A86_A485_shared	medtr.A17.gnm5.ann1_6.MtrunA17Chr4g0001981	MtrunA17Chr4g0001981			medtr.A17.gnm5.MtrunA17Chr4	-	1412523	1417032	2.60055319185584	0.00147391048288067	UP	2.72750441029763	0.000189503904493811	UP
UP	A86_A485_shared	medtr.A17.gnm5.ann1_6.MtrunA17Chr4g0034041	MtrunA17Chr4g0034041			medtr.A17.gnm5.MtrunA17Chr4	-	33792097	33792359	3.38872445665523	0.00731848863487782	UP	2.71939818391343	0.0147224515471342	UP
UP	A86_A485_shared	medtr.A17.gnm5.ann1_6.MtrunA17Chr1g0151071	MtrunA17Chr1g0151071			medtr.A17.gnm5.MtrunA17Chr1	-	4039533	4042625	2.69235098982453	0.0214566904029788	UP	2.71739345334478	0.00693618195031647	UP
UP	A86_A485_shared	medtr.A17.gnm5.ann1_6.MtrunA17Chr5g0401681	MtrunA17Chr5g0401681	MtCYP81E7-like|MtCYP81E8v2	Isoflavone 2'-hydroxylase-like|Cytochrome P450 monooxygenase	medtr.A17.gnm5.MtrunA17Chr5	+	5891647	5894621	3.02080285632262	0.00711837068336047	UP	2.71610007754984	0.00537971210184771	UP
UP	A86_A485_shared	medtr.A17.gnm5.ann1_6.MtrunA17Chr1g0184051	MtrunA17Chr1g0184051			medtr.A17.gnm5.MtrunA17Chr1	+	34630911	34636808	2.46809991306843	0.0140497725752592	UP	2.71586891515928	0.00157780616889738	UP
UP	A86_A485_shared	medtr.A17.gnm5.ann1_6.MtrunA17Chr4g0073041	MtrunA17Chr4g0073041	MtTPS8	trehalose phosphate synthase 8	medtr.A17.gnm5.MtrunA17Chr4	-	62018754	62022838	2.84098595383378	0.0125017243695103	UP	2.71491990477859	0.00582183443843304	UP
UP	A86_A485_shared	medtr.A17.gnm5.ann1_6.MtrunA17Chr8g0336741	MtrunA17Chr8g0336741			medtr.A17.gnm5.MtrunA17Chr8	-	1877879	1880382	2.38285329018685	0.0130543298032461	UP	2.71427035506568	0.000997141438979661	UP
UP	A86_A485_shared	medtr.A17.gnm5.ann1_6.MtrunA17Chr5g0405521	MtrunA17Chr5g0405521			medtr.A17.gnm5.MtrunA17Chr5	+	8746635	8747789	2.47897033584947	0.0104022346156747	UP	2.71393763473806	0.00116662757547975	UP
UP	A86_A485_shared	medtr.A17.gnm5.ann1_6.MtrunA17Chr2g0278731	MtrunA17Chr2g0278731			medtr.A17.gnm5.MtrunA17Chr2	-	1363383	1370706	2.92044372592792	0.0227895387289309	UP	2.71180802838481	0.0139543847734799	UP
UP	A86_A485_shared	medtr.A17.gnm5.ann1_6.MtrunA17Chr7g0253501	MtrunA17Chr7g0253501			medtr.A17.gnm5.MtrunA17Chr7	+	40088910	40090603	3.32839821523442	0.0236883191994676	UP	2.71125841865452	0.0321800881883988	UP
UP	A86_A485_shared	medtr.A17.gnm5.ann1_6.MtrunA17Chr7g0233831	MtrunA17Chr7g0233831			medtr.A17.gnm5.MtrunA17Chr7	+	24282568	24284927	3.16279480976949	0.0216344557510116	UP	2.71055656804628	0.0213200770123312	UP
UP	A86_A485_shared	medtr.A17.gnm5.ann1_6.MtrunA17Chr5g0432441	MtrunA17Chr5g0432441	MtPrx29	peroxidase	medtr.A17.gnm5.MtrunA17Chr5	+	33147715	33152009	2.60048012777154	0.015484099827035	UP	2.70029500847419	0.0035455515529751	UP
UP	A86_A485_shared	medtr.A17.gnm5.ann1_6.MtrunA17Chr1g0160791	MtrunA17Chr1g0160791			medtr.A17.gnm5.MtrunA17Chr1	-	11153271	11157474	1.82946668305091	0.0474217996549884	UP	2.69714451587798	0.000156850257607326	UP
UP	A86_A485_shared	medtr.A17.gnm5.ann1_6.MtrunA17Chr4g0001611	MtrunA17Chr4g0001611			medtr.A17.gnm5.MtrunA17Chr4	-	1101327	1104873	2.0492152078622	0.0138868629551853	UP	2.68181259018638	0.000156850257607326	UP
UP	A86_A485_shared	medtr.A17.gnm5.ann1_6.MtrunA17Chr7g0261101	MtrunA17Chr7g0261101			medtr.A17.gnm5.MtrunA17Chr7	+	45678383	45678980	3.04360689712987	0.00280044913443926	UP	2.66776471636318	0.00296517012282783	UP
UP	A86_A485_shared	medtr.A17.gnm5.ann1_6.MtrunA17Chr8g0341701	MtrunA17Chr8g0341701	MtDMPP910	2,3-diketo-5-methylthio-1-phosphopentane phosphatase	medtr.A17.gnm5.MtrunA17Chr8	+	5227925	5230812	2.90898091134835	0.0108615617764159	UP	2.66630583603988	0.00684316712940151	UP
UP	A86_A485_shared	medtr.A17.gnm5.ann1_6.MtrunA17Chr7g0248021	MtrunA17Chr7g0248021			medtr.A17.gnm5.MtrunA17Chr7	+	36225142	36229289	2.49499847614039	0.00386566397474974	UP	2.66615118407766	0.000496779180157807	UP
UP	A86_A485_shared	medtr.A17.gnm5.ann1_6.MtrunA17Chr3g0107311	MtrunA17Chr3g0107311			medtr.A17.gnm5.MtrunA17Chr3	-	30942579	30944877	1.92863037834499	0.0129236024834141	UP	2.66127275867899	4.35209007467607e-05	UP
UP	A86_A485_shared	medtr.A17.gnm5.ann1_6.MtrunA17Chr4g0032181	MtrunA17Chr4g0032181			medtr.A17.gnm5.MtrunA17Chr4	+	32384335	32386739	2.17452900879575	0.0203977684245107	UP	2.64163123296272	0.000782002181851517	UP
UP	A86_A485_shared	medtr.A17.gnm5.ann1_6.MtrunA17Chr3g0087771	MtrunA17Chr3g0087771			medtr.A17.gnm5.MtrunA17Chr3	-	9203747	9207691	1.84915576129733	0.0165318402219283	UP	2.63489974836688	4.62718163140538e-05	UP
UP	A86_A485_shared	medtr.A17.gnm5.ann1_6.MtrunA17Chr8g0342961	MtrunA17Chr8g0342961			medtr.A17.gnm5.MtrunA17Chr8	+	6387656	6387967	2.64906762402544	0.00129038742222454	UP	2.61528871825526	0.000324369846323268	UP
UP	A86_A485_shared	medtr.A17.gnm5.ann1_6.MtrunA17Chr3g0104651	MtrunA17Chr3g0104651			medtr.A17.gnm5.MtrunA17Chr3	+	28732068	28736785	2.03572995451895	0.0205762344325225	UP	2.61207703203252	0.000346525222848345	UP
UP	A86_A485_shared	medtr.A17.gnm5.ann1_6.MtrunA17Chr4g0010271	MtrunA17Chr4g0010271	MtVAMP721a	vesicle-associated membrane protein 721a	medtr.A17.gnm5.MtrunA17Chr4	-	8055990	8061728	2.55778365180309	0.0025757040668356	UP	2.6093615414835	0.000499728162925914	UP
UP	A86_A485_shared	medtr.A17.gnm5.ann1_6.MtrunA17Chr2g0295081	MtrunA17Chr2g0295081			medtr.A17.gnm5.MtrunA17Chr2	+	13591608	13593791	2.08425906723343	0.0162467351388474	UP	2.59455875869894	0.000362287444154131	UP
UP	A86_A485_shared	medtr.A17.gnm5.ann1_6.MtrunA17Chr3g0121001	MtrunA17Chr3g0121001			medtr.A17.gnm5.MtrunA17Chr3	-	40960626	40963032	2.68077627298775	0.00961924650346628	UP	2.59183710903875	0.00383004913711273	UP
UP	A86_A485_shared	medtr.A17.gnm5.ann1_6.MtrunA17Chr2g0278741	MtrunA17Chr2g0278741			medtr.A17.gnm5.MtrunA17Chr2	+	1367999	1372205	3.21715411311504	0.0017458350798366	UP	2.56076044344412	0.00350896048234859	UP
UP	A86_A485_shared	medtr.A17.gnm5.ann1_6.MtrunA17Chr7g0249611	MtrunA17Chr7g0249611			medtr.A17.gnm5.MtrunA17Chr7	+	37368575	37377002	2.02426480550414	0.0182784323754129	UP	2.53850206999321	0.000362287444154131	UP
UP	A86_A485_shared	medtr.A17.gnm5.ann1_6.MtrunA17Chr4g0001971	MtrunA17Chr4g0001971			medtr.A17.gnm5.MtrunA17Chr4	+	1409456	1412252	1.90739099302561	0.0135511710476338	UP	2.53741892345872	8.29119398579954e-05	UP
UP	A86_A485_shared	medtr.A17.gnm5.ann1_6.MtrunA17Chr3g0125731	MtrunA17Chr3g0125731			medtr.A17.gnm5.MtrunA17Chr3	-	44184386	44185836	1.72330973043802	0.038562611885944	UP	2.53346587718786	4.97475863790191e-05	UP
UP	A86_A485_shared	medtr.A17.gnm5.ann1_6.MtrunA17Chr4g0034051	MtrunA17Chr4g0034051			medtr.A17.gnm5.MtrunA17Chr4	+	33792103	33792709	3.24751881573697	0.0106012782226864	UP	2.52221847827117	0.031725758526318	UP
UP	A86_A485_shared	medtr.A17.gnm5.ann1_6.MtrunA17Chr2g0325041	MtrunA17Chr2g0325041			medtr.A17.gnm5.MtrunA17Chr2	+	45028523	45029062	3.0491666747629	0.0236145421088035	UP	2.51436637430286	0.0498874011879283	UP
UP	A86_A485_shared	medtr.A17.gnm5.ann1_6.MtrunA17Chr7g0275331	MtrunA17Chr7g0275331			medtr.A17.gnm5.MtrunA17Chr7	+	55303953	55307668	2.03255444998678	0.00554491312707743	UP	2.50788673467207	8.29119398579954e-05	UP
UP	A86_A485_shared	medtr.A17.gnm5.ann1_6.MtrunA17Chr3g0113261	MtrunA17Chr3g0113261	ASA-2	anthranilate synthase  (auxin biosynthesis)	medtr.A17.gnm5.MtrunA17Chr3	+	34994704	35000385	3.76974964681675	0.00239788927316696	UP	2.50490842238168	0.0208962175733042	UP
UP	A86_A485_shared	medtr.A17.gnm5.ann1_6.MtrunA17Chr6g0449641	MtrunA17Chr6g0449641			medtr.A17.gnm5.MtrunA17Chr6	+	598082	599859	2.94955758823841	0.0299960985739372	UP	2.49879510668415	0.0463894897687646	UP
UP	A86_A485_shared	medtr.A17.gnm5.ann1_6.MtrunA17Chr3g0094861	MtrunA17Chr3g0094861			medtr.A17.gnm5.MtrunA17Chr3	-	18095146	18099895	1.70686762436347	0.0232114425121679	UP	2.49745388658325	3.07095378058642e-05	UP
UP	A86_A485_shared	medtr.A17.gnm5.ann1_6.MtrunA17Chr3g0119291	MtrunA17Chr3g0119291			medtr.A17.gnm5.MtrunA17Chr3	-	39694492	39695899	2.66928942287568	0.00171539123914463	UP	2.47996407334235	0.00109493287917962	UP
UP	A86_A485_shared	medtr.A17.gnm5.ann1_6.MtrunA17Chr4g0024771	MtrunA17Chr4g0024771	MtCYP71D417	Cytochrome P450 monooxygenase	medtr.A17.gnm5.MtrunA17Chr4	-	25600915	25602842	3.00159380524071	0.0135511710476338	UP	2.47265205928054	0.0287308190713242	UP
UP	A86_A485_shared	medtr.A17.gnm5.ann1_6.MtrunA17Chr5g0402851	MtrunA17Chr5g0402851			medtr.A17.gnm5.MtrunA17Chr5	-	6817518	6822367	1.86241476518542	0.0118932684278747	UP	2.46537191435954	6.8390277552601e-05	UP
UP	A86_A485_shared	medtr.A17.gnm5.ann1_6.MtrunA17Chr2g0286081	MtrunA17Chr2g0286081			medtr.A17.gnm5.MtrunA17Chr2	+	6521304	6525098	1.88769183836841	0.0318451742096579	UP	2.46306571000866	0.000359594035197565	UP
UP	A86_A485_shared	medtr.A17.gnm5.ann1_6.MtrunA17Chr8g0378931	MtrunA17Chr8g0378931			medtr.A17.gnm5.MtrunA17Chr8	+	39788614	39796278	2.22866779376327	0.00731575062130689	UP	2.44176355692594	0.000640844151012204	UP
UP	A86_A485_shared	medtr.A17.gnm5.ann1_6.MtrunA17Chr5g0437861	MtrunA17Chr5g0437861			medtr.A17.gnm5.MtrunA17Chr5	+	37303875	37305860	2.0213030406696	0.0193139684811203	UP	2.43053344090033	0.000683114407536612	UP
UP	A86_A485_shared	medtr.A17.gnm5.ann1_6.MtrunA17Chr6g0462051	MtrunA17Chr6g0462051			medtr.A17.gnm5.MtrunA17Chr6	-	11173127	11179843	1.98916858680201	0.0217099202432198	UP	2.42242105275717	0.000622336235639553	UP
UP	A86_A485_shared	medtr.A17.gnm5.ann1_6.MtrunA17Chr1g0198601	MtrunA17Chr1g0198601			medtr.A17.gnm5.MtrunA17Chr1	-	45578025	45580662	2.18407189802316	0.00256072833981208	UP	2.41667150005298	0.0001544384564415	UP
UP	A86_A485_shared	medtr.A17.gnm5.ann1_6.MtrunA17Chr4g0034311	MtrunA17Chr4g0034311	MtPhytogb1.2|MtGlb1-2	non-symbiotic hemoglobin (ns-Hb)	medtr.A17.gnm5.MtrunA17Chr4	-	33990561	33994050	1.91400050259148	0.0135511710476338	UP	2.41343496653642	0.000158624210211229	UP
UP	A86_A485_shared	medtr.A17.gnm5.ann1_6.MtrunA17Chr7g0270051	MtrunA17Chr7g0270051			medtr.A17.gnm5.MtrunA17Chr7	+	51864840	51867413	3.45163394951938	0.000521203298988691	UP	2.4059279521789	0.00428178137701189	UP
UP	A86_A485_shared	medtr.A17.gnm5.ann1_6.MtrunA17Chr5g0406211	MtrunA17Chr5g0406211			medtr.A17.gnm5.MtrunA17Chr5	+	9200320	9204633	1.92490218841918	0.0402303226253058	UP	2.39437983349786	0.00121090781273412	UP
UP	A86_A485_shared	medtr.A17.gnm5.ann1_6.MtrunA17Chr2g0302101	MtrunA17Chr2g0302101			medtr.A17.gnm5.MtrunA17Chr2	+	19786489	19788743	2.03509650319308	0.0457312429285437	UP	2.39346101333788	0.0030336677712507	UP
UP	A86_A485_shared	medtr.A17.gnm5.ann1_6.MtrunA17Chr4g0059591	MtrunA17Chr4g0059591			medtr.A17.gnm5.MtrunA17Chr4	-	52198840	52200760	2.26022988643185	0.0477521894059543	UP	2.38453289045018	0.0114454684043873	UP
UP	A86_A485_shared	medtr.A17.gnm5.ann1_6.MtrunA17Chr7g0253071	MtrunA17Chr7g0253071			medtr.A17.gnm5.MtrunA17Chr7	-	39796440	39796660	2.3853845852942	0.049554004279135	UP	2.37988411321925	0.0214071951044868	UP
UP	A86_A485_shared	medtr.A17.gnm5.ann1_6.MtrunA17Chr5g0405491	MtrunA17Chr5g0405491			medtr.A17.gnm5.MtrunA17Chr5	+	8715604	8716949	2.30679862500921	0.00459449033055998	UP	2.35889675139475	0.000979929146324461	UP
UP	A86_A485_shared	medtr.A17.gnm5.ann1_6.MtrunA17Chr7g0223351	MtrunA17Chr7g0223351	MtHAG39	Histone acetyltransferase of the GNAT family	medtr.A17.gnm5.MtrunA17Chr7	-	8593874	8597466	2.45691262895943	0.0259868071535413	UP	2.35773020093603	0.0136813411013462	UP
UP	A86_A485_shared	medtr.A17.gnm5.ann1_6.MtrunA17Chr2g0311861	MtrunA17Chr2g0311861			medtr.A17.gnm5.MtrunA17Chr2	-	34819887	34822405	2.40866628155786	0.00993298898871718	UP	2.3383648536357	0.00416745313933895	UP
UP	A86_A485_shared	medtr.A17.gnm5.ann1_6.MtrunA17Chr8g0382821	MtrunA17Chr8g0382821			medtr.A17.gnm5.MtrunA17Chr8	-	42316469	42318691	2.08429326205964	0.0441300492414338	UP	2.3329392340153	0.00558153456276786	UP
UP	A86_A485_shared	medtr.A17.gnm5.ann1_6.MtrunA17Chr5g0441721	MtrunA17Chr5g0441721			medtr.A17.gnm5.MtrunA17Chr5	-	40010648	40016470	1.99688136575655	0.0240051114005915	UP	2.32197793433339	0.00136633916438812	UP
UP	A86_A485_shared	medtr.A17.gnm5.ann1_6.MtrunA17Chr8g0372501	MtrunA17Chr8g0372501			medtr.A17.gnm5.MtrunA17Chr8	-	34986127	34986740	2.03529267450411	0.0205762344325225	UP	2.32192358231927	0.00140752572903687	UP
UP	A86_A485_shared	medtr.A17.gnm5.ann1_6.MtrunA17Chr4g0063801	MtrunA17Chr4g0063801			medtr.A17.gnm5.MtrunA17Chr4	-	55249977	55250991	1.89594075152979	0.0103901221277811	UP	2.31108216656087	0.000174529962235328	UP
UP	A86_A485_shared	medtr.A17.gnm5.ann1_6.MtrunA17Chr1g0167721	MtrunA17Chr1g0167721			medtr.A17.gnm5.MtrunA17Chr1	+	16575077	16579828	1.78840065544702	0.00884481447333878	UP	2.30110906579473	5.17944824404958e-05	UP
UP	A86_A485_shared	medtr.A17.gnm5.ann1_6.MtrunA17Chr3g0140601	MtrunA17Chr3g0140601			medtr.A17.gnm5.MtrunA17Chr3	-	54970224	54972340	1.97047512505818	0.046212780570301	UP	2.29684137029368	0.00306341364637403	UP
UP	A86_A485_shared	medtr.A17.gnm5.ann1_6.MtrunA17Chr2g0323541	MtrunA17Chr2g0323541			medtr.A17.gnm5.MtrunA17Chr2	+	44089787	44091026	2.39668495087298	0.0203977684245107	UP	2.29296191614741	0.0111014135242073	UP
UP	A86_A485_shared	medtr.A17.gnm5.ann1_6.MtrunA17Chr4g0014061	MtrunA17Chr4g0014061			medtr.A17.gnm5.MtrunA17Chr4	+	11508137	11510006	2.884134108402	0.00564281022953065	UP	2.2841039406392	0.0138526451062048	UP
UP	A86_A485_shared	medtr.A17.gnm5.ann1_6.MtrunA17Chr7g0257551	MtrunA17Chr7g0257551			medtr.A17.gnm5.MtrunA17Chr7	+	43086430	43088557	2.5254983286006	0.035312408670345	UP	2.23647176900534	0.0423597429364976	UP
UP	A86_A485_shared	medtr.A17.gnm5.ann1_6.MtrunA17Chr2g0332251	MtrunA17Chr2g0332251			medtr.A17.gnm5.MtrunA17Chr2	+	50345560	50346317	2.84325760587295	0.00326111434738614	UP	2.22784804706973	0.0105698420833291	UP
UP	A86_A485_shared	medtr.A17.gnm5.ann1_6.MtrunA17Chr2g0278531	MtrunA17Chr2g0278531	MtTHL30	Thionin-like	medtr.A17.gnm5.MtrunA17Chr2	-	1219939	1221516	1.94312967716127	0.0205762344325225	UP	2.22512005001427	0.00131885978892329	UP
UP	A86_A485_shared	medtr.A17.gnm5.ann1_6.MtrunA17Chr2g0278751	MtrunA17Chr2g0278751			medtr.A17.gnm5.MtrunA17Chr2	-	1371624	1375613	3.16702248119574	0.000865325868357233	UP	2.22307405106786	0.00715843284443871	UP
UP	A86_A485_shared	medtr.A17.gnm5.ann1_6.MtrunA17Chr2g0324241	MtrunA17Chr2g0324241			medtr.A17.gnm5.MtrunA17Chr2	+	44488923	44492290	1.90540764363001	0.0123787993256773	UP	2.19218248722942	0.000530428170294125	UP
UP	A86_A485_shared	medtr.A17.gnm5.ann1_6.MtrunA17Chr3g0079021	MtrunA17Chr3g0079021			medtr.A17.gnm5.MtrunA17Chr3	+	1439700	1447989	1.88759400759632	0.0236145421088035	UP	2.19189522988103	0.00121796039066545	UP
UP	A86_A485_shared	medtr.A17.gnm5.ann1_6.MtrunA17Chr8g0348551	MtrunA17Chr8g0348551			medtr.A17.gnm5.MtrunA17Chr8	+	11185244	11186053	2.41116649782798	0.0027108525052625	UP	2.18185783361017	0.00262666649847323	UP
UP	A86_A485_shared	medtr.A17.gnm5.ann1_6.MtrunA17Chr2g0321431	MtrunA17Chr2g0321431			medtr.A17.gnm5.MtrunA17Chr2	+	42419853	42427071	2.07212707008987	0.0374544265175857	UP	2.17456023966802	0.00849602871504737	UP
UP	A86_A485_shared	medtr.A17.gnm5.ann1_6.MtrunA17Chr4g0063791	MtrunA17Chr4g0063791			medtr.A17.gnm5.MtrunA17Chr4	+	55249885	55251522	1.82375362505753	0.00972138168517921	UP	2.17368546277935	0.000194936282270734	UP
UP	A86_A485_shared	medtr.A17.gnm5.ann1_6.MtrunA17Chr1g0152931	MtrunA17Chr1g0152931			medtr.A17.gnm5.MtrunA17Chr1	-	5536182	5538669	2.23944301914275	0.00256072833981208	UP	2.15914445905854	0.00103768257655572	UP
UP	A86_A485_shared	medtr.A17.gnm5.ann1_6.MtrunA17Chr8g0346561	MtrunA17Chr8g0346561	MtMYB041	Myeloblastosis (MYB) transcription factor 41	medtr.A17.gnm5.MtrunA17Chr8	+	9612205	9613947	2.49960519401999	0.0410380592979516	UP	2.15801544508011	0.0468240481675774	UP
UP	A86_A485_shared	medtr.A17.gnm5.ann1_6.MtrunA17Chr2g0278551	MtrunA17Chr2g0278551			medtr.A17.gnm5.MtrunA17Chr2	-	1233500	1236505	2.60576545871883	0.00524151450137093	UP	2.15734751731563	0.0109912612907283	UP
UP	A86_A485_shared	medtr.A17.gnm5.ann1_6.MtrunA17Chr1g0147921	MtrunA17Chr1g0147921			medtr.A17.gnm5.MtrunA17Chr1	+	1440667	1443374	1.76658624035149	0.0152866332873218	UP	2.15635075995985	0.000252628150727118	UP
UP	A86_A485_shared	medtr.A17.gnm5.ann1_6.MtrunA17Chr8g0372491	MtrunA17Chr8g0372491			medtr.A17.gnm5.MtrunA17Chr8	+	34984944	34987113	1.79105453696597	0.0193552875924076	UP	2.1507307367182	0.000458933468874457	UP
UP	A86_A485_shared	medtr.A17.gnm5.ann1_6.MtrunA17Chr1g0149311	MtrunA17Chr1g0149311			medtr.A17.gnm5.MtrunA17Chr1	+	2510210	2511425	2.12673388437136	0.00518251774697849	UP	2.13375527539099	0.00139966505517283	UP
UP	A86_A485_shared	medtr.A17.gnm5.ann1_6.MtrunA17Chr6g0484351	MtrunA17Chr6g0484351			medtr.A17.gnm5.MtrunA17Chr6	-	38932047	38936536	3.04637259946917	0.00036777767073619	UP	2.09821421788357	0.00722016261611823	UP
UP	A86_A485_shared	medtr.A17.gnm5.ann1_6.MtrunA17Chr1g0167931	MtrunA17Chr1g0167931			medtr.A17.gnm5.MtrunA17Chr1	-	16830567	16833569	1.80363678830493	0.048216397860461	UP	2.08501336418875	0.00338880985411943	UP
UP	A86_A485_shared	medtr.A17.gnm5.ann1_6.MtrunA17Chr1g0149301	MtrunA17Chr1g0149301			medtr.A17.gnm5.MtrunA17Chr1	-	2509120	2513221	2.16457759705916	0.00124321171340414	UP	2.07528145979491	0.000496774069020457	UP
UP	A86_A485_shared	medtr.A17.gnm5.ann1_6.MtrunA17Chr5g0426431	MtrunA17Chr5g0426431			medtr.A17.gnm5.MtrunA17Chr5	-	28279093	28284449	2.0226832348381	0.015736477182267	UP	2.06787083487151	0.00392656026576868	UP
UP	A86_A485_shared	medtr.A17.gnm5.ann1_6.MtrunA17Chr2g0309471	MtrunA17Chr2g0309471			medtr.A17.gnm5.MtrunA17Chr2	-	32201996	32206229	2.25251816124845	0.0149216811467659	UP	2.05283387658962	0.0128593672416816	UP
UP	A86_A485_shared	medtr.A17.gnm5.ann1_6.MtrunA17Chr7g0274181	MtrunA17Chr7g0274181	MtPR-4	pathogenesis related protein 4 (hevein-like)	medtr.A17.gnm5.MtrunA17Chr7	+	54616364	54617545	2.01032187693349	0.00961924650346628	UP	2.04965879905895	0.00214527419298896	UP
UP	A86_A485_shared	medtr.A17.gnm5.ann1_6.MtrunA17Chr5g0396281	MtrunA17Chr5g0396281			medtr.A17.gnm5.MtrunA17Chr5	-	1919565	1922580	2.08719279860311	0.00739206561741395	UP	2.04779911704915	0.0027655354031577	UP
UP	A86_A485_shared	medtr.A17.gnm5.ann1_6.MtrunA17Chr3g0137421	MtrunA17Chr3g0137421	MtKunitz9|MtPI	Kunitz-P Trypsin Inhibitor|proteinase inhibitor (TC100490)	medtr.A17.gnm5.MtrunA17Chr3	-	52723494	52725271	2.27280848443094	0.0265404304714569	UP	2.04050057768262	0.0262304812632798	UP
UP	A86_A485_shared	medtr.A17.gnm5.ann1_6.MtrunA17Chr3g0100111	MtrunA17Chr3g0100111			medtr.A17.gnm5.MtrunA17Chr3	-	24792508	24801219	2.04647694762006	0.0103203738826146	UP	2.03953436000313	0.00322001982479333	UP
UP	A86_A485_shared	medtr.A17.gnm5.ann1_6.MtrunA17Chr4g0034821	MtrunA17Chr4g0034821			medtr.A17.gnm5.MtrunA17Chr4	-	34371991	34373464	2.84987676348484	0.000525298277083695	UP	2.03549038719091	0.00809958444085934	UP
UP	A86_A485_shared	medtr.A17.gnm5.ann1_6.MtrunA17Chr2g0311871	MtrunA17Chr2g0311871			medtr.A17.gnm5.MtrunA17Chr2	+	34820216	34820960	2.41511615968802	0.00638506528435385	UP	2.03443176056205	0.0131773109059214	UP
UP	A86_A485_shared	medtr.A17.gnm5.ann1_6.MtrunA17Chr5g0406251	MtrunA17Chr5g0406251			medtr.A17.gnm5.MtrunA17Chr5	+	9221626	9230500	2.17198086429949	0.0121765772022748	UP	2.02305518195463	0.00843477563366886	UP
UP	A86_A485_shared	medtr.A17.gnm5.ann1_6.MtrunA17Chr6g0451751	MtrunA17Chr6g0451751	MtCYP82A9	Cytochrome P450 monooxygenase	medtr.A17.gnm5.MtrunA17Chr6	+	2274534	2278230	2.07802239986572	0.0169646571922247	UP	2.01701664038434	0.00800350505806528	UP
UP	A86_A485_shared	medtr.A17.gnm5.ann1_6.MtrunA17Chr5g0395431	MtrunA17Chr5g0395431	Mt4CL-2	4-coumarate--CoA ligase 2	medtr.A17.gnm5.MtrunA17Chr5	+	1457821	1464238	2.73753982718144	0.00532909727830075	UP	2.00389904819909	0.0311093941594844	UP
UP	A86_A485_shared	medtr.A17.gnm5.ann1_6.MtrunA17Chr5g0436701	MtrunA17Chr5g0436701	MtPIP1;1	Plasma membrane intrinsic protein 1|1 (aquaporin)	medtr.A17.gnm5.MtrunA17Chr5	-	36427185	36429934	1.98987709995189	0.00360600628515225	UP	1.99740008411015	0.00095825119441259	UP
UP	A86_A485_shared	medtr.A17.gnm5.ann1_6.MtrunA17Chr8g0366581	MtrunA17Chr8g0366581			medtr.A17.gnm5.MtrunA17Chr8	-	30379075	30382933	1.79202765566812	0.0497753841622384	UP	1.99294218962491	0.00573369316166063	UP
UP	A86_A485_shared	medtr.A17.gnm5.ann1_6.MtrunA17Chr5g0413331	MtrunA17Chr5g0413331			medtr.A17.gnm5.MtrunA17Chr5	-	14567175	14573320	2.0524656135074	0.0125955335569222	UP	1.97419558888502	0.00639406096307589	UP
UP	A86_A485_shared	medtr.A17.gnm5.ann1_6.MtrunA17Chr3g0130661	MtrunA17Chr3g0130661			medtr.A17.gnm5.MtrunA17Chr3	-	47766893	47768104	1.81116418038662	0.0499885335555965	UP	1.97300575562112	0.00740831275259407	UP
UP	A86_A485_shared	medtr.A17.gnm5.ann1_6.MtrunA17Chr1g0181861	MtrunA17Chr1g0181861			medtr.A17.gnm5.MtrunA17Chr1	-	32852898	32855953	2.07683377650732	0.0165318402219283	UP	1.94093901667961	0.0118529264607725	UP
UP	A86_A485_shared	medtr.A17.gnm5.ann1_6.MtrunA17Chr4g0062241	MtrunA17Chr4g0062241			medtr.A17.gnm5.MtrunA17Chr4	-	54076508	54078047	1.92204009463444	0.0201722393690007	UP	1.90848083512654	0.00758896557554529	UP
UP	A86_A485_shared	medtr.A17.gnm5.ann1_6.MtrunA17Chr4g0034321	MtrunA17Chr4g0034321			medtr.A17.gnm5.MtrunA17Chr4	+	33990633	33992560	2.24447519912291	0.0033802114627367	UP	1.89675374609246	0.00916381011233098	UP
UP	A86_A485_shared	medtr.A17.gnm5.ann1_6.MtrunA17Chr1g0213011	MtrunA17Chr1g0213011	MtCHI-2	chalcone isomerase	medtr.A17.gnm5.MtrunA17Chr1	+	56024184	56025882	2.28451954330255	0.013371330056698	UP	1.854861993519	0.034972033304152	UP
UP	A86_A485_shared	medtr.A17.gnm5.ann1_6.MtrunA17Chr4g0039311	MtrunA17Chr4g0039311			medtr.A17.gnm5.MtrunA17Chr4	+	37524843	37528356	2.18049059829475	0.00354378761990486	UP	1.83900483214082	0.00939556633139062	UP
UP	A86_A485_shared	medtr.A17.gnm5.ann1_6.MtrunA17Chr6g0467611	MtrunA17Chr6g0467611	MtKunitz31	Kunitz-P Trypsin Inhibitor	medtr.A17.gnm5.MtrunA17Chr6	+	16546202	16547182	1.98047778690425	0.0411562944053712	UP	1.82384925991169	0.0349357074161286	UP
UP	A86_A485_shared	medtr.A17.gnm5.ann1_6.MtrunA17Chr3g0084171	MtrunA17Chr3g0084171			medtr.A17.gnm5.MtrunA17Chr3	+	5654298	5669310	2.23329727150863	0.00989988477502481	UP	1.8237119392754	0.0273002279546099	UP
UP	A86_A485_shared	medtr.A17.gnm5.ann1_6.MtrunA17Chr3g0105421	MtrunA17Chr3g0105421			medtr.A17.gnm5.MtrunA17Chr3	+	29377190	29387416	1.8324058999033	0.0259868071535413	UP	1.81912250034122	0.0103802109269765	UP
UP	A86_A485_shared	medtr.A17.gnm5.ann1_6.MtrunA17Chr4g0034301	MtrunA17Chr4g0034301	MtPhytogb1.1|MtGlb1-1	non-symbiotic hemoglobin (ns-Hb)	medtr.A17.gnm5.MtrunA17Chr4	-	33987777	33989880	2.09951203865963	0.0283754858599854	UP	1.81093618629868	0.0424224920533678	UP
UP	A86_A485_shared	medtr.A17.gnm5.ann1_6.MtrunA17Chr2g0281821	MtrunA17Chr2g0281821			medtr.A17.gnm5.MtrunA17Chr2	-	3446348	3453756	1.90303986594528	0.00961924650346628	UP	1.76231645631788	0.00799949654544002	UP
UP	A86_A485_shared	medtr.A17.gnm5.ann1_6.MtrunA17Chr1g0159471	MtrunA17Chr1g0159471			medtr.A17.gnm5.MtrunA17Chr1	+	10174362	10175865	1.86231517492585	0.035334687720425	UP	1.7482725067142	0.026979285833838	UP
UP	A86_A485_shared	medtr.A17.gnm5.ann1_6.MtrunA17Chr6g0482071	MtrunA17Chr6g0482071			medtr.A17.gnm5.MtrunA17Chr6	+	36757593	36762182	2.00439174656633	0.00961924650346628	UP	1.72502893844424	0.0196729271191448	UP
UP	A86_A485_shared	medtr.A17.gnm5.ann1_6.MtrunA17Chr5g0411151	MtrunA17Chr5g0411151			medtr.A17.gnm5.MtrunA17Chr5	-	12713192	12716049	1.79006686326415	0.0414045110592752	UP	1.65668381538837	0.0366657438210652	UP
UP	A86_A485_shared	medtr.A17.gnm5.ann1_6.MtrunA17Chr8g0339841	MtrunA17Chr8g0339841			medtr.A17.gnm5.MtrunA17Chr8	-	3856202	3860451	1.76740650512777	0.0131030963017059	UP	1.64500084619924	0.0117930283346806	UP
UP	A86_A485_shared	medtr.A17.gnm5.ann1_6.MtrunA17Chr2g0282621	MtrunA17Chr2g0282621			medtr.A17.gnm5.MtrunA17Chr2	+	4053586	4055600	2.45108696799716	0.000749640492918022	UP	1.57349928364892	0.04606679742954	UP
UP	A86_A485_shared	medtr.A17.gnm5.ann1_6.MtrunA17Chr4g0003691	MtrunA17Chr4g0003691			medtr.A17.gnm5.MtrunA17Chr4	+	2780496	2786545	2.08277333072589	0.00141136901515921	UP	1.4814888796727	0.0429060271387902	UP
UP	A86_only	medtr.A17.gnm5.ann1_6.MtrunA17Chr7g0252361	MtrunA17Chr7g0252361			medtr.A17.gnm5.MtrunA17Chr7	+	39314472	39316644	5.19843864152097	0.0377261340121452	UP	4.19791507107247	0.108667777973192	NS
UP	A86_only	medtr.A17.gnm5.ann1_6.MtrunA17Chr4g0020871	MtrunA17Chr4g0020871			medtr.A17.gnm5.MtrunA17Chr4	+	17503285	17503971	4.84590349856295	0.0232814204978048	UP	4.00471238968713	0.0581909278888302	NS
UP	A86_only	medtr.A17.gnm5.ann1_6.MtrunA17Chr2g0319041	MtrunA17Chr2g0319041	MtTPS7	terpene synthase 7	medtr.A17.gnm5.MtrunA17Chr2	-	40550044	40553704	5.7599464605703	0.0039672812879855	UP	3.58359590791007	0.146214125111633	NS
UP	A86_only	medtr.A17.gnm5.ann1_6.MtrunA17Chr4g0025501	MtrunA17Chr4g0025501	MtPUB31	Plant U-box protein 31	medtr.A17.gnm5.MtrunA17Chr4	-	26387974	26389316	3.7198254781999	0.049554004279135	UP	3.03562185324589	0.0847511808085663	NS
UP	A86_only	medtr.A17.gnm5.ann1_6.MtrunA17Chr1g0202061	MtrunA17Chr1g0202061			medtr.A17.gnm5.MtrunA17Chr1	-	48304045	48305881	4.44850229064505	0.0499885335555965	UP	3.01822603605573	0.316355533975302	NS
UP	A86_only	medtr.A17.gnm5.ann1_6.MtrunA17Chr4g0069591	MtrunA17Chr4g0069591			medtr.A17.gnm5.MtrunA17Chr4	-	59487925	59490168	3.37510436765978	0.0488628334359247	UP	2.60611067440107	0.123915281716231	NS
UP	A86_only	medtr.A17.gnm5.ann1_6.MtrunA17Chr2g0300061	MtrunA17Chr2g0300061			medtr.A17.gnm5.MtrunA17Chr2	+	17878276	17883620	3.94002285117718	0.0375388471375825	UP	2.51686423259357	0.329234171475242	NS
UP	A86_only	medtr.A17.gnm5.ann1_6.MtrunA17Chr5g0435641	MtrunA17Chr5g0435641			medtr.A17.gnm5.MtrunA17Chr5	+	35643708	35645201	3.72049231617052	0.0409029583450571	UP	2.35957052418602	0.344068072990605	NS
UP	A86_only	medtr.A17.gnm5.ann1_6.MtrunA17Chr5g0432251	MtrunA17Chr5g0432251			medtr.A17.gnm5.MtrunA17Chr5	+	33004291	33007130	3.78913575762769	0.00961924650346628	UP	2.35623504195584	0.0932884895330197	NS
UP	A86_only	medtr.A17.gnm5.ann1_6.MtrunA17Chr6g0467621	MtrunA17Chr6g0467621	MtKunitz32	Kunitz-P Trypsin Inhibitor	medtr.A17.gnm5.MtrunA17Chr6	+	16553380	16554337	2.93139269669524	0.0277724157485838	UP	2.35380222062264	0.0512688261829769	NS
UP	A86_only	medtr.A17.gnm5.ann1_6.MtrunA17Chr1g0175011	MtrunA17Chr1g0175011			medtr.A17.gnm5.MtrunA17Chr1	-	26353349	26354024	3.00695610784515	0.0277724157485838	UP	2.30840324317488	0.0947067918919915	NS
UP	A86_only	medtr.A17.gnm5.ann1_6.MtrunA17Chr3g0111201	MtrunA17Chr3g0111201			medtr.A17.gnm5.MtrunA17Chr3	-	33584331	33585476	4.26580458735411	0.00462097525267611	UP	2.30207749990439	0.184603087588717	NS
UP	A86_only	medtr.A17.gnm5.ann1_6.MtrunA17Chr8g0374111	MtrunA17Chr8g0374111			medtr.A17.gnm5.MtrunA17Chr8	-	36211687	36213097	3.21783736187728	0.0305462058969184	UP	2.26370083980401	0.141992269397103	NS
UP	A86_only	medtr.A17.gnm5.ann1_6.MtrunA17Chr8g0374961	MtrunA17Chr8g0374961			medtr.A17.gnm5.MtrunA17Chr8	+	36815560	36816009	3.31452058335291	0.00872776678853378	UP	2.22998066181273	0.0614974943227579	NS
UP	A86_only	medtr.A17.gnm5.ann1_6.MtrunA17Chr1g0196881	MtrunA17Chr1g0196881			medtr.A17.gnm5.MtrunA17Chr1	+	44280263	44280947	4.05997247544774	0.0252441397704612	UP	2.21403441502201	0.474764891957184	NS
UP	A86_only	medtr.A17.gnm5.ann1_6.MtrunA17Chr6g0462271	MtrunA17Chr6g0462271			medtr.A17.gnm5.MtrunA17Chr6	-	11309667	11309918	3.51738796819069	0.0451427686273679	UP	2.19917087535767	0.313453916747226	NS
UP	A86_only	medtr.A17.gnm5.ann1_6.MtrunA17Chr4g0006371	MtrunA17Chr4g0006371			medtr.A17.gnm5.MtrunA17Chr4	+	5043111	5049268	2.98747401148173	0.0220652071783372	UP	2.1809953327797	0.0768335311163401	NS
UP	A86_only	medtr.A17.gnm5.ann1_6.MtrunA17Chr3g0077521	MtrunA17Chr3g0077521			medtr.A17.gnm5.MtrunA17Chr3	-	291709	292621	2.93926865227549	0.0255777805038152	UP	2.08201216678735	0.0932347036729915	NS
UP	A86_only	medtr.A17.gnm5.ann1_6.MtrunA17Chr1g0159201	MtrunA17Chr1g0159201			medtr.A17.gnm5.MtrunA17Chr1	+	9932621	9934596	3.0727378472846	0.0193487817232214	UP	2.07622960364875	0.152701771539251	NS
UP	A86_only	medtr.A17.gnm5.ann1_6.MtrunA17Chr6g0453191	MtrunA17Chr6g0453191			medtr.A17.gnm5.MtrunA17Chr6	-	3528943	3530912	3.14549373818434	0.0260510813087729	UP	1.9311104381667	0.255333360119127	NS
UP	A86_only	medtr.A17.gnm5.ann1_6.MtrunA17Chr3g0077511	MtrunA17Chr3g0077511			medtr.A17.gnm5.MtrunA17Chr3	+	289634	294977	2.91000354878403	0.0259868071535413	UP	1.93091373200817	0.130887950781065	NS
UP	A86_only	medtr.A17.gnm5.ann1_6.MtrunA17Chr1g0196381	MtrunA17Chr1g0196381			medtr.A17.gnm5.MtrunA17Chr1	-	43948342	43951847	3.05984121915982	0.00441290507421999	UP	1.86077267865676	0.082741909721671	NS
UP	A86_only	medtr.A17.gnm5.ann1_6.MtrunA17Chr4g0002121	MtrunA17Chr4g0002121			medtr.A17.gnm5.MtrunA17Chr4	+	1531650	1535712	2.79533518693943	0.0457684205358721	UP	1.84987701788111	0.252911260563146	NS
UP	A86_only	medtr.A17.gnm5.ann1_6.MtrunA17Chr6g0453311	MtrunA17Chr6g0453311			medtr.A17.gnm5.MtrunA17Chr6	+	3702496	3704074	2.11519527495288	0.0390771596708048	UP	1.83001717914197	0.0561960455800063	NS
UP	A86_only	medtr.A17.gnm5.ann1_6.MtrunA17Chr1g0196551	MtrunA17Chr1g0196551			medtr.A17.gnm5.MtrunA17Chr1	-	44088640	44089821	2.25979365603665	0.0165318402219283	UP	1.74206021959033	0.0739088454757625	NS
UP	A86_only	medtr.A17.gnm5.ann1_6.MtrunA17Chr2g0312781	MtrunA17Chr2g0312781			medtr.A17.gnm5.MtrunA17Chr2	-	35567304	35573241	3.29856947437095	0.0128933863939291	UP	1.7178784850945	0.308984232390949	NS
UP	A86_only	medtr.A17.gnm5.ann1_6.MtrunA17Chr3g0111121	MtrunA17Chr3g0111121			medtr.A17.gnm5.MtrunA17Chr3	+	33550606	33551709	2.11126812549124	0.0169192017918481	UP	1.68778696619487	0.0594502463450688	NS
UP	A86_only	medtr.A17.gnm5.ann1_6.MtrunA17Chr3g0084161	MtrunA17Chr3g0084161			medtr.A17.gnm5.MtrunA17Chr3	-	5654163	5655800	2.42515775424278	0.00702141339588005	UP	1.68380484223613	0.0740404215148154	NS
UP	A86_only	medtr.A17.gnm5.ann1_6.MtrunA17Chr8g0385431	MtrunA17Chr8g0385431			medtr.A17.gnm5.MtrunA17Chr8	-	44131106	44132297	2.59097159987301	0.048216397860461	UP	1.64713661339101	0.312517517870802	NS
UP	A86_only	medtr.A17.gnm5.ann1_6.MtrunA17Chr7g0240521	MtrunA17Chr7g0240521			medtr.A17.gnm5.MtrunA17Chr7	-	30343733	30345703	2.0044500428332	0.0190060212243644	UP	1.62012998489005	0.0643945848670595	NS
UP	A86_only	medtr.A17.gnm5.ann1_6.MtrunA17Chr7g0273281	MtrunA17Chr7g0273281	MtESL5_2|MtESL1.2	Sugar transporter ERD6-like|early-responsive to dehydration six-like	medtr.A17.gnm5.MtrunA17Chr7	-	54038996	54044219	2.36060403375799	0.00222807383084346	UP	1.60487046328243	0.0539402583095302	NS
UP	A86_only	medtr.A17.gnm5.ann1_6.MtrunA17Chr3g0114691	MtrunA17Chr3g0114691			medtr.A17.gnm5.MtrunA17Chr3	-	36094544	36098569	2.69404015505957	0.0302573943296882	UP	1.58069658653162	0.322543134801851	NS
UP	A86_only	medtr.A17.gnm5.ann1_6.MtrunA17Chr5g0439431	MtrunA17Chr5g0439431			medtr.A17.gnm5.MtrunA17Chr5	+	38324451	38328113	1.81774752712491	0.0380930415013964	UP	1.57231108540997	0.0645640818918956	NS
UP	A86_only	medtr.A17.gnm5.ann1_6.MtrunA17Chr7g0241911	MtrunA17Chr7g0241911			medtr.A17.gnm5.MtrunA17Chr7	-	31465008	31466647	2.07809616450461	0.0387172164418931	UP	1.57040689146331	0.161173335997538	NS
UP	A86_only	medtr.A17.gnm5.ann1_6.MtrunA17Chr3g0114701	MtrunA17Chr3g0114701			medtr.A17.gnm5.MtrunA17Chr3	-	36109010	36111661	2.59674820240574	0.0190060212243644	UP	1.56995021367786	0.233267329277502	NS
UP	A86_only	medtr.A17.gnm5.ann1_6.MtrunA17Chr3g0135801	MtrunA17Chr3g0135801			medtr.A17.gnm5.MtrunA17Chr3	+	51597529	51602107	2.35374547631289	0.00325086622382491	UP	1.56792344345829	0.0889752717830144	NS
UP	A86_only	medtr.A17.gnm5.ann1_6.MtrunA17Chr7g0240561	MtrunA17Chr7g0240561			medtr.A17.gnm5.MtrunA17Chr7	-	30367911	30370806	2.35889177327896	0.0153013517896299	UP	1.56457926794942	0.164851505220695	NS
UP	A86_only	medtr.A17.gnm5.ann1_6.MtrunA17Chr8g0355221	MtrunA17Chr8g0355221			medtr.A17.gnm5.MtrunA17Chr8	-	16761015	16763031	3.48951681459401	0.0318944762649148	UP	1.55228682667651	0.714646405731165	NS
UP	A86_only	medtr.A17.gnm5.ann1_6.MtrunA17Chr8g0359251	MtrunA17Chr8g0359251			medtr.A17.gnm5.MtrunA17Chr8	+	22441571	22443755	3.29087966908168	0.0270406186845687	UP	1.4989459657401	0.571405116614518	NS
UP	A86_only	medtr.A17.gnm5.ann1_6.MtrunA17Chr5g0435091	MtrunA17Chr5g0435091			medtr.A17.gnm5.MtrunA17Chr5	-	35235654	35238856	2.29532063736922	0.0293128293248825	UP	1.49672470480606	0.262594633520141	NS
UP	A86_only	medtr.A17.gnm5.ann1_6.MtrunA17Chr1g0152281	MtrunA17Chr1g0152281	MtPSK4	Phytosulfokine	medtr.A17.gnm5.MtrunA17Chr1	+	5087613	5089330	2.01151034312127	0.0121322411417319	UP	1.494705783809	0.0989260684516797	NS
UP	A86_only	medtr.A17.gnm5.ann1_6.MtrunA17Chr3g0111581	MtrunA17Chr3g0111581			medtr.A17.gnm5.MtrunA17Chr3	+	33889958	33892111	2.30655916626639	0.0259868071535413	UP	1.49020832488903	0.249104365637558	NS
UP	A86_only	medtr.A17.gnm5.ann1_6.MtrunA17Chr5g0403141	MtrunA17Chr5g0403141			medtr.A17.gnm5.MtrunA17Chr5	+	6972333	6974983	1.84424136836242	0.0124811779307815	UP	1.47586653143963	0.0677843415389107	NS
UP	A86_only	medtr.A17.gnm5.ann1_6.MtrunA17Chr1g0180421	MtrunA17Chr1g0180421			medtr.A17.gnm5.MtrunA17Chr1	-	31575996	31580562	1.7680925229647	0.0324562880680305	UP	1.4651048149501	0.0952935288957515	NS
UP	A86_only	medtr.A17.gnm5.ann1_6.MtrunA17Chr8g0375041	MtrunA17Chr8g0375041			medtr.A17.gnm5.MtrunA17Chr8	-	36911860	36916183	2.42932646908512	0.0125508719452831	UP	1.44946791747834	0.290821356967302	NS
UP	A86_only	medtr.A17.gnm5.ann1_6.MtrunA17Chr6g0474151	MtrunA17Chr6g0474151			medtr.A17.gnm5.MtrunA17Chr6	+	27703566	27704178	1.83160980740272	0.02934261432207	UP	1.44215587666453	0.131904442987325	NS
UP	A86_only	medtr.A17.gnm5.ann1_6.MtrunA17Chr5g0439441	MtrunA17Chr5g0439441			medtr.A17.gnm5.MtrunA17Chr5	-	38326155	38332398	1.76161862591566	0.0394196585323925	UP	1.41351011229944	0.140136921253538	NS
UP	A86_only	medtr.A17.gnm5.ann1_6.MtrunA17Chr3g0091091	MtrunA17Chr3g0091091			medtr.A17.gnm5.MtrunA17Chr3	+	12331945	12339523	2.47056239564371	0.0222238244854217	UP	1.39597731308432	0.388671772078671	NS
UP	A86_only	medtr.A17.gnm5.ann1_6.MtrunA17Chr1g0183981	MtrunA17Chr1g0183981			medtr.A17.gnm5.MtrunA17Chr1	-	34582185	34582832	3.59623534791875	0.0233171544596287	UP	1.37348856082146	0.831790376435304	NS
UP	A86_only	medtr.A17.gnm5.ann1_6.MtrunA17Chr4g0000461	MtrunA17Chr4g0000461	Mt4CL-3	4-coumarate--CoA ligase	medtr.A17.gnm5.MtrunA17Chr4	+	375211	378997	2.96265910305615	0.020792746612276	UP	1.32936621424292	0.530877646225035	NS
UP	A86_only	medtr.A17.gnm5.ann1_6.MtrunA17Chr3g0111451	MtrunA17Chr3g0111451			medtr.A17.gnm5.MtrunA17Chr3	+	33777971	33782235	1.74395496258629	0.0230886912196477	UP	1.30177423713646	0.211527287468107	NS
UP	A86_only	medtr.A17.gnm5.ann1_6.MtrunA17Chr4g0041211	MtrunA17Chr4g0041211			medtr.A17.gnm5.MtrunA17Chr4	+	38956518	38960677	2.3562573631225	0.00441290507421999	UP	1.28204760934222	0.364939066091692	NS
UP	A86_only	medtr.A17.gnm5.ann1_6.MtrunA17Chr4g0069721	MtrunA17Chr4g0069721			medtr.A17.gnm5.MtrunA17Chr4	-	59554246	59557371	2.35086948626188	0.0182784323754129	UP	1.26254432579029	0.476403753712946	NS
UP	A86_only	medtr.A17.gnm5.ann1_6.MtrunA17Chr7g0252391	MtrunA17Chr7g0252391			medtr.A17.gnm5.MtrunA17Chr7	-	39329900	39334745	1.79637780483313	0.0317526893101264	UP	1.2548249187199	0.333711942300146	NS
UP	A86_only	medtr.A17.gnm5.ann1_6.MtrunA17Chr7g0266071	MtrunA17Chr7g0266071	MtLYE1		medtr.A17.gnm5.MtrunA17Chr7	-	49261388	49262352	3.29594627994698	0.000598120616069922	UP	1.25283177832416	0.523445371551422	NS
UP	A86_only	medtr.A17.gnm5.ann1_6.MtrunA17Chr2g0280931	MtrunA17Chr2g0280931			medtr.A17.gnm5.MtrunA17Chr2	+	2804933	2808967	1.92462817261476	0.00390493526112686	UP	1.24829952139728	0.253986679546256	NS
UP	A86_only	medtr.A17.gnm5.ann1_6.MtrunA17Chr5g0447951	MtrunA17Chr5g0447951			medtr.A17.gnm5.MtrunA17Chr5	-	44075545	44077232	2.22900887848823	0.0220652071783372	UP	1.22293019967853	0.512394524726795	NS
UP	A86_only	medtr.A17.gnm5.ann1_6.MtrunA17Chr3g0128761	MtrunA17Chr3g0128761			medtr.A17.gnm5.MtrunA17Chr3	+	46401867	46404358	1.81823333380942	0.0255777805038152	UP	1.19220349247257	0.433995693302242	NS
UP	A86_only	medtr.A17.gnm5.ann1_6.MtrunA17Chr4g0026331	MtrunA17Chr4g0026331			medtr.A17.gnm5.MtrunA17Chr4	-	27273378	27276561	1.53238273952467	0.00315234852545057	UP	1.18363465269162	0.142396299712811	NS
UP	A86_only	medtr.A17.gnm5.ann1_6.MtrunA17Chr7g0226451	MtrunA17Chr7g0226451			medtr.A17.gnm5.MtrunA17Chr7	-	11583852	11588302	3.18402753702867	0.0336015507878042	UP	1.18318598455383	0.952662276847221	NS
UP	A86_only	medtr.A17.gnm5.ann1_6.MtrunA17Chr7g0235051	MtrunA17Chr7g0235051			medtr.A17.gnm5.MtrunA17Chr7	+	25486198	25488062	2.41541706914735	0.0369863152128328	UP	1.16300397843928	0.689001302228793	NS
UP	A86_only	medtr.A17.gnm5.ann1_6.MtrunA17Chr5g0401161	MtrunA17Chr5g0401161			medtr.A17.gnm5.MtrunA17Chr5	+	5390939	5392384	1.92112878375917	0.0260510813087729	UP	1.09084417266462	0.683827332638688	NS
UP	A86_only	medtr.A17.gnm5.ann1_6.MtrunA17Chr3g0121851	MtrunA17Chr3g0121851			medtr.A17.gnm5.MtrunA17Chr3	-	41514672	41517187	2.03773860430556	0.0193552875924076	UP	1.04647515699594	0.783736044536179	NS
UP	A86_only	medtr.A17.gnm5.ann1_6.MtrunA17Chr4g0004111	MtrunA17Chr4g0004111			medtr.A17.gnm5.MtrunA17Chr4	-	3118411	3120151	1.64495626710093	0.0406771233154971	UP	0.962871055077485	0.982414495994538	NS
UP	A86_only	medtr.A17.gnm5.ann1_6.MtrunA17Chr2g0312021	MtrunA17Chr2g0312021			medtr.A17.gnm5.MtrunA17Chr2	-	34944885	34944912	1.82757916874083	0.0279453401164071	UP	0.933146332766958	1	NS
UP	A86_only	medtr.A17.gnm5.ann1_6.MtrunA17Chr2g0312011	MtrunA17Chr2g0312011			medtr.A17.gnm5.MtrunA17Chr2	+	34944312	34946399	1.99245987652011	0.0165272618496189	UP	0.925719682639975	1	NS
UP	A86_only	medtr.A17.gnm5.ann1_6.MtrunA17Chr4g0006041	MtrunA17Chr4g0006041			medtr.A17.gnm5.MtrunA17Chr4	-	4804958	4811584	2.22119205893105	0.0156888990072838	UP	0.886299518955238	1	NS
UP	A86_only	medtr.A17.gnm5.ann1_6.MtrunA17Chr6g0464061	MtrunA17Chr6g0464061			medtr.A17.gnm5.MtrunA17Chr6	+	13283546	13284419	3.86681776031137	0.0175957560410669	UP	0.585857943294416	1	NS
UP	A86_only	medtr.A17.gnm5.ann1_6.MtrunA17Chr8g0354731	MtrunA17Chr8g0354731			medtr.A17.gnm5.MtrunA17Chr8	+	16323743	16326980	2.32548006367192	0.0403511772273869	UP	0.550662272032203	1	NS
UP	A86_only	medtr.A17.gnm5.ann1_6.MtrunA17Chr4g0060931	MtrunA17Chr4g0060931			medtr.A17.gnm5.MtrunA17Chr4	+	53132759	53134883	2.16788724219468	0.0286192431194042	UP	0.432567256399342	1	NS
UP	A86_only	medtr.A17.gnm5.ann1_6.MtrunA17Chr4g0046351	MtrunA17Chr4g0046351	MtCYP93C20	Cytochrome P450 monooxygenase	medtr.A17.gnm5.MtrunA17Chr4	+	42740030	42742201	2.72542444637663	0.0259868071535413	UP	0.40506136494366	1	NS
UP	A86_only	medtr.A17.gnm5.ann1_6.MtrunA17Chr4g0008641	MtrunA17Chr4g0008641			medtr.A17.gnm5.MtrunA17Chr4	+	6601542	6602916	2.30764004319375	0.0388840949257558	UP	-0.225297679192826	1	NS
UP	A86_only	medtr.A17.gnm5.ann1_6.MtrunA17Chr2g0278161	MtrunA17Chr2g0278161			medtr.A17.gnm5.MtrunA17Chr2	-	1032513	1034526	3.02511708543141	0.0310390640438679	UP	0.14349333557093	1	NS
UP	A86_only	medtr.A17.gnm5.ann1_6.MtrunA17Chr3g0085321	MtrunA17Chr3g0085321			medtr.A17.gnm5.MtrunA17Chr3	+	6665004	6666055	2.5642652502254	0.0343824537531026	UP	0.123006158857792	1	NS
