direction	region	gene_id	gene_name	acronym	geneProduct	chr	strand	start	end	A86485_logFC	A86485_FDR	A86485_sig	dnf2_logFC	dnf2_FDR	dnf2_sig
DOWN	A86485_dnf2_shared	medtr.A17.gnm5.ann1_6.MtrunA17Chr3g0105081	MtrunA17Chr3g0105081	MtMOT1.3	Molybdate transporter	medtr.A17.gnm5.MtrunA17Chr3	-	29036049	29038987	-4.88575556804758	0.0072771415721687	DOWN	-11.4297913486056	0.000169463206566203	DOWN
DOWN	A86485_dnf2_shared	medtr.A17.gnm5.ann1_6.MtrunA17Chr1g0157821	MtrunA17Chr1g0157821			medtr.A17.gnm5.MtrunA17Chr1	-	8955837	8962178	-6.03920261599577	4.74200430192856e-05	DOWN	-10.049722719822	4.03575772677182e-06	DOWN
DOWN	A86485_dnf2_shared	medtr.A17.gnm5.ann1_6.MtrunA17Chr1g0184111	MtrunA17Chr1g0184111			medtr.A17.gnm5.MtrunA17Chr1	-	34670203	34676769	-10.0404507868064	0.000501755491352394	DOWN	-10.0404507868064	0.000208174756968017	DOWN
DOWN	A86485_dnf2_shared	medtr.A17.gnm5.ann1_6.MtrunA17Chr1g0185421	MtrunA17Chr1g0185421			medtr.A17.gnm5.MtrunA17Chr1	+	35869836	35872116	-6.25937542443159	3.48905204941903e-06	DOWN	-8.84709360904241	1.15189761441145e-07	DOWN
DOWN	A86485_dnf2_shared	medtr.A17.gnm5.ann1_6.MtrunA17Chr2g0295981	MtrunA17Chr2g0295981			medtr.A17.gnm5.MtrunA17Chr2	-	14376384	14377290	-8.84017390284762	0.00166817471782092	DOWN	-8.84017390284762	0.000823157483592511	DOWN
DOWN	A86485_dnf2_shared	medtr.A17.gnm5.ann1_6.MtrunA17Chr6g0457901	MtrunA17Chr6g0457901			medtr.A17.gnm5.MtrunA17Chr6	-	7541559	7545661	-7.10991316493046	0.00593787417992691	DOWN	-8.76822193878192	0.00239341298273955	DOWN
DOWN	A86485_dnf2_shared	medtr.A17.gnm5.ann1_6.MtrunA17Chr2g0314151	MtrunA17Chr2g0314151			medtr.A17.gnm5.MtrunA17Chr2	-	36701794	36702270	-5.28297296868948	0.00106178832439876	DOWN	-8.54777551652815	0.00014955157926015	DOWN
DOWN	A86485_dnf2_shared	medtr.A17.gnm5.ann1_6.MtrunA17Chr4g0054261	MtrunA17Chr4g0054261			medtr.A17.gnm5.MtrunA17Chr4	-	48056823	48059892	-6.87233555833081	0.00188564210009991	DOWN	-8.53064433218227	0.000660393290740857	DOWN
DOWN	A86485_dnf2_shared	medtr.A17.gnm5.ann1_6.MtrunA17Chr8g0362171	MtrunA17Chr8g0362171			medtr.A17.gnm5.MtrunA17Chr8	-	26778759	26779422	-5.14921135479606	0.000391441703464998	DOWN	-8.41709259344685	4.40586324553924e-05	DOWN
DOWN	A86485_dnf2_shared	medtr.A17.gnm5.ann1_6.MtrunA17Chr2g0306431	MtrunA17Chr2g0306431			medtr.A17.gnm5.MtrunA17Chr2	+	27934353	27934857	-4.60954403348804	0.00143082244530238	DOWN	-8.40979303536675	0.000125967966679609	DOWN
DOWN	A86485_dnf2_shared	medtr.A17.gnm5.ann1_6.MtrunA17Chr4g0050671	MtrunA17Chr4g0050671			medtr.A17.gnm5.MtrunA17Chr4	-	45563506	45564511	-5.02328958006126	0.000961934249099742	DOWN	-8.29117081871205	0.000113411692994894	DOWN
DOWN	A86485_dnf2_shared	medtr.A17.gnm5.ann1_6.MtrunA17Chr4g0008041	MtrunA17Chr4g0008041			medtr.A17.gnm5.MtrunA17Chr4	-	6235877	6236624	-5.79968473344392	6.94221861686694e-05	DOWN	-8.20949003376944	7.44366030706504e-06	DOWN
DOWN	A86485_dnf2_shared	medtr.A17.gnm5.ann1_6.MtrunA17Chr8g0358161	MtrunA17Chr8g0358161			medtr.A17.gnm5.MtrunA17Chr8	+	20187285	20190693	-3.43523435376498	0.00226198539259911	DOWN	-8.20086600582766	6.3596211840229e-06	DOWN
DOWN	A86485_dnf2_shared	medtr.A17.gnm5.ann1_6.MtrunA17Chr5g0446291	MtrunA17Chr5g0446291			medtr.A17.gnm5.MtrunA17Chr5	+	42924156	42925321	-3.76129026246916	0.00353029011727161	DOWN	-8.1172983426331	0.000143296901711854	DOWN
DOWN	A86485_dnf2_shared	medtr.A17.gnm5.ann1_6.MtrunA17Chr6g0476571	MtrunA17Chr6g0476571	MtNCR070	Nodule-specific Cysteine-Rich peptide	medtr.A17.gnm5.MtrunA17Chr6	-	31381919	31383940	-4.56627733229179	0.00403964030079203	DOWN	-8.10854044119903	9.57193749645373e-05	DOWN
DOWN	A86485_dnf2_shared	medtr.A17.gnm5.ann1_6.MtrunA17Chr4g0047851	MtrunA17Chr4g0047851			medtr.A17.gnm5.MtrunA17Chr4	-	43726665	43727603	-4.45182949401953	0.0117977523797948	DOWN	-8.01168263200111	0.00145466903987358	DOWN
DOWN	A86485_dnf2_shared	medtr.A17.gnm5.ann1_6.MtrunA17Chr5g0437581	MtrunA17Chr5g0437581			medtr.A17.gnm5.MtrunA17Chr5	-	37128691	37129601	-4.73766817549472	0.000961934249099742	DOWN	-8.00400932550451	9.30207767647135e-05	DOWN
DOWN	A86485_dnf2_shared	medtr.A17.gnm5.ann1_6.MtrunA17Chr4g0029841	MtrunA17Chr4g0029841			medtr.A17.gnm5.MtrunA17Chr4	-	30534396	30535386	-4.37765064179315	0.000391010930903831	DOWN	-7.85866080850846	1.15579501667879e-05	DOWN
DOWN	A86485_dnf2_shared	medtr.A17.gnm5.ann1_6.MtrunA17Chr5g0402631	MtrunA17Chr5g0402631	MtNodGRP25	Nodule-specific Glycine-rich	medtr.A17.gnm5.MtrunA17Chr5	-	6681669	6683922	-3.35194006486766	0.0140599406094112	DOWN	-7.84937947447723	0.000470386338981995	DOWN
DOWN	A86485_dnf2_shared	medtr.A17.gnm5.ann1_6.MtrunA17Chr6g0481661	MtrunA17Chr6g0481661			medtr.A17.gnm5.MtrunA17Chr6	+	36487943	36489479	-2.61297037070344	0.0333667488825241	DOWN	-7.76392148967134	0.000286418289371046	DOWN
DOWN	A86485_dnf2_shared	medtr.A17.gnm5.ann1_6.MtrunA17Chr3g0105321	MtrunA17Chr3g0105321			medtr.A17.gnm5.MtrunA17Chr3	-	29273384	29276331	-4.46551360009049	0.0189177209077259	DOWN	-7.73185475010028	0.00277210342867383	DOWN
DOWN	A86485_dnf2_shared	medtr.A17.gnm5.ann1_6.MtrunA17Chr6g0450501	MtrunA17Chr6g0450501			medtr.A17.gnm5.MtrunA17Chr6	+	1193114	1195565	-7.67120048874254	0.0128212557454244	DOWN	-7.67120048874254	0.00747812896080632	DOWN
DOWN	A86485_dnf2_shared	medtr.A17.gnm5.ann1_6.MtrunA17Chr3g0112871	MtrunA17Chr3g0112871			medtr.A17.gnm5.MtrunA17Chr3	-	34770017	34770817	-4.39702096262642	0.00772385140341131	DOWN	-7.66551416327972	0.000851690230443679	DOWN
DOWN	A86485_dnf2_shared	medtr.A17.gnm5.ann1_6.MtrunA17Chr6g0450471	MtrunA17Chr6g0450471			medtr.A17.gnm5.MtrunA17Chr6	+	1185893	1186448	-4.74291165471879	0.0196878538443703	DOWN	-7.64453205878145	0.00376657788026619	DOWN
DOWN	A86485_dnf2_shared	medtr.A17.gnm5.ann1_6.MtrunA17Chr5g0414771	MtrunA17Chr5g0414771			medtr.A17.gnm5.MtrunA17Chr5	+	15724788	15726323	-5.25445447932024	0.000167454198463046	DOWN	-7.63679334212	7.76488058065562e-06	DOWN
DOWN	A86485_dnf2_shared	medtr.A17.gnm5.ann1_6.MtrunA17Chr7g0270521	MtrunA17Chr7g0270521			medtr.A17.gnm5.MtrunA17Chr7	-	52200478	52211538	-3.5653477301706	0.00432544796029305	DOWN	-7.57288252220537	0.000146638097357355	DOWN
DOWN	A86485_dnf2_shared	medtr.A17.gnm5.ann1_6.MtrunA17Chr6g0476561	MtrunA17Chr6g0476561			medtr.A17.gnm5.MtrunA17Chr6	+	31373827	31375645	-4.32879059695612	0.000626065116149163	DOWN	-7.48312164389697	3.26343608078423e-05	DOWN
DOWN	A86485_dnf2_shared	medtr.A17.gnm5.ann1_6.MtrunA17Chr8g0376791	MtrunA17Chr8g0376791			medtr.A17.gnm5.MtrunA17Chr8	-	38298837	38299999	-3.10247617048027	0.0212477848942398	DOWN	-7.45409120548835	0.000583030316516588	DOWN
DOWN	A86485_dnf2_shared	medtr.A17.gnm5.ann1_6.MtrunA17Chr4g0036881	MtrunA17Chr4g0036881			medtr.A17.gnm5.MtrunA17Chr4	+	35572082	35572774	-4.55367099336499	0.000115279423042592	DOWN	-7.34048656408906	5.53467552094162e-06	DOWN
DOWN	A86485_dnf2_shared	medtr.A17.gnm5.ann1_6.MtrunA17Chr8g0370481	MtrunA17Chr8g0370481			medtr.A17.gnm5.MtrunA17Chr8	-	33616799	33618501	-4.90197529328369	0.00840286022340213	DOWN	-7.31178059360921	0.00167250163038825	DOWN
DOWN	A86485_dnf2_shared	medtr.A17.gnm5.ann1_6.MtrunA17Chr1g0178571	MtrunA17Chr1g0178571			medtr.A17.gnm5.MtrunA17Chr1	-	30039059	30039841	-2.67188145153316	0.0415687651877838	DOWN	-7.30131543196861	0.000543666176923377	DOWN
DOWN	A86485_dnf2_shared	medtr.A17.gnm5.ann1_6.MtrunA17Chr5g0407731	MtrunA17Chr5g0407731	MtGAOL11	Gibberellin-oxidase like 11	medtr.A17.gnm5.MtrunA17Chr5	-	10158765	10161849	-7.28881953473478	0.00838712996939956	DOWN	-7.28881953473478	0.0048353440698834	DOWN
DOWN	A86485_dnf2_shared	medtr.A17.gnm5.ann1_6.MtrunA17Chr1g0186601	MtrunA17Chr1g0186601			medtr.A17.gnm5.MtrunA17Chr1	+	36841538	36843770	-6.67708439168403	8.56206171101936e-05	DOWN	-7.27983762552133	1.57554887455577e-05	DOWN
DOWN	A86485_dnf2_shared	medtr.A17.gnm5.ann1_6.MtrunA17Chr2g0318621	MtrunA17Chr2g0318621			medtr.A17.gnm5.MtrunA17Chr2	+	40139588	40140353	-4.32962585739642	0.00216028661311138	DOWN	-7.23186379061986	0.000204143434053757	DOWN
DOWN	A86485_dnf2_shared	medtr.A17.gnm5.ann1_6.MtrunA17Chr5g0438521	MtrunA17Chr5g0438521			medtr.A17.gnm5.MtrunA17Chr5	-	37704266	37705460	-3.6765292159692	0.00326692233917967	DOWN	-7.23181405511058	0.000147087338308312	DOWN
DOWN	A86485_dnf2_shared	medtr.A17.gnm5.ann1_6.MtrunA17Chr6g0474581	MtrunA17Chr6g0474581			medtr.A17.gnm5.MtrunA17Chr6	-	28515794	28516700	-4.72694139120582	0.000305689474931145	DOWN	-7.22582163423549	2.03549537698313e-05	DOWN
DOWN	A86485_dnf2_shared	medtr.A17.gnm5.ann1_6.MtrunA17Chr6g0485181	MtrunA17Chr6g0485181			medtr.A17.gnm5.MtrunA17Chr6	+	39713170	39716569	-4.39600858999306	4.34309658439613e-05	DOWN	-7.20050798700578	5.73140426106663e-07	DOWN
DOWN	A86485_dnf2_shared	medtr.A17.gnm5.ann1_6.MtrunA17Chr1g0179221	MtrunA17Chr1g0179221			medtr.A17.gnm5.MtrunA17Chr1	+	30590015	30591724	-7.17457490609508	0.00149012276394062	DOWN	-7.17457490609508	0.000735564073742584	DOWN
DOWN	A86485_dnf2_shared	medtr.A17.gnm5.ann1_6.MtrunA17Chr2g0301781	MtrunA17Chr2g0301781			medtr.A17.gnm5.MtrunA17Chr2	-	19473965	19474803	-4.23578500789046	0.00588390027842164	DOWN	-7.13274114828303	0.000601579994029159	DOWN
DOWN	A86485_dnf2_shared	medtr.A17.gnm5.ann1_6.MtrunA17Chr6g0471761	MtrunA17Chr6g0471761			medtr.A17.gnm5.MtrunA17Chr6	+	23154589	23162801	-4.64397276249836	0.000222027267458401	DOWN	-7.12719356328462	1.41141747522521e-05	DOWN
DOWN	A86485_dnf2_shared	medtr.A17.gnm5.ann1_6.MtrunA17Chr2g0327591	MtrunA17Chr2g0327591			medtr.A17.gnm5.MtrunA17Chr2	+	47089160	47090099	-4.17883460413934	0.0210437991595755	DOWN	-7.080455008202	0.00286152478774173	DOWN
DOWN	A86485_dnf2_shared	medtr.A17.gnm5.ann1_6.MtrunA17Chr6g0487811	MtrunA17Chr6g0487811			medtr.A17.gnm5.MtrunA17Chr6	+	41994157	41996069	-4.79729727546557	2.83034783938374e-05	DOWN	-7.07786051683413	5.73140426106663e-07	DOWN
DOWN	A86485_dnf2_shared	medtr.A17.gnm5.ann1_6.MtrunA17Chr3g0141591	MtrunA17Chr3g0141591			medtr.A17.gnm5.MtrunA17Chr3	-	55777983	55779821	-4.71522830487689	2.83034783938374e-05	DOWN	-7.0699042163208	5.70502956064162e-07	DOWN
DOWN	A86485_dnf2_shared	medtr.A17.gnm5.ann1_6.MtrunA17Chr5g0414661	MtrunA17Chr5g0414661			medtr.A17.gnm5.MtrunA17Chr5	+	15634514	15636187	-4.95527262660364	0.000953708623405431	DOWN	-7.06077890361362	4.1901890300013e-05	DOWN
DOWN	A86485_dnf2_shared	medtr.A17.gnm5.ann1_6.MtrunA17Chr2g0307611	MtrunA17Chr2g0307611			medtr.A17.gnm5.MtrunA17Chr2	-	30092059	30092866	-4.62930073941205	0.00625726805367758	DOWN	-7.04035267857037	0.000961061744425764	DOWN
DOWN	A86485_dnf2_shared	medtr.A17.gnm5.ann1_6.MtrunA17Chr6g0450451	MtrunA17Chr6g0450451			medtr.A17.gnm5.MtrunA17Chr6	-	1182480	1186435	-5.84073144956789	0.000128104476874438	DOWN	-7.03585820270614	2.22489822865878e-05	DOWN
DOWN	A86485_dnf2_shared	medtr.A17.gnm5.ann1_6.MtrunA17Chr2g0277121	MtrunA17Chr2g0277121			medtr.A17.gnm5.MtrunA17Chr2	-	361181	361692	-4.59745308283202	0.00072454732072698	DOWN	-7.00568553317724	7.73496023034009e-05	DOWN
DOWN	A86485_dnf2_shared	medtr.A17.gnm5.ann1_6.MtrunA17Chr6g0450491	MtrunA17Chr6g0450491	MtNCR664	Nodule-specific Cysteine-Rich peptide	medtr.A17.gnm5.MtrunA17Chr6	+	1190832	1192174	-5.34611920644128	0.0048398466084868	DOWN	-7.00283825020207	0.00131027236563086	DOWN
DOWN	A86485_dnf2_shared	medtr.A17.gnm5.ann1_6.MtrunA17Chr6g0452961	MtrunA17Chr6g0452961			medtr.A17.gnm5.MtrunA17Chr6	+	3239603	3240235	-4.54094137337358	0.00409402087129646	DOWN	-6.9507466736991	0.000554117352496964	DOWN
DOWN	A86485_dnf2_shared	medtr.A17.gnm5.ann1_6.MtrunA17Chr6g0485221	MtrunA17Chr6g0485221			medtr.A17.gnm5.MtrunA17Chr6	-	39735052	39736659	-4.04719201303146	0.0186563243202325	DOWN	-6.94881241709413	0.00211794268960975	DOWN
DOWN	A86485_dnf2_shared	medtr.A17.gnm5.ann1_6.MtrunA17Chr2g0306421	MtrunA17Chr2g0306421			medtr.A17.gnm5.MtrunA17Chr2	-	27928986	27929674	-4.39891815757157	0.000236896698330688	DOWN	-6.8807622316669	1.34012059832605e-05	DOWN
DOWN	A86485_dnf2_shared	medtr.A17.gnm5.ann1_6.MtrunA17Chr8g0358291	MtrunA17Chr8g0358291			medtr.A17.gnm5.MtrunA17Chr8	-	20435289	20436054	-5.00693423021929	0.00114689483614978	DOWN	-6.85905841160229	0.000194544800495723	DOWN
DOWN	A86485_dnf2_shared	medtr.A17.gnm5.ann1_6.MtrunA17Chr4g0062741	MtrunA17Chr4g0062741			medtr.A17.gnm5.MtrunA17Chr4	+	54435630	54437625	-3.29174124517326	0.00894561374408852	DOWN	-6.85128225477892	0.0002941381967851	DOWN
DOWN	A86485_dnf2_shared	medtr.A17.gnm5.ann1_6.MtrunA17Chr7g0227051	MtrunA17Chr7g0227051			medtr.A17.gnm5.MtrunA17Chr7	+	12156008	12160573	-4.92543169190672	4.34309658439613e-05	DOWN	-6.84699630776672	1.46699350100659e-06	DOWN
DOWN	A86485_dnf2_shared	medtr.A17.gnm5.ann1_6.MtrunA17Chr4g0070151	MtrunA17Chr4g0070151			medtr.A17.gnm5.MtrunA17Chr4	-	59888835	59889056	-4.43817544390308	0.0224242922765758	DOWN	-6.8464078942483	0.00412692668841721	DOWN
DOWN	A86485_dnf2_shared	medtr.A17.gnm5.ann1_6.MtrunA17Chr4g0070241	MtrunA17Chr4g0070241			medtr.A17.gnm5.MtrunA17Chr4	-	59955053	59956795	-6.79073538351609	0.0113183544101487	DOWN	-6.79073538351609	0.006649404772164	DOWN
DOWN	A86485_dnf2_shared	medtr.A17.gnm5.ann1_6.MtrunA17Chr1g0170561	MtrunA17Chr1g0170561			medtr.A17.gnm5.MtrunA17Chr1	-	19302407	19302813	-6.71144871857052	0.0248753453529973	DOWN	-6.71144871857052	0.0152589230827927	DOWN
DOWN	A86485_dnf2_shared	medtr.A17.gnm5.ann1_6.MtrunA17Chr1g0185431	MtrunA17Chr1g0185431			medtr.A17.gnm5.MtrunA17Chr1	-	35871983	35872742	-4.90552327061941	0.000232878732644382	DOWN	-6.69221292534593	2.03549537698313e-05	DOWN
DOWN	A86485_dnf2_shared	medtr.A17.gnm5.ann1_6.MtrunA17Chr5g0424121	MtrunA17Chr5g0424121			medtr.A17.gnm5.MtrunA17Chr5	-	26043828	26044165	-2.66572073391659	0.00850646467525636	DOWN	-6.67295349489193	5.90762353659864e-05	DOWN
DOWN	A86485_dnf2_shared	medtr.A17.gnm5.ann1_6.MtrunA17Chr6g0474601	MtrunA17Chr6g0474601			medtr.A17.gnm5.MtrunA17Chr6	-	28517696	28517952	-2.62119336996893	0.0371374243885436	DOWN	-6.63141093831528	0.000483896383243369	DOWN
DOWN	A86485_dnf2_shared	medtr.A17.gnm5.ann1_6.MtrunA17Chr1g0179951	MtrunA17Chr1g0179951			medtr.A17.gnm5.MtrunA17Chr1	-	31178445	31180794	-7.18372750609688	2.83034783938374e-05	DOWN	-6.62860462644526	5.3414760359047e-06	DOWN
DOWN	A86485_dnf2_shared	medtr.A17.gnm5.ann1_6.MtrunA17Chr3g0118221	MtrunA17Chr3g0118221			medtr.A17.gnm5.MtrunA17Chr3	-	38922300	38923884	-4.91174628912513	8.56206171101936e-05	DOWN	-6.62746256765426	6.73224518737439e-06	DOWN
DOWN	A86485_dnf2_shared	medtr.A17.gnm5.ann1_6.MtrunA17Chr2g0328511	MtrunA17Chr2g0328511	MtZIP2	Zinc-Iron Permease 2	medtr.A17.gnm5.MtrunA17Chr2	-	47786411	47788459	-5.76670972760756	0.000200166209715286	DOWN	-6.58081015515572	2.71502518142581e-05	DOWN
DOWN	A86485_dnf2_shared	medtr.A17.gnm5.ann1_6.MtrunA17Chr7g0224331	MtrunA17Chr7g0224331			medtr.A17.gnm5.MtrunA17Chr7	+	9541444	9544139	-4.86991871192779	7.5362560180094e-05	DOWN	-6.56058781565014	5.09283293312004e-06	DOWN
DOWN	A86485_dnf2_shared	medtr.A17.gnm5.ann1_6.MtrunA17Chr4g0027641	MtrunA17Chr4g0027641			medtr.A17.gnm5.MtrunA17Chr4	-	28694070	28695072	-6.55752116970536	0.0265170018438418	DOWN	-6.55752116970536	0.0163588620245636	DOWN
DOWN	A86485_dnf2_shared	medtr.A17.gnm5.ann1_6.MtrunA17Chr3g0083251	MtrunA17Chr3g0083251			medtr.A17.gnm5.MtrunA17Chr3	+	4869408	4870204	-6.5542667531151	0.00643466622636271	DOWN	-6.5542667531151	0.00362742248621929	DOWN
DOWN	A86485_dnf2_shared	medtr.A17.gnm5.ann1_6.MtrunA17Chr2g0299241	MtrunA17Chr2g0299241			medtr.A17.gnm5.MtrunA17Chr2	+	17212698	17213583	-4.85748896977118	0.0210404541427219	DOWN	-6.51579774362264	0.00594285827461095	DOWN
DOWN	A86485_dnf2_shared	medtr.A17.gnm5.ann1_6.MtrunA17Chr3g0105231	MtrunA17Chr3g0105231			medtr.A17.gnm5.MtrunA17Chr3	+	29192958	29193279	-4.21580972098354	0.000159833070426959	DOWN	-6.4979924287396	6.75732264013787e-06	DOWN
DOWN	A86485_dnf2_shared	medtr.A17.gnm5.ann1_6.MtrunA17Chr5g0405511	MtrunA17Chr5g0405511			medtr.A17.gnm5.MtrunA17Chr5	-	8732726	8733399	-4.28435917738349	0.000378168487401568	DOWN	-6.48295439385884	8.06645422613137e-06	DOWN
DOWN	A86485_dnf2_shared	medtr.A17.gnm5.ann1_6.MtrunA17Chr1g0176511	MtrunA17Chr1g0176511			medtr.A17.gnm5.MtrunA17Chr1	-	28091787	28092533	-3.56640322571206	0.0183091067163358	DOWN	-6.4686411589355	0.00134350913821351	DOWN
DOWN	A86485_dnf2_shared	medtr.A17.gnm5.ann1_6.MtrunA17Chr1g0171851	MtrunA17Chr1g0171851			medtr.A17.gnm5.MtrunA17Chr1	+	20570868	20573499	-3.48471051082143	6.93051011985768e-05	DOWN	-6.46537575446993	3.6466558270792e-07	DOWN
DOWN	A86485_dnf2_shared	medtr.A17.gnm5.ann1_6.MtrunA17Chr5g0429601	MtrunA17Chr5g0429601	MtNodGRP1D	Nodule-specific Glycine-rich	medtr.A17.gnm5.MtrunA17Chr5	-	30943743	30944761	-4.01956651885376	0.00148156365188364	DOWN	-6.43930552611611	2.97401872793896e-05	DOWN
DOWN	A86485_dnf2_shared	medtr.A17.gnm5.ann1_6.MtrunA17Chr1g0191651	MtrunA17Chr1g0191651			medtr.A17.gnm5.MtrunA17Chr1	+	40601185	40602532	-5.99200081356602	3.63615298137937e-05	DOWN	-6.42557285361177	4.93407999707943e-06	DOWN
DOWN	A86485_dnf2_shared	medtr.A17.gnm5.ann1_6.MtrunA17Chr4g0029591	MtrunA17Chr4g0029591			medtr.A17.gnm5.MtrunA17Chr4	+	30372013	30374252	-2.85309174471569	0.0174298681799881	DOWN	-6.38197043506176	0.000258975270673025	DOWN
DOWN	A86485_dnf2_shared	medtr.A17.gnm5.ann1_6.MtrunA17Chr7g0244221	MtrunA17Chr7g0244221			medtr.A17.gnm5.MtrunA17Chr7	+	33375772	33377191	-3.79180966085433	0.00192517157780728	DOWN	-6.325194432495	2.61728210865403e-05	DOWN
DOWN	A86485_dnf2_shared	medtr.A17.gnm5.ann1_6.MtrunA17Chr4g0029851	MtrunA17Chr4g0029851			medtr.A17.gnm5.MtrunA17Chr4	+	30536781	30540228	-3.51736220506328	0.00122071853694255	DOWN	-6.32382743529099	6.75732264013787e-06	DOWN
DOWN	A86485_dnf2_shared	medtr.A17.gnm5.ann1_6.MtrunA17Chr3g0094091	MtrunA17Chr3g0094091			medtr.A17.gnm5.MtrunA17Chr3	+	16564797	16564928	-5.12399878850532	0.00217804547827701	DOWN	-6.31833475609283	0.000554117352496964	DOWN
DOWN	A86485_dnf2_shared	medtr.A17.gnm5.ann1_6.MtrunA17Chr4g0008051	MtrunA17Chr4g0008051			medtr.A17.gnm5.MtrunA17Chr4	+	6235951	6237423	-3.38970802085554	0.00544702471589236	DOWN	-6.31630364305146	0.000207300480874863	DOWN
DOWN	A86485_dnf2_shared	medtr.A17.gnm5.ann1_6.MtrunA17Chr4g0029861	MtrunA17Chr4g0029861			medtr.A17.gnm5.MtrunA17Chr4	+	30540230	30541321	-3.77665592242944	0.000233835419618617	DOWN	-6.25637795175545	2.51317627897906e-06	DOWN
DOWN	A86485_dnf2_shared	medtr.A17.gnm5.ann1_6.MtrunA17Chr7g0259001	MtrunA17Chr7g0259001			medtr.A17.gnm5.MtrunA17Chr7	-	44139358	44143954	-4.37114249507124	4.42521983259619e-05	DOWN	-6.22507231128975	9.77247112867654e-07	DOWN
DOWN	A86485_dnf2_shared	medtr.A17.gnm5.ann1_6.MtrunA17Chr5g0436751	MtrunA17Chr5g0436751			medtr.A17.gnm5.MtrunA17Chr5	+	36458235	36459090	-3.0383375090008	0.00428152741847531	DOWN	-6.16968940987515	3.35639090401547e-05	DOWN
DOWN	A86485_dnf2_shared	medtr.A17.gnm5.ann1_6.MtrunA17Chr2g0302911	MtrunA17Chr2g0302911			medtr.A17.gnm5.MtrunA17Chr2	+	20533043	20533757	-3.22576382588045	0.00957940740171545	DOWN	-6.1513985564788	0.000319145818901105	DOWN
DOWN	A86485_dnf2_shared	medtr.A17.gnm5.ann1_6.MtrunA17Chr6g0450461	MtrunA17Chr6g0450461	MtNCR224	Nodule-specific Cysteine-Rich peptide	medtr.A17.gnm5.MtrunA17Chr6	+	1184117	1185211	-4.30010565582324	0.000122098544149181	DOWN	-6.10372203097837	5.09283293312004e-06	DOWN
DOWN	A86485_dnf2_shared	medtr.A17.gnm5.ann1_6.MtrunA17Chr1g0168751	MtrunA17Chr1g0168751			medtr.A17.gnm5.MtrunA17Chr1	-	17643134	17643757	-4.37925796658578	0.000145284233610733	DOWN	-6.09873605879281	9.92708478492838e-06	DOWN
DOWN	A86485_dnf2_shared	medtr.A17.gnm5.ann1_6.MtrunA17Chr4g0033221	MtrunA17Chr4g0033221	MtNCR645	Nodule-specific Cysteine-Rich peptide	medtr.A17.gnm5.MtrunA17Chr4	+	33148283	33150881	-3.37233035787781	0.000126859581369851	DOWN	-6.09658542717493	5.73140426106663e-07	DOWN
DOWN	A86485_dnf2_shared	medtr.A17.gnm5.ann1_6.MtrunA17Chr3g0119061	MtrunA17Chr3g0119061			medtr.A17.gnm5.MtrunA17Chr3	-	39536350	39537304	-3.17093444913207	0.00273620164750349	DOWN	-6.08319714500587	6.40172093171794e-05	DOWN
DOWN	A86485_dnf2_shared	medtr.A17.gnm5.ann1_6.MtrunA17Chr3g0141601	MtrunA17Chr3g0141601			medtr.A17.gnm5.MtrunA17Chr3	+	55779098	55779962	-5.60980224690778	3.63615298137937e-05	DOWN	-6.08014232688578	4.12973473854558e-06	DOWN
DOWN	A86485_dnf2_shared	medtr.A17.gnm5.ann1_6.MtrunA17Chr4g0029771	MtrunA17Chr4g0029771	MtNCR313b	Nodule-specific Cysteine-Rich peptide	medtr.A17.gnm5.MtrunA17Chr4	+	30509483	30513747	-4.75218816918471	4.34309658439613e-05	DOWN	-6.0766766648032	1.84650909947916e-06	DOWN
DOWN	A86485_dnf2_shared	medtr.A17.gnm5.ann1_6.MtrunA17Chr3g0102941	MtrunA17Chr3g0102941			medtr.A17.gnm5.MtrunA17Chr3	+	27432648	27441261	-3.30556090028248	0.000236896698330688	DOWN	-6.0620515480207	7.06388382412981e-07	DOWN
DOWN	A86485_dnf2_shared	medtr.A17.gnm5.ann1_6.MtrunA17Chr3g0107781	MtrunA17Chr3g0107781	MtNCR-new19	Nodule-specific Cysteine-Rich peptide	medtr.A17.gnm5.MtrunA17Chr3	-	31283072	31283925	-3.9717374161265	0.000111089603201305	DOWN	-6.05441571932169	2.1469191264747e-06	DOWN
DOWN	A86485_dnf2_shared	medtr.A17.gnm5.ann1_6.MtrunA17Chr3g0140931	MtrunA17Chr3g0140931	MtMATE54	multidrug and toxic compound extrusion family	medtr.A17.gnm5.MtrunA17Chr3	+	55281103	55283748	-3.40126642186385	0.00131124071404943	DOWN	-6.05197213492508	1.20779854963071e-05	DOWN
DOWN	A86485_dnf2_shared	medtr.A17.gnm5.ann1_6.MtrunA17Chr4g0062941	MtrunA17Chr4g0062941			medtr.A17.gnm5.MtrunA17Chr4	+	54632563	54642936	-4.36575458656616	0.000236896698330688	DOWN	-6.02734705523954	1.88438562497955e-05	DOWN
DOWN	A86485_dnf2_shared	medtr.A17.gnm5.ann1_6.MtrunA17Chr8g0360901	MtrunA17Chr8g0360901			medtr.A17.gnm5.MtrunA17Chr8	+	25187995	25188688	-4.3501413946891	4.34309658439613e-05	DOWN	-5.95134674586069	1.16498679198843e-06	DOWN
DOWN	A86485_dnf2_shared	medtr.A17.gnm5.ann1_6.MtrunA17Chr4g0035281	MtrunA17Chr4g0035281			medtr.A17.gnm5.MtrunA17Chr4	+	34729915	34731070	-2.97385105151023	0.0222771130095398	DOWN	-5.88573357067707	0.000722812275068855	DOWN
DOWN	A86485_dnf2_shared	medtr.A17.gnm5.ann1_6.MtrunA17Chr3g0100451	MtrunA17Chr3g0100451			medtr.A17.gnm5.MtrunA17Chr3	-	25042342	25042857	-4.48717490476683	0.000236896698330688	DOWN	-5.87907205523305	2.36085258001846e-05	DOWN
DOWN	A86485_dnf2_shared	medtr.A17.gnm5.ann1_6.MtrunA17Chr8g0358351	MtrunA17Chr8g0358351	MtNCR504	Nodule-specific Cysteine-Rich peptide	medtr.A17.gnm5.MtrunA17Chr8	-	20529209	20531317	-3.29711929432197	0.000200166209715286	DOWN	-5.85874935022475	2.07186145804508e-06	DOWN
DOWN	A86485_dnf2_shared	medtr.A17.gnm5.ann1_6.MtrunA17Chr2g0314131	MtrunA17Chr2g0314131			medtr.A17.gnm5.MtrunA17Chr2	-	36698994	36700517	-4.71027736202306	5.87666422146185e-05	DOWN	-5.84569051771793	4.33675912149889e-06	DOWN
DOWN	A86485_dnf2_shared	medtr.A17.gnm5.ann1_6.MtrunA17Chr5g0440201	MtrunA17Chr5g0440201			medtr.A17.gnm5.MtrunA17Chr5	-	39021529	39024591	-7.53490965608038	0.00284401344709318	DOWN	-5.8271806994818	0.00279488102763816	DOWN
DOWN	A86485_dnf2_shared	medtr.A17.gnm5.ann1_6.MtrunA17Chr5g0420611	MtrunA17Chr5g0420611			medtr.A17.gnm5.MtrunA17Chr5	+	21088105	21091372	-4.1811819954343	0.000367369113039348	DOWN	-5.81135500582106	2.47347976083026e-05	DOWN
DOWN	A86485_dnf2_shared	medtr.A17.gnm5.ann1_6.MtrunA17Chr6g0476841	MtrunA17Chr6g0476841			medtr.A17.gnm5.MtrunA17Chr6	-	31621455	31623256	-3.9195653574243	0.000339511570285685	DOWN	-5.79973093848192	1.22455788632472e-05	DOWN
DOWN	A86485_dnf2_shared	medtr.A17.gnm5.ann1_6.MtrunA17Chr6g0452951	MtrunA17Chr6g0452951			medtr.A17.gnm5.MtrunA17Chr6	-	3237225	3238863	-6.15706766623346	4.34309658439613e-05	DOWN	-5.79919494562363	1.08743784531869e-05	DOWN
DOWN	A86485_dnf2_shared	medtr.A17.gnm5.ann1_6.MtrunA17Chr2g0293991	MtrunA17Chr2g0293991			medtr.A17.gnm5.MtrunA17Chr2	-	12816521	12817222	-5.42442037365285	0.000137167822932804	DOWN	-5.79801685147638	2.98679772869621e-05	DOWN
DOWN	A86485_dnf2_shared	medtr.A17.gnm5.ann1_6.MtrunA17Chr3g0102411	MtrunA17Chr3g0102411			medtr.A17.gnm5.MtrunA17Chr3	+	26938733	26941708	-3.68954936910269	0.000697161215827799	DOWN	-5.78340236005788	3.01442896259702e-05	DOWN
DOWN	A86485_dnf2_shared	medtr.A17.gnm5.ann1_6.MtrunA17Chr8g0387001	MtrunA17Chr8g0387001	MtCYP86A93	Cytochrome P450 monooxygenase	medtr.A17.gnm5.MtrunA17Chr8	-	45195743	45198103	-7.44882959263425	0.000262749196280503	DOWN	-5.74092762699832	0.000203985247891049	DOWN
DOWN	A86485_dnf2_shared	medtr.A17.gnm5.ann1_6.MtrunA17Chr7g0220261	MtrunA17Chr7g0220261	MtLAT52/POE_2	Late Anther Tomato52/Pollen Ole e 1 Allergen and Extensin	medtr.A17.gnm5.MtrunA17Chr7	+	5608794	5610389	-3.6446009416226	0.0226750017414475	DOWN	-5.73892232811075	0.00284608601187624	DOWN
DOWN	A86485_dnf2_shared	medtr.A17.gnm5.ann1_6.MtrunA17Chr3g0105251	MtrunA17Chr3g0105251			medtr.A17.gnm5.MtrunA17Chr3	+	29207273	29207840	-4.08524837586663	0.000339511570285685	DOWN	-5.69328140170806	2.36085258001846e-05	DOWN
DOWN	A86485_dnf2_shared	medtr.A17.gnm5.ann1_6.MtrunA17Chr6g0484741	MtrunA17Chr6g0484741	MtNCR191	Nodule-specific Cysteine-Rich peptide	medtr.A17.gnm5.MtrunA17Chr6	-	39262667	39264921	-3.80091087346504	0.000430626276341637	DOWN	-5.69075749156436	7.14032992209181e-06	DOWN
DOWN	A86485_dnf2_shared	medtr.A17.gnm5.ann1_6.MtrunA17Chr3g0083611	MtrunA17Chr3g0083611			medtr.A17.gnm5.MtrunA17Chr3	-	5213905	5214323	-3.37701665217326	0.0418714872656075	DOWN	-5.67503001002098	0.00439596196740187	DOWN
DOWN	A86485_dnf2_shared	medtr.A17.gnm5.ann1_6.MtrunA17Chr2g0314141	MtrunA17Chr2g0314141			medtr.A17.gnm5.MtrunA17Chr2	-	36700941	36701519	-4.24708068344104	0.00114689483614978	DOWN	-5.6686287618911	0.000141688967363657	DOWN
DOWN	A86485_dnf2_shared	medtr.A17.gnm5.ann1_6.MtrunA17Chr3g0085231	MtrunA17Chr3g0085231			medtr.A17.gnm5.MtrunA17Chr3	+	6589904	6592380	-3.08436130924696	0.00100772392871688	DOWN	-5.59300677913268	5.09283293312004e-06	DOWN
DOWN	A86485_dnf2_shared	medtr.A17.gnm5.ann1_6.MtrunA17Chr3g0108581	MtrunA17Chr3g0108581	MtNCR023	Nodule-specific Cysteine-Rich peptide	medtr.A17.gnm5.MtrunA17Chr3	-	31871087	31872184	-4.23657381731958	0.000493576149488689	DOWN	-5.57380011020974	2.48061943951521e-05	DOWN
DOWN	A86485_dnf2_shared	medtr.A17.gnm5.ann1_6.MtrunA17Chr1g0179961	MtrunA17Chr1g0179961			medtr.A17.gnm5.MtrunA17Chr1	+	31178498	31180288	-7.00158899759716	5.44705982779864e-05	DOWN	-5.54292738824206	2.98679772869621e-05	DOWN
DOWN	A86485_dnf2_shared	medtr.A17.gnm5.ann1_6.MtrunA17Chr7g0228671	MtrunA17Chr7g0228671	MtNCR348	Nodule-specific Cysteine-Rich peptide	medtr.A17.gnm5.MtrunA17Chr7	-	14123422	14124105	-3.24119205367892	0.000429046137861387	DOWN	-5.52385734084601	1.92547004072259e-06	DOWN
DOWN	A86485_dnf2_shared	medtr.A17.gnm5.ann1_6.MtrunA17Chr3g0140941	MtrunA17Chr3g0140941			medtr.A17.gnm5.MtrunA17Chr3	-	55281158	55281496	-3.75938567095692	0.000607056056931714	DOWN	-5.49053406186122	3.56811279573741e-05	DOWN
DOWN	A86485_dnf2_shared	medtr.A17.gnm5.ann1_6.MtrunA17Chr1g0159351	MtrunA17Chr1g0159351			medtr.A17.gnm5.MtrunA17Chr1	-	10049150	10051354	-4.35673927902467	0.0026174762682562	DOWN	-5.44854405298934	0.000525060946690957	DOWN
DOWN	A86485_dnf2_shared	medtr.A17.gnm5.ann1_6.MtrunA17Chr1g0179231	MtrunA17Chr1g0179231			medtr.A17.gnm5.MtrunA17Chr1	-	30598189	30599735	-4.42309375629727	0.00286551577607742	DOWN	-5.44600959842475	0.000587345618738262	DOWN
DOWN	A86485_dnf2_shared	medtr.A17.gnm5.ann1_6.MtrunA17Chr1g0184441	MtrunA17Chr1g0184441			medtr.A17.gnm5.MtrunA17Chr1	-	35024249	35028545	-4.81017331714126	0.000796472795305947	DOWN	-5.4434089712803	0.000170822916638297	DOWN
DOWN	A86485_dnf2_shared	medtr.A17.gnm5.ann1_6.MtrunA17Chr6g0487721	MtrunA17Chr6g0487721	MtNCR172	Nodule-specific Cysteine-Rich peptide	medtr.A17.gnm5.MtrunA17Chr6	+	41969388	41972737	-4.75968116389916	6.94221861686694e-05	DOWN	-5.43788085136172	7.81593448815732e-06	DOWN
DOWN	A86485_dnf2_shared	medtr.A17.gnm5.ann1_6.MtrunA17Chr4g0059731	MtrunA17Chr4g0059731			medtr.A17.gnm5.MtrunA17Chr4	+	52295562	52297334	-5.25209898137698	7.06869802549605e-05	DOWN	-5.42821795015574	1.5548591168599e-05	DOWN
DOWN	A86485_dnf2_shared	medtr.A17.gnm5.ann1_6.MtrunA17Chr3g0132221	MtrunA17Chr3g0132221			medtr.A17.gnm5.MtrunA17Chr3	+	48934068	48935045	-3.36867090392457	0.00112412870519389	DOWN	-5.39078419697096	3.33719836647447e-05	DOWN
DOWN	A86485_dnf2_shared	medtr.A17.gnm5.ann1_6.MtrunA17Chr5g0409431	MtrunA17Chr5g0409431			medtr.A17.gnm5.MtrunA17Chr5	-	11205705	11207676	-4.93040768714486	2.83034783938374e-05	DOWN	-5.38934460190152	2.51317627897906e-06	DOWN
DOWN	A86485_dnf2_shared	medtr.A17.gnm5.ann1_6.MtrunA17Chr3g0108501	MtrunA17Chr3g0108501	MtNCR-new20	Nodule-specific Cysteine-Rich peptide	medtr.A17.gnm5.MtrunA17Chr3	+	31834707	31837529	-3.89658443952418	3.63615298137937e-05	DOWN	-5.37874431803673	3.4786379435748e-07	DOWN
DOWN	A86485_dnf2_shared	medtr.A17.gnm5.ann1_6.MtrunA17Chr1g0191321	MtrunA17Chr1g0191321			medtr.A17.gnm5.MtrunA17Chr1	-	40432023	40432776	-3.83810784290444	0.000637723958737186	DOWN	-5.36822945653345	4.71157739217943e-05	DOWN
DOWN	A86485_dnf2_shared	medtr.A17.gnm5.ann1_6.MtrunA17Chr6g0477601	MtrunA17Chr6g0477601			medtr.A17.gnm5.MtrunA17Chr6	+	32357251	32358619	-2.86251481730985	0.0382938393460907	DOWN	-5.3584244883478	0.00147309879856993	DOWN
DOWN	A86485_dnf2_shared	medtr.A17.gnm5.ann1_6.MtrunA17Chr3g0097741	MtrunA17Chr3g0097741			medtr.A17.gnm5.MtrunA17Chr3	-	22415032	22421346	-4.65383447063149	0.00122071853694255	DOWN	-5.35433796437813	0.00033752924514271	DOWN
DOWN	A86485_dnf2_shared	medtr.A17.gnm5.ann1_6.MtrunA17Chr6g0475441	MtrunA17Chr6g0475441			medtr.A17.gnm5.MtrunA17Chr6	+	29691742	29694529	-2.36056087275992	0.0206885250210275	DOWN	-5.35319447212813	1.68161381097664e-05	DOWN
DOWN	A86485_dnf2_shared	medtr.A17.gnm5.ann1_6.MtrunA17Chr6g0450481	MtrunA17Chr6g0450481			medtr.A17.gnm5.MtrunA17Chr6	-	1189551	1190166	-3.78197404531618	0.0361234043588308	DOWN	-5.34195331833105	0.00751839594572216	DOWN
DOWN	A86485_dnf2_shared	medtr.A17.gnm5.ann1_6.MtrunA17Chr2g0309581	MtrunA17Chr2g0309581			medtr.A17.gnm5.MtrunA17Chr2	-	32283466	32285086	-4.4588976584176	7.06869802549605e-05	DOWN	-5.32228482658665	7.79439580237597e-06	DOWN
DOWN	A86485_dnf2_shared	medtr.A17.gnm5.ann1_6.MtrunA17Chr8g0365131	MtrunA17Chr8g0365131	MtNCR733	Nodule-specific Cysteine-Rich peptide	medtr.A17.gnm5.MtrunA17Chr8	+	29343482	29348542	-4.24801831664155	0.00024619695486869	DOWN	-5.30553571593402	2.01684669746705e-05	DOWN
DOWN	A86485_dnf2_shared	medtr.A17.gnm5.ann1_6.MtrunA17Chr4g0022231	MtrunA17Chr4g0022231			medtr.A17.gnm5.MtrunA17Chr4	+	21656947	21673004	-3.79947986741204	2.83034783938374e-05	DOWN	-5.28752483415593	3.01087263790099e-07	DOWN
DOWN	A86485_dnf2_shared	medtr.A17.gnm5.ann1_6.MtrunA17Chr2g0326881	MtrunA17Chr2g0326881			medtr.A17.gnm5.MtrunA17Chr2	-	46621734	46622501	-3.31933364313941	0.00735967082133518	DOWN	-5.27968283213377	0.000276953868798176	DOWN
DOWN	A86485_dnf2_shared	medtr.A17.gnm5.ann1_6.MtrunA17Chr3g0085221	MtrunA17Chr3g0085221			medtr.A17.gnm5.MtrunA17Chr3	+	6587720	6588359	-5.31777689266875	0.00802897111402493	DOWN	-5.26818370088428	0.00474226655408867	DOWN
DOWN	A86485_dnf2_shared	medtr.A17.gnm5.ann1_6.MtrunA17Chr2g0332581	MtrunA17Chr2g0332581			medtr.A17.gnm5.MtrunA17Chr2	+	50690658	50694664	-3.88925479586724	0.00181310855249902	DOWN	-5.24786445869703	0.000152145144566203	DOWN
DOWN	A86485_dnf2_shared	medtr.A17.gnm5.ann1_6.MtrunA17Chr8g0365151	MtrunA17Chr8g0365151	MtLP18	LEED..PEED family	medtr.A17.gnm5.MtrunA17Chr8	+	29349547	29350842	-3.54449237826459	0.000232231464866917	DOWN	-5.23865460817108	2.06801984600293e-06	DOWN
DOWN	A86485_dnf2_shared	medtr.A17.gnm5.ann1_6.MtrunA17Chr8g0358151	MtrunA17Chr8g0358151			medtr.A17.gnm5.MtrunA17Chr8	+	20185558	20186824	-3.6853505764321	0.0279671916624694	DOWN	-5.23063223456906	0.00504311376724984	DOWN
DOWN	A86485_dnf2_shared	medtr.A17.gnm5.ann1_6.MtrunA17Chr4g0035331	MtrunA17Chr4g0035331			medtr.A17.gnm5.MtrunA17Chr4	+	34754902	34755999	-6.92578987058652	0.00763301296022272	DOWN	-5.21806091398793	0.00844304676448515	DOWN
DOWN	A86485_dnf2_shared	medtr.A17.gnm5.ann1_6.MtrunA17Chr1g0205381	MtrunA17Chr1g0205381			medtr.A17.gnm5.MtrunA17Chr1	-	50607735	50610237	-5.25168326517495	0.0128212557454244	DOWN	-5.20050034329981	0.00783395405649289	DOWN
DOWN	A86485_dnf2_shared	medtr.A17.gnm5.ann1_6.MtrunA17Chr8g0361871	MtrunA17Chr8g0361871	MtNCR093	Nodule-specific Cysteine-Rich peptide	medtr.A17.gnm5.MtrunA17Chr8	+	26432253	26435959	-4.43413535419315	4.42521983259619e-05	DOWN	-5.1961353143633	3.16514282315572e-06	DOWN
DOWN	A86485_dnf2_shared	medtr.A17.gnm5.ann1_6.MtrunA17Chr1g0178591	MtrunA17Chr1g0178591			medtr.A17.gnm5.MtrunA17Chr1	-	30053848	30058240	-2.85550617003846	0.00460299548542403	DOWN	-5.18989245274671	8.46567519509264e-06	DOWN
DOWN	A86485_dnf2_shared	medtr.A17.gnm5.ann1_6.MtrunA17Chr4g0029831	MtrunA17Chr4g0029831	MtNCR062	Nodule-specific Cysteine-Rich peptide	medtr.A17.gnm5.MtrunA17Chr4	+	30531249	30536779	-3.84630275813658	0.000500008102006289	DOWN	-5.1843734238737	1.6984287948724e-05	DOWN
DOWN	A86485_dnf2_shared	medtr.A17.gnm5.ann1_6.MtrunA17Chr3g0083181	MtrunA17Chr3g0083181			medtr.A17.gnm5.MtrunA17Chr3	-	4843169	4844486	-2.06461662897629	0.0368073505094983	DOWN	-5.17653368687059	2.62410449879941e-05	DOWN
DOWN	A86485_dnf2_shared	medtr.A17.gnm5.ann1_6.MtrunA17Chr3g0084011	MtrunA17Chr3g0084011			medtr.A17.gnm5.MtrunA17Chr3	+	5564312	5565470	-5.22046663023363	0.00237766991483523	DOWN	-5.17104644748651	0.00129259696992306	DOWN
DOWN	A86485_dnf2_shared	medtr.A17.gnm5.ann1_6.MtrunA17Chr4g0059721	MtrunA17Chr4g0059721			medtr.A17.gnm5.MtrunA17Chr4	+	52291284	52293039	-3.92961538320076	8.7674085976628e-05	DOWN	-5.16669914460138	5.53467552094162e-06	DOWN
DOWN	A86485_dnf2_shared	medtr.A17.gnm5.ann1_6.MtrunA17Chr5g0424901	MtrunA17Chr5g0424901			medtr.A17.gnm5.MtrunA17Chr5	-	26957445	26959039	-4.24508843535366	5.00955145377782e-05	DOWN	-5.15249428417651	3.70498520925716e-06	DOWN
DOWN	A86485_dnf2_shared	medtr.A17.gnm5.ann1_6.MtrunA17Chr5g0431081	MtrunA17Chr5g0431081	MtNCR-new46	Nodule-specific Cysteine-Rich peptide	medtr.A17.gnm5.MtrunA17Chr5	+	32082843	32083976	-4.14757013192406	0.000563095591762449	DOWN	-5.15234904995671	3.91979720979737e-05	DOWN
DOWN	A86485_dnf2_shared	medtr.A17.gnm5.ann1_6.MtrunA17Chr4g0027891	MtrunA17Chr4g0027891			medtr.A17.gnm5.MtrunA17Chr4	+	28976195	28992670	-3.46807099708139	0.000210616358109809	DOWN	-5.1502511799856	1.84650909947916e-06	DOWN
DOWN	A86485_dnf2_shared	medtr.A17.gnm5.ann1_6.MtrunA17Chr5g0427361	MtrunA17Chr5g0427361			medtr.A17.gnm5.MtrunA17Chr5	-	29188029	29189117	-3.42562220587843	0.00106280002715931	DOWN	-5.14788154876052	2.98679772869621e-05	DOWN
DOWN	A86485_dnf2_shared	medtr.A17.gnm5.ann1_6.MtrunA17Chr3g0105311	MtrunA17Chr3g0105311			medtr.A17.gnm5.MtrunA17Chr3	-	29263770	29269751	-4.68989952603721	0.00105783134275268	DOWN	-5.14647472767056	0.000203495104368939	DOWN
DOWN	A86485_dnf2_shared	medtr.A17.gnm5.ann1_6.MtrunA17Chr7g0227061	MtrunA17Chr7g0227061			medtr.A17.gnm5.MtrunA17Chr7	+	12160857	12161787	-4.41400657262431	0.00102285426984977	DOWN	-5.14427866415489	0.000226269152004553	DOWN
DOWN	A86485_dnf2_shared	medtr.A17.gnm5.ann1_6.MtrunA17Chr6g0477581	MtrunA17Chr6g0477581			medtr.A17.gnm5.MtrunA17Chr6	+	32351835	32356361	-3.63425233835732	0.000127490313205287	DOWN	-5.12952870533221	3.45267359120445e-06	DOWN
DOWN	A86485_dnf2_shared	medtr.A17.gnm5.ann1_6.MtrunA17Chr7g0242341	MtrunA17Chr7g0242341			medtr.A17.gnm5.MtrunA17Chr7	-	31815971	31817346	-3.21867690772984	0.00303918732700653	DOWN	-5.12379304137663	0.000113165724391812	DOWN
DOWN	A86485_dnf2_shared	medtr.A17.gnm5.ann1_6.MtrunA17Chr7g0224291	MtrunA17Chr7g0224291	MtNCR158	Nodule-specific Cysteine-Rich peptide	medtr.A17.gnm5.MtrunA17Chr7	-	9500360	9501660	-4.16987969380998	0.000364131559270822	DOWN	-5.09606458731264	2.21211351595072e-05	DOWN
DOWN	A86485_dnf2_shared	medtr.A17.gnm5.ann1_6.MtrunA17Chr8g0352881	MtrunA17Chr8g0352881			medtr.A17.gnm5.MtrunA17Chr8	+	14697756	14700172	-3.54393081445927	0.0304784032908027	DOWN	-5.07616647869351	0.00525855557052887	DOWN
DOWN	A86485_dnf2_shared	medtr.A17.gnm5.ann1_6.MtrunA17Chr1g0146141	MtrunA17Chr1g0146141			medtr.A17.gnm5.MtrunA17Chr1	+	67979	68350	-5.12692428397577	0.00660125300756719	DOWN	-5.07591437113798	0.00381827769243951	DOWN
DOWN	A86485_dnf2_shared	medtr.A17.gnm5.ann1_6.MtrunA17Chr2g0320851	MtrunA17Chr2g0320851			medtr.A17.gnm5.MtrunA17Chr2	+	42035659	42036728	-3.77095435569351	0.000228476711871421	DOWN	-5.06948097185034	1.0269546036524e-05	DOWN
DOWN	A86485_dnf2_shared	medtr.A17.gnm5.ann1_6.MtrunA17Chr6g0476851	MtrunA17Chr6g0476851			medtr.A17.gnm5.MtrunA17Chr6	+	31622042	31623536	-4.20160256154704	0.000241174065728135	DOWN	-5.06352236309456	2.72675292956593e-05	DOWN
DOWN	A86485_dnf2_shared	medtr.A17.gnm5.ann1_6.MtrunA17Chr4g0014031	MtrunA17Chr4g0014031			medtr.A17.gnm5.MtrunA17Chr4	+	11471190	11472036	-2.56554887834168	0.0232240323314808	DOWN	-5.06053761964319	0.000284066273829037	DOWN
DOWN	A86485_dnf2_shared	medtr.A17.gnm5.ann1_6.MtrunA17Chr7g0224321	MtrunA17Chr7g0224321	MtNCR287	Nodule-specific Cysteine-Rich peptide	medtr.A17.gnm5.MtrunA17Chr7	-	9538365	9539983	-4.11274505787401	0.000150277848033625	DOWN	-5.05156519378534	6.97543533855878e-06	DOWN
DOWN	A86485_dnf2_shared	medtr.A17.gnm5.ann1_6.MtrunA17Chr6g0475821	MtrunA17Chr6g0475821	MtNCR250	Nodule-specific Cysteine-Rich peptide	medtr.A17.gnm5.MtrunA17Chr6	+	30449400	30450120	-3.2633635600256	0.000416937282547071	DOWN	-5.02187549108383	3.4274350359378e-06	DOWN
DOWN	A86485_dnf2_shared	medtr.A17.gnm5.ann1_6.MtrunA17Chr4g0050981	MtrunA17Chr4g0050981			medtr.A17.gnm5.MtrunA17Chr4	-	45717451	45719665	-3.80471618603393	0.00036680349721247	DOWN	-5.01174605560731	3.01442896259702e-05	DOWN
DOWN	A86485_dnf2_shared	medtr.A17.gnm5.ann1_6.MtrunA17Chr1g0175391	MtrunA17Chr1g0175391			medtr.A17.gnm5.MtrunA17Chr1	-	26806306	26810075	-4.09334808525418	0.000378168487401568	DOWN	-5.0071071845406	4.46035994306783e-05	DOWN
DOWN	A86485_dnf2_shared	medtr.A17.gnm5.ann1_6.MtrunA17Chr3g0136211	MtrunA17Chr3g0136211			medtr.A17.gnm5.MtrunA17Chr3	-	51849093	51852903	-4.16993384958689	0.000109977965194202	DOWN	-4.99942194060247	7.81636032777804e-06	DOWN
DOWN	A86485_dnf2_shared	medtr.A17.gnm5.ann1_6.MtrunA17Chr5g0413231	MtrunA17Chr5g0413231			medtr.A17.gnm5.MtrunA17Chr5	-	14488632	14492072	-4.32616365955262	0.000952374095823037	DOWN	-4.99764571112504	0.000222057347201996	DOWN
DOWN	A86485_dnf2_shared	medtr.A17.gnm5.ann1_6.MtrunA17Chr3g0102031	MtrunA17Chr3g0102031	MtNCR-new17	Nodule-specific Cysteine-Rich peptide	medtr.A17.gnm5.MtrunA17Chr3	+	26511741	26515605	-4.44112933132348	0.000373554952003409	DOWN	-4.99605427810752	6.31368374731679e-05	DOWN
DOWN	A86485_dnf2_shared	medtr.A17.gnm5.ann1_6.MtrunA17Chr6g0462461	MtrunA17Chr6g0462461			medtr.A17.gnm5.MtrunA17Chr6	+	11496686	11498022	-3.49368057876232	0.00122608111774228	DOWN	-4.97284266412706	7.08624130338781e-05	DOWN
DOWN	A86485_dnf2_shared	medtr.A17.gnm5.ann1_6.MtrunA17Chr7g0240711	MtrunA17Chr7g0240711			medtr.A17.gnm5.MtrunA17Chr7	+	30422113	30430120	-2.2938318432824	0.00233601705230171	DOWN	-4.94085787226727	6.81713782626274e-07	DOWN
DOWN	A86485_dnf2_shared	medtr.A17.gnm5.ann1_6.MtrunA17Chr3g0129181	MtrunA17Chr3g0129181			medtr.A17.gnm5.MtrunA17Chr3	-	46745068	46745420	-3.20478681674843	0.00588390027842164	DOWN	-4.93420411409169	0.000262577969129368	DOWN
DOWN	A86485_dnf2_shared	medtr.A17.gnm5.ann1_6.MtrunA17Chr8g0349101	MtrunA17Chr8g0349101			medtr.A17.gnm5.MtrunA17Chr8	+	11665931	11666936	-5.64831789280237	0.000591664923677086	DOWN	-4.92648824336532	0.000571679301786681	DOWN
DOWN	A86485_dnf2_shared	medtr.A17.gnm5.ann1_6.MtrunA17Chr5g0409771	MtrunA17Chr5g0409771			medtr.A17.gnm5.MtrunA17Chr5	-	11472737	11475956	-3.00081456958418	0.00938166223314146	DOWN	-4.90677526790764	0.000212605853449703	DOWN
DOWN	A86485_dnf2_shared	medtr.A17.gnm5.ann1_6.MtrunA17Chr7g0214881	MtrunA17Chr7g0214881			medtr.A17.gnm5.MtrunA17Chr7	+	1099917	1102702	-3.37322782093018	0.000182343454423678	DOWN	-4.87944108105229	1.85602655796198e-06	DOWN
DOWN	A86485_dnf2_shared	medtr.A17.gnm5.ann1_6.MtrunA17Chr6g0485211	MtrunA17Chr6g0485211			medtr.A17.gnm5.MtrunA17Chr6	+	39730426	39731050	-3.99945945387353	0.00100529433694498	DOWN	-4.87163249084792	0.000143296901711854	DOWN
DOWN	A86485_dnf2_shared	medtr.A17.gnm5.ann1_6.MtrunA17Chr6g0475781	MtrunA17Chr6g0475781			medtr.A17.gnm5.MtrunA17Chr6	+	30386203	30387155	-3.63108357411002	0.00283056569098223	DOWN	-4.85517607965902	0.000330051169931301	DOWN
DOWN	A86485_dnf2_shared	medtr.A17.gnm5.ann1_6.MtrunA17Chr1g0200041	MtrunA17Chr1g0200041			medtr.A17.gnm5.MtrunA17Chr1	+	46679093	46680013	-3.07511451820532	0.0146290702986414	DOWN	-4.83641764195012	0.00074796989420513	DOWN
DOWN	A86485_dnf2_shared	medtr.A17.gnm5.ann1_6.MtrunA17Chr3g0102021	MtrunA17Chr3g0102021			medtr.A17.gnm5.MtrunA17Chr3	-	26506564	26514331	-4.39115179371115	0.00019759038020114	DOWN	-4.8212965226142	2.98679772869621e-05	DOWN
DOWN	A86485_dnf2_shared	medtr.A17.gnm5.ann1_6.MtrunA17Chr4g0022471	MtrunA17Chr4g0022471			medtr.A17.gnm5.MtrunA17Chr4	+	22177980	22181134	-2.78591922959802	0.00114689483614978	DOWN	-4.80615908450362	8.06645422613137e-06	DOWN
DOWN	A86485_dnf2_shared	medtr.A17.gnm5.ann1_6.MtrunA17Chr5g0425531	MtrunA17Chr5g0425531			medtr.A17.gnm5.MtrunA17Chr5	+	27508153	27513572	-4.36371799762864	0.0236743457168272	DOWN	-4.7953912057725	0.0107677870365911	DOWN
DOWN	A86485_dnf2_shared	medtr.A17.gnm5.ann1_6.MtrunA17Chr8g0353061	MtrunA17Chr8g0353061			medtr.A17.gnm5.MtrunA17Chr8	+	14822164	14823083	-5.38905598557259	0.00114689483614978	DOWN	-4.78952983857055	0.000909215910235078	DOWN
DOWN	A86485_dnf2_shared	medtr.A17.gnm5.ann1_6.MtrunA17Chr1g0169961	MtrunA17Chr1g0169961	MtHAC1	histone acetyltransferase 1	medtr.A17.gnm5.MtrunA17Chr1	+	18613574	18620343	-3.46602947506945	7.5362560180094e-05	DOWN	-4.78883937685619	1.18234773858568e-06	DOWN
DOWN	A86485_dnf2_shared	medtr.A17.gnm5.ann1_6.MtrunA17Chr1g0173211	MtrunA17Chr1g0173211			medtr.A17.gnm5.MtrunA17Chr1	+	22593089	22596073	-3.63625683057729	0.000912715223444332	DOWN	-4.77556252489997	5.56201101472736e-05	DOWN
DOWN	A86485_dnf2_shared	medtr.A17.gnm5.ann1_6.MtrunA17Chr1g0169721	MtrunA17Chr1g0169721	MtNCR531	Nodule-specific Cysteine-Rich peptide	medtr.A17.gnm5.MtrunA17Chr1	-	18359794	18360309	-3.78164690852832	0.000149725669519003	DOWN	-4.76638485373689	1.16471335217244e-05	DOWN
DOWN	A86485_dnf2_shared	medtr.A17.gnm5.ann1_6.MtrunA17Chr4g0062771	MtrunA17Chr4g0062771	MtBG44	beta-1,3-Glucanase 44	medtr.A17.gnm5.MtrunA17Chr4	+	54462654	54464801	-4.28465518565619	0.00596651340777888	DOWN	-4.7571699469153	0.00213059341252183	DOWN
DOWN	A86485_dnf2_shared	medtr.A17.gnm5.ann1_6.MtrunA17Chr6g0467111	MtrunA17Chr6g0467111	MtGLV1|MtRGF6	Golven/ Root Growth Factor|Root Meristem Growth Factor (peptide)	medtr.A17.gnm5.MtrunA17Chr6	+	16010870	16012170	-3.92962249393914	0.000139335520662884	DOWN	-4.75031190600292	1.13197692475599e-05	DOWN
DOWN	A86485_dnf2_shared	medtr.A17.gnm5.ann1_6.MtrunA17Chr1g0167571	MtrunA17Chr1g0167571			medtr.A17.gnm5.MtrunA17Chr1	+	16469871	16471340	-3.29478250021317	0.000344628191587868	DOWN	-4.72378066654096	8.94596800302475e-06	DOWN
DOWN	A86485_dnf2_shared	medtr.A17.gnm5.ann1_6.MtrunA17Chr7g0249141	MtrunA17Chr7g0249141	MtPIN9	PIN-FORMED auxin efflux carrier component	medtr.A17.gnm5.MtrunA17Chr7	+	37043339	37046168	-3.71869512188403	0.000298903406989911	DOWN	-4.71866379096763	1.46999515422328e-05	DOWN
DOWN	A86485_dnf2_shared	medtr.A17.gnm5.ann1_6.MtrunA17Chr3g0140921	MtrunA17Chr3g0140921			medtr.A17.gnm5.MtrunA17Chr3	-	55279312	55280445	-2.82388605913465	0.00236451772558475	DOWN	-4.70959250276274	2.61728210865403e-05	DOWN
DOWN	A86485_dnf2_shared	medtr.A17.gnm5.ann1_6.MtrunA17Chr4g0029891	MtrunA17Chr4g0029891			medtr.A17.gnm5.MtrunA17Chr4	-	30549856	30550997	-4.11427715931402	0.000374323794109244	DOWN	-4.69921906901164	7.08624130338781e-05	DOWN
DOWN	A86485_dnf2_shared	medtr.A17.gnm5.ann1_6.MtrunA17Chr3g0102061	MtrunA17Chr3g0102061			medtr.A17.gnm5.MtrunA17Chr3	+	26534838	26535539	-2.45894718886794	0.0218486421379894	DOWN	-4.68230362494173	0.000128263005253665	DOWN
DOWN	A86485_dnf2_shared	medtr.A17.gnm5.ann1_6.MtrunA17Chr7g0220631	MtrunA17Chr7g0220631			medtr.A17.gnm5.MtrunA17Chr7	-	6074601	6075489	-4.05034936889134	0.00148156365188364	DOWN	-4.66000236302309	0.000292081159243942	DOWN
DOWN	A86485_dnf2_shared	medtr.A17.gnm5.ann1_6.MtrunA17Chr3g0110511	MtrunA17Chr3g0110511			medtr.A17.gnm5.MtrunA17Chr3	+	33154164	33155447	-4.33710201708648	4.74200430192856e-05	DOWN	-4.64588647145123	6.83500074087697e-06	DOWN
DOWN	A86485_dnf2_shared	medtr.A17.gnm5.ann1_6.MtrunA17Chr5g0415771	MtrunA17Chr5g0415771	TRX	Thioredoxin	medtr.A17.gnm5.MtrunA17Chr5	-	16489060	16490497	-3.92275981950724	9.55529238007298e-05	DOWN	-4.64275271305267	6.73224518737439e-06	DOWN
DOWN	A86485_dnf2_shared	medtr.A17.gnm5.ann1_6.MtrunA17Chr7g0243591	MtrunA17Chr7g0243591			medtr.A17.gnm5.MtrunA17Chr7	-	32837755	32842039	-3.40200049880086	0.000328253236984277	DOWN	-4.63378137058187	1.19672652882432e-05	DOWN
DOWN	A86485_dnf2_shared	medtr.A17.gnm5.ann1_6.MtrunA17Chr1g0174711	MtrunA17Chr1g0174711			medtr.A17.gnm5.MtrunA17Chr1	+	25940409	25948056	-2.82450062333204	0.000339511570285685	DOWN	-4.62668850080165	2.3835748789439e-06	DOWN
DOWN	A86485_dnf2_shared	medtr.A17.gnm5.ann1_6.MtrunA17Chr3g0107861	MtrunA17Chr3g0107861			medtr.A17.gnm5.MtrunA17Chr3	-	31320858	31321314	-3.5284597716525	0.00802897111402493	DOWN	-4.62252061974883	0.00110883670060763	DOWN
DOWN	A86485_dnf2_shared	medtr.A17.gnm5.ann1_6.MtrunA17Chr3g0087951	MtrunA17Chr3g0087951	MtNCR245	Nodule-specific Cysteine-Rich peptide	medtr.A17.gnm5.MtrunA17Chr3	-	9490334	9491838	-2.78515405629405	0.000510135040722924	DOWN	-4.61934799888679	2.3835748789439e-06	DOWN
DOWN	A86485_dnf2_shared	medtr.A17.gnm5.ann1_6.MtrunA17Chr8g0347121	MtrunA17Chr8g0347121	MtCNGCIa	cyclic nucleotide-gated channel	medtr.A17.gnm5.MtrunA17Chr8	-	10093935	10099209	-2.70674843539081	0.0100615411334082	DOWN	-4.61780488309066	0.000181263375321929	DOWN
DOWN	A86485_dnf2_shared	medtr.A17.gnm5.ann1_6.MtrunA17Chr5g0431111	MtrunA17Chr5g0431111	MtNCR447	Nodule-specific Cysteine-Rich peptide	medtr.A17.gnm5.MtrunA17Chr5	+	32094023	32095076	-3.5415279404245	0.000218230268023369	DOWN	-4.60863215781647	5.42267036105914e-06	DOWN
DOWN	A86485_dnf2_shared	medtr.A17.gnm5.ann1_6.MtrunA17Chr7g0216301	MtrunA17Chr7g0216301			medtr.A17.gnm5.MtrunA17Chr7	-	2019854	2019969	-4.80808164155188	4.34309658439613e-05	DOWN	-4.59428148675392	1.06005613051641e-05	DOWN
DOWN	A86485_dnf2_shared	medtr.A17.gnm5.ann1_6.MtrunA17Chr2g0332651	MtrunA17Chr2g0332651			medtr.A17.gnm5.MtrunA17Chr2	-	50726335	50727010	-5.03678352965134	0.000236896698330688	DOWN	-4.57979372901123	0.000129436761193943	DOWN
DOWN	A86485_dnf2_shared	medtr.A17.gnm5.ann1_6.MtrunA17Chr4g0059121	MtrunA17Chr4g0059121			medtr.A17.gnm5.MtrunA17Chr4	-	51903838	51906439	-3.8028149541125	0.0182264323913334	DOWN	-4.57605425920554	0.00434034301293883	DOWN
DOWN	A86485_dnf2_shared	medtr.A17.gnm5.ann1_6.MtrunA17Chr4g0060721	MtrunA17Chr4g0060721	MtMYB006	Myeloblastosis (MYB) transcription factor 6	medtr.A17.gnm5.MtrunA17Chr4	+	53004076	53006522	-3.04227039713515	0.00164752052266932	DOWN	-4.57276393632726	5.99286579779228e-05	DOWN
DOWN	A86485_dnf2_shared	medtr.A17.gnm5.ann1_6.MtrunA17Chr4g0006321	MtrunA17Chr4g0006321			medtr.A17.gnm5.MtrunA17Chr4	+	5015880	5016642	-4.02242845519431	0.000429046137861387	DOWN	-4.57231438566829	6.40172093171794e-05	DOWN
DOWN	A86485_dnf2_shared	medtr.A17.gnm5.ann1_6.MtrunA17Chr1g0167581	MtrunA17Chr1g0167581			medtr.A17.gnm5.MtrunA17Chr1	-	16470432	16470994	-3.43456593609763	0.00105007229327946	DOWN	-4.55556989138214	7.08624130338781e-05	DOWN
DOWN	A86485_dnf2_shared	medtr.A17.gnm5.ann1_6.MtrunA17Chr7g0243321	MtrunA17Chr7g0243321	MtNCR021	Nodule-specific Cysteine-Rich peptide	medtr.A17.gnm5.MtrunA17Chr7	+	32608347	32609040	-4.18273882250593	0.0038892692258684	DOWN	-4.54894463911605	0.00106927502551693	DOWN
DOWN	A86485_dnf2_shared	medtr.A17.gnm5.ann1_6.MtrunA17Chr8g0358221	MtrunA17Chr8g0358221	MtNCR731	Nodule-specific Cysteine-Rich peptide	medtr.A17.gnm5.MtrunA17Chr8	-	20374223	20375608	-3.58287238843735	0.00262214195161865	DOWN	-4.54657829343594	0.000320610548330993	DOWN
DOWN	A86485_dnf2_shared	medtr.A17.gnm5.ann1_6.MtrunA17Chr8g0357521	MtrunA17Chr8g0357521			medtr.A17.gnm5.MtrunA17Chr8	-	19503646	19506996	-2.76361703823063	0.000103108335684527	DOWN	-4.54285924955693	3.20271139687923e-07	DOWN
DOWN	A86485_dnf2_shared	medtr.A17.gnm5.ann1_6.MtrunA17Chr5g0403831	MtrunA17Chr5g0403831	MtPMT3_1|MtPLT3.3	polyol/monosaccharide transporter	medtr.A17.gnm5.MtrunA17Chr5	+	7558361	7561276	-2.55970212935474	0.0231692655773876	DOWN	-4.54267702734485	7.73496023034009e-05	DOWN
DOWN	A86485_dnf2_shared	medtr.A17.gnm5.ann1_6.MtrunA17Chr1g0195391	MtrunA17Chr1g0195391			medtr.A17.gnm5.MtrunA17Chr1	-	43333324	43335051	-2.73275580657705	0.000236896698330688	DOWN	-4.53493223935223	5.70502956064162e-07	DOWN
DOWN	A86485_dnf2_shared	medtr.A17.gnm5.ann1_6.MtrunA17Chr8g0362111	MtrunA17Chr8g0362111			medtr.A17.gnm5.MtrunA17Chr8	-	26689801	26690116	-5.42481623714018	2.83034783938374e-05	DOWN	-4.53219804748759	1.04408695075934e-05	DOWN
DOWN	A86485_dnf2_shared	medtr.A17.gnm5.ann1_6.MtrunA17Chr4g0029871	MtrunA17Chr4g0029871			medtr.A17.gnm5.MtrunA17Chr4	+	30541378	30543690	-4.04842548414293	0.000237581020267896	DOWN	-4.53031419628907	4.80786711931319e-05	DOWN
DOWN	A86485_dnf2_shared	medtr.A17.gnm5.ann1_6.MtrunA17Chr4g0029981	MtrunA17Chr4g0029981			medtr.A17.gnm5.MtrunA17Chr4	+	30622296	30625961	-7.86116595056484	0.000228476711871421	DOWN	-4.52978530624443	0.000437712770876298	DOWN
DOWN	A86485_dnf2_shared	medtr.A17.gnm5.ann1_6.MtrunA17Chr7g0224911	MtrunA17Chr7g0224911	MtNCR699	Nodule-specific Cysteine-Rich peptide	medtr.A17.gnm5.MtrunA17Chr7	-	10214009	10217239	-3.93527283105097	5.91041429236344e-05	DOWN	-4.52888120058106	4.22397315895648e-06	DOWN
DOWN	A86485_dnf2_shared	medtr.A17.gnm5.ann1_6.MtrunA17Chr1g0174701	MtrunA17Chr1g0174701			medtr.A17.gnm5.MtrunA17Chr1	-	25940122	25949663	-2.94932351344197	0.000278829591324262	DOWN	-4.52663701039151	2.3835748789439e-06	DOWN
DOWN	A86485_dnf2_shared	medtr.A17.gnm5.ann1_6.MtrunA17Chr1g0174981	MtrunA17Chr1g0174981			medtr.A17.gnm5.MtrunA17Chr1	-	26298502	26299089	-4.05025649290195	0.000493576149488689	DOWN	-4.51832093688748	0.000114949389940013	DOWN
DOWN	A86485_dnf2_shared	medtr.A17.gnm5.ann1_6.MtrunA17Chr4g0020391	MtrunA17Chr4g0020391			medtr.A17.gnm5.MtrunA17Chr4	+	16374881	16376556	-2.91476179858533	0.000960629636270596	DOWN	-4.51026060573025	1.2537886008855e-05	DOWN
DOWN	A86485_dnf2_shared	medtr.A17.gnm5.ann1_6.MtrunA17Chr7g0244201	MtrunA17Chr7g0244201			medtr.A17.gnm5.MtrunA17Chr7	+	33369851	33372275	-1.97961989761167	0.0102424806667952	DOWN	-4.49560464844731	9.12220730254965e-07	DOWN
DOWN	A86485_dnf2_shared	medtr.A17.gnm5.ann1_6.MtrunA17Chr3g0101821	MtrunA17Chr3g0101821	MtCYP71D428	Cytochrome P450 monooxygenase	medtr.A17.gnm5.MtrunA17Chr3	-	26359389	26361255	-3.06827019961913	0.00627390786345011	DOWN	-4.48619144554904	0.000352937326763211	DOWN
DOWN	A86485_dnf2_shared	medtr.A17.gnm5.ann1_6.MtrunA17Chr7g0216291	MtrunA17Chr7g0216291			medtr.A17.gnm5.MtrunA17Chr7	-	2016699	2019024	-5.40541953913295	0.000111789959229016	DOWN	-4.48167787252465	0.000113165724391812	DOWN
DOWN	A86485_dnf2_shared	medtr.A17.gnm5.ann1_6.MtrunA17Chr8g0367861	MtrunA17Chr8g0367861	MtNCR463	Nodule-specific Cysteine-Rich peptide	medtr.A17.gnm5.MtrunA17Chr8	+	31451839	31453663	-3.8586444516424	5.87666422146185e-05	DOWN	-4.48043656724125	4.12973473854558e-06	DOWN
DOWN	A86485_dnf2_shared	medtr.A17.gnm5.ann1_6.MtrunA17Chr6g0484241	MtrunA17Chr6g0484241			medtr.A17.gnm5.MtrunA17Chr6	-	38766632	38782400	-3.20603196758547	8.34326133312914e-05	DOWN	-4.47801614087861	2.1469191264747e-06	DOWN
DOWN	A86485_dnf2_shared	medtr.A17.gnm5.ann1_6.MtrunA17Chr4g0020411	MtrunA17Chr4g0020411			medtr.A17.gnm5.MtrunA17Chr4	+	16376559	16380778	-3.27580083370095	0.000328253236984277	DOWN	-4.46464918313527	7.45229059082891e-06	DOWN
DOWN	A86485_dnf2_shared	medtr.A17.gnm5.ann1_6.MtrunA17Chr7g0239521	MtrunA17Chr7g0239521			medtr.A17.gnm5.MtrunA17Chr7	-	29560108	29561375	-5.015812179965	0.00233601705230171	DOWN	-4.46173523997228	0.00191825880154953	DOWN
DOWN	A86485_dnf2_shared	medtr.A17.gnm5.ann1_6.MtrunA17Chr4g0071501	MtrunA17Chr4g0071501			medtr.A17.gnm5.MtrunA17Chr4	+	60815439	60820112	-3.15039291707858	0.000237252492875079	DOWN	-4.45309488391328	5.3414760359047e-06	DOWN
DOWN	A86485_dnf2_shared	medtr.A17.gnm5.ann1_6.MtrunA17Chr2g0310001	MtrunA17Chr2g0310001			medtr.A17.gnm5.MtrunA17Chr2	+	32898989	32901030	-3.40756508122612	0.000273380741666227	DOWN	-4.4523929216288	6.75732264013787e-06	DOWN
DOWN	A86485_dnf2_shared	medtr.A17.gnm5.ann1_6.MtrunA17Chr3g0122201	MtrunA17Chr3g0122201	MtNCR193	Nodule-specific Cysteine-Rich peptide	medtr.A17.gnm5.MtrunA17Chr3	-	41806261	41807409	-3.69283816008065	0.000632383205717878	DOWN	-4.44097448927554	4.46035994306783e-05	DOWN
DOWN	A86485_dnf2_shared	medtr.A17.gnm5.ann1_6.MtrunA17Chr3g0081501	MtrunA17Chr3g0081501			medtr.A17.gnm5.MtrunA17Chr3	+	3441833	3444526	-3.26228757924573	0.00114689483614978	DOWN	-4.43681775342352	8.49918652746009e-05	DOWN
DOWN	A86485_dnf2_shared	medtr.A17.gnm5.ann1_6.MtrunA17Chr6g0475431	MtrunA17Chr6g0475431	MtNCR495	Nodule-specific Cysteine-Rich peptide	medtr.A17.gnm5.MtrunA17Chr6	-	29686257	29687477	-3.98792539727758	0.00290841687151774	DOWN	-4.43235226276694	0.000560297556156395	DOWN
DOWN	A86485_dnf2_shared	medtr.A17.gnm5.ann1_6.MtrunA17Chr4g0009331	MtrunA17Chr4g0009331			medtr.A17.gnm5.MtrunA17Chr4	+	7299766	7303512	-4.48685079001423	0.00940948355313624	DOWN	-4.42477536792734	0.0057779791713269	DOWN
DOWN	A86485_dnf2_shared	medtr.A17.gnm5.ann1_6.MtrunA17Chr4g0007871	MtrunA17Chr4g0007871			medtr.A17.gnm5.MtrunA17Chr4	+	6120404	6121105	-3.71824515615582	0.037212486008972	DOWN	-4.41717742124876	0.0134306634524011	DOWN
DOWN	A86485_dnf2_shared	medtr.A17.gnm5.ann1_6.MtrunA17Chr7g0243641	MtrunA17Chr7g0243641			medtr.A17.gnm5.MtrunA17Chr7	-	32886399	32888079	-4.77661362013701	4.74200430192856e-05	DOWN	-4.41369730232586	1.6602928942149e-05	DOWN
DOWN	A86485_dnf2_shared	medtr.A17.gnm5.ann1_6.MtrunA17Chr4g0024311	MtrunA17Chr4g0024311			medtr.A17.gnm5.MtrunA17Chr4	-	24944053	24944932	-3.36345904386281	0.00392187739062074	DOWN	-4.40877316826149	0.000422645175996335	DOWN
DOWN	A86485_dnf2_shared	medtr.A17.gnm5.ann1_6.MtrunA17Chr4g0027291	MtrunA17Chr4g0027291			medtr.A17.gnm5.MtrunA17Chr4	-	28362290	28363078	-3.36365746677934	0.00199898105726568	DOWN	-4.40521409306406	0.000194544800495723	DOWN
DOWN	A86485_dnf2_shared	medtr.A17.gnm5.ann1_6.MtrunA17Chr8g0358341	MtrunA17Chr8g0358341			medtr.A17.gnm5.MtrunA17Chr8	-	20522286	20522881	-4.8322154031713	0.00808743340888307	DOWN	-4.3977548382536	0.00643076118833339	DOWN
DOWN	A86485_dnf2_shared	medtr.A17.gnm5.ann1_6.MtrunA17Chr4g0007751	MtrunA17Chr4g0007751			medtr.A17.gnm5.MtrunA17Chr4	-	6059910	6060206	-4.75566265909529	0.000236896698330688	DOWN	-4.39534220617632	0.000126583747899024	DOWN
DOWN	A86485_dnf2_shared	medtr.A17.gnm5.ann1_6.MtrunA17Chr7g0233961	MtrunA17Chr7g0233961	MtNCR034	Nodule-specific Cysteine-Rich peptide	medtr.A17.gnm5.MtrunA17Chr7	-	24430975	24432960	-3.78945126771996	0.000109977965194202	DOWN	-4.39244265399059	8.06645422613137e-06	DOWN
DOWN	A86485_dnf2_shared	medtr.A17.gnm5.ann1_6.MtrunA17Chr3g0106331	MtrunA17Chr3g0106331	MtNCR133	Nodule-specific Cysteine-Rich peptide	medtr.A17.gnm5.MtrunA17Chr3	+	30128174	30129011	-3.61704432336416	0.000796472795305947	DOWN	-4.38941499883261	5.05452743911708e-05	DOWN
DOWN	A86485_dnf2_shared	medtr.A17.gnm5.ann1_6.MtrunA17Chr7g0243651	MtrunA17Chr7g0243651			medtr.A17.gnm5.MtrunA17Chr7	+	32887524	32887748	-3.64966837179661	0.000429046137861387	DOWN	-4.38524673282742	5.83586002709163e-05	DOWN
DOWN	A86485_dnf2_shared	medtr.A17.gnm5.ann1_6.MtrunA17Chr3g0110851	MtrunA17Chr3g0110851			medtr.A17.gnm5.MtrunA17Chr3	+	33283456	33284639	-2.78233717659409	0.00278132391760016	DOWN	-4.38236337931662	2.98679772869621e-05	DOWN
DOWN	A86485_dnf2_shared	medtr.A17.gnm5.ann1_6.MtrunA17Chr8g0370911	MtrunA17Chr8g0370911			medtr.A17.gnm5.MtrunA17Chr8	-	33969684	33972523	-2.73629540972873	0.00339991390900951	DOWN	-4.37813557000825	3.19498091163718e-05	DOWN
DOWN	A86485_dnf2_shared	medtr.A17.gnm5.ann1_6.MtrunA17Chr7g0226371	MtrunA17Chr7g0226371			medtr.A17.gnm5.MtrunA17Chr7	-	11470244	11472701	-3.80700910577494	0.000510135040722924	DOWN	-4.37423557514441	6.42983422165387e-05	DOWN
DOWN	A86485_dnf2_shared	medtr.A17.gnm5.ann1_6.MtrunA17Chr3g0107821	MtrunA17Chr3g0107821			medtr.A17.gnm5.MtrunA17Chr3	-	31294969	31296780	-3.42167140274642	0.000654976664309425	DOWN	-4.34475338228293	3.21879644667972e-05	DOWN
DOWN	A86485_dnf2_shared	medtr.A17.gnm5.ann1_6.MtrunA17Chr4g0058581	MtrunA17Chr4g0058581			medtr.A17.gnm5.MtrunA17Chr4	+	51508710	51511172	-4.06975943851364	0.003569305573623	DOWN	-4.34319715832413	0.00140809807375542	DOWN
DOWN	A86485_dnf2_shared	medtr.A17.gnm5.ann1_6.MtrunA17Chr2g0299041	MtrunA17Chr2g0299041			medtr.A17.gnm5.MtrunA17Chr2	-	16980376	16986960	-4.39499813861571	0.00188289413264958	DOWN	-4.32651250832573	0.00100688374472796	DOWN
DOWN	A86485_dnf2_shared	medtr.A17.gnm5.ann1_6.MtrunA17Chr6g0453961	MtrunA17Chr6g0453961			medtr.A17.gnm5.MtrunA17Chr6	+	4199179	4206035	-4.66254815188191	7.6108884012735e-05	DOWN	-4.31415019796291	3.16870003175687e-05	DOWN
DOWN	A86485_dnf2_shared	medtr.A17.gnm5.ann1_6.MtrunA17Chr3g0136201	MtrunA17Chr3g0136201			medtr.A17.gnm5.MtrunA17Chr3	+	51847718	51849314	-3.98209149980722	0.000736157647218896	DOWN	-4.30627420041815	0.000207300480874863	DOWN
DOWN	A86485_dnf2_shared	medtr.A17.gnm5.ann1_6.MtrunA17Chr6g0477591	MtrunA17Chr6g0477591			medtr.A17.gnm5.MtrunA17Chr6	+	32356363	32357249	-3.72741386633875	0.00582744805243709	DOWN	-4.28243542017127	0.00160878569795269	DOWN
DOWN	A86485_dnf2_shared	medtr.A17.gnm5.ann1_6.MtrunA17Chr8g0361861	MtrunA17Chr8g0361861	MtNCR093	Nodule-specific Cysteine-Rich peptide	medtr.A17.gnm5.MtrunA17Chr8	+	26431104	26432071	-3.16714477698975	0.000525088187537876	DOWN	-4.28072288222694	1.21834196762136e-05	DOWN
DOWN	A86485_dnf2_shared	medtr.A17.gnm5.ann1_6.MtrunA17Chr6g0462831	MtrunA17Chr6g0462831			medtr.A17.gnm5.MtrunA17Chr6	+	11867545	11869445	-3.80707814203457	0.00657678332972863	DOWN	-4.28008620151228	0.00206575412544695	DOWN
DOWN	A86485_dnf2_shared	medtr.A17.gnm5.ann1_6.MtrunA17Chr2g0307791	MtrunA17Chr2g0307791			medtr.A17.gnm5.MtrunA17Chr2	-	30267580	30270498	-3.23836113760042	0.000354290416750167	DOWN	-4.27381344533624	2.11106362748123e-05	DOWN
DOWN	A86485_dnf2_shared	medtr.A17.gnm5.ann1_6.MtrunA17Chr2g0314111	MtrunA17Chr2g0314111			medtr.A17.gnm5.MtrunA17Chr2	-	36696392	36697908	-4.31897287826808	0.00151938785980081	DOWN	-4.25427977942563	0.000814062804311322	DOWN
DOWN	A86485_dnf2_shared	medtr.A17.gnm5.ann1_6.MtrunA17Chr5g0418171	MtrunA17Chr5g0418171			medtr.A17.gnm5.MtrunA17Chr5	+	18791547	18797097	-4.24777123253433	0.000604625947135371	DOWN	-4.2530356655794	0.000227467060999031	DOWN
DOWN	A86485_dnf2_shared	medtr.A17.gnm5.ann1_6.MtrunA17Chr4g0007261	MtrunA17Chr4g0007261			medtr.A17.gnm5.MtrunA17Chr4	+	5738481	5742448	-3.6555077993549	4.42521983259619e-05	DOWN	-4.24499979600225	2.3835748789439e-06	DOWN
DOWN	A86485_dnf2_shared	medtr.A17.gnm5.ann1_6.MtrunA17Chr4g0027601	MtrunA17Chr4g0027601			medtr.A17.gnm5.MtrunA17Chr4	+	28672848	28673960	-3.71579142031761	0.000500351852917166	DOWN	-4.24318493857367	5.56635074087595e-05	DOWN
DOWN	A86485_dnf2_shared	medtr.A17.gnm5.ann1_6.MtrunA17Chr5g0427351	MtrunA17Chr5g0427351	MtLb2|MtLb6|MtLb1	leghemoglobin2	medtr.A17.gnm5.MtrunA17Chr5	-	29183554	29186899	-3.24671913121928	0.00106295012168228	DOWN	-4.24011808190237	2.98679772869621e-05	DOWN
DOWN	A86485_dnf2_shared	medtr.A17.gnm5.ann1_6.MtrunA17Chr4g0029911	MtrunA17Chr4g0029911	MtNCR074	Nodule-specific Cysteine-Rich peptide	medtr.A17.gnm5.MtrunA17Chr4	-	30554184	30558529	-4.20013116397862	0.000339511570285685	DOWN	-4.23747926289102	0.000113165724391812	DOWN
DOWN	A86485_dnf2_shared	medtr.A17.gnm5.ann1_6.MtrunA17Chr4g0046021	MtrunA17Chr4g0046021	MtCLE42	CLAVATA3/EMBRYO-SURROUNDING REGION (CLE) family	medtr.A17.gnm5.MtrunA17Chr4	-	42522885	42523822	-4.53513383452021	0.000705870563189279	DOWN	-4.2311344071345	0.000447939647405362	DOWN
DOWN	A86485_dnf2_shared	medtr.A17.gnm5.ann1_6.MtrunA17Chr1g0204871	MtrunA17Chr1g0204871			medtr.A17.gnm5.MtrunA17Chr1	+	50279936	50280763	-3.12333685318346	0.003569305573623	DOWN	-4.23065523462998	0.000116365986010961	DOWN
DOWN	A86485_dnf2_shared	medtr.A17.gnm5.ann1_6.MtrunA17Chr6g0475471	MtrunA17Chr6g0475471	MtNCR003	Nodule-specific Cysteine-Rich peptide	medtr.A17.gnm5.MtrunA17Chr6	+	29729589	29730805	-3.26664650203541	0.0021834621646087	DOWN	-4.22654847959517	8.29349875681735e-05	DOWN
DOWN	A86485_dnf2_shared	medtr.A17.gnm5.ann1_6.MtrunA17Chr3g0095311	MtrunA17Chr3g0095311	MtNCR-new16	Nodule-specific Cysteine-Rich peptide	medtr.A17.gnm5.MtrunA17Chr3	+	18685409	18687465	-3.78732816853471	0.000237252492875079	DOWN	-4.22507461723893	2.98679772869621e-05	DOWN
DOWN	A86485_dnf2_shared	medtr.A17.gnm5.ann1_6.MtrunA17Chr3g0126621	MtrunA17Chr3g0126621			medtr.A17.gnm5.MtrunA17Chr3	+	44926683	44928510	-3.48018381279002	0.0399414514275234	DOWN	-4.20148947516019	0.0124308069514925	DOWN
DOWN	A86485_dnf2_shared	medtr.A17.gnm5.ann1_6.MtrunA17Chr2g0329481	MtrunA17Chr2g0329481			medtr.A17.gnm5.MtrunA17Chr2	-	48491448	48507037	-4.26787531862033	0.000162351208379265	DOWN	-4.19728392676899	5.39241326762593e-05	DOWN
DOWN	A86485_dnf2_shared	medtr.A17.gnm5.ann1_6.MtrunA17Chr8g0365101	MtrunA17Chr8g0365101			medtr.A17.gnm5.MtrunA17Chr8	+	29320093	29323967	-3.08113125090784	0.00843321040387025	DOWN	-4.1898405660178	0.000489657404999153	DOWN
DOWN	A86485_dnf2_shared	medtr.A17.gnm5.ann1_6.MtrunA17Chr7g0216281	MtrunA17Chr7g0216281			medtr.A17.gnm5.MtrunA17Chr7	+	2016039	2021052	-4.46797331804905	4.65532009557695e-05	DOWN	-4.18942998655957	1.50832603870348e-05	DOWN
DOWN	A86485_dnf2_shared	medtr.A17.gnm5.ann1_6.MtrunA17Chr3g0087961	MtrunA17Chr3g0087961			medtr.A17.gnm5.MtrunA17Chr3	+	9492091	9493679	-3.5986167060755	0.00164752052266932	DOWN	-4.17000359261336	0.000341132008024123	DOWN
DOWN	A86485_dnf2_shared	medtr.A17.gnm5.ann1_6.MtrunA17Chr8g0360891	MtrunA17Chr8g0360891			medtr.A17.gnm5.MtrunA17Chr8	+	25184141	25185897	-2.33643099803438	0.000493576149488689	DOWN	-4.16986454030907	5.06883395012396e-07	DOWN
DOWN	A86485_dnf2_shared	medtr.A17.gnm5.ann1_6.MtrunA17Chr3g0082191	MtrunA17Chr3g0082191			medtr.A17.gnm5.MtrunA17Chr3	+	4057154	4057821	-2.64729845753009	0.0170576122197135	DOWN	-4.16860330891751	0.000555840895855214	DOWN
DOWN	A86485_dnf2_shared	medtr.A17.gnm5.ann1_6.MtrunA17Chr7g0261881	MtrunA17Chr7g0261881	MtNPF5.11	NRT1/ PTR FAMILY|nitrate transporter / peptide transporter	medtr.A17.gnm5.MtrunA17Chr7	-	46137822	46141352	-3.06651561991296	0.00540287399019581	DOWN	-4.16691287562676	0.000360557765411956	DOWN
DOWN	A86485_dnf2_shared	medtr.A17.gnm5.ann1_6.MtrunA17Chr8g0365181	MtrunA17Chr8g0365181			medtr.A17.gnm5.MtrunA17Chr8	+	29358356	29359289	-7.49201247956789	0.0029886080898985	DOWN	-4.16059577425763	0.00853797191829656	DOWN
DOWN	A86485_dnf2_shared	medtr.A17.gnm5.ann1_6.MtrunA17Chr4g0017341	MtrunA17Chr4g0017341	MtNCR197	Nodule-specific Cysteine-Rich peptide	medtr.A17.gnm5.MtrunA17Chr4	-	12860712	12863366	-3.81256690399908	0.000407748372481611	DOWN	-4.13954033746975	7.38390990722237e-05	DOWN
DOWN	A86485_dnf2_shared	medtr.A17.gnm5.ann1_6.MtrunA17Chr1g0204861	MtrunA17Chr1g0204861			medtr.A17.gnm5.MtrunA17Chr1	-	50277860	50280635	-2.74930116672483	0.00501462080252539	DOWN	-4.12721732815336	5.55028296414142e-05	DOWN
DOWN	A86485_dnf2_shared	medtr.A17.gnm5.ann1_6.MtrunA17Chr4g0024241	MtrunA17Chr4g0024241			medtr.A17.gnm5.MtrunA17Chr4	-	24825953	24826412	-3.32650924017533	0.0266861725091106	DOWN	-4.12480202616821	0.00648690695827908	DOWN
DOWN	A86485_dnf2_shared	medtr.A17.gnm5.ann1_6.MtrunA17Chr3g0125761	MtrunA17Chr3g0125761	MtPCY3|MtPLC1	Plantacyanin/Chemocyanin|plastocyanin-like domain 1	medtr.A17.gnm5.MtrunA17Chr3	-	44194841	44196394	-2.96813883994724	0.00625726805367758	DOWN	-4.1238223112453	0.000143296901711854	DOWN
DOWN	A86485_dnf2_shared	medtr.A17.gnm5.ann1_6.MtrunA17Chr8g0393271	MtrunA17Chr8g0393271			medtr.A17.gnm5.MtrunA17Chr8	-	49635301	49637461	-3.49658231104648	0.000309238888308572	DOWN	-4.10155665380754	2.50925241207306e-05	DOWN
DOWN	A86485_dnf2_shared	medtr.A17.gnm5.ann1_6.MtrunA17Chr2g0314121	MtrunA17Chr2g0314121	MtNCR561	Nodule-specific Cysteine-Rich peptide	medtr.A17.gnm5.MtrunA17Chr2	+	36697966	36703800	-3.66310325862473	0.000262749196280503	DOWN	-4.09960794661568	3.01442896259702e-05	DOWN
DOWN	A86485_dnf2_shared	medtr.A17.gnm5.ann1_6.MtrunA17Chr8g0367801	MtrunA17Chr8g0367801			medtr.A17.gnm5.MtrunA17Chr8	+	31424646	31425736	-2.30196288955495	0.00604706376928958	DOWN	-4.09660516469262	1.0269546036524e-05	DOWN
DOWN	A86485_dnf2_shared	medtr.A17.gnm5.ann1_6.MtrunA17Chr3g0100481	MtrunA17Chr3g0100481			medtr.A17.gnm5.MtrunA17Chr3	+	25053885	25055346	-5.03391758810574	0.000344628191587868	DOWN	-4.09569878077934	0.000411192212223188	DOWN
DOWN	A86485_dnf2_shared	medtr.A17.gnm5.ann1_6.MtrunA17Chr5g0430381	MtrunA17Chr5g0430381			medtr.A17.gnm5.MtrunA17Chr5	-	31599280	31605088	-3.99195689450564	0.000494601860505473	DOWN	-4.09110223959065	0.000145548010258011	DOWN
DOWN	A86485_dnf2_shared	medtr.A17.gnm5.ann1_6.MtrunA17Chr6g0465051	MtrunA17Chr6g0465051	MtNCR669	Nodule-specific Cysteine-Rich peptide	medtr.A17.gnm5.MtrunA17Chr6	+	14215306	14221967	-3.45275119454357	0.00516041220335893	DOWN	-4.08614077171749	0.000582173788826285	DOWN
DOWN	A86485_dnf2_shared	medtr.A17.gnm5.ann1_6.MtrunA17Chr4g0053201	MtrunA17Chr4g0053201			medtr.A17.gnm5.MtrunA17Chr4	-	47142892	47146090	-4.22522071137271	0.000222027267458401	DOWN	-4.07322137160488	8.80520468427062e-05	DOWN
DOWN	A86485_dnf2_shared	medtr.A17.gnm5.ann1_6.MtrunA17Chr1g0190131	MtrunA17Chr1g0190131			medtr.A17.gnm5.MtrunA17Chr1	-	39432591	39433998	-2.84864935293933	0.00026741274391551	DOWN	-4.07128656068201	2.3835748789439e-06	DOWN
DOWN	A86485_dnf2_shared	medtr.A17.gnm5.ann1_6.MtrunA17Chr1g0190141	MtrunA17Chr1g0190141			medtr.A17.gnm5.MtrunA17Chr1	+	39433295	39433846	-3.08999992665929	0.000242393733470489	DOWN	-4.05987008569092	5.63516029619842e-06	DOWN
DOWN	A86485_dnf2_shared	medtr.A17.gnm5.ann1_6.MtrunA17Chr7g0244111	MtrunA17Chr7g0244111			medtr.A17.gnm5.MtrunA17Chr7	-	33253579	33254163	-3.98159275450486	0.0034480190367404	DOWN	-4.0572488322481	0.00163662074277217	DOWN
DOWN	A86485_dnf2_shared	medtr.A17.gnm5.ann1_6.MtrunA17Chr4g0059381	MtrunA17Chr4g0059381			medtr.A17.gnm5.MtrunA17Chr4	+	52058575	52061122	-3.26484496999986	0.00788479005693166	DOWN	-4.05312700235206	0.00133868668892238	DOWN
DOWN	A86485_dnf2_shared	medtr.A17.gnm5.ann1_6.MtrunA17Chr3g0096241	MtrunA17Chr3g0096241			medtr.A17.gnm5.MtrunA17Chr3	+	20234719	20244162	-4.1172108806441	0.000731588687216787	DOWN	-4.05290592683942	0.000357784400995952	DOWN
DOWN	A86485_dnf2_shared	medtr.A17.gnm5.ann1_6.MtrunA17Chr1g0167841	MtrunA17Chr1g0167841			medtr.A17.gnm5.MtrunA17Chr1	-	16761581	16764199	-2.39615477086617	0.00164752052266932	DOWN	-4.0528411451062	4.9042389288282e-06	DOWN
DOWN	A86485_dnf2_shared	medtr.A17.gnm5.ann1_6.MtrunA17Chr4g0029761	MtrunA17Chr4g0029761			medtr.A17.gnm5.MtrunA17Chr4	+	30508519	30509249	-1.97220046631598	0.0454035671135141	DOWN	-4.04578638585859	6.40172093171794e-05	DOWN
DOWN	A86485_dnf2_shared	medtr.A17.gnm5.ann1_6.MtrunA17Chr4g0044851	MtrunA17Chr4g0044851	MtCYP707A107	Cytochrome P450 monooxygenase	medtr.A17.gnm5.MtrunA17Chr4	+	41657140	41660107	-3.57184275150121	0.0172733740870795	DOWN	-4.0437100099441	0.00574423682903633	DOWN
DOWN	A86485_dnf2_shared	medtr.A17.gnm5.ann1_6.MtrunA17Chr4g0020401	MtrunA17Chr4g0020401			medtr.A17.gnm5.MtrunA17Chr4	-	16375219	16378717	-3.38948527297509	0.000552480136000821	DOWN	-4.04159648783981	4.46035994306783e-05	DOWN
DOWN	A86485_dnf2_shared	medtr.A17.gnm5.ann1_6.MtrunA17Chr4g0029531	MtrunA17Chr4g0029531			medtr.A17.gnm5.MtrunA17Chr4	-	30302947	30304757	-2.57973196082524	0.00236624919508951	DOWN	-4.03878856493053	2.01684669746705e-05	DOWN
DOWN	A86485_dnf2_shared	medtr.A17.gnm5.ann1_6.MtrunA17Chr1g0146131	MtrunA17Chr1g0146131			medtr.A17.gnm5.MtrunA17Chr1	-	67701	68509	-7.00097008604754	0.000776910023123069	DOWN	-4.03742696707129	0.00234148459236118	DOWN
DOWN	A86485_dnf2_shared	medtr.A17.gnm5.ann1_6.MtrunA17Chr5g0428201	MtrunA17Chr5g0428201			medtr.A17.gnm5.MtrunA17Chr5	-	29821634	29824880	-3.77156979486404	0.000883007591418184	DOWN	-4.0350916292559	0.000208504090518961	DOWN
DOWN	A86485_dnf2_shared	medtr.A17.gnm5.ann1_6.MtrunA17Chr2g0330061	MtrunA17Chr2g0330061			medtr.A17.gnm5.MtrunA17Chr2	-	48930229	48935916	-2.73694022828925	0.00537680377057069	DOWN	-4.03389095726339	6.42983422165387e-05	DOWN
DOWN	A86485_dnf2_shared	medtr.A17.gnm5.ann1_6.MtrunA17Chr3g0080091	MtrunA17Chr3g0080091			medtr.A17.gnm5.MtrunA17Chr3	-	2375941	2376837	-3.50012721121068	0.00138320533125538	DOWN	-4.02752949538481	0.000263988855963427	DOWN
DOWN	A86485_dnf2_shared	medtr.A17.gnm5.ann1_6.MtrunA17Chr6g0487701	MtrunA17Chr6g0487701	MtNCR200	Nodule-specific Cysteine-Rich peptide	medtr.A17.gnm5.MtrunA17Chr6	+	41961906	41964161	-2.33256361661944	0.00267989017659565	DOWN	-4.02737864627458	3.68017540736284e-06	DOWN
DOWN	A86485_dnf2_shared	medtr.A17.gnm5.ann1_6.MtrunA17Chr1g0179251	MtrunA17Chr1g0179251			medtr.A17.gnm5.MtrunA17Chr1	-	30608385	30610790	-4.48345322508365	2.83034783938374e-05	DOWN	-4.02455048911599	6.3596211840229e-06	DOWN
DOWN	A86485_dnf2_shared	medtr.A17.gnm5.ann1_6.MtrunA17Chr5g0400371	MtrunA17Chr5g0400371	MtNPF7.9	NRT1/ PTR FAMILY|nitrate transporter / peptide transporter	medtr.A17.gnm5.MtrunA17Chr5	-	4712848	4718804	-3.76616148955254	5.87666422146185e-05	DOWN	-4.01964591451499	6.81480058886383e-06	DOWN
DOWN	A86485_dnf2_shared	medtr.A17.gnm5.ann1_6.MtrunA17Chr1g0173861	MtrunA17Chr1g0173861	MtNCR232	Nodule-specific Cysteine-Rich peptide	medtr.A17.gnm5.MtrunA17Chr1	+	24271620	24274433	-3.37209830359198	0.000391828865698095	DOWN	-4.01957929829369	2.50925241207306e-05	DOWN
DOWN	A86485_dnf2_shared	medtr.A17.gnm5.ann1_6.MtrunA17Chr5g0425241	MtrunA17Chr5g0425241	MtSULTR2.2	sulfate transporter	medtr.A17.gnm5.MtrunA17Chr5	-	27254997	27260835	-3.05192816526562	0.0020990040802339	DOWN	-4.01941463018084	7.08624130338781e-05	DOWN
DOWN	A86485_dnf2_shared	medtr.A17.gnm5.ann1_6.MtrunA17Chr4g0018161	MtrunA17Chr4g0018161	MtNCR078	Nodule-specific Cysteine-Rich peptide	medtr.A17.gnm5.MtrunA17Chr4	+	13349490	13351956	-3.17806122445441	0.00109713994501185	DOWN	-4.01571431219296	4.69949389005669e-05	DOWN
DOWN	A86485_dnf2_shared	medtr.A17.gnm5.ann1_6.MtrunA17Chr8g0355211	MtrunA17Chr8g0355211			medtr.A17.gnm5.MtrunA17Chr8	+	16757904	16759777	-3.29235014686702	0.000715371218381421	DOWN	-4.00769387162552	8.1736189526789e-05	DOWN
DOWN	A86485_dnf2_shared	medtr.A17.gnm5.ann1_6.MtrunA17Chr3g0129191	MtrunA17Chr3g0129191			medtr.A17.gnm5.MtrunA17Chr3	+	46745294	46746073	-2.59159350205542	0.0337546632572112	DOWN	-3.98512186095795	0.00160878569795269	DOWN
DOWN	A86485_dnf2_shared	medtr.A17.gnm5.ann1_6.MtrunA17Chr2g0279861	MtrunA17Chr2g0279861			medtr.A17.gnm5.MtrunA17Chr2	-	2156413	2161161	-2.11105011671727	0.0144037666787451	DOWN	-3.98204650288432	1.56757377847128e-05	DOWN
DOWN	A86485_dnf2_shared	medtr.A17.gnm5.ann1_6.MtrunA17Chr4g0005771	MtrunA17Chr4g0005771			medtr.A17.gnm5.MtrunA17Chr4	+	4491151	4492553	-2.56338299669019	0.00151185118558238	DOWN	-3.97832973343306	1.92420511873707e-05	DOWN
DOWN	A86485_dnf2_shared	medtr.A17.gnm5.ann1_6.MtrunA17Chr5g0430821	MtrunA17Chr5g0430821			medtr.A17.gnm5.MtrunA17Chr5	-	31906460	31907174	-4.39619538788317	0.000942911734409335	DOWN	-3.966770779795	0.00075083097825254	DOWN
DOWN	A86485_dnf2_shared	medtr.A17.gnm5.ann1_6.MtrunA17Chr2g0299261	MtrunA17Chr2g0299261			medtr.A17.gnm5.MtrunA17Chr2	+	17217865	17219130	-3.37957003773563	0.000842758219519215	DOWN	-3.95966225367976	8.43025372600705e-05	DOWN
DOWN	A86485_dnf2_shared	medtr.A17.gnm5.ann1_6.MtrunA17Chr3g0089351	MtrunA17Chr3g0089351	MtCYP729A5	Cytochrome P450 monooxygenase	medtr.A17.gnm5.MtrunA17Chr3	+	10471392	10476455	-3.62595419708109	0.00304682386840926	DOWN	-3.95524358647323	0.000790088384469753	DOWN
DOWN	A86485_dnf2_shared	medtr.A17.gnm5.ann1_6.MtrunA17Chr2g0303441	MtrunA17Chr2g0303441	MtNCR112	Nodule-specific Cysteine-Rich peptide	medtr.A17.gnm5.MtrunA17Chr2	+	21170617	21182477	-3.33308532088053	0.000120460400380805	DOWN	-3.94613424797118	5.63516029619842e-06	DOWN
DOWN	A86485_dnf2_shared	medtr.A17.gnm5.ann1_6.MtrunA17Chr3g0103511	MtrunA17Chr3g0103511	MtNCR414	Nodule-specific Cysteine-Rich peptide	medtr.A17.gnm5.MtrunA17Chr3	+	27860385	27861144	-3.29053960247959	0.00274837587657158	DOWN	-3.94207337501946	0.000259280866470547	DOWN
DOWN	A86485_dnf2_shared	medtr.A17.gnm5.ann1_6.MtrunA17Chr5g0430891	MtrunA17Chr5g0430891			medtr.A17.gnm5.MtrunA17Chr5	-	31950925	31952160	-3.79589096031159	0.00175870868078416	DOWN	-3.93366018124242	0.000708686561061013	DOWN
DOWN	A86485_dnf2_shared	medtr.A17.gnm5.ann1_6.MtrunA17Chr3g0102931	MtrunA17Chr3g0102931			medtr.A17.gnm5.MtrunA17Chr3	-	27429678	27432357	-3.09698185868386	0.000169459444938458	DOWN	-3.9298309748307	6.3596211840229e-06	DOWN
DOWN	A86485_dnf2_shared	medtr.A17.gnm5.ann1_6.MtrunA17Chr7g0260561	MtrunA17Chr7g0260561	MtPDF4	Plant Defensin	medtr.A17.gnm5.MtrunA17Chr7	+	45338868	45339892	-3.43651509638386	0.00162840172764884	DOWN	-3.92938063469011	0.000224531243291767	DOWN
DOWN	A86485_dnf2_shared	medtr.A17.gnm5.ann1_6.MtrunA17Chr3g0112891	MtrunA17Chr3g0112891			medtr.A17.gnm5.MtrunA17Chr3	-	34774086	34775605	-4.44512718751736	0.00318652138248039	DOWN	-3.92932058533359	0.00290078028409434	DOWN
DOWN	A86485_dnf2_shared	medtr.A17.gnm5.ann1_6.MtrunA17Chr4g0047861	MtrunA17Chr4g0047861			medtr.A17.gnm5.MtrunA17Chr4	-	43729072	43734903	-3.51619155923924	0.00036680349721247	DOWN	-3.9265663757989	4.46035994306783e-05	DOWN
DOWN	A86485_dnf2_shared	medtr.A17.gnm5.ann1_6.MtrunA17Chr5g0412421	MtrunA17Chr5g0412421	MtNodGRP26	Nodule-specific Glycine-rich	medtr.A17.gnm5.MtrunA17Chr5	-	13850437	13851278	-3.4139306407476	0.000341298122936239	DOWN	-3.92638498062216	3.01442896259702e-05	DOWN
DOWN	A86485_dnf2_shared	medtr.A17.gnm5.ann1_6.MtrunA17Chr7g0261871	MtrunA17Chr7g0261871			medtr.A17.gnm5.MtrunA17Chr7	+	46137341	46139384	-2.96240026578463	0.000501755491352394	DOWN	-3.91463998371808	2.18914883896029e-05	DOWN
DOWN	A86485_dnf2_shared	medtr.A17.gnm5.ann1_6.MtrunA17Chr6g0487781	MtrunA17Chr6g0487781			medtr.A17.gnm5.MtrunA17Chr6	+	41981137	41984785	-3.01229584225276	0.000182343454423678	DOWN	-3.91237326053295	7.91113614173563e-06	DOWN
DOWN	A86485_dnf2_shared	medtr.A17.gnm5.ann1_6.MtrunA17Chr2g0300851	MtrunA17Chr2g0300851			medtr.A17.gnm5.MtrunA17Chr2	+	18614112	18618315	-2.25017346169117	0.00582744805243709	DOWN	-3.8986740856274	6.81480058886383e-06	DOWN
DOWN	A86485_dnf2_shared	medtr.A17.gnm5.ann1_6.MtrunA17Chr3g0126571	MtrunA17Chr3g0126571			medtr.A17.gnm5.MtrunA17Chr3	-	44874332	44876617	-4.39415474116755	0.00102725344605764	DOWN	-3.89626869793866	0.00086698998165241	DOWN
DOWN	A86485_dnf2_shared	medtr.A17.gnm5.ann1_6.MtrunA17Chr4g0007271	MtrunA17Chr4g0007271			medtr.A17.gnm5.MtrunA17Chr4	-	5739640	5741422	-3.02807482272294	0.000103089016757469	DOWN	-3.8942074187031	2.3835748789439e-06	DOWN
DOWN	A86485_dnf2_shared	medtr.A17.gnm5.ann1_6.MtrunA17Chr2g0309201	MtrunA17Chr2g0309201			medtr.A17.gnm5.MtrunA17Chr2	+	31965380	31972697	-3.64150660892707	0.000109977965194202	DOWN	-3.8934399642914	1.5050923712231e-05	DOWN
DOWN	A86485_dnf2_shared	medtr.A17.gnm5.ann1_6.MtrunA17Chr4g0024301	MtrunA17Chr4g0024301	MtNCR027	Nodule-specific Cysteine-Rich peptide	medtr.A17.gnm5.MtrunA17Chr4	-	24933402	24943038	-3.45531098778712	0.000640697268255319	DOWN	-3.89275108843368	7.81397666356531e-05	DOWN
DOWN	A86485_dnf2_shared	medtr.A17.gnm5.ann1_6.MtrunA17Chr7g0239571	MtrunA17Chr7g0239571			medtr.A17.gnm5.MtrunA17Chr7	+	29571382	29572263	-2.75474171847293	0.0158172471594506	DOWN	-3.89138889315633	0.00106403493055382	DOWN
DOWN	A86485_dnf2_shared	medtr.A17.gnm5.ann1_6.MtrunA17Chr4g0007251	MtrunA17Chr4g0007251			medtr.A17.gnm5.MtrunA17Chr4	-	5728155	5738112	-4.42641830833534	0.000190653677314451	DOWN	-3.88830569703044	0.000169774894008837	DOWN
DOWN	A86485_dnf2_shared	medtr.A17.gnm5.ann1_6.MtrunA17Chr7g0231391	MtrunA17Chr7g0231391			medtr.A17.gnm5.MtrunA17Chr7	+	20945250	20951177	-2.10540960654506	0.042937455105607	DOWN	-3.88688760613366	9.17273097576451e-05	DOWN
DOWN	A86485_dnf2_shared	medtr.A17.gnm5.ann1_6.MtrunA17Chr2g0324091	MtrunA17Chr2g0324091			medtr.A17.gnm5.MtrunA17Chr2	-	44413473	44414343	-4.48854257852822	0.00649130969791018	DOWN	-3.8867460460529	0.00648690695827908	DOWN
DOWN	A86485_dnf2_shared	medtr.A17.gnm5.ann1_6.MtrunA17Chr1g0207471	MtrunA17Chr1g0207471	MtLBD1	LOB-like transcription factor 1	medtr.A17.gnm5.MtrunA17Chr1	+	51964249	51965324	-3.05424369530109	0.0109103943578203	DOWN	-3.88550608127265	0.00125428613054593	DOWN
DOWN	A86485_dnf2_shared	medtr.A17.gnm5.ann1_6.MtrunA17Chr3g0099811	MtrunA17Chr3g0099811	MtNCR295	Nodule-specific Cysteine-Rich peptide	medtr.A17.gnm5.MtrunA17Chr3	+	24536763	24538293	-3.59917334333796	0.000120460400380805	DOWN	-3.88222030378635	1.49035593380664e-05	DOWN
DOWN	A86485_dnf2_shared	medtr.A17.gnm5.ann1_6.MtrunA17Chr3g0100471	MtrunA17Chr3g0100471	MtCAML4	calmodulin-like 4	medtr.A17.gnm5.MtrunA17Chr3	-	25051256	25053670	-3.29977699995094	0.000617605477378625	DOWN	-3.88114994773329	4.46035994306783e-05	DOWN
DOWN	A86485_dnf2_shared	medtr.A17.gnm5.ann1_6.MtrunA17Chr7g0244251	MtrunA17Chr7g0244251			medtr.A17.gnm5.MtrunA17Chr7	+	33443256	33444186	-3.29274113696865	0.00670780653993275	DOWN	-3.87708397326029	0.00109555436474795	DOWN
DOWN	A86485_dnf2_shared	medtr.A17.gnm5.ann1_6.MtrunA17Chr5g0428921	MtrunA17Chr5g0428921			medtr.A17.gnm5.MtrunA17Chr5	+	30470214	30471698	-3.08469316382817	0.00833911386597159	DOWN	-3.87435686972118	0.00123406560926411	DOWN
DOWN	A86485_dnf2_shared	medtr.A17.gnm5.ann1_6.MtrunA17Chr1g0195961	MtrunA17Chr1g0195961			medtr.A17.gnm5.MtrunA17Chr1	+	43675552	43676146	-2.77024190197259	0.0090199156110733	DOWN	-3.87103473118941	0.00053953857981576	DOWN
DOWN	A86485_dnf2_shared	medtr.A17.gnm5.ann1_6.MtrunA17Chr5g0426101	MtrunA17Chr5g0426101			medtr.A17.gnm5.MtrunA17Chr5	+	28050526	28051284	-3.48948470808095	0.0246775936140056	DOWN	-3.86720189667695	0.00947085052952938	DOWN
DOWN	A86485_dnf2_shared	medtr.A17.gnm5.ann1_6.MtrunA17Chr4g0033161	MtrunA17Chr4g0033161	MtNCR251	Nodule-specific Cysteine-Rich peptide	medtr.A17.gnm5.MtrunA17Chr4	+	33094372	33097734	-2.75961341180896	0.00135403969800034	DOWN	-3.86650129149364	1.85802531391049e-05	DOWN
DOWN	A86485_dnf2_shared	medtr.A17.gnm5.ann1_6.MtrunA17Chr5g0446351	MtrunA17Chr5g0446351	MtNCR330	Nodule-specific Cysteine-Rich peptide	medtr.A17.gnm5.MtrunA17Chr5	+	42971973	42972858	-3.28382708645161	0.00187094826470108	DOWN	-3.8503670121142	0.000224531243291767	DOWN
DOWN	A86485_dnf2_shared	medtr.A17.gnm5.ann1_6.MtrunA17Chr6g0476011	MtrunA17Chr6g0476011			medtr.A17.gnm5.MtrunA17Chr6	+	30676959	30689230	-2.68086398399695	0.0331615019864062	DOWN	-3.84331050747308	0.00269619291444711	DOWN
DOWN	A86485_dnf2_shared	medtr.A17.gnm5.ann1_6.MtrunA17Chr7g0243351	MtrunA17Chr7g0243351			medtr.A17.gnm5.MtrunA17Chr7	+	32622613	32625273	-3.91054403233845	0.00149069782635886	DOWN	-3.84129581824579	0.00078175243626213	DOWN
DOWN	A86485_dnf2_shared	medtr.A17.gnm5.ann1_6.MtrunA17Chr7g0224951	MtrunA17Chr7g0224951			medtr.A17.gnm5.MtrunA17Chr7	-	10223941	10225430	-3.18583505947676	0.000150277848033625	DOWN	-3.83477311620804	1.08743784531869e-05	DOWN
DOWN	A86485_dnf2_shared	medtr.A17.gnm5.ann1_6.MtrunA17Chr2g0309971	MtrunA17Chr2g0309971	MtNCR269	Nodule-specific Cysteine-Rich peptide	medtr.A17.gnm5.MtrunA17Chr2	+	32877231	32878535	-2.66092866247043	0.00166817471782092	DOWN	-3.82916238125376	1.65230654328891e-05	DOWN
DOWN	A86485_dnf2_shared	medtr.A17.gnm5.ann1_6.MtrunA17Chr8g0357531	MtrunA17Chr8g0357531			medtr.A17.gnm5.MtrunA17Chr8	-	19507204	19514486	-3.0717001002096	0.000278829591324262	DOWN	-3.82765620766936	9.89314287247472e-06	DOWN
DOWN	A86485_dnf2_shared	medtr.A17.gnm5.ann1_6.MtrunA17Chr4g0033231	MtrunA17Chr4g0033231			medtr.A17.gnm5.MtrunA17Chr4	-	33153607	33158536	-2.30628378988409	0.00127962754947651	DOWN	-3.8215623453481	4.00042987016262e-06	DOWN
DOWN	A86485_dnf2_shared	medtr.A17.gnm5.ann1_6.MtrunA17Chr3g0096251	MtrunA17Chr3g0096251			medtr.A17.gnm5.MtrunA17Chr3	-	20242307	20244035	-4.4216994962281	0.00441646482023614	DOWN	-3.81975073356147	0.00458782613679068	DOWN
DOWN	A86485_dnf2_shared	medtr.A17.gnm5.ann1_6.MtrunA17Chr6g0485111	MtrunA17Chr6g0485111			medtr.A17.gnm5.MtrunA17Chr6	-	39633039	39641663	-2.98475098560913	0.000344628191587868	DOWN	-3.81829158251477	9.97355236577886e-06	DOWN
DOWN	A86485_dnf2_shared	medtr.A17.gnm5.ann1_6.MtrunA17Chr1g0185051	MtrunA17Chr1g0185051			medtr.A17.gnm5.MtrunA17Chr1	-	35478480	35478850	-2.48368741802169	0.0439911437178025	DOWN	-3.81782536104897	0.00220015870911537	DOWN
DOWN	A86485_dnf2_shared	medtr.A17.gnm5.ann1_6.MtrunA17Chr3g0099831	MtrunA17Chr3g0099831	MtNCR302	Nodule-specific Cysteine-Rich peptide	medtr.A17.gnm5.MtrunA17Chr3	+	24539807	24541344	-3.45192120723408	0.000604625947135371	DOWN	-3.81551610014238	8.70656633274521e-05	DOWN
DOWN	A86485_dnf2_shared	medtr.A17.gnm5.ann1_6.MtrunA17Chr7g0220271	MtrunA17Chr7g0220271			medtr.A17.gnm5.MtrunA17Chr7	-	5608878	5609643	-4.62011012738168	0.0390591263736975	DOWN	-3.8107499517427	0.0442162200596483	DOWN
DOWN	A86485_dnf2_shared	medtr.A17.gnm5.ann1_6.MtrunA17Chr4g0029811	MtrunA17Chr4g0029811	MtNCR312	Nodule-specific Cysteine-Rich peptide	medtr.A17.gnm5.MtrunA17Chr4	-	30526717	30528810	-2.60012547713128	0.00350039269185036	DOWN	-3.80968643638916	4.34681733865057e-05	DOWN
DOWN	A86485_dnf2_shared	medtr.A17.gnm5.ann1_6.MtrunA17Chr3g0099511	MtrunA17Chr3g0099511			medtr.A17.gnm5.MtrunA17Chr3	-	24285646	24288564	-2.34136146415172	0.0100362586918123	DOWN	-3.80957837010896	4.77416730253989e-05	DOWN
DOWN	A86485_dnf2_shared	medtr.A17.gnm5.ann1_6.MtrunA17Chr3g0103501	MtrunA17Chr3g0103501			medtr.A17.gnm5.MtrunA17Chr3	-	27859075	27859993	-3.87408909221723	0.00188289413264958	DOWN	-3.80941261907426	0.00107395627694812	DOWN
DOWN	A86485_dnf2_shared	medtr.A17.gnm5.ann1_6.MtrunA17Chr2g0301811	MtrunA17Chr2g0301811			medtr.A17.gnm5.MtrunA17Chr2	-	19478374	19479472	-2.68474457539054	0.0198563525896064	DOWN	-3.80380223008734	0.00120579953332129	DOWN
DOWN	A86485_dnf2_shared	medtr.A17.gnm5.ann1_6.MtrunA17Chr3g0129791	MtrunA17Chr3g0129791			medtr.A17.gnm5.MtrunA17Chr3	+	47190196	47191286	-4.32060990338384	0.00495742939332696	DOWN	-3.79786539895745	0.00513169962247215	DOWN
DOWN	A86485_dnf2_shared	medtr.A17.gnm5.ann1_6.MtrunA17Chr5g0431121	MtrunA17Chr5g0431121			medtr.A17.gnm5.MtrunA17Chr5	+	32095079	32095892	-3.59813367984539	0.000563095591762449	DOWN	-3.79160793591199	0.000148976879905509	DOWN
DOWN	A86485_dnf2_shared	medtr.A17.gnm5.ann1_6.MtrunA17Chr6g0484251	MtrunA17Chr6g0484251	MtNCR130	Nodule-specific Cysteine-Rich peptide	medtr.A17.gnm5.MtrunA17Chr6	+	38782606	38783476	-3.50166036562161	0.000977869209904372	DOWN	-3.78955406698333	0.000201992453623883	DOWN
DOWN	A86485_dnf2_shared	medtr.A17.gnm5.ann1_6.MtrunA17Chr3g0112881	MtrunA17Chr3g0112881	MtNCR236	Nodule-specific Cysteine-Rich peptide	medtr.A17.gnm5.MtrunA17Chr3	+	34773058	34774076	-3.30927725891759	0.00256845444958546	DOWN	-3.78586089422346	0.00032019522069498	DOWN
DOWN	A86485_dnf2_shared	medtr.A17.gnm5.ann1_6.MtrunA17Chr3g0087971	MtrunA17Chr3g0087971	MtNCR241	Nodule-specific Cysteine-Rich peptide	medtr.A17.gnm5.MtrunA17Chr3	-	9509611	9510243	-3.27088587081502	0.000247523055798588	DOWN	-3.7788910646169	2.03389069435677e-05	DOWN
DOWN	A86485_dnf2_shared	medtr.A17.gnm5.ann1_6.MtrunA17Chr3g0083091	MtrunA17Chr3g0083091	MtNCR087	Nodule-specific Cysteine-Rich peptide	medtr.A17.gnm5.MtrunA17Chr3	-	4790226	4791820	-3.54211577733251	0.000174859299014605	DOWN	-3.77426097387518	2.50925241207306e-05	DOWN
DOWN	A86485_dnf2_shared	medtr.A17.gnm5.ann1_6.MtrunA17Chr5g0408701	MtrunA17Chr5g0408701			medtr.A17.gnm5.MtrunA17Chr5	+	10724965	10725324	-6.24893465910924	4.34309658439613e-05	DOWN	-3.76331148159614	0.000113411692994894	DOWN
DOWN	A86485_dnf2_shared	medtr.A17.gnm5.ann1_6.MtrunA17Chr7g0234021	MtrunA17Chr7g0234021			medtr.A17.gnm5.MtrunA17Chr7	+	24446784	24448972	-3.08411165278391	0.00090538953171663	DOWN	-3.76175261044592	9.35695140163561e-05	DOWN
DOWN	A86485_dnf2_shared	medtr.A17.gnm5.ann1_6.MtrunA17Chr1g0170571	MtrunA17Chr1g0170571			medtr.A17.gnm5.MtrunA17Chr1	-	19330268	19332890	-2.86159776470997	0.0157128640022928	DOWN	-3.76074333523591	0.00175342319949561	DOWN
DOWN	A86485_dnf2_shared	medtr.A17.gnm5.ann1_6.MtrunA17Chr6g0476551	MtrunA17Chr6g0476551	MtNCR149	Nodule-specific Cysteine-Rich peptide	medtr.A17.gnm5.MtrunA17Chr6	-	31370774	31371669	-3.67542710958223	0.00109320611176437	DOWN	-3.7576353313939	0.000392091003219135	DOWN
DOWN	A86485_dnf2_shared	medtr.A17.gnm5.ann1_6.MtrunA17Chr7g0251651	MtrunA17Chr7g0251651			medtr.A17.gnm5.MtrunA17Chr7	-	38813189	38814756	-2.60191683865693	0.00102725344605764	DOWN	-3.75455227028932	1.15579501667879e-05	DOWN
DOWN	A86485_dnf2_shared	medtr.A17.gnm5.ann1_6.MtrunA17Chr4g0026521	MtrunA17Chr4g0026521			medtr.A17.gnm5.MtrunA17Chr4	+	27377537	27381956	-3.25935492521984	0.000686762324093861	DOWN	-3.75361827458244	7.23209414261631e-05	DOWN
DOWN	A86485_dnf2_shared	medtr.A17.gnm5.ann1_6.MtrunA17Chr4g0021161	MtrunA17Chr4g0021161	MtNCR243	Nodule-specific Cysteine-Rich peptide	medtr.A17.gnm5.MtrunA17Chr4	-	18117340	18118924	-3.25010130654348	0.000788210775816635	DOWN	-3.74945700705925	7.54019337989912e-05	DOWN
DOWN	A86485_dnf2_shared	medtr.A17.gnm5.ann1_6.MtrunA17Chr2g0302881	MtrunA17Chr2g0302881			medtr.A17.gnm5.MtrunA17Chr2	-	20520121	20521748	-2.29074887113215	0.00813838608826789	DOWN	-3.74818315283866	6.34341517181629e-05	DOWN
DOWN	A86485_dnf2_shared	medtr.A17.gnm5.ann1_6.MtrunA17Chr8g0367831	MtrunA17Chr8g0367831			medtr.A17.gnm5.MtrunA17Chr8	-	31432442	31437289	-2.67402367263268	0.0287280151859412	DOWN	-3.74813919983857	0.00244858419743959	DOWN
DOWN	A86485_dnf2_shared	medtr.A17.gnm5.ann1_6.MtrunA17Chr2g0282231	MtrunA17Chr2g0282231			medtr.A17.gnm5.MtrunA17Chr2	+	3718410	3721614	-2.23445723130826	0.00190579297083044	DOWN	-3.7464264802306	6.3596211840229e-06	DOWN
DOWN	A86485_dnf2_shared	medtr.A17.gnm5.ann1_6.MtrunA17Chr3g0100461	MtrunA17Chr3g0100461	MtCAML6	calmodulin-like 6	medtr.A17.gnm5.MtrunA17Chr3	-	25045161	25047473	-3.29220050035623	0.00113387516243668	DOWN	-3.74464638243135	0.000132874422976601	DOWN
DOWN	A86485_dnf2_shared	medtr.A17.gnm5.ann1_6.MtrunA17Chr4g0021671	MtrunA17Chr4g0021671			medtr.A17.gnm5.MtrunA17Chr4	-	20287994	20288447	-4.17163585764556	0.0160964619955643	DOWN	-3.74183955639796	0.0143888446440829	DOWN
DOWN	A86485_dnf2_shared	medtr.A17.gnm5.ann1_6.MtrunA17Chr3g0091141	MtrunA17Chr3g0091141	MtCKX6	cytokinin oxydase 6	medtr.A17.gnm5.MtrunA17Chr3	-	12390190	12394564	-3.32181547954373	0.00981359450629711	DOWN	-3.74158825140238	0.00291972776001336	DOWN
DOWN	A86485_dnf2_shared	medtr.A17.gnm5.ann1_6.MtrunA17Chr2g0320841	MtrunA17Chr2g0320841			medtr.A17.gnm5.MtrunA17Chr2	-	42032863	42035579	-2.33542326291093	0.000225227484172694	DOWN	-3.73003599035102	3.30154534471566e-07	DOWN
DOWN	A86485_dnf2_shared	medtr.A17.gnm5.ann1_6.MtrunA17Chr4g0021691	MtrunA17Chr4g0021691			medtr.A17.gnm5.MtrunA17Chr4	-	20290596	20292663	-3.39703898222571	0.000184383946948284	DOWN	-3.72769721086224	2.98679772869621e-05	DOWN
DOWN	A86485_dnf2_shared	medtr.A17.gnm5.ann1_6.MtrunA17Chr7g0240331	MtrunA17Chr7g0240331	MtNCR351	Nodule-specific Cysteine-Rich peptide	medtr.A17.gnm5.MtrunA17Chr7	+	30172663	30175120	-4.75739383899546	8.7674085976628e-05	DOWN	-3.72635040329525	0.00012841577749923	DOWN
DOWN	A86485_dnf2_shared	medtr.A17.gnm5.ann1_6.MtrunA17Chr4g0051001	MtrunA17Chr4g0051001			medtr.A17.gnm5.MtrunA17Chr4	+	45719882	45723578	-3.46246748127251	0.00172706630878071	DOWN	-3.72389708894107	0.000382181144206504	DOWN
DOWN	A86485_dnf2_shared	medtr.A17.gnm5.ann1_6.MtrunA17Chr1g0159371	MtrunA17Chr1g0159371			medtr.A17.gnm5.MtrunA17Chr1	-	10052297	10053720	-3.28463786404675	0.00116614181799262	DOWN	-3.72085419845681	0.000239420757388296	DOWN
DOWN	A86485_dnf2_shared	medtr.A17.gnm5.ann1_6.MtrunA17Chr3g0112901	MtrunA17Chr3g0112901	MtNCR598	Nodule-specific Cysteine-Rich peptide	medtr.A17.gnm5.MtrunA17Chr3	+	34780342	34781218	-2.27196218771411	0.0120516256516753	DOWN	-3.70890051995579	4.83895855668413e-05	DOWN
DOWN	A86485_dnf2_shared	medtr.A17.gnm5.ann1_6.MtrunA17Chr5g0437961	MtrunA17Chr5g0437961			medtr.A17.gnm5.MtrunA17Chr5	+	37336144	37338982	-3.94499301391294	3.63615298137937e-05	DOWN	-3.70654501855414	8.06645422613137e-06	DOWN
DOWN	A86485_dnf2_shared	medtr.A17.gnm5.ann1_6.MtrunA17Chr7g0224301	MtrunA17Chr7g0224301	MtNCR162	Nodule-specific Cysteine-Rich peptide	medtr.A17.gnm5.MtrunA17Chr7	-	9518669	9520509	-3.47125129525008	0.000918093757834445	DOWN	-3.69702200760357	0.000193990566186835	DOWN
DOWN	A86485_dnf2_shared	medtr.A17.gnm5.ann1_6.MtrunA17Chr2g0303821	MtrunA17Chr2g0303821			medtr.A17.gnm5.MtrunA17Chr2	+	21591818	21593283	-2.38091728695062	0.00570061498978203	DOWN	-3.69288505105216	6.38141953972983e-05	DOWN
DOWN	A86485_dnf2_shared	medtr.A17.gnm5.ann1_6.MtrunA17Chr3g0106321	MtrunA17Chr3g0106321	MtNCR131	Nodule-specific Cysteine-Rich peptide	medtr.A17.gnm5.MtrunA17Chr3	+	30122261	30123408	-2.62938102624487	0.00475734593662876	DOWN	-3.69200195900999	8.13627162953871e-05	DOWN
DOWN	A86485_dnf2_shared	medtr.A17.gnm5.ann1_6.MtrunA17Chr6g0487871	MtrunA17Chr6g0487871	MtNCR200	Nodule-specific Cysteine-Rich peptide	medtr.A17.gnm5.MtrunA17Chr6	+	42009831	42011195	-2.36099719119506	0.00204330363392063	DOWN	-3.68906277365869	8.5737222268552e-06	DOWN
DOWN	A86485_dnf2_shared	medtr.A17.gnm5.ann1_6.MtrunA17Chr6g0467191	MtrunA17Chr6g0467191	MtNCR135	Nodule-specific Cysteine-Rich peptide	medtr.A17.gnm5.MtrunA17Chr6	+	16073433	16074898	-3.49033073953541	0.0014229349305749	DOWN	-3.68122186857348	0.000361595957062571	DOWN
DOWN	A86485_dnf2_shared	medtr.A17.gnm5.ann1_6.MtrunA17Chr5g0420691	MtrunA17Chr5g0420691	MtNCR652	Nodule-specific Cysteine-Rich peptide	medtr.A17.gnm5.MtrunA17Chr5	+	21124155	21126599	-2.81050748442701	0.000262749196280503	DOWN	-3.67528916895656	6.81480058886383e-06	DOWN
DOWN	A86485_dnf2_shared	medtr.A17.gnm5.ann1_6.MtrunA17Chr7g0226691	MtrunA17Chr7g0226691	MtNCR246b	Nodule-specific Cysteine-Rich peptide	medtr.A17.gnm5.MtrunA17Chr7	-	11860227	11862004	-2.93653582472056	0.000572092075136976	DOWN	-3.67149893768123	2.28620079671605e-05	DOWN
DOWN	A86485_dnf2_shared	medtr.A17.gnm5.ann1_6.MtrunA17Chr3g0083191	MtrunA17Chr3g0083191			medtr.A17.gnm5.MtrunA17Chr3	-	4845160	4846684	-3.49490027616025	0.0379089537710306	DOWN	-3.66715595435302	0.0195849049452114	DOWN
DOWN	A86485_dnf2_shared	medtr.A17.gnm5.ann1_6.MtrunA17Chr1g0192871	MtrunA17Chr1g0192871			medtr.A17.gnm5.MtrunA17Chr1	+	41420650	41421909	-2.35619513258708	0.00458860600125029	DOWN	-3.65998358631058	3.21879644667972e-05	DOWN
DOWN	A86485_dnf2_shared	medtr.A17.gnm5.ann1_6.MtrunA17Chr7g0271311	MtrunA17Chr7g0271311			medtr.A17.gnm5.MtrunA17Chr7	+	52770000	52770957	-3.72114031340312	0.0090199156110733	DOWN	-3.65432345086667	0.0056417183778384	DOWN
DOWN	A86485_dnf2_shared	medtr.A17.gnm5.ann1_6.MtrunA17Chr7g0257091	MtrunA17Chr7g0257091			medtr.A17.gnm5.MtrunA17Chr7	+	42742585	42744927	-3.03988349863291	0.000891288405558534	DOWN	-3.65224937416862	6.05112342572442e-05	DOWN
DOWN	A86485_dnf2_shared	medtr.A17.gnm5.ann1_6.MtrunA17Chr6g0485191	MtrunA17Chr6g0485191	MtSULTR3.5	sulfate transporter	medtr.A17.gnm5.MtrunA17Chr6	-	39718800	39726115	-2.80447954306457	0.00105029626639472	DOWN	-3.65207593493952	2.94833920449033e-05	DOWN
DOWN	A86485_dnf2_shared	medtr.A17.gnm5.ann1_6.MtrunA17Chr1g0175091	MtrunA17Chr1g0175091			medtr.A17.gnm5.MtrunA17Chr1	-	26491309	26495118	-2.52821699718865	0.00281523036367742	DOWN	-3.64601109379651	5.33480258949188e-05	DOWN
DOWN	A86485_dnf2_shared	medtr.A17.gnm5.ann1_6.MtrunA17Chr4g0003581	MtrunA17Chr4g0003581			medtr.A17.gnm5.MtrunA17Chr4	+	2717736	2719875	-3.31934472515669	4.34309658439613e-05	DOWN	-3.63048621870168	2.51317627897906e-06	DOWN
DOWN	A86485_dnf2_shared	medtr.A17.gnm5.ann1_6.MtrunA17Chr4g0071511	MtrunA17Chr4g0071511			medtr.A17.gnm5.MtrunA17Chr4	-	60819104	60819987	-2.24422002541494	0.00627602339323747	DOWN	-3.63013683510789	2.48429137753879e-05	DOWN
DOWN	A86485_dnf2_shared	medtr.A17.gnm5.ann1_6.MtrunA17Chr4g0029751	MtrunA17Chr4g0029751			medtr.A17.gnm5.MtrunA17Chr4	-	30508312	30509319	-1.9166091074323	0.0377724820662375	DOWN	-3.62911209992969	5.36537809425839e-05	DOWN
DOWN	A86485_dnf2_shared	medtr.A17.gnm5.ann1_6.MtrunA17Chr3g0112941	MtrunA17Chr3g0112941			medtr.A17.gnm5.MtrunA17Chr3	-	34784532	34785046	-3.04778893610039	0.0024305094557821	DOWN	-3.62798318048016	0.000360557765411956	DOWN
DOWN	A86485_dnf2_shared	medtr.A17.gnm5.ann1_6.MtrunA17Chr3g0094191	MtrunA17Chr3g0094191	MtNCR419	Nodule-specific Cysteine-Rich peptide	medtr.A17.gnm5.MtrunA17Chr3	+	16671494	16672855	-2.61377346656828	0.000605050400186496	DOWN	-3.62599497016514	8.02233544977582e-06	DOWN
DOWN	A86485_dnf2_shared	medtr.A17.gnm5.ann1_6.MtrunA17Chr7g0216431	MtrunA17Chr7g0216431	MtNCR144	Nodule-specific Cysteine-Rich peptide	medtr.A17.gnm5.MtrunA17Chr7	-	2113382	2113990	-3.20689595676943	0.00149069782635886	DOWN	-3.62128034295446	0.000219483115189229	DOWN
DOWN	A86485_dnf2_shared	medtr.A17.gnm5.ann1_6.MtrunA17Chr6g0474231	MtrunA17Chr6g0474231	MtNCR223	Nodule-specific Cysteine-Rich peptide	medtr.A17.gnm5.MtrunA17Chr6	-	27919246	27921649	-2.450204346633	0.00196007273730056	DOWN	-3.61869877933248	1.25376452862357e-05	DOWN
DOWN	A86485_dnf2_shared	medtr.A17.gnm5.ann1_6.MtrunA17Chr5g0446371	MtrunA17Chr5g0446371			medtr.A17.gnm5.MtrunA17Chr5	-	42976881	42979336	-2.31701640000617	0.00361865034761227	DOWN	-3.61807749717148	1.29961877071571e-05	DOWN
DOWN	A86485_dnf2_shared	medtr.A17.gnm5.ann1_6.MtrunA17Chr3g0085061	MtrunA17Chr3g0085061			medtr.A17.gnm5.MtrunA17Chr3	-	6410676	6412089	-3.99179004175928	0.000568105302195843	DOWN	-3.61780478153112	0.000429292542179146	DOWN
DOWN	A86485_dnf2_shared	medtr.A17.gnm5.ann1_6.MtrunA17Chr6g0488841	MtrunA17Chr6g0488841			medtr.A17.gnm5.MtrunA17Chr6	-	42762376	42764175	-3.76284854239656	0.000364131559270822	DOWN	-3.61765591423194	0.000189001529029071	DOWN
DOWN	A86485_dnf2_shared	medtr.A17.gnm5.ann1_6.MtrunA17Chr6g0474171	MtrunA17Chr6g0474171	MtNCR150	Nodule-specific Cysteine-Rich peptide	medtr.A17.gnm5.MtrunA17Chr6	+	27755558	27756977	-3.29407700211587	0.000568105302195843	DOWN	-3.61475184111085	8.24039770445029e-05	DOWN
DOWN	A86485_dnf2_shared	medtr.A17.gnm5.ann1_6.MtrunA17Chr5g0431771	MtrunA17Chr5g0431771	MtNCR146	Nodule-specific Cysteine-Rich peptide	medtr.A17.gnm5.MtrunA17Chr5	+	32584780	32585767	-2.57525259031803	0.0144037666787451	DOWN	-3.61252547472461	0.000377207411576795	DOWN
DOWN	A86485_dnf2_shared	medtr.A17.gnm5.ann1_6.MtrunA17Chr5g0408691	MtrunA17Chr5g0408691			medtr.A17.gnm5.MtrunA17Chr5	-	10722900	10725519	-3.3124877155047	0.000856630851086286	DOWN	-3.6119513571605	0.000194544800495723	DOWN
DOWN	A86485_dnf2_shared	medtr.A17.gnm5.ann1_6.MtrunA17Chr5g0408711	MtrunA17Chr5g0408711	MtNCR227	Nodule-specific Cysteine-Rich peptide	medtr.A17.gnm5.MtrunA17Chr5	+	10725854	10729039	-2.79176960822104	0.0014229349305749	DOWN	-3.60980436568429	4.72084194618943e-05	DOWN
DOWN	A86485_dnf2_shared	medtr.A17.gnm5.ann1_6.MtrunA17Chr4g0032671	MtrunA17Chr4g0032671			medtr.A17.gnm5.MtrunA17Chr4	-	32741506	32741902	-2.74866099936418	0.00688256647133674	DOWN	-3.60979126325954	0.000481573350266929	DOWN
DOWN	A86485_dnf2_shared	medtr.A17.gnm5.ann1_6.MtrunA17Chr1g0167671	MtrunA17Chr1g0167671			medtr.A17.gnm5.MtrunA17Chr1	+	16534014	16535776	-3.88507737619542	0.00333829094887611	DOWN	-3.60371873543957	0.00250371275950565	DOWN
DOWN	A86485_dnf2_shared	medtr.A17.gnm5.ann1_6.MtrunA17Chr6g0475711	MtrunA17Chr6g0475711	MtNCR001	Nodule-specific Cysteine-Rich peptide	medtr.A17.gnm5.MtrunA17Chr6	+	30192680	30194264	-2.89511718507156	0.00497909859004575	DOWN	-3.5931299330921	0.000312401491693599	DOWN
DOWN	A86485_dnf2_shared	medtr.A17.gnm5.ann1_6.MtrunA17Chr4g0073311	MtrunA17Chr4g0073311			medtr.A17.gnm5.MtrunA17Chr4	-	62255846	62260556	-3.60728781446759	0.0261284020686831	DOWN	-3.59234953367624	0.0157215747533334	DOWN
DOWN	A86485_dnf2_shared	medtr.A17.gnm5.ann1_6.MtrunA17Chr1g0172371	MtrunA17Chr1g0172371	MtNCR392	Nodule-specific Cysteine-Rich peptide	medtr.A17.gnm5.MtrunA17Chr1	-	21320109	21322163	-2.65898839934302	0.00949236435749946	DOWN	-3.5910695896368	0.000419705170644821	DOWN
DOWN	A86485_dnf2_shared	medtr.A17.gnm5.ann1_6.MtrunA17Chr2g0333641	MtrunA17Chr2g0333641			medtr.A17.gnm5.MtrunA17Chr2	+	51390086	51395734	-3.46165961932011	0.00166817471782092	DOWN	-3.58841081140906	0.000592512625483077	DOWN
DOWN	A86485_dnf2_shared	medtr.A17.gnm5.ann1_6.MtrunA17Chr3g0100441	MtrunA17Chr3g0100441			medtr.A17.gnm5.MtrunA17Chr3	+	25041277	25044992	-3.45444369335408	0.00233601705230171	DOWN	-3.58791175267621	0.000874302737749178	DOWN
DOWN	A86485_dnf2_shared	medtr.A17.gnm5.ann1_6.MtrunA17Chr1g0186891	MtrunA17Chr1g0186891	MtNCR587	Nodule-specific Cysteine-Rich peptide	medtr.A17.gnm5.MtrunA17Chr1	-	37103066	37103959	-3.81053333731823	0.000928165225994434	DOWN	-3.58358613451128	0.000627804186476604	DOWN
DOWN	A86485_dnf2_shared	medtr.A17.gnm5.ann1_6.MtrunA17Chr1g0173221	MtrunA17Chr1g0173221			medtr.A17.gnm5.MtrunA17Chr1	-	22593769	22593873	-4.50215037387101	0.00527704184454085	DOWN	-3.58217532729392	0.00783956351282742	DOWN
DOWN	A86485_dnf2_shared	medtr.A17.gnm5.ann1_6.MtrunA17Chr7g0214861	MtrunA17Chr7g0214861			medtr.A17.gnm5.MtrunA17Chr7	-	1098473	1099684	-2.77192385068375	0.00161672058258321	DOWN	-3.57851979758011	6.99999279420221e-05	DOWN
DOWN	A86485_dnf2_shared	medtr.A17.gnm5.ann1_6.MtrunA17Chr3g0083021	MtrunA17Chr3g0083021			medtr.A17.gnm5.MtrunA17Chr3	+	4725880	4727343	-3.40423722681347	0.0129393336824092	DOWN	-3.5766974234395	0.00571867961284788	DOWN
DOWN	A86485_dnf2_shared	medtr.A17.gnm5.ann1_6.MtrunA17Chr3g0107841	MtrunA17Chr3g0107841			medtr.A17.gnm5.MtrunA17Chr3	+	31304224	31304824	-4.19861961172896	0.00172922180991986	DOWN	-3.57198534172504	0.00199364644375363	DOWN
DOWN	A86485_dnf2_shared	medtr.A17.gnm5.ann1_6.MtrunA17Chr7g0231421	MtrunA17Chr7g0231421			medtr.A17.gnm5.MtrunA17Chr7	+	20954884	20956191	-1.87052603999738	0.00872697597259622	DOWN	-3.57071132949677	2.51317627897906e-06	DOWN
DOWN	A86485_dnf2_shared	medtr.A17.gnm5.ann1_6.MtrunA17Chr7g0255561	MtrunA17Chr7g0255561			medtr.A17.gnm5.MtrunA17Chr7	-	41465728	41468702	-3.05267865321079	0.00354152086048276	DOWN	-3.56609581713113	0.00045436972767298	DOWN
DOWN	A86485_dnf2_shared	medtr.A17.gnm5.ann1_6.MtrunA17Chr2g0302831	MtrunA17Chr2g0302831			medtr.A17.gnm5.MtrunA17Chr2	-	20505252	20506257	-3.37988597775079	0.000942911734409335	DOWN	-3.5608321792784	0.000274719128573941	DOWN
DOWN	A86485_dnf2_shared	medtr.A17.gnm5.ann1_6.MtrunA17Chr3g0083231	MtrunA17Chr3g0083231			medtr.A17.gnm5.MtrunA17Chr3	+	4866498	4868953	-2.65553993578991	0.0023247765452174	DOWN	-3.55658063895602	6.82481379661994e-05	DOWN
DOWN	A86485_dnf2_shared	medtr.A17.gnm5.ann1_6.MtrunA17Chr7g0224771	MtrunA17Chr7g0224771	MtNCR-new69	Nodule-specific Cysteine-Rich peptide	medtr.A17.gnm5.MtrunA17Chr7	-	10093639	10096637	-2.19237481778189	0.003569305573623	DOWN	-3.55631596476067	6.3596211840229e-06	DOWN
DOWN	A86485_dnf2_shared	medtr.A17.gnm5.ann1_6.MtrunA17Chr7g0233971	MtrunA17Chr7g0233971	MtNCR349	Nodule-specific Cysteine-Rich peptide	medtr.A17.gnm5.MtrunA17Chr7	+	24433611	24434665	-3.0876678935595	0.0443750303920457	DOWN	-3.55552185359471	0.0148109520111253	DOWN
DOWN	A86485_dnf2_shared	medtr.A17.gnm5.ann1_6.MtrunA17Chr3g0080081	MtrunA17Chr3g0080081			medtr.A17.gnm5.MtrunA17Chr3	+	2375316	2376300	-2.63701580256174	0.00635154613394281	DOWN	-3.5551587087781	0.000313633589860991	DOWN
DOWN	A86485_dnf2_shared	medtr.A17.gnm5.ann1_6.MtrunA17Chr3g0099021	MtrunA17Chr3g0099021	MtNCR370	Nodule-specific Cysteine-Rich peptide	medtr.A17.gnm5.MtrunA17Chr3	+	23828311	23829527	-3.39589899437705	0.000506011767526964	DOWN	-3.55102807455746	0.000125967966679609	DOWN
DOWN	A86485_dnf2_shared	medtr.A17.gnm5.ann1_6.MtrunA17Chr6g0450511	MtrunA17Chr6g0450511			medtr.A17.gnm5.MtrunA17Chr6	-	1196149	1197449	-2.86045674828657	0.000478137765886717	DOWN	-3.55005828880826	2.96245563773057e-05	DOWN
DOWN	A86485_dnf2_shared	medtr.A17.gnm5.ann1_6.MtrunA17Chr1g0178551	MtrunA17Chr1g0178551			medtr.A17.gnm5.MtrunA17Chr1	+	30037648	30038888	-2.20607390259944	0.0307334619728107	DOWN	-3.54948747858712	0.000259280866470547	DOWN
DOWN	A86485_dnf2_shared	medtr.A17.gnm5.ann1_6.MtrunA17Chr3g0113301	MtrunA17Chr3g0113301			medtr.A17.gnm5.MtrunA17Chr3	+	35024829	35025430	-5.22240833504327	0.0158668010666914	DOWN	-3.54930040358447	0.0318120656726644	DOWN
DOWN	A86485_dnf2_shared	medtr.A17.gnm5.ann1_6.MtrunA17Chr6g0464481	MtrunA17Chr6g0464481			medtr.A17.gnm5.MtrunA17Chr6	+	13674589	13675799	-2.35793467222961	0.0182264323913334	DOWN	-3.54868811575013	0.000430088921241513	DOWN
DOWN	A86485_dnf2_shared	medtr.A17.gnm5.ann1_6.MtrunA17Chr6g0477561	MtrunA17Chr6g0477561			medtr.A17.gnm5.MtrunA17Chr6	+	32342889	32351662	-2.81426219307338	0.00205608472592948	DOWN	-3.54188336059526	0.000164197735076158	DOWN
DOWN	A86485_dnf2_shared	medtr.A17.gnm5.ann1_6.MtrunA17Chr8g0372171	MtrunA17Chr8g0372171			medtr.A17.gnm5.MtrunA17Chr8	+	34726246	34733812	-2.05914155842688	0.0297128634834701	DOWN	-3.54123737754123	5.8043899653016e-05	DOWN
DOWN	A86485_dnf2_shared	medtr.A17.gnm5.ann1_6.MtrunA17Chr5g0446361	MtrunA17Chr5g0446361	MtNCR331	Nodule-specific Cysteine-Rich peptide	medtr.A17.gnm5.MtrunA17Chr5	+	42976873	42979349	-2.35453511128544	0.00911906351170052	DOWN	-3.5313357869694	7.7232001291971e-05	DOWN
DOWN	A86485_dnf2_shared	medtr.A17.gnm5.ann1_6.MtrunA17Chr2g0306441	MtrunA17Chr2g0306441			medtr.A17.gnm5.MtrunA17Chr2	+	27935209	27943809	-4.67542738848208	0.000236896698330688	DOWN	-3.52060088586567	0.000444994545052054	DOWN
DOWN	A86485_dnf2_shared	medtr.A17.gnm5.ann1_6.MtrunA17Chr1g0176531	MtrunA17Chr1g0176531	MtNCR198	Nodule-specific Cysteine-Rich peptide	medtr.A17.gnm5.MtrunA17Chr1	+	28095645	28099586	-2.81155136596856	0.00368114747388061	DOWN	-3.52032126828028	0.000212605853449703	DOWN
DOWN	A86485_dnf2_shared	medtr.A17.gnm5.ann1_6.MtrunA17Chr7g0256301	MtrunA17Chr7g0256301			medtr.A17.gnm5.MtrunA17Chr7	+	42142979	42146888	-3.58595924448757	0.00824413604866241	DOWN	-3.51995585980973	0.00526550312375257	DOWN
DOWN	A86485_dnf2_shared	medtr.A17.gnm5.ann1_6.MtrunA17Chr8g0348271	MtrunA17Chr8g0348271			medtr.A17.gnm5.MtrunA17Chr8	+	10947668	10948452	-3.8691227334076	0.00944997689773925	DOWN	-3.51351568875285	0.0086408485554789	DOWN
DOWN	A86485_dnf2_shared	medtr.A17.gnm5.ann1_6.MtrunA17Chr8g0362101	MtrunA17Chr8g0362101	MtNCR741	Nodule-specific Cysteine-Rich peptide	medtr.A17.gnm5.MtrunA17Chr8	+	26688107	26692128	-3.21678613065055	0.000262749196280503	DOWN	-3.51045096974135	3.80026826692721e-05	DOWN
DOWN	A86485_dnf2_shared	medtr.A17.gnm5.ann1_6.MtrunA17Chr6g0477571	MtrunA17Chr6g0477571			medtr.A17.gnm5.MtrunA17Chr6	-	32343572	32347472	-3.49497662426901	0.00112412870519389	DOWN	-3.50922503365363	0.000494301738667894	DOWN
DOWN	A86485_dnf2_shared	medtr.A17.gnm5.ann1_6.MtrunA17Chr7g0268591	MtrunA17Chr7g0268591			medtr.A17.gnm5.MtrunA17Chr7	+	50937618	50939278	-2.63264171214913	0.0265170018438418	DOWN	-3.50745935509372	0.00272882579002095	DOWN
DOWN	A86485_dnf2_shared	medtr.A17.gnm5.ann1_6.MtrunA17Chr1g0159361	MtrunA17Chr1g0159361	MtNCR524	Nodule-specific Cysteine-Rich peptide	medtr.A17.gnm5.MtrunA17Chr1	+	10051721	10052284	-2.71600657565672	0.00199898105726568	DOWN	-3.50539651106264	0.000105668508499795	DOWN
DOWN	A86485_dnf2_shared	medtr.A17.gnm5.ann1_6.MtrunA17Chr8g0349121	MtrunA17Chr8g0349121			medtr.A17.gnm5.MtrunA17Chr8	+	11674841	11677488	-3.81919299560185	0.0242090409459056	DOWN	-3.50161218850603	0.0215734038611243	DOWN
DOWN	A86485_dnf2_shared	medtr.A17.gnm5.ann1_6.MtrunA17Chr3g0080971	MtrunA17Chr3g0080971			medtr.A17.gnm5.MtrunA17Chr3	+	3039418	3040918	-2.82434845024295	0.000339511570285685	DOWN	-3.49941601874932	1.35342922962619e-05	DOWN
DOWN	A86485_dnf2_shared	medtr.A17.gnm5.ann1_6.MtrunA17Chr7g0268301	MtrunA17Chr7g0268301			medtr.A17.gnm5.MtrunA17Chr7	-	50737337	50739290	-2.67936800845415	0.0143901942906852	DOWN	-3.49814913685273	0.00130942749454054	DOWN
DOWN	A86485_dnf2_shared	medtr.A17.gnm5.ann1_6.MtrunA17Chr7g0214871	MtrunA17Chr7g0214871			medtr.A17.gnm5.MtrunA17Chr7	+	1098875	1099565	-2.89646507257886	0.00106178832439876	DOWN	-3.4929534225009	8.51526684442767e-05	DOWN
DOWN	A86485_dnf2_shared	medtr.A17.gnm5.ann1_6.MtrunA17Chr7g0243991	MtrunA17Chr7g0243991	MtNCR327	Nodule-specific Cysteine-Rich peptide	medtr.A17.gnm5.MtrunA17Chr7	+	33157316	33162565	-3.40872653040881	0.000961934249099742	DOWN	-3.48963847796555	0.000307396323154238	DOWN
DOWN	A86485_dnf2_shared	medtr.A17.gnm5.ann1_6.MtrunA17Chr7g0239111	MtrunA17Chr7g0239111			medtr.A17.gnm5.MtrunA17Chr7	-	29244954	29247761	-2.97552625750331	0.000715371218381421	DOWN	-3.48620909306328	7.48021402096532e-05	DOWN
DOWN	A86485_dnf2_shared	medtr.A17.gnm5.ann1_6.MtrunA17Chr1g0196571	MtrunA17Chr1g0196571			medtr.A17.gnm5.MtrunA17Chr1	-	44098972	44119724	-2.57757781782598	0.0458687958451863	DOWN	-3.48595192259496	0.00513223120809633	DOWN
DOWN	A86485_dnf2_shared	medtr.A17.gnm5.ann1_6.MtrunA17Chr5g0426771	MtrunA17Chr5g0426771			medtr.A17.gnm5.MtrunA17Chr5	-	28604593	28605259	-2.58267152093967	0.0251168670217849	DOWN	-3.48302938162496	0.00220763334483436	DOWN
DOWN	A86485_dnf2_shared	medtr.A17.gnm5.ann1_6.MtrunA17Chr7g0244121	MtrunA17Chr7g0244121	MtNCR164	Nodule-specific Cysteine-Rich peptide	medtr.A17.gnm5.MtrunA17Chr7	+	33255080	33256460	-3.21465812260718	0.00114689483614978	DOWN	-3.48191641176131	0.000215632013135125	DOWN
DOWN	A86485_dnf2_shared	medtr.A17.gnm5.ann1_6.MtrunA17Chr6g0464741	MtrunA17Chr6g0464741			medtr.A17.gnm5.MtrunA17Chr6	-	13996075	13997183	-2.55952513942537	0.0398763991944485	DOWN	-3.48173861338115	0.00377347000135139	DOWN
DOWN	A86485_dnf2_shared	medtr.A17.gnm5.ann1_6.MtrunA17Chr6g0475591	MtrunA17Chr6g0475591			medtr.A17.gnm5.MtrunA17Chr6	-	30055405	30057364	-4.44616149614344	0.0115008123723085	DOWN	-3.48124387532289	0.0174756203240813	DOWN
DOWN	A86485_dnf2_shared	medtr.A17.gnm5.ann1_6.MtrunA17Chr4g0050681	MtrunA17Chr4g0050681	MtNCR500	Nodule-specific Cysteine-Rich peptide	medtr.A17.gnm5.MtrunA17Chr4	+	45566155	45566839	-3.34112242667411	0.00135403969800034	DOWN	-3.47789946943597	0.00047001159762383	DOWN
DOWN	A86485_dnf2_shared	medtr.A17.gnm5.ann1_6.MtrunA17Chr5g0429111	MtrunA17Chr5g0429111			medtr.A17.gnm5.MtrunA17Chr5	+	30595962	30599645	-2.48091675483676	0.0226750017414475	DOWN	-3.47626656734502	0.000917315376254244	DOWN
DOWN	A86485_dnf2_shared	medtr.A17.gnm5.ann1_6.MtrunA17Chr4g0055251	MtrunA17Chr4g0055251			medtr.A17.gnm5.MtrunA17Chr4	+	48952123	48954120	-2.89741443909335	0.000453554595061497	DOWN	-3.47306632185394	3.80629342831849e-05	DOWN
DOWN	A86485_dnf2_shared	medtr.A17.gnm5.ann1_6.MtrunA17Chr8g0358381	MtrunA17Chr8g0358381	MtNCR-new84	Nodule-specific Cysteine-Rich peptide	medtr.A17.gnm5.MtrunA17Chr8	-	20611607	20613962	-2.60945063051903	0.000120460400380805	DOWN	-3.47173452830883	1.84650909947916e-06	DOWN
DOWN	A86485_dnf2_shared	medtr.A17.gnm5.ann1_6.MtrunA17Chr2g0329491	MtrunA17Chr2g0329491			medtr.A17.gnm5.MtrunA17Chr2	+	48492033	48496039	-3.14499396646441	0.018721509048052	DOWN	-3.47128679709203	0.00649455623027195	DOWN
DOWN	A86485_dnf2_shared	medtr.A17.gnm5.ann1_6.MtrunA17Chr4g0008361	MtrunA17Chr4g0008361			medtr.A17.gnm5.MtrunA17Chr4	-	6386758	6389594	-3.14298398976581	0.000720015442068342	DOWN	-3.47113464616317	0.000109930111081975	DOWN
DOWN	A86485_dnf2_shared	medtr.A17.gnm5.ann1_6.MtrunA17Chr5g0430831	MtrunA17Chr5g0430831			medtr.A17.gnm5.MtrunA17Chr5	+	31906725	31907069	-3.98207699663499	0.00968045089734087	DOWN	-3.46687688189199	0.0104496357592969	DOWN
DOWN	A86485_dnf2_shared	medtr.A17.gnm5.ann1_6.MtrunA17Chr2g0310651	MtrunA17Chr2g0310651			medtr.A17.gnm5.MtrunA17Chr2	-	33611825	33620699	-2.98034118760374	0.00471058406028154	DOWN	-3.46374519285705	0.000601579994029159	DOWN
DOWN	A86485_dnf2_shared	medtr.A17.gnm5.ann1_6.MtrunA17Chr4g0050831	MtrunA17Chr4g0050831			medtr.A17.gnm5.MtrunA17Chr4	+	45651345	45652215	-4.22659817955367	0.00747034366352146	DOWN	-3.461696694652	0.00993354928364315	DOWN
DOWN	A86485_dnf2_shared	medtr.A17.gnm5.ann1_6.MtrunA17Chr2g0306841	MtrunA17Chr2g0306841			medtr.A17.gnm5.MtrunA17Chr2	-	28937902	28941379	-2.52265730743503	0.0042578864472584	DOWN	-3.45938959567492	8.64842951371875e-05	DOWN
DOWN	A86485_dnf2_shared	medtr.A17.gnm5.ann1_6.MtrunA17Chr7g0215871	MtrunA17Chr7g0215871	MtNCR154	Nodule-specific Cysteine-Rich peptide	medtr.A17.gnm5.MtrunA17Chr7	+	1834908	1836093	-3.0117498223199	0.00166817471782092	DOWN	-3.45901278328916	0.000225743269495927	DOWN
DOWN	A86485_dnf2_shared	medtr.A17.gnm5.ann1_6.MtrunA17Chr3g0081441	MtrunA17Chr3g0081441			medtr.A17.gnm5.MtrunA17Chr3	-	3423810	3427647	-2.59951577311677	0.0141549038180669	DOWN	-3.45851739823683	0.000814934122039027	DOWN
DOWN	A86485_dnf2_shared	medtr.A17.gnm5.ann1_6.MtrunA17Chr6g0453731	MtrunA17Chr6g0453731			medtr.A17.gnm5.MtrunA17Chr6	-	4018243	4022588	-3.88002510758224	0.000686762324093861	DOWN	-3.45277209052779	0.000592512625483077	DOWN
DOWN	A86485_dnf2_shared	medtr.A17.gnm5.ann1_6.MtrunA17Chr6g0457981	MtrunA17Chr6g0457981	MtNCR122	Nodule-specific Cysteine-Rich peptide	medtr.A17.gnm5.MtrunA17Chr6	-	7595692	7596654	-2.50627567000909	6.27254939273002e-05	DOWN	-3.44306256973942	3.6466558270792e-07	DOWN
DOWN	A86485_dnf2_shared	medtr.A17.gnm5.ann1_6.MtrunA17Chr4g0026511	MtrunA17Chr4g0026511	MtNCR010	Nodule-specific Cysteine-Rich peptide	medtr.A17.gnm5.MtrunA17Chr4	+	27374638	27377535	-3.31784302513915	0.000278829591324262	DOWN	-3.4381331682661	6.99999279420221e-05	DOWN
DOWN	A86485_dnf2_shared	medtr.A17.gnm5.ann1_6.MtrunA17Chr1g0167851	MtrunA17Chr1g0167851			medtr.A17.gnm5.MtrunA17Chr1	-	16772179	16773045	-2.32033764595059	0.0331615019864062	DOWN	-3.43758886630232	0.00115074299321252	DOWN
DOWN	A86485_dnf2_shared	medtr.A17.gnm5.ann1_6.MtrunA17Chr1g0168161	MtrunA17Chr1g0168161	MtETR3	ethylene receptor-like 3	medtr.A17.gnm5.MtrunA17Chr1	-	17033661	17037939	-3.63729401122077	0.000737613368535115	DOWN	-3.43428798208869	0.000499118248325874	DOWN
DOWN	A86485_dnf2_shared	medtr.A17.gnm5.ann1_6.MtrunA17Chr3g0100551	MtrunA17Chr3g0100551			medtr.A17.gnm5.MtrunA17Chr3	+	25081158	25086056	-2.92717836764747	0.000637549776454306	DOWN	-3.43034014631307	6.31061354781426e-05	DOWN
DOWN	A86485_dnf2_shared	medtr.A17.gnm5.ann1_6.MtrunA17Chr3g0110841	MtrunA17Chr3g0110841	MtNCR082	Nodule-specific Cysteine-Rich peptide	medtr.A17.gnm5.MtrunA17Chr3	-	33275043	33276225	-3.18572724853778	0.000977869209904372	DOWN	-3.42995227153421	0.000198460722859125	DOWN
DOWN	A86485_dnf2_shared	medtr.A17.gnm5.ann1_6.MtrunA17Chr7g0272001	MtrunA17Chr7g0272001			medtr.A17.gnm5.MtrunA17Chr7	-	53277487	53280247	-2.21453665956214	0.00815732667619258	DOWN	-3.4279247400461	8.34737406259623e-05	DOWN
DOWN	A86485_dnf2_shared	medtr.A17.gnm5.ann1_6.MtrunA17Chr6g0487691	MtrunA17Chr6g0487691			medtr.A17.gnm5.MtrunA17Chr6	+	41959180	41961711	-3.00319218747964	0.0182616668138108	DOWN	-3.42120981863321	0.00513223120809633	DOWN
DOWN	A86485_dnf2_shared	medtr.A17.gnm5.ann1_6.MtrunA17Chr2g0281571	MtrunA17Chr2g0281571			medtr.A17.gnm5.MtrunA17Chr2	+	3304936	3307279	-2.78331169110246	0.000480573974340306	DOWN	-3.41443336460654	2.98679772869621e-05	DOWN
DOWN	A86485_dnf2_shared	medtr.A17.gnm5.ann1_6.MtrunA17Chr3g0085021	MtrunA17Chr3g0085021			medtr.A17.gnm5.MtrunA17Chr3	-	6382407	6384362	-2.87838140406776	0.00170631375331033	DOWN	-3.40636937388142	0.000148284232746135	DOWN
DOWN	A86485_dnf2_shared	medtr.A17.gnm5.ann1_6.MtrunA17Chr6g0467551	MtrunA17Chr6g0467551	MtNCR341	Nodule-specific Cysteine-Rich peptide	medtr.A17.gnm5.MtrunA17Chr6	+	16520361	16521072	-2.37382225613558	0.009533116985135	DOWN	-3.40279019197012	0.000154614424344852	DOWN
DOWN	A86485_dnf2_shared	medtr.A17.gnm5.ann1_6.MtrunA17Chr2g0314071	MtrunA17Chr2g0314071			medtr.A17.gnm5.MtrunA17Chr2	-	36679016	36680171	-2.07512401407915	0.0158925675402581	DOWN	-3.39477037893583	7.54881060482283e-05	DOWN
DOWN	A86485_dnf2_shared	medtr.A17.gnm5.ann1_6.MtrunA17Chr4g0011031	MtrunA17Chr4g0011031	MtNCR309	Nodule-specific Cysteine-Rich peptide	medtr.A17.gnm5.MtrunA17Chr4	+	8636762	8638382	-2.98318744986959	0.000961934249099742	DOWN	-3.38756826296046	0.000116365986010961	DOWN
DOWN	A86485_dnf2_shared	medtr.A17.gnm5.ann1_6.MtrunA17Chr3g0081451	MtrunA17Chr3g0081451			medtr.A17.gnm5.MtrunA17Chr3	-	3428233	3432382	-3.21719580492483	0.00500429438349065	DOWN	-3.38665603352363	0.00174248361023931	DOWN
DOWN	A86485_dnf2_shared	medtr.A17.gnm5.ann1_6.MtrunA17Chr7g0265561	MtrunA17Chr7g0265561	MtGT-35	trihelix transcription factor (GT) 36	medtr.A17.gnm5.MtrunA17Chr7	+	48770709	48772772	-2.86813443887363	0.00698833636724765	DOWN	-3.38633983025135	0.000785601750235086	DOWN
DOWN	A86485_dnf2_shared	medtr.A17.gnm5.ann1_6.MtrunA17Chr6g0488831	MtrunA17Chr6g0488831			medtr.A17.gnm5.MtrunA17Chr6	+	42758222	42769789	-2.63090883272962	0.00271130552760949	DOWN	-3.38493984241403	9.89114992857161e-05	DOWN
DOWN	A86485_dnf2_shared	medtr.A17.gnm5.ann1_6.MtrunA17Chr3g0100391	MtrunA17Chr3g0100391	MtNOD25|MtN22	nodulin 25|Mtnodulin-22 (CAA75576)	medtr.A17.gnm5.MtrunA17Chr3	-	25023037	25030975	-1.86807191356367	0.0479073104925505	DOWN	-3.38400927557296	3.84632610055858e-05	DOWN
DOWN	A86485_dnf2_shared	medtr.A17.gnm5.ann1_6.MtrunA17Chr1g0197761	MtrunA17Chr1g0197761			medtr.A17.gnm5.MtrunA17Chr1	+	44880222	44881239	-2.73891291030395	0.00838712996939956	DOWN	-3.38327560695117	0.00103194485088314	DOWN
DOWN	A86485_dnf2_shared	medtr.A17.gnm5.ann1_6.MtrunA17Chr7g0232731	MtrunA17Chr7g0232731			medtr.A17.gnm5.MtrunA17Chr7	+	22967280	22971113	-2.360127615789	0.00623384143433081	DOWN	-3.38228745631811	0.000113165724391812	DOWN
DOWN	A86485_dnf2_shared	medtr.A17.gnm5.ann1_6.MtrunA17Chr4g0020381	MtrunA17Chr4g0020381	MtNCR274	Nodule-specific Cysteine-Rich peptide	medtr.A17.gnm5.MtrunA17Chr4	+	16372189	16374879	-2.42781162840221	0.00724142689423966	DOWN	-3.3754986817969	0.000125967966679609	DOWN
DOWN	A86485_dnf2_shared	medtr.A17.gnm5.ann1_6.MtrunA17Chr6g0475341	MtrunA17Chr6g0475341	MtNCR097	Nodule-specific Cysteine-Rich peptide	medtr.A17.gnm5.MtrunA17Chr6	-	29514727	29516593	-2.35699588015939	0.00968045089734087	DOWN	-3.37459842830216	0.000143296901711854	DOWN
DOWN	A86485_dnf2_shared	medtr.A17.gnm5.ann1_6.MtrunA17Chr8g0352951	MtrunA17Chr8g0352951			medtr.A17.gnm5.MtrunA17Chr8	+	14728356	14728851	-3.07110691834185	0.0261284020686831	DOWN	-3.37453457436614	0.00981473532740688	DOWN
DOWN	A86485_dnf2_shared	medtr.A17.gnm5.ann1_6.MtrunA17Chr6g0450421	MtrunA17Chr6g0450421			medtr.A17.gnm5.MtrunA17Chr6	-	1165237	1165816	-2.20139100682814	0.0258133137365864	DOWN	-3.36263626640115	0.000316220669511222	DOWN
DOWN	A86485_dnf2_shared	medtr.A17.gnm5.ann1_6.MtrunA17Chr4g0007761	MtrunA17Chr4g0007761			medtr.A17.gnm5.MtrunA17Chr4	-	6061307	6070513	-3.14596199213066	0.000715371218381421	DOWN	-3.36167796263413	0.000166808581542703	DOWN
DOWN	A86485_dnf2_shared	medtr.A17.gnm5.ann1_6.MtrunA17Chr6g0467221	MtrunA17Chr6g0467221			medtr.A17.gnm5.MtrunA17Chr6	+	16103368	16103973	-2.37111511995086	0.0372225862018365	DOWN	-3.36057014232914	0.00215362035991968	DOWN
DOWN	A86485_dnf2_shared	medtr.A17.gnm5.ann1_6.MtrunA17Chr2g0322081	MtrunA17Chr2g0322081			medtr.A17.gnm5.MtrunA17Chr2	+	42885340	42886757	-2.47032475447131	0.0401677619627869	DOWN	-3.35737692294619	0.00303479165915601	DOWN
DOWN	A86485_dnf2_shared	medtr.A17.gnm5.ann1_6.MtrunA17Chr2g0314651	MtrunA17Chr2g0314651	MtNCR566	Nodule-specific Cysteine-Rich peptide	medtr.A17.gnm5.MtrunA17Chr2	+	37071018	37071817	-3.47349073577914	0.000339511570285685	DOWN	-3.35527428450986	0.000164197735076158	DOWN
DOWN	A86485_dnf2_shared	medtr.A17.gnm5.ann1_6.MtrunA17Chr2g0299211	MtrunA17Chr2g0299211			medtr.A17.gnm5.MtrunA17Chr2	+	17207433	17208982	-3.07080104853391	0.0331605035466125	DOWN	-3.35001688396087	0.0132607248086905	DOWN
DOWN	A86485_dnf2_shared	medtr.A17.gnm5.ann1_6.MtrunA17Chr8g0383901	MtrunA17Chr8g0383901			medtr.A17.gnm5.MtrunA17Chr8	+	43012350	43013199	-3.47687887364395	0.0426658630098654	DOWN	-3.34987693097436	0.0305506006353648	DOWN
DOWN	A86485_dnf2_shared	medtr.A17.gnm5.ann1_6.MtrunA17Chr3g0138041	MtrunA17Chr3g0138041			medtr.A17.gnm5.MtrunA17Chr3	-	53087262	53092220	-2.2279891458424	0.0113105341714536	DOWN	-3.34551971461354	0.000103863893870013	DOWN
DOWN	A86485_dnf2_shared	medtr.A17.gnm5.ann1_6.MtrunA17Chr3g0100501	MtrunA17Chr3g0100501	MtCAML5	calmodulin-like 5	medtr.A17.gnm5.MtrunA17Chr3	-	25059638	25061391	-2.06075320932925	0.00934220136980052	DOWN	-3.34181137953163	1.60160558176984e-05	DOWN
DOWN	A86485_dnf2_shared	medtr.A17.gnm5.ann1_6.MtrunA17Chr3g0083081	MtrunA17Chr3g0083081	MtNCR583	Nodule-specific Cysteine-Rich peptide	medtr.A17.gnm5.MtrunA17Chr3	-	4772617	4779909	-2.85154124754466	0.00138320533125538	DOWN	-3.33662565753161	0.000138826075424296	DOWN
DOWN	A86485_dnf2_shared	medtr.A17.gnm5.ann1_6.MtrunA17Chr1g0148751	MtrunA17Chr1g0148751	MtLb4|MtLb1|MtLb2	leghemoglobin4	medtr.A17.gnm5.MtrunA17Chr1	-	2108448	2110681	-2.66304388003843	0.00770101716637532	DOWN	-3.32804097431825	0.000484712820659022	DOWN
DOWN	A86485_dnf2_shared	medtr.A17.gnm5.ann1_6.MtrunA17Chr2g0310661	MtrunA17Chr2g0310661			medtr.A17.gnm5.MtrunA17Chr2	+	33611868	33614296	-2.97057998694541	0.00434726929589934	DOWN	-3.31865558252719	0.000820729672376314	DOWN
DOWN	A86485_dnf2_shared	medtr.A17.gnm5.ann1_6.MtrunA17Chr5g0424351	MtrunA17Chr5g0424351			medtr.A17.gnm5.MtrunA17Chr5	+	26300428	26301605	-3.64861032745389	0.000149725669519003	DOWN	-3.3164144191143	8.54631983635061e-05	DOWN
DOWN	A86485_dnf2_shared	medtr.A17.gnm5.ann1_6.MtrunA17Chr3g0080961	MtrunA17Chr3g0080961	MtNCR099	Nodule-specific Cysteine-Rich peptide	medtr.A17.gnm5.MtrunA17Chr3	-	3038369	3039245	-2.88513651127838	0.0048398466084868	DOWN	-3.30774508298357	0.000692809660108544	DOWN
DOWN	A86485_dnf2_shared	medtr.A17.gnm5.ann1_6.MtrunA17Chr4g0050891	MtrunA17Chr4g0050891			medtr.A17.gnm5.MtrunA17Chr4	+	45680649	45687132	-2.50570155182661	0.000715371218381421	DOWN	-3.30750495503471	1.2537886008855e-05	DOWN
DOWN	A86485_dnf2_shared	medtr.A17.gnm5.ann1_6.MtrunA17Chr7g0234011	MtrunA17Chr7g0234011	MtNCR489	Nodule-specific Cysteine-Rich peptide	medtr.A17.gnm5.MtrunA17Chr7	-	24444157	24445237	-3.02135202868375	0.00116375744846721	DOWN	-3.30371387374747	0.00022223966372404	DOWN
DOWN	A86485_dnf2_shared	medtr.A17.gnm5.ann1_6.MtrunA17Chr3g0100541	MtrunA17Chr3g0100541	MtCAML3	calmodulin-like 3	medtr.A17.gnm5.MtrunA17Chr3	-	25078567	25081832	-3.38655187129809	0.00057052152898755	DOWN	-3.30115323537652	0.000275018338091862	DOWN
DOWN	A86485_dnf2_shared	medtr.A17.gnm5.ann1_6.MtrunA17Chr5g0435611	MtrunA17Chr5g0435611	MtLb1|MtLb7	leghemoglobin1	medtr.A17.gnm5.MtrunA17Chr5	-	35617088	35619663	-3.22350234456521	0.00190002565798134	DOWN	-3.29782708245622	0.000669807662770383	DOWN
DOWN	A86485_dnf2_shared	medtr.A17.gnm5.ann1_6.MtrunA17Chr3g0106311	MtrunA17Chr3g0106311	MtNCR411	Nodule-specific Cysteine-Rich peptide	medtr.A17.gnm5.MtrunA17Chr3	+	30119124	30120153	-2.92194446670243	0.000715371218381421	DOWN	-3.29465774345374	9.3530086047872e-05	DOWN
DOWN	A86485_dnf2_shared	medtr.A17.gnm5.ann1_6.MtrunA17Chr6g0472941	MtrunA17Chr6g0472941	MtNCR006	Nodule-specific Cysteine-Rich peptide	medtr.A17.gnm5.MtrunA17Chr6	+	25313920	25316169	-3.28107376162668	0.0038061115297276	DOWN	-3.29195712504086	0.00176546913253298	DOWN
DOWN	A86485_dnf2_shared	medtr.A17.gnm5.ann1_6.MtrunA17Chr3g0083241	MtrunA17Chr3g0083241			medtr.A17.gnm5.MtrunA17Chr3	-	4866614	4867679	-2.56686604405244	0.00883232547019066	DOWN	-3.29163369024831	0.000484712820659022	DOWN
DOWN	A86485_dnf2_shared	medtr.A17.gnm5.ann1_6.MtrunA17Chr8g0363771	MtrunA17Chr8g0363771			medtr.A17.gnm5.MtrunA17Chr8	-	28380205	28388432	-3.87354709848772	0.00268045085584238	DOWN	-3.28908201326565	0.00334191348762512	DOWN
DOWN	A86485_dnf2_shared	medtr.A17.gnm5.ann1_6.MtrunA17Chr7g0260501	MtrunA17Chr7g0260501	MtNCR040	Nodule-specific Cysteine-Rich peptide	medtr.A17.gnm5.MtrunA17Chr7	+	45279368	45280432	-2.96587239402121	0.00102285426984977	DOWN	-3.28676195608566	0.000159460130126499	DOWN
DOWN	A86485_dnf2_shared	medtr.A17.gnm5.ann1_6.MtrunA17Chr1g0172431	MtrunA17Chr1g0172431	MtNCR496	Nodule-specific Cysteine-Rich peptide	medtr.A17.gnm5.MtrunA17Chr1	+	21374134	21375223	-2.53518847413682	0.00713662405429583	DOWN	-3.28412798181952	0.000299386805904911	DOWN
DOWN	A86485_dnf2_shared	medtr.A17.gnm5.ann1_6.MtrunA17Chr3g0129591	MtrunA17Chr3g0129591			medtr.A17.gnm5.MtrunA17Chr3	+	47076749	47080817	-3.58898514142291	0.00260752625227258	DOWN	-3.28276631297515	0.00227534083062776	DOWN
DOWN	A86485_dnf2_shared	medtr.A17.gnm5.ann1_6.MtrunA17Chr7g0268291	MtrunA17Chr7g0268291			medtr.A17.gnm5.MtrunA17Chr7	+	50736853	50738620	-2.25117103867226	0.0247994827009406	DOWN	-3.28165759446653	0.000692093116369379	DOWN
DOWN	A86485_dnf2_shared	medtr.A17.gnm5.ann1_6.MtrunA17Chr6g0474221	MtrunA17Chr6g0474221			medtr.A17.gnm5.MtrunA17Chr6	-	27917184	27919243	-3.1910052905394	0.00208560897561272	DOWN	-3.28155311638314	0.000827271420859205	DOWN
DOWN	A86485_dnf2_shared	medtr.A17.gnm5.ann1_6.MtrunA17Chr7g0261231	MtrunA17Chr7g0261231	MtPT12	phosphate transporter	medtr.A17.gnm5.MtrunA17Chr7	+	45750271	45754527	-2.33913535448581	0.0186836129297194	DOWN	-3.27475298066257	0.000415174166339133	DOWN
DOWN	A86485_dnf2_shared	medtr.A17.gnm5.ann1_6.MtrunA17Chr2g0300281	MtrunA17Chr2g0300281			medtr.A17.gnm5.MtrunA17Chr2	+	18063637	18064913	-2.88260573804141	0.0014229349305749	DOWN	-3.27413247962977	0.000205798963043916	DOWN
DOWN	A86485_dnf2_shared	medtr.A17.gnm5.ann1_6.MtrunA17Chr2g0333651	MtrunA17Chr2g0333651			medtr.A17.gnm5.MtrunA17Chr2	-	51390114	51393724	-3.25518598841759	0.000409700600288834	DOWN	-3.27374040682188	0.000149225540848702	DOWN
DOWN	A86485_dnf2_shared	medtr.A17.gnm5.ann1_6.MtrunA17Chr1g0179241	MtrunA17Chr1g0179241	MtNCR113	Nodule-specific Cysteine-Rich peptide	medtr.A17.gnm5.MtrunA17Chr1	+	30605464	30606769	-3.11241549441888	0.0014229349305749	DOWN	-3.27311710847679	0.000388571774703925	DOWN
DOWN	A86485_dnf2_shared	medtr.A17.gnm5.ann1_6.MtrunA17Chr6g0450391	MtrunA17Chr6g0450391	MtNCR216	Nodule-specific Cysteine-Rich peptide	medtr.A17.gnm5.MtrunA17Chr6	+	1147250	1149476	-2.74584680590102	0.00373750207561001	DOWN	-3.27156764792722	0.00034081302132653	DOWN
DOWN	A86485_dnf2_shared	medtr.A17.gnm5.ann1_6.MtrunA17Chr1g0171731	MtrunA17Chr1g0171731			medtr.A17.gnm5.MtrunA17Chr1	+	20416892	20417821	-2.38043430783841	0.0293560530353747	DOWN	-3.26907386031123	0.0019573647027182	DOWN
DOWN	A86485_dnf2_shared	medtr.A17.gnm5.ann1_6.MtrunA17Chr0c32g0494191	MtrunA17Chr0c32g0494191	MtNCR-new1	Nodule-specific Cysteine-Rich peptide	medtr.A17.gnm5.MtrunA17Chr0c32	+	7315	9387	-2.61912835407836	0.00153620609464683	DOWN	-3.26608678152757	0.000103863893870013	DOWN
DOWN	A86485_dnf2_shared	medtr.A17.gnm5.ann1_6.MtrunA17Chr7g0264151	MtrunA17Chr7g0264151			medtr.A17.gnm5.MtrunA17Chr7	-	47706748	47707829	-4.3816261109991	0.00290841687151774	DOWN	-3.26434894263787	0.00643076118833339	DOWN
DOWN	A86485_dnf2_shared	medtr.A17.gnm5.ann1_6.MtrunA17Chr7g0224961	MtrunA17Chr7g0224961			medtr.A17.gnm5.MtrunA17Chr7	+	10226024	10227286	-2.89344853873665	0.00162840172764884	DOWN	-3.25989543282892	0.000286572189218809	DOWN
DOWN	A86485_dnf2_shared	medtr.A17.gnm5.ann1_6.MtrunA17Chr1g0170861	MtrunA17Chr1g0170861			medtr.A17.gnm5.MtrunA17Chr1	+	19596789	19597766	-3.14448449746178	0.0342400314225796	DOWN	-3.25916018777239	0.0176631066904156	DOWN
DOWN	A86485_dnf2_shared	medtr.A17.gnm5.ann1_6.MtrunA17Chr5g0433281	MtrunA17Chr5g0433281	MtNCR083	Nodule-specific Cysteine-Rich peptide	medtr.A17.gnm5.MtrunA17Chr5	-	33776752	33779087	-2.94463197550214	0.000977869209904372	DOWN	-3.25251443955674	0.000158867203182816	DOWN
DOWN	A86485_dnf2_shared	medtr.A17.gnm5.ann1_6.MtrunA17Chr6g0470761	MtrunA17Chr6g0470761			medtr.A17.gnm5.MtrunA17Chr6	-	21149939	21151369	-4.56377073070932	0.000453554595061497	DOWN	-3.25229431302681	0.00154819383210695	DOWN
DOWN	A86485_dnf2_shared	medtr.A17.gnm5.ann1_6.MtrunA17Chr7g0262471	MtrunA17Chr7g0262471			medtr.A17.gnm5.MtrunA17Chr7	-	46573539	46580129	-3.07519207510925	0.0445013157284778	DOWN	-3.25044321541343	0.0216492683793738	DOWN
DOWN	A86485_dnf2_shared	medtr.A17.gnm5.ann1_6.MtrunA17Chr6g0467231	MtrunA17Chr6g0467231			medtr.A17.gnm5.MtrunA17Chr6	+	16104802	16110972	-2.36322992650878	0.0191972413445868	DOWN	-3.24152096584996	0.000534053768021007	DOWN
DOWN	A86485_dnf2_shared	medtr.A17.gnm5.ann1_6.MtrunA17Chr4g0051011	MtrunA17Chr4g0051011			medtr.A17.gnm5.MtrunA17Chr4	+	45723580	45724521	-2.7985564244859	0.00793391460171896	DOWN	-3.24041584993276	0.00122289976407448	DOWN
DOWN	A86485_dnf2_shared	medtr.A17.gnm5.ann1_6.MtrunA17Chr3g0107881	MtrunA17Chr3g0107881	MtPrx03	peroxidase	medtr.A17.gnm5.MtrunA17Chr3	+	31334048	31337146	-2.44829321424665	0.00288473874239786	DOWN	-3.23909214283709	6.61795970771475e-05	DOWN
DOWN	A86485_dnf2_shared	medtr.A17.gnm5.ann1_6.MtrunA17Chr4g0004391	MtrunA17Chr4g0004391			medtr.A17.gnm5.MtrunA17Chr4	-	3444966	3446782	-3.73871405355785	0.00903580869050351	DOWN	-3.23724702399261	0.0102812371684	DOWN
DOWN	A86485_dnf2_shared	medtr.A17.gnm5.ann1_6.MtrunA17Chr1g0175281	MtrunA17Chr1g0175281			medtr.A17.gnm5.MtrunA17Chr1	+	26709756	26710256	-3.78074992074586	0.0281593741909432	DOWN	-3.22560878496521	0.0326638623244385	DOWN
DOWN	A86485_dnf2_shared	medtr.A17.gnm5.ann1_6.MtrunA17Chr1g0197541	MtrunA17Chr1g0197541			medtr.A17.gnm5.MtrunA17Chr1	+	44684961	44686510	-4.43263043867408	0.00937030372022355	DOWN	-3.21692138572729	0.0227037743548438	DOWN
DOWN	A86485_dnf2_shared	medtr.A17.gnm5.ann1_6.MtrunA17Chr3g0107831	MtrunA17Chr3g0107831			medtr.A17.gnm5.MtrunA17Chr3	-	31303106	31303875	-2.75662552750959	0.00108467443703513	DOWN	-3.21417845671324	0.000108101698967392	DOWN
DOWN	A86485_dnf2_shared	medtr.A17.gnm5.ann1_6.MtrunA17Chr7g0218531	MtrunA17Chr7g0218531			medtr.A17.gnm5.MtrunA17Chr7	-	3816890	3817197	-5.629811566363	0.0127175486120252	DOWN	-3.21195432177031	0.0455910886795431	DOWN
DOWN	A86485_dnf2_shared	medtr.A17.gnm5.ann1_6.MtrunA17Chr5g0423371	MtrunA17Chr5g0423371	MtNCR019	Nodule-specific Cysteine-Rich peptide	medtr.A17.gnm5.MtrunA17Chr5	-	25195364	25197846	-2.85868441585999	0.00190330119501786	DOWN	-3.21141496486232	0.000276953868798176	DOWN
DOWN	A86485_dnf2_shared	medtr.A17.gnm5.ann1_6.MtrunA17Chr8g0371771	MtrunA17Chr8g0371771			medtr.A17.gnm5.MtrunA17Chr8	-	34402750	34405236	-3.28304090988416	0.025423094372988	DOWN	-3.20299186095401	0.016880434151515	DOWN
DOWN	A86485_dnf2_shared	medtr.A17.gnm5.ann1_6.MtrunA17Chr5g0441521	MtrunA17Chr5g0441521			medtr.A17.gnm5.MtrunA17Chr5	+	39933746	39934048	-3.02728475733488	0.0448570655292	DOWN	-3.20284687058469	0.0215747438983689	DOWN
DOWN	A86485_dnf2_shared	medtr.A17.gnm5.ann1_6.MtrunA17Chr3g0110641	MtrunA17Chr3g0110641			medtr.A17.gnm5.MtrunA17Chr3	+	33191314	33192868	-2.64309332201607	0.00102725344605764	DOWN	-3.19644417616088	6.31061354781426e-05	DOWN
DOWN	A86485_dnf2_shared	medtr.A17.gnm5.ann1_6.MtrunA17Chr2g0300271	MtrunA17Chr2g0300271	MtNodGRP10	Nodule-specific Glycine-rich	medtr.A17.gnm5.MtrunA17Chr2	-	18062617	18064373	-2.90227483015717	0.00320422355064453	DOWN	-3.19589464083094	0.00066272168658682	DOWN
DOWN	A86485_dnf2_shared	medtr.A17.gnm5.ann1_6.MtrunA17Chr5g0413241	MtrunA17Chr5g0413241			medtr.A17.gnm5.MtrunA17Chr5	+	14492219	14493743	-2.45483337796325	0.0249160134243165	DOWN	-3.19544090616126	0.00235100068721853	DOWN
DOWN	A86485_dnf2_shared	medtr.A17.gnm5.ann1_6.MtrunA17Chr1g0172681	MtrunA17Chr1g0172681	MtNCR060	Nodule-specific Cysteine-Rich peptide	medtr.A17.gnm5.MtrunA17Chr1	+	21952358	21954575	-2.45087784565016	0.0278918630525494	DOWN	-3.19515053362372	0.00177001065514697	DOWN
DOWN	A86485_dnf2_shared	medtr.A17.gnm5.ann1_6.MtrunA17Chr4g0044831	MtrunA17Chr4g0044831			medtr.A17.gnm5.MtrunA17Chr4	+	41602577	41605924	-2.99110804328644	0.00114689483614978	DOWN	-3.19401514519307	0.000261955640066107	DOWN
DOWN	A86485_dnf2_shared	medtr.A17.gnm5.ann1_6.MtrunA17Chr5g0425511	MtrunA17Chr5g0425511	MtNCR194	Nodule-specific Cysteine-Rich peptide	medtr.A17.gnm5.MtrunA17Chr5	-	27502931	27505350	-2.15381465248473	0.00938166223314146	DOWN	-3.1924202259619	5.5977980191927e-05	DOWN
DOWN	A86485_dnf2_shared	medtr.A17.gnm5.ann1_6.MtrunA17Chr7g0240601	MtrunA17Chr7g0240601	MtNCR458	Nodule-specific Cysteine-Rich peptide	medtr.A17.gnm5.MtrunA17Chr7	+	30383677	30385193	-2.57258429405249	0.00475296083765857	DOWN	-3.19064844632255	0.000275057853758801	DOWN
DOWN	A86485_dnf2_shared	medtr.A17.gnm5.ann1_6.MtrunA17Chr1g0191641	MtrunA17Chr1g0191641	MtNCR108	Nodule-specific Cysteine-Rich peptide	medtr.A17.gnm5.MtrunA17Chr1	-	40599881	40600649	-2.50414878955914	0.0180909928984474	DOWN	-3.18870809744852	0.00119771824302475	DOWN
DOWN	A86485_dnf2_shared	medtr.A17.gnm5.ann1_6.MtrunA17Chr7g0234001	MtrunA17Chr7g0234001			medtr.A17.gnm5.MtrunA17Chr7	-	24439511	24441134	-2.06548595677163	0.0194455285477141	DOWN	-3.18840730880709	0.000136144963662076	DOWN
DOWN	A86485_dnf2_shared	medtr.A17.gnm5.ann1_6.MtrunA17Chr6g0479951	MtrunA17Chr6g0479951	MtNCR-new60	Nodule-specific Cysteine-Rich peptide	medtr.A17.gnm5.MtrunA17Chr6	-	34689028	34693659	-2.60418142605486	0.000936104652525267	DOWN	-3.18255521334867	4.39214044407887e-05	DOWN
DOWN	A86485_dnf2_shared	medtr.A17.gnm5.ann1_6.MtrunA17Chr4g0023881	MtrunA17Chr4g0023881			medtr.A17.gnm5.MtrunA17Chr4	-	24429767	24434756	-2.22865433100555	0.0176916336264232	DOWN	-3.18211019152731	0.000246055626678818	DOWN
DOWN	A86485_dnf2_shared	medtr.A17.gnm5.ann1_6.MtrunA17Chr3g0089891	MtrunA17Chr3g0089891	MtNCR284	Nodule-specific Cysteine-Rich peptide	medtr.A17.gnm5.MtrunA17Chr3	+	11111485	11113476	-1.95413254694929	0.0478379779374883	DOWN	-3.17836657954945	0.000187794795978603	DOWN
DOWN	A86485_dnf2_shared	medtr.A17.gnm5.ann1_6.MtrunA17Chr6g0475551	MtrunA17Chr6g0475551	MtNCR007	Nodule-specific Cysteine-Rich peptide	medtr.A17.gnm5.MtrunA17Chr6	-	29961208	29964008	-3.15358596344088	0.0172733740870795	DOWN	-3.17705165186433	0.00932167765711651	DOWN
DOWN	A86485_dnf2_shared	medtr.A17.gnm5.ann1_6.MtrunA17Chr7g0224901	MtrunA17Chr7g0224901			medtr.A17.gnm5.MtrunA17Chr7	+	10211301	10212246	-2.45814791007553	0.00376093934942146	DOWN	-3.17674189382026	0.000131729677059494	DOWN
DOWN	A86485_dnf2_shared	medtr.A17.gnm5.ann1_6.MtrunA17Chr4g0004401	MtrunA17Chr4g0004401			medtr.A17.gnm5.MtrunA17Chr4	-	3446784	3447275	-4.0332474507524	0.0327535444169266	DOWN	-3.17359894318167	0.0476684841297767	DOWN
DOWN	A86485_dnf2_shared	medtr.A17.gnm5.ann1_6.MtrunA17Chr3g0106851	MtrunA17Chr3g0106851	MtNCR212	Nodule-specific Cysteine-Rich peptide	medtr.A17.gnm5.MtrunA17Chr3	-	30482881	30483856	-2.88267451202914	0.00308362183758973	DOWN	-3.17244829644346	0.000592734671958882	DOWN
DOWN	A86485_dnf2_shared	medtr.A17.gnm5.ann1_6.MtrunA17Chr4g0028011	MtrunA17Chr4g0028011			medtr.A17.gnm5.MtrunA17Chr4	-	29035108	29037272	-5.25569642497026	0.000163333627984165	DOWN	-3.17008882192607	0.00118283746190557	DOWN
DOWN	A86485_dnf2_shared	medtr.A17.gnm5.ann1_6.MtrunA17Chr5g0417561	MtrunA17Chr5g0417561	MtCDFc2_2	CYCLING DOF FACTOR	medtr.A17.gnm5.MtrunA17Chr5	+	18117220	18119162	-3.68467932561219	0.00273223705600636	DOWN	-3.16937507070877	0.00335530136555321	DOWN
DOWN	A86485_dnf2_shared	medtr.A17.gnm5.ann1_6.MtrunA17Chr7g0224891	MtrunA17Chr7g0224891	MtNCR517	Nodule-specific Cysteine-Rich peptide	medtr.A17.gnm5.MtrunA17Chr7	-	10209788	10213121	-2.55259213969331	0.00368882181581703	DOWN	-3.16543151608868	0.00019839074160036	DOWN
DOWN	A86485_dnf2_shared	medtr.A17.gnm5.ann1_6.MtrunA17Chr7g0240011	MtrunA17Chr7g0240011			medtr.A17.gnm5.MtrunA17Chr7	-	29860592	29865024	-2.81629133422759	0.00161572950206755	DOWN	-3.16488385558683	0.000228717079995741	DOWN
DOWN	A86485_dnf2_shared	medtr.A17.gnm5.ann1_6.MtrunA17Chr5g0431101	MtrunA17Chr5g0431101	MtNCR100	Nodule-specific Cysteine-Rich peptide	medtr.A17.gnm5.MtrunA17Chr5	+	32091330	32092398	-2.10089542854084	0.016253134644586	DOWN	-3.1626151210857	8.95134144781278e-05	DOWN
DOWN	A86485_dnf2_shared	medtr.A17.gnm5.ann1_6.MtrunA17Chr7g0216411	MtrunA17Chr7g0216411	MtNCR451	Nodule-specific Cysteine-Rich peptide	medtr.A17.gnm5.MtrunA17Chr7	-	2103842	2104410	-2.68984603148535	0.00233003667392735	DOWN	-3.16254255636703	0.000212605853449703	DOWN
DOWN	A86485_dnf2_shared	medtr.A17.gnm5.ann1_6.MtrunA17Chr7g0239931	MtrunA17Chr7g0239931	MtNCR715	Nodule-specific Cysteine-Rich peptide	medtr.A17.gnm5.MtrunA17Chr7	-	29835303	29837696	-3.12744709611542	0.000779556589075586	DOWN	-3.16226816310525	0.000277017537934729	DOWN
DOWN	A86485_dnf2_shared	medtr.A17.gnm5.ann1_6.MtrunA17Chr5g0435621	MtrunA17Chr5g0435621	MtLb6|MtLb8	leghemoglobin6	medtr.A17.gnm5.MtrunA17Chr5	-	35625909	35627951	-2.49300840637897	0.00866068940627303	DOWN	-3.15822205862529	0.000424204897508435	DOWN
DOWN	A86485_dnf2_shared	medtr.A17.gnm5.ann1_6.MtrunA17Chr7g0215841	MtrunA17Chr7g0215841	MtNCR688	Nodule-specific Cysteine-Rich peptide	medtr.A17.gnm5.MtrunA17Chr7	+	1831975	1833634	-3.06352293629638	0.00146267110133219	DOWN	-3.15782027671713	0.000483390469834423	DOWN
DOWN	A86485_dnf2_shared	medtr.A17.gnm5.ann1_6.MtrunA17Chr5g0424891	MtrunA17Chr5g0424891	MtNCR655	Nodule-specific Cysteine-Rich peptide	medtr.A17.gnm5.MtrunA17Chr5	+	26948113	26948846	-2.27473029634577	0.0258893981433787	DOWN	-3.15699998060755	0.000806666250129943	DOWN
DOWN	A86485_dnf2_shared	medtr.A17.gnm5.ann1_6.MtrunA17Chr2g0301771	MtrunA17Chr2g0301771	MtNCR238	Nodule-specific Cysteine-Rich peptide	medtr.A17.gnm5.MtrunA17Chr2	-	19469412	19471687	-3.20090315775584	0.00105029626639472	DOWN	-3.15507189351474	0.000488253488149994	DOWN
DOWN	A86485_dnf2_shared	medtr.A17.gnm5.ann1_6.MtrunA17Chr3g0119361	MtrunA17Chr3g0119361			medtr.A17.gnm5.MtrunA17Chr3	-	39731025	39732219	-3.95987776269028	0.000802259969559313	DOWN	-3.15391713576319	0.0015558259168203	DOWN
DOWN	A86485_dnf2_shared	medtr.A17.gnm5.ann1_6.MtrunA17Chr4g0029901	MtrunA17Chr4g0029901	MtNCR-new40	Nodule-specific Cysteine-Rich peptide	medtr.A17.gnm5.MtrunA17Chr4	+	30551743	30554322	-2.76474375217949	0.00090538953171663	DOWN	-3.15268598960668	9.35695140163561e-05	DOWN
DOWN	A86485_dnf2_shared	medtr.A17.gnm5.ann1_6.MtrunA17Chr1g0167511	MtrunA17Chr1g0167511	MtNCR317	Nodule-specific Cysteine-Rich peptide	medtr.A17.gnm5.MtrunA17Chr1	-	16435190	16435902	-3.10050811332581	0.00358532035173984	DOWN	-3.14648471806025	0.001514629273853	DOWN
DOWN	A86485_dnf2_shared	medtr.A17.gnm5.ann1_6.MtrunA17Chr7g0240321	MtrunA17Chr7g0240321			medtr.A17.gnm5.MtrunA17Chr7	+	30171650	30172294	-3.15285585015778	0.000938350535554558	DOWN	-3.1458424330525	0.000382855479001189	DOWN
DOWN	A86485_dnf2_shared	medtr.A17.gnm5.ann1_6.MtrunA17Chr5g0425971	MtrunA17Chr5g0425971			medtr.A17.gnm5.MtrunA17Chr5	-	27940913	27943599	-2.32535997882166	0.00377224241462869	DOWN	-3.14337917240658	7.22327459736358e-05	DOWN
DOWN	A86485_dnf2_shared	medtr.A17.gnm5.ann1_6.MtrunA17Chr7g0226381	MtrunA17Chr7g0226381	MtNCR-new72	Nodule-specific Cysteine-Rich peptide	medtr.A17.gnm5.MtrunA17Chr7	+	11472885	11475207	-3.02069903873808	0.00187733697573913	DOWN	-3.13848329707634	0.000586603509671078	DOWN
DOWN	A86485_dnf2_shared	medtr.A17.gnm5.ann1_6.MtrunA17Chr4g0049461	MtrunA17Chr4g0049461			medtr.A17.gnm5.MtrunA17Chr4	+	44769811	44771005	-2.49496398486109	0.0103825522529488	DOWN	-3.13468059171387	0.000966404471421363	DOWN
DOWN	A86485_dnf2_shared	medtr.A17.gnm5.ann1_6.MtrunA17Chr4g0021881	MtrunA17Chr4g0021881	MtNCR156	Nodule-specific Cysteine-Rich peptide	medtr.A17.gnm5.MtrunA17Chr4	-	20766759	20767516	-2.41322424743819	0.000503556445457304	DOWN	-3.13047270460244	8.06645422613137e-06	DOWN
DOWN	A86485_dnf2_shared	medtr.A17.gnm5.ann1_6.MtrunA17Chr7g0236701	MtrunA17Chr7g0236701	MtNCR148	Nodule-specific Cysteine-Rich peptide	medtr.A17.gnm5.MtrunA17Chr7	-	26815183	26817677	-3.17836423751654	0.000926304335181148	DOWN	-3.12998866864069	0.000417364289560189	DOWN
DOWN	A86485_dnf2_shared	medtr.A17.gnm5.ann1_6.MtrunA17Chr4g0028021	MtrunA17Chr4g0028021	MtNCR127	Nodule-specific Cysteine-Rich peptide	medtr.A17.gnm5.MtrunA17Chr4	+	29037244	29041415	-2.5020230022869	0.00246083820791916	DOWN	-3.12846632091736	0.000100609059910824	DOWN
DOWN	A86485_dnf2_shared	medtr.A17.gnm5.ann1_6.MtrunA17Chr6g0463031	MtrunA17Chr6g0463031			medtr.A17.gnm5.MtrunA17Chr6	-	12032897	12037279	-3.1353124394093	0.003569305573623	DOWN	-3.12595226311956	0.00175186669021867	DOWN
DOWN	A86485_dnf2_shared	medtr.A17.gnm5.ann1_6.MtrunA17Chr7g0215851	MtrunA17Chr7g0215851			medtr.A17.gnm5.MtrunA17Chr7	-	1832070	1832506	-3.10875038928138	0.00105029626639472	DOWN	-3.12216092184075	0.000417822051995948	DOWN
DOWN	A86485_dnf2_shared	medtr.A17.gnm5.ann1_6.MtrunA17Chr7g0230051	MtrunA17Chr7g0230051			medtr.A17.gnm5.MtrunA17Chr7	-	18122934	18123465	-2.47588649730025	0.00441740427221245	DOWN	-3.12211633477674	0.000245945553780599	DOWN
DOWN	A86485_dnf2_shared	medtr.A17.gnm5.ann1_6.MtrunA17Chr7g0272841	MtrunA17Chr7g0272841			medtr.A17.gnm5.MtrunA17Chr7	+	53793986	53800777	-2.486515705006	0.00273670237761366	DOWN	-3.11787416901255	0.000107984101679924	DOWN
DOWN	A86485_dnf2_shared	medtr.A17.gnm5.ann1_6.MtrunA17Chr5g0404711	MtrunA17Chr5g0404711			medtr.A17.gnm5.MtrunA17Chr5	+	8088902	8094030	-1.72484757819559	0.024843052325777	DOWN	-3.11710717157925	5.77573828661286e-06	DOWN
DOWN	A86485_dnf2_shared	medtr.A17.gnm5.ann1_6.MtrunA17Chr2g0283411	MtrunA17Chr2g0283411			medtr.A17.gnm5.MtrunA17Chr2	-	4613275	4616388	-2.22505744425462	0.00377224241462869	DOWN	-3.11475649786628	4.39214044407887e-05	DOWN
DOWN	A86485_dnf2_shared	medtr.A17.gnm5.ann1_6.MtrunA17Chr5g0442301	MtrunA17Chr5g0442301			medtr.A17.gnm5.MtrunA17Chr5	-	40494151	40494455	-3.5847012795983	0.000638774696820363	DOWN	-3.11467234021109	0.000759243365352916	DOWN
DOWN	A86485_dnf2_shared	medtr.A17.gnm5.ann1_6.MtrunA17Chr5g0401401	MtrunA17Chr5g0401401			medtr.A17.gnm5.MtrunA17Chr5	+	5583252	5596556	-2.93534714640066	0.000938350535554558	DOWN	-3.1113242954716	0.000212605853449703	DOWN
DOWN	A86485_dnf2_shared	medtr.A17.gnm5.ann1_6.MtrunA17Chr7g0233991	MtrunA17Chr7g0233991	MtNCR350	Nodule-specific Cysteine-Rich peptide	medtr.A17.gnm5.MtrunA17Chr7	+	24439379	24441156	-2.11297726361698	0.0297641831737631	DOWN	-3.11078086133782	0.000477632417705701	DOWN
DOWN	A86485_dnf2_shared	medtr.A17.gnm5.ann1_6.MtrunA17Chr1g0174951	MtrunA17Chr1g0174951	MtNCR038	Nodule-specific Cysteine-Rich peptide	medtr.A17.gnm5.MtrunA17Chr1	+	26282603	26283539	-2.56614111232149	0.00118474072622631	DOWN	-3.10948425583126	6.42983422165387e-05	DOWN
DOWN	A86485_dnf2_shared	medtr.A17.gnm5.ann1_6.MtrunA17Chr1g0192861	MtrunA17Chr1g0192861			medtr.A17.gnm5.MtrunA17Chr1	-	41420017	41420562	-2.8379360867651	0.00510581016046856	DOWN	-3.10855685204604	0.00136628351021278	DOWN
DOWN	A86485_dnf2_shared	medtr.A17.gnm5.ann1_6.MtrunA17Chr5g0424921	MtrunA17Chr5g0424921	MtNCR656	Nodule-specific Cysteine-Rich peptide	medtr.A17.gnm5.MtrunA17Chr5	+	26967109	26967842	-2.11176301612127	0.0210404541427219	DOWN	-3.10666769761914	0.00019359262448224	DOWN
DOWN	A86485_dnf2_shared	medtr.A17.gnm5.ann1_6.MtrunA17Chr2g0309591	MtrunA17Chr2g0309591	MtNCR160	Nodule-specific Cysteine-Rich peptide	medtr.A17.gnm5.MtrunA17Chr2	+	32287271	32288486	-2.89822686097587	0.00100997781939209	DOWN	-3.10507860827705	0.000210682614958742	DOWN
DOWN	A86485_dnf2_shared	medtr.A17.gnm5.ann1_6.MtrunA17Chr7g0260491	MtrunA17Chr7g0260491			medtr.A17.gnm5.MtrunA17Chr7	-	45276596	45278964	-5.25741983012879	0.00164752052266932	DOWN	-3.10268147197878	0.0103344885967175	DOWN
DOWN	A86485_dnf2_shared	medtr.A17.gnm5.ann1_6.MtrunA17Chr2g0290301	MtrunA17Chr2g0290301			medtr.A17.gnm5.MtrunA17Chr2	+	9588701	9590422	-2.68720522756477	0.0194057810945889	DOWN	-3.10253312481849	0.00424179780941793	DOWN
DOWN	A86485_dnf2_shared	medtr.A17.gnm5.ann1_6.MtrunA17Chr2g0307591	MtrunA17Chr2g0307591	MtNCR177	Nodule-specific Cysteine-Rich peptide	medtr.A17.gnm5.MtrunA17Chr2	+	30089311	30090185	-2.38180342254032	0.000686762324093861	DOWN	-3.10224958071867	1.16471335217244e-05	DOWN
DOWN	A86485_dnf2_shared	medtr.A17.gnm5.ann1_6.MtrunA17Chr2g0308571	MtrunA17Chr2g0308571			medtr.A17.gnm5.MtrunA17Chr2	-	31428760	31434359	-2.50584640799701	0.0014192924693043	DOWN	-3.09054731303146	7.7232001291971e-05	DOWN
DOWN	A86485_dnf2_shared	medtr.A17.gnm5.ann1_6.MtrunA17Chr7g0259021	MtrunA17Chr7g0259021			medtr.A17.gnm5.MtrunA17Chr7	-	44145539	44147853	-3.21229276933176	0.00742425540417828	DOWN	-3.08675532600309	0.00513223120809633	DOWN
DOWN	A86485_dnf2_shared	medtr.A17.gnm5.ann1_6.MtrunA17Chr4g0033791	MtrunA17Chr4g0033791	MtNLP2	NIN-like protein 2  (MtNLP2|PMID:24987011)	medtr.A17.gnm5.MtrunA17Chr4	+	33670322	33676312	-2.69895323126485	0.00627390786345011	DOWN	-3.0851938508106	0.00086932774253455	DOWN
DOWN	A86485_dnf2_shared	medtr.A17.gnm5.ann1_6.MtrunA17Chr6g0467541	MtrunA17Chr6g0467541			medtr.A17.gnm5.MtrunA17Chr6	-	16518840	16519902	-3.15309573262186	0.00498592673968777	DOWN	-3.08329753839171	0.00314711007142198	DOWN
DOWN	A86485_dnf2_shared	medtr.A17.gnm5.ann1_6.MtrunA17Chr2g0308621	MtrunA17Chr2g0308621	MtNCR277	Nodule-specific Cysteine-Rich peptide	medtr.A17.gnm5.MtrunA17Chr2	-	31485384	31487215	-2.0343628076708	0.0259373845280425	DOWN	-3.08129354936981	0.000164197735076158	DOWN
DOWN	A86485_dnf2_shared	medtr.A17.gnm5.ann1_6.MtrunA17Chr4g0054291	MtrunA17Chr4g0054291			medtr.A17.gnm5.MtrunA17Chr4	+	48081883	48083030	-3.29937099275074	5.44705982779864e-05	DOWN	-3.07985694800116	2.18914883896029e-05	DOWN
DOWN	A86485_dnf2_shared	medtr.A17.gnm5.ann1_6.MtrunA17Chr1g0146151	MtrunA17Chr1g0146151			medtr.A17.gnm5.MtrunA17Chr1	+	71788	76701	-2.79759917644904	0.00146418963827783	DOWN	-3.07854000470904	0.000239002074640919	DOWN
DOWN	A86485_dnf2_shared	medtr.A17.gnm5.ann1_6.MtrunA17Chr3g0100521	MtrunA17Chr3g0100521			medtr.A17.gnm5.MtrunA17Chr3	+	25066945	25067384	-2.5281580905788	0.0142035029583217	DOWN	-3.07575991368492	0.00173263822914058	DOWN
DOWN	A86485_dnf2_shared	medtr.A17.gnm5.ann1_6.MtrunA17Chr1g0174931	MtrunA17Chr1g0174931			medtr.A17.gnm5.MtrunA17Chr1	-	26273700	26282433	-3.96966255356435	0.00836961180311132	DOWN	-3.07437339873578	0.0157827886120841	DOWN
DOWN	A86485_dnf2_shared	medtr.A17.gnm5.ann1_6.MtrunA17Chr5g0425491	MtrunA17Chr5g0425491	MtNCR439	Nodule-specific Cysteine-Rich peptide	medtr.A17.gnm5.MtrunA17Chr5	+	27491366	27492644	-2.59423092316175	0.00956805568044403	DOWN	-3.07368498546585	0.00108252177857841	DOWN
DOWN	A86485_dnf2_shared	medtr.A17.gnm5.ann1_6.MtrunA17Chr6g0487411	MtrunA17Chr6g0487411			medtr.A17.gnm5.MtrunA17Chr6	+	41693021	41693879	-3.13874274049608	0.0331615019864062	DOWN	-3.07322101816328	0.0226093493622923	DOWN
DOWN	A86485_dnf2_shared	medtr.A17.gnm5.ann1_6.MtrunA17Chr6g0475011	MtrunA17Chr6g0475011	MtNCR004	Nodule-specific Cysteine-Rich peptide	medtr.A17.gnm5.MtrunA17Chr6	+	29178915	29182906	-2.34337602606223	0.0193192973899685	DOWN	-3.07119435718458	0.000761686540590889	DOWN
DOWN	A86485_dnf2_shared	medtr.A17.gnm5.ann1_6.MtrunA17Chr4g0053911	MtrunA17Chr4g0053911			medtr.A17.gnm5.MtrunA17Chr4	-	47802314	47803961	-2.30368549373806	0.000690394298311009	DOWN	-3.0684465031327	7.81593448815732e-06	DOWN
DOWN	A86485_dnf2_shared	medtr.A17.gnm5.ann1_6.MtrunA17Chr3g0086761	MtrunA17Chr3g0086761	MtNCR413	Nodule-specific Cysteine-Rich peptide	medtr.A17.gnm5.MtrunA17Chr3	+	8263555	8266247	-2.24792674472144	0.00392724745787884	DOWN	-3.06697031294342	4.92292305501838e-05	DOWN
DOWN	A86485_dnf2_shared	medtr.A17.gnm5.ann1_6.MtrunA17Chr8g0372161	MtrunA17Chr8g0372161			medtr.A17.gnm5.MtrunA17Chr8	-	34724757	34725598	-2.14268074262472	0.00324485370960611	DOWN	-3.06559184037894	2.31544989533648e-05	DOWN
DOWN	A86485_dnf2_shared	medtr.A17.gnm5.ann1_6.MtrunA17Chr7g0240311	MtrunA17Chr7g0240311			medtr.A17.gnm5.MtrunA17Chr7	-	30170142	30172370	-2.88512250909952	0.000247523055798588	DOWN	-3.06284801883641	4.43473602911673e-05	DOWN
DOWN	A86485_dnf2_shared	medtr.A17.gnm5.ann1_6.MtrunA17Chr5g0424951	MtrunA17Chr5g0424951	MtNCR657	Nodule-specific Cysteine-Rich peptide	medtr.A17.gnm5.MtrunA17Chr5	-	27011513	27013741	-1.88242009979998	0.0194994965700556	DOWN	-3.06071238885454	2.67242754876847e-05	DOWN
DOWN	A86485_dnf2_shared	medtr.A17.gnm5.ann1_6.MtrunA17Chr1g0167681	MtrunA17Chr1g0167681			medtr.A17.gnm5.MtrunA17Chr1	-	16539145	16539829	-1.89965239543236	0.00719312193109291	DOWN	-3.0582076552785	9.88246905443286e-06	DOWN
DOWN	A86485_dnf2_shared	medtr.A17.gnm5.ann1_6.MtrunA17Chr7g0252671	MtrunA17Chr7g0252671	MtNCR387	Nodule-specific Cysteine-Rich peptide	medtr.A17.gnm5.MtrunA17Chr7	+	39503694	39504603	-3.15070334656603	0.00268427596549458	DOWN	-3.05710671035693	0.00160043192414117	DOWN
DOWN	A86485_dnf2_shared	medtr.A17.gnm5.ann1_6.MtrunA17Chr4g0007351	MtrunA17Chr4g0007351	MtNCR-new29	Nodule-specific Cysteine-Rich peptide	medtr.A17.gnm5.MtrunA17Chr4	+	5794880	5798920	-3.15324002286125	0.000344628191587868	DOWN	-3.05455095649795	0.000164905956703921	DOWN
DOWN	A86485_dnf2_shared	medtr.A17.gnm5.ann1_6.MtrunA17Chr6g0450521	MtrunA17Chr6g0450521	MtNCR215b	Nodule-specific Cysteine-Rich peptide	medtr.A17.gnm5.MtrunA17Chr6	+	1198310	1199199	-2.43283915751708	0.00961191432940783	DOWN	-3.05288186992161	0.000543666176923377	DOWN
DOWN	A86485_dnf2_shared	medtr.A17.gnm5.ann1_6.MtrunA17Chr5g0426761	MtrunA17Chr5g0426761			medtr.A17.gnm5.MtrunA17Chr5	+	28604201	28605454	-3.33836635278139	0.00709550184288939	DOWN	-3.05214649413332	0.0065623490320198	DOWN
DOWN	A86485_dnf2_shared	medtr.A17.gnm5.ann1_6.MtrunA17Chr7g0260451	MtrunA17Chr7g0260451	MtNCR722	Nodule-specific Cysteine-Rich peptide	medtr.A17.gnm5.MtrunA17Chr7	+	45252459	45253407	-3.32308556494701	0.000506011767526964	DOWN	-3.03748892466415	0.000419705170644821	DOWN
DOWN	A86485_dnf2_shared	medtr.A17.gnm5.ann1_6.MtrunA17Chr7g0240591	MtrunA17Chr7g0240591			medtr.A17.gnm5.MtrunA17Chr7	-	30382339	30383488	-3.43765464129682	0.00694002678685261	DOWN	-3.03623741670337	0.00757753210474024	DOWN
DOWN	A86485_dnf2_shared	medtr.A17.gnm5.ann1_6.MtrunA17Chr3g0119321	MtrunA17Chr3g0119321			medtr.A17.gnm5.MtrunA17Chr3	-	39718170	39718543	-2.56904911940914	0.00486157105691602	DOWN	-3.03131362559007	0.00060897219929557	DOWN
DOWN	A86485_dnf2_shared	medtr.A17.gnm5.ann1_6.MtrunA17Chr6g0479941	MtrunA17Chr6g0479941			medtr.A17.gnm5.MtrunA17Chr6	+	34676297	34677865	-3.02736318684797	0.0106774384464403	DOWN	-3.0295383836681	0.00596270478906299	DOWN
DOWN	A86485_dnf2_shared	medtr.A17.gnm5.ann1_6.MtrunA17Chr5g0446381	MtrunA17Chr5g0446381	MtNCR175	Nodule-specific Cysteine-Rich peptide	medtr.A17.gnm5.MtrunA17Chr5	+	42983364	42984354	-3.09485955052598	0.00026741274391551	DOWN	-3.02832848705996	0.000113165724391812	DOWN
DOWN	A86485_dnf2_shared	medtr.A17.gnm5.ann1_6.MtrunA17Chr7g0249971	MtrunA17Chr7g0249971			medtr.A17.gnm5.MtrunA17Chr7	-	37605211	37605964	-2.00061445080417	0.0328817553590847	DOWN	-3.02453517861195	0.00022223966372404	DOWN
DOWN	A86485_dnf2_shared	medtr.A17.gnm5.ann1_6.MtrunA17Chr8g0348451	MtrunA17Chr8g0348451			medtr.A17.gnm5.MtrunA17Chr8	+	11086468	11090313	-2.23415757365808	0.00102725344605764	DOWN	-3.02160104192359	8.85402145586349e-06	DOWN
DOWN	A86485_dnf2_shared	medtr.A17.gnm5.ann1_6.MtrunA17Chr7g0253811	MtrunA17Chr7g0253811			medtr.A17.gnm5.MtrunA17Chr7	-	40252563	40253219	-3.37739618386388	0.00158174364634013	DOWN	-3.0178867638752	0.0018130175713053	DOWN
DOWN	A86485_dnf2_shared	medtr.A17.gnm5.ann1_6.MtrunA17Chr5g0423641	MtrunA17Chr5g0423641	MtNCR307	Nodule-specific Cysteine-Rich peptide	medtr.A17.gnm5.MtrunA17Chr5	+	25395498	25397326	-2.56933679163768	0.00124533198579001	DOWN	-3.01055425482387	9.17273097576451e-05	DOWN
DOWN	A86485_dnf2_shared	medtr.A17.gnm5.ann1_6.MtrunA17Chr1g0193121	MtrunA17Chr1g0193121			medtr.A17.gnm5.MtrunA17Chr1	-	41602963	41606995	-2.76311943275975	0.00623384143433081	DOWN	-3.00129616692745	0.00162110125618955	DOWN
DOWN	A86485_dnf2_shared	medtr.A17.gnm5.ann1_6.MtrunA17Chr7g0229931	MtrunA17Chr7g0229931	MtNCR169	Nodule-specific Cysteine-Rich peptide (corresponds to dnf7 mutation)	medtr.A17.gnm5.MtrunA17Chr7	-	17712671	17717025	-2.75585990691513	0.00197790958806143	DOWN	-3.00100425138605	0.000366364539914807	DOWN
DOWN	A86485_dnf2_shared	medtr.A17.gnm5.ann1_6.MtrunA17Chr2g0277131	MtrunA17Chr2g0277131	MtDMI1	does not make infection 1|ion  channel	medtr.A17.gnm5.MtrunA17Chr2	+	372561	378737	-2.20076806341369	0.00278132391760016	DOWN	-2.9986516331497	2.85178860791067e-05	DOWN
DOWN	A86485_dnf2_shared	medtr.A17.gnm5.ann1_6.MtrunA17Chr5g0440601	MtrunA17Chr5g0440601			medtr.A17.gnm5.MtrunA17Chr5	+	39291593	39293390	-1.86802953017494	0.0282143244712386	DOWN	-2.99758285785548	0.000116496310906554	DOWN
DOWN	A86485_dnf2_shared	medtr.A17.gnm5.ann1_6.MtrunA17Chr2g0314081	MtrunA17Chr2g0314081			medtr.A17.gnm5.MtrunA17Chr2	+	36680235	36681856	-2.88694434065668	0.000344628191587868	DOWN	-2.9940056267469	8.34737406259623e-05	DOWN
DOWN	A86485_dnf2_shared	medtr.A17.gnm5.ann1_6.MtrunA17Chr4g0004881	MtrunA17Chr4g0004881	MtFPN3	ferroportin 3	medtr.A17.gnm5.MtrunA17Chr4	+	3843673	3848258	-3.80141060611054	0.000349103946026839	DOWN	-2.99192031107846	0.000780242105347553	DOWN
DOWN	A86485_dnf2_shared	medtr.A17.gnm5.ann1_6.MtrunA17Chr3g0100561	MtrunA17Chr3g0100561	MtCaML2	calmodulin-like 2	medtr.A17.gnm5.MtrunA17Chr3	-	25082384	25086428	-2.64392650956658	0.00339991390900951	DOWN	-2.99072576073187	0.000437962132514812	DOWN
DOWN	A86485_dnf2_shared	medtr.A17.gnm5.ann1_6.MtrunA17Chr8g0365091	MtrunA17Chr8g0365091	MtNCR182	Nodule-specific Cysteine-Rich peptide	medtr.A17.gnm5.MtrunA17Chr8	+	29319314	29319884	-3.03187747396046	0.000818720153799274	DOWN	-2.98539250136179	0.00037648646685733	DOWN
DOWN	A86485_dnf2_shared	medtr.A17.gnm5.ann1_6.MtrunA17Chr3g0083221	MtrunA17Chr3g0083221			medtr.A17.gnm5.MtrunA17Chr3	+	4864539	4865110	-1.66679378361121	0.0499795745402237	DOWN	-2.98249880693733	1.5050923712231e-05	DOWN
DOWN	A86485_dnf2_shared	medtr.A17.gnm5.ann1_6.MtrunA17Chr3g0095301	MtrunA17Chr3g0095301			medtr.A17.gnm5.MtrunA17Chr3	-	18683766	18685024	-2.57523966359168	0.00361865034761227	DOWN	-2.98143214023998	0.000494301738667894	DOWN
DOWN	A86485_dnf2_shared	medtr.A17.gnm5.ann1_6.MtrunA17Chr8g0347211	MtrunA17Chr8g0347211			medtr.A17.gnm5.MtrunA17Chr8	+	10193836	10194431	-2.2465510359169	0.0454081119013765	DOWN	-2.98031384113067	0.00299318877764077	DOWN
DOWN	A86485_dnf2_shared	medtr.A17.gnm5.ann1_6.MtrunA17Chr7g0243601	MtrunA17Chr7g0243601	MtNCR459	Nodule-specific Cysteine-Rich peptide	medtr.A17.gnm5.MtrunA17Chr7	+	32839661	32844872	-2.5264198674677	0.00336542227762981	DOWN	-2.97970317603014	0.000262577969129368	DOWN
DOWN	A86485_dnf2_shared	medtr.A17.gnm5.ann1_6.MtrunA17Chr5g0393421	MtrunA17Chr5g0393421			medtr.A17.gnm5.MtrunA17Chr5	-	67135	68265	-3.16542061869881	0.000352974486786305	DOWN	-2.97815517899521	0.000231998324569462	DOWN
DOWN	A86485_dnf2_shared	medtr.A17.gnm5.ann1_6.MtrunA17Chr6g0487681	MtrunA17Chr6g0487681			medtr.A17.gnm5.MtrunA17Chr6	+	41957746	41958370	-4.52536079353554	0.000941448082952789	DOWN	-2.97217752802255	0.00561032142943692	DOWN
DOWN	A86485_dnf2_shared	medtr.A17.gnm5.ann1_6.MtrunA17Chr3g0081481	MtrunA17Chr3g0081481	MtNCR120	Nodule-specific Cysteine-Rich peptide	medtr.A17.gnm5.MtrunA17Chr3	-	3439080	3441361	-2.18708086615904	0.0217755879735918	DOWN	-2.96188128884379	0.000486957418980665	DOWN
DOWN	A86485_dnf2_shared	medtr.A17.gnm5.ann1_6.MtrunA17Chr1g0157251	MtrunA17Chr1g0157251			medtr.A17.gnm5.MtrunA17Chr1	+	8522102	8528240	-2.62290187302729	0.000200166209715286	DOWN	-2.960679363077	1.34012059832605e-05	DOWN
DOWN	A86485_dnf2_shared	medtr.A17.gnm5.ann1_6.MtrunA17Chr7g0246091	MtrunA17Chr7g0246091			medtr.A17.gnm5.MtrunA17Chr7	+	34975129	34977325	-2.70564805567698	6.95087827156464e-05	DOWN	-2.96015993991252	6.3596211840229e-06	DOWN
DOWN	A86485_dnf2_shared	medtr.A17.gnm5.ann1_6.MtrunA17Chr8g0355201	MtrunA17Chr8g0355201			medtr.A17.gnm5.MtrunA17Chr8	-	16749879	16757501	-1.84079988854218	0.0200032799616727	DOWN	-2.95730600382269	2.35530025441387e-05	DOWN
DOWN	A86485_dnf2_shared	medtr.A17.gnm5.ann1_6.MtrunA17Chr1g0183881	MtrunA17Chr1g0183881			medtr.A17.gnm5.MtrunA17Chr1	+	34522858	34525095	-2.52758518557504	0.0237573467120463	DOWN	-2.95725903663227	0.00419217411475967	DOWN
DOWN	A86485_dnf2_shared	medtr.A17.gnm5.ann1_6.MtrunA17Chr6g0474451	MtrunA17Chr6g0474451	MtNCR015	Nodule-specific Cysteine-Rich peptide	medtr.A17.gnm5.MtrunA17Chr6	-	28345867	28346899	-2.00068651756124	0.0298236966373558	DOWN	-2.95399604755262	0.000252518148562752	DOWN
DOWN	A86485_dnf2_shared	medtr.A17.gnm5.ann1_6.MtrunA17Chr8g0360871	MtrunA17Chr8g0360871			medtr.A17.gnm5.MtrunA17Chr8	+	25166987	25182400	-2.64987019466891	0.00102725344605764	DOWN	-2.95364452432788	0.000133968630820665	DOWN
DOWN	A86485_dnf2_shared	medtr.A17.gnm5.ann1_6.MtrunA17Chr5g0400901	MtrunA17Chr5g0400901			medtr.A17.gnm5.MtrunA17Chr5	-	5193615	5194995	-3.3326547258539	0.000225227484172694	DOWN	-2.95258011653126	0.000200566547362153	DOWN
DOWN	A86485_dnf2_shared	medtr.A17.gnm5.ann1_6.MtrunA17Chr2g0310671	MtrunA17Chr2g0310671			medtr.A17.gnm5.MtrunA17Chr2	+	33619816	33621810	-2.77251072009673	0.00186512582098364	DOWN	-2.94628119913332	0.000455076472930704	DOWN
DOWN	A86485_dnf2_shared	medtr.A17.gnm5.ann1_6.MtrunA17Chr3g0078221	MtrunA17Chr3g0078221	MtNCR098	Nodule-specific Cysteine-Rich peptide	medtr.A17.gnm5.MtrunA17Chr3	+	828606	830906	-3.03076663007184	0.0034480190367404	DOWN	-2.93804068688242	0.00212134198420962	DOWN
DOWN	A86485_dnf2_shared	medtr.A17.gnm5.ann1_6.MtrunA17Chr8g0360881	MtrunA17Chr8g0360881			medtr.A17.gnm5.MtrunA17Chr8	-	25181346	25186822	-2.88991257867247	0.000272639837863871	DOWN	-2.93499448417178	7.82255624080475e-05	DOWN
DOWN	A86485_dnf2_shared	medtr.A17.gnm5.ann1_6.MtrunA17Chr3g0110941	MtrunA17Chr3g0110941			medtr.A17.gnm5.MtrunA17Chr3	+	33349449	33352159	-2.50793519294388	0.0358874977609966	DOWN	-2.93320377170927	0.00684914835435345	DOWN
DOWN	A86485_dnf2_shared	medtr.A17.gnm5.ann1_6.MtrunA17Chr5g0422771	MtrunA17Chr5g0422771			medtr.A17.gnm5.MtrunA17Chr5	+	24649255	24653153	-1.98593294757702	0.012462240386924	DOWN	-2.93094840789474	5.8043899653016e-05	DOWN
DOWN	A86485_dnf2_shared	medtr.A17.gnm5.ann1_6.MtrunA17Chr7g0246461	MtrunA17Chr7g0246461			medtr.A17.gnm5.MtrunA17Chr7	+	35226493	35229627	-2.15626561356783	0.0167006261782126	DOWN	-2.9308513372558	0.00040924329633741	DOWN
DOWN	A86485_dnf2_shared	medtr.A17.gnm5.ann1_6.MtrunA17Chr7g0227731	MtrunA17Chr7g0227731	MtNCR703	Nodule-specific Cysteine-Rich peptide	medtr.A17.gnm5.MtrunA17Chr7	-	12851977	12853661	-2.32102722494555	0.0240574571262907	DOWN	-2.92974801182976	0.00157466539819558	DOWN
DOWN	A86485_dnf2_shared	medtr.A17.gnm5.ann1_6.MtrunA17Chr7g0236321	MtrunA17Chr7g0236321	MtLP7	LEED..PEED family	medtr.A17.gnm5.MtrunA17Chr7	+	26532563	26533918	-3.17162526937176	0.00208593567663403	DOWN	-2.92712512489519	0.00189233677117039	DOWN
DOWN	A86485_dnf2_shared	medtr.A17.gnm5.ann1_6.MtrunA17Chr5g0420901	MtrunA17Chr5g0420901			medtr.A17.gnm5.MtrunA17Chr5	-	21441947	21445495	-2.14603473001485	0.00823426893566733	DOWN	-2.92626171325251	0.00011559906325007	DOWN
DOWN	A86485_dnf2_shared	medtr.A17.gnm5.ann1_6.MtrunA17Chr1g0180641	MtrunA17Chr1g0180641			medtr.A17.gnm5.MtrunA17Chr1	+	31796152	31798691	-3.95401874738799	0.00808743340888307	DOWN	-2.92560389041942	0.0198243378190583	DOWN
DOWN	A86485_dnf2_shared	medtr.A17.gnm5.ann1_6.MtrunA17Chr6g0450411	MtrunA17Chr6g0450411	MtNCR663	Nodule-specific Cysteine-Rich peptide	medtr.A17.gnm5.MtrunA17Chr6	+	1161832	1167583	-2.38886718062854	0.0153994016536464	DOWN	-2.9254050625276	0.0011003264260325	DOWN
DOWN	A86485_dnf2_shared	medtr.A17.gnm5.ann1_6.MtrunA17Chr4g0046441	MtrunA17Chr4g0046441	MtNCR116	Nodule-specific Cysteine-Rich peptide	medtr.A17.gnm5.MtrunA17Chr4	+	42803062	42805627	-2.86482060790206	0.00198087583354105	DOWN	-2.92479059041565	0.000717314349305555	DOWN
DOWN	A86485_dnf2_shared	medtr.A17.gnm5.ann1_6.MtrunA17Chr8g0346681	MtrunA17Chr8g0346681			medtr.A17.gnm5.MtrunA17Chr8	+	9704284	9706891	-2.70100135844467	0.00226198539259911	DOWN	-2.92447004227905	0.000489982951803154	DOWN
DOWN	A86485_dnf2_shared	medtr.A17.gnm5.ann1_6.MtrunA17Chr1g0174961	MtrunA17Chr1g0174961	MtNCR039	Nodule-specific Cysteine-Rich peptide	medtr.A17.gnm5.MtrunA17Chr1	-	26295974	26297655	-2.72145387763026	0.00290841687151774	DOWN	-2.92403635337963	0.000645977406502613	DOWN
DOWN	A86485_dnf2_shared	medtr.A17.gnm5.ann1_6.MtrunA17Chr7g0231271	MtrunA17Chr7g0231271			medtr.A17.gnm5.MtrunA17Chr7	-	20913103	20913942	-2.69200162234927	0.000637723958737186	DOWN	-2.91423747532153	0.000113165724391812	DOWN
DOWN	A86485_dnf2_shared	medtr.A17.gnm5.ann1_6.MtrunA17Chr2g0283731	MtrunA17Chr2g0283731			medtr.A17.gnm5.MtrunA17Chr2	-	4790391	4791152	-2.61131878839786	0.00342841482511495	DOWN	-2.91179328477023	0.0006090242547694	DOWN
DOWN	A86485_dnf2_shared	medtr.A17.gnm5.ann1_6.MtrunA17Chr3g0124081	MtrunA17Chr3g0124081			medtr.A17.gnm5.MtrunA17Chr3	+	43012305	43015748	-1.54168294401795	0.0425009881527281	DOWN	-2.91168698920605	4.65544797575677e-06	DOWN
DOWN	A86485_dnf2_shared	medtr.A17.gnm5.ann1_6.MtrunA17Chr4g0020421	MtrunA17Chr4g0020421	MtNCR486	Nodule-specific Cysteine-Rich peptide	medtr.A17.gnm5.MtrunA17Chr4	+	16392596	16394940	-2.84084768832335	0.00287674565986776	DOWN	-2.90934389233613	0.00110997935973718	DOWN
DOWN	A86485_dnf2_shared	medtr.A17.gnm5.ann1_6.MtrunA17Chr3g0083281	MtrunA17Chr3g0083281	MtNCR136	Nodule-specific Cysteine-Rich peptide	medtr.A17.gnm5.MtrunA17Chr3	-	4894799	4897074	-2.18936147149835	0.0112024335862857	DOWN	-2.90803635182533	0.000226863651839624	DOWN
DOWN	A86485_dnf2_shared	medtr.A17.gnm5.ann1_6.MtrunA17Chr7g0271281	MtrunA17Chr7g0271281			medtr.A17.gnm5.MtrunA17Chr7	+	52761564	52763699	-2.84308458610349	0.000628345507264072	DOWN	-2.9050850458378	0.000193025962364857	DOWN
DOWN	A86485_dnf2_shared	medtr.A17.gnm5.ann1_6.MtrunA17Chr5g0428911	MtrunA17Chr5g0428911			medtr.A17.gnm5.MtrunA17Chr5	-	30469161	30469640	-2.06913621915438	0.0038892692258684	DOWN	-2.90025012310535	2.42929645467167e-05	DOWN
DOWN	A86485_dnf2_shared	medtr.A17.gnm5.ann1_6.MtrunA17Chr5g0417631	MtrunA17Chr5g0417631	MtLb5	leghemoglobin5	medtr.A17.gnm5.MtrunA17Chr5	+	18195254	18197566	-2.87125979792955	0.00658112068549469	DOWN	-2.89689629260571	0.0030048985489492	DOWN
DOWN	A86485_dnf2_shared	medtr.A17.gnm5.ann1_6.MtrunA17Chr5g0429841	MtrunA17Chr5g0429841	MtNCR217	Nodule-specific Cysteine-Rich peptide	medtr.A17.gnm5.MtrunA17Chr5	+	31074114	31075994	-2.35034864795396	0.0145213428460296	DOWN	-2.89561704782878	0.000926841055540117	DOWN
DOWN	A86485_dnf2_shared	medtr.A17.gnm5.ann1_6.MtrunA17Chr1g0167631	MtrunA17Chr1g0167631	MtNCR054	Nodule-specific Cysteine-Rich peptide	medtr.A17.gnm5.MtrunA17Chr1	-	16488052	16490703	-1.80954525037331	0.0407758562772051	DOWN	-2.88831967045273	7.81397666356531e-05	DOWN
DOWN	A86485_dnf2_shared	medtr.A17.gnm5.ann1_6.MtrunA17Chr7g0246471	MtrunA17Chr7g0246471			medtr.A17.gnm5.MtrunA17Chr7	-	35229018	35229512	-2.17509489309809	0.0295925559168082	DOWN	-2.88689684927847	0.00142995259398796	DOWN
DOWN	A86485_dnf2_shared	medtr.A17.gnm5.ann1_6.MtrunA17Chr7g0214461	MtrunA17Chr7g0214461	MtNPF7.4	NRT1/ PTR FAMILY|nitrate transporter / peptide transporter	medtr.A17.gnm5.MtrunA17Chr7	+	522415	525993	-3.99001082109179	0.000182343454423678	DOWN	-2.88437557612273	0.00081749528684907	DOWN
DOWN	A86485_dnf2_shared	medtr.A17.gnm5.ann1_6.MtrunA17Chr1g0185781	MtrunA17Chr1g0185781			medtr.A17.gnm5.MtrunA17Chr1	-	36119089	36120268	-2.71363597911754	0.00336944446517649	DOWN	-2.88048871371715	0.000946032990465195	DOWN
DOWN	A86485_dnf2_shared	medtr.A17.gnm5.ann1_6.MtrunA17Chr4g0007901	MtrunA17Chr4g0007901	MtNCR170	Nodule-specific Cysteine-Rich peptide	medtr.A17.gnm5.MtrunA17Chr4	+	6165779	6166841	-2.51909174459651	0.0100780155317925	DOWN	-2.87968955736338	0.0014762569710954	DOWN
DOWN	A86485_dnf2_shared	medtr.A17.gnm5.ann1_6.MtrunA17Chr2g0301791	MtrunA17Chr2g0301791			medtr.A17.gnm5.MtrunA17Chr2	-	19475549	19477755	-2.56710501641557	0.00143366971047086	DOWN	-2.87866256528814	0.000167242962147061	DOWN
DOWN	A86485_dnf2_shared	medtr.A17.gnm5.ann1_6.MtrunA17Chr2g0314641	MtrunA17Chr2g0314641			medtr.A17.gnm5.MtrunA17Chr2	+	37062308	37066325	-2.91537647714866	0.00825191445268317	DOWN	-2.8779862063807	0.00479171980261705	DOWN
DOWN	A86485_dnf2_shared	medtr.A17.gnm5.ann1_6.MtrunA17Chr7g0236281	MtrunA17Chr7g0236281			medtr.A17.gnm5.MtrunA17Chr7	-	26518134	26522735	-3.20550439171928	0.00151341653305847	DOWN	-2.87413510810348	0.00176546913253298	DOWN
DOWN	A86485_dnf2_shared	medtr.A17.gnm5.ann1_6.MtrunA17Chr5g0436961	MtrunA17Chr5g0436961			medtr.A17.gnm5.MtrunA17Chr5	-	36639557	36648974	-2.20424563087366	0.00526908691149732	DOWN	-2.86865606290047	0.000106668394710968	DOWN
DOWN	A86485_dnf2_shared	medtr.A17.gnm5.ann1_6.MtrunA17Chr5g0435981	MtrunA17Chr5g0435981	MtLb7|MtLb10	leghemoglobin7	medtr.A17.gnm5.MtrunA17Chr5	+	35876659	35878677	-2.52294570115132	0.0110650080124918	DOWN	-2.86847093483862	0.00166187416074951	DOWN
DOWN	A86485_dnf2_shared	medtr.A17.gnm5.ann1_6.MtrunA17Chr2g0330871	MtrunA17Chr2g0330871			medtr.A17.gnm5.MtrunA17Chr2	-	49410427	49415475	-2.46424396274849	0.000237581020267896	DOWN	-2.86719790036759	1.08743784531869e-05	DOWN
DOWN	A86485_dnf2_shared	medtr.A17.gnm5.ann1_6.MtrunA17Chr2g0306411	MtrunA17Chr2g0306411	MtNCR550	Nodule-specific Cysteine-Rich peptide	medtr.A17.gnm5.MtrunA17Chr2	+	27927029	27930011	-2.82063282842155	0.00281523036367742	DOWN	-2.86518793466637	0.00110997935973718	DOWN
DOWN	A86485_dnf2_shared	medtr.A17.gnm5.ann1_6.MtrunA17Chr4g0035461	MtrunA17Chr4g0035461			medtr.A17.gnm5.MtrunA17Chr4	-	34858514	34867926	-2.32088998524526	0.00953881535280195	DOWN	-2.86051083724255	0.000701130291541803	DOWN
DOWN	A86485_dnf2_shared	medtr.A17.gnm5.ann1_6.MtrunA17Chr7g0232801	MtrunA17Chr7g0232801			medtr.A17.gnm5.MtrunA17Chr7	+	23041739	23043798	-1.89495977319294	0.0167145612108086	DOWN	-2.85469083000346	8.30963835162599e-05	DOWN
DOWN	A86485_dnf2_shared	medtr.A17.gnm5.ann1_6.MtrunA17Chr2g0305411	MtrunA17Chr2g0305411			medtr.A17.gnm5.MtrunA17Chr2	+	24591004	24593052	-4.15265224131251	0.00146970848095903	DOWN	-2.85456913930753	0.0072336825322066	DOWN
DOWN	A86485_dnf2_shared	medtr.A17.gnm5.ann1_6.MtrunA17Chr7g0231281	MtrunA17Chr7g0231281			medtr.A17.gnm5.MtrunA17Chr7	+	20915044	20919454	-2.8771484148969	0.00116614181799262	DOWN	-2.84592483271862	0.000555840895855214	DOWN
DOWN	A86485_dnf2_shared	medtr.A17.gnm5.ann1_6.MtrunA17Chr4g0024051	MtrunA17Chr4g0024051			medtr.A17.gnm5.MtrunA17Chr4	+	24636424	24640440	-2.19264553132856	0.00688051162707208	DOWN	-2.84557155051697	0.000149440155235412	DOWN
DOWN	A86485_dnf2_shared	medtr.A17.gnm5.ann1_6.MtrunA17Chr4g0029641	MtrunA17Chr4g0029641	MtNCR428	Nodule-specific Cysteine-Rich peptide	medtr.A17.gnm5.MtrunA17Chr4	+	30394546	30398245	-2.83131620922048	0.00146418963827783	DOWN	-2.84355156863506	0.000601579994029159	DOWN
DOWN	A86485_dnf2_shared	medtr.A17.gnm5.ann1_6.MtrunA17Chr6g0487921	MtrunA17Chr6g0487921	MtNCR159	Nodule-specific Cysteine-Rich peptide	medtr.A17.gnm5.MtrunA17Chr6	+	42061264	42064073	-2.46164790206889	0.0070586468280083	DOWN	-2.84191022648847	0.000749614552640171	DOWN
DOWN	A86485_dnf2_shared	medtr.A17.gnm5.ann1_6.MtrunA17Chr1g0149721	MtrunA17Chr1g0149721			medtr.A17.gnm5.MtrunA17Chr1	-	2850408	2854931	-3.04127284100066	0.000383032640301726	DOWN	-2.8394545287561	0.000281376577888909	DOWN
DOWN	A86485_dnf2_shared	medtr.A17.gnm5.ann1_6.MtrunA17Chr5g0428901	MtrunA17Chr5g0428901	MtNCR147	Nodule-specific Cysteine-Rich peptide	medtr.A17.gnm5.MtrunA17Chr5	+	30467540	30470212	-1.82596715585417	0.0154425175189083	DOWN	-2.83933182258999	2.01684669746705e-05	DOWN
DOWN	A86485_dnf2_shared	medtr.A17.gnm5.ann1_6.MtrunA17Chr7g0218051	MtrunA17Chr7g0218051			medtr.A17.gnm5.MtrunA17Chr7	-	3472642	3474067	-3.26572251002381	0.00272257701237466	DOWN	-2.83769375317135	0.00382082874228493	DOWN
DOWN	A86485_dnf2_shared	medtr.A17.gnm5.ann1_6.MtrunA17Chr7g0273971	MtrunA17Chr7g0273971			medtr.A17.gnm5.MtrunA17Chr7	-	54465310	54465970	-1.7845540386174	0.0204067455063852	DOWN	-2.83431674423038	3.78442256306139e-05	DOWN
DOWN	A86485_dnf2_shared	medtr.A17.gnm5.ann1_6.MtrunA17Chr5g0403641	MtrunA17Chr5g0403641			medtr.A17.gnm5.MtrunA17Chr5	+	7417794	7419739	-2.4354265008771	0.00213378593594742	DOWN	-2.83260693007346	0.000162468847620471	DOWN
DOWN	A86485_dnf2_shared	medtr.A17.gnm5.ann1_6.MtrunA17Chr3g0094101	MtrunA17Chr3g0094101	MtNCR281	Nodule-specific Cysteine-Rich peptide	medtr.A17.gnm5.MtrunA17Chr3	+	16568133	16568872	-2.10549582221134	0.0119682381574752	DOWN	-2.83256023286662	0.000212647582356151	DOWN
DOWN	A86485_dnf2_shared	medtr.A17.gnm5.ann1_6.MtrunA17Chr4g0007771	MtrunA17Chr4g0007771			medtr.A17.gnm5.MtrunA17Chr4	+	6063487	6063909	-3.19565651682304	0.00482999102950064	DOWN	-2.82799732148381	0.00579395851696611	DOWN
DOWN	A86485_dnf2_shared	medtr.A17.gnm5.ann1_6.MtrunA17Chr6g0474591	MtrunA17Chr6g0474591	MtNCR683	Nodule-specific Cysteine-Rich peptide	medtr.A17.gnm5.MtrunA17Chr6	+	28516931	28517645	-2.88515909966491	0.00779833110590134	DOWN	-2.82050386969205	0.00480438722088856	DOWN
DOWN	A86485_dnf2_shared	medtr.A17.gnm5.ann1_6.MtrunA17Chr6g0479471	MtrunA17Chr6g0479471			medtr.A17.gnm5.MtrunA17Chr6	+	34163221	34164158	-3.10068330236672	0.000305689474931145	DOWN	-2.81687572190675	0.000269353490944595	DOWN
DOWN	A86485_dnf2_shared	medtr.A17.gnm5.ann1_6.MtrunA17Chr5g0437591	MtrunA17Chr5g0437591	MtNCR052	Nodule-specific Cysteine-Rich peptide	medtr.A17.gnm5.MtrunA17Chr5	+	37131784	37133412	-2.99571608353406	0.00124195696566206	DOWN	-2.81336453526339	0.000996027019457293	DOWN
DOWN	A86485_dnf2_shared	medtr.A17.gnm5.ann1_6.MtrunA17Chr2g0321101	MtrunA17Chr2g0321101			medtr.A17.gnm5.MtrunA17Chr2	+	42193023	42199704	-2.23252512009591	0.00903580869050351	DOWN	-2.81122383198875	0.000323603747505734	DOWN
DOWN	A86485_dnf2_shared	medtr.A17.gnm5.ann1_6.MtrunA17Chr4g0012741	MtrunA17Chr4g0012741			medtr.A17.gnm5.MtrunA17Chr4	-	10155157	10158335	-3.26125586391493	0.00495278775981027	DOWN	-2.80690034742614	0.00708537942824971	DOWN
DOWN	A86485_dnf2_shared	medtr.A17.gnm5.ann1_6.MtrunA17Chr2g0317781	MtrunA17Chr2g0317781	MtNCR072	Nodule-specific Cysteine-Rich peptide	medtr.A17.gnm5.MtrunA17Chr2	+	39574626	39576527	-2.96797550201503	0.00149012276394062	DOWN	-2.80373557711206	0.00114642939776401	DOWN
DOWN	A86485_dnf2_shared	medtr.A17.gnm5.ann1_6.MtrunA17Chr4g0026151	MtrunA17Chr4g0026151			medtr.A17.gnm5.MtrunA17Chr4	+	27143127	27144463	-3.48449927443385	0.00743980857094983	DOWN	-2.80325021204712	0.0141337065745734	DOWN
DOWN	A86485_dnf2_shared	medtr.A17.gnm5.ann1_6.MtrunA17Chr6g0453951	MtrunA17Chr6g0453951			medtr.A17.gnm5.MtrunA17Chr6	+	4197209	4199058	-2.25271293221551	0.0204773868926829	DOWN	-2.80287042454858	0.0013589852148754	DOWN
DOWN	A86485_dnf2_shared	medtr.A17.gnm5.ann1_6.MtrunA17Chr4g0012481	MtrunA17Chr4g0012481	MtNCR043	Nodule-specific Cysteine-Rich peptide	medtr.A17.gnm5.MtrunA17Chr4	-	9848215	9849244	-2.45263986798979	0.0151998355629746	DOWN	-2.79964055532001	0.00244329343405177	DOWN
DOWN	A86485_dnf2_shared	medtr.A17.gnm5.ann1_6.MtrunA17Chr5g0429071	MtrunA17Chr5g0429071			medtr.A17.gnm5.MtrunA17Chr5	-	30568270	30569029	-2.39370001605308	0.0467500319600799	DOWN	-2.79837905928847	0.0106136695961481	DOWN
DOWN	A86485_dnf2_shared	medtr.A17.gnm5.ann1_6.MtrunA17Chr4g0041281	MtrunA17Chr4g0041281			medtr.A17.gnm5.MtrunA17Chr4	-	38991990	38996014	-2.90150813129322	0.000111543444878896	DOWN	-2.7943409923372	4.30974670771594e-05	DOWN
DOWN	A86485_dnf2_shared	medtr.A17.gnm5.ann1_6.MtrunA17Chr1g0174621	MtrunA17Chr1g0174621	MtNCR259	Nodule-specific Cysteine-Rich peptide	medtr.A17.gnm5.MtrunA17Chr1	+	25817405	25820858	-1.94906833540208	0.0210404541427219	DOWN	-2.78953366639005	0.000139328075106387	DOWN
DOWN	A86485_dnf2_shared	medtr.A17.gnm5.ann1_6.MtrunA17Chr8g0361621	MtrunA17Chr8g0361621	MtNCR104	Nodule-specific Cysteine-Rich peptide	medtr.A17.gnm5.MtrunA17Chr8	+	26111917	26112566	-2.88476444950176	0.00612089369517494	DOWN	-2.78806518357009	0.00404153146415276	DOWN
DOWN	A86485_dnf2_shared	medtr.A17.gnm5.ann1_6.MtrunA17Chr2g0295231	MtrunA17Chr2g0295231	MtNCR574	Nodule-specific Cysteine-Rich peptide	medtr.A17.gnm5.MtrunA17Chr2	+	13676387	13678713	-2.86371593914002	0.0124471952753508	DOWN	-2.78626533702434	0.00821368236730925	DOWN
DOWN	A86485_dnf2_shared	medtr.A17.gnm5.ann1_6.MtrunA17Chr8g0358281	MtrunA17Chr8g0358281	MtNCR482	Nodule-specific Cysteine-Rich peptide	medtr.A17.gnm5.MtrunA17Chr8	+	20434707	20438611	-2.76275842581182	0.00303040750188689	DOWN	-2.78482930898761	0.00131828347307062	DOWN
DOWN	A86485_dnf2_shared	medtr.A17.gnm5.ann1_6.MtrunA17Chr3g0101831	MtrunA17Chr3g0101831	MtCYP71D429	Cytochrome P450 monooxygenase	medtr.A17.gnm5.MtrunA17Chr3	-	26361979	26364336	-2.64464310845655	0.0101753447192529	DOWN	-2.78263587828693	0.00364024564197101	DOWN
DOWN	A86485_dnf2_shared	medtr.A17.gnm5.ann1_6.MtrunA17Chr5g0426841	MtrunA17Chr5g0426841			medtr.A17.gnm5.MtrunA17Chr5	+	28638157	28650839	-2.68405374919703	0.000344628191587868	DOWN	-2.78199509669177	8.5867291988966e-05	DOWN
DOWN	A86485_dnf2_shared	medtr.A17.gnm5.ann1_6.MtrunA17Chr4g0027911	MtrunA17Chr4g0027911			medtr.A17.gnm5.MtrunA17Chr4	-	28985685	28988870	-1.94608237869065	0.0414117355342161	DOWN	-2.78009554474466	0.000590390002301627	DOWN
DOWN	A86485_dnf2_shared	medtr.A17.gnm5.ann1_6.MtrunA17Chr3g0088981	MtrunA17Chr3g0088981	MtNCR221	Nodule-specific Cysteine-Rich peptide	medtr.A17.gnm5.MtrunA17Chr3	-	10169592	10170444	-2.3003809266288	0.00527704184454085	DOWN	-2.7763129450617	0.000281004125649741	DOWN
DOWN	A86485_dnf2_shared	medtr.A17.gnm5.ann1_6.MtrunA17Chr6g0465081	MtrunA17Chr6g0465081			medtr.A17.gnm5.MtrunA17Chr6	-	14229126	14231544	-2.80475717654352	0.00966002749834571	DOWN	-2.77252763876029	0.00583829304590945	DOWN
DOWN	A86485_dnf2_shared	medtr.A17.gnm5.ann1_6.MtrunA17Chr5g0424941	MtrunA17Chr5g0424941			medtr.A17.gnm5.MtrunA17Chr5	+	27011423	27012612	-1.73659009580221	0.0380997555256288	DOWN	-2.77160279289115	6.04895075563279e-05	DOWN
DOWN	A86485_dnf2_shared	medtr.A17.gnm5.ann1_6.MtrunA17Chr4g0014761	MtrunA17Chr4g0014761	MtNCR623	Nodule-specific Cysteine-Rich peptide	medtr.A17.gnm5.MtrunA17Chr4	+	12125977	12127161	-2.67130451604724	0.00489610399637773	DOWN	-2.76539001968644	0.00167074399973502	DOWN
DOWN	A86485_dnf2_shared	medtr.A17.gnm5.ann1_6.MtrunA17Chr1g0187291	MtrunA17Chr1g0187291			medtr.A17.gnm5.MtrunA17Chr1	+	37360542	37362505	-2.83037337706856	0.00448536300757978	DOWN	-2.75890089475035	0.00273785179667045	DOWN
DOWN	A86485_dnf2_shared	medtr.A17.gnm5.ann1_6.MtrunA17Chr3g0102831	MtrunA17Chr3g0102831			medtr.A17.gnm5.MtrunA17Chr3	-	27330882	27331871	-3.1163767581206	0.009997117142645	DOWN	-2.75527995271658	0.0127027444489553	DOWN
DOWN	A86485_dnf2_shared	medtr.A17.gnm5.ann1_6.MtrunA17Chr7g0216381	MtrunA17Chr7g0216381	MtNCR033	Nodule-specific Cysteine-Rich peptide	medtr.A17.gnm5.MtrunA17Chr7	-	2097779	2098528	-2.50952818491093	0.00604706376928958	DOWN	-2.75404086438484	0.00110366951769574	DOWN
DOWN	A86485_dnf2_shared	medtr.A17.gnm5.ann1_6.MtrunA17Chr3g0083011	MtrunA17Chr3g0083011	MtNCR132	Nodule-specific Cysteine-Rich peptide	medtr.A17.gnm5.MtrunA17Chr3	-	4724804	4725523	-2.08718620426854	0.0168349556919519	DOWN	-2.74985912166214	0.000361939238557581	DOWN
DOWN	A86485_dnf2_shared	medtr.A17.gnm5.ann1_6.MtrunA17Chr1g0211151	MtrunA17Chr1g0211151			medtr.A17.gnm5.MtrunA17Chr1	-	54744657	54747427	-3.09427674127873	0.0141347428372977	DOWN	-2.74900490190418	0.0160750256863223	DOWN
DOWN	A86485_dnf2_shared	medtr.A17.gnm5.ann1_6.MtrunA17Chr5g0420911	MtrunA17Chr5g0420911			medtr.A17.gnm5.MtrunA17Chr5	+	21441987	21443630	-2.07618288279501	0.0247760325580152	DOWN	-2.74436958263191	0.000736771479662502	DOWN
DOWN	A86485_dnf2_shared	medtr.A17.gnm5.ann1_6.MtrunA17Chr1g0205641	MtrunA17Chr1g0205641			medtr.A17.gnm5.MtrunA17Chr1	+	50828633	50829699	-1.81900145566859	0.0480396263001891	DOWN	-2.74322872622797	0.000369718529906999	DOWN
DOWN	A86485_dnf2_shared	medtr.A17.gnm5.ann1_6.MtrunA17Chr7g0236241	MtrunA17Chr7g0236241	MtLP2	LEED..PEED family	medtr.A17.gnm5.MtrunA17Chr7	+	26500875	26501569	-3.38619021167722	0.00759513785244764	DOWN	-2.74284191138029	0.0145350551725665	DOWN
DOWN	A86485_dnf2_shared	medtr.A17.gnm5.ann1_6.MtrunA17Chr6g0479141	MtrunA17Chr6g0479141	MtGS1a	cytosolic glutamine synthetase	medtr.A17.gnm5.MtrunA17Chr6	-	33758121	33763446	-2.52167939118518	0.00114689483614978	DOWN	-2.74076210615451	0.000176019855176548	DOWN
DOWN	A86485_dnf2_shared	medtr.A17.gnm5.ann1_6.MtrunA17Chr3g0099001	MtrunA17Chr3g0099001			medtr.A17.gnm5.MtrunA17Chr3	+	23826152	23826976	-2.68056937784424	0.00582744805243709	DOWN	-2.74060446204884	0.00244449790217032	DOWN
DOWN	A86485_dnf2_shared	medtr.A17.gnm5.ann1_6.MtrunA17Chr8g0339511	MtrunA17Chr8g0339511	MtPDF8	Plant Defensin 8	medtr.A17.gnm5.MtrunA17Chr8	-	3656188	3657448	-2.163206200197	0.00286551577607742	DOWN	-2.73895045291977	6.34369493252808e-05	DOWN
DOWN	A86485_dnf2_shared	medtr.A17.gnm5.ann1_6.MtrunA17Chr1g0167551	MtrunA17Chr1g0167551			medtr.A17.gnm5.MtrunA17Chr1	+	16463345	16466193	-2.85764232201956	0.003569305573623	DOWN	-2.73862943380446	0.00257503050228513	DOWN
DOWN	A86485_dnf2_shared	medtr.A17.gnm5.ann1_6.MtrunA17Chr4g0021181	MtrunA17Chr4g0021181			medtr.A17.gnm5.MtrunA17Chr4	+	18120354	18120546	-3.65747974257449	0.00112412870519389	DOWN	-2.73520465130334	0.00468301872290916	DOWN
DOWN	A86485_dnf2_shared	medtr.A17.gnm5.ann1_6.MtrunA17Chr1g0166801	MtrunA17Chr1g0166801			medtr.A17.gnm5.MtrunA17Chr1	-	16129330	16132976	-2.1539168154546	0.00271130552760949	DOWN	-2.73508947643362	5.35840650559391e-05	DOWN
DOWN	A86485_dnf2_shared	medtr.A17.gnm5.ann1_6.MtrunA17Chr3g0108521	MtrunA17Chr3g0108521	MtNCR125	Nodule-specific Cysteine-Rich peptide	medtr.A17.gnm5.MtrunA17Chr3	+	31839987	31841786	-2.18635384762896	0.0230719530870928	DOWN	-2.7260145030957	0.00128079258330762	DOWN
DOWN	A86485_dnf2_shared	medtr.A17.gnm5.ann1_6.MtrunA17Chr8g0350901	MtrunA17Chr8g0350901			medtr.A17.gnm5.MtrunA17Chr8	+	13091631	13094351	-2.37370139328426	0.0322381233924658	DOWN	-2.72582262866937	0.00562886951999787	DOWN
DOWN	A86485_dnf2_shared	medtr.A17.gnm5.ann1_6.MtrunA17Chr4g0023401	MtrunA17Chr4g0023401	MtNCR106	Nodule-specific Cysteine-Rich peptide	medtr.A17.gnm5.MtrunA17Chr4	-	24012213	24014935	-2.41524074117296	0.0128212557454244	DOWN	-2.72353196079974	0.00201803558223499	DOWN
DOWN	A86485_dnf2_shared	medtr.A17.gnm5.ann1_6.MtrunA17Chr5g0429081	MtrunA17Chr5g0429081			medtr.A17.gnm5.MtrunA17Chr5	-	30569635	30570397	-2.35390598339652	0.0485869418427348	DOWN	-2.72323568035203	0.0108443497107876	DOWN
DOWN	A86485_dnf2_shared	medtr.A17.gnm5.ann1_6.MtrunA17Chr8g0351671	MtrunA17Chr8g0351671			medtr.A17.gnm5.MtrunA17Chr8	-	13681840	13683374	-1.80806742635618	0.0269591190199378	DOWN	-2.72120779807364	0.000113165724391812	DOWN
DOWN	A86485_dnf2_shared	medtr.A17.gnm5.ann1_6.MtrunA17Chr3g0082531	MtrunA17Chr3g0082531			medtr.A17.gnm5.MtrunA17Chr3	-	4297872	4301319	-2.40071991026203	0.00698001867584135	DOWN	-2.71992881244593	0.00103450226382406	DOWN
DOWN	A86485_dnf2_shared	medtr.A17.gnm5.ann1_6.MtrunA17Chr2g0330511	MtrunA17Chr2g0330511			medtr.A17.gnm5.MtrunA17Chr2	-	49224128	49226332	-2.43702339421343	0.0418427422125033	DOWN	-2.71774016520442	0.0118536583548983	DOWN
DOWN	A86485_dnf2_shared	medtr.A17.gnm5.ann1_6.MtrunA17Chr1g0193721	MtrunA17Chr1g0193721			medtr.A17.gnm5.MtrunA17Chr1	-	42096689	42099497	-2.46384952565587	0.00326257754053012	DOWN	-2.71740969378628	0.000488253488149994	DOWN
DOWN	A86485_dnf2_shared	medtr.A17.gnm5.ann1_6.MtrunA17Chr1g0189971	MtrunA17Chr1g0189971			medtr.A17.gnm5.MtrunA17Chr1	-	39301887	39303851	-2.86983595008728	0.00049958449968293	DOWN	-2.71001851211608	0.00035114500343776	DOWN
DOWN	A86485_dnf2_shared	medtr.A17.gnm5.ann1_6.MtrunA17Chr1g0169081	MtrunA17Chr1g0169081			medtr.A17.gnm5.MtrunA17Chr1	-	17821571	17824352	-2.54356037414871	0.00537680377057069	DOWN	-2.70999602516795	0.00161146981708079	DOWN
DOWN	A86485_dnf2_shared	medtr.A17.gnm5.ann1_6.MtrunA17Chr3g0110811	MtrunA17Chr3g0110811			medtr.A17.gnm5.MtrunA17Chr3	-	33254946	33258686	-2.49189075546483	0.0215824141249057	DOWN	-2.7089882408582	0.00666412206902893	DOWN
DOWN	A86485_dnf2_shared	medtr.A17.gnm5.ann1_6.MtrunA17Chr3g0110101	MtrunA17Chr3g0110101	MtNCR077	Nodule-specific Cysteine-Rich peptide	medtr.A17.gnm5.MtrunA17Chr3	-	32850696	32851998	-3.10124483796097	0.00175095802009192	DOWN	-2.70882009408101	0.00273011327874928	DOWN
DOWN	A86485_dnf2_shared	medtr.A17.gnm5.ann1_6.MtrunA17Chr8g0365141	MtrunA17Chr8g0365141	MtNCR059	Nodule-specific Cysteine-Rich peptide	medtr.A17.gnm5.MtrunA17Chr8	+	29348942	29349545	-2.90549450178532	0.00156857412668092	DOWN	-2.7060720654852	0.00143405148049856	DOWN
DOWN	A86485_dnf2_shared	medtr.A17.gnm5.ann1_6.MtrunA17Chr7g0259031	MtrunA17Chr7g0259031			medtr.A17.gnm5.MtrunA17Chr7	+	44147208	44150510	-2.42332848599253	0.00961191432940783	DOWN	-2.70529034053522	0.00197395253328616	DOWN
DOWN	A86485_dnf2_shared	medtr.A17.gnm5.ann1_6.MtrunA17Chr7g0216221	MtrunA17Chr7g0216221			medtr.A17.gnm5.MtrunA17Chr7	-	1998810	1999852	-2.23208259514223	0.0325915806651464	DOWN	-2.70170555284924	0.00357974291318927	DOWN
DOWN	A86485_dnf2_shared	medtr.A17.gnm5.ann1_6.MtrunA17Chr7g0231251	MtrunA17Chr7g0231251			medtr.A17.gnm5.MtrunA17Chr7	+	20905495	20914320	-2.65314842087203	0.00342688219946546	DOWN	-2.70112423498933	0.00137484639056086	DOWN
DOWN	A86485_dnf2_shared	medtr.A17.gnm5.ann1_6.MtrunA17Chr6g0475771	MtrunA17Chr6g0475771	MtNCR-new58	Nodule-specific Cysteine-Rich peptide	medtr.A17.gnm5.MtrunA17Chr6	-	30384163	30385502	-2.45847715497438	0.0148108909979899	DOWN	-2.69449462518688	0.00352614427616704	DOWN
DOWN	A86485_dnf2_shared	medtr.A17.gnm5.ann1_6.MtrunA17Chr6g0453251	MtrunA17Chr6g0453251			medtr.A17.gnm5.MtrunA17Chr6	+	3671500	3674402	-2.85146483975291	0.0142396653288967	DOWN	-2.69075603076766	0.0117052721767101	DOWN
DOWN	A86485_dnf2_shared	medtr.A17.gnm5.ann1_6.MtrunA17Chr1g0204881	MtrunA17Chr1g0204881	7SL RNA-3	7SL RNA	medtr.A17.gnm5.MtrunA17Chr1	-	50283018	50283323	-2.19999875316629	0.00440853465438419	DOWN	-2.69024655431167	0.000230624925957836	DOWN
DOWN	A86485_dnf2_shared	medtr.A17.gnm5.ann1_6.MtrunA17Chr2g0307351	MtrunA17Chr2g0307351			medtr.A17.gnm5.MtrunA17Chr2	-	29947900	29949614	-3.29023503369742	0.0310346382737205	DOWN	-2.68860309019175	0.0488411080717313	DOWN
DOWN	A86485_dnf2_shared	medtr.A17.gnm5.ann1_6.MtrunA17Chr4g0036891	MtrunA17Chr4g0036891			medtr.A17.gnm5.MtrunA17Chr4	+	35577029	35577938	-2.39755215831549	0.006119986137739	DOWN	-2.6876807804545	0.000819461163966377	DOWN
DOWN	A86485_dnf2_shared	medtr.A17.gnm5.ann1_6.MtrunA17Chr4g0020361	MtrunA17Chr4g0020361	MtNCR488	Nodule-specific Cysteine-Rich peptide	medtr.A17.gnm5.MtrunA17Chr4	+	16368182	16370227	-1.96666561374065	0.0272835041339521	DOWN	-2.68751407791135	0.00040865065381795	DOWN
DOWN	A86485_dnf2_shared	medtr.A17.gnm5.ann1_6.MtrunA17Chr4g0042801	MtrunA17Chr4g0042801			medtr.A17.gnm5.MtrunA17Chr4	+	40042804	40044054	-1.78440642522761	0.0369360978806515	DOWN	-2.68471681611923	0.000126361084568112	DOWN
DOWN	A86485_dnf2_shared	medtr.A17.gnm5.ann1_6.MtrunA17Chr7g0243661	MtrunA17Chr7g0243661	MtNCR719	Nodule-specific Cysteine-Rich peptide	medtr.A17.gnm5.MtrunA17Chr7	+	32888917	32892559	-2.48693265320536	0.00501462080252539	DOWN	-2.68303284563612	0.00108746130156279	DOWN
DOWN	A86485_dnf2_shared	medtr.A17.gnm5.ann1_6.MtrunA17Chr2g0281091	MtrunA17Chr2g0281091			medtr.A17.gnm5.MtrunA17Chr2	+	2907312	2908333	-3.48473109247071	0.000276740833974641	DOWN	-2.6750470309631	0.00119856687956386	DOWN
DOWN	A86485_dnf2_shared	medtr.A17.gnm5.ann1_6.MtrunA17Chr4g0006311	MtrunA17Chr4g0006311			medtr.A17.gnm5.MtrunA17Chr4	-	5012795	5015652	-2.09405668010066	0.00935853351560326	DOWN	-2.67253582436812	0.000359881822212408	DOWN
DOWN	A86485_dnf2_shared	medtr.A17.gnm5.ann1_6.MtrunA17Chr6g0470771	MtrunA17Chr6g0470771	MtNCR068	Nodule-specific Cysteine-Rich peptide	medtr.A17.gnm5.MtrunA17Chr6	+	21151464	21162167	-2.45154305429853	0.0271295039146143	DOWN	-2.66928391959536	0.00741355024447108	DOWN
DOWN	A86485_dnf2_shared	medtr.A17.gnm5.ann1_6.MtrunA17Chr3g0078061	MtrunA17Chr3g0078061	MtNCR578	Nodule-specific Cysteine-Rich peptide	medtr.A17.gnm5.MtrunA17Chr3	+	688212	689239	-2.435501904617	0.0102513395565863	DOWN	-2.66878468084755	0.00238608185021486	DOWN
DOWN	A86485_dnf2_shared	medtr.A17.gnm5.ann1_6.MtrunA17Chr2g0295991	MtrunA17Chr2g0295991			medtr.A17.gnm5.MtrunA17Chr2	+	14378734	14383661	-2.70135343874216	0.000103089016757469	DOWN	-2.66839778431789	2.94506428288836e-05	DOWN
DOWN	A86485_dnf2_shared	medtr.A17.gnm5.ann1_6.MtrunA17Chr4g0031341	MtrunA17Chr4g0031341			medtr.A17.gnm5.MtrunA17Chr4	+	31766492	31768302	-1.8579810117877	0.0374194325364939	DOWN	-2.6670415232738	0.000311590474553439	DOWN
DOWN	A86485_dnf2_shared	medtr.A17.gnm5.ann1_6.MtrunA17Chr2g0333011	MtrunA17Chr2g0333011			medtr.A17.gnm5.MtrunA17Chr2	-	50908234	50909489	-3.47800224782439	0.00871438962219796	DOWN	-2.66641580892815	0.0225356799248285	DOWN
DOWN	A86485_dnf2_shared	medtr.A17.gnm5.ann1_6.MtrunA17Chr1g0169221	MtrunA17Chr1g0169221	MtNCR226	Nodule-specific Cysteine-Rich peptide	medtr.A17.gnm5.MtrunA17Chr1	+	17975703	17976579	-2.42354136512857	0.0174298681799881	DOWN	-2.64636428617446	0.00439030561709847	DOWN
DOWN	A86485_dnf2_shared	medtr.A17.gnm5.ann1_6.MtrunA17Chr4g0053211	MtrunA17Chr4g0053211			medtr.A17.gnm5.MtrunA17Chr4	+	47146375	47158175	-1.77726992972635	0.00794765744428016	DOWN	-2.64514187921022	9.93375837801917e-06	DOWN
DOWN	A86485_dnf2_shared	medtr.A17.gnm5.ann1_6.MtrunA17Chr3g0099521	MtrunA17Chr3g0099521			medtr.A17.gnm5.MtrunA17Chr3	+	24288777	24290405	-1.89175580512365	0.0385145016777261	DOWN	-2.64350562497708	0.000692093116369379	DOWN
DOWN	A86485_dnf2_shared	medtr.A17.gnm5.ann1_6.MtrunA17Chr3g0100511	MtrunA17Chr3g0100511			medtr.A17.gnm5.MtrunA17Chr3	-	25062606	25070844	-2.70144291428788	0.0065350264476444	DOWN	-2.64152085308915	0.00396137371938868	DOWN
DOWN	A86485_dnf2_shared	medtr.A17.gnm5.ann1_6.MtrunA17Chr8g0357561	MtrunA17Chr8g0357561			medtr.A17.gnm5.MtrunA17Chr8	+	19518139	19518906	-3.32407715663687	0.0111569384815028	DOWN	-2.64029555224568	0.0238117145616616	DOWN
DOWN	A86485_dnf2_shared	medtr.A17.gnm5.ann1_6.MtrunA17Chr7g0233981	MtrunA17Chr7g0233981	MtNCR369	Nodule-specific Cysteine-Rich peptide	medtr.A17.gnm5.MtrunA17Chr7	-	24436643	24438684	-2.32433706582489	0.00853000264327781	DOWN	-2.6363668210605	0.00108901441897677	DOWN
DOWN	A86485_dnf2_shared	medtr.A17.gnm5.ann1_6.MtrunA17Chr8g0347891	MtrunA17Chr8g0347891			medtr.A17.gnm5.MtrunA17Chr8	+	10650324	10654892	-4.06847331366841	0.00312516056585509	DOWN	-2.63361342745159	0.0330177478910182	DOWN
DOWN	A86485_dnf2_shared	medtr.A17.gnm5.ann1_6.MtrunA17Chr3g0080261	MtrunA17Chr3g0080261	MtNCR101	Nodule-specific Cysteine-Rich peptide	medtr.A17.gnm5.MtrunA17Chr3	+	2487058	2488618	-2.2194209747944	0.0122417663539404	DOWN	-2.62782506368083	0.000945325353749044	DOWN
DOWN	A86485_dnf2_shared	medtr.A17.gnm5.ann1_6.MtrunA17Chr4g0026321	MtrunA17Chr4g0026321			medtr.A17.gnm5.MtrunA17Chr4	+	27264432	27268388	-2.293871904538	0.0482261812531364	DOWN	-2.62294913797256	0.0118813353138422	DOWN
DOWN	A86485_dnf2_shared	medtr.A17.gnm5.ann1_6.MtrunA17Chr4g0073321	MtrunA17Chr4g0073321			medtr.A17.gnm5.MtrunA17Chr4	+	62256809	62261359	-2.86642679921639	0.000297431472309628	DOWN	-2.62268356807285	0.000274477109110539	DOWN
DOWN	A86485_dnf2_shared	medtr.A17.gnm5.ann1_6.MtrunA17Chr7g0232691	MtrunA17Chr7g0232691	MtNCR424	Nodule-specific Cysteine-Rich peptide	medtr.A17.gnm5.MtrunA17Chr7	-	22940765	22942691	-2.29595188434427	0.00713662405429583	DOWN	-2.62190609936147	0.000753975356768606	DOWN
DOWN	A86485_dnf2_shared	medtr.A17.gnm5.ann1_6.MtrunA17Chr5g0400551	MtrunA17Chr5g0400551			medtr.A17.gnm5.MtrunA17Chr5	+	4828881	4830266	-2.12544391709582	0.00199627236765092	DOWN	-2.62177130991133	5.10349666892359e-05	DOWN
DOWN	A86485_dnf2_shared	medtr.A17.gnm5.ann1_6.MtrunA17Chr1g0166861	MtrunA17Chr1g0166861			medtr.A17.gnm5.MtrunA17Chr1	+	16164759	16166196	-3.26336217362279	0.00138571084142316	DOWN	-2.62070505738488	0.00376657788026619	DOWN
DOWN	A86485_dnf2_shared	medtr.A17.gnm5.ann1_6.MtrunA17Chr4g0054891	MtrunA17Chr4g0054891	MtNPF7.8	NRT1/ PTR FAMILY|nitrate transporter / peptide transporter	medtr.A17.gnm5.MtrunA17Chr4	+	48665797	48672207	-2.97363993257466	0.000236896698330688	DOWN	-2.62005482746633	0.000294167137993869	DOWN
DOWN	A86485_dnf2_shared	medtr.A17.gnm5.ann1_6.MtrunA17Chr7g0215921	MtrunA17Chr7g0215921	MtNCR470	Nodule-specific Cysteine-Rich peptide	medtr.A17.gnm5.MtrunA17Chr7	-	1867594	1868528	-2.35321976990714	0.0120325060158584	DOWN	-2.61940788052539	0.00208762595267821	DOWN
DOWN	A86485_dnf2_shared	medtr.A17.gnm5.ann1_6.MtrunA17Chr4g0056481	MtrunA17Chr4g0056481			medtr.A17.gnm5.MtrunA17Chr4	+	49922625	49929018	-2.69248050506545	0.00904568898527986	DOWN	-2.61337307723663	0.0062815324041538	DOWN
DOWN	A86485_dnf2_shared	medtr.A17.gnm5.ann1_6.MtrunA17Chr3g0124591	MtrunA17Chr3g0124591			medtr.A17.gnm5.MtrunA17Chr3	-	43303918	43304680	-1.94547580512834	0.0138371812813152	DOWN	-2.61310161827643	0.000218479017442991	DOWN
DOWN	A86485_dnf2_shared	medtr.A17.gnm5.ann1_6.MtrunA17Chr1g0167601	MtrunA17Chr1g0167601	MtNCR053	Nodule-specific Cysteine-Rich peptide	medtr.A17.gnm5.MtrunA17Chr1	-	16476032	16477955	-1.98308693638719	0.0293560530353747	DOWN	-2.6129296182936	0.000692093116369379	DOWN
DOWN	A86485_dnf2_shared	medtr.A17.gnm5.ann1_6.MtrunA17Chr6g0462851	MtrunA17Chr6g0462851			medtr.A17.gnm5.MtrunA17Chr6	-	11871940	11872914	-2.18137310179464	0.0243300114953348	DOWN	-2.60923521747928	0.00263396441548839	DOWN
DOWN	A86485_dnf2_shared	medtr.A17.gnm5.ann1_6.MtrunA17Chr6g0465071	MtrunA17Chr6g0465071			medtr.A17.gnm5.MtrunA17Chr6	-	14223606	14227312	-2.83449248417558	0.00320520573509436	DOWN	-2.60600687117633	0.00341302056724036	DOWN
DOWN	A86485_dnf2_shared	medtr.A17.gnm5.ann1_6.MtrunA17Chr5g0408291	MtrunA17Chr5g0408291			medtr.A17.gnm5.MtrunA17Chr5	-	10518839	10523408	-2.10335478462695	0.0154957103683264	DOWN	-2.60418783691295	0.00088228372485737	DOWN
DOWN	A86485_dnf2_shared	medtr.A17.gnm5.ann1_6.MtrunA17Chr8g0349621	MtrunA17Chr8g0349621			medtr.A17.gnm5.MtrunA17Chr8	-	11931632	11937140	-1.87626151774932	0.00961191432940783	DOWN	-2.59643473032848	5.55028296414142e-05	DOWN
DOWN	A86485_dnf2_shared	medtr.A17.gnm5.ann1_6.MtrunA17Chr2g0314541	MtrunA17Chr2g0314541	MtNCR071	Nodule-specific Cysteine-Rich peptide	medtr.A17.gnm5.MtrunA17Chr2	+	36967227	36968350	-2.43898215500535	0.0271295039146143	DOWN	-2.59050314133543	0.00910872316434375	DOWN
DOWN	A86485_dnf2_shared	medtr.A17.gnm5.ann1_6.MtrunA17Chr8g0358331	MtrunA17Chr8g0358331	MtNCR-new82	Nodule-specific Cysteine-Rich peptide	medtr.A17.gnm5.MtrunA17Chr8	+	20464256	20466846	-2.44218448788372	0.000236896698330688	DOWN	-2.5882866709368	3.42775292588091e-05	DOWN
DOWN	A86485_dnf2_shared	medtr.A17.gnm5.ann1_6.MtrunA17Chr7g0240361	MtrunA17Chr7g0240361	MtNCR237	Nodule-specific Cysteine-Rich peptide	medtr.A17.gnm5.MtrunA17Chr7	+	30206965	30211130	-2.38611657806361	0.0108670806534066	DOWN	-2.58725898342823	0.00244449790217032	DOWN
DOWN	A86485_dnf2_shared	medtr.A17.gnm5.ann1_6.MtrunA17Chr6g0452111	MtrunA17Chr6g0452111	MtABAB26	ATP-Binding-Cassette (ABC) transporter typeB (P-glycoprotein (MDR/PGP/ABCB) efflux/conditional auxin transporter)	medtr.A17.gnm5.MtrunA17Chr6	+	2540992	2550241	-2.88344855327547	0.00304682386840926	DOWN	-2.58617619443546	0.00405840351593449	DOWN
DOWN	A86485_dnf2_shared	medtr.A17.gnm5.ann1_6.MtrunA17Chr4g0059931	MtrunA17Chr4g0059931			medtr.A17.gnm5.MtrunA17Chr4	+	52489515	52490422	-2.7165065197764	0.0119682381574752	DOWN	-2.5782684659628	0.00982954275651086	DOWN
DOWN	A86485_dnf2_shared	medtr.A17.gnm5.ann1_6.MtrunA17Chr1g0185371	MtrunA17Chr1g0185371	MtNCR126	Nodule-specific Cysteine-Rich peptide	medtr.A17.gnm5.MtrunA17Chr1	+	35834733	35836189	-2.24351514710091	0.0126811648342021	DOWN	-2.57634265257869	0.00147598922523361	DOWN
DOWN	A86485_dnf2_shared	medtr.A17.gnm5.ann1_6.MtrunA17Chr4g0023441	MtrunA17Chr4g0023441	MtNCR630	Nodule-specific Cysteine-Rich peptide	medtr.A17.gnm5.MtrunA17Chr4	-	24116852	24117403	-2.96942620060354	0.00786275005190731	DOWN	-2.56882295026795	0.0127312590040814	DOWN
DOWN	A86485_dnf2_shared	medtr.A17.gnm5.ann1_6.MtrunA17Chr6g0475531	MtrunA17Chr6g0475531	MtNCR-new56	Nodule-specific Cysteine-Rich peptide	medtr.A17.gnm5.MtrunA17Chr6	-	29902407	29904492	-3.16788335028491	0.0042578864472584	DOWN	-2.56477984428853	0.0107576818929451	DOWN
DOWN	A86485_dnf2_shared	medtr.A17.gnm5.ann1_6.MtrunA17Chr8g0350151	MtrunA17Chr8g0350151	MtNCR441	Nodule-specific Cysteine-Rich peptide	medtr.A17.gnm5.MtrunA17Chr8	-	12289313	12290777	-2.76501625798941	0.00482999102950064	DOWN	-2.56128946538591	0.00484490833314042	DOWN
DOWN	A86485_dnf2_shared	medtr.A17.gnm5.ann1_6.MtrunA17Chr7g0240351	MtrunA17Chr7g0240351	MtNCR337	Nodule-specific Cysteine-Rich peptide	medtr.A17.gnm5.MtrunA17Chr7	+	30199072	30204585	-2.2289637263467	0.0158661860444837	DOWN	-2.56083802120428	0.00185770228954029	DOWN
DOWN	A86485_dnf2_shared	medtr.A17.gnm5.ann1_6.MtrunA17Chr1g0160171	MtrunA17Chr1g0160171			medtr.A17.gnm5.MtrunA17Chr1	-	10678468	10684542	-2.99538551806675	0.000818028358333364	DOWN	-2.55809365751835	0.00173263822914058	DOWN
DOWN	A86485_dnf2_shared	medtr.A17.gnm5.ann1_6.MtrunA17Chr6g0462451	MtrunA17Chr6g0462451	MtSUT1.4	sucrose transporter	medtr.A17.gnm5.MtrunA17Chr6	+	11491114	11493857	-2.75842717455964	0.0158661860444837	DOWN	-2.55765606637238	0.0148333503834885	DOWN
DOWN	A86485_dnf2_shared	medtr.A17.gnm5.ann1_6.MtrunA17Chr1g0179261	MtrunA17Chr1g0179261	MtNCR207	Nodule-specific Cysteine-Rich peptide	medtr.A17.gnm5.MtrunA17Chr1	+	30610955	30611725	-2.12059233003782	0.0141260429361049	DOWN	-2.55509412590488	0.000849011480272466	DOWN
DOWN	A86485_dnf2_shared	medtr.A17.gnm5.ann1_6.MtrunA17Chr6g0487931	MtrunA17Chr6g0487931			medtr.A17.gnm5.MtrunA17Chr6	-	42061324	42061889	-2.2487444670057	0.0114286936885062	DOWN	-2.55419077982098	0.00144273649210556	DOWN
DOWN	A86485_dnf2_shared	medtr.A17.gnm5.ann1_6.MtrunA17Chr7g0235451	MtrunA17Chr7g0235451	MtNCR137	Nodule-specific Cysteine-Rich peptide	medtr.A17.gnm5.MtrunA17Chr7	-	25815748	25817227	-2.45168878519219	0.0188819972077231	DOWN	-2.54944048706269	0.0071584579293	DOWN
DOWN	A86485_dnf2_shared	medtr.A17.gnm5.ann1_6.MtrunA17Chr1g0173791	MtrunA17Chr1g0173791	MtNCR260	Nodule-specific Cysteine-Rich peptide	medtr.A17.gnm5.MtrunA17Chr1	-	24114957	24117945	-2.1703035697886	0.00838457071956345	DOWN	-2.5467615935105	0.000592935471098597	DOWN
DOWN	A86485_dnf2_shared	medtr.A17.gnm5.ann1_6.MtrunA17Chr5g0426821	MtrunA17Chr5g0426821	MtNCR-new44	Nodule-specific Cysteine-Rich peptide	medtr.A17.gnm5.MtrunA17Chr5	+	28621493	28624371	-2.78077808017058	0.00285484412361029	DOWN	-2.54592354928597	0.0032418803459996	DOWN
DOWN	A86485_dnf2_shared	medtr.A17.gnm5.ann1_6.MtrunA17Chr3g0129091	MtrunA17Chr3g0129091	MtPSK8	Phytosulfokine	medtr.A17.gnm5.MtrunA17Chr3	+	46683395	46684537	-2.29176811997559	0.00938166223314146	DOWN	-2.54220400078279	0.00162110125618955	DOWN
DOWN	A86485_dnf2_shared	medtr.A17.gnm5.ann1_6.MtrunA17Chr3g0115581	MtrunA17Chr3g0115581			medtr.A17.gnm5.MtrunA17Chr3	+	36897841	36902602	-2.68159413388021	0.000166430348536218	DOWN	-2.54216514222945	9.00912116901798e-05	DOWN
DOWN	A86485_dnf2_shared	medtr.A17.gnm5.ann1_6.MtrunA17Chr3g0122141	MtrunA17Chr3g0122141	MtNCR418	Nodule-specific Cysteine-Rich peptide	medtr.A17.gnm5.MtrunA17Chr3	+	41763116	41765057	-2.4401502838957	0.0257859557969324	DOWN	-2.53888134772837	0.0101365498345388	DOWN
DOWN	A86485_dnf2_shared	medtr.A17.gnm5.ann1_6.MtrunA17Chr1g0168141	MtrunA17Chr1g0168141			medtr.A17.gnm5.MtrunA17Chr1	+	17004927	17006992	-2.58518766166612	0.0167006261782126	DOWN	-2.53382238993904	0.0104929318449212	DOWN
DOWN	A86485_dnf2_shared	medtr.A17.gnm5.ann1_6.MtrunA17Chr7g0216201	MtrunA17Chr7g0216201	MtNCR472	Nodule-specific Cysteine-Rich peptide	medtr.A17.gnm5.MtrunA17Chr7	-	1990300	1990822	-2.83766125314725	0.00201771990379323	DOWN	-2.52914689731896	0.00294149509534823	DOWN
DOWN	A86485_dnf2_shared	medtr.A17.gnm5.ann1_6.MtrunA17Chr5g0430621	MtrunA17Chr5g0430621			medtr.A17.gnm5.MtrunA17Chr5	-	31806144	31810074	-2.05321089146902	0.00335429105130746	DOWN	-2.52611716296285	9.17273097576451e-05	DOWN
DOWN	A86485_dnf2_shared	medtr.A17.gnm5.ann1_6.MtrunA17Chr5g0430801	MtrunA17Chr5g0430801			medtr.A17.gnm5.MtrunA17Chr5	-	31904562	31905274	-3.21048412746045	0.0155198497577455	DOWN	-2.52492052848986	0.0336908906673881	DOWN
DOWN	A86485_dnf2_shared	medtr.A17.gnm5.ann1_6.MtrunA17Chr3g0103061	MtrunA17Chr3g0103061			medtr.A17.gnm5.MtrunA17Chr3	+	27500531	27502313	-2.44466951243807	0.0293560530353747	DOWN	-2.52203792173169	0.0143922661433498	DOWN
DOWN	A86485_dnf2_shared	medtr.A17.gnm5.ann1_6.MtrunA17Chr6g0487911	MtrunA17Chr6g0487911			medtr.A17.gnm5.MtrunA17Chr6	-	42060255	42060819	-5.02260305005013	0.000472090856352144	DOWN	-2.51846944038882	0.013509032604052	DOWN
DOWN	A86485_dnf2_shared	medtr.A17.gnm5.ann1_6.MtrunA17Chr4g0034791	MtrunA17Chr4g0034791			medtr.A17.gnm5.MtrunA17Chr4	-	34359286	34360337	-2.97793077113484	0.00234788330113056	DOWN	-2.51816587793552	0.00474226655408867	DOWN
DOWN	A86485_dnf2_shared	medtr.A17.gnm5.ann1_6.MtrunA17Chr5g0430811	MtrunA17Chr5g0430811			medtr.A17.gnm5.MtrunA17Chr5	+	31904769	31905113	-5.78959855248348	0.000236896698330688	DOWN	-2.51727192881886	0.0081860152927033	DOWN
DOWN	A86485_dnf2_shared	medtr.A17.gnm5.ann1_6.MtrunA17Chr3g0134511	MtrunA17Chr3g0134511	MtGASA8	Gibberellic Acid-Stimulated in Arabidopsis	medtr.A17.gnm5.MtrunA17Chr3	-	50766473	50768044	-3.05697235575626	0.000344628191587868	DOWN	-2.5117254495975	0.00106515562155669	DOWN
DOWN	A86485_dnf2_shared	medtr.A17.gnm5.ann1_6.MtrunA17Chr3g0079241	MtrunA17Chr3g0079241	MtNCR581	Nodule-specific Cysteine-Rich peptide	medtr.A17.gnm5.MtrunA17Chr3	+	1590141	1590784	-2.32197064285318	0.0031713203283855	DOWN	-2.51143756558084	0.000613543273668433	DOWN
DOWN	A86485_dnf2_shared	medtr.A17.gnm5.ann1_6.MtrunA17Chr3g0115591	MtrunA17Chr3g0115591			medtr.A17.gnm5.MtrunA17Chr3	-	36901675	36904107	-2.40751692983285	5.44705982779864e-05	DOWN	-2.51010004986957	6.73224518737439e-06	DOWN
DOWN	A86485_dnf2_shared	medtr.A17.gnm5.ann1_6.MtrunA17Chr3g0092571	MtrunA17Chr3g0092571			medtr.A17.gnm5.MtrunA17Chr3	+	14115149	14116052	-2.36331706999076	0.0153461582006436	DOWN	-2.50786329823886	0.00540672803052045	DOWN
DOWN	A86485_dnf2_shared	medtr.A17.gnm5.ann1_6.MtrunA17Chr5g0446251	MtrunA17Chr5g0446251			medtr.A17.gnm5.MtrunA17Chr5	-	42917720	42918642	-2.08713238647296	0.00715866804453258	DOWN	-2.50610491907845	0.000387956300305865	DOWN
DOWN	A86485_dnf2_shared	medtr.A17.gnm5.ann1_6.MtrunA17Chr2g0310711	MtrunA17Chr2g0310711	MtNCR400	Nodule-specific Cysteine-Rich peptide	medtr.A17.gnm5.MtrunA17Chr2	-	33639013	33641379	-2.21063331190576	0.0230129619185514	DOWN	-2.50326026205906	0.00380392706589605	DOWN
DOWN	A86485_dnf2_shared	medtr.A17.gnm5.ann1_6.MtrunA17Chr3g0080251	MtrunA17Chr3g0080251			medtr.A17.gnm5.MtrunA17Chr3	-	2485625	2486816	-3.39582718224453	0.00923975412952322	DOWN	-2.4969809183893	0.032833426142212	DOWN
DOWN	A86485_dnf2_shared	medtr.A17.gnm5.ann1_6.MtrunA17Chr5g0441751	MtrunA17Chr5g0441751	7SL RNA-1	7SL RNA	medtr.A17.gnm5.MtrunA17Chr5	-	40032478	40032783	-2.56283257543488	0.0247994827009406	DOWN	-2.49294654294246	0.0176651429742894	DOWN
DOWN	A86485_dnf2_shared	medtr.A17.gnm5.ann1_6.MtrunA17Chr5g0424911	MtrunA17Chr5g0424911	MtNCR291	Nodule-specific Cysteine-Rich peptide	medtr.A17.gnm5.MtrunA17Chr5	+	26959385	26960329	-2.45408503973184	0.031009046069607	DOWN	-2.48748180532915	0.0160063638046793	DOWN
DOWN	A86485_dnf2_shared	medtr.A17.gnm5.ann1_6.MtrunA17Chr8g0335261	MtrunA17Chr8g0335261			medtr.A17.gnm5.MtrunA17Chr8	+	799668	806694	-2.32297764231783	0.00796652979549454	DOWN	-2.4871680549499	0.00186302088726487	DOWN
DOWN	A86485_dnf2_shared	medtr.A17.gnm5.ann1_6.MtrunA17Chr5g0420681	MtrunA17Chr5g0420681			medtr.A17.gnm5.MtrunA17Chr5	-	21121140	21123404	-2.66342158924994	0.0150400379451472	DOWN	-2.48639500446779	0.0137292952614065	DOWN
DOWN	A86485_dnf2_shared	medtr.A17.gnm5.ann1_6.MtrunA17Chr1g0194231	MtrunA17Chr1g0194231			medtr.A17.gnm5.MtrunA17Chr1	+	42449354	42452504	-2.6441115539161	0.015368554365508	DOWN	-2.48622517589913	0.0135698494016313	DOWN
DOWN	A86485_dnf2_shared	medtr.A17.gnm5.ann1_6.MtrunA17Chr1g0168921	MtrunA17Chr1g0168921	MtNCR375	Nodule-specific Cysteine-Rich peptide	medtr.A17.gnm5.MtrunA17Chr1	-	17722357	17725089	-1.65164136253538	0.0282143244712386	DOWN	-2.48538560778186	4.46035994306783e-05	DOWN
DOWN	A86485_dnf2_shared	medtr.A17.gnm5.ann1_6.MtrunA17Chr2g0300381	MtrunA17Chr2g0300381	MtNCR254	Nodule-specific Cysteine-Rich peptide	medtr.A17.gnm5.MtrunA17Chr2	+	18165120	18166765	-2.05785161241806	0.0396518239969624	DOWN	-2.48326566768322	0.00349606018503584	DOWN
DOWN	A86485_dnf2_shared	medtr.A17.gnm5.ann1_6.MtrunA17Chr4g0027881	MtrunA17Chr4g0027881	MtNCR636	Nodule-specific Cysteine-Rich peptide	medtr.A17.gnm5.MtrunA17Chr4	+	28974750	28976193	-2.09097760768939	0.0246275132101961	DOWN	-2.48283157002894	0.00212882150664302	DOWN
DOWN	A86485_dnf2_shared	medtr.A17.gnm5.ann1_6.MtrunA17Chr5g0432461	MtrunA17Chr5g0432461			medtr.A17.gnm5.MtrunA17Chr5	-	33169437	33170655	-2.5370175140743	0.00208560897561272	DOWN	-2.47967702653193	0.00123550322818877	DOWN
DOWN	A86485_dnf2_shared	medtr.A17.gnm5.ann1_6.MtrunA17Chr5g0424321	MtrunA17Chr5g0424321	MtNCR382	Nodule-specific Cysteine-Rich peptide	medtr.A17.gnm5.MtrunA17Chr5	+	26282802	26284347	-2.52303807435391	0.00817180784053302	DOWN	-2.47677302208894	0.00506524767055736	DOWN
DOWN	A86485_dnf2_shared	medtr.A17.gnm5.ann1_6.MtrunA17Chr3g0110631	MtrunA17Chr3g0110631	MtNCR085	Nodule-specific Cysteine-Rich peptide	medtr.A17.gnm5.MtrunA17Chr3	-	33189990	33191322	-2.36915733841603	0.00609981536062694	DOWN	-2.47642165121455	0.00178926773778219	DOWN
DOWN	A86485_dnf2_shared	medtr.A17.gnm5.ann1_6.MtrunA17Chr3g0083981	MtrunA17Chr3g0083981	MtNCR155	Nodule-specific Cysteine-Rich peptide	medtr.A17.gnm5.MtrunA17Chr3	+	5546514	5548206	-2.57703456123529	0.0195565984242627	DOWN	-2.47589424811306	0.014674433026112	DOWN
DOWN	A86485_dnf2_shared	medtr.A17.gnm5.ann1_6.MtrunA17Chr7g0219981	MtrunA17Chr7g0219981			medtr.A17.gnm5.MtrunA17Chr7	-	5328803	5330908	-2.74429842149246	0.00219282461807802	DOWN	-2.47370000765183	0.00308073372882844	DOWN
DOWN	A86485_dnf2_shared	medtr.A17.gnm5.ann1_6.MtrunA17Chr3g0084981	MtrunA17Chr3g0084981	MtNCR188	Nodule-specific Cysteine-Rich peptide	medtr.A17.gnm5.MtrunA17Chr3	+	6361043	6361763	-2.38479357035797	0.0040763794843229	DOWN	-2.47283631125159	0.0013080027977362	DOWN
DOWN	A86485_dnf2_shared	medtr.A17.gnm5.ann1_6.MtrunA17Chr6g0475981	MtrunA17Chr6g0475981			medtr.A17.gnm5.MtrunA17Chr6	+	30665774	30666610	-2.82536623782164	0.0167006261782126	DOWN	-2.47214838330807	0.0227618810509232	DOWN
DOWN	A86485_dnf2_shared	medtr.A17.gnm5.ann1_6.MtrunA17Chr7g0220031	MtrunA17Chr7g0220031	MtNCR289	Nodule-specific Cysteine-Rich peptide	medtr.A17.gnm5.MtrunA17Chr7	-	5421961	5422954	-2.50619277665276	0.0232240323314808	DOWN	-2.46819182837291	0.0143922661433498	DOWN
DOWN	A86485_dnf2_shared	medtr.A17.gnm5.ann1_6.MtrunA17Chr2g0311901	MtrunA17Chr2g0311901	MtNodGRP3C	Nodule-specific Glycine-rich	medtr.A17.gnm5.MtrunA17Chr2	-	34839500	34842537	-2.26347808310205	0.0030227287147552	DOWN	-2.46761452164514	0.000447209018743354	DOWN
DOWN	A86485_dnf2_shared	medtr.A17.gnm5.ann1_6.MtrunA17Chr8g0357541	MtrunA17Chr8g0357541			medtr.A17.gnm5.MtrunA17Chr8	+	19515019	19515675	-2.6996536489315	0.00085127294677387	DOWN	-2.46288738068108	0.000951252150540488	DOWN
DOWN	A86485_dnf2_shared	medtr.A17.gnm5.ann1_6.MtrunA17Chr7g0225421	MtrunA17Chr7g0225421			medtr.A17.gnm5.MtrunA17Chr7	-	10488745	10491174	-1.95996125968544	0.0161357796255005	DOWN	-2.46092412880259	0.000506462979807415	DOWN
DOWN	A86485_dnf2_shared	medtr.A17.gnm5.ann1_6.MtrunA17Chr1g0193711	MtrunA17Chr1g0193711			medtr.A17.gnm5.MtrunA17Chr1	+	42094192	42098069	-1.9994035294958	0.0262134428017266	DOWN	-2.45649492684924	0.00146619351125565	DOWN
DOWN	A86485_dnf2_shared	medtr.A17.gnm5.ann1_6.MtrunA17Chr3g0083601	MtrunA17Chr3g0083601			medtr.A17.gnm5.MtrunA17Chr3	-	5211852	5213172	-5.08946972705111	0.000891057696390289	DOWN	-2.45468301845328	0.0244307106957916	DOWN
DOWN	A86485_dnf2_shared	medtr.A17.gnm5.ann1_6.MtrunA17Chr1g0184241	MtrunA17Chr1g0184241			medtr.A17.gnm5.MtrunA17Chr1	-	34782185	34785501	-2.1490695554594	0.00894561374408852	DOWN	-2.45418338019427	0.000909215910235078	DOWN
DOWN	A86485_dnf2_shared	medtr.A17.gnm5.ann1_6.MtrunA17Chr8g0381031	MtrunA17Chr8g0381031			medtr.A17.gnm5.MtrunA17Chr8	-	41197465	41205769	-2.23407939104711	0.0272835041339521	DOWN	-2.45251780869008	0.00632060847024606	DOWN
DOWN	A86485_dnf2_shared	medtr.A17.gnm5.ann1_6.MtrunA17Chr6g0475461	MtrunA17Chr6g0475461			medtr.A17.gnm5.MtrunA17Chr6	-	29728521	29729313	-3.11795485713023	0.0084245504167038	DOWN	-2.45129602563011	0.0221747205274316	DOWN
DOWN	A86485_dnf2_shared	medtr.A17.gnm5.ann1_6.MtrunA17Chr2g0311911	MtrunA17Chr2g0311911	MtNodGRP3B	Nodule-specific Glycine-rich	medtr.A17.gnm5.MtrunA17Chr2	-	34846240	34847381	-2.29247285384815	0.00796652979549454	DOWN	-2.45086945688585	0.00186027394095747	DOWN
DOWN	A86485_dnf2_shared	medtr.A17.gnm5.ann1_6.MtrunA17Chr3g0080421	MtrunA17Chr3g0080421			medtr.A17.gnm5.MtrunA17Chr3	+	2620208	2627271	-1.83738866991387	0.0278194125850606	DOWN	-2.44665707956578	0.000413883029732737	DOWN
DOWN	A86485_dnf2_shared	medtr.A17.gnm5.ann1_6.MtrunA17Chr6g0475621	MtrunA17Chr6g0475621	MtNCR013	Nodule-specific Cysteine-Rich peptide	medtr.A17.gnm5.MtrunA17Chr6	-	30130625	30132274	-2.23650115501094	0.0379089537710306	DOWN	-2.44482211919866	0.00983760218933912	DOWN
DOWN	A86485_dnf2_shared	medtr.A17.gnm5.ann1_6.MtrunA17Chr3g0141881	MtrunA17Chr3g0141881			medtr.A17.gnm5.MtrunA17Chr3	+	55971950	55973092	-2.12748187436536	0.00743645017140057	DOWN	-2.4409819528811	0.000808184369449936	DOWN
DOWN	A86485_dnf2_shared	medtr.A17.gnm5.ann1_6.MtrunA17Chr6g0487511	MtrunA17Chr6g0487511	MtNCR219	Nodule-specific Cysteine-Rich peptide	medtr.A17.gnm5.MtrunA17Chr6	-	41862471	41866762	-2.26952622966029	0.0398763991944485	DOWN	-2.43909296704962	0.0123324445361731	DOWN
DOWN	A86485_dnf2_shared	medtr.A17.gnm5.ann1_6.MtrunA17Chr8g0376611	MtrunA17Chr8g0376611			medtr.A17.gnm5.MtrunA17Chr8	-	38146671	38149721	-3.15048360702897	0.000344628191587868	DOWN	-2.43726847958058	0.00185156716837254	DOWN
DOWN	A86485_dnf2_shared	medtr.A17.gnm5.ann1_6.MtrunA17Chr5g0425211	MtrunA17Chr5g0425211	MtNCR089	Nodule-specific Cysteine-Rich peptide	medtr.A17.gnm5.MtrunA17Chr5	+	27231805	27233796	-2.34224453427317	0.00752275441411137	DOWN	-2.43500794485384	0.00242479994680187	DOWN
DOWN	A86485_dnf2_shared	medtr.A17.gnm5.ann1_6.MtrunA17Chr4g0009351	MtrunA17Chr4g0009351			medtr.A17.gnm5.MtrunA17Chr4	+	7305832	7307402	-2.43810747135341	0.0168914670083803	DOWN	-2.43394795214167	0.00944653190544966	DOWN
DOWN	A86485_dnf2_shared	medtr.A17.gnm5.ann1_6.MtrunA17Chr6g0487861	MtrunA17Chr6g0487861			medtr.A17.gnm5.MtrunA17Chr6	+	42005622	42009091	-2.83009033792684	0.0194455285477141	DOWN	-2.43152960442948	0.0300414062299233	DOWN
DOWN	A86485_dnf2_shared	medtr.A17.gnm5.ann1_6.MtrunA17Chr3g0083431	MtrunA17Chr3g0083431			medtr.A17.gnm5.MtrunA17Chr3	-	5010462	5011190	-4.77848088011359	2.55436734511612e-05	DOWN	-2.42686034191339	0.00109828014262249	DOWN
DOWN	A86485_dnf2_shared	medtr.A17.gnm5.ann1_6.MtrunA17Chr5g0432691	MtrunA17Chr5g0432691			medtr.A17.gnm5.MtrunA17Chr5	-	33335188	33335878	-3.33943988542506	0.00752275441411137	DOWN	-2.42300694357294	0.0301041035567292	DOWN
DOWN	A86485_dnf2_shared	medtr.A17.gnm5.ann1_6.MtrunA17Chr1g0170851	MtrunA17Chr1g0170851	MtLb10|MtLb2	leghemoglobin10	medtr.A17.gnm5.MtrunA17Chr1	-	19593572	19596516	-2.00932981541013	0.0383974165733556	DOWN	-2.42276217102291	0.00308572246672894	DOWN
DOWN	A86485_dnf2_shared	medtr.A17.gnm5.ann1_6.MtrunA17Chr4g0028551	MtrunA17Chr4g0028551	MtNRT2.1	nitrate transporter 2.1	medtr.A17.gnm5.MtrunA17Chr4	-	29478959	29481123	-3.73910821838997	0.000339511570285685	DOWN	-2.42134768688408	0.00432619607849245	DOWN
DOWN	A86485_dnf2_shared	medtr.A17.gnm5.ann1_6.MtrunA17Chr6g0462041	MtrunA17Chr6g0462041			medtr.A17.gnm5.MtrunA17Chr6	-	11167003	11171674	-2.24527705525309	0.000571935635184202	DOWN	-2.42125188294096	8.49705818259323e-05	DOWN
DOWN	A86485_dnf2_shared	medtr.A17.gnm5.ann1_6.MtrunA17Chr2g0303061	MtrunA17Chr2g0303061			medtr.A17.gnm5.MtrunA17Chr2	-	20679258	20680357	-1.86535587349521	0.0430801554964908	DOWN	-2.41590997266094	0.00142995259398796	DOWN
DOWN	A86485_dnf2_shared	medtr.A17.gnm5.ann1_6.MtrunA17Chr3g0083441	MtrunA17Chr3g0083441			medtr.A17.gnm5.MtrunA17Chr3	+	5010828	5011010	-4.57144799253148	8.87460948161347e-05	DOWN	-2.40967911503845	0.0057258181992465	DOWN
DOWN	A86485_dnf2_shared	medtr.A17.gnm5.ann1_6.MtrunA17Chr1g0212091	MtrunA17Chr1g0212091			medtr.A17.gnm5.MtrunA17Chr1	-	55460885	55462242	-2.79211513337075	0.0038892692258684	DOWN	-2.40914123803741	0.00747812896080632	DOWN
DOWN	A86485_dnf2_shared	medtr.A17.gnm5.ann1_6.MtrunA17Chr1g0179211	MtrunA17Chr1g0179211			medtr.A17.gnm5.MtrunA17Chr1	-	30585817	30590480	-2.59698691688679	0.000262749196280503	DOWN	-2.40137879462285	0.000244442119970552	DOWN
DOWN	A86485_dnf2_shared	medtr.A17.gnm5.ann1_6.MtrunA17Chr7g0218511	MtrunA17Chr7g0218511			medtr.A17.gnm5.MtrunA17Chr7	-	3812192	3814745	-4.3306637192078	0.00206890839320464	DOWN	-2.40136262613014	0.033759973171728	DOWN
DOWN	A86485_dnf2_shared	medtr.A17.gnm5.ann1_6.MtrunA17Chr1g0157851	MtrunA17Chr1g0157851			medtr.A17.gnm5.MtrunA17Chr1	+	8984135	8992819	-3.25211309551232	0.000223843161597435	DOWN	-2.39902527828284	0.0017803251842815	DOWN
DOWN	A86485_dnf2_shared	medtr.A17.gnm5.ann1_6.MtrunA17Chr1g0148031	MtrunA17Chr1g0148031	MtAHA8	Plasma membrane proton pump	medtr.A17.gnm5.MtrunA17Chr1	-	1525557	1534763	-1.99917249037587	0.00209052348784331	DOWN	-2.38618546094316	7.20764506999693e-05	DOWN
DOWN	A86485_dnf2_shared	medtr.A17.gnm5.ann1_6.MtrunA17Chr7g0216241	MtrunA17Chr7g0216241	MtNCR473	Nodule-specific Cysteine-Rich peptide	medtr.A17.gnm5.MtrunA17Chr7	-	2007832	2008093	-2.95550332649156	0.00465329498118081	DOWN	-2.37647323613511	0.0135698494016313	DOWN
DOWN	A86485_dnf2_shared	medtr.A17.gnm5.ann1_6.MtrunA17Chr1g0179291	MtrunA17Chr1g0179291			medtr.A17.gnm5.MtrunA17Chr1	+	30631399	30633382	-3.00610896200531	0.000637511096669002	DOWN	-2.37534439558594	0.00293403194495026	DOWN
DOWN	A86485_dnf2_shared	medtr.A17.gnm5.ann1_6.MtrunA17Chr7g0216451	MtrunA17Chr7g0216451			medtr.A17.gnm5.MtrunA17Chr7	+	2134186	2138102	-2.30737577996201	0.0293560530353747	DOWN	-2.37057747002768	0.0130691882996102	DOWN
DOWN	A86485_dnf2_shared	medtr.A17.gnm5.ann1_6.MtrunA17Chr6g0464471	MtrunA17Chr6g0464471	MtNCR069	Nodule-specific Cysteine-Rich peptide	medtr.A17.gnm5.MtrunA17Chr6	-	13669629	13674500	-2.43530071093494	0.0415687651877838	DOWN	-2.36844671300942	0.0295249932329145	DOWN
DOWN	A86485_dnf2_shared	medtr.A17.gnm5.ann1_6.MtrunA17Chr2g0304551	MtrunA17Chr2g0304551			medtr.A17.gnm5.MtrunA17Chr2	+	22968744	22969999	-2.50849184805664	0.0119666131507048	DOWN	-2.36461746750216	0.0106842324876419	DOWN
DOWN	A86485_dnf2_shared	medtr.A17.gnm5.ann1_6.MtrunA17Chr7g0239721	MtrunA17Chr7g0239721	MtP5CS2	Delta-1-pyrroline-5-carboxylate synthase2 (proline biosynthesis)	medtr.A17.gnm5.MtrunA17Chr7	-	29669737	29678965	-3.74045357182098	0.000352974486786305	DOWN	-2.36284029371444	0.0085515491103342	DOWN
DOWN	A86485_dnf2_shared	medtr.A17.gnm5.ann1_6.MtrunA17Chr2g0304451	MtrunA17Chr2g0304451			medtr.A17.gnm5.MtrunA17Chr2	-	22641482	22644746	-2.64633141821702	0.000339511570285685	DOWN	-2.36275679459569	0.000488253488149994	DOWN
DOWN	A86485_dnf2_shared	medtr.A17.gnm5.ann1_6.MtrunA17Chr1g0170581	MtrunA17Chr1g0170581			medtr.A17.gnm5.MtrunA17Chr1	-	19340566	19342466	-2.86710954066753	0.00476531397931919	DOWN	-2.35846448129653	0.0119315683046174	DOWN
DOWN	A86485_dnf2_shared	medtr.A17.gnm5.ann1_6.MtrunA17Chr5g0438391	MtrunA17Chr5g0438391	MtNodGRP1E	Nodule-specific Glycine-rich	medtr.A17.gnm5.MtrunA17Chr5	-	37555638	37556566	-2.14712112636539	0.0389324585660864	DOWN	-2.35385744754409	0.00947085052952938	DOWN
DOWN	A86485_dnf2_shared	medtr.A17.gnm5.ann1_6.MtrunA17Chr5g0405631	MtrunA17Chr5g0405631			medtr.A17.gnm5.MtrunA17Chr5	+	8842941	8845164	-2.57387597030711	0.00260752625227258	DOWN	-2.33706082773496	0.00357994804584687	DOWN
DOWN	A86485_dnf2_shared	medtr.A17.gnm5.ann1_6.MtrunA17Chr5g0401281	MtrunA17Chr5g0401281			medtr.A17.gnm5.MtrunA17Chr5	+	5488724	5494540	-2.63148958279386	0.00363839766623937	DOWN	-2.33553583154271	0.00609924306064225	DOWN
DOWN	A86485_dnf2_shared	medtr.A17.gnm5.ann1_6.MtrunA17Chr6g0450371	MtrunA17Chr6g0450371			medtr.A17.gnm5.MtrunA17Chr6	+	1136801	1138558	-1.86411072661997	0.0131217014584999	DOWN	-2.33530900763188	0.000324498607670276	DOWN
DOWN	A86485_dnf2_shared	medtr.A17.gnm5.ann1_6.MtrunA17Chr2g0315891	MtrunA17Chr2g0315891			medtr.A17.gnm5.MtrunA17Chr2	+	38110596	38116554	-2.14608442504528	0.00160796955013374	DOWN	-2.33035749090843	0.000212605853449703	DOWN
DOWN	A86485_dnf2_shared	medtr.A17.gnm5.ann1_6.MtrunA17Chr6g0487581	MtrunA17Chr6g0487581	MtNCR510	Nodule-specific Cysteine-Rich peptide	medtr.A17.gnm5.MtrunA17Chr6	+	41935842	41937891	-2.17420395576645	0.0151998355629746	DOWN	-2.3261590906835	0.00383145055804142	DOWN
DOWN	A86485_dnf2_shared	medtr.A17.gnm5.ann1_6.MtrunA17Chr6g0475751	MtrunA17Chr6g0475751	MtNCR067	Nodule-specific Cysteine-Rich peptide	medtr.A17.gnm5.MtrunA17Chr6	-	30351678	30361625	-2.43048195393336	0.0242930129053442	DOWN	-2.32605104883387	0.0193564913500667	DOWN
DOWN	A86485_dnf2_shared	medtr.A17.gnm5.ann1_6.MtrunA17Chr6g0487891	MtrunA17Chr6g0487891			medtr.A17.gnm5.MtrunA17Chr6	+	42018466	42021442	-2.64342883501498	0.00184293002380826	DOWN	-2.319342167344	0.00339450874274778	DOWN
DOWN	A86485_dnf2_shared	medtr.A17.gnm5.ann1_6.MtrunA17Chr2g0283711	MtrunA17Chr2g0283711	MtT5L1a|MtbHLH-656	TMO5-LIKE1a (bHLH transcription factor)	medtr.A17.gnm5.MtrunA17Chr2	-	4788335	4790389	-2.32234473079454	0.0157128640022928	DOWN	-2.30785027858286	0.00889362307748802	DOWN
DOWN	A86485_dnf2_shared	medtr.A17.gnm5.ann1_6.MtrunA17Chr2g0313991	MtrunA17Chr2g0313991			medtr.A17.gnm5.MtrunA17Chr2	+	36615554	36618774	-2.32074083698652	0.00887210560370217	DOWN	-2.29476131935009	0.00525159512204691	DOWN
DOWN	A86485_dnf2_shared	medtr.A17.gnm5.ann1_6.MtrunA17Chr2g0313581	MtrunA17Chr2g0313581			medtr.A17.gnm5.MtrunA17Chr2	-	36268160	36269152	-3.94529997121204	0.00246083820791916	DOWN	-2.28628178206924	0.0411245791999498	DOWN
DOWN	A86485_dnf2_shared	medtr.A17.gnm5.ann1_6.MtrunA17Chr3g0092581	MtrunA17Chr3g0092581			medtr.A17.gnm5.MtrunA17Chr3	+	14116054	14118769	-2.09784038684593	0.0321637894550192	DOWN	-2.28019529998211	0.00932167765711651	DOWN
DOWN	A86485_dnf2_shared	medtr.A17.gnm5.ann1_6.MtrunA17Chr3g0110281	MtrunA17Chr3g0110281			medtr.A17.gnm5.MtrunA17Chr3	+	33015074	33018132	-2.20534717770094	0.00771288185602919	DOWN	-2.27753589233238	0.00264613940542222	DOWN
DOWN	A86485_dnf2_shared	medtr.A17.gnm5.ann1_6.MtrunA17Chr6g0475051	MtrunA17Chr6g0475051			medtr.A17.gnm5.MtrunA17Chr6	+	29191849	29194050	-2.0340949939355	0.0398763991944485	DOWN	-2.27037436940029	0.00858783879353422	DOWN
DOWN	A86485_dnf2_shared	medtr.A17.gnm5.ann1_6.MtrunA17Chr2g0296871	MtrunA17Chr2g0296871			medtr.A17.gnm5.MtrunA17Chr2	+	15150586	15154959	-2.37005773597106	0.000344628191587868	DOWN	-2.26169462795841	0.00023957048497531	DOWN
DOWN	A86485_dnf2_shared	medtr.A17.gnm5.ann1_6.MtrunA17Chr4g0041841	MtrunA17Chr4g0041841			medtr.A17.gnm5.MtrunA17Chr4	-	39363697	39367892	-2.15535938709566	0.00133381745930207	DOWN	-2.25906251194135	0.000281376577888909	DOWN
DOWN	A86485_dnf2_shared	medtr.A17.gnm5.ann1_6.MtrunA17Chr4g0005761	MtrunA17Chr4g0005761	MtNCR357	Nodule-specific Cysteine-Rich peptide	medtr.A17.gnm5.MtrunA17Chr4	-	4489966	4490847	-2.45179018622958	0.0272835041339521	DOWN	-2.25446271537156	0.0300467351238304	DOWN
DOWN	A86485_dnf2_shared	medtr.A17.gnm5.ann1_6.MtrunA17Chr4g0041211	MtrunA17Chr4g0041211			medtr.A17.gnm5.MtrunA17Chr4	+	38956518	38960677	-2.35512763473025	0.00629252736219605	DOWN	-2.24694025146941	0.00525855557052887	DOWN
DOWN	A86485_dnf2_shared	medtr.A17.gnm5.ann1_6.MtrunA17Chr8g0336591	MtrunA17Chr8g0336591			medtr.A17.gnm5.MtrunA17Chr8	-	1765801	1767805	-1.71977112869122	0.00392055327839586	DOWN	-2.24361410194801	2.20065795863628e-05	DOWN
DOWN	A86485_dnf2_shared	medtr.A17.gnm5.ann1_6.MtrunA17Chr1g0166791	MtrunA17Chr1g0166791	MtNPF5.12	NRT1/ PTR FAMILY|nitrate transporter / peptide transporter	medtr.A17.gnm5.MtrunA17Chr1	+	16125123	16131047	-1.77999815785449	0.00879996276298382	DOWN	-2.24014781794366	0.000132874422976601	DOWN
DOWN	A86485_dnf2_shared	medtr.A17.gnm5.ann1_6.MtrunA17Chr5g0417551	MtrunA17Chr5g0417551	MtCDFc2_3	CYCLING DOF FACTOR	medtr.A17.gnm5.MtrunA17Chr5	+	18112217	18113933	-2.6942377459591	0.00241144592973531	DOWN	-2.23430950493228	0.00692433827671543	DOWN
DOWN	A86485_dnf2_shared	medtr.A17.gnm5.ann1_6.MtrunA17Chr4g0021591	MtrunA17Chr4g0021591	MtNCR491	Nodule-specific Cysteine-Rich peptide	medtr.A17.gnm5.MtrunA17Chr4	-	19930658	19932920	-2.66158366411387	0.00320422355064453	DOWN	-2.22989402571396	0.00872313822690808	DOWN
DOWN	A86485_dnf2_shared	medtr.A17.gnm5.ann1_6.MtrunA17Chr6g0475041	MtrunA17Chr6g0475041			medtr.A17.gnm5.MtrunA17Chr6	+	29189222	29191847	-2.5133591587484	0.00528818117551247	DOWN	-2.22717457084138	0.00871913596640125	DOWN
DOWN	A86485_dnf2_shared	medtr.A17.gnm5.ann1_6.MtrunA17Chr7g0216051	MtrunA17Chr7g0216051	MtNCR042	Nodule-specific Cysteine-Rich peptide	medtr.A17.gnm5.MtrunA17Chr7	+	1933013	1934559	-2.25950194921326	0.0294103363215101	DOWN	-2.22170884717659	0.019416455290262	DOWN
DOWN	A86485_dnf2_shared	medtr.A17.gnm5.ann1_6.MtrunA17Chr1g0146591	MtrunA17Chr1g0146591			medtr.A17.gnm5.MtrunA17Chr1	-	435512	440555	-3.37587988244345	2.83034783938374e-05	DOWN	-2.20747726209462	0.000419516009931752	DOWN
DOWN	A86485_dnf2_shared	medtr.A17.gnm5.ann1_6.MtrunA17Chr5g0415141	MtrunA17Chr5g0415141			medtr.A17.gnm5.MtrunA17Chr5	+	16070357	16072269	-3.03985289628493	0.00582744805243709	DOWN	-2.1960791963583	0.0304484272467654	DOWN
DOWN	A86485_dnf2_shared	medtr.A17.gnm5.ann1_6.MtrunA17Chr4g0054951	MtrunA17Chr4g0054951			medtr.A17.gnm5.MtrunA17Chr4	-	48701382	48707405	-2.5106348769529	0.00358532035173984	DOWN	-2.19451027762558	0.00692433827671543	DOWN
DOWN	A86485_dnf2_shared	medtr.A17.gnm5.ann1_6.MtrunA17Chr2g0330861	MtrunA17Chr2g0330861			medtr.A17.gnm5.MtrunA17Chr2	+	49410407	49411526	-1.77907104993909	0.0495331800409804	DOWN	-2.17776622101863	0.0031676323140436	DOWN
DOWN	A86485_dnf2_shared	medtr.A17.gnm5.ann1_6.MtrunA17Chr4g0009361	MtrunA17Chr4g0009361			medtr.A17.gnm5.MtrunA17Chr4	+	7307404	7310526	-2.3396790315972	0.00170631375331033	DOWN	-2.16894118331011	0.00200885751921213	DOWN
DOWN	A86485_dnf2_shared	medtr.A17.gnm5.ann1_6.MtrunA17Chr6g0455541	MtrunA17Chr6g0455541			medtr.A17.gnm5.MtrunA17Chr6	-	5623528	5625028	-2.64185997143458	0.000155392209628586	DOWN	-2.16046005140352	0.000666701892535273	DOWN
DOWN	A86485_dnf2_shared	medtr.A17.gnm5.ann1_6.MtrunA17Chr5g0441791	MtrunA17Chr5g0441791			medtr.A17.gnm5.MtrunA17Chr5	-	40049462	40049767	-2.74158471271678	0.00191347268947704	DOWN	-2.15626600385442	0.00881458355427211	DOWN
DOWN	A86485_dnf2_shared	medtr.A17.gnm5.ann1_6.MtrunA17Chr3g0128091	MtrunA17Chr3g0128091			medtr.A17.gnm5.MtrunA17Chr3	-	45985157	45987428	-3.85860773304925	0.000120460400380805	DOWN	-2.15296664185423	0.00932167765711651	DOWN
DOWN	A86485_dnf2_shared	medtr.A17.gnm5.ann1_6.MtrunA17Chr8g0375671	MtrunA17Chr8g0375671			medtr.A17.gnm5.MtrunA17Chr8	-	37402639	37405540	-1.5366862285324	0.0182616668138108	DOWN	-2.14478199753972	3.21879644667972e-05	DOWN
DOWN	A86485_dnf2_shared	medtr.A17.gnm5.ann1_6.MtrunA17Chr6g0450351	MtrunA17Chr6g0450351	MtNCR450	Nodule-specific Cysteine-Rich peptide	medtr.A17.gnm5.MtrunA17Chr6	+	1131923	1136127	-2.4823270942723	0.00485351136042943	DOWN	-2.14009105904644	0.0112790758242102	DOWN
DOWN	A86485_dnf2_shared	medtr.A17.gnm5.ann1_6.MtrunA17Chr7g0225411	MtrunA17Chr7g0225411			medtr.A17.gnm5.MtrunA17Chr7	+	10488322	10489274	-1.83823393418719	0.0259653127434885	DOWN	-2.13471927707926	0.00234903551104923	DOWN
DOWN	A86485_dnf2_shared	medtr.A17.gnm5.ann1_6.MtrunA17Chr6g0460971	MtrunA17Chr6g0460971			medtr.A17.gnm5.MtrunA17Chr6	-	10190095	10196462	-2.11588161901886	0.0189177209077259	DOWN	-2.12820625741705	0.00947085052952938	DOWN
DOWN	A86485_dnf2_shared	medtr.A17.gnm5.ann1_6.MtrunA17Chr6g0475031	MtrunA17Chr6g0475031			medtr.A17.gnm5.MtrunA17Chr6	+	29186999	29189218	-2.48604280681245	0.023198228647387	DOWN	-2.0964741060862	0.0464482307501603	DOWN
DOWN	A86485_dnf2_shared	medtr.A17.gnm5.ann1_6.MtrunA17Chr5g0431511	MtrunA17Chr5g0431511	MtCYP83G2	Cytochrome P450 monooxygenase	medtr.A17.gnm5.MtrunA17Chr5	-	32363837	32366581	-2.13176812040512	0.0196878538443703	DOWN	-2.08238411541346	0.013509032604052	DOWN
DOWN	A86485_dnf2_shared	medtr.A17.gnm5.ann1_6.MtrunA17Chr2g0324891	MtrunA17Chr2g0324891			medtr.A17.gnm5.MtrunA17Chr2	-	44931662	44935910	-2.83616048942202	6.7759592289512e-05	DOWN	-2.07897315229883	0.000813766147843464	DOWN
DOWN	A86485_dnf2_shared	medtr.A17.gnm5.ann1_6.MtrunA17Chr6g0480571	MtrunA17Chr6g0480571	MtNCR-new61	Nodule-specific Cysteine-Rich peptide	medtr.A17.gnm5.MtrunA17Chr6	+	35306683	35309903	-2.28999811448009	0.0362144335689611	DOWN	-2.06787692021826	0.0467938815677034	DOWN
DOWN	A86485_dnf2_shared	medtr.A17.gnm5.ann1_6.MtrunA17Chr5g0433571	MtrunA17Chr5g0433571			medtr.A17.gnm5.MtrunA17Chr5	+	33984113	33985000	-2.40765480295845	0.0271295039146143	DOWN	-2.06231058203683	0.0480064725413756	DOWN
DOWN	A86485_dnf2_shared	medtr.A17.gnm5.ann1_6.MtrunA17Chr6g0455531	MtrunA17Chr6g0455531			medtr.A17.gnm5.MtrunA17Chr6	+	5622725	5636759	-2.67374873780899	0.000344628191587868	DOWN	-2.04937376151188	0.00395457772313092	DOWN
DOWN	A86485_dnf2_shared	medtr.A17.gnm5.ann1_6.MtrunA17Chr2g0322451	MtrunA17Chr2g0322451			medtr.A17.gnm5.MtrunA17Chr2	-	43199906	43207501	-1.74119477035788	0.0349222205252833	DOWN	-2.04225219894256	0.00287232879463	DOWN
DOWN	A86485_dnf2_shared	medtr.A17.gnm5.ann1_6.MtrunA17Chr7g0236251	MtrunA17Chr7g0236251	MtLP3	LEED..PEED family	medtr.A17.gnm5.MtrunA17Chr7	+	26511315	26512550	-2.27317862672367	0.0288889359517501	DOWN	-2.02639850988931	0.0435977017374874	DOWN
DOWN	A86485_dnf2_shared	medtr.A17.gnm5.ann1_6.MtrunA17Chr4g0057771	MtrunA17Chr4g0057771			medtr.A17.gnm5.MtrunA17Chr4	+	50893572	50899391	-2.01652050874081	0.000453554595061497	DOWN	-2.01574507563345	0.000169325599976591	DOWN
DOWN	A86485_dnf2_shared	medtr.A17.gnm5.ann1_6.MtrunA17Chr2g0332281	MtrunA17Chr2g0332281			medtr.A17.gnm5.MtrunA17Chr2	-	50377315	50380068	-2.39580271592278	0.00498592673968777	DOWN	-2.01509484293896	0.014651960649151	DOWN
DOWN	A86485_dnf2_shared	medtr.A17.gnm5.ann1_6.MtrunA17Chr3g0083841	MtrunA17Chr3g0083841			medtr.A17.gnm5.MtrunA17Chr3	-	5402447	5412326	-2.23335991561274	0.000223049750211838	DOWN	-2.00842600945763	0.000328612041197788	DOWN
DOWN	A86485_dnf2_shared	medtr.A17.gnm5.ann1_6.MtrunA17Chr2g0279081	MtrunA17Chr2g0279081			medtr.A17.gnm5.MtrunA17Chr2	-	1605349	1613053	-1.67769236496405	0.0478418586762719	DOWN	-2.00291180621789	0.00323339737887539	DOWN
DOWN	A86485_dnf2_shared	medtr.A17.gnm5.ann1_6.MtrunA17Chr1g0166851	MtrunA17Chr1g0166851	MtNCR055	Nodule-specific Cysteine-Rich peptide	medtr.A17.gnm5.MtrunA17Chr1	-	16162775	16164591	-1.98429978672381	0.041205268737679	DOWN	-2.00104144324874	0.0219152034939084	DOWN
DOWN	A86485_dnf2_shared	medtr.A17.gnm5.ann1_6.MtrunA17Chr5g0434371	MtrunA17Chr5g0434371	MtSKOR/GORK	Outward rectifying potassium channel protein	medtr.A17.gnm5.MtrunA17Chr5	-	34494245	34505624	-2.39798518950267	0.00102285426984977	DOWN	-2.00080462364936	0.00456378630080147	DOWN
DOWN	A86485_dnf2_shared	medtr.A17.gnm5.ann1_6.MtrunA17Chr6g0450361	MtrunA17Chr6g0450361			medtr.A17.gnm5.MtrunA17Chr6	+	1136129	1136799	-1.84844458627565	0.0364958860717771	DOWN	-2.0001546330538	0.00937596360229351	DOWN
DOWN	A86485_dnf2_shared	medtr.A17.gnm5.ann1_6.MtrunA17Chr8g0362701	MtrunA17Chr8g0362701	MtCYP93A77	Cytochrome P450 monooxygenase	medtr.A17.gnm5.MtrunA17Chr8	+	27224196	27226552	-1.83815726150238	0.00288473874239786	DOWN	-1.9941351878459	0.000368996812590876	DOWN
DOWN	A86485_dnf2_shared	medtr.A17.gnm5.ann1_6.MtrunA17Chr8g0369461	MtrunA17Chr8g0369461			medtr.A17.gnm5.MtrunA17Chr8	-	32695620	32701950	-1.89463300174047	0.0483709538466549	DOWN	-1.99335353795079	0.01776745342089	DOWN
DOWN	A86485_dnf2_shared	medtr.A17.gnm5.ann1_6.MtrunA17Chr4g0069201	MtrunA17Chr4g0069201			medtr.A17.gnm5.MtrunA17Chr4	+	59143923	59146416	-1.55255699646684	0.0452093363384055	DOWN	-1.98392994671624	0.000631310528369556	DOWN
DOWN	A86485_dnf2_shared	medtr.A17.gnm5.ann1_6.MtrunA17Chr4g0052001	MtrunA17Chr4g0052001			medtr.A17.gnm5.MtrunA17Chr4	+	46298937	46299528	-2.16474477611439	0.00903580869050351	DOWN	-1.9746113698128	0.0132021020679284	DOWN
DOWN	A86485_dnf2_shared	medtr.A17.gnm5.ann1_6.MtrunA17Chr2g0286751	MtrunA17Chr2g0286751			medtr.A17.gnm5.MtrunA17Chr2	+	7026906	7034324	-2.34711772770465	0.00434031753215982	DOWN	-1.97166916099509	0.0148058855718881	DOWN
DOWN	A86485_dnf2_shared	medtr.A17.gnm5.ann1_6.MtrunA17Chr3g0101841	MtrunA17Chr3g0101841			medtr.A17.gnm5.MtrunA17Chr3	-	26371297	26379476	-2.12400055007805	0.0208174820515619	DOWN	-1.96657466049598	0.0243531640413594	DOWN
DOWN	A86485_dnf2_shared	medtr.A17.gnm5.ann1_6.MtrunA17Chr4g0032371	MtrunA17Chr4g0032371			medtr.A17.gnm5.MtrunA17Chr4	-	32486647	32490591	-1.7662904506328	0.0320809164214971	DOWN	-1.95173260412071	0.00525855557052887	DOWN
DOWN	A86485_dnf2_shared	medtr.A17.gnm5.ann1_6.MtrunA17Chr6g0479481	MtrunA17Chr6g0479481			medtr.A17.gnm5.MtrunA17Chr6	-	34171467	34172191	-2.02231226734796	0.0130816839260125	DOWN	-1.95145118840528	0.0105402067837333	DOWN
DOWN	A86485_dnf2_shared	medtr.A17.gnm5.ann1_6.MtrunA17Chr3g0129201	MtrunA17Chr3g0129201			medtr.A17.gnm5.MtrunA17Chr3	+	46746680	46753935	-1.70544711048042	0.0144984130028757	DOWN	-1.91694284888427	0.0012911126054525	DOWN
DOWN	A86485_dnf2_shared	medtr.A17.gnm5.ann1_6.MtrunA17Chr2g0289861	MtrunA17Chr2g0289861			medtr.A17.gnm5.MtrunA17Chr2	+	9266469	9268680	-1.69990342910048	0.0248753453529973	DOWN	-1.89814557176231	0.00296510078366056	DOWN
DOWN	A86485_dnf2_shared	medtr.A17.gnm5.ann1_6.MtrunA17Chr5g0417111	MtrunA17Chr5g0417111			medtr.A17.gnm5.MtrunA17Chr5	-	17756569	17763170	-2.0458522681965	0.0079592695153308	DOWN	-1.87225714685513	0.0118619921508406	DOWN
DOWN	A86485_dnf2_shared	medtr.A17.gnm5.ann1_6.MtrunA17Chr7g0233651	MtrunA17Chr7g0233651			medtr.A17.gnm5.MtrunA17Chr7	+	24121709	24126810	-1.65427762103056	0.0188244898011892	DOWN	-1.86241095596507	0.00178335699744236	DOWN
DOWN	A86485_dnf2_shared	medtr.A17.gnm5.ann1_6.MtrunA17Chr6g0488531	MtrunA17Chr6g0488531			medtr.A17.gnm5.MtrunA17Chr6	+	42500287	42501805	-2.69148341478339	0.000961934249099742	DOWN	-1.86138032027621	0.0260155073189276	DOWN
DOWN	A86485_dnf2_shared	medtr.A17.gnm5.ann1_6.MtrunA17Chr7g0259911	MtrunA17Chr7g0259911			medtr.A17.gnm5.MtrunA17Chr7	+	44840480	44847436	-1.49678132887485	0.0464602653088231	DOWN	-1.85140432830922	0.000928963057609417	DOWN
DOWN	A86485_dnf2_shared	medtr.A17.gnm5.ann1_6.MtrunA17Chr1g0155131	MtrunA17Chr1g0155131			medtr.A17.gnm5.MtrunA17Chr1	+	7041082	7042990	-2.69294992196354	0.00130084856949841	DOWN	-1.84927884517793	0.0299402607666316	DOWN
DOWN	A86485_dnf2_shared	medtr.A17.gnm5.ann1_6.MtrunA17Chr1g0192551	MtrunA17Chr1g0192551			medtr.A17.gnm5.MtrunA17Chr1	+	41174019	41181909	-2.08213758220049	0.00103242775490716	DOWN	-1.84870560570176	0.00269045785400929	DOWN
DOWN	A86485_dnf2_shared	medtr.A17.gnm5.ann1_6.MtrunA17Chr3g0083411	MtrunA17Chr3g0083411			medtr.A17.gnm5.MtrunA17Chr3	+	4990882	4991146	-4.39069036230747	1.16491366930937e-05	DOWN	-1.83944015325621	0.0124013097016006	DOWN
DOWN	A86485_dnf2_shared	medtr.A17.gnm5.ann1_6.MtrunA17Chr5g0394501	MtrunA17Chr5g0394501			medtr.A17.gnm5.MtrunA17Chr5	+	880579	893502	-1.74453894457374	0.00660990611670061	DOWN	-1.83011899556214	0.0015558259168203	DOWN
DOWN	A86485_dnf2_shared	medtr.A17.gnm5.ann1_6.MtrunA17Chr3g0113291	MtrunA17Chr3g0113291			medtr.A17.gnm5.MtrunA17Chr3	-	35018865	35022049	-1.64953486605214	0.0324595952565716	DOWN	-1.8257104959031	0.00465861843809708	DOWN
DOWN	A86485_dnf2_shared	medtr.A17.gnm5.ann1_6.MtrunA17Chr3g0126581	MtrunA17Chr3g0126581			medtr.A17.gnm5.MtrunA17Chr3	+	44877069	44883392	-1.81390137502471	0.0254716270143641	DOWN	-1.82536007152604	0.0132733706454265	DOWN
DOWN	A86485_dnf2_shared	medtr.A17.gnm5.ann1_6.MtrunA17Chr3g0130391	MtrunA17Chr3g0130391	MtGA20ox5	Gibberellin 20 oxidase|gibberellin biosynthesis	medtr.A17.gnm5.MtrunA17Chr3	-	47574361	47577250	-2.36970649873292	0.00599201309849644	DOWN	-1.79481714140555	0.0472065121670696	DOWN
DOWN	A86485_dnf2_shared	medtr.A17.gnm5.ann1_6.MtrunA17Chr1g0206591	MtrunA17Chr1g0206591			medtr.A17.gnm5.MtrunA17Chr1	-	51478740	51485218	-1.7364110296617	0.0362144335689611	DOWN	-1.77532297457722	0.0157527074365886	DOWN
DOWN	A86485_dnf2_shared	medtr.A17.gnm5.ann1_6.MtrunA17Chr7g0236271	MtrunA17Chr7g0236271			medtr.A17.gnm5.MtrunA17Chr7	+	26516698	26519302	-2.03002183261974	0.012462240386924	DOWN	-1.77041670009484	0.0301041035567292	DOWN
DOWN	A86485_dnf2_shared	medtr.A17.gnm5.ann1_6.MtrunA17Chr4g0060261	MtrunA17Chr4g0060261			medtr.A17.gnm5.MtrunA17Chr4	-	52721504	52728841	-1.68028742961224	0.00546649831822607	DOWN	-1.76936527604192	0.00107705861922404	DOWN
DOWN	A86485_dnf2_shared	medtr.A17.gnm5.ann1_6.MtrunA17Chr2g0295411	MtrunA17Chr2g0295411	MtPLD14	phospholipase D14	medtr.A17.gnm5.MtrunA17Chr2	-	13840286	13859001	-1.92595203561899	0.00339991390900951	DOWN	-1.75890960428434	0.00617922801162981	DOWN
DOWN	A86485_dnf2_shared	medtr.A17.gnm5.ann1_6.MtrunA17Chr4g0065571	MtrunA17Chr4g0065571			medtr.A17.gnm5.MtrunA17Chr4	-	56629515	56633574	-2.23575313764381	0.00179212531430855	DOWN	-1.71932111252547	0.0241612945880298	DOWN
DOWN	A86485_dnf2_shared	medtr.A17.gnm5.ann1_6.MtrunA17Chr3g0094081	MtrunA17Chr3g0094081			medtr.A17.gnm5.MtrunA17Chr3	-	16552318	16567806	-2.8171326072262	4.42521983259619e-05	DOWN	-1.69179743778999	0.0102675887198147	DOWN
DOWN	A86485_dnf2_shared	medtr.A17.gnm5.ann1_6.MtrunA17Chr6g0462841	MtrunA17Chr6g0462841			medtr.A17.gnm5.MtrunA17Chr6	+	11870425	11874860	-2.5467274983206	0.000128104476874438	DOWN	-1.69064996910993	0.0102232436116524	DOWN
DOWN	A86485_dnf2_shared	medtr.A17.gnm5.ann1_6.MtrunA17Chr1g0211711	MtrunA17Chr1g0211711	MtJMJ12	Histone demethylase JmjC domain-containing	medtr.A17.gnm5.MtrunA17Chr1	+	55203937	55217513	-2.04546880851445	0.00363839766623937	DOWN	-1.67901478618378	0.0235079172869126	DOWN
DOWN	A86485_dnf2_shared	medtr.A17.gnm5.ann1_6.MtrunA17Chr1g0193131	MtrunA17Chr1g0193131			medtr.A17.gnm5.MtrunA17Chr1	+	41610872	41614039	-2.56287088434522	0.000120460400380805	DOWN	-1.67589530526667	0.0136794097117598	DOWN
DOWN	A86485_dnf2_shared	medtr.A17.gnm5.ann1_6.MtrunA17Chr2g0317771	MtrunA17Chr2g0317771			medtr.A17.gnm5.MtrunA17Chr2	-	39571315	39572935	-1.51869317563926	0.0258133137365864	DOWN	-1.64842081268742	0.00380392706589605	DOWN
DOWN	A86485_dnf2_shared	medtr.A17.gnm5.ann1_6.MtrunA17Chr2g0296061	MtrunA17Chr2g0296061			medtr.A17.gnm5.MtrunA17Chr2	+	14448834	14455029	-1.68893345739619	0.0287890893184955	DOWN	-1.59458089980275	0.0330177478910182	DOWN
DOWN	A86485_dnf2_shared	medtr.A17.gnm5.ann1_6.MtrunA17Chr1g0207031	MtrunA17Chr1g0207031			medtr.A17.gnm5.MtrunA17Chr1	+	51724013	51728098	-1.44011877487604	0.0426658630098654	DOWN	-1.59050681891409	0.0046468860944904	DOWN
DOWN	A86485_dnf2_shared	medtr.A17.gnm5.ann1_6.MtrunA17Chr1g0200031	MtrunA17Chr1g0200031			medtr.A17.gnm5.MtrunA17Chr1	-	46671374	46674996	-1.5431465831792	0.0196878538443703	DOWN	-1.57250959449692	0.00777120735104686	DOWN
DOWN	A86485_dnf2_shared	medtr.A17.gnm5.ann1_6.MtrunA17Chr8g0391011	MtrunA17Chr8g0391011			medtr.A17.gnm5.MtrunA17Chr8	-	48018445	48021111	-2.2489148325102	0.000222088558650318	DOWN	-1.57158735992025	0.0169084923799055	DOWN
DOWN	A86485_dnf2_shared	medtr.A17.gnm5.ann1_6.MtrunA17Chr8g0382451	MtrunA17Chr8g0382451			medtr.A17.gnm5.MtrunA17Chr8	+	42080183	42082711	-1.81971502171859	0.00256845444958546	DOWN	-1.55996851513319	0.0139284674553602	DOWN
DOWN	A86485_dnf2_shared	medtr.A17.gnm5.ann1_6.MtrunA17Chr1g0196081	MtrunA17Chr1g0196081			medtr.A17.gnm5.MtrunA17Chr1	+	43787701	43791427	-1.99445181565712	0.000686762324093861	DOWN	-1.54684665679746	0.0157815962637963	DOWN
DOWN	A86485_dnf2_shared	medtr.A17.gnm5.ann1_6.MtrunA17Chr8g0382441	MtrunA17Chr8g0382441			medtr.A17.gnm5.MtrunA17Chr8	-	42079842	42083172	-1.88911403231367	0.000938350535554558	DOWN	-1.52493608528831	0.0142234992879494	DOWN
DOWN	A86485_only	medtr.A17.gnm5.ann1_6.MtrunA17Chr2g0285301	MtrunA17Chr2g0285301	MtABAB7	ATP-Binding-Cassette (ABC) transporter typeB (P-glycoprotein (MDR/PGP/ABCB) efflux/conditional auxin transporter)	medtr.A17.gnm5.MtrunA17Chr2	+	5872659	5879799	-5.88682810095574	0.0415066144227544	DOWN	-4.17909914435715	0.0613965917238496	NS
DOWN	A86485_only	medtr.A17.gnm5.ann1_6.MtrunA17Chr5g0405001	MtrunA17Chr5g0405001	MtCYP84A17	Cytochrome P450 monooxygenase	medtr.A17.gnm5.MtrunA17Chr5	+	8279144	8282648	-5.9186887552715	0.00436676792741362	DOWN	3.56779492245072	0.000125967966679609	UP
DOWN	A86485_only	medtr.A17.gnm5.ann1_6.MtrunA17Chr2g0295091	MtrunA17Chr2g0295091			medtr.A17.gnm5.MtrunA17Chr2	+	13601942	13603470	-5.71479046623389	8.6272396652808e-06	DOWN	3.31569213261977	1.9699914741373e-05	UP
DOWN	A86485_only	medtr.A17.gnm5.ann1_6.MtrunA17Chr8g0386141	MtrunA17Chr8g0386141			medtr.A17.gnm5.MtrunA17Chr8	-	44625418	44628817	-8.1792621749027	0.0140881162052085	DOWN	-3.14680210045324	0.0860579238883817	NS
DOWN	A86485_only	medtr.A17.gnm5.ann1_6.MtrunA17Chr3g0126441	MtrunA17Chr3g0126441			medtr.A17.gnm5.MtrunA17Chr3	+	44766530	44766977	-3.77380286035453	0.0457565832442569	DOWN	-3.05164293802457	0.0613035547078673	NS
DOWN	A86485_only	medtr.A17.gnm5.ann1_6.MtrunA17Chr3g0112911	MtrunA17Chr3g0112911			medtr.A17.gnm5.MtrunA17Chr3	-	34781494	34782134	-4.30172513496051	0.0266861725091106	DOWN	-2.83975480873999	0.0745542965529943	NS
DOWN	A86485_only	medtr.A17.gnm5.ann1_6.MtrunA17Chr6g0475701	MtrunA17Chr6g0475701			medtr.A17.gnm5.MtrunA17Chr6	+	30191577	30192246	-4.47613496860054	0.0415687651877838	DOWN	-2.80315239370999	0.109674974029424	NS
DOWN	A86485_only	medtr.A17.gnm5.ann1_6.MtrunA17Chr8g0371261	MtrunA17Chr8g0371261			medtr.A17.gnm5.MtrunA17Chr8	+	34120032	34121163	-4.01554010029473	0.0257859557969324	DOWN	-2.79983104734794	0.0661627919819954	NS
DOWN	A86485_only	medtr.A17.gnm5.ann1_6.MtrunA17Chr6g0469151	MtrunA17Chr6g0469151			medtr.A17.gnm5.MtrunA17Chr6	-	18845347	18847146	-4.03893685849357	0.0268690973898562	DOWN	-2.77968815869041	0.0681674852690241	NS
DOWN	A86485_only	medtr.A17.gnm5.ann1_6.MtrunA17Chr5g0435491	MtrunA17Chr5g0435491			medtr.A17.gnm5.MtrunA17Chr5	+	35505323	35506423	-5.17927189292813	0.0201706672103014	DOWN	-2.76123426281608	0.0910791823814426	NS
DOWN	A86485_only	medtr.A17.gnm5.ann1_6.MtrunA17Chr5g0430241	MtrunA17Chr5g0430241			medtr.A17.gnm5.MtrunA17Chr5	-	31513161	31515723	-4.98762418347647	0.0374499625738998	DOWN	-2.56980171200106	0.165338017425844	NS
DOWN	A86485_only	medtr.A17.gnm5.ann1_6.MtrunA17Chr1g0177481	MtrunA17Chr1g0177481			medtr.A17.gnm5.MtrunA17Chr1	+	29061886	29062498	-4.01285568544866	0.0282958313378587	DOWN	-2.46283719189994	0.11059896245601	NS
DOWN	A86485_only	medtr.A17.gnm5.ann1_6.MtrunA17Chr7g0231071	MtrunA17Chr7g0231071			medtr.A17.gnm5.MtrunA17Chr7	+	20666516	20667621	-4.67075206627671	0.0193192973899685	DOWN	-2.3832540735608	0.134361456181756	NS
DOWN	A86485_only	medtr.A17.gnm5.ann1_6.MtrunA17Chr5g0425031	MtrunA17Chr5g0425031	MtNCR658	Nodule-specific Cysteine-Rich peptide	medtr.A17.gnm5.MtrunA17Chr5	+	27057939	27058990	-3.30186945783804	0.0161943261341138	DOWN	-2.37611143978507	0.0552711880890111	NS
DOWN	A86485_only	medtr.A17.gnm5.ann1_6.MtrunA17Chr4g0012491	MtrunA17Chr4g0012491			medtr.A17.gnm5.MtrunA17Chr4	+	9849745	9850488	-5.07862991821014	0.00219914090171332	DOWN	-2.35769717465916	0.0571246885433369	NS
DOWN	A86485_only	medtr.A17.gnm5.ann1_6.MtrunA17Chr1g0157841	MtrunA17Chr1g0157841			medtr.A17.gnm5.MtrunA17Chr1	+	8980320	8984133	-4.06570542107517	0.00968045089734087	DOWN	-2.35233931912285	0.132482165211	NS
DOWN	A86485_only	medtr.A17.gnm5.ann1_6.MtrunA17Chr8g0339311	MtrunA17Chr8g0339311	MtCYP82L14	Cytochrome P450 monooxygenase	medtr.A17.gnm5.MtrunA17Chr8	+	3566164	3569676	-4.59234002176628	0.00707923923421715	DOWN	2.34583822704799	0.00652756276372379	UP
DOWN	A86485_only	medtr.A17.gnm5.ann1_6.MtrunA17Chr4g0018011	MtrunA17Chr4g0018011	MtNCR-new34	Nodule-specific Cysteine-Rich peptide	medtr.A17.gnm5.MtrunA17Chr4	+	13094554	13098382	-2.88114013288192	0.0245479875857408	DOWN	-2.30030834252596	0.0606611715342776	NS
DOWN	A86485_only	medtr.A17.gnm5.ann1_6.MtrunA17Chr7g0214011	MtrunA17Chr7g0214011			medtr.A17.gnm5.MtrunA17Chr7	-	10866	12012	-2.95760483022543	0.0472709150302361	DOWN	-2.2743709376425	0.0978857263714187	NS
DOWN	A86485_only	medtr.A17.gnm5.ann1_6.MtrunA17Chr2g0327991	MtrunA17Chr2g0327991			medtr.A17.gnm5.MtrunA17Chr2	-	47380757	47386861	-3.55293337899705	0.00612089369517494	DOWN	-2.24613816109816	0.0517736781437949	NS
DOWN	A86485_only	medtr.A17.gnm5.ann1_6.MtrunA17Chr6g0487851	MtrunA17Chr6g0487851			medtr.A17.gnm5.MtrunA17Chr6	-	42004097	42006686	-3.05354334370905	0.0160532920403691	DOWN	-2.23606473762752	0.0587420476675008	NS
DOWN	A86485_only	medtr.A17.gnm5.ann1_6.MtrunA17Chr8g0353101	MtrunA17Chr8g0353101	MtNCR272	Nodule-specific Cysteine-Rich peptide	medtr.A17.gnm5.MtrunA17Chr8	-	14866940	14867956	-2.72392963725943	0.025591152506187	DOWN	-2.23571439609919	0.0575092342955223	NS
DOWN	A86485_only	medtr.A17.gnm5.ann1_6.MtrunA17Chr8g0371271	MtrunA17Chr8g0371271			medtr.A17.gnm5.MtrunA17Chr8	-	34120541	34121136	-2.89541509748473	0.0191048497632908	DOWN	-2.22016364499365	0.0546438921621403	NS
DOWN	A86485_only	medtr.A17.gnm5.ann1_6.MtrunA17Chr8g0353801	MtrunA17Chr8g0353801			medtr.A17.gnm5.MtrunA17Chr8	+	15511057	15515845	-3.64101754978535	0.00459138090963626	DOWN	-2.18083233254928	0.0752620882614153	NS
DOWN	A86485_only	medtr.A17.gnm5.ann1_6.MtrunA17Chr4g0009341	MtrunA17Chr4g0009341			medtr.A17.gnm5.MtrunA17Chr4	+	7303514	7305830	-2.74089767190419	0.0144037666787451	DOWN	-2.07515494574204	0.0552281726494625	NS
DOWN	A86485_only	medtr.A17.gnm5.ann1_6.MtrunA17Chr5g0430051	MtrunA17Chr5g0430051			medtr.A17.gnm5.MtrunA17Chr5	+	31265423	31266424	-2.7310963855961	0.0140599406094112	DOWN	-2.04943736757556	0.0596060601492454	NS
DOWN	A86485_only	medtr.A17.gnm5.ann1_6.MtrunA17Chr2g0307511	MtrunA17Chr2g0307511			medtr.A17.gnm5.MtrunA17Chr2	-	30031832	30033183	-2.82347484290122	0.0454035671135141	DOWN	-2.04735610388171	0.129911609343684	NS
DOWN	A86485_only	medtr.A17.gnm5.ann1_6.MtrunA17Chr7g0236301	MtrunA17Chr7g0236301			medtr.A17.gnm5.MtrunA17Chr7	-	26525306	26526813	-3.42874857303445	0.0240724550973662	DOWN	-1.99979810500779	0.165908037249367	NS
DOWN	A86485_only	medtr.A17.gnm5.ann1_6.MtrunA17Chr8g0340631	MtrunA17Chr8g0340631			medtr.A17.gnm5.MtrunA17Chr8	+	4359116	4360327	-2.37535940952737	0.0235749919069804	DOWN	-1.99097815788951	0.0508857165696271	NS
DOWN	A86485_only	medtr.A17.gnm5.ann1_6.MtrunA17Chr8g0353021	MtrunA17Chr8g0353021	MtNCR462	Nodule-specific Cysteine-Rich peptide	medtr.A17.gnm5.MtrunA17Chr8	-	14791176	14793108	-3.48707219281325	0.00446485991533928	DOWN	-1.97866228980955	0.095404034801814	NS
DOWN	A86485_only	medtr.A17.gnm5.ann1_6.MtrunA17Chr7g0260461	MtrunA17Chr7g0260461	MtNCR723	Nodule-specific Cysteine-Rich peptide	medtr.A17.gnm5.MtrunA17Chr7	+	45256446	45257137	-2.83800294946206	0.0332364652256486	DOWN	-1.97705132676408	0.139514077649939	NS
DOWN	A86485_only	medtr.A17.gnm5.ann1_6.MtrunA17Chr7g0258841	MtrunA17Chr7g0258841			medtr.A17.gnm5.MtrunA17Chr7	+	44008415	44008719	-3.38406055256658	0.01642488464606	DOWN	-1.96742731920055	0.143117231164458	NS
DOWN	A86485_only	medtr.A17.gnm5.ann1_6.MtrunA17Chr8g0372021	MtrunA17Chr8g0372021	MtPDF50	Plant Defensin	medtr.A17.gnm5.MtrunA17Chr8	-	34606941	34607900	-2.47982723904857	0.0342400314225796	DOWN	-1.95882957208049	0.0935324795633374	NS
DOWN	A86485_only	medtr.A17.gnm5.ann1_6.MtrunA17Chr6g0474211	MtrunA17Chr6g0474211			medtr.A17.gnm5.MtrunA17Chr6	-	27914583	27917181	-2.98245909320535	0.0159328902734346	DOWN	-1.93670995629593	0.112395257177949	NS
DOWN	A86485_only	medtr.A17.gnm5.ann1_6.MtrunA17Chr4g0030931	MtrunA17Chr4g0030931			medtr.A17.gnm5.MtrunA17Chr4	+	31548441	31549261	-3.239743759938	0.0161943261341138	DOWN	-1.88960955129394	0.158760931537856	NS
DOWN	A86485_only	medtr.A17.gnm5.ann1_6.MtrunA17Chr8g0344811	MtrunA17Chr8g0344811			medtr.A17.gnm5.MtrunA17Chr8	-	7917567	7918379	-2.75749117791203	0.0229386800058869	DOWN	-1.88169106132205	0.143428844998793	NS
DOWN	A86485_only	medtr.A17.gnm5.ann1_6.MtrunA17Chr3g0080951	MtrunA17Chr3g0080951			medtr.A17.gnm5.MtrunA17Chr3	-	3035963	3038366	-3.06817387680773	0.0327905024660138	DOWN	-1.86551139778412	0.211049081843042	NS
DOWN	A86485_only	medtr.A17.gnm5.ann1_6.MtrunA17Chr7g0247581	MtrunA17Chr7g0247581	MtBBPI15	Bowman-Birk peptidase Inhibitor	medtr.A17.gnm5.MtrunA17Chr7	-	35910678	35912162	-2.01503810286704	0.0465158496536671	DOWN	-1.85814323657186	0.0542338005165897	NS
DOWN	A86485_only	medtr.A17.gnm5.ann1_6.MtrunA17Chr4g0014721	MtrunA17Chr4g0014721			medtr.A17.gnm5.MtrunA17Chr4	-	12077225	12079882	-3.98163320468738	0.00872697597259622	DOWN	-1.82615324515306	0.200157954804825	NS
DOWN	A86485_only	medtr.A17.gnm5.ann1_6.MtrunA17Chr5g0441681	MtrunA17Chr5g0441681			medtr.A17.gnm5.MtrunA17Chr5	+	39991071	39991375	-2.32088720377739	0.0242930129053442	DOWN	-1.82390691919306	0.0798513531858628	NS
DOWN	A86485_only	medtr.A17.gnm5.ann1_6.MtrunA17Chr4g0061371	MtrunA17Chr4g0061371			medtr.A17.gnm5.MtrunA17Chr4	+	53505063	53508999	-2.62029528915081	0.0172733740870795	DOWN	-1.80888353132593	0.122686501684868	NS
DOWN	A86485_only	medtr.A17.gnm5.ann1_6.MtrunA17Chr4g0068711	MtrunA17Chr4g0068711			medtr.A17.gnm5.MtrunA17Chr4	-	58758894	58759767	-1.99897233585012	0.0351175714504236	DOWN	-1.80500247695467	0.0502863840043145	NS
DOWN	A86485_only	medtr.A17.gnm5.ann1_6.MtrunA17Chr3g0110451	MtrunA17Chr3g0110451			medtr.A17.gnm5.MtrunA17Chr3	-	33127192	33129541	-3.44614761205135	0.0418046215462311	DOWN	-1.77937798414811	0.311760937635512	NS
DOWN	A86485_only	medtr.A17.gnm5.ann1_6.MtrunA17Chr6g0479451	MtrunA17Chr6g0479451			medtr.A17.gnm5.MtrunA17Chr6	+	34116855	34122476	-2.40714560243328	0.0385993377948786	DOWN	-1.7699979134769	0.148227894083968	NS
DOWN	A86485_only	medtr.A17.gnm5.ann1_6.MtrunA17Chr7g0215291	MtrunA17Chr7g0215291			medtr.A17.gnm5.MtrunA17Chr7	+	1384100	1385313	-2.94893386224897	0.00339991390900951	DOWN	-1.76953123562953	0.0906391435239055	NS
DOWN	A86485_only	medtr.A17.gnm5.ann1_6.MtrunA17Chr7g0267481	MtrunA17Chr7g0267481	MtBELL	BEL-Like homeodomain protein	medtr.A17.gnm5.MtrunA17Chr7	+	50250060	50256190	-2.59318367735191	0.00849752376764998	DOWN	-1.76844980223725	0.108208981358852	NS
DOWN	A86485_only	medtr.A17.gnm5.ann1_6.MtrunA17Chr8g0389301	MtrunA17Chr8g0389301			medtr.A17.gnm5.MtrunA17Chr8	+	46920468	46920698	-4.17793478849224	0.0268690973898562	DOWN	-1.76070649356669	0.329926213298179	NS
DOWN	A86485_only	medtr.A17.gnm5.ann1_6.MtrunA17Chr7g0219411	MtrunA17Chr7g0219411			medtr.A17.gnm5.MtrunA17Chr7	-	4715328	4716771	-2.96955412375304	0.0233119243899228	DOWN	-1.75707118197489	0.203466958462872	NS
DOWN	A86485_only	medtr.A17.gnm5.ann1_6.MtrunA17Chr2g0326911	MtrunA17Chr2g0326911			medtr.A17.gnm5.MtrunA17Chr2	-	46633294	46638586	-2.39595016718832	0.0195439497313124	DOWN	-1.72811344935326	0.125242567913433	NS
DOWN	A86485_only	medtr.A17.gnm5.ann1_6.MtrunA17Chr1g0169921	MtrunA17Chr1g0169921	MtNCR234	Nodule-specific Cysteine-Rich peptide	medtr.A17.gnm5.MtrunA17Chr1	-	18587874	18589151	-2.401633816542	0.0372225862018365	DOWN	-1.71506236281518	0.181847317119007	NS
DOWN	A86485_only	medtr.A17.gnm5.ann1_6.MtrunA17Chr1g0179081	MtrunA17Chr1g0179081	MtDCL2b	Dicer-like 2b	medtr.A17.gnm5.MtrunA17Chr1	+	30421810	30430387	-2.8320643385662	0.0242373674277634	DOWN	-1.70417645751261	0.211568287915615	NS
DOWN	A86485_only	medtr.A17.gnm5.ann1_6.MtrunA17Chr2g0290241	MtrunA17Chr2g0290241			medtr.A17.gnm5.MtrunA17Chr2	-	9555614	9556897	-3.6152869981195	0.00734066609875148	DOWN	-1.68878681998201	0.231958520621934	NS
DOWN	A86485_only	medtr.A17.gnm5.ann1_6.MtrunA17Chr1g0158381	MtrunA17Chr1g0158381			medtr.A17.gnm5.MtrunA17Chr1	-	9337770	9338825	-3.87655559338434	0.006119986137739	DOWN	-1.67934857183319	0.247661991677579	NS
DOWN	A86485_only	medtr.A17.gnm5.ann1_6.MtrunA17Chr3g0145261	MtrunA17Chr3g0145261			medtr.A17.gnm5.MtrunA17Chr3	+	58427617	58432024	-2.22592230438391	0.00734066609875148	DOWN	-1.66715033821189	0.0670897990270559	NS
DOWN	A86485_only	medtr.A17.gnm5.ann1_6.MtrunA17Chr4g0070951	MtrunA17Chr4g0070951	MtPrx09	peroxidase 09	medtr.A17.gnm5.MtrunA17Chr4	+	60436769	60440369	-2.5164887062962	0.00233601705230171	DOWN	-1.66051946367757	0.0822810970000109	NS
DOWN	A86485_only	medtr.A17.gnm5.ann1_6.MtrunA17Chr8g0376811	MtrunA17Chr8g0376811			medtr.A17.gnm5.MtrunA17Chr8	+	38300296	38300819	-6.07208701956135	0.00105007229327946	DOWN	-1.6530071869587	0.21716821451679	NS
DOWN	A86485_only	medtr.A17.gnm5.ann1_6.MtrunA17Chr3g0113321	MtrunA17Chr3g0113321	MtCYP90A14	Cytochrome P450 monooxygenase	medtr.A17.gnm5.MtrunA17Chr3	+	35044416	35051373	-2.7663786284829	0.00537680377057069	DOWN	-1.65122020985637	0.145503115269293	NS
DOWN	A86485_only	medtr.A17.gnm5.ann1_6.MtrunA17Chr3g0144641	MtrunA17Chr3g0144641			medtr.A17.gnm5.MtrunA17Chr3	+	58017322	58020954	-2.59023111357832	0.00102725344605764	DOWN	-1.64356889734134	0.0524146285015474	NS
DOWN	A86485_only	medtr.A17.gnm5.ann1_6.MtrunA17Chr2g0280651	MtrunA17Chr2g0280651			medtr.A17.gnm5.MtrunA17Chr2	-	2658989	2659713	-2.11885334531105	0.0224368202409397	DOWN	-1.63445320184171	0.105221578625367	NS
DOWN	A86485_only	medtr.A17.gnm5.ann1_6.MtrunA17Chr4g0004371	MtrunA17Chr4g0004371			medtr.A17.gnm5.MtrunA17Chr4	-	3423508	3424129	-2.48430903100655	0.0455684658817512	DOWN	-1.62776470384506	0.264113097041212	NS
DOWN	A86485_only	medtr.A17.gnm5.ann1_6.MtrunA17Chr1g0160181	MtrunA17Chr1g0160181			medtr.A17.gnm5.MtrunA17Chr1	-	10702206	10705724	-2.5443393610935	0.0113692156876357	DOWN	-1.62351107011656	0.194345609573092	NS
DOWN	A86485_only	medtr.A17.gnm5.ann1_6.MtrunA17Chr1g0155541	MtrunA17Chr1g0155541			medtr.A17.gnm5.MtrunA17Chr1	+	7305439	7305860	-2.0963597300555	0.0306936237413177	DOWN	-1.62194126029648	0.131323912305254	NS
DOWN	A86485_only	medtr.A17.gnm5.ann1_6.MtrunA17Chr6g0486081	MtrunA17Chr6g0486081			medtr.A17.gnm5.MtrunA17Chr6	-	40572854	40576759	-2.20542048867691	0.00483235465335462	DOWN	-1.61309665351975	0.0743933810068312	NS
DOWN	A86485_only	medtr.A17.gnm5.ann1_6.MtrunA17Chr2g0329511	MtrunA17Chr2g0329511			medtr.A17.gnm5.MtrunA17Chr2	-	48515010	48517701	-3.72616568581343	0.000131578915315299	DOWN	-1.61286901781729	0.122914103592022	NS
DOWN	A86485_only	medtr.A17.gnm5.ann1_6.MtrunA17Chr1g0177501	MtrunA17Chr1g0177501			medtr.A17.gnm5.MtrunA17Chr1	+	29064333	29065650	-2.17404860936318	0.0373675956680713	DOWN	-1.61079191236432	0.166652721285501	NS
DOWN	A86485_only	medtr.A17.gnm5.ann1_6.MtrunA17Chr4g0052621	MtrunA17Chr4g0052621			medtr.A17.gnm5.MtrunA17Chr4	+	46733507	46738012	-2.40639757001585	0.0134083886485906	DOWN	-1.59685800331623	0.185337284189389	NS
DOWN	A86485_only	medtr.A17.gnm5.ann1_6.MtrunA17Chr3g0079471	MtrunA17Chr3g0079471			medtr.A17.gnm5.MtrunA17Chr3	-	1818153	1820067	-2.12239925282723	0.0268690973898562	DOWN	-1.58562817995423	0.161381502416667	NS
DOWN	A86485_only	medtr.A17.gnm5.ann1_6.MtrunA17Chr8g0368961	MtrunA17Chr8g0368961	MtDEF4	defensin	medtr.A17.gnm5.MtrunA17Chr8	-	32265080	32268054	-2.04227673270544	0.00969240739467927	DOWN	-1.58338767590763	0.0812114963031456	NS
DOWN	A86485_only	medtr.A17.gnm5.ann1_6.MtrunA17Chr3g0083901	MtrunA17Chr3g0083901			medtr.A17.gnm5.MtrunA17Chr3	+	5507564	5511337	-2.42414698257005	0.000468873555261568	DOWN	-1.53797233053956	0.063070912690353	NS
DOWN	A86485_only	medtr.A17.gnm5.ann1_6.MtrunA17Chr8g0368971	MtrunA17Chr8g0368971			medtr.A17.gnm5.MtrunA17Chr8	+	32267526	32267917	-2.02855583471402	0.0107666970589681	DOWN	-1.53622442666374	0.106296118703717	NS
DOWN	A86485_only	medtr.A17.gnm5.ann1_6.MtrunA17Chr4g0068721	MtrunA17Chr4g0068721			medtr.A17.gnm5.MtrunA17Chr4	+	58759176	58759777	-2.05904097519428	0.0193192973899685	DOWN	-1.5247156390185	0.142074511973254	NS
DOWN	A86485_only	medtr.A17.gnm5.ann1_6.MtrunA17Chr3g0079481	MtrunA17Chr3g0079481			medtr.A17.gnm5.MtrunA17Chr3	+	1818801	1819602	-2.321837975106	0.0268690973898562	DOWN	-1.52400486890519	0.272438842578198	NS
DOWN	A86485_only	medtr.A17.gnm5.ann1_6.MtrunA17Chr8g0376631	MtrunA17Chr8g0376631			medtr.A17.gnm5.MtrunA17Chr8	-	38160615	38165594	-2.89857589395101	0.00213371409809643	DOWN	-1.51501172416583	0.20762017090075	NS
DOWN	A86485_only	medtr.A17.gnm5.ann1_6.MtrunA17Chr3g0135351	MtrunA17Chr3g0135351			medtr.A17.gnm5.MtrunA17Chr3	+	51346028	51348086	-3.99972199066429	0.0068637643108332	DOWN	-1.50146415572775	0.469814997825233	NS
DOWN	A86485_only	medtr.A17.gnm5.ann1_6.MtrunA17Chr7g0248671	MtrunA17Chr7g0248671			medtr.A17.gnm5.MtrunA17Chr7	+	36711142	36714441	-2.10223728069105	0.0034480190367404	DOWN	-1.49624120031168	0.0935103078216492	NS
DOWN	A86485_only	medtr.A17.gnm5.ann1_6.MtrunA17Chr5g0403091	MtrunA17Chr5g0403091	MtHYP7	hypothetical protein 7	medtr.A17.gnm5.MtrunA17Chr5	+	6955613	6957122	-1.80439442797065	0.0331605035466125	DOWN	-1.49558671966554	0.118945779660887	NS
DOWN	A86485_only	medtr.A17.gnm5.ann1_6.MtrunA17Chr2g0283691	MtrunA17Chr2g0283691			medtr.A17.gnm5.MtrunA17Chr2	-	4775395	4779347	-2.66722271931313	0.000640697268255319	DOWN	-1.46190502486455	0.160417546173644	NS
DOWN	A86485_only	medtr.A17.gnm5.ann1_6.MtrunA17Chr7g0237531	MtrunA17Chr7g0237531	MtNCR-new76	Nodule-specific Cysteine-Rich peptide	medtr.A17.gnm5.MtrunA17Chr7	+	27666887	27669256	-1.98155454267405	0.0306700720782634	DOWN	-1.44426791316284	0.21890401918833	NS
DOWN	A86485_only	medtr.A17.gnm5.ann1_6.MtrunA17Chr7g0266751	MtrunA17Chr7g0266751			medtr.A17.gnm5.MtrunA17Chr7	+	49696085	49698367	-1.70722022195563	0.0224368202409397	DOWN	-1.43683255583065	0.0941486223706026	NS
DOWN	A86485_only	medtr.A17.gnm5.ann1_6.MtrunA17Chr7g0246901	MtrunA17Chr7g0246901			medtr.A17.gnm5.MtrunA17Chr7	-	35511638	35522037	-1.80238228471103	0.00752275441411137	DOWN	-1.41058654462017	0.0920068199368256	NS
DOWN	A86485_only	medtr.A17.gnm5.ann1_6.MtrunA17Chr5g0406651	MtrunA17Chr5g0406651	MtCYP83E45	Cytochrome P450 monooxygenase	medtr.A17.gnm5.MtrunA17Chr5	-	9419826	9421887	-3.06816721686156	0.0229205311063858	DOWN	-1.40490288611445	0.475855881276421	NS
DOWN	A86485_only	medtr.A17.gnm5.ann1_6.MtrunA17Chr3g0114701	MtrunA17Chr3g0114701			medtr.A17.gnm5.MtrunA17Chr3	-	36109010	36111661	-3.02764340889896	0.00363839766623937	DOWN	-1.40282172783388	0.397133451084425	NS
DOWN	A86485_only	medtr.A17.gnm5.ann1_6.MtrunA17Chr2g0318601	MtrunA17Chr2g0318601			medtr.A17.gnm5.MtrunA17Chr2	-	40135431	40137212	-1.70260972461665	0.0470942583505017	DOWN	-1.39902129080158	0.178098434763992	NS
DOWN	A86485_only	medtr.A17.gnm5.ann1_6.MtrunA17Chr2g0309051	MtrunA17Chr2g0309051			medtr.A17.gnm5.MtrunA17Chr2	-	31845115	31846528	-2.18886593290203	0.0271972752687132	DOWN	-1.37498790217849	0.372903999006224	NS
DOWN	A86485_only	medtr.A17.gnm5.ann1_6.MtrunA17Chr5g0399101	MtrunA17Chr5g0399101			medtr.A17.gnm5.MtrunA17Chr5	+	3722069	3723136	-2.75181097713367	0.00114689483614978	DOWN	1.37000000700907	0.273858806278773	NS
DOWN	A86485_only	medtr.A17.gnm5.ann1_6.MtrunA17Chr1g0195211	MtrunA17Chr1g0195211			medtr.A17.gnm5.MtrunA17Chr1	+	43194211	43195862	-1.7825594466057	0.0365408501496832	DOWN	-1.36408034497354	0.23646124470002	NS
DOWN	A86485_only	medtr.A17.gnm5.ann1_6.MtrunA17Chr4g0050841	MtrunA17Chr4g0050841	MtVTL7	Vacuolar iron Transporter-Like protein 7	medtr.A17.gnm5.MtrunA17Chr4	-	45653891	45654913	-2.74558669974616	0.047522162312693	DOWN	-1.35643039353207	0.536050392665019	NS
DOWN	A86485_only	medtr.A17.gnm5.ann1_6.MtrunA17Chr4g0059231	MtrunA17Chr4g0059231			medtr.A17.gnm5.MtrunA17Chr4	-	51975607	51978173	-1.68612084765249	0.00903910110557557	DOWN	-1.35055073312957	0.0995801421355504	NS
DOWN	A86485_only	medtr.A17.gnm5.ann1_6.MtrunA17Chr5g0399111	MtrunA17Chr5g0399111			medtr.A17.gnm5.MtrunA17Chr5	-	3722069	3723746	-2.65487612939059	0.00127962754947651	DOWN	1.33132977366657	0.326227738771692	NS
DOWN	A86485_only	medtr.A17.gnm5.ann1_6.MtrunA17Chr5g0405541	MtrunA17Chr5g0405541			medtr.A17.gnm5.MtrunA17Chr5	+	8751828	8752679	-3.29769234608549	0.0169250614868625	DOWN	-1.32331311023971	0.54873942876275	NS
DOWN	A86485_only	medtr.A17.gnm5.ann1_6.MtrunA17Chr8g0334651	MtrunA17Chr8g0334651			medtr.A17.gnm5.MtrunA17Chr8	+	340554	343214	-3.36968539511289	0.0197366385952427	DOWN	-1.31963593713823	0.574145032854597	NS
DOWN	A86485_only	medtr.A17.gnm5.ann1_6.MtrunA17Chr4g0047841	MtrunA17Chr4g0047841			medtr.A17.gnm5.MtrunA17Chr4	+	43710948	43713097	-2.33054175426781	0.000273380741666227	DOWN	-1.30887487913919	0.185199724505826	NS
DOWN	A86485_only	medtr.A17.gnm5.ann1_6.MtrunA17Chr7g0256791	MtrunA17Chr7g0256791			medtr.A17.gnm5.MtrunA17Chr7	+	42527041	42527820	-1.74111655185206	0.020618751768207	DOWN	-1.30397043773789	0.238509908918638	NS
DOWN	A86485_only	medtr.A17.gnm5.ann1_6.MtrunA17Chr5g0424181	MtrunA17Chr5g0424181			medtr.A17.gnm5.MtrunA17Chr5	-	26113924	26120585	-1.76301124295505	0.00500823975692546	DOWN	-1.27933791843252	0.189051000187135	NS
DOWN	A86485_only	medtr.A17.gnm5.ann1_6.MtrunA17Chr3g0122501	MtrunA17Chr3g0122501			medtr.A17.gnm5.MtrunA17Chr3	-	42024018	42026532	-1.7954028787875	0.00627602339323747	DOWN	-1.27510073572156	0.229552494534068	NS
DOWN	A86485_only	medtr.A17.gnm5.ann1_6.MtrunA17Chr4g0060701	MtrunA17Chr4g0060701			medtr.A17.gnm5.MtrunA17Chr4	+	53000584	53001608	-3.66959958447655	0.0191972413445868	DOWN	-1.26331865947487	0.639615164574335	NS
DOWN	A86485_only	medtr.A17.gnm5.ann1_6.MtrunA17Chr2g0318611	MtrunA17Chr2g0318611			medtr.A17.gnm5.MtrunA17Chr2	-	40137228	40138885	-1.7174613461566	0.0468018908850986	DOWN	-1.25540694793595	0.381497656924425	NS
DOWN	A86485_only	medtr.A17.gnm5.ann1_6.MtrunA17Chr7g0273081	MtrunA17Chr7g0273081			medtr.A17.gnm5.MtrunA17Chr7	+	53954189	53955735	-2.17086419354078	0.00961191432940783	DOWN	-1.24289078404783	0.46573795787987	NS
DOWN	A86485_only	medtr.A17.gnm5.ann1_6.MtrunA17Chr8g0382821	MtrunA17Chr8g0382821			medtr.A17.gnm5.MtrunA17Chr8	-	42316469	42318691	-2.11496380038926	0.0218221446614135	DOWN	-1.24044913085048	0.518050154061145	NS
DOWN	A86485_only	medtr.A17.gnm5.ann1_6.MtrunA17Chr2g0303431	MtrunA17Chr2g0303431			medtr.A17.gnm5.MtrunA17Chr2	-	21166531	21170291	-5.0215065484849	7.5362560180094e-05	DOWN	-1.23417473385303	0.499214979759292	NS
DOWN	A86485_only	medtr.A17.gnm5.ann1_6.MtrunA17Chr3g0085401	MtrunA17Chr3g0085401			medtr.A17.gnm5.MtrunA17Chr3	+	6746767	6747649	-3.93033726095056	0.000637723958737186	DOWN	-1.21881967889491	0.564202843821249	NS
DOWN	A86485_only	medtr.A17.gnm5.ann1_6.MtrunA17Chr4g0042641	MtrunA17Chr4g0042641			medtr.A17.gnm5.MtrunA17Chr4	-	39906483	39909240	-2.27888166942587	0.00417596926344151	DOWN	-1.21242410985598	0.476354763922451	NS
DOWN	A86485_only	medtr.A17.gnm5.ann1_6.MtrunA17Chr1g0160031	MtrunA17Chr1g0160031	MtENOD8.1	early nodulin 8|AAC26810	medtr.A17.gnm5.MtrunA17Chr1	+	10586236	10589152	-2.01047208005112	0.00817926911664926	DOWN	-1.21133772449308	0.467189966563496	NS
DOWN	A86485_only	medtr.A17.gnm5.ann1_6.MtrunA17Chr7g0220531	MtrunA17Chr7g0220531			medtr.A17.gnm5.MtrunA17Chr7	-	5912927	5918814	-2.274837214245	0.000717341350793684	DOWN	-1.20961511719495	0.416791797003896	NS
DOWN	A86485_only	medtr.A17.gnm5.ann1_6.MtrunA17Chr3g0139171	MtrunA17Chr3g0139171			medtr.A17.gnm5.MtrunA17Chr3	+	53947648	53948696	-2.02188531120591	0.0358430660734551	DOWN	-1.19597155337465	0.592263107372978	NS
DOWN	A86485_only	medtr.A17.gnm5.ann1_6.MtrunA17Chr7g0220391	MtrunA17Chr7g0220391			medtr.A17.gnm5.MtrunA17Chr7	+	5756676	5761717	-1.79726851794252	0.0315450667196398	DOWN	-1.17879901751449	0.531793709854324	NS
DOWN	A86485_only	medtr.A17.gnm5.ann1_6.MtrunA17Chr3g0092111	MtrunA17Chr3g0092111	MtCDFa2	CYCLING DOF FACTOR	medtr.A17.gnm5.MtrunA17Chr3	-	13415838	13419035	-3.09842048623342	0.000194036209009602	DOWN	-1.17406466518841	0.560707948775679	NS
DOWN	A86485_only	medtr.A17.gnm5.ann1_6.MtrunA17Chr2g0319371	MtrunA17Chr2g0319371	MtATG18f	Autophagy related gene	medtr.A17.gnm5.MtrunA17Chr2	-	40832312	40839415	-2.08381066420079	0.00609120925242201	DOWN	-1.16155363113369	0.567806866252991	NS
DOWN	A86485_only	medtr.A17.gnm5.ann1_6.MtrunA17Chr7g0240411	MtrunA17Chr7g0240411			medtr.A17.gnm5.MtrunA17Chr7	+	30280400	30282304	-1.60382046283181	0.0469184824771373	DOWN	-1.15903461854337	0.506676440979665	NS
DOWN	A86485_only	medtr.A17.gnm5.ann1_6.MtrunA17Chr2g0292971	MtrunA17Chr2g0292971			medtr.A17.gnm5.MtrunA17Chr2	-	11875727	11877898	-2.40796696582344	0.00713143803461122	DOWN	-1.15222892471964	0.65830896796495	NS
DOWN	A86485_only	medtr.A17.gnm5.ann1_6.MtrunA17Chr1g0182961	MtrunA17Chr1g0182961			medtr.A17.gnm5.MtrunA17Chr1	+	33761302	33762622	-2.87398815813329	0.0392242613610553	DOWN	-1.14991870252756	0.774175598838643	NS
DOWN	A86485_only	medtr.A17.gnm5.ann1_6.MtrunA17Chr4g0070011	MtrunA17Chr4g0070011	MtSUCS1	sucrose synthase 1	medtr.A17.gnm5.MtrunA17Chr4	+	59771860	59778628	-1.71882076079238	0.00858114161238225	DOWN	-1.1490625361121	0.476354763922451	NS
DOWN	A86485_only	medtr.A17.gnm5.ann1_6.MtrunA17Chr8g0361891	MtrunA17Chr8g0361891			medtr.A17.gnm5.MtrunA17Chr8	+	26444987	26447448	-2.05614980213581	0.0186967381432232	DOWN	-1.14216929972037	0.633429273587183	NS
DOWN	A86485_only	medtr.A17.gnm5.ann1_6.MtrunA17Chr8g0390901	MtrunA17Chr8g0390901			medtr.A17.gnm5.MtrunA17Chr8	-	47946747	47949836	-2.07308150527429	0.0371046889488947	DOWN	-1.12863650448482	0.694809454880516	NS
DOWN	A86485_only	medtr.A17.gnm5.ann1_6.MtrunA17Chr5g0428041	MtrunA17Chr5g0428041			medtr.A17.gnm5.MtrunA17Chr5	+	29704792	29706193	-1.95492809569309	0.0074025207120551	DOWN	-1.10462030798835	0.65830896796495	NS
DOWN	A86485_only	medtr.A17.gnm5.ann1_6.MtrunA17Chr3g0095461	MtrunA17Chr3g0095461			medtr.A17.gnm5.MtrunA17Chr3	+	18866353	18869100	-3.4198551259475	0.00981307658776015	DOWN	-1.08781331818135	0.825383662249332	NS
DOWN	A86485_only	medtr.A17.gnm5.ann1_6.MtrunA17Chr3g0087771	MtrunA17Chr3g0087771			medtr.A17.gnm5.MtrunA17Chr3	-	9203747	9207691	-1.72169407495678	0.0210404541427219	DOWN	-1.07875212752932	0.712116855926292	NS
DOWN	A86485_only	medtr.A17.gnm5.ann1_6.MtrunA17Chr4g0009811	MtrunA17Chr4g0009811			medtr.A17.gnm5.MtrunA17Chr4	-	7645743	7647838	-1.66729508860599	0.0110669063955776	DOWN	-1.07016260293213	0.696462468641234	NS
DOWN	A86485_only	medtr.A17.gnm5.ann1_6.MtrunA17Chr3g0115151	MtrunA17Chr3g0115151	MtNR1	nitrate reductase	medtr.A17.gnm5.MtrunA17Chr3	-	36480115	36483877	-2.15680855502715	0.0118761734874189	DOWN	-1.0692643471224	0.801352398016037	NS
DOWN	A86485_only	medtr.A17.gnm5.ann1_6.MtrunA17Chr1g0149811	MtrunA17Chr1g0149811			medtr.A17.gnm5.MtrunA17Chr1	-	2906544	2907924	-1.81055498071515	0.0178923937072191	DOWN	-1.06621010789259	0.752455768947508	NS
DOWN	A86485_only	medtr.A17.gnm5.ann1_6.MtrunA17Chr3g0142851	MtrunA17Chr3g0142851			medtr.A17.gnm5.MtrunA17Chr3	+	56649472	56650953	-1.70808510217451	0.0451774049117406	DOWN	-1.05879651678381	0.777808618994568	NS
DOWN	A86485_only	medtr.A17.gnm5.ann1_6.MtrunA17Chr5g0412241	MtrunA17Chr5g0412241			medtr.A17.gnm5.MtrunA17Chr5	+	13681388	13688942	-2.09501735961575	0.000617605477378625	DOWN	-1.05142364985314	0.768705840782245	NS
DOWN	A86485_only	medtr.A17.gnm5.ann1_6.MtrunA17Chr4g0050621	MtrunA17Chr4g0050621			medtr.A17.gnm5.MtrunA17Chr4	+	45529385	45535418	-1.71528975909822	0.0265170018438418	DOWN	-1.04673402904814	0.810368632297722	NS
DOWN	A86485_only	medtr.A17.gnm5.ann1_6.MtrunA17Chr1g0166531	MtrunA17Chr1g0166531			medtr.A17.gnm5.MtrunA17Chr1	+	15940659	15943166	-4.68517300898111	0.00903910110557557	DOWN	-1.03842568149285	0.90812391952652	NS
DOWN	A86485_only	medtr.A17.gnm5.ann1_6.MtrunA17Chr4g0076261	MtrunA17Chr4g0076261			medtr.A17.gnm5.MtrunA17Chr4	-	64181185	64183138	-1.5922786665538	0.00660990611670061	DOWN	-1.03625943614315	0.783018514012723	NS
DOWN	A86485_only	medtr.A17.gnm5.ann1_6.MtrunA17Chr2g0295211	MtrunA17Chr2g0295211			medtr.A17.gnm5.MtrunA17Chr2	+	13673359	13674663	-2.64848759409041	0.0229852169668482	DOWN	-1.02778323282928	0.918160656538089	NS
DOWN	A86485_only	medtr.A17.gnm5.ann1_6.MtrunA17Chr7g0268951	MtrunA17Chr7g0268951			medtr.A17.gnm5.MtrunA17Chr7	-	51163816	51165359	-2.28061518712682	0.0492318342600819	DOWN	-0.98522172060215	0.943599547957519	NS
DOWN	A86485_only	medtr.A17.gnm5.ann1_6.MtrunA17Chr3g0122491	MtrunA17Chr3g0122491			medtr.A17.gnm5.MtrunA17Chr3	+	42015538	42017402	-1.85329374900922	0.024775152074707	DOWN	-0.951698513576846	1	NS
DOWN	A86485_only	medtr.A17.gnm5.ann1_6.MtrunA17Chr7g0221301	MtrunA17Chr7g0221301			medtr.A17.gnm5.MtrunA17Chr7	+	6818440	6819189	-2.02983996356657	0.0232758426952322	DOWN	-0.951664116735826	1	NS
DOWN	A86485_only	medtr.A17.gnm5.ann1_6.MtrunA17Chr8g0388621	MtrunA17Chr8g0388621	MtSWEET7	sucrose transporter	medtr.A17.gnm5.MtrunA17Chr8	-	46356510	46359350	-4.63790738474974	0.00373897509256112	DOWN	-0.937894616823415	1	NS
DOWN	A86485_only	medtr.A17.gnm5.ann1_6.MtrunA17Chr4g0021871	MtrunA17Chr4g0021871			medtr.A17.gnm5.MtrunA17Chr4	+	20763038	20763792	-3.83368891540968	0.0157890748464881	DOWN	0.937416301408716	1	NS
DOWN	A86485_only	medtr.A17.gnm5.ann1_6.MtrunA17Chr1g0177571	MtrunA17Chr1g0177571			medtr.A17.gnm5.MtrunA17Chr1	-	29134361	29135352	-1.63963706244838	0.0151998355629746	DOWN	-0.937157836121973	1	NS
DOWN	A86485_only	medtr.A17.gnm5.ann1_6.MtrunA17Chr4g0072911	MtrunA17Chr4g0072911			medtr.A17.gnm5.MtrunA17Chr4	-	61870095	61871540	-2.07788223582913	0.0115186124722943	DOWN	-0.891883751049901	1	NS
DOWN	A86485_only	medtr.A17.gnm5.ann1_6.MtrunA17Chr3g0093341	MtrunA17Chr3g0093341			medtr.A17.gnm5.MtrunA17Chr3	-	15310917	15313840	-2.38960229151901	0.041205268737679	DOWN	-0.877950398954638	1	NS
DOWN	A86485_only	medtr.A17.gnm5.ann1_6.MtrunA17Chr2g0287081	MtrunA17Chr2g0287081			medtr.A17.gnm5.MtrunA17Chr2	+	7221712	7222550	-2.1827644737544	0.0267516369940669	DOWN	-0.869885707209308	1	NS
DOWN	A86485_only	medtr.A17.gnm5.ann1_6.MtrunA17Chr4g0026401	MtrunA17Chr4g0026401			medtr.A17.gnm5.MtrunA17Chr4	+	27322640	27332340	-1.6000486395053	0.0316511540018384	DOWN	-0.868088664315147	1	NS
DOWN	A86485_only	medtr.A17.gnm5.ann1_6.MtrunA17Chr5g0402491	MtrunA17Chr5g0402491			medtr.A17.gnm5.MtrunA17Chr5	+	6551802	6557307	-1.90260087346362	0.00339564663322816	DOWN	-0.855958510404794	1	NS
DOWN	A86485_only	medtr.A17.gnm5.ann1_6.MtrunA17Chr1g0178811	MtrunA17Chr1g0178811			medtr.A17.gnm5.MtrunA17Chr1	-	30198908	30200494	-3.18879004382541	0.00744594864823036	DOWN	-0.842880826677268	1	NS
DOWN	A86485_only	medtr.A17.gnm5.ann1_6.MtrunA17Chr5g0405521	MtrunA17Chr5g0405521			medtr.A17.gnm5.MtrunA17Chr5	+	8746635	8747789	-2.32501500470275	0.0224368202409397	DOWN	0.831571526148959	1	NS
DOWN	A86485_only	medtr.A17.gnm5.ann1_6.MtrunA17Chr4g0049831	MtrunA17Chr4g0049831			medtr.A17.gnm5.MtrunA17Chr4	+	45037111	45039417	-1.48295740925847	0.0489074564011005	DOWN	-0.828970782872197	1	NS
DOWN	A86485_only	medtr.A17.gnm5.ann1_6.MtrunA17Chr7g0276431	MtrunA17Chr7g0276431			medtr.A17.gnm5.MtrunA17Chr7	-	55950157	55950940	-2.34918910186049	9.30425902025906e-05	DOWN	-0.820016243073159	1	NS
DOWN	A86485_only	medtr.A17.gnm5.ann1_6.MtrunA17Chr4g0032651	MtrunA17Chr4g0032651			medtr.A17.gnm5.MtrunA17Chr4	+	32717066	32717826	-4.01494277364914	0.00471912028809252	DOWN	-0.81946747178575	1	NS
DOWN	A86485_only	medtr.A17.gnm5.ann1_6.MtrunA17Chr3g0092071	MtrunA17Chr3g0092071			medtr.A17.gnm5.MtrunA17Chr3	+	13383059	13386024	-2.40828435175924	0.0218649323626923	DOWN	-0.798369831661836	1	NS
DOWN	A86485_only	medtr.A17.gnm5.ann1_6.MtrunA17Chr7g0240431	MtrunA17Chr7g0240431			medtr.A17.gnm5.MtrunA17Chr7	+	30293743	30296556	-1.72580885303147	0.0074086767610172	DOWN	-0.77568892970595	1	NS
DOWN	A86485_only	medtr.A17.gnm5.ann1_6.MtrunA17Chr5g0405151	MtrunA17Chr5g0405151			medtr.A17.gnm5.MtrunA17Chr5	-	8372247	8375418	-2.04264408968696	0.000604625947135371	DOWN	-0.765027811805068	1	NS
DOWN	A86485_only	medtr.A17.gnm5.ann1_6.MtrunA17Chr6g0451081	MtrunA17Chr6g0451081			medtr.A17.gnm5.MtrunA17Chr6	+	1712418	1719611	-1.89880134048089	0.0101462061428761	DOWN	-0.759255839359794	1	NS
DOWN	A86485_only	medtr.A17.gnm5.ann1_6.MtrunA17Chr3g0083401	MtrunA17Chr3g0083401			medtr.A17.gnm5.MtrunA17Chr3	-	4990126	5001686	-4.73455099837915	0.0160964619955643	DOWN	-0.724317938318405	1	NS
DOWN	A86485_only	medtr.A17.gnm5.ann1_6.MtrunA17Chr2g0326311	MtrunA17Chr2g0326311			medtr.A17.gnm5.MtrunA17Chr2	+	46102604	46103165	-2.68527117682086	0.00752127262689641	DOWN	-0.695119062464936	1	NS
DOWN	A86485_only	medtr.A17.gnm5.ann1_6.MtrunA17Chr7g0276421	MtrunA17Chr7g0276421	MtLHY	late elongated hypocotyl	medtr.A17.gnm5.MtrunA17Chr7	+	55942247	55951623	-2.36247167635761	4.34309658439613e-05	DOWN	-0.681604462420753	1	NS
DOWN	A86485_only	medtr.A17.gnm5.ann1_6.MtrunA17Chr2g0323011	MtrunA17Chr2g0323011			medtr.A17.gnm5.MtrunA17Chr2	+	43640475	43641771	-2.16439161708938	0.0128730184298378	DOWN	-0.678679558440659	1	NS
DOWN	A86485_only	medtr.A17.gnm5.ann1_6.MtrunA17Chr7g0215731	MtrunA17Chr7g0215731			medtr.A17.gnm5.MtrunA17Chr7	+	1727362	1731224	-2.66648416379155	0.00138320533125538	DOWN	-0.660960001197779	1	NS
DOWN	A86485_only	medtr.A17.gnm5.ann1_6.MtrunA17Chr5g0416021	MtrunA17Chr5g0416021			medtr.A17.gnm5.MtrunA17Chr5	-	16803222	16813598	-1.67129696713337	0.037426404492781	DOWN	-0.632657450354826	1	NS
DOWN	A86485_only	medtr.A17.gnm5.ann1_6.MtrunA17Chr3g0123241	MtrunA17Chr3g0123241			medtr.A17.gnm5.MtrunA17Chr3	+	42451375	42452034	-2.21222635264142	0.0266085273799831	DOWN	-0.597803237217148	1	NS
DOWN	A86485_only	medtr.A17.gnm5.ann1_6.MtrunA17Chr3g0089451	MtrunA17Chr3g0089451			medtr.A17.gnm5.MtrunA17Chr3	+	10647267	10648374	-6.45901969591086	0.00711543688663777	DOWN	0.592357728150715	1	NS
DOWN	A86485_only	medtr.A17.gnm5.ann1_6.MtrunA17Chr7g0264931	MtrunA17Chr7g0264931			medtr.A17.gnm5.MtrunA17Chr7	-	48338226	48341056	-1.65025136962971	0.0233119243899228	DOWN	-0.591292899919328	1	NS
DOWN	A86485_only	medtr.A17.gnm5.ann1_6.MtrunA17Chr4g0073331	MtrunA17Chr4g0073331			medtr.A17.gnm5.MtrunA17Chr4	+	62264017	62265161	-2.24757659512581	0.0243351712937278	DOWN	-0.536350004201937	1	NS
DOWN	A86485_only	medtr.A17.gnm5.ann1_6.MtrunA17Chr1g0155231	MtrunA17Chr1g0155231			medtr.A17.gnm5.MtrunA17Chr1	-	7125517	7127370	-3.23867662427356	0.0122176703986782	DOWN	0.471136300078663	1	NS
DOWN	A86485_only	medtr.A17.gnm5.ann1_6.MtrunA17Chr1g0160521	MtrunA17Chr1g0160521			medtr.A17.gnm5.MtrunA17Chr1	-	11003029	11004708	-2.59939107482913	0.0210437991595755	DOWN	0.439969700586534	1	NS
DOWN	A86485_only	medtr.A17.gnm5.ann1_6.MtrunA17Chr5g0395051	MtrunA17Chr5g0395051			medtr.A17.gnm5.MtrunA17Chr5	+	1194401	1200035	-1.98438855373256	0.0200487135297074	DOWN	-0.410869018620003	1	NS
DOWN	A86485_only	medtr.A17.gnm5.ann1_6.MtrunA17Chr6g0481061	MtrunA17Chr6g0481061			medtr.A17.gnm5.MtrunA17Chr6	+	35988962	35993473	-2.60234273979838	0.00017481333956633	DOWN	-0.396943397562409	1	NS
DOWN	A86485_only	medtr.A17.gnm5.ann1_6.MtrunA17Chr1g0152281	MtrunA17Chr1g0152281	MtPSK4	Phytosulfokine	medtr.A17.gnm5.MtrunA17Chr1	+	5087613	5089330	-2.10473934011697	0.00536039831163477	DOWN	0.378850169614439	1	NS
DOWN	A86485_only	medtr.A17.gnm5.ann1_6.MtrunA17Chr2g0295021	MtrunA17Chr2g0295021	MtPR10-2	Pathogenesis-related protein 10 (TC76513, TC131880)	medtr.A17.gnm5.MtrunA17Chr2	+	13561810	13564771	-1.44281019603682	0.041205268737679	DOWN	0.374564639860111	1	NS
DOWN	A86485_only	medtr.A17.gnm5.ann1_6.MtrunA17Chr1g0181771	MtrunA17Chr1g0181771			medtr.A17.gnm5.MtrunA17Chr1	-	32743684	32749996	-1.98163144062168	0.0248753453529973	DOWN	0.319863812203514	1	NS
DOWN	A86485_only	medtr.A17.gnm5.ann1_6.MtrunA17Chr1g0192121	MtrunA17Chr1g0192121	MtRbohA	RESPIRATORY BURST OXIDASE HOMOLOG A	medtr.A17.gnm5.MtrunA17Chr1	+	40918474	40926133	-2.0093125042635	0.0487278993779631	DOWN	-0.276458601226848	1	NS
DOWN	A86485_only	medtr.A17.gnm5.ann1_6.MtrunA17Chr3g0112381	MtrunA17Chr3g0112381			medtr.A17.gnm5.MtrunA17Chr3	+	34393141	34395631	-2.35033576290009	0.00131124071404943	DOWN	-0.196620815662943	1	NS
DOWN	A86485_only	medtr.A17.gnm5.ann1_6.MtrunA17Chr3g0112371	MtrunA17Chr3g0112371			medtr.A17.gnm5.MtrunA17Chr3	+	34389507	34393139	-1.99656860365202	0.00528818117551247	DOWN	-0.111188584130048	1	NS
DOWN	A86485_only	medtr.A17.gnm5.ann1_6.MtrunA17Chr7g0268621	MtrunA17Chr7g0268621			medtr.A17.gnm5.MtrunA17Chr7	-	50954053	50957325	-2.1389264889132	0.0261284020686831	DOWN	-0.0752950886064384	1	NS
DOWN	A86485_only	medtr.A17.gnm5.ann1_6.MtrunA17Chr2g0289341	MtrunA17Chr2g0289341			medtr.A17.gnm5.MtrunA17Chr2	+	8959120	8961511	-2.89154871437303	0.00162368709455983	DOWN	-0.0287562870995949	1	NS
DOWN	dnf2_only	medtr.A17.gnm5.ann1_6.MtrunA17Chr4g0044681	MtrunA17Chr4g0044681	MtDNF2	does not fix nitrogen 2 (phosphatidylinositol phospholipase C-like)	medtr.A17.gnm5.MtrunA17Chr4	-	41512224	41516421	0.174884017263299	1	NS	-15.0621186881487	1.88759800680551e-10	DOWN
DOWN	dnf2_only	medtr.A17.gnm5.ann1_6.MtrunA17Chr3g0096071	MtrunA17Chr3g0096071			medtr.A17.gnm5.MtrunA17Chr3	+	19892835	19895981	-0.0822918171726293	1	NS	-8.91259398944434	5.3414760359047e-06	DOWN
DOWN	dnf2_only	medtr.A17.gnm5.ann1_6.MtrunA17Chr7g0230311	MtrunA17Chr7g0230311			medtr.A17.gnm5.MtrunA17Chr7	+	18974874	18980036	-0.128747409468865	1	NS	-8.82002965140036	7.06388382412981e-07	DOWN
DOWN	dnf2_only	medtr.A17.gnm5.ann1_6.MtrunA17Chr6g0468911	MtrunA17Chr6g0468911			medtr.A17.gnm5.MtrunA17Chr6	+	18314300	18318101	-0.601613992954195	1	NS	-8.30086610062739	3.01087263790099e-07	DOWN
DOWN	dnf2_only	medtr.A17.gnm5.ann1_6.MtrunA17Chr1g0177931	MtrunA17Chr1g0177931			medtr.A17.gnm5.MtrunA17Chr1	-	29524915	29526550	-0.949145043627828	1	NS	-8.27826167183425	0.0037376869255731	DOWN
DOWN	dnf2_only	medtr.A17.gnm5.ann1_6.MtrunA17Chr6g0451291	MtrunA17Chr6g0451291			medtr.A17.gnm5.MtrunA17Chr6	+	1880178	1885717	-2.37095999956955	0.31540022288841	NS	-7.7600856151258	0.0115682169081945	DOWN
DOWN	dnf2_only	medtr.A17.gnm5.ann1_6.MtrunA17Chr5g0424131	MtrunA17Chr5g0424131			medtr.A17.gnm5.MtrunA17Chr5	-	26072663	26074566	-2.07042970729141	0.0558982392498147	NS	-7.5339768250232	6.42983422165387e-05	DOWN
DOWN	dnf2_only	medtr.A17.gnm5.ann1_6.MtrunA17Chr3g0119881	MtrunA17Chr3g0119881			medtr.A17.gnm5.MtrunA17Chr3	-	40077289	40082887	0.765366751223653	1	NS	-7.45584154260365	0.000208017125988287	DOWN
DOWN	dnf2_only	medtr.A17.gnm5.ann1_6.MtrunA17Chr2g0325251	MtrunA17Chr2g0325251			medtr.A17.gnm5.MtrunA17Chr2	-	45258420	45260693	-0.998930155634202	1	NS	-7.44118608952629	9.17273097576451e-05	DOWN
DOWN	dnf2_only	medtr.A17.gnm5.ann1_6.MtrunA17Chr1g0170331	MtrunA17Chr1g0170331			medtr.A17.gnm5.MtrunA17Chr1	-	19056312	19060313	-0.430475714183824	1	NS	-7.43940744250377	1.88759800680551e-10	DOWN
DOWN	dnf2_only	medtr.A17.gnm5.ann1_6.MtrunA17Chr4g0044651	MtrunA17Chr4g0044651			medtr.A17.gnm5.MtrunA17Chr4	-	41490880	41495335	0.478826473243513	1	NS	-7.43762201530158	1.16498679198843e-06	DOWN
DOWN	dnf2_only	medtr.A17.gnm5.ann1_6.MtrunA17Chr6g0474881	MtrunA17Chr6g0474881			medtr.A17.gnm5.MtrunA17Chr6	-	29010988	29013503	0.0838373121075443	1	NS	-7.36353753813144	5.09283293312004e-06	DOWN
DOWN	dnf2_only	medtr.A17.gnm5.ann1_6.MtrunA17Chr7g0230321	MtrunA17Chr7g0230321			medtr.A17.gnm5.MtrunA17Chr7	-	18978026	18980561	0.372458696428053	1	NS	-7.27481167082448	0.000233596539525106	DOWN
DOWN	dnf2_only	medtr.A17.gnm5.ann1_6.MtrunA17Chr7g0231491	MtrunA17Chr7g0231491			medtr.A17.gnm5.MtrunA17Chr7	+	21141992	21145655	-2.24334249092691	0.226503417201665	NS	-6.99148422965278	0.00466087184493811	DOWN
DOWN	dnf2_only	medtr.A17.gnm5.ann1_6.MtrunA17Chr4g0033171	MtrunA17Chr4g0033171	MtLOX1	lipoxygenase (TC100514)	medtr.A17.gnm5.MtrunA17Chr4	-	33098071	33101276	1.95600292751267	0.0370328390716952	UP	-6.90355250306619	5.34577807278579e-05	DOWN
DOWN	dnf2_only	medtr.A17.gnm5.ann1_6.MtrunA17Chr3g0114151	MtrunA17Chr3g0114151			medtr.A17.gnm5.MtrunA17Chr3	-	35734766	35736988	1.25780522670419	0.814596779340891	NS	-6.78760263047796	0.00466043816764148	DOWN
DOWN	dnf2_only	medtr.A17.gnm5.ann1_6.MtrunA17Chr2g0319651	MtrunA17Chr2g0319651			medtr.A17.gnm5.MtrunA17Chr2	+	41070580	41072170	-1.28841235028162	0.724407510794195	NS	-6.69845664687878	0.000124742457433886	DOWN
DOWN	dnf2_only	medtr.A17.gnm5.ann1_6.MtrunA17Chr2g0309021	MtrunA17Chr2g0309021			medtr.A17.gnm5.MtrunA17Chr2	+	31813694	31816701	-1.04822044660609	1	NS	-6.66543241370295	0.00333016270493221	DOWN
DOWN	dnf2_only	medtr.A17.gnm5.ann1_6.MtrunA17Chr6g0473041	MtrunA17Chr6g0473041			medtr.A17.gnm5.MtrunA17Chr6	-	25583168	25583646	-2.58341842686507	0.101943425097387	NS	-6.5939385306913	0.00206575412544695	DOWN
DOWN	dnf2_only	medtr.A17.gnm5.ann1_6.MtrunA17Chr2g0324011	MtrunA17Chr2g0324011			medtr.A17.gnm5.MtrunA17Chr2	-	44361597	44370689	0.357881347979821	1	NS	-6.55026329337019	0.00276133963374309	DOWN
DOWN	dnf2_only	medtr.A17.gnm5.ann1_6.MtrunA17Chr2g0316911	MtrunA17Chr2g0316911			medtr.A17.gnm5.MtrunA17Chr2	+	38956428	38956721	-2.02529715912991	0.22537256886501	NS	-6.51579774362264	0.00182555097577127	DOWN
DOWN	dnf2_only	medtr.A17.gnm5.ann1_6.MtrunA17Chr8g0335821	MtrunA17Chr8g0335821			medtr.A17.gnm5.MtrunA17Chr8	+	1277225	1280580	-2.23632001194872	0.350809578559647	NS	-6.42855637064424	0.0149675197925079	DOWN
DOWN	dnf2_only	medtr.A17.gnm5.ann1_6.MtrunA17Chr7g0231501	MtrunA17Chr7g0231501			medtr.A17.gnm5.MtrunA17Chr7	+	21145657	21147539	-2.74974655875045	0.0520018186691798	NS	-6.41682217853331	0.000729273459922677	DOWN
DOWN	dnf2_only	medtr.A17.gnm5.ann1_6.MtrunA17Chr3g0103081	MtrunA17Chr3g0103081			medtr.A17.gnm5.MtrunA17Chr3	+	27504392	27504906	-0.719176988798833	1	NS	-6.37533463745544	0.00696286835532012	DOWN
DOWN	dnf2_only	medtr.A17.gnm5.ann1_6.MtrunA17Chr4g0019141	MtrunA17Chr4g0019141	MtATG8b	Autophagy related gene	medtr.A17.gnm5.MtrunA17Chr4	-	14514481	14516652	-0.222752670868482	1	NS	-6.29434173962224	7.08624130338781e-05	DOWN
DOWN	dnf2_only	medtr.A17.gnm5.ann1_6.MtrunA17Chr8g0373061	MtrunA17Chr8g0373061			medtr.A17.gnm5.MtrunA17Chr8	-	35320720	35322573	-0.111502192849017	1	NS	-6.28606495484851	0.00273668523769284	DOWN
DOWN	dnf2_only	medtr.A17.gnm5.ann1_6.MtrunA17Chr7g0216371	MtrunA17Chr7g0216371			medtr.A17.gnm5.MtrunA17Chr7	+	2097153	2097555	-2.04616511627881	0.160354590599881	NS	-6.23455937263707	0.00101365308380244	DOWN
DOWN	dnf2_only	medtr.A17.gnm5.ann1_6.MtrunA17Chr3g0107891	MtrunA17Chr3g0107891			medtr.A17.gnm5.MtrunA17Chr3	-	31337845	31339455	-3.29340712039381	0.19330729399343	NS	-6.1934712185294	0.0290000892287145	DOWN
DOWN	dnf2_only	medtr.A17.gnm5.ann1_6.MtrunA17Chr8g0338961	MtrunA17Chr8g0338961			medtr.A17.gnm5.MtrunA17Chr8	-	3257600	3259738	-1.84821847263367	0.484499929232774	NS	-6.17507650420287	0.00821515369852166	DOWN
DOWN	dnf2_only	medtr.A17.gnm5.ann1_6.MtrunA17Chr7g0224601	MtrunA17Chr7g0224601			medtr.A17.gnm5.MtrunA17Chr7	+	9952717	9958672	-2.86553815686162	0.101651216806646	NS	-6.11351257325532	0.00567684470443255	DOWN
DOWN	dnf2_only	medtr.A17.gnm5.ann1_6.MtrunA17Chr4g0017351	MtrunA17Chr4g0017351			medtr.A17.gnm5.MtrunA17Chr4	+	12863760	12864418	-1.82933579630672	0.714667721668552	NS	-6.02157215500224	0.0373557884199702	DOWN
DOWN	dnf2_only	medtr.A17.gnm5.ann1_6.MtrunA17Chr5g0428061	MtrunA17Chr5g0428061			medtr.A17.gnm5.MtrunA17Chr5	-	29725376	29726045	-2.03732315647473	0.119501836569437	NS	-5.98471376458285	0.000252518148562752	DOWN
DOWN	dnf2_only	medtr.A17.gnm5.ann1_6.MtrunA17Chr7g0232711	MtrunA17Chr7g0232711			medtr.A17.gnm5.MtrunA17Chr7	+	22965473	22965775	-2.68983235365294	0.25212750587612	NS	-5.95955019324197	0.0215194753651928	DOWN
DOWN	dnf2_only	medtr.A17.gnm5.ann1_6.MtrunA17Chr3g0122161	MtrunA17Chr3g0122161			medtr.A17.gnm5.MtrunA17Chr3	-	41770848	41775327	-1.08694486436522	1	NS	-5.94929382754041	0.0449414638718358	DOWN
DOWN	dnf2_only	medtr.A17.gnm5.ann1_6.MtrunA17Chr3g0124121	MtrunA17Chr3g0124121			medtr.A17.gnm5.MtrunA17Chr3	+	43019503	43020864	-3.42236062950592	0.199824983835812	NS	-5.83216592983144	0.0391562487343926	DOWN
DOWN	dnf2_only	medtr.A17.gnm5.ann1_6.MtrunA17Chr7g0216161	MtrunA17Chr7g0216161			medtr.A17.gnm5.MtrunA17Chr7	-	1977409	1978234	-2.03164114441843	0.300693652640026	NS	-5.82978426672691	0.0057970146948263	DOWN
DOWN	dnf2_only	medtr.A17.gnm5.ann1_6.MtrunA17Chr2g0324021	MtrunA17Chr2g0324021			medtr.A17.gnm5.MtrunA17Chr2	+	44364996	44366152	-0.236801416891744	1	NS	-5.76874074121804	0.0384898035323093	DOWN
DOWN	dnf2_only	medtr.A17.gnm5.ann1_6.MtrunA17Chr8g0348771	MtrunA17Chr8g0348771			medtr.A17.gnm5.MtrunA17Chr8	+	11374167	11375321	-1.72533836401388	0.354013312678453	NS	-5.63958321602182	0.000918491881518834	DOWN
DOWN	dnf2_only	medtr.A17.gnm5.ann1_6.MtrunA17Chr7g0228691	MtrunA17Chr7g0228691			medtr.A17.gnm5.MtrunA17Chr7	-	14228010	14231273	-2.34034738052285	0.349266697396927	NS	-5.60668853053264	0.0228167879414508	DOWN
DOWN	dnf2_only	medtr.A17.gnm5.ann1_6.MtrunA17Chr8g0373071	MtrunA17Chr8g0373071			medtr.A17.gnm5.MtrunA17Chr8	-	35322575	35325087	0.244702094703782	1	NS	-5.53291816056571	0.0163227171380142	DOWN
DOWN	dnf2_only	medtr.A17.gnm5.ann1_6.MtrunA17Chr6g0452831	MtrunA17Chr6g0452831			medtr.A17.gnm5.MtrunA17Chr6	-	3148707	3150267	-2.73912411881343	0.137192563649752	NS	-5.390336560641	0.010419733737919	DOWN
DOWN	dnf2_only	medtr.A17.gnm5.ann1_6.MtrunA17Chr5g0423661	MtrunA17Chr5g0423661			medtr.A17.gnm5.MtrunA17Chr5	+	25422052	25422780	-2.06234554938553	0.145798914191422	NS	-5.21330023152911	0.00075724372905932	DOWN
DOWN	dnf2_only	medtr.A17.gnm5.ann1_6.MtrunA17Chr4g0013941	MtrunA17Chr4g0013941			medtr.A17.gnm5.MtrunA17Chr4	-	11353728	11358245	-0.298080559175711	1	NS	-5.20065557236496	0.00172338468608326	DOWN
DOWN	dnf2_only	medtr.A17.gnm5.ann1_6.MtrunA17Chr7g0231361	MtrunA17Chr7g0231361			medtr.A17.gnm5.MtrunA17Chr7	-	20939882	20940355	-2.19700264958619	0.20855696693413	NS	-5.12091568352482	0.0062295432650346	DOWN
DOWN	dnf2_only	medtr.A17.gnm5.ann1_6.MtrunA17Chr4g0024011	MtrunA17Chr4g0024011			medtr.A17.gnm5.MtrunA17Chr4	+	24574231	24574744	-2.25748985005858	0.147172505441645	NS	-5.03806884721131	0.00392269314388733	DOWN
DOWN	dnf2_only	medtr.A17.gnm5.ann1_6.MtrunA17Chr5g0417091	MtrunA17Chr5g0417091			medtr.A17.gnm5.MtrunA17Chr5	-	17729591	17736766	0.262152349086083	1	NS	-4.94024463692446	0.00468549476535849	DOWN
DOWN	dnf2_only	medtr.A17.gnm5.ann1_6.MtrunA17Chr1g0201791	MtrunA17Chr1g0201791			medtr.A17.gnm5.MtrunA17Chr1	+	48089282	48091725	-1.89106738363521	0.436763632308528	NS	-4.92599559480074	0.014984422426615	DOWN
DOWN	dnf2_only	medtr.A17.gnm5.ann1_6.MtrunA17Chr2g0301471	MtrunA17Chr2g0301471			medtr.A17.gnm5.MtrunA17Chr2	+	19226174	19232004	-0.766477982230146	1	NS	-4.89697771478087	0.000356819972700656	DOWN
DOWN	dnf2_only	medtr.A17.gnm5.ann1_6.MtrunA17Chr4g0033211	MtrunA17Chr4g0033211			medtr.A17.gnm5.MtrunA17Chr4	-	33141053	33145914	-1.27491037098443	0.850502149245032	NS	-4.88986071259997	0.00204007396799025	DOWN
DOWN	dnf2_only	medtr.A17.gnm5.ann1_6.MtrunA17Chr7g0240741	MtrunA17Chr7g0240741			medtr.A17.gnm5.MtrunA17Chr7	+	30443944	30445430	-0.723818011507434	1	NS	-4.84928603092939	2.20810884632537e-05	DOWN
DOWN	dnf2_only	medtr.A17.gnm5.ann1_6.MtrunA17Chr1g0149131	MtrunA17Chr1g0149131			medtr.A17.gnm5.MtrunA17Chr1	+	2408974	2409573	-0.078148895962226	1	NS	-4.84773052318021	0.00561887145010103	DOWN
DOWN	dnf2_only	medtr.A17.gnm5.ann1_6.MtrunA17Chr3g0104891	MtrunA17Chr3g0104891			medtr.A17.gnm5.MtrunA17Chr3	-	28941681	28941995	-3.64856658024997	0.0623850648098373	NS	-4.84228501867671	0.0171629319669786	DOWN
DOWN	dnf2_only	medtr.A17.gnm5.ann1_6.MtrunA17Chr1g0206021	MtrunA17Chr1g0206021			medtr.A17.gnm5.MtrunA17Chr1	+	51144817	51146505	0.688857924726865	1	NS	-4.80682783709151	0.00721361740127418	DOWN
DOWN	dnf2_only	medtr.A17.gnm5.ann1_6.MtrunA17Chr2g0301531	MtrunA17Chr2g0301531			medtr.A17.gnm5.MtrunA17Chr2	+	19277348	19280240	-3.20502429092042	0.0720465001816338	NS	-4.76517657297264	0.0127027444489553	DOWN
DOWN	dnf2_only	medtr.A17.gnm5.ann1_6.MtrunA17Chr2g0303811	MtrunA17Chr2g0303811			medtr.A17.gnm5.MtrunA17Chr2	+	21589710	21591816	-2.1141155800829	0.134609083566967	NS	-4.751538119802	0.00118425960269134	DOWN
DOWN	dnf2_only	medtr.A17.gnm5.ann1_6.MtrunA17Chr2g0309421	MtrunA17Chr2g0309421			medtr.A17.gnm5.MtrunA17Chr2	-	32162625	32165400	-2.31135916383054	0.0590335965265091	NS	-4.70582969952393	0.000551627758094878	DOWN
DOWN	dnf2_only	medtr.A17.gnm5.ann1_6.MtrunA17Chr2g0309001	MtrunA17Chr2g0309001			medtr.A17.gnm5.MtrunA17Chr2	+	31808668	31811569	-1.30529513497173	0.893075001967466	NS	-4.67023032368495	0.00948613914203784	DOWN
DOWN	dnf2_only	medtr.A17.gnm5.ann1_6.MtrunA17Chr3g0107801	MtrunA17Chr3g0107801			medtr.A17.gnm5.MtrunA17Chr3	-	31290131	31290809	-2.93998233412913	0.0645270357666428	NS	-4.66476092797004	0.00590980822296822	DOWN
DOWN	dnf2_only	medtr.A17.gnm5.ann1_6.MtrunA17Chr5g0396351	MtrunA17Chr5g0396351			medtr.A17.gnm5.MtrunA17Chr5	-	1973903	1976612	-1.71988978606552	0.268412141351776	NS	-4.64928241558002	0.000239002074640919	DOWN
DOWN	dnf2_only	medtr.A17.gnm5.ann1_6.MtrunA17Chr6g0464731	MtrunA17Chr6g0464731			medtr.A17.gnm5.MtrunA17Chr6	+	13987252	13988142	-0.101794150689031	1	NS	-4.63437523631065	0.0189671325639489	DOWN
DOWN	dnf2_only	medtr.A17.gnm5.ann1_6.MtrunA17Chr3g0103071	MtrunA17Chr3g0103071			medtr.A17.gnm5.MtrunA17Chr3	+	27502315	27504390	-1.27174844000941	0.675397991431928	NS	-4.62077400038858	8.54631983635061e-05	DOWN
DOWN	dnf2_only	medtr.A17.gnm5.ann1_6.MtrunA17Chr3g0078201	MtrunA17Chr3g0078201			medtr.A17.gnm5.MtrunA17Chr3	-	815105	816520	-0.0853554623322797	1	NS	-4.60905499548361	3.2829020462462e-06	DOWN
DOWN	dnf2_only	medtr.A17.gnm5.ann1_6.MtrunA17Chr4g0022201	MtrunA17Chr4g0022201			medtr.A17.gnm5.MtrunA17Chr4	-	21642189	21645463	-2.69862106721796	0.124971610672975	NS	-4.57809796350692	0.0130952867992303	DOWN
DOWN	dnf2_only	medtr.A17.gnm5.ann1_6.MtrunA17Chr8g0376801	MtrunA17Chr8g0376801			medtr.A17.gnm5.MtrunA17Chr8	+	38299174	38299479	-1.13057105780376	1	NS	-4.48363928200986	0.0234030426971315	DOWN
DOWN	dnf2_only	medtr.A17.gnm5.ann1_6.MtrunA17Chr3g0125631	MtrunA17Chr3g0125631			medtr.A17.gnm5.MtrunA17Chr3	+	44124361	44126246	-2.59149238372968	0.12992573807997	NS	-4.47888451821516	0.011416430060401	DOWN
DOWN	dnf2_only	medtr.A17.gnm5.ann1_6.MtrunA17Chr5g0406671	MtrunA17Chr5g0406671			medtr.A17.gnm5.MtrunA17Chr5	-	9436086	9438773	-2.33152301009121	0.0747610998273615	NS	-4.43081982228905	0.00109673434513802	DOWN
DOWN	dnf2_only	medtr.A17.gnm5.ann1_6.MtrunA17Chr7g0251351	MtrunA17Chr7g0251351			medtr.A17.gnm5.MtrunA17Chr7	+	38526010	38533772	-2.12813653717169	0.395142050998246	NS	-4.43062514891946	0.0351434931684154	DOWN
DOWN	dnf2_only	medtr.A17.gnm5.ann1_6.MtrunA17Chr1g0173951	MtrunA17Chr1g0173951			medtr.A17.gnm5.MtrunA17Chr1	-	24563618	24565466	-0.686205933019371	1	NS	-4.42541052849328	0.00272882579002095	DOWN
DOWN	dnf2_only	medtr.A17.gnm5.ann1_6.MtrunA17Chr7g0216011	MtrunA17Chr7g0216011			medtr.A17.gnm5.MtrunA17Chr7	+	1912994	1919061	-1.93188173136911	0.142857787079367	NS	-4.41705185713391	0.000435900470664018	DOWN
DOWN	dnf2_only	medtr.A17.gnm5.ann1_6.MtrunA17Chr4g0031361	MtrunA17Chr4g0031361			medtr.A17.gnm5.MtrunA17Chr4	+	31769768	31770610	-2.52309672631074	0.156233060073518	NS	-4.40544482900454	0.014674433026112	DOWN
DOWN	dnf2_only	medtr.A17.gnm5.ann1_6.MtrunA17Chr1g0154421	MtrunA17Chr1g0154421			medtr.A17.gnm5.MtrunA17Chr1	-	6634446	6637074	-1.3540115464466	0.196335236728555	NS	-4.35864747314108	2.10141792446814e-07	DOWN
DOWN	dnf2_only	medtr.A17.gnm5.ann1_6.MtrunA17Chr5g0438451	MtrunA17Chr5g0438451			medtr.A17.gnm5.MtrunA17Chr5	-	37629495	37630911	-1.81834900643927	0.141376998018637	NS	-4.34189780859046	0.000148976879905509	DOWN
DOWN	dnf2_only	medtr.A17.gnm5.ann1_6.MtrunA17Chr6g0463021	MtrunA17Chr6g0463021			medtr.A17.gnm5.MtrunA17Chr6	-	12031295	12032125	-2.32550717528417	0.130668832506379	NS	-4.32812759761895	0.00525855557052887	DOWN
DOWN	dnf2_only	medtr.A17.gnm5.ann1_6.MtrunA17Chr7g0242031	MtrunA17Chr7g0242031			medtr.A17.gnm5.MtrunA17Chr7	+	31610809	31614987	0.048801537329696	1	NS	-4.32102851800648	3.96860748049103e-05	DOWN
DOWN	dnf2_only	medtr.A17.gnm5.ann1_6.MtrunA17Chr2g0309011	MtrunA17Chr2g0309011			medtr.A17.gnm5.MtrunA17Chr2	+	31811571	31813692	-1.49843340501278	0.677238197159561	NS	-4.29796264594882	0.0105659637842241	DOWN
DOWN	dnf2_only	medtr.A17.gnm5.ann1_6.MtrunA17Chr8g0338951	MtrunA17Chr8g0338951			medtr.A17.gnm5.MtrunA17Chr8	-	3255688	3257598	-1.60259189563901	0.784899958368471	NS	-4.29131043196196	0.0307405224462482	DOWN
DOWN	dnf2_only	medtr.A17.gnm5.ann1_6.MtrunA17Chr7g0242041	MtrunA17Chr7g0242041			medtr.A17.gnm5.MtrunA17Chr7	+	31614989	31616700	0.119567727278069	1	NS	-4.28504782835864	1.46999515422328e-05	DOWN
DOWN	dnf2_only	medtr.A17.gnm5.ann1_6.MtrunA17Chr8g0372731	MtrunA17Chr8g0372731			medtr.A17.gnm5.MtrunA17Chr8	+	35136933	35137913	-1.69092975443285	0.410228647887865	NS	-4.27486611822594	0.0043830110542675	DOWN
DOWN	dnf2_only	medtr.A17.gnm5.ann1_6.MtrunA17Chr7g0231381	MtrunA17Chr7g0231381			medtr.A17.gnm5.MtrunA17Chr7	+	20941711	20942888	-2.2526350157516	0.325644452354101	NS	-4.24999563673299	0.0311636934013328	DOWN
DOWN	dnf2_only	medtr.A17.gnm5.ann1_6.MtrunA17Chr7g0222531	MtrunA17Chr7g0222531			medtr.A17.gnm5.MtrunA17Chr7	+	7760383	7762717	-0.84368237097188	1	NS	-4.22764129399649	0.00643010281019118	DOWN
DOWN	dnf2_only	medtr.A17.gnm5.ann1_6.MtrunA17Chr1g0171871	MtrunA17Chr1g0171871			medtr.A17.gnm5.MtrunA17Chr1	-	20574302	20575399	-2.1028521980889	0.174036578274663	NS	-4.19735848390733	0.00439030561709847	DOWN
DOWN	dnf2_only	medtr.A17.gnm5.ann1_6.MtrunA17Chr6g0476541	MtrunA17Chr6g0476541			medtr.A17.gnm5.MtrunA17Chr6	+	31369609	31370605	-2.40583270194661	0.0774214354909903	NS	-4.18775603755238	0.00284608601187624	DOWN
DOWN	dnf2_only	medtr.A17.gnm5.ann1_6.MtrunA17Chr4g0013321	MtrunA17Chr4g0013321			medtr.A17.gnm5.MtrunA17Chr4	+	10757709	10761254	-2.7622171921887	0.0632761039444685	NS	-4.15543795319166	0.00642494481752961	DOWN
DOWN	dnf2_only	medtr.A17.gnm5.ann1_6.MtrunA17Chr4g0028031	MtrunA17Chr4g0028031			medtr.A17.gnm5.MtrunA17Chr4	+	29041417	29042293	-1.59069718661144	0.177013233821274	NS	-4.13217720487897	1.20779854963071e-05	DOWN
DOWN	dnf2_only	medtr.A17.gnm5.ann1_6.MtrunA17Chr3g0120071	MtrunA17Chr3g0120071	MtLOX2	lipoxygenase 2 (TC100141)	medtr.A17.gnm5.MtrunA17Chr3	+	40212778	40216628	-3.48810215160339	0.0705259100227392	NS	-4.1290790953542	0.0202558848814668	DOWN
DOWN	dnf2_only	medtr.A17.gnm5.ann1_6.MtrunA17Chr3g0084831	MtrunA17Chr3g0084831			medtr.A17.gnm5.MtrunA17Chr3	-	6264452	6265959	-2.02724469383043	0.285223929134804	NS	-4.1159813364792	0.0142234992879494	DOWN
DOWN	dnf2_only	medtr.A17.gnm5.ann1_6.MtrunA17Chr6g0475091	MtrunA17Chr6g0475091			medtr.A17.gnm5.MtrunA17Chr6	+	29232958	29237035	-0.606620664384321	1	NS	-4.11228006714533	0.0381649785143998	DOWN
DOWN	dnf2_only	medtr.A17.gnm5.ann1_6.MtrunA17Chr7g0234481	MtrunA17Chr7g0234481			medtr.A17.gnm5.MtrunA17Chr7	-	25038731	25045511	-2.55444290165773	0.162316545561982	NS	-4.11134348386047	0.0210273755325246	DOWN
DOWN	dnf2_only	medtr.A17.gnm5.ann1_6.MtrunA17Chr1g0186881	MtrunA17Chr1g0186881			medtr.A17.gnm5.MtrunA17Chr1	+	37102142	37102685	-2.99033384633105	0.0780605714753492	NS	-4.08213862029572	0.0155995601679364	DOWN
DOWN	dnf2_only	medtr.A17.gnm5.ann1_6.MtrunA17Chr3g0110961	MtrunA17Chr3g0110961			medtr.A17.gnm5.MtrunA17Chr3	-	33359310	33361021	-2.16943993379022	0.178484057591161	NS	-4.079529696735	0.00703338080678687	DOWN
DOWN	dnf2_only	medtr.A17.gnm5.ann1_6.MtrunA17Chr3g0124101	MtrunA17Chr3g0124101			medtr.A17.gnm5.MtrunA17Chr3	+	43016699	43018307	-2.48822444224463	0.142243761244164	NS	-4.05004031619773	0.0154393162940786	DOWN
DOWN	dnf2_only	medtr.A17.gnm5.ann1_6.MtrunA17Chr6g0487651	MtrunA17Chr6g0487651			medtr.A17.gnm5.MtrunA17Chr6	-	41953610	41954593	-1.74949889751487	0.136781195635664	NS	-4.01008672722213	0.000147316728982333	DOWN
DOWN	dnf2_only	medtr.A17.gnm5.ann1_6.MtrunA17Chr4g0028051	MtrunA17Chr4g0028051			medtr.A17.gnm5.MtrunA17Chr4	-	29043720	29044007	-1.44941596776114	0.151774443487884	NS	-3.97345958416335	6.81713782626274e-07	DOWN
DOWN	dnf2_only	medtr.A17.gnm5.ann1_6.MtrunA17Chr5g0428891	MtrunA17Chr5g0428891			medtr.A17.gnm5.MtrunA17Chr5	-	30466225	30467465	-2.62134536286112	0.0559932070777178	NS	-3.96358871982382	0.00386479156999046	DOWN
DOWN	dnf2_only	medtr.A17.gnm5.ann1_6.MtrunA17Chr5g0396721	MtrunA17Chr5g0396721			medtr.A17.gnm5.MtrunA17Chr5	-	2234733	2236363	-1.9354772569915	0.0526169248031585	NS	-3.91406788507433	8.54631983635061e-05	DOWN
DOWN	dnf2_only	medtr.A17.gnm5.ann1_6.MtrunA17Chr7g0231311	MtrunA17Chr7g0231311			medtr.A17.gnm5.MtrunA17Chr7	+	20921162	20935852	-2.18930551048676	0.0723719665841413	NS	-3.90460719340058	0.00117568841351159	DOWN
DOWN	dnf2_only	medtr.A17.gnm5.ann1_6.MtrunA17Chr2g0294001	MtrunA17Chr2g0294001	MtTHL6	Thionin-like	medtr.A17.gnm5.MtrunA17Chr2	+	12817356	12818135	-1.97894902762366	0.0560260134472948	NS	-3.88207599434473	0.000148133093331418	DOWN
DOWN	dnf2_only	medtr.A17.gnm5.ann1_6.MtrunA17Chr3g0129851	MtrunA17Chr3g0129851			medtr.A17.gnm5.MtrunA17Chr3	+	47237911	47243459	-2.82388027382827	0.0792787453723891	NS	-3.87813819160761	0.013509032604052	DOWN
DOWN	dnf2_only	medtr.A17.gnm5.ann1_6.MtrunA17Chr5g0425881	MtrunA17Chr5g0425881			medtr.A17.gnm5.MtrunA17Chr5	+	27886742	27888828	-2.440203833401	0.148729788524226	NS	-3.87519750855322	0.0156577852511136	DOWN
DOWN	dnf2_only	medtr.A17.gnm5.ann1_6.MtrunA17Chr5g0425911	MtrunA17Chr5g0425911			medtr.A17.gnm5.MtrunA17Chr5	-	27893070	27894075	-2.7524223911808	0.0802545616061805	NS	-3.79326441900671	0.0133541151025263	DOWN
DOWN	dnf2_only	medtr.A17.gnm5.ann1_6.MtrunA17Chr8g0379901	MtrunA17Chr8g0379901	MtNIP1	NOD26-like intrinsic protein 1 (aquaporin)	medtr.A17.gnm5.MtrunA17Chr8	+	40340905	40343798	-1.76223867893898	0.0833164372956564	NS	-3.78943920288973	1.22455788632472e-05	DOWN
DOWN	dnf2_only	medtr.A17.gnm5.ann1_6.MtrunA17Chr4g0008001	MtrunA17Chr4g0008001			medtr.A17.gnm5.MtrunA17Chr4	-	6226661	6227386	-1.64707628937752	0.440791654024755	NS	-3.78537589120969	0.00739335247880822	DOWN
DOWN	dnf2_only	medtr.A17.gnm5.ann1_6.MtrunA17Chr7g0231371	MtrunA17Chr7g0231371			medtr.A17.gnm5.MtrunA17Chr7	-	20940608	20943762	-2.36828681887142	0.166563377382265	NS	-3.77996630057185	0.0157815962637963	DOWN
DOWN	dnf2_only	medtr.A17.gnm5.ann1_6.MtrunA17Chr4g0028041	MtrunA17Chr4g0028041			medtr.A17.gnm5.MtrunA17Chr4	+	29042295	29044459	-1.4733483665526	0.119172506619213	NS	-3.7776400158617	5.73140426106663e-07	DOWN
DOWN	dnf2_only	medtr.A17.gnm5.ann1_6.MtrunA17Chr1g0162361	MtrunA17Chr1g0162361	MtGAOL3	Gibberellin-oxidase like 3	medtr.A17.gnm5.MtrunA17Chr1	-	12331294	12334457	-2.28693459900693	0.0851583539514114	NS	-3.74067294576699	0.00357668202295012	DOWN
DOWN	dnf2_only	medtr.A17.gnm5.ann1_6.MtrunA17Chr4g0030361	MtrunA17Chr4g0030361			medtr.A17.gnm5.MtrunA17Chr4	+	31004128	31013376	-0.297918209649983	1	NS	-3.736781967773	0.0285810448843492	DOWN
DOWN	dnf2_only	medtr.A17.gnm5.ann1_6.MtrunA17Chr3g0101151	MtrunA17Chr3g0101151			medtr.A17.gnm5.MtrunA17Chr3	-	25559072	25563585	-1.53492977046834	0.0774919556021882	NS	-3.73632942656814	6.49276864203483e-07	DOWN
DOWN	dnf2_only	medtr.A17.gnm5.ann1_6.MtrunA17Chr8g0348671	MtrunA17Chr8g0348671			medtr.A17.gnm5.MtrunA17Chr8	+	11268151	11269593	-1.0867137875387	1	NS	-3.73078138778995	0.000576461423357535	DOWN
DOWN	dnf2_only	medtr.A17.gnm5.ann1_6.MtrunA17Chr1g0185751	MtrunA17Chr1g0185751	MtIPT3	isopentenyl transferase	medtr.A17.gnm5.MtrunA17Chr1	+	36099785	36101336	-1.82718164886643	0.192434774064826	NS	-3.72143470854439	0.00140041086201845	DOWN
DOWN	dnf2_only	medtr.A17.gnm5.ann1_6.MtrunA17Chr3g0136141	MtrunA17Chr3g0136141			medtr.A17.gnm5.MtrunA17Chr3	+	51816038	51819929	-0.625619620207031	1	NS	-3.719057657994	0.000653952664401986	DOWN
DOWN	dnf2_only	medtr.A17.gnm5.ann1_6.MtrunA17Chr1g0147731	MtrunA17Chr1g0147731			medtr.A17.gnm5.MtrunA17Chr1	+	1302208	1307128	-1.89501480876155	0.277314030085747	NS	-3.70386095042585	0.00861697472666792	DOWN
DOWN	dnf2_only	medtr.A17.gnm5.ann1_6.MtrunA17Chr6g0488611	MtrunA17Chr6g0488611			medtr.A17.gnm5.MtrunA17Chr6	-	42538484	42540247	-0.212696121801858	1	NS	-3.69612843497157	8.06645422613137e-06	DOWN
DOWN	dnf2_only	medtr.A17.gnm5.ann1_6.MtrunA17Chr1g0171861	MtrunA17Chr1g0171861			medtr.A17.gnm5.MtrunA17Chr1	+	20574231	20575656	-1.47673132756054	0.598271619874611	NS	-3.68613035542891	0.0075390508964909	DOWN
DOWN	dnf2_only	medtr.A17.gnm5.ann1_6.MtrunA17Chr2g0322041	MtrunA17Chr2g0322041			medtr.A17.gnm5.MtrunA17Chr2	+	42857256	42859500	-2.45037636756738	0.0512411805439628	NS	-3.68492105312775	0.00258864706207077	DOWN
DOWN	dnf2_only	medtr.A17.gnm5.ann1_6.MtrunA17Chr7g0247661	MtrunA17Chr7g0247661			medtr.A17.gnm5.MtrunA17Chr7	-	35959187	35959985	2.17528073721369	0.0247760325580152	UP	-3.67649929964062	0.00799369202725651	DOWN
DOWN	dnf2_only	medtr.A17.gnm5.ann1_6.MtrunA17Chr6g0488761	MtrunA17Chr6g0488761			medtr.A17.gnm5.MtrunA17Chr6	-	42685683	42688958	0.839131870751468	1	NS	-3.67398607279261	0.00442844415134264	DOWN
DOWN	dnf2_only	medtr.A17.gnm5.ann1_6.MtrunA17Chr4g0023551	MtrunA17Chr4g0023551			medtr.A17.gnm5.MtrunA17Chr4	-	24202117	24202911	-2.0774970385887	0.0989371328495323	NS	-3.66379627591135	0.00143442685282077	DOWN
DOWN	dnf2_only	medtr.A17.gnm5.ann1_6.MtrunA17Chr7g0231291	MtrunA17Chr7g0231291			medtr.A17.gnm5.MtrunA17Chr7	-	20919469	20920626	-2.01648016828313	0.374498876805628	NS	-3.65509132959693	0.0362894234443478	DOWN
DOWN	dnf2_only	medtr.A17.gnm5.ann1_6.MtrunA17Chr6g0453201	MtrunA17Chr6g0453201			medtr.A17.gnm5.MtrunA17Chr6	-	3532906	3535186	-2.17296425353279	0.0703091269942531	NS	-3.60902442836274	0.00139939452432555	DOWN
DOWN	dnf2_only	medtr.A17.gnm5.ann1_6.MtrunA17Chr6g0458631	MtrunA17Chr6g0458631			medtr.A17.gnm5.MtrunA17Chr6	-	8051502	8052610	-0.62731303935995	1	NS	-3.59717312335834	0.0260041290557243	DOWN
DOWN	dnf2_only	medtr.A17.gnm5.ann1_6.MtrunA17Chr7g0242731	MtrunA17Chr7g0242731			medtr.A17.gnm5.MtrunA17Chr7	-	32201843	32204357	-1.159926292176	1	NS	-3.59172769995166	0.0174316084409161	DOWN
DOWN	dnf2_only	medtr.A17.gnm5.ann1_6.MtrunA17Chr1g0185441	MtrunA17Chr1g0185441			medtr.A17.gnm5.MtrunA17Chr1	-	35873659	35874539	-1.36042404936226	0.623672646245689	NS	-3.58883698410805	0.00186027394095747	DOWN
DOWN	dnf2_only	medtr.A17.gnm5.ann1_6.MtrunA17Chr3g0084841	MtrunA17Chr3g0084841			medtr.A17.gnm5.MtrunA17Chr3	-	6265961	6271242	-1.65644139186498	0.333704030944976	NS	-3.56390298357138	0.00334836160077518	DOWN
DOWN	dnf2_only	medtr.A17.gnm5.ann1_6.MtrunA17Chr8g0387251	MtrunA17Chr8g0387251			medtr.A17.gnm5.MtrunA17Chr8	+	45354124	45354642	-1.91638952225925	0.375964841155375	NS	-3.56260847791413	0.0228743949409198	DOWN
DOWN	dnf2_only	medtr.A17.gnm5.ann1_6.MtrunA17Chr2g0306691	MtrunA17Chr2g0306691			medtr.A17.gnm5.MtrunA17Chr2	-	28774197	28776061	-2.28022703268083	0.0515267566532225	NS	-3.55224440509865	0.000714725141796406	DOWN
DOWN	dnf2_only	medtr.A17.gnm5.ann1_6.MtrunA17Chr7g0233851	MtrunA17Chr7g0233851			medtr.A17.gnm5.MtrunA17Chr7	-	24288088	24289549	-2.26636523900147	0.0608910605513796	NS	-3.55092259704559	0.00160878569795269	DOWN
DOWN	dnf2_only	medtr.A17.gnm5.ann1_6.MtrunA17Chr2g0306701	MtrunA17Chr2g0306701			medtr.A17.gnm5.MtrunA17Chr2	+	28775773	28776186	-2.44048757507518	0.0826006226004444	NS	-3.52528026727437	0.00429532920909705	DOWN
DOWN	dnf2_only	medtr.A17.gnm5.ann1_6.MtrunA17Chr3g0078051	MtrunA17Chr3g0078051			medtr.A17.gnm5.MtrunA17Chr3	-	686210	687872	-2.04676417399731	0.165538928297892	NS	-3.52045062099182	0.00596778625522702	DOWN
DOWN	dnf2_only	medtr.A17.gnm5.ann1_6.MtrunA17Chr7g0232151	MtrunA17Chr7g0232151			medtr.A17.gnm5.MtrunA17Chr7	+	21976461	21977133	-1.89082375608734	0.215314843579515	NS	-3.51724158752391	0.00515254807931058	DOWN
DOWN	dnf2_only	medtr.A17.gnm5.ann1_6.MtrunA17Chr5g0435631	MtrunA17Chr5g0435631			medtr.A17.gnm5.MtrunA17Chr5	-	35630124	35635279	-2.23202692201026	0.0703773038412616	NS	-3.51432848199234	0.00266931703060575	DOWN
DOWN	dnf2_only	medtr.A17.gnm5.ann1_6.MtrunA17Chr1g0185741	MtrunA17Chr1g0185741			medtr.A17.gnm5.MtrunA17Chr1	+	36091899	36094915	-1.96300889839975	0.127341288005786	NS	-3.51233417342985	0.00144273649210556	DOWN
DOWN	dnf2_only	medtr.A17.gnm5.ann1_6.MtrunA17Chr2g0322101	MtrunA17Chr2g0322101			medtr.A17.gnm5.MtrunA17Chr2	+	42893634	42895138	-2.21525435116566	0.268662141201575	NS	-3.5076122690923	0.0368097262245837	DOWN
DOWN	dnf2_only	medtr.A17.gnm5.ann1_6.MtrunA17Chr1g0184591	MtrunA17Chr1g0184591			medtr.A17.gnm5.MtrunA17Chr1	+	35098530	35103347	-1.79766681381972	0.178136894866078	NS	-3.50585707946775	0.00147208776240062	DOWN
DOWN	dnf2_only	medtr.A17.gnm5.ann1_6.MtrunA17Chr4g0067831	MtrunA17Chr4g0067831			medtr.A17.gnm5.MtrunA17Chr4	-	58133987	58135723	-0.5299979542676	1	NS	-3.50516953426209	4.43525070409569e-05	DOWN
DOWN	dnf2_only	medtr.A17.gnm5.ann1_6.MtrunA17Chr5g0425071	MtrunA17Chr5g0425071			medtr.A17.gnm5.MtrunA17Chr5	-	27101871	27104366	-2.2528953683145	0.0515014450470323	NS	-3.49603784881202	0.00172338468608326	DOWN
DOWN	dnf2_only	medtr.A17.gnm5.ann1_6.MtrunA17Chr6g0466101	MtrunA17Chr6g0466101			medtr.A17.gnm5.MtrunA17Chr6	+	15167639	15168757	-0.856090241751249	1	NS	-3.49490584783235	0.0349664826372376	DOWN
DOWN	dnf2_only	medtr.A17.gnm5.ann1_6.MtrunA17Chr4g0043081	MtrunA17Chr4g0043081			medtr.A17.gnm5.MtrunA17Chr4	-	40226485	40228927	-0.306500656592475	1	NS	-3.44358112218353	0.000387956300305865	DOWN
DOWN	dnf2_only	medtr.A17.gnm5.ann1_6.MtrunA17Chr5g0423711	MtrunA17Chr5g0423711	MtNCR273	Nodule-specific Cysteine-Rich peptide	medtr.A17.gnm5.MtrunA17Chr5	+	25523341	25524143	-2.34470217953655	0.109589785825138	NS	-3.43236582405781	0.00701814433946267	DOWN
DOWN	dnf2_only	medtr.A17.gnm5.ann1_6.MtrunA17Chr4g0001561	MtrunA17Chr4g0001561			medtr.A17.gnm5.MtrunA17Chr4	-	1069943	1071596	-1.76895287067999	0.261013820874192	NS	-3.42505311676823	0.00369913111420408	DOWN
DOWN	dnf2_only	medtr.A17.gnm5.ann1_6.MtrunA17Chr5g0425251	MtrunA17Chr5g0425251	MtSULTR1.3	sulfate transporter	medtr.A17.gnm5.MtrunA17Chr5	+	27270047	27275650	-0.160213135208453	1	NS	-3.42282959387116	0.00341086579912418	DOWN
DOWN	dnf2_only	medtr.A17.gnm5.ann1_6.MtrunA17Chr4g0006331	MtrunA17Chr4g0006331			medtr.A17.gnm5.MtrunA17Chr4	-	5017055	5018008	-2.83082073258958	0.128138727742783	NS	-3.42273198560509	0.0449467683924834	DOWN
DOWN	dnf2_only	medtr.A17.gnm5.ann1_6.MtrunA17Chr4g0073381	MtrunA17Chr4g0073381			medtr.A17.gnm5.MtrunA17Chr4	-	62331839	62338442	-1.80889991878102	0.110164511500839	NS	-3.42065256748153	0.000300375894562479	DOWN
DOWN	dnf2_only	medtr.A17.gnm5.ann1_6.MtrunA17Chr1g0197501	MtrunA17Chr1g0197501	MtLb3	leghemoglobin3	medtr.A17.gnm5.MtrunA17Chr1	-	44673539	44676710	-1.47390135429278	0.105477453541045	NS	-3.40577332388761	1.16498679198843e-06	DOWN
DOWN	dnf2_only	medtr.A17.gnm5.ann1_6.MtrunA17Chr5g0431861	MtrunA17Chr5g0431861			medtr.A17.gnm5.MtrunA17Chr5	+	32658958	32659966	-1.52663133656159	0.36583274009891	NS	-3.40466358363459	0.00111199856642419	DOWN
DOWN	dnf2_only	medtr.A17.gnm5.ann1_6.MtrunA17Chr1g0167861	MtrunA17Chr1g0167861			medtr.A17.gnm5.MtrunA17Chr1	+	16772890	16775057	-1.99681312486954	0.116211722122976	NS	-3.3894167040219	0.00211541780801186	DOWN
DOWN	dnf2_only	medtr.A17.gnm5.ann1_6.MtrunA17Chr7g0224311	MtrunA17Chr7g0224311	MtNCR167	Nodule-specific Cysteine-Rich peptide	medtr.A17.gnm5.MtrunA17Chr7	-	9522171	9524747	-1.14594996423824	0.883937065991077	NS	-3.38875795050527	4.69949389005669e-05	DOWN
DOWN	dnf2_only	medtr.A17.gnm5.ann1_6.MtrunA17Chr5g0431131	MtrunA17Chr5g0431131	MtNCR081a	Nodule-specific Cysteine-Rich peptide	medtr.A17.gnm5.MtrunA17Chr5	+	32097701	32098541	-1.7926031158621	0.0695881199761365	NS	-3.38192387478498	4.46035994306783e-05	DOWN
DOWN	dnf2_only	medtr.A17.gnm5.ann1_6.MtrunA17Chr6g0485621	MtrunA17Chr6g0485621	MtYUC2	YUCCA 2	medtr.A17.gnm5.MtrunA17Chr6	+	40217749	40222516	-1.00198119853371	1	NS	-3.3713086605583	0.0224766873235363	DOWN
DOWN	dnf2_only	medtr.A17.gnm5.ann1_6.MtrunA17Chr2g0302871	MtrunA17Chr2g0302871			medtr.A17.gnm5.MtrunA17Chr2	+	20518580	20519842	-2.27645909582682	0.0546943900181962	NS	-3.3706946976673	0.00242384895983282	DOWN
DOWN	dnf2_only	medtr.A17.gnm5.ann1_6.MtrunA17Chr3g0109241	MtrunA17Chr3g0109241			medtr.A17.gnm5.MtrunA17Chr3	+	32218192	32220391	-1.61321569514231	0.390789945217916	NS	-3.36953442672427	0.00444978956909833	DOWN
DOWN	dnf2_only	medtr.A17.gnm5.ann1_6.MtrunA17Chr7g0268711	MtrunA17Chr7g0268711	Glutaredoxin-13	Glutaredoxin family protein	medtr.A17.gnm5.MtrunA17Chr7	-	51017898	51019320	-1.43824181256016	0.52166341675403	NS	-3.35176612292367	0.00314711007142198	DOWN
DOWN	dnf2_only	medtr.A17.gnm5.ann1_6.MtrunA17Chr3g0089971	MtrunA17Chr3g0089971	MtNCR263	Nodule-specific Cysteine-Rich peptide	medtr.A17.gnm5.MtrunA17Chr3	+	11195727	11196309	-1.15195897432788	0.932623754610561	NS	-3.35144750956597	0.000909215910235078	DOWN
DOWN	dnf2_only	medtr.A17.gnm5.ann1_6.MtrunA17Chr2g0322071	MtrunA17Chr2g0322071			medtr.A17.gnm5.MtrunA17Chr2	+	42872484	42873937	-2.42954899351376	0.0590772818880406	NS	-3.34316751888694	0.0047768972204164	DOWN
DOWN	dnf2_only	medtr.A17.gnm5.ann1_6.MtrunA17Chr8g0345261	MtrunA17Chr8g0345261			medtr.A17.gnm5.MtrunA17Chr8	+	8333903	8335733	-0.320016807879443	1	NS	-3.33033864842632	0.000233596539525106	DOWN
DOWN	dnf2_only	medtr.A17.gnm5.ann1_6.MtrunA17Chr2g0324511	MtrunA17Chr2g0324511			medtr.A17.gnm5.MtrunA17Chr2	+	44677310	44680287	0.754141804031844	1	NS	-3.32476281589999	0.045606324721971	DOWN
DOWN	dnf2_only	medtr.A17.gnm5.ann1_6.MtrunA17Chr1g0178561	MtrunA17Chr1g0178561			medtr.A17.gnm5.MtrunA17Chr1	-	30037835	30038324	-1.83708383909737	0.127040982982291	NS	-3.32055577894654	0.000575589004819561	DOWN
DOWN	dnf2_only	medtr.A17.gnm5.ann1_6.MtrunA17Chr1g0213371	MtrunA17Chr1g0213371			medtr.A17.gnm5.MtrunA17Chr1	-	56261298	56263151	-2.82952558848669	0.0521423078443202	NS	-3.29722315721351	0.0157221262872351	DOWN
DOWN	dnf2_only	medtr.A17.gnm5.ann1_6.MtrunA17Chr6g0481401	MtrunA17Chr6g0481401	MtNCR359	Nodule-specific Cysteine-Rich peptide	medtr.A17.gnm5.MtrunA17Chr6	+	36253174	36253867	-2.35151296043501	0.085455324780808	NS	-3.29303715872724	0.00740589233461439	DOWN
DOWN	dnf2_only	medtr.A17.gnm5.ann1_6.MtrunA17Chr2g0302321	MtrunA17Chr2g0302321			medtr.A17.gnm5.MtrunA17Chr2	-	19895571	19896473	-0.714267517811827	1	NS	-3.28958161168159	0.0057970146948263	DOWN
DOWN	dnf2_only	medtr.A17.gnm5.ann1_6.MtrunA17Chr5g0393871	MtrunA17Chr5g0393871			medtr.A17.gnm5.MtrunA17Chr5	-	387623	388243	-2.1942317648874	0.275883649100969	NS	-3.28786767249659	0.0467668933335645	DOWN
DOWN	dnf2_only	medtr.A17.gnm5.ann1_6.MtrunA17Chr1g0207691	MtrunA17Chr1g0207691			medtr.A17.gnm5.MtrunA17Chr1	-	52148453	52149948	-2.25550998140805	0.0629054905704718	NS	-3.28606194465418	0.00319683256593628	DOWN
DOWN	dnf2_only	medtr.A17.gnm5.ann1_6.MtrunA17Chr7g0273461	MtrunA17Chr7g0273461			medtr.A17.gnm5.MtrunA17Chr7	-	54099294	54100062	-2.05719239211225	0.306698541141711	NS	-3.28473287291623	0.0341135175400559	DOWN
DOWN	dnf2_only	medtr.A17.gnm5.ann1_6.MtrunA17Chr5g0425291	MtrunA17Chr5g0425291			medtr.A17.gnm5.MtrunA17Chr5	+	27309515	27310749	-2.08176496151756	0.138926843252741	NS	-3.27848139005497	0.00775080194350234	DOWN
DOWN	dnf2_only	medtr.A17.gnm5.ann1_6.MtrunA17Chr8g0387241	MtrunA17Chr8g0387241			medtr.A17.gnm5.MtrunA17Chr8	-	45352344	45354672	-2.07133464634124	0.060432728558751	NS	-3.27804212390494	0.00082584357778399	DOWN
DOWN	dnf2_only	medtr.A17.gnm5.ann1_6.MtrunA17Chr6g0467241	MtrunA17Chr6g0467241			medtr.A17.gnm5.MtrunA17Chr6	-	16107254	16107577	-3.1739449735708	0.0749252205176452	NS	-3.24867289930557	0.0447646061866925	DOWN
DOWN	dnf2_only	medtr.A17.gnm5.ann1_6.MtrunA17Chr7g0231341	MtrunA17Chr7g0231341			medtr.A17.gnm5.MtrunA17Chr7	-	20939119	20939864	-2.52076612571601	0.0715265286927523	NS	-3.23120079711849	0.0124406500015594	DOWN
DOWN	dnf2_only	medtr.A17.gnm5.ann1_6.MtrunA17Chr1g0205911	MtrunA17Chr1g0205911			medtr.A17.gnm5.MtrunA17Chr1	-	51054286	51055639	-1.78083158626843	0.226129887446709	NS	-3.21903187897194	0.0020576211912002	DOWN
DOWN	dnf2_only	medtr.A17.gnm5.ann1_6.MtrunA17Chr5g0428121	MtrunA17Chr5g0428121			medtr.A17.gnm5.MtrunA17Chr5	+	29784317	29786390	-2.61003604688526	0.140045088459195	NS	-3.21775055326775	0.0428417137789909	DOWN
DOWN	dnf2_only	medtr.A17.gnm5.ann1_6.MtrunA17Chr4g0028061	MtrunA17Chr4g0028061			medtr.A17.gnm5.MtrunA17Chr4	+	29044729	29045397	-1.6202475162293	0.352662188984153	NS	-3.20959190483826	0.0048973526546329	DOWN
DOWN	dnf2_only	medtr.A17.gnm5.ann1_6.MtrunA17Chr4g0032001	MtrunA17Chr4g0032001			medtr.A17.gnm5.MtrunA17Chr4	-	32319738	32321088	-1.76794204860286	0.253555650995266	NS	-3.20372784442993	0.00454499624716436	DOWN
DOWN	dnf2_only	medtr.A17.gnm5.ann1_6.MtrunA17Chr6g0457531	MtrunA17Chr6g0457531			medtr.A17.gnm5.MtrunA17Chr6	-	7225202	7227800	0.434523716137912	1	NS	-3.19967019076729	0.00829281461844632	DOWN
DOWN	dnf2_only	medtr.A17.gnm5.ann1_6.MtrunA17Chr3g0085381	MtrunA17Chr3g0085381			medtr.A17.gnm5.MtrunA17Chr3	+	6729476	6729893	-3.25031276287311	0.0604425439505466	NS	-3.1857886860954	0.0425375323493512	DOWN
DOWN	dnf2_only	medtr.A17.gnm5.ann1_6.MtrunA17Chr7g0249961	MtrunA17Chr7g0249961			medtr.A17.gnm5.MtrunA17Chr7	-	37603832	37605208	-1.59622468613155	0.0835282588861718	NS	-3.18508951359558	1.15579501667879e-05	DOWN
DOWN	dnf2_only	medtr.A17.gnm5.ann1_6.MtrunA17Chr4g0066761	MtrunA17Chr4g0066761			medtr.A17.gnm5.MtrunA17Chr4	-	57404611	57407061	-1.77942546946957	0.237003327433513	NS	-3.18091711452778	0.00570451099418369	DOWN
DOWN	dnf2_only	medtr.A17.gnm5.ann1_6.MtrunA17Chr1g0213721	MtrunA17Chr1g0213721			medtr.A17.gnm5.MtrunA17Chr1	-	56516977	56517927	-1.4191298672614	0.3075264778244	NS	-3.15106600337826	0.000187774451442494	DOWN
DOWN	dnf2_only	medtr.A17.gnm5.ann1_6.MtrunA17Chr7g0239581	MtrunA17Chr7g0239581			medtr.A17.gnm5.MtrunA17Chr7	+	29576703	29577836	-1.50023533225948	0.355402087849038	NS	-3.15088361219195	0.00136436699596934	DOWN
DOWN	dnf2_only	medtr.A17.gnm5.ann1_6.MtrunA17Chr5g0409781	MtrunA17Chr5g0409781			medtr.A17.gnm5.MtrunA17Chr5	-	11477470	11480566	-1.46235407861601	0.130987801753327	NS	-3.1465366600988	8.06645422613137e-06	DOWN
DOWN	dnf2_only	medtr.A17.gnm5.ann1_6.MtrunA17Chr5g0395851	MtrunA17Chr5g0395851			medtr.A17.gnm5.MtrunA17Chr5	+	1660396	1663134	-0.0901826220770395	1	NS	-3.1386650189978	0.041338852968917	DOWN
DOWN	dnf2_only	medtr.A17.gnm5.ann1_6.MtrunA17Chr4g0058101	MtrunA17Chr4g0058101			medtr.A17.gnm5.MtrunA17Chr4	+	51175531	51177105	-2.1338407960579	0.0600448929951462	NS	-3.11938669268685	0.00147748851558736	DOWN
DOWN	dnf2_only	medtr.A17.gnm5.ann1_6.MtrunA17Chr7g0268941	MtrunA17Chr7g0268941			medtr.A17.gnm5.MtrunA17Chr7	-	51162060	51163814	-2.13754152407491	0.0687201720296827	NS	-3.11728195435902	0.00354824150080574	DOWN
DOWN	dnf2_only	medtr.A17.gnm5.ann1_6.MtrunA17Chr4g0034801	MtrunA17Chr4g0034801			medtr.A17.gnm5.MtrunA17Chr4	+	34360292	34361679	-0.754477863796306	1	NS	-3.10739679712186	0.0304484272467654	DOWN
DOWN	dnf2_only	medtr.A17.gnm5.ann1_6.MtrunA17Chr3g0108891	MtrunA17Chr3g0108891			medtr.A17.gnm5.MtrunA17Chr3	-	32009608	32010864	0.150232854199631	1	NS	-3.1052912500721	0.0295554666838495	DOWN
DOWN	dnf2_only	medtr.A17.gnm5.ann1_6.MtrunA17Chr7g0251331	MtrunA17Chr7g0251331	MtMATE30	multidrug and toxic compound extrusion family	medtr.A17.gnm5.MtrunA17Chr7	-	38518681	38523396	-1.67865002776472	0.0979644090820211	NS	-3.09577003432537	5.9495422770235e-05	DOWN
DOWN	dnf2_only	medtr.A17.gnm5.ann1_6.MtrunA17Chr8g0372181	MtrunA17Chr8g0372181			medtr.A17.gnm5.MtrunA17Chr8	+	34733814	34736599	-1.29341719888678	0.643022573537975	NS	-3.09423216178859	0.00038022773951581	DOWN
DOWN	dnf2_only	medtr.A17.gnm5.ann1_6.MtrunA17Chr2g0325371	MtrunA17Chr2g0325371	MtCLE34	CLAVATA3/EMBRYO-SURROUNDING REGION (CLE) family	medtr.A17.gnm5.MtrunA17Chr2	+	45348282	45349432	-2.5448037369836	0.0515014450470323	NS	-3.0923604902968	0.0103497588568012	DOWN
DOWN	dnf2_only	medtr.A17.gnm5.ann1_6.MtrunA17Chr3g0082541	MtrunA17Chr3g0082541			medtr.A17.gnm5.MtrunA17Chr3	+	4299770	4300924	-1.70327169767277	0.22986304368559	NS	-3.06732525551247	0.00198929754936091	DOWN
DOWN	dnf2_only	medtr.A17.gnm5.ann1_6.MtrunA17Chr3g0125921	MtrunA17Chr3g0125921			medtr.A17.gnm5.MtrunA17Chr3	+	44336994	44337743	-1.53683495910745	0.515911987558923	NS	-3.05983245938025	0.0159503880500724	DOWN
DOWN	dnf2_only	medtr.A17.gnm5.ann1_6.MtrunA17Chr7g0259781	MtrunA17Chr7g0259781			medtr.A17.gnm5.MtrunA17Chr7	-	44721419	44722904	-1.4791767926336	0.44513778535041	NS	-3.04045795477121	0.00321132107448296	DOWN
DOWN	dnf2_only	medtr.A17.gnm5.ann1_6.MtrunA17Chr4g0027921	MtrunA17Chr4g0027921			medtr.A17.gnm5.MtrunA17Chr4	-	28988872	28989781	-1.2469938860512	0.77724800190428	NS	-3.03945292323935	0.00346704740247157	DOWN
DOWN	dnf2_only	medtr.A17.gnm5.ann1_6.MtrunA17Chr1g0205631	MtrunA17Chr1g0205631			medtr.A17.gnm5.MtrunA17Chr1	-	50827561	50829321	-1.55868346346881	0.199824983835812	NS	-3.03609210217871	0.000250347000397712	DOWN
DOWN	dnf2_only	medtr.A17.gnm5.ann1_6.MtrunA17Chr3g0083211	MtrunA17Chr3g0083211			medtr.A17.gnm5.MtrunA17Chr3	-	4863408	4865364	-1.65296534102213	0.0640180566117424	NS	-3.02947172981949	1.9280513989591e-05	DOWN
DOWN	dnf2_only	medtr.A17.gnm5.ann1_6.MtrunA17Chr3g0141481	MtrunA17Chr3g0141481			medtr.A17.gnm5.MtrunA17Chr3	+	55703918	55706101	-1.57265119149609	0.408540454662168	NS	-3.02220111212476	0.00932167765711651	DOWN
DOWN	dnf2_only	medtr.A17.gnm5.ann1_6.MtrunA17Chr6g0487611	MtrunA17Chr6g0487611			medtr.A17.gnm5.MtrunA17Chr6	-	41944401	41944897	-2.39630740639526	0.123863816825126	NS	-3.01866469686367	0.0286271498067952	DOWN
DOWN	dnf2_only	medtr.A17.gnm5.ann1_6.MtrunA17Chr6g0477551	MtrunA17Chr6g0477551	MtNCR008	Nodule-specific Cysteine-Rich peptide	medtr.A17.gnm5.MtrunA17Chr6	-	32341610	32342711	-1.83857409580796	0.0570951696498873	NS	-3.01632757827034	0.000132874422976601	DOWN
DOWN	dnf2_only	medtr.A17.gnm5.ann1_6.MtrunA17Chr7g0250751	MtrunA17Chr7g0250751			medtr.A17.gnm5.MtrunA17Chr7	+	38212380	38213694	-1.18538655477497	0.959722305470078	NS	-3.01345150418537	0.0128621075217303	DOWN
DOWN	dnf2_only	medtr.A17.gnm5.ann1_6.MtrunA17Chr7g0233461	MtrunA17Chr7g0233461			medtr.A17.gnm5.MtrunA17Chr7	-	23948411	23949544	-2.30245994724247	0.116272253611626	NS	-3.01035321605401	0.0204622507287596	DOWN
DOWN	dnf2_only	medtr.A17.gnm5.ann1_6.MtrunA17Chr3g0114201	MtrunA17Chr3g0114201			medtr.A17.gnm5.MtrunA17Chr3	-	35759537	35762095	-1.13235121821598	0.941786313009673	NS	-3.00837278788969	0.00145295550851695	DOWN
DOWN	dnf2_only	medtr.A17.gnm5.ann1_6.MtrunA17Chr3g0081471	MtrunA17Chr3g0081471			medtr.A17.gnm5.MtrunA17Chr3	+	3437729	3439238	-1.72103172699159	0.301166435057771	NS	-2.99436506962269	0.00820273702787203	DOWN
DOWN	dnf2_only	medtr.A17.gnm5.ann1_6.MtrunA17Chr8g0357551	MtrunA17Chr8g0357551	MtNCR-new81	Nodule-specific Cysteine-Rich peptide	medtr.A17.gnm5.MtrunA17Chr8	-	19516694	19517983	-1.87040006920186	0.0913939580458209	NS	-2.99420598612173	0.000590390002301627	DOWN
DOWN	dnf2_only	medtr.A17.gnm5.ann1_6.MtrunA17Chr4g0059811	MtrunA17Chr4g0059811			medtr.A17.gnm5.MtrunA17Chr4	+	52383490	52385448	-1.77900046423208	0.0846554625299054	NS	-2.97553969262829	0.000271447011863981	DOWN
DOWN	dnf2_only	medtr.A17.gnm5.ann1_6.MtrunA17Chr8g0383381	MtrunA17Chr8g0383381			medtr.A17.gnm5.MtrunA17Chr8	-	42682720	42686318	0.791590263591572	1	NS	-2.97517384858142	0.0330834120493423	DOWN
DOWN	dnf2_only	medtr.A17.gnm5.ann1_6.MtrunA17Chr3g0142131	MtrunA17Chr3g0142131			medtr.A17.gnm5.MtrunA17Chr3	-	56147608	56152984	-2.09297101430077	0.0815038679704038	NS	-2.96991085175417	0.00330085662923851	DOWN
DOWN	dnf2_only	medtr.A17.gnm5.ann1_6.MtrunA17Chr4g0023601	MtrunA17Chr4g0023601			medtr.A17.gnm5.MtrunA17Chr4	+	24238143	24241081	-0.995848757544424	1	NS	-2.95279583127459	0.0014120784353498	DOWN
DOWN	dnf2_only	medtr.A17.gnm5.ann1_6.MtrunA17Chr4g0027661	MtrunA17Chr4g0027661			medtr.A17.gnm5.MtrunA17Chr4	+	28704074	28705022	-1.33273436785998	0.523545281593696	NS	-2.94849393537785	0.000699813038158442	DOWN
DOWN	dnf2_only	medtr.A17.gnm5.ann1_6.MtrunA17Chr3g0108751	MtrunA17Chr3g0108751	MtNCR506	Nodule-specific Cysteine-Rich peptide	medtr.A17.gnm5.MtrunA17Chr3	+	31912608	31914269	-1.25747595834365	0.625803844124534	NS	-2.93954078775101	0.000141688967363657	DOWN
DOWN	dnf2_only	medtr.A17.gnm5.ann1_6.MtrunA17Chr7g0233841	MtrunA17Chr7g0233841			medtr.A17.gnm5.MtrunA17Chr7	-	24286768	24288086	-1.8419985349904	0.318072711138114	NS	-2.93834182200014	0.0186324675677091	DOWN
DOWN	dnf2_only	medtr.A17.gnm5.ann1_6.MtrunA17Chr4g0061761	MtrunA17Chr4g0061761			medtr.A17.gnm5.MtrunA17Chr4	-	53791605	53793106	-2.41382832971954	0.0674922151675713	NS	-2.92813984146536	0.0137501378808195	DOWN
DOWN	dnf2_only	medtr.A17.gnm5.ann1_6.MtrunA17Chr8g0339541	MtrunA17Chr8g0339541			medtr.A17.gnm5.MtrunA17Chr8	+	3662934	3663751	-1.5335341506875	0.228679337821601	NS	-2.92800575620362	0.000424608776837524	DOWN
DOWN	dnf2_only	medtr.A17.gnm5.ann1_6.MtrunA17Chr6g0479921	MtrunA17Chr6g0479921			medtr.A17.gnm5.MtrunA17Chr6	-	34646050	34649471	-1.78424993705987	0.374615714445051	NS	-2.91234455798528	0.030757727579365	DOWN
DOWN	dnf2_only	medtr.A17.gnm5.ann1_6.MtrunA17Chr4g0059371	MtrunA17Chr4g0059371			medtr.A17.gnm5.MtrunA17Chr4	-	52058557	52060921	-2.48461161333192	0.0526169248031585	NS	-2.91068215959436	0.0131425756317575	DOWN
DOWN	dnf2_only	medtr.A17.gnm5.ann1_6.MtrunA17Chr7g0273451	MtrunA17Chr7g0273451			medtr.A17.gnm5.MtrunA17Chr7	+	54099013	54100064	-2.09506712815155	0.181240148024802	NS	-2.91038966811928	0.0235079172869126	DOWN
DOWN	dnf2_only	medtr.A17.gnm5.ann1_6.MtrunA17Chr4g0004951	MtrunA17Chr4g0004951			medtr.A17.gnm5.MtrunA17Chr4	+	3876045	3878194	-1.17525184430954	0.818190164192107	NS	-2.90923381429962	0.000241935763211313	DOWN
DOWN	dnf2_only	medtr.A17.gnm5.ann1_6.MtrunA17Chr4g0070141	MtrunA17Chr4g0070141			medtr.A17.gnm5.MtrunA17Chr4	+	59886578	59887805	-1.1587293569947	0.757817299007795	NS	-2.90262230825953	2.71502518142581e-05	DOWN
DOWN	dnf2_only	medtr.A17.gnm5.ann1_6.MtrunA17Chr5g0425301	MtrunA17Chr5g0425301			medtr.A17.gnm5.MtrunA17Chr5	+	27310751	27311789	-2.11641795804284	0.0801867942373681	NS	-2.90253393825704	0.00666397116999325	DOWN
DOWN	dnf2_only	medtr.A17.gnm5.ann1_6.MtrunA17Chr1g0207861	MtrunA17Chr1g0207861			medtr.A17.gnm5.MtrunA17Chr1	+	52302231	52304383	-1.45083918438378	0.400122434537527	NS	-2.89144559781869	0.00127507425358317	DOWN
DOWN	dnf2_only	medtr.A17.gnm5.ann1_6.MtrunA17Chr6g0475841	MtrunA17Chr6g0475841			medtr.A17.gnm5.MtrunA17Chr6	+	30465158	30466693	-1.63978887029555	0.539182885992557	NS	-2.88970244835244	0.0468092534683686	DOWN
DOWN	dnf2_only	medtr.A17.gnm5.ann1_6.MtrunA17Chr5g0409811	MtrunA17Chr5g0409811			medtr.A17.gnm5.MtrunA17Chr5	+	11494488	11495156	-1.68948634796888	0.469298985607438	NS	-2.88418363589727	0.0408698339497885	DOWN
DOWN	dnf2_only	medtr.A17.gnm5.ann1_6.MtrunA17Chr2g0283721	MtrunA17Chr2g0283721			medtr.A17.gnm5.MtrunA17Chr2	+	4788557	4788871	-2.13900612291858	0.103357332243335	NS	-2.87322768851795	0.00930467451588973	DOWN
DOWN	dnf2_only	medtr.A17.gnm5.ann1_6.MtrunA17Chr4g0000251	MtrunA17Chr4g0000251			medtr.A17.gnm5.MtrunA17Chr4	-	215125	215900	-1.21844681000295	0.909350611486581	NS	-2.87196904595786	0.0217372239203025	DOWN
DOWN	dnf2_only	medtr.A17.gnm5.ann1_6.MtrunA17Chr1g0159231	MtrunA17Chr1g0159231	MtNCR523	Nodule-specific Cysteine-Rich peptide	medtr.A17.gnm5.MtrunA17Chr1	-	9950297	9951415	-1.65062001998706	0.11051437827978	NS	-2.86614972823896	0.000137753240472241	DOWN
DOWN	dnf2_only	medtr.A17.gnm5.ann1_6.MtrunA17Chr6g0461071	MtrunA17Chr6g0461071			medtr.A17.gnm5.MtrunA17Chr6	-	10272443	10273109	-1.66574771206404	0.196933340331965	NS	-2.86421866382171	0.00146619351125565	DOWN
DOWN	dnf2_only	medtr.A17.gnm5.ann1_6.MtrunA17Chr7g0240781	MtrunA17Chr7g0240781			medtr.A17.gnm5.MtrunA17Chr7	+	30508710	30511213	-0.158146220700939	1	NS	-2.86256403995901	4.46035994306783e-05	DOWN
DOWN	dnf2_only	medtr.A17.gnm5.ann1_6.MtrunA17Chr2g0301501	MtrunA17Chr2g0301501			medtr.A17.gnm5.MtrunA17Chr2	+	19237569	19240385	-1.41150364714525	0.339916450836117	NS	-2.86232256365255	0.000173011934619828	DOWN
DOWN	dnf2_only	medtr.A17.gnm5.ann1_6.MtrunA17Chr8g0384111	MtrunA17Chr8g0384111			medtr.A17.gnm5.MtrunA17Chr8	+	43163123	43165017	-1.68695281603835	0.248493779588782	NS	-2.85632653236546	0.00345171357401444	DOWN
DOWN	dnf2_only	medtr.A17.gnm5.ann1_6.MtrunA17Chr1g0188091	MtrunA17Chr1g0188091			medtr.A17.gnm5.MtrunA17Chr1	-	37949873	37951781	-1.69291032879973	0.165335153061882	NS	-2.85505912811031	0.000832569854775814	DOWN
DOWN	dnf2_only	medtr.A17.gnm5.ann1_6.MtrunA17Chr8g0335231	MtrunA17Chr8g0335231			medtr.A17.gnm5.MtrunA17Chr8	-	796048	797840	-1.25091492866713	0.871054948674441	NS	-2.85342810032669	0.0245231664712336	DOWN
DOWN	dnf2_only	medtr.A17.gnm5.ann1_6.MtrunA17Chr4g0060691	MtrunA17Chr4g0060691			medtr.A17.gnm5.MtrunA17Chr4	+	52997935	53000096	-2.17754490749268	0.200504680699724	NS	-2.85161005109341	0.0448788442211352	DOWN
DOWN	dnf2_only	medtr.A17.gnm5.ann1_6.MtrunA17Chr7g0247541	MtrunA17Chr7g0247541	MtBBPI12	Bowman-Birk peptidase Inhibitor	medtr.A17.gnm5.MtrunA17Chr7	-	35899804	35900444	-1.59402321192191	0.555929928801158	NS	-2.85093720073594	0.0311230687786694	DOWN
DOWN	dnf2_only	medtr.A17.gnm5.ann1_6.MtrunA17Chr7g0214811	MtrunA17Chr7g0214811			medtr.A17.gnm5.MtrunA17Chr7	+	1062144	1062769	-0.573622694734832	1	NS	-2.84520612871925	0.000447942148903898	DOWN
DOWN	dnf2_only	medtr.A17.gnm5.ann1_6.MtrunA17Chr2g0276881	MtrunA17Chr2g0276881			medtr.A17.gnm5.MtrunA17Chr2	+	159571	164816	-1.83641929970228	0.145852989718963	NS	-2.84113026888463	0.00272455902735421	DOWN
DOWN	dnf2_only	medtr.A17.gnm5.ann1_6.MtrunA17Chr1g0200291	MtrunA17Chr1g0200291			medtr.A17.gnm5.MtrunA17Chr1	+	46852126	46853649	-0.879644776289412	1	NS	-2.84059691047136	0.000233596539525106	DOWN
DOWN	dnf2_only	medtr.A17.gnm5.ann1_6.MtrunA17Chr1g0206581	MtrunA17Chr1g0206581			medtr.A17.gnm5.MtrunA17Chr1	+	51478395	51480410	-2.07487716556759	0.103256978502373	NS	-2.83291523646878	0.00956468776840709	DOWN
DOWN	dnf2_only	medtr.A17.gnm5.ann1_6.MtrunA17Chr4g0066071	MtrunA17Chr4g0066071			medtr.A17.gnm5.MtrunA17Chr4	+	57009434	57013214	-0.942913789193086	1	NS	-2.83254409560428	0.0225449484976911	DOWN
DOWN	dnf2_only	medtr.A17.gnm5.ann1_6.MtrunA17Chr3g0088081	MtrunA17Chr3g0088081			medtr.A17.gnm5.MtrunA17Chr3	+	9545835	9546575	-2.20477569133268	0.148585587885229	NS	-2.83092923472416	0.0215617010161323	DOWN
DOWN	dnf2_only	medtr.A17.gnm5.ann1_6.MtrunA17Chr5g0424471	MtrunA17Chr5g0424471			medtr.A17.gnm5.MtrunA17Chr5	+	26525540	26526432	-0.870466584667401	1	NS	-2.83058245965436	0.025714913182717	DOWN
DOWN	dnf2_only	medtr.A17.gnm5.ann1_6.MtrunA17Chr1g0156451	MtrunA17Chr1g0156451			medtr.A17.gnm5.MtrunA17Chr1	-	7975762	7977268	-0.624395000988316	1	NS	-2.80899251852103	0.00514516657014521	DOWN
DOWN	dnf2_only	medtr.A17.gnm5.ann1_6.MtrunA17Chr2g0307031	MtrunA17Chr2g0307031			medtr.A17.gnm5.MtrunA17Chr2	+	29286280	29288650	-1.98665073780248	0.159522630493764	NS	-2.80455929381092	0.0157496280074229	DOWN
DOWN	dnf2_only	medtr.A17.gnm5.ann1_6.MtrunA17Chr7g0216341	MtrunA17Chr7g0216341			medtr.A17.gnm5.MtrunA17Chr7	+	2027224	2027802	-2.55969741227333	0.0760755212052942	NS	-2.79990768009248	0.0312774490254556	DOWN
DOWN	dnf2_only	medtr.A17.gnm5.ann1_6.MtrunA17Chr3g0112361	MtrunA17Chr3g0112361			medtr.A17.gnm5.MtrunA17Chr3	+	34380229	34381059	-0.405233410202677	1	NS	-2.79826809754024	0.0438558624026856	DOWN
DOWN	dnf2_only	medtr.A17.gnm5.ann1_6.MtrunA17Chr3g0081461	MtrunA17Chr3g0081461			medtr.A17.gnm5.MtrunA17Chr3	-	3433030	3438279	-2.02841879550122	0.0603189248717308	NS	-2.79824784493353	0.00205673142544075	DOWN
DOWN	dnf2_only	medtr.A17.gnm5.ann1_6.MtrunA17Chr7g0240761	MtrunA17Chr7g0240761			medtr.A17.gnm5.MtrunA17Chr7	+	30451055	30452147	-0.48981094791148	1	NS	-2.79703278318514	0.0400679444342253	DOWN
DOWN	dnf2_only	medtr.A17.gnm5.ann1_6.MtrunA17Chr6g0465921	MtrunA17Chr6g0465921			medtr.A17.gnm5.MtrunA17Chr6	+	15078370	15081313	-0.71016722503283	1	NS	-2.79250931221938	0.00263071091213735	DOWN
DOWN	dnf2_only	medtr.A17.gnm5.ann1_6.MtrunA17Chr4g0029571	MtrunA17Chr4g0029571	MtNCR261	Nodule-specific Cysteine-Rich peptide	medtr.A17.gnm5.MtrunA17Chr4	-	30334884	30341354	-1.37300314383369	0.29164262417318	NS	-2.79176649445581	3.84632610055858e-05	DOWN
DOWN	dnf2_only	medtr.A17.gnm5.ann1_6.MtrunA17Chr6g0469161	MtrunA17Chr6g0469161	MtNCR079	Nodule-specific Cysteine-Rich peptide	medtr.A17.gnm5.MtrunA17Chr6	-	18847149	18848587	-1.78164771269039	0.0519569722971965	NS	-2.79129381147504	0.000139328075106387	DOWN
DOWN	dnf2_only	medtr.A17.gnm5.ann1_6.MtrunA17Chr1g0200361	MtrunA17Chr1g0200361			medtr.A17.gnm5.MtrunA17Chr1	-	46892326	46892956	-0.960905660371966	1	NS	-2.77963156388943	0.00585089851363938	DOWN
DOWN	dnf2_only	medtr.A17.gnm5.ann1_6.MtrunA17Chr1g0172441	MtrunA17Chr1g0172441	MtNCR-new4	Nodule-specific Cysteine-Rich peptide	medtr.A17.gnm5.MtrunA17Chr1	+	21375225	21377440	-1.62358935021011	0.0873279359476275	NS	-2.77938432137302	8.74674507937274e-05	DOWN
DOWN	dnf2_only	medtr.A17.gnm5.ann1_6.MtrunA17Chr7g0224921	MtrunA17Chr7g0224921			medtr.A17.gnm5.MtrunA17Chr7	+	10217834	10219313	-2.2431318285268	0.0542406111273697	NS	-2.77878999081018	0.00726636661045483	DOWN
DOWN	dnf2_only	medtr.A17.gnm5.ann1_6.MtrunA17Chr1g0184571	MtrunA17Chr1g0184571			medtr.A17.gnm5.MtrunA17Chr1	-	35096970	35098356	-1.16235259118943	0.843072723948579	NS	-2.77655110764529	0.00105518090472796	DOWN
DOWN	dnf2_only	medtr.A17.gnm5.ann1_6.MtrunA17Chr7g0222511	MtrunA17Chr7g0222511			medtr.A17.gnm5.MtrunA17Chr7	-	7751489	7752612	-1.65591619087829	0.150882244764212	NS	-2.77599609864784	0.000570590235645608	DOWN
DOWN	dnf2_only	medtr.A17.gnm5.ann1_6.MtrunA17Chr3g0106871	MtrunA17Chr3g0106871			medtr.A17.gnm5.MtrunA17Chr3	+	30495245	30496897	-1.35974548308751	0.627502987453278	NS	-2.77206773418012	0.00362742248621929	DOWN
DOWN	dnf2_only	medtr.A17.gnm5.ann1_6.MtrunA17Chr4g0029611	MtrunA17Chr4g0029611	MtNCR-new39	Nodule-specific Cysteine-Rich peptide	medtr.A17.gnm5.MtrunA17Chr4	+	30376403	30379092	-1.57524194065789	0.227160088486881	NS	-2.76921833519214	0.000586208367219158	DOWN
DOWN	dnf2_only	medtr.A17.gnm5.ann1_6.MtrunA17Chr2g0327061	MtrunA17Chr2g0327061			medtr.A17.gnm5.MtrunA17Chr2	-	46741962	46743808	-0.809668425976754	1	NS	-2.767579425899	0.0175746742105469	DOWN
DOWN	dnf2_only	medtr.A17.gnm5.ann1_6.MtrunA17Chr6g0452231	MtrunA17Chr6g0452231	MtCLE02	CLAVATA3/EMBRYO-SURROUNDING REGION (CLE) family	medtr.A17.gnm5.MtrunA17Chr6	-	2682261	2684581	-1.52621304556008	0.528953049180721	NS	-2.76520974553102	0.0272899387132528	DOWN
DOWN	dnf2_only	medtr.A17.gnm5.ann1_6.MtrunA17Chr8g0357471	MtrunA17Chr8g0357471	MtNCR739	Nodule-specific Cysteine-Rich peptide	medtr.A17.gnm5.MtrunA17Chr8	-	19433541	19435383	-1.60159506081679	0.374944511039585	NS	-2.76239685880291	0.00596270478906299	DOWN
DOWN	dnf2_only	medtr.A17.gnm5.ann1_6.MtrunA17Chr4g0007961	MtrunA17Chr4g0007961			medtr.A17.gnm5.MtrunA17Chr4	-	6212860	6214548	-1.43814331715884	0.628433610154358	NS	-2.75621796845049	0.0280048874168714	DOWN
DOWN	dnf2_only	medtr.A17.gnm5.ann1_6.MtrunA17Chr5g0446281	MtrunA17Chr5g0446281			medtr.A17.gnm5.MtrunA17Chr5	-	42923276	42923888	-2.67658919680632	0.0626405140920099	NS	-2.75604646205851	0.0346870734020251	DOWN
DOWN	dnf2_only	medtr.A17.gnm5.ann1_6.MtrunA17Chr5g0417431	MtrunA17Chr5g0417431			medtr.A17.gnm5.MtrunA17Chr5	-	18012287	18013138	-1.15830803555563	1	NS	-2.7512341341849	0.0333880723154746	DOWN
DOWN	dnf2_only	medtr.A17.gnm5.ann1_6.MtrunA17Chr5g0441591	MtrunA17Chr5g0441591			medtr.A17.gnm5.MtrunA17Chr5	+	39962689	39964780	-0.64782130928597	1	NS	-2.74970629580708	0.00164282596921621	DOWN
DOWN	dnf2_only	medtr.A17.gnm5.ann1_6.MtrunA17Chr4g0034181	MtrunA17Chr4g0034181			medtr.A17.gnm5.MtrunA17Chr4	-	33888748	33894292	-0.291963385583131	1	NS	-2.74542205195717	0.000633594060924699	DOWN
DOWN	dnf2_only	medtr.A17.gnm5.ann1_6.MtrunA17Chr5g0428731	MtrunA17Chr5g0428731	MtNCR266	Nodule-specific Cysteine-Rich peptide	medtr.A17.gnm5.MtrunA17Chr5	-	30363804	30365869	-1.21429038152497	0.648519611041349	NS	-2.74079743457787	9.9691841269701e-05	DOWN
DOWN	dnf2_only	medtr.A17.gnm5.ann1_6.MtrunA17Chr7g0231411	MtrunA17Chr7g0231411			medtr.A17.gnm5.MtrunA17Chr7	+	20952055	20953358	-1.49818119505505	0.100155578174361	NS	-2.73755852919456	2.5084322243783e-05	DOWN
DOWN	dnf2_only	medtr.A17.gnm5.ann1_6.MtrunA17Chr6g0487341	MtrunA17Chr6g0487341			medtr.A17.gnm5.MtrunA17Chr6	+	41626664	41627378	-0.29375803904849	1	NS	-2.73472121714063	0.0412609464949906	DOWN
DOWN	dnf2_only	medtr.A17.gnm5.ann1_6.MtrunA17Chr2g0290281	MtrunA17Chr2g0290281			medtr.A17.gnm5.MtrunA17Chr2	+	9581933	9584554	-2.35439035407722	0.0504249539132798	NS	-2.73205048328425	0.0111885933447706	DOWN
DOWN	dnf2_only	medtr.A17.gnm5.ann1_6.MtrunA17Chr5g0424961	MtrunA17Chr5g0424961			medtr.A17.gnm5.MtrunA17Chr5	+	27013222	27013956	-1.7991126484808	0.121098597260151	NS	-2.72622132960717	0.00216746847883161	DOWN
DOWN	dnf2_only	medtr.A17.gnm5.ann1_6.MtrunA17Chr3g0081491	MtrunA17Chr3g0081491			medtr.A17.gnm5.MtrunA17Chr3	+	3439240	3440793	-2.138770362591	0.0537173502308828	NS	-2.7236887244537	0.00363678980752431	DOWN
DOWN	dnf2_only	medtr.A17.gnm5.ann1_6.MtrunA17Chr1g0178611	MtrunA17Chr1g0178611			medtr.A17.gnm5.MtrunA17Chr1	+	30070489	30071049	-1.77535100084304	0.328506390553888	NS	-2.71939594142997	0.0312774490254556	DOWN
DOWN	dnf2_only	medtr.A17.gnm5.ann1_6.MtrunA17Chr5g0426861	MtrunA17Chr5g0426861			medtr.A17.gnm5.MtrunA17Chr5	-	28654305	28655239	-1.05020293115699	1	NS	-2.71720358424324	0.00635084239160872	DOWN
DOWN	dnf2_only	medtr.A17.gnm5.ann1_6.MtrunA17Chr4g0070381	MtrunA17Chr4g0070381			medtr.A17.gnm5.MtrunA17Chr4	+	60040879	60043637	-0.934736412547518	1	NS	-2.71108070520417	0.0394200029544231	DOWN
DOWN	dnf2_only	medtr.A17.gnm5.ann1_6.MtrunA17Chr7g0216231	MtrunA17Chr7g0216231	MtNCR044	Nodule-specific Cysteine-Rich peptide	medtr.A17.gnm5.MtrunA17Chr7	-	2004498	2005719	-0.927443575954051	1	NS	-2.70563335239455	0.000134801593854649	DOWN
DOWN	dnf2_only	medtr.A17.gnm5.ann1_6.MtrunA17Chr7g0252851	MtrunA17Chr7g0252851			medtr.A17.gnm5.MtrunA17Chr7	+	39657135	39658857	-1.5299936505156	0.466408226710311	NS	-2.70155356554634	0.0184149837642688	DOWN
DOWN	dnf2_only	medtr.A17.gnm5.ann1_6.MtrunA17Chr6g0464941	MtrunA17Chr6g0464941	MtNCR-new48	Nodule-specific Cysteine-Rich peptide	medtr.A17.gnm5.MtrunA17Chr6	+	14135177	14139200	-2.04259238826615	0.12713064136322	NS	-2.69353575418713	0.0115981624930758	DOWN
DOWN	dnf2_only	medtr.A17.gnm5.ann1_6.MtrunA17Chr2g0319901	MtrunA17Chr2g0319901	MtPhyCys33	Phytocystatin	medtr.A17.gnm5.MtrunA17Chr2	+	41265964	41270243	0.0127530677893438	1	NS	-2.69140036590815	0.00264172089772722	DOWN
DOWN	dnf2_only	medtr.A17.gnm5.ann1_6.MtrunA17Chr8g0377991	MtrunA17Chr8g0377991			medtr.A17.gnm5.MtrunA17Chr8	+	39179271	39187325	-0.990817744669891	1	NS	-2.68808612753796	0.000543383563613344	DOWN
DOWN	dnf2_only	medtr.A17.gnm5.ann1_6.MtrunA17Chr1g0153821	MtrunA17Chr1g0153821			medtr.A17.gnm5.MtrunA17Chr1	+	6173238	6176149	-1.24762951864236	0.875994122615901	NS	-2.6822818916301	0.0342122005196278	DOWN
DOWN	dnf2_only	medtr.A17.gnm5.ann1_6.MtrunA17Chr7g0239531	MtrunA17Chr7g0239531	MtNCR-new78	Nodule-specific Cysteine-Rich peptide	medtr.A17.gnm5.MtrunA17Chr7	+	29563047	29565817	-0.977510872963149	1	NS	-2.68127508833798	0.000417364289560189	DOWN
DOWN	dnf2_only	medtr.A17.gnm5.ann1_6.MtrunA17Chr2g0293331	MtrunA17Chr2g0293331			medtr.A17.gnm5.MtrunA17Chr2	-	12112842	12116599	-0.682128343945382	1	NS	-2.6811252813029	3.01442896259702e-05	DOWN
DOWN	dnf2_only	medtr.A17.gnm5.ann1_6.MtrunA17Chr8g0347841	MtrunA17Chr8g0347841			medtr.A17.gnm5.MtrunA17Chr8	-	10597715	10599188	-1.26944358834144	0.891765275816787	NS	-2.67340330477163	0.0359296660075662	DOWN
DOWN	dnf2_only	medtr.A17.gnm5.ann1_6.MtrunA17Chr6g0458831	MtrunA17Chr6g0458831			medtr.A17.gnm5.MtrunA17Chr6	-	8107703	8109867	-0.268796836617168	1	NS	-2.67275083814452	0.0007654616324541	DOWN
DOWN	dnf2_only	medtr.A17.gnm5.ann1_6.MtrunA17Chr6g0458821	MtrunA17Chr6g0458821			medtr.A17.gnm5.MtrunA17Chr6	-	8106052	8107701	-0.371523116180761	1	NS	-2.67196297906052	0.00244449790217032	DOWN
DOWN	dnf2_only	medtr.A17.gnm5.ann1_6.MtrunA17Chr2g0306021	MtrunA17Chr2g0306021			medtr.A17.gnm5.MtrunA17Chr2	-	26711506	26717728	-0.235887259435213	1	NS	-2.66945876671959	0.00354284086710174	DOWN
DOWN	dnf2_only	medtr.A17.gnm5.ann1_6.MtrunA17Chr3g0084701	MtrunA17Chr3g0084701	MtDefNS1|MtPDF1	symbiotic defensin 1|Plant Defensin 1	medtr.A17.gnm5.MtrunA17Chr3	-	6148314	6149456	-1.58597643127129	0.0563618757302072	NS	-2.66731610747202	2.57379959569799e-05	DOWN
DOWN	dnf2_only	medtr.A17.gnm5.ann1_6.MtrunA17Chr1g0170421	MtrunA17Chr1g0170421	MtRAM2	REQUIRED FOR ARBUSCULAR MYCORHIZATION 2 (Glycerol-3-phosphate acyl-transferase)	medtr.A17.gnm5.MtrunA17Chr1	+	19177608	19180874	-1.89215956926193	0.242156652739408	NS	-2.65403667251349	0.0331525355032361	DOWN
DOWN	dnf2_only	medtr.A17.gnm5.ann1_6.MtrunA17Chr3g0129171	MtrunA17Chr3g0129171			medtr.A17.gnm5.MtrunA17Chr3	+	46741027	46741974	-2.83794750008557	0.054264041441014	NS	-2.65358370857781	0.0469351075272103	DOWN
DOWN	dnf2_only	medtr.A17.gnm5.ann1_6.MtrunA17Chr3g0109191	MtrunA17Chr3g0109191	MtNCR-new23	Nodule-specific Cysteine-Rich peptide	medtr.A17.gnm5.MtrunA17Chr3	-	32191623	32194098	-1.25590697874681	0.528745519847215	NS	-2.64080348151813	0.000102161048557333	DOWN
DOWN	dnf2_only	medtr.A17.gnm5.ann1_6.MtrunA17Chr8g0341111	MtrunA17Chr8g0341111			medtr.A17.gnm5.MtrunA17Chr8	-	4794436	4802084	-0.993885847088609	1	NS	-2.63959370768792	0.00590662650535751	DOWN
DOWN	dnf2_only	medtr.A17.gnm5.ann1_6.MtrunA17Chr5g0401241	MtrunA17Chr5g0401241			medtr.A17.gnm5.MtrunA17Chr5	-	5462445	5463078	-2.1384835745715	0.0636410892278555	NS	-2.63643361655086	0.00926310119049039	DOWN
DOWN	dnf2_only	medtr.A17.gnm5.ann1_6.MtrunA17Chr3g0126341	MtrunA17Chr3g0126341			medtr.A17.gnm5.MtrunA17Chr3	-	44688651	44692633	-2.55432902283524	0.0562508540786222	NS	-2.63295957957124	0.0297673587832642	DOWN
DOWN	dnf2_only	medtr.A17.gnm5.ann1_6.MtrunA17Chr2g0283391	MtrunA17Chr2g0283391			medtr.A17.gnm5.MtrunA17Chr2	-	4604805	4606781	-0.905295007507565	1	NS	-2.6320293697541	0.000207300480874863	DOWN
DOWN	dnf2_only	medtr.A17.gnm5.ann1_6.MtrunA17Chr5g0397641	MtrunA17Chr5g0397641			medtr.A17.gnm5.MtrunA17Chr5	+	2811535	2813523	-1.0559275488047	1	NS	-2.62921111041642	0.00974039408106103	DOWN
DOWN	dnf2_only	medtr.A17.gnm5.ann1_6.MtrunA17Chr4g0031381	MtrunA17Chr4g0031381	MtNCR029	Nodule-specific Cysteine-Rich peptide	medtr.A17.gnm5.MtrunA17Chr4	+	31799412	31801715	-1.31207528929856	0.553797516349028	NS	-2.62402302114148	0.000814934122039027	DOWN
DOWN	dnf2_only	medtr.A17.gnm5.ann1_6.MtrunA17Chr2g0299911	MtrunA17Chr2g0299911			medtr.A17.gnm5.MtrunA17Chr2	+	17743501	17746026	-0.397526513388993	1	NS	-2.62381920194294	0.045606324721971	DOWN
DOWN	dnf2_only	medtr.A17.gnm5.ann1_6.MtrunA17Chr4g0023511	MtrunA17Chr4g0023511			medtr.A17.gnm5.MtrunA17Chr4	-	24181449	24186984	-1.18596582050226	0.892101747490687	NS	-2.6191009946127	0.00624726472096118	DOWN
DOWN	dnf2_only	medtr.A17.gnm5.ann1_6.MtrunA17Chr6g0487631	MtrunA17Chr6g0487631			medtr.A17.gnm5.MtrunA17Chr6	-	41949326	41950069	-1.27521900282929	0.656800235758986	NS	-2.61690682756639	0.00341302056724036	DOWN
DOWN	dnf2_only	medtr.A17.gnm5.ann1_6.MtrunA17Chr2g0332731	MtrunA17Chr2g0332731	MtNPD4	Nodule-specific PLAT-domain  4	medtr.A17.gnm5.MtrunA17Chr2	+	50748768	50750376	-0.943551802820049	1	NS	-2.6126862617663	3.1617829511998e-05	DOWN
DOWN	dnf2_only	medtr.A17.gnm5.ann1_6.MtrunA17Chr1g0185451	MtrunA17Chr1g0185451	MtNCR346a	Nodule-specific Cysteine-Rich peptide	medtr.A17.gnm5.MtrunA17Chr1	+	35875607	35879020	-1.84752840624667	0.0789324143687496	NS	-2.60921645361823	0.0016113022229644	DOWN
DOWN	dnf2_only	medtr.A17.gnm5.ann1_6.MtrunA17Chr2g0325711	MtrunA17Chr2g0325711			medtr.A17.gnm5.MtrunA17Chr2	-	45536704	45540708	-0.0578812306187534	1	NS	-2.60770312829957	0.000306583579216444	DOWN
DOWN	dnf2_only	medtr.A17.gnm5.ann1_6.MtrunA17Chr5g0435751	MtrunA17Chr5g0435751			medtr.A17.gnm5.MtrunA17Chr5	-	35752543	35760237	-1.31110877334286	0.374536587741735	NS	-2.60460781360428	9.82319975959096e-05	DOWN
DOWN	dnf2_only	medtr.A17.gnm5.ann1_6.MtrunA17Chr4g0059941	MtrunA17Chr4g0059941			medtr.A17.gnm5.MtrunA17Chr4	-	52490037	52490455	-2.21958057979071	0.0521423078443202	NS	-2.60101194080531	0.00974039408106103	DOWN
DOWN	dnf2_only	medtr.A17.gnm5.ann1_6.MtrunA17Chr2g0302841	MtrunA17Chr2g0302841	MtNCR-new5	Nodule-specific Cysteine-Rich peptide	medtr.A17.gnm5.MtrunA17Chr2	+	20506300	20506947	-1.47073778343858	0.297610354644486	NS	-2.59814484553537	0.00121385655058871	DOWN
DOWN	dnf2_only	medtr.A17.gnm5.ann1_6.MtrunA17Chr5g0397771	MtrunA17Chr5g0397771			medtr.A17.gnm5.MtrunA17Chr5	-	2878009	2878755	-1.87751565982681	0.264619304693497	NS	-2.59598679194378	0.0298939651731655	DOWN
DOWN	dnf2_only	medtr.A17.gnm5.ann1_6.MtrunA17Chr1g0157221	MtrunA17Chr1g0157221			medtr.A17.gnm5.MtrunA17Chr1	-	8514503	8515793	-1.43838664201469	0.300760919377723	NS	-2.59465727221412	0.000382181144206504	DOWN
DOWN	dnf2_only	medtr.A17.gnm5.ann1_6.MtrunA17Chr5g0436491	MtrunA17Chr5g0436491			medtr.A17.gnm5.MtrunA17Chr5	-	36277698	36278225	-1.3807728078012	0.58156635544497	NS	-2.59340794291611	0.00982244468160255	DOWN
DOWN	dnf2_only	medtr.A17.gnm5.ann1_6.MtrunA17Chr5g0399061	MtrunA17Chr5g0399061	MtNPF6.6	NRT1/ PTR FAMILY|nitrate transporter / peptide transporter	medtr.A17.gnm5.MtrunA17Chr5	-	3661721	3664657	-0.654185827502215	1	NS	-2.5932733124744	0.00165005932547926	DOWN
DOWN	dnf2_only	medtr.A17.gnm5.ann1_6.MtrunA17Chr4g0020371	MtrunA17Chr4g0020371			medtr.A17.gnm5.MtrunA17Chr4	-	16370357	16372153	-1.53878507732084	0.223218428636504	NS	-2.5871838152802	0.00119771824302475	DOWN
DOWN	dnf2_only	medtr.A17.gnm5.ann1_6.MtrunA17Chr4g0009931	MtrunA17Chr4g0009931			medtr.A17.gnm5.MtrunA17Chr4	+	7779302	7780085	-1.54968592819315	0.47141566217182	NS	-2.58687681824154	0.0326621898724203	DOWN
DOWN	dnf2_only	medtr.A17.gnm5.ann1_6.MtrunA17Chr4g0059131	MtrunA17Chr4g0059131			medtr.A17.gnm5.MtrunA17Chr4	-	51913996	51918556	-1.58525824944807	0.325644452354101	NS	-2.58402781910521	0.0115682169081945	DOWN
DOWN	dnf2_only	medtr.A17.gnm5.ann1_6.MtrunA17Chr2g0322281	MtrunA17Chr2g0322281			medtr.A17.gnm5.MtrunA17Chr2	-	43064337	43065681	-1.22604305721257	0.719956575198231	NS	-2.57860589670204	0.000969115389842085	DOWN
DOWN	dnf2_only	medtr.A17.gnm5.ann1_6.MtrunA17Chr4g0027701	MtrunA17Chr4g0027701			medtr.A17.gnm5.MtrunA17Chr4	-	28773608	28780128	-1.02008219039017	1	NS	-2.57736660960279	0.0132854862413685	DOWN
DOWN	dnf2_only	medtr.A17.gnm5.ann1_6.MtrunA17Chr2g0283381	MtrunA17Chr2g0283381			medtr.A17.gnm5.MtrunA17Chr2	-	4601179	4603241	-1.54616138066674	0.145677333349672	NS	-2.56929981785958	0.000216711056417447	DOWN
DOWN	dnf2_only	medtr.A17.gnm5.ann1_6.MtrunA17Chr5g0429931	MtrunA17Chr5g0429931	MtVRN1.20	VERNALIZATION1 (PcG-1 Polycomb group protein)	medtr.A17.gnm5.MtrunA17Chr5	-	31154058	31154879	-2.63189057793262	0.0659095899887565	NS	-2.56389483669673	0.0486127440336758	DOWN
DOWN	dnf2_only	medtr.A17.gnm5.ann1_6.MtrunA17Chr7g0247871	MtrunA17Chr7g0247871			medtr.A17.gnm5.MtrunA17Chr7	+	36120799	36125461	-0.648398890181232	1	NS	-2.56356936399218	0.00132623229392203	DOWN
DOWN	dnf2_only	medtr.A17.gnm5.ann1_6.MtrunA17Chr1g0157951	MtrunA17Chr1g0157951			medtr.A17.gnm5.MtrunA17Chr1	-	9038110	9044775	-1.98568088467576	0.111579919056622	NS	-2.56036540187403	0.0124957036187148	DOWN
DOWN	dnf2_only	medtr.A17.gnm5.ann1_6.MtrunA17Chr6g0487661	MtrunA17Chr6g0487661			medtr.A17.gnm5.MtrunA17Chr6	-	41956257	41956495	-2.40102391408439	0.0617564933250107	NS	-2.55922543377705	0.0264758503361397	DOWN
DOWN	dnf2_only	medtr.A17.gnm5.ann1_6.MtrunA17Chr6g0465901	MtrunA17Chr6g0465901			medtr.A17.gnm5.MtrunA17Chr6	+	15065201	15066665	-0.327032816377289	1	NS	-2.55795412346436	0.0301182487285842	DOWN
DOWN	dnf2_only	medtr.A17.gnm5.ann1_6.MtrunA17Chr4g0035921	MtrunA17Chr4g0035921	MtCYP84A64	Cytochrome P450 monooxygenase	medtr.A17.gnm5.MtrunA17Chr4	+	35214595	35218540	-1.69809407363723	0.0989423875991474	NS	-2.55699406799909	0.000900724304985887	DOWN
DOWN	dnf2_only	medtr.A17.gnm5.ann1_6.MtrunA17Chr4g0007981	MtrunA17Chr4g0007981			medtr.A17.gnm5.MtrunA17Chr4	-	6224698	6225462	-0.630758116685723	1	NS	-2.55480491631685	0.0308575226644442	DOWN
DOWN	dnf2_only	medtr.A17.gnm5.ann1_6.MtrunA17Chr5g0447341	MtrunA17Chr5g0447341	MtGPA	glucose-1-phosphate adenylyltransferase family protein	medtr.A17.gnm5.MtrunA17Chr5	+	43655357	43659514	-1.8718108292321	0.126770912606654	NS	-2.5534261796991	0.00580541501898995	DOWN
DOWN	dnf2_only	medtr.A17.gnm5.ann1_6.MtrunA17Chr3g0079261	MtrunA17Chr3g0079261	MtNCR582	Nodule-specific Cysteine-Rich peptide	medtr.A17.gnm5.MtrunA17Chr3	+	1593426	1595119	-1.73550213042827	0.124628940876001	NS	-2.54755788000753	0.001798495740926	DOWN
DOWN	dnf2_only	medtr.A17.gnm5.ann1_6.MtrunA17Chr5g0404201	MtrunA17Chr5g0404201			medtr.A17.gnm5.MtrunA17Chr5	+	7782650	7784062	-0.0140031129202007	1	NS	-2.54737459469675	0.00216601633700728	DOWN
DOWN	dnf2_only	medtr.A17.gnm5.ann1_6.MtrunA17Chr6g0464721	MtrunA17Chr6g0464721			medtr.A17.gnm5.MtrunA17Chr6	+	13982719	13986009	0.112245096956744	1	NS	-2.54074814530499	0.000486821166408779	DOWN
DOWN	dnf2_only	medtr.A17.gnm5.ann1_6.MtrunA17Chr4g0032121	MtrunA17Chr4g0032121			medtr.A17.gnm5.MtrunA17Chr4	+	32362636	32364181	-1.80434414200287	0.054760494942129	NS	-2.54045560329177	0.000946233101364364	DOWN
DOWN	dnf2_only	medtr.A17.gnm5.ann1_6.MtrunA17Chr5g0398651	MtrunA17Chr5g0398651			medtr.A17.gnm5.MtrunA17Chr5	-	3440268	3441684	-1.48859801383533	0.239444569792267	NS	-2.53750534007743	0.000662790346600701	DOWN
DOWN	dnf2_only	medtr.A17.gnm5.ann1_6.MtrunA17Chr5g0425871	MtrunA17Chr5g0425871	MtNCR138	Nodule-specific Cysteine-Rich peptide	medtr.A17.gnm5.MtrunA17Chr5	+	27884395	27885806	-1.26929638820097	0.684063437589563	NS	-2.53711907535185	0.00324733036726599	DOWN
DOWN	dnf2_only	medtr.A17.gnm5.ann1_6.MtrunA17Chr1g0196951	MtrunA17Chr1g0196951			medtr.A17.gnm5.MtrunA17Chr1	+	44328467	44330377	-1.44724859051397	0.210774717509836	NS	-2.53189980517779	0.000153491958844674	DOWN
DOWN	dnf2_only	medtr.A17.gnm5.ann1_6.MtrunA17Chr1g0170381	MtrunA17Chr1g0170381			medtr.A17.gnm5.MtrunA17Chr1	+	19114520	19125259	-1.1347217298669	0.510990734976811	NS	-2.52953809760745	3.6466558270792e-07	DOWN
DOWN	dnf2_only	medtr.A17.gnm5.ann1_6.MtrunA17Chr2g0278561	MtrunA17Chr2g0278561			medtr.A17.gnm5.MtrunA17Chr2	-	1244616	1248367	-1.90881520856265	0.107186608761504	NS	-2.52867402908308	0.00619135669583052	DOWN
DOWN	dnf2_only	medtr.A17.gnm5.ann1_6.MtrunA17Chr5g0428791	MtrunA17Chr5g0428791			medtr.A17.gnm5.MtrunA17Chr5	+	30400433	30401786	0.207505250543476	1	NS	-2.52378308909642	0.0248050682719355	DOWN
DOWN	dnf2_only	medtr.A17.gnm5.ann1_6.MtrunA17Chr6g0464911	MtrunA17Chr6g0464911	MtNCR222	Nodule-specific Cysteine-Rich peptide	medtr.A17.gnm5.MtrunA17Chr6	+	14122364	14126858	-2.00070333794733	0.0813556231847608	NS	-2.52214733461045	0.00655686563017816	DOWN
DOWN	dnf2_only	medtr.A17.gnm5.ann1_6.MtrunA17Chr7g0258531	MtrunA17Chr7g0258531			medtr.A17.gnm5.MtrunA17Chr7	-	43788688	43791693	-0.186985965269223	1	NS	-2.52099884707181	0.0032418803459996	DOWN
DOWN	dnf2_only	medtr.A17.gnm5.ann1_6.MtrunA17Chr8g0371221	MtrunA17Chr8g0371221			medtr.A17.gnm5.MtrunA17Chr8	+	34096157	34098712	-1.86261499408882	0.0586549831956712	NS	-2.51976631118479	0.00163611051457027	DOWN
DOWN	dnf2_only	medtr.A17.gnm5.ann1_6.MtrunA17Chr5g0430871	MtrunA17Chr5g0430871	MtNCR365	Nodule-specific Cysteine-Rich peptide	medtr.A17.gnm5.MtrunA17Chr5	-	31949484	31950280	-1.7090781369378	0.0515014450470323	NS	-2.51608632306569	0.000233596539525106	DOWN
DOWN	dnf2_only	medtr.A17.gnm5.ann1_6.MtrunA17Chr5g0436741	MtrunA17Chr5g0436741			medtr.A17.gnm5.MtrunA17Chr5	-	36455189	36459222	-1.47382242829969	0.185348121499063	NS	-2.51245850544293	0.000267167806681205	DOWN
DOWN	dnf2_only	medtr.A17.gnm5.ann1_6.MtrunA17Chr1g0200301	MtrunA17Chr1g0200301			medtr.A17.gnm5.MtrunA17Chr1	+	46859195	46862278	-1.06971482252479	1	NS	-2.509507646276	0.000184940430201097	DOWN
DOWN	dnf2_only	medtr.A17.gnm5.ann1_6.MtrunA17Chr1g0167541	MtrunA17Chr1g0167541			medtr.A17.gnm5.MtrunA17Chr1	-	16456503	16462942	-0.910265445691607	1	NS	-2.50930966705024	7.97215262812498e-05	DOWN
DOWN	dnf2_only	medtr.A17.gnm5.ann1_6.MtrunA17Chr6g0475741	MtrunA17Chr6g0475741	MtNCR002	Nodule-specific Cysteine-Rich peptide	medtr.A17.gnm5.MtrunA17Chr6	+	30312840	30313694	-2.20878297988407	0.0849854352108465	NS	-2.50720576107033	0.0207251863788813	DOWN
DOWN	dnf2_only	medtr.A17.gnm5.ann1_6.MtrunA17Chr7g0270491	MtrunA17Chr7g0270491	MtLb1|MtLb12	leghemoglobin11	medtr.A17.gnm5.MtrunA17Chr7	-	52176092	52178861	-1.51462217173861	0.25164635796509	NS	-2.50638501357036	0.00146833165945339	DOWN
DOWN	dnf2_only	medtr.A17.gnm5.ann1_6.MtrunA17Chr7g0261791	MtrunA17Chr7g0261791	MtNPF5.4	NRT1/ PTR FAMILY|nitrate transporter / peptide transporter	medtr.A17.gnm5.MtrunA17Chr7	-	46116393	46121186	-1.4549490618754	0.230397441684427	NS	-2.50497409923156	0.000294167137993869	DOWN
DOWN	dnf2_only	medtr.A17.gnm5.ann1_6.MtrunA17Chr8g0339501	MtrunA17Chr8g0339501	MtDefNS4|MtPDF7	symbiotic defensin 4|Plant Defensin 7	medtr.A17.gnm5.MtrunA17Chr8	-	3651177	3656184	-1.55853090082573	0.0989423875991474	NS	-2.50474098687591	0.000131899151708613	DOWN
DOWN	dnf2_only	medtr.A17.gnm5.ann1_6.MtrunA17Chr8g0339601	MtrunA17Chr8g0339601			medtr.A17.gnm5.MtrunA17Chr8	-	3684112	3685566	-1.99795689706843	0.0995465121503259	NS	-2.50110942269085	0.0143264847519651	DOWN
DOWN	dnf2_only	medtr.A17.gnm5.ann1_6.MtrunA17Chr1g0181461	MtrunA17Chr1g0181461			medtr.A17.gnm5.MtrunA17Chr1	-	32544297	32547303	-0.226543212876288	1	NS	-2.49902969714684	0.000166005895740537	DOWN
DOWN	dnf2_only	medtr.A17.gnm5.ann1_6.MtrunA17Chr7g0240611	MtrunA17Chr7g0240611			medtr.A17.gnm5.MtrunA17Chr7	+	30385195	30386221	-1.38381516240027	0.192996532488934	NS	-2.49547095424121	6.42983422165387e-05	DOWN
DOWN	dnf2_only	medtr.A17.gnm5.ann1_6.MtrunA17Chr3g0116891	MtrunA17Chr3g0116891			medtr.A17.gnm5.MtrunA17Chr3	-	37995496	37998670	-1.78338912029752	0.231328657136261	NS	-2.49317812129785	0.0240016097437915	DOWN
DOWN	dnf2_only	medtr.A17.gnm5.ann1_6.MtrunA17Chr4g0027901	MtrunA17Chr4g0027901			medtr.A17.gnm5.MtrunA17Chr4	-	28984057	28984405	-1.99052104924065	0.140471582388442	NS	-2.48852024193141	0.0256735435884731	DOWN
DOWN	dnf2_only	medtr.A17.gnm5.ann1_6.MtrunA17Chr7g0226771	MtrunA17Chr7g0226771			medtr.A17.gnm5.MtrunA17Chr7	-	11916491	11921754	-0.41834850453648	1	NS	-2.48527861115518	0.0100689403609621	DOWN
DOWN	dnf2_only	medtr.A17.gnm5.ann1_6.MtrunA17Chr2g0321051	MtrunA17Chr2g0321051			medtr.A17.gnm5.MtrunA17Chr2	-	42149608	42150919	-1.27495566619779	0.72883036515076	NS	-2.48202942919078	0.0184381250745048	DOWN
DOWN	dnf2_only	medtr.A17.gnm5.ann1_6.MtrunA17Chr3g0112931	MtrunA17Chr3g0112931			medtr.A17.gnm5.MtrunA17Chr3	+	34783139	34785158	-1.32939390962882	0.466219889141414	NS	-2.47736162000777	0.000779038718033511	DOWN
DOWN	dnf2_only	medtr.A17.gnm5.ann1_6.MtrunA17Chr8g0381081	MtrunA17Chr8g0381081			medtr.A17.gnm5.MtrunA17Chr8	-	41236459	41239751	-0.717396986649092	1	NS	-2.47629276688948	0.000212605853449703	DOWN
DOWN	dnf2_only	medtr.A17.gnm5.ann1_6.MtrunA17Chr7g0244411	MtrunA17Chr7g0244411			medtr.A17.gnm5.MtrunA17Chr7	-	33615130	33621134	-1.28770416881351	0.821816821876726	NS	-2.47148276449162	0.0338485227239681	DOWN
DOWN	dnf2_only	medtr.A17.gnm5.ann1_6.MtrunA17Chr3g0088861	MtrunA17Chr3g0088861	MtNCR103	Nodule-specific Cysteine-Rich peptide	medtr.A17.gnm5.MtrunA17Chr3	-	10046561	10048403	-1.25512326316246	0.536099983888855	NS	-2.47093245782129	0.00023361726989369	DOWN
DOWN	dnf2_only	medtr.A17.gnm5.ann1_6.MtrunA17Chr2g0303801	MtrunA17Chr2g0303801			medtr.A17.gnm5.MtrunA17Chr2	-	21587789	21588324	-2.17476282927409	0.0621654150487815	NS	-2.46838673878896	0.017161942585773	DOWN
DOWN	dnf2_only	medtr.A17.gnm5.ann1_6.MtrunA17Chr3g0110091	MtrunA17Chr3g0110091			medtr.A17.gnm5.MtrunA17Chr3	-	32841278	32844019	-1.7812184070217	0.189306558951361	NS	-2.46809706315829	0.0123565508394769	DOWN
DOWN	dnf2_only	medtr.A17.gnm5.ann1_6.MtrunA17Chr2g0289591	MtrunA17Chr2g0289591			medtr.A17.gnm5.MtrunA17Chr2	-	9076821	9078325	-1.63499263672836	0.176052788860317	NS	-2.46596957252102	0.00308583825928781	DOWN
DOWN	dnf2_only	medtr.A17.gnm5.ann1_6.MtrunA17Chr1g0157241	MtrunA17Chr1g0157241			medtr.A17.gnm5.MtrunA17Chr1	-	8519634	8520517	-1.43629593709707	0.10264310447326	NS	-2.46364196076844	2.01136652498241e-05	DOWN
DOWN	dnf2_only	medtr.A17.gnm5.ann1_6.MtrunA17Chr1g0157231	MtrunA17Chr1g0157231			medtr.A17.gnm5.MtrunA17Chr1	-	8515795	8519632	-1.45021670075112	0.0858710759708427	NS	-2.45696301056287	1.64742907371782e-05	DOWN
DOWN	dnf2_only	medtr.A17.gnm5.ann1_6.MtrunA17Chr7g0253931	MtrunA17Chr7g0253931			medtr.A17.gnm5.MtrunA17Chr7	-	40298374	40299592	-1.73091163109633	0.165335153061882	NS	-2.45683046379073	0.00889362307748802	DOWN
DOWN	dnf2_only	medtr.A17.gnm5.ann1_6.MtrunA17Chr1g0176691	MtrunA17Chr1g0176691			medtr.A17.gnm5.MtrunA17Chr1	+	28225747	28227335	0.0844413820763549	1	NS	-2.45140481730206	0.0160750256863223	DOWN
DOWN	dnf2_only	medtr.A17.gnm5.ann1_6.MtrunA17Chr4g0007681	MtrunA17Chr4g0007681	MtNCR032	Nodule-specific Cysteine-Rich peptide	medtr.A17.gnm5.MtrunA17Chr4	+	5998424	5999276	-1.37142734142534	0.601477451982677	NS	-2.44793653717387	0.00974832536148095	DOWN
DOWN	dnf2_only	medtr.A17.gnm5.ann1_6.MtrunA17Chr7g0240701	MtrunA17Chr7g0240701			medtr.A17.gnm5.MtrunA17Chr7	-	30417500	30420186	-0.869198972114026	1	NS	-2.44739990804344	5.56201101472736e-05	DOWN
DOWN	dnf2_only	medtr.A17.gnm5.ann1_6.MtrunA17Chr1g0204951	MtrunA17Chr1g0204951	MtHAG4	Histone acetyltransferase of the GNAT family	medtr.A17.gnm5.MtrunA17Chr1	-	50310024	50311093	-1.26643745091409	0.702254049946636	NS	-2.44543586331389	0.0101924068426128	DOWN
DOWN	dnf2_only	medtr.A17.gnm5.ann1_6.MtrunA17Chr7g0237541	MtrunA17Chr7g0237541	MtNCR300	Nodule-specific Cysteine-Rich peptide	medtr.A17.gnm5.MtrunA17Chr7	+	27669537	27674154	-0.936385872806763	1	NS	-2.44301228352442	0.000112783755770896	DOWN
DOWN	dnf2_only	medtr.A17.gnm5.ann1_6.MtrunA17Chr6g0473891	MtrunA17Chr6g0473891	MtNCR011	Nodule-specific Cysteine-Rich peptide	medtr.A17.gnm5.MtrunA17Chr6	-	27333308	27340936	-2.29088893423635	0.110279172676788	NS	-2.44280859870028	0.047455979477012	DOWN
DOWN	dnf2_only	medtr.A17.gnm5.ann1_6.MtrunA17Chr2g0303781	MtrunA17Chr2g0303781			medtr.A17.gnm5.MtrunA17Chr2	-	21584420	21587150	-1.64652514292707	0.121321168154703	NS	-2.44190743215015	0.00105518090472796	DOWN
DOWN	dnf2_only	medtr.A17.gnm5.ann1_6.MtrunA17Chr8g0353071	MtrunA17Chr8g0353071	MtNRPE1	RNA PolV	medtr.A17.gnm5.MtrunA17Chr8	+	14824865	14844181	-1.73607617616014	0.0566909651074366	NS	-2.43953110120802	0.000509938707776899	DOWN
DOWN	dnf2_only	medtr.A17.gnm5.ann1_6.MtrunA17Chr4g0031351	MtrunA17Chr4g0031351	MtNCR107	Nodule-specific Cysteine-Rich peptide	medtr.A17.gnm5.MtrunA17Chr4	-	31767576	31769225	-1.81725002980319	0.0802545616061805	NS	-2.43707532757036	0.00248060634302771	DOWN
DOWN	dnf2_only	medtr.A17.gnm5.ann1_6.MtrunA17Chr3g0100401	MtrunA17Chr3g0100401			medtr.A17.gnm5.MtrunA17Chr3	+	25025680	25026063	-1.63339172466054	0.0510283724401454	NS	-2.43385085601467	0.000198460722859125	DOWN
DOWN	dnf2_only	medtr.A17.gnm5.ann1_6.MtrunA17Chr2g0306111	MtrunA17Chr2g0306111			medtr.A17.gnm5.MtrunA17Chr2	-	27249972	27253490	0.779656945124884	1	NS	-2.43126320002655	0.0094020199377026	DOWN
DOWN	dnf2_only	medtr.A17.gnm5.ann1_6.MtrunA17Chr3g0114191	MtrunA17Chr3g0114191			medtr.A17.gnm5.MtrunA17Chr3	+	35758940	35762267	-0.522018135636692	1	NS	-2.42454929038851	0.0137990927915714	DOWN
DOWN	dnf2_only	medtr.A17.gnm5.ann1_6.MtrunA17Chr3g0125861	MtrunA17Chr3g0125861	MtSWEET1b|MtSWEET1.2	sucrose transporter	medtr.A17.gnm5.MtrunA17Chr3	-	44283794	44286616	-1.72687092766736	0.126728656261902	NS	-2.42100884201	0.00321132107448296	DOWN
DOWN	dnf2_only	medtr.A17.gnm5.ann1_6.MtrunA17Chr3g0120011	MtrunA17Chr3g0120011			medtr.A17.gnm5.MtrunA17Chr3	+	40171709	40173925	-0.452728080694552	1	NS	-2.41949041110031	0.0205124334883863	DOWN
DOWN	dnf2_only	medtr.A17.gnm5.ann1_6.MtrunA17Chr3g0119071	MtrunA17Chr3g0119071	MtRTL1b	RIBONUCLEASE THREE-LIKE 1b	medtr.A17.gnm5.MtrunA17Chr3	-	39538992	39551583	-1.34578900854238	0.0809802337224804	NS	-2.41604760920361	1.85703583466865e-06	DOWN
DOWN	dnf2_only	medtr.A17.gnm5.ann1_6.MtrunA17Chr8g0337061	MtrunA17Chr8g0337061	MtPDF40	Plant Defensin	medtr.A17.gnm5.MtrunA17Chr8	-	2092905	2095406	-1.07694097344772	1	NS	-2.41184140759074	0.0487288434079225	DOWN
DOWN	dnf2_only	medtr.A17.gnm5.ann1_6.MtrunA17Chr2g0332671	MtrunA17Chr2g0332671	MtNPD2	Nodule-specific PLAT-domain  2	medtr.A17.gnm5.MtrunA17Chr2	+	50730278	50731880	-1.29742245461285	0.313609540228364	NS	-2.40810390656153	4.47966407561332e-05	DOWN
DOWN	dnf2_only	medtr.A17.gnm5.ann1_6.MtrunA17Chr7g0215971	MtrunA17Chr7g0215971	MtNCR692	Nodule-specific Cysteine-Rich peptide	medtr.A17.gnm5.MtrunA17Chr7	-	1893416	1895246	-0.755987900524891	1	NS	-2.40790833890891	0.000319382924608581	DOWN
DOWN	dnf2_only	medtr.A17.gnm5.ann1_6.MtrunA17Chr5g0420651	MtrunA17Chr5g0420651	MtNCR009	Nodule-specific Cysteine-Rich peptide	medtr.A17.gnm5.MtrunA17Chr5	+	21104934	21109512	-1.95499847696379	0.0922754566174748	NS	-2.40615842156913	0.0106842324876419	DOWN
DOWN	dnf2_only	medtr.A17.gnm5.ann1_6.MtrunA17Chr4g0006351	MtrunA17Chr4g0006351			medtr.A17.gnm5.MtrunA17Chr4	+	5019345	5020481	-2.1070332674074	0.0574338297870054	NS	-2.40567889442268	0.0124308069514925	DOWN
DOWN	dnf2_only	medtr.A17.gnm5.ann1_6.MtrunA17Chr5g0448241	MtrunA17Chr5g0448241			medtr.A17.gnm5.MtrunA17Chr5	-	44320166	44321169	0.143195428724815	1	NS	-2.40479968082319	0.0305813906007257	DOWN
DOWN	dnf2_only	medtr.A17.gnm5.ann1_6.MtrunA17Chr4g0022531	MtrunA17Chr4g0022531			medtr.A17.gnm5.MtrunA17Chr4	+	22277074	22280488	-1.25341128786738	0.628877692456311	NS	-2.40435167106675	0.00237767154733509	DOWN
DOWN	dnf2_only	medtr.A17.gnm5.ann1_6.MtrunA17Chr8g0365171	MtrunA17Chr8g0365171	MtNCR061	Nodule-specific Cysteine-Rich peptide	medtr.A17.gnm5.MtrunA17Chr8	+	29354354	29357090	-1.6226377806044	0.0976342732256759	NS	-2.4040393997071	0.000552031839685645	DOWN
DOWN	dnf2_only	medtr.A17.gnm5.ann1_6.MtrunA17Chr3g0141661	MtrunA17Chr3g0141661			medtr.A17.gnm5.MtrunA17Chr3	+	55799001	55800164	-1.57326153040831	0.469290136504793	NS	-2.40159868036643	0.0493999934280298	DOWN
DOWN	dnf2_only	medtr.A17.gnm5.ann1_6.MtrunA17Chr2g0299691	MtrunA17Chr2g0299691	MtPrx27	peroxidase	medtr.A17.gnm5.MtrunA17Chr2	-	17580850	17585159	-2.41102230551021	0.0526169248031585	NS	-2.39837891609378	0.032833426142212	DOWN
DOWN	dnf2_only	medtr.A17.gnm5.ann1_6.MtrunA17Chr4g0055191	MtrunA17Chr4g0055191			medtr.A17.gnm5.MtrunA17Chr4	-	48894791	48896452	-1.50259716995467	0.394436351165976	NS	-2.38837805865424	0.00905971185182313	DOWN
DOWN	dnf2_only	medtr.A17.gnm5.ann1_6.MtrunA17Chr3g0083781	MtrunA17Chr3g0083781			medtr.A17.gnm5.MtrunA17Chr3	+	5347317	5352726	-1.52596114756592	0.130561159245814	NS	-2.38417414087727	0.00029555287149678	DOWN
DOWN	dnf2_only	medtr.A17.gnm5.ann1_6.MtrunA17Chr3g0145041	MtrunA17Chr3g0145041			medtr.A17.gnm5.MtrunA17Chr3	+	58261474	58264990	-0.823882013519719	1	NS	-2.37849164339938	0.000425890336600653	DOWN
DOWN	dnf2_only	medtr.A17.gnm5.ann1_6.MtrunA17Chr3g0095761	MtrunA17Chr3g0095761			medtr.A17.gnm5.MtrunA17Chr3	+	19289999	19290481	-1.91929720916045	0.0677347874866395	NS	-2.3760155749139	0.00747812896080632	DOWN
DOWN	dnf2_only	medtr.A17.gnm5.ann1_6.MtrunA17Chr1g0204321	MtrunA17Chr1g0204321			medtr.A17.gnm5.MtrunA17Chr1	+	49858329	49861668	-1.82453098828229	0.247090394370115	NS	-2.3754200304819	0.0436275257557018	DOWN
DOWN	dnf2_only	medtr.A17.gnm5.ann1_6.MtrunA17Chr6g0479931	MtrunA17Chr6g0479931	MtNCR-new59	Nodule-specific Cysteine-Rich peptide	medtr.A17.gnm5.MtrunA17Chr6	-	34673225	34676056	-1.89404015999673	0.150607535257882	NS	-2.37482448064537	0.0225077991545813	DOWN
DOWN	dnf2_only	medtr.A17.gnm5.ann1_6.MtrunA17Chr8g0393121	MtrunA17Chr8g0393121			medtr.A17.gnm5.MtrunA17Chr8	+	49504182	49510410	-0.943874247649725	1	NS	-2.37251423975389	4.29281557392225e-05	DOWN
DOWN	dnf2_only	medtr.A17.gnm5.ann1_6.MtrunA17Chr4g0019271	MtrunA17Chr4g0019271			medtr.A17.gnm5.MtrunA17Chr4	-	14594049	14597191	-0.309670357444589	1	NS	-2.37242712606873	0.00412692668841721	DOWN
DOWN	dnf2_only	medtr.A17.gnm5.ann1_6.MtrunA17Chr6g0477891	MtrunA17Chr6g0477891			medtr.A17.gnm5.MtrunA17Chr6	+	32647280	32648964	-0.223351242268429	1	NS	-2.37228248100345	0.030818768552332	DOWN
DOWN	dnf2_only	medtr.A17.gnm5.ann1_6.MtrunA17Chr3g0104511	MtrunA17Chr3g0104511			medtr.A17.gnm5.MtrunA17Chr3	-	28598734	28602616	-1.77249764112883	0.160469623715372	NS	-2.36917910776545	0.00950579582808954	DOWN
DOWN	dnf2_only	medtr.A17.gnm5.ann1_6.MtrunA17Chr2g0294121	MtrunA17Chr2g0294121			medtr.A17.gnm5.MtrunA17Chr2	+	12872010	12873030	-1.55434822476375	0.393903045086184	NS	-2.36217498069925	0.0171107773225976	DOWN
DOWN	dnf2_only	medtr.A17.gnm5.ann1_6.MtrunA17Chr1g0211571	MtrunA17Chr1g0211571			medtr.A17.gnm5.MtrunA17Chr1	-	55089761	55091220	-0.96764626285978	1	NS	-2.35562197370839	0.0207328366002457	DOWN
DOWN	dnf2_only	medtr.A17.gnm5.ann1_6.MtrunA17Chr3g0136031	MtrunA17Chr3g0136031			medtr.A17.gnm5.MtrunA17Chr3	-	51755907	51756724	-1.29721991867047	0.762933783389649	NS	-2.35560773979498	0.0330177478910182	DOWN
DOWN	dnf2_only	medtr.A17.gnm5.ann1_6.MtrunA17Chr3g0099011	MtrunA17Chr3g0099011			medtr.A17.gnm5.MtrunA17Chr3	-	23826337	23827079	-2.08405621368754	0.0743731079906468	NS	-2.35503282546962	0.0189461633515547	DOWN
DOWN	dnf2_only	medtr.A17.gnm5.ann1_6.MtrunA17Chr5g0447351	MtrunA17Chr5g0447351			medtr.A17.gnm5.MtrunA17Chr5	-	43658843	43661079	-1.41960471054013	0.357870220764689	NS	-2.35237062581571	0.00237963024793362	DOWN
DOWN	dnf2_only	medtr.A17.gnm5.ann1_6.MtrunA17Chr8g0349631	MtrunA17Chr8g0349631	MtNCR-new80	Nodule-specific Cysteine-Rich peptide	medtr.A17.gnm5.MtrunA17Chr8	+	11935581	11936702	-1.70558256451452	0.0506515396918855	NS	-2.35234725460794	0.000484712820659022	DOWN
DOWN	dnf2_only	medtr.A17.gnm5.ann1_6.MtrunA17Chr8g0379881	MtrunA17Chr8g0379881			medtr.A17.gnm5.MtrunA17Chr8	+	40328868	40329752	-0.519598710944814	1	NS	-2.35084009585348	0.0123325755524248	DOWN
DOWN	dnf2_only	medtr.A17.gnm5.ann1_6.MtrunA17Chr4g0047721	MtrunA17Chr4g0047721			medtr.A17.gnm5.MtrunA17Chr4	-	43630885	43631713	-0.570552406215717	1	NS	-2.35021914133283	0.00222699638163338	DOWN
DOWN	dnf2_only	medtr.A17.gnm5.ann1_6.MtrunA17Chr1g0190891	MtrunA17Chr1g0190891			medtr.A17.gnm5.MtrunA17Chr1	-	40015457	40020048	-1.00262036870412	1	NS	-2.34980499345142	0.00212123831104371	DOWN
DOWN	dnf2_only	medtr.A17.gnm5.ann1_6.MtrunA17Chr7g0273231	MtrunA17Chr7g0273231			medtr.A17.gnm5.MtrunA17Chr7	+	54007034	54026184	-0.684299469986711	1	NS	-2.34442079864141	6.61795970771475e-05	DOWN
DOWN	dnf2_only	medtr.A17.gnm5.ann1_6.MtrunA17Chr4g0029781	MtrunA17Chr4g0029781	MtNCR145	Nodule-specific Cysteine-Rich peptide	medtr.A17.gnm5.MtrunA17Chr4	+	30513961	30515651	-0.724525460851587	1	NS	-2.33921973530081	0.00115074299321252	DOWN
DOWN	dnf2_only	medtr.A17.gnm5.ann1_6.MtrunA17Chr6g0457071	MtrunA17Chr6g0457071			medtr.A17.gnm5.MtrunA17Chr6	+	6864420	6865415	-1.48950779949103	0.505961911572461	NS	-2.33728506922798	0.0452596795993388	DOWN
DOWN	dnf2_only	medtr.A17.gnm5.ann1_6.MtrunA17Chr1g0197531	MtrunA17Chr1g0197531	MtLb8|MtLb4	leghemoglobin8	medtr.A17.gnm5.MtrunA17Chr1	-	44681931	44684423	-1.4430102754458	0.313343920777783	NS	-2.33348201698857	0.00185942851681555	DOWN
DOWN	dnf2_only	medtr.A17.gnm5.ann1_6.MtrunA17Chr2g0303071	MtrunA17Chr2g0303071	MtNCR102	Nodule-specific Cysteine-Rich peptide	medtr.A17.gnm5.MtrunA17Chr2	-	20680359	20681283	-1.08622669151049	1	NS	-2.33239999176715	0.0013080027977362	DOWN
DOWN	dnf2_only	medtr.A17.gnm5.ann1_6.MtrunA17Chr8g0378571	MtrunA17Chr8g0378571			medtr.A17.gnm5.MtrunA17Chr8	-	39576702	39578547	-1.33672958539976	0.395245729888686	NS	-2.33145684310491	0.000729273459922677	DOWN
DOWN	dnf2_only	medtr.A17.gnm5.ann1_6.MtrunA17Chr4g0032641	MtrunA17Chr4g0032641	MtNCR333	Nodule-specific Cysteine-Rich peptide	medtr.A17.gnm5.MtrunA17Chr4	-	32714227	32716794	-1.15513591198214	0.937684852836887	NS	-2.33019085990119	0.0111885933447706	DOWN
DOWN	dnf2_only	medtr.A17.gnm5.ann1_6.MtrunA17Chr2g0314621	MtrunA17Chr2g0314621	MtTPS4	trehalose phosphate synthase 4	medtr.A17.gnm5.MtrunA17Chr2	-	37024384	37041452	-1.29985467743194	0.510990734976811	NS	-2.32869351521056	0.00145252649350573	DOWN
DOWN	dnf2_only	medtr.A17.gnm5.ann1_6.MtrunA17Chr7g0226871	MtrunA17Chr7g0226871			medtr.A17.gnm5.MtrunA17Chr7	+	11978056	11980311	-0.187618858130868	1	NS	-2.3252906498325	0.0107352719737887	DOWN
DOWN	dnf2_only	medtr.A17.gnm5.ann1_6.MtrunA17Chr3g0144741	MtrunA17Chr3g0144741			medtr.A17.gnm5.MtrunA17Chr3	-	58047161	58050162	-1.40275757992535	0.496592505167234	NS	-2.32415644503313	0.00880910754592549	DOWN
DOWN	dnf2_only	medtr.A17.gnm5.ann1_6.MtrunA17Chr4g0029481	MtrunA17Chr4g0029481			medtr.A17.gnm5.MtrunA17Chr4	-	30275772	30277242	-1.39270345390941	0.243039158644824	NS	-2.32357014306649	0.000274719128573941	DOWN
DOWN	dnf2_only	medtr.A17.gnm5.ann1_6.MtrunA17Chr5g0399241	MtrunA17Chr5g0399241			medtr.A17.gnm5.MtrunA17Chr5	+	3837942	3840901	-1.51049658261188	0.0895192206124472	NS	-2.32104784407229	0.000181118530158306	DOWN
DOWN	dnf2_only	medtr.A17.gnm5.ann1_6.MtrunA17Chr1g0169241	MtrunA17Chr1g0169241	MtNCR530	Nodule-specific Cysteine-Rich peptide	medtr.A17.gnm5.MtrunA17Chr1	-	17979392	17980998	-1.68516943990249	0.141675372970768	NS	-2.31792535166702	0.00412576761914323	DOWN
DOWN	dnf2_only	medtr.A17.gnm5.ann1_6.MtrunA17Chr4g0007971	MtrunA17Chr4g0007971	MtNCR613	Nodule-specific Cysteine-Rich peptide	medtr.A17.gnm5.MtrunA17Chr4	+	6223973	6224298	-1.22767778035895	0.82146114911321	NS	-2.31492604076629	0.0262978548251734	DOWN
DOWN	dnf2_only	medtr.A17.gnm5.ann1_6.MtrunA17Chr1g0150501	MtrunA17Chr1g0150501			medtr.A17.gnm5.MtrunA17Chr1	-	3500192	3501266	-1.68810783829155	0.298534281343521	NS	-2.31173515523031	0.0366341806075963	DOWN
DOWN	dnf2_only	medtr.A17.gnm5.ann1_6.MtrunA17Chr1g0148591	MtrunA17Chr1g0148591	MtNCR518	Nodule-specific Cysteine-Rich peptide	medtr.A17.gnm5.MtrunA17Chr1	-	1986111	1988449	-1.23211503941636	0.678197097640293	NS	-2.31126795195351	0.00232936274473347	DOWN
DOWN	dnf2_only	medtr.A17.gnm5.ann1_6.MtrunA17Chr1g0197631	MtrunA17Chr1g0197631			medtr.A17.gnm5.MtrunA17Chr1	-	44763404	44770290	-1.03335042519429	1	NS	-2.31117888868275	0.00093750304942894	DOWN
DOWN	dnf2_only	medtr.A17.gnm5.ann1_6.MtrunA17Chr5g0423461	MtrunA17Chr5g0423461			medtr.A17.gnm5.MtrunA17Chr5	+	25254691	25255380	-1.94517705053888	0.134930782695208	NS	-2.31109811053467	0.0306947701144495	DOWN
DOWN	dnf2_only	medtr.A17.gnm5.ann1_6.MtrunA17Chr7g0222521	MtrunA17Chr7g0222521	MtNAD1	Nodules with Activated Defense 1	medtr.A17.gnm5.MtrunA17Chr7	+	7752816	7760381	-1.04626359431904	1	NS	-2.31086601875858	0.000173853814308269	DOWN
DOWN	dnf2_only	medtr.A17.gnm5.ann1_6.MtrunA17Chr7g0253061	MtrunA17Chr7g0253061			medtr.A17.gnm5.MtrunA17Chr7	+	39796007	39798469	-1.1893719506179	0.849413857858108	NS	-2.30894181887425	0.0179986531726914	DOWN
DOWN	dnf2_only	medtr.A17.gnm5.ann1_6.MtrunA17Chr7g0235251	MtrunA17Chr7g0235251			medtr.A17.gnm5.MtrunA17Chr7	-	25630479	25635610	-1.22933039385663	0.502712040109829	NS	-2.30855836290773	0.000261564344475379	DOWN
DOWN	dnf2_only	medtr.A17.gnm5.ann1_6.MtrunA17Chr1g0185401	MtrunA17Chr1g0185401			medtr.A17.gnm5.MtrunA17Chr1	+	35858872	35859779	-1.61050891108665	0.39227033756331	NS	-2.30558045030402	0.0357307028352328	DOWN
DOWN	dnf2_only	medtr.A17.gnm5.ann1_6.MtrunA17Chr5g0424081	MtrunA17Chr5g0424081			medtr.A17.gnm5.MtrunA17Chr5	-	26002231	26003518	-1.64938020794538	0.130107523200756	NS	-2.30266888322151	0.00346207508623362	DOWN
DOWN	dnf2_only	medtr.A17.gnm5.ann1_6.MtrunA17Chr6g0473701	MtrunA17Chr6g0473701	MtMATE57	multidrug and toxic compound extrusion family	medtr.A17.gnm5.MtrunA17Chr6	-	26905582	26907725	-1.61123391767734	0.151937343463582	NS	-2.30206502492967	0.00272882579002095	DOWN
DOWN	dnf2_only	medtr.A17.gnm5.ann1_6.MtrunA17Chr5g0423101	MtrunA17Chr5g0423101	MtNCR094	Nodule-specific Cysteine-Rich peptide	medtr.A17.gnm5.MtrunA17Chr5	-	24843552	24844766	-1.39967903381468	0.446153918453214	NS	-2.300353904967	0.00537975518662359	DOWN
DOWN	dnf2_only	medtr.A17.gnm5.ann1_6.MtrunA17Chr3g0085001	MtrunA17Chr3g0085001	MtNCR407	Nodule-specific Cysteine-Rich peptide	medtr.A17.gnm5.MtrunA17Chr3	-	6372597	6373313	-2.00782804660533	0.0629324745993451	NS	-2.29609929458683	0.0133718534943141	DOWN
DOWN	dnf2_only	medtr.A17.gnm5.ann1_6.MtrunA17Chr7g0216121	MtrunA17Chr7g0216121	MtNCR-new66	Nodule-specific Cysteine-Rich peptide	medtr.A17.gnm5.MtrunA17Chr7	-	1953593	1961245	-1.14543205604552	0.941187259075986	NS	-2.29291030337103	0.0140188062564602	DOWN
DOWN	dnf2_only	medtr.A17.gnm5.ann1_6.MtrunA17Chr3g0109911	MtrunA17Chr3g0109911			medtr.A17.gnm5.MtrunA17Chr3	-	32692078	32693657	-1.47754098821898	0.463588769722615	NS	-2.29132746024988	0.0253350913876292	DOWN
DOWN	dnf2_only	medtr.A17.gnm5.ann1_6.MtrunA17Chr4g0050931	MtrunA17Chr4g0050931			medtr.A17.gnm5.MtrunA17Chr4	+	45698573	45707319	-1.57842236696211	0.334787556424934	NS	-2.29112468243955	0.0201136218071359	DOWN
DOWN	dnf2_only	medtr.A17.gnm5.ann1_6.MtrunA17Chr5g0425861	MtrunA17Chr5g0425861	MtNCR316	Nodule-specific Cysteine-Rich peptide	medtr.A17.gnm5.MtrunA17Chr5	+	27867357	27868899	-1.65393217177665	0.232960642060889	NS	-2.28972211964341	0.0127608905427522	DOWN
DOWN	dnf2_only	medtr.A17.gnm5.ann1_6.MtrunA17Chr4g0007841	MtrunA17Chr4g0007841	MtNCR035	Nodule-specific Cysteine-Rich peptide	medtr.A17.gnm5.MtrunA17Chr4	+	6113818	6115709	-1.1306772018786	0.874061884846274	NS	-2.28842869285623	0.00101365308380244	DOWN
DOWN	dnf2_only	medtr.A17.gnm5.ann1_6.MtrunA17Chr5g0424061	MtrunA17Chr5g0424061	MtNCR363	Nodule-specific Cysteine-Rich peptide	medtr.A17.gnm5.MtrunA17Chr5	-	25995241	25997668	-1.34332912483514	0.635015103702485	NS	-2.28364095105218	0.019463161557092	DOWN
DOWN	dnf2_only	medtr.A17.gnm5.ann1_6.MtrunA17Chr1g0169251	MtrunA17Chr1g0169251			medtr.A17.gnm5.MtrunA17Chr1	+	17980219	17980827	-1.63609419105838	0.154264371841448	NS	-2.28230590477584	0.00371239333785325	DOWN
DOWN	dnf2_only	medtr.A17.gnm5.ann1_6.MtrunA17Chr1g0199791	MtrunA17Chr1g0199791			medtr.A17.gnm5.MtrunA17Chr1	-	46491208	46492672	-0.696794890722246	1	NS	-2.27546720943069	0.0404661978826737	DOWN
DOWN	dnf2_only	medtr.A17.gnm5.ann1_6.MtrunA17Chr3g0099801	MtrunA17Chr3g0099801			medtr.A17.gnm5.MtrunA17Chr3	-	24533715	24536426	-0.964622966056987	1	NS	-2.27243901832178	0.02865760308436	DOWN
DOWN	dnf2_only	medtr.A17.gnm5.ann1_6.MtrunA17Chr4g0029541	MtrunA17Chr4g0029541	MtNCR140	Nodule-specific Cysteine-Rich peptide	medtr.A17.gnm5.MtrunA17Chr4	+	30304819	30310037	-1.31186124193796	0.345416358655848	NS	-2.25836775822203	0.000275018338091862	DOWN
DOWN	dnf2_only	medtr.A17.gnm5.ann1_6.MtrunA17Chr1g0166701	MtrunA17Chr1g0166701			medtr.A17.gnm5.MtrunA17Chr1	+	16068861	16071273	-1.01266026448394	1	NS	-2.25377878500011	0.00123188085324274	DOWN
DOWN	dnf2_only	medtr.A17.gnm5.ann1_6.MtrunA17Chr7g0215181	MtrunA17Chr7g0215181	MtCYP735A28	Cytochrome P450 monooxygenase	medtr.A17.gnm5.MtrunA17Chr7	+	1341402	1346735	0.161105376058925	1	NS	-2.25113164089684	0.0393352348191357	DOWN
DOWN	dnf2_only	medtr.A17.gnm5.ann1_6.MtrunA17Chr6g0460491	MtrunA17Chr6g0460491	MtNCR017	Nodule-specific Cysteine-Rich peptide	medtr.A17.gnm5.MtrunA17Chr6	+	9691514	9693288	-1.43222883231827	0.32025599384111	NS	-2.24976075377107	0.00306543857195982	DOWN
DOWN	dnf2_only	medtr.A17.gnm5.ann1_6.MtrunA17Chr8g0375631	MtrunA17Chr8g0375631			medtr.A17.gnm5.MtrunA17Chr8	+	37391816	37403992	-1.47990232613824	0.253838249742889	NS	-2.24541819403025	0.00357668202295012	DOWN
DOWN	dnf2_only	medtr.A17.gnm5.ann1_6.MtrunA17Chr4g0029411	MtrunA17Chr4g0029411	MtNCR429	Nodule-specific Cysteine-Rich peptide	medtr.A17.gnm5.MtrunA17Chr4	-	30257497	30260164	-1.11407646505852	0.897968289794618	NS	-2.23804814359818	0.00093961932857016	DOWN
DOWN	dnf2_only	medtr.A17.gnm5.ann1_6.MtrunA17Chr4g0057511	MtrunA17Chr4g0057511			medtr.A17.gnm5.MtrunA17Chr4	-	50711315	50714386	-1.52118750882326	0.131447716094788	NS	-2.23709705643128	0.00106752707881795	DOWN
DOWN	dnf2_only	medtr.A17.gnm5.ann1_6.MtrunA17Chr6g0453021	MtrunA17Chr6g0453021			medtr.A17.gnm5.MtrunA17Chr6	-	3280019	3283568	-1.62791587382413	0.175598530643054	NS	-2.23694749768214	0.00969645526745813	DOWN
DOWN	dnf2_only	medtr.A17.gnm5.ann1_6.MtrunA17Chr5g0446191	MtrunA17Chr5g0446191			medtr.A17.gnm5.MtrunA17Chr5	-	42897779	42907914	-0.976220539164109	1	NS	-2.23478545490273	0.000126483027109012	DOWN
DOWN	dnf2_only	medtr.A17.gnm5.ann1_6.MtrunA17Chr7g0253891	MtrunA17Chr7g0253891			medtr.A17.gnm5.MtrunA17Chr7	+	40291372	40294386	-1.96104949053159	0.114454304773108	NS	-2.23351670349082	0.0274529970381216	DOWN
DOWN	dnf2_only	medtr.A17.gnm5.ann1_6.MtrunA17Chr2g0333051	MtrunA17Chr2g0333051			medtr.A17.gnm5.MtrunA17Chr2	+	50927529	50929022	-1.79459485961584	0.105546288128939	NS	-2.23315136487938	0.0101461886587482	DOWN
DOWN	dnf2_only	medtr.A17.gnm5.ann1_6.MtrunA17Chr6g0464951	MtrunA17Chr6g0464951			medtr.A17.gnm5.MtrunA17Chr6	-	14137695	14138665	-1.50136116313836	0.346562464360927	NS	-2.23219768830471	0.0123242813997522	DOWN
DOWN	dnf2_only	medtr.A17.gnm5.ann1_6.MtrunA17Chr3g0094201	MtrunA17Chr3g0094201			medtr.A17.gnm5.MtrunA17Chr3	-	16672056	16674496	-1.74011161352184	0.0590335965265091	NS	-2.2251752011831	0.00307403788621298	DOWN
DOWN	dnf2_only	medtr.A17.gnm5.ann1_6.MtrunA17Chr3g0083131	MtrunA17Chr3g0083131	MtNCR301	Nodule-specific Cysteine-Rich peptide	medtr.A17.gnm5.MtrunA17Chr3	-	4826894	4828195	-2.2273967264347	0.0519569722971965	NS	-2.22463899190179	0.0311488587860172	DOWN
DOWN	dnf2_only	medtr.A17.gnm5.ann1_6.MtrunA17Chr4g0034551	MtrunA17Chr4g0034551			medtr.A17.gnm5.MtrunA17Chr4	-	34151920	34153327	-1.29412929684256	0.704254104474518	NS	-2.22097248428118	0.0244950834436273	DOWN
DOWN	dnf2_only	medtr.A17.gnm5.ann1_6.MtrunA17Chr4g0076511	MtrunA17Chr4g0076511			medtr.A17.gnm5.MtrunA17Chr4	+	64343245	64348102	-0.00601688190414382	1	NS	-2.21875715209705	0.0469470226620376	DOWN
DOWN	dnf2_only	medtr.A17.gnm5.ann1_6.MtrunA17Chr6g0487091	MtrunA17Chr6g0487091	MtMATE53	multidrug and toxic compound extrusion family	medtr.A17.gnm5.MtrunA17Chr6	+	41428443	41430559	-0.857826264241058	1	NS	-2.21866380319498	0.0283611043027151	DOWN
DOWN	dnf2_only	medtr.A17.gnm5.ann1_6.MtrunA17Chr1g0154411	MtrunA17Chr1g0154411			medtr.A17.gnm5.MtrunA17Chr1	-	6627961	6633180	-0.780827010676209	1	NS	-2.21777142621679	0.000132348589633815	DOWN
DOWN	dnf2_only	medtr.A17.gnm5.ann1_6.MtrunA17Chr6g0466131	MtrunA17Chr6g0466131			medtr.A17.gnm5.MtrunA17Chr6	+	15191417	15198720	-0.155034814980451	1	NS	-2.21243092542609	0.0457253799789156	DOWN
DOWN	dnf2_only	medtr.A17.gnm5.ann1_6.MtrunA17Chr3g0114211	MtrunA17Chr3g0114211			medtr.A17.gnm5.MtrunA17Chr3	-	35764644	35769173	-1.05952642736729	1	NS	-2.2078157561701	0.0109590718804983	DOWN
DOWN	dnf2_only	medtr.A17.gnm5.ann1_6.MtrunA17Chr3g0124381	MtrunA17Chr3g0124381	MtSULTR2.1	sulfate transporter	medtr.A17.gnm5.MtrunA17Chr3	+	43198309	43205836	-0.153536356906125	1	NS	-2.20528609294657	0.00323315836809997	DOWN
DOWN	dnf2_only	medtr.A17.gnm5.ann1_6.MtrunA17Chr5g0435991	MtrunA17Chr5g0435991	MtLb9|MtLb11	leghemoglobin9	medtr.A17.gnm5.MtrunA17Chr5	+	35883836	35885764	-1.17945771459271	0.757817299007795	NS	-2.2048225598346	0.00199843095944569	DOWN
DOWN	dnf2_only	medtr.A17.gnm5.ann1_6.MtrunA17Chr2g0314511	MtrunA17Chr2g0314511	MtNCR179	Nodule-specific Cysteine-Rich peptide	medtr.A17.gnm5.MtrunA17Chr2	-	36942652	36944306	-1.0331780604348	1	NS	-2.20421156789215	0.0348739666438369	DOWN
DOWN	dnf2_only	medtr.A17.gnm5.ann1_6.MtrunA17Chr1g0200121	MtrunA17Chr1g0200121			medtr.A17.gnm5.MtrunA17Chr1	-	46733049	46739733	0.759087980721269	1	NS	-2.19673172263174	4.22397315895648e-06	DOWN
DOWN	dnf2_only	medtr.A17.gnm5.ann1_6.MtrunA17Chr2g0302891	MtrunA17Chr2g0302891	MtNCR305b	Nodule-specific Cysteine-Rich peptide	medtr.A17.gnm5.MtrunA17Chr2	+	20521830	20523555	-1.39707862889604	0.113289981635248	NS	-2.19634938937074	6.72477346469876e-05	DOWN
DOWN	dnf2_only	medtr.A17.gnm5.ann1_6.MtrunA17Chr1g0157101	MtrunA17Chr1g0157101			medtr.A17.gnm5.MtrunA17Chr1	-	8461050	8462597	-1.20095991463338	0.884851030696164	NS	-2.19464965022694	0.0409659451049293	DOWN
DOWN	dnf2_only	medtr.A17.gnm5.ann1_6.MtrunA17Chr3g0142261	MtrunA17Chr3g0142261			medtr.A17.gnm5.MtrunA17Chr3	+	56261805	56270140	-0.858243507809935	1	NS	-2.19350545945985	0.00026135046134551	DOWN
DOWN	dnf2_only	medtr.A17.gnm5.ann1_6.MtrunA17Chr3g0110861	MtrunA17Chr3g0110861			medtr.A17.gnm5.MtrunA17Chr3	+	33285468	33286847	-1.1238107068648	0.76242970852474	NS	-2.19265060152899	0.000139328075106387	DOWN
DOWN	dnf2_only	medtr.A17.gnm5.ann1_6.MtrunA17Chr5g0424071	MtrunA17Chr5g0424071			medtr.A17.gnm5.MtrunA17Chr5	+	25999989	26003498	-1.4953378665501	0.32680923578949	NS	-2.19234593245075	0.0125083344851914	DOWN
DOWN	dnf2_only	medtr.A17.gnm5.ann1_6.MtrunA17Chr3g0133131	MtrunA17Chr3g0133131			medtr.A17.gnm5.MtrunA17Chr3	+	49710890	49711460	-0.537240341102496	1	NS	-2.19147722740733	0.0215194753651928	DOWN
DOWN	dnf2_only	medtr.A17.gnm5.ann1_6.MtrunA17Chr5g0425921	MtrunA17Chr5g0425921	MtNCR026	Nodule-specific Cysteine-Rich peptide	medtr.A17.gnm5.MtrunA17Chr5	+	27894834	27896202	-1.39589477020803	0.500502054166152	NS	-2.19066094082469	0.0154476905735767	DOWN
DOWN	dnf2_only	medtr.A17.gnm5.ann1_6.MtrunA17Chr6g0450531	MtrunA17Chr6g0450531			medtr.A17.gnm5.MtrunA17Chr6	+	1204435	1208140	-0.308857206174457	1	NS	-2.18951788289461	0.00491053469989879	DOWN
DOWN	dnf2_only	medtr.A17.gnm5.ann1_6.MtrunA17Chr2g0289291	MtrunA17Chr2g0289291			medtr.A17.gnm5.MtrunA17Chr2	-	8912249	8914393	-2.05542026643712	0.0742679966146585	NS	-2.18636554469476	0.0297111757123741	DOWN
DOWN	dnf2_only	medtr.A17.gnm5.ann1_6.MtrunA17Chr5g0420661	MtrunA17Chr5g0420661			medtr.A17.gnm5.MtrunA17Chr5	+	21111965	21115359	-1.00390489117982	1	NS	-2.18597189169944	0.000140520763690281	DOWN
DOWN	dnf2_only	medtr.A17.gnm5.ann1_6.MtrunA17Chr7g0214801	MtrunA17Chr7g0214801			medtr.A17.gnm5.MtrunA17Chr7	+	1054581	1062142	-0.9313624625811	1	NS	-2.18520775136215	0.000510493531729202	DOWN
DOWN	dnf2_only	medtr.A17.gnm5.ann1_6.MtrunA17Chr3g0144731	MtrunA17Chr3g0144731			medtr.A17.gnm5.MtrunA17Chr3	-	58045250	58047159	-0.940243768323448	1	NS	-2.17892861018455	0.000176940473404631	DOWN
DOWN	dnf2_only	medtr.A17.gnm5.ann1_6.MtrunA17Chr7g0226641	MtrunA17Chr7g0226641	MtNCR-new73	Nodule-specific Cysteine-Rich peptide	medtr.A17.gnm5.MtrunA17Chr7	+	11819404	11821272	-0.264234442720647	1	NS	-2.17761425460417	0.00354196092321745	DOWN
DOWN	dnf2_only	medtr.A17.gnm5.ann1_6.MtrunA17Chr1g0167561	MtrunA17Chr1g0167561			medtr.A17.gnm5.MtrunA17Chr1	-	16466224	16467198	-1.33136765622573	0.489734255844363	NS	-2.17718828690803	0.00637833861850201	DOWN
DOWN	dnf2_only	medtr.A17.gnm5.ann1_6.MtrunA17Chr8g0355021	MtrunA17Chr8g0355021			medtr.A17.gnm5.MtrunA17Chr8	-	16540553	16546283	-0.991083890917641	1	NS	-2.16763160529858	2.4831250264484e-05	DOWN
DOWN	dnf2_only	medtr.A17.gnm5.ann1_6.MtrunA17Chr3g0122801	MtrunA17Chr3g0122801	MtNCR417	Nodule-specific Cysteine-Rich peptide	medtr.A17.gnm5.MtrunA17Chr3	+	42196706	42197521	-0.402165013088154	1	NS	-2.16628915086484	0.00141398010469019	DOWN
DOWN	dnf2_only	medtr.A17.gnm5.ann1_6.MtrunA17Chr2g0308071	MtrunA17Chr2g0308071			medtr.A17.gnm5.MtrunA17Chr2	+	30669975	30670953	-0.720343013734838	1	NS	-2.15934662487739	0.0150191102126525	DOWN
DOWN	dnf2_only	medtr.A17.gnm5.ann1_6.MtrunA17Chr2g0308991	MtrunA17Chr2g0308991			medtr.A17.gnm5.MtrunA17Chr2	-	31803036	31804959	-1.60224303415119	0.212875482557843	NS	-2.15892277019983	0.0155303589514642	DOWN
DOWN	dnf2_only	medtr.A17.gnm5.ann1_6.MtrunA17Chr4g0007911	MtrunA17Chr4g0007911	MtNCR354	Nodule-specific Cysteine-Rich peptide	medtr.A17.gnm5.MtrunA17Chr4	+	6189615	6190263	-1.50913984668069	0.432079745295352	NS	-2.15062881566062	0.0462045724513355	DOWN
DOWN	dnf2_only	medtr.A17.gnm5.ann1_6.MtrunA17Chr4g0074441	MtrunA17Chr4g0074441			medtr.A17.gnm5.MtrunA17Chr4	-	63086721	63090686	-0.958192482393495	1	NS	-2.14757828282872	5.02213359400635e-05	DOWN
DOWN	dnf2_only	medtr.A17.gnm5.ann1_6.MtrunA17Chr7g0231401	MtrunA17Chr7g0231401			medtr.A17.gnm5.MtrunA17Chr7	-	20951343	20960654	-1.3172473207476	0.153584982793122	NS	-2.14706950712681	3.37128131566494e-05	DOWN
DOWN	dnf2_only	medtr.A17.gnm5.ann1_6.MtrunA17Chr2g0327581	MtrunA17Chr2g0327581			medtr.A17.gnm5.MtrunA17Chr2	-	47082366	47088741	-1.50870089562567	0.22671836893048	NS	-2.14503051922817	0.00465614013199544	DOWN
DOWN	dnf2_only	medtr.A17.gnm5.ann1_6.MtrunA17Chr4g0056471	MtrunA17Chr4g0056471			medtr.A17.gnm5.MtrunA17Chr4	-	49907554	49915774	-1.60514550724611	0.0797539157273533	NS	-2.14208559805659	0.00157466539819558	DOWN
DOWN	dnf2_only	medtr.A17.gnm5.ann1_6.MtrunA17Chr1g0191331	MtrunA17Chr1g0191331			medtr.A17.gnm5.MtrunA17Chr1	-	40434003	40435815	-1.16859298300435	0.89317277953176	NS	-2.14081411034408	0.0359313724832386	DOWN
DOWN	dnf2_only	medtr.A17.gnm5.ann1_6.MtrunA17Chr8g0377771	MtrunA17Chr8g0377771			medtr.A17.gnm5.MtrunA17Chr8	-	39015071	39018770	-1.28408439457492	0.667691734745806	NS	-2.13964014672205	0.0177882355987587	DOWN
DOWN	dnf2_only	medtr.A17.gnm5.ann1_6.MtrunA17Chr6g0475541	MtrunA17Chr6g0475541	MtNCR005	Nodule-specific Cysteine-Rich peptide	medtr.A17.gnm5.MtrunA17Chr6	-	29949073	29951332	-1.8142557725676	0.146197339579955	NS	-2.13709251312101	0.0266154223805448	DOWN
DOWN	dnf2_only	medtr.A17.gnm5.ann1_6.MtrunA17Chr6g0452411	MtrunA17Chr6g0452411			medtr.A17.gnm5.MtrunA17Chr6	-	2790148	2792281	-0.571083772920807	1	NS	-2.13678165470562	0.00289131047692018	DOWN
DOWN	dnf2_only	medtr.A17.gnm5.ann1_6.MtrunA17Chr4g0027651	MtrunA17Chr4g0027651			medtr.A17.gnm5.MtrunA17Chr4	+	28697934	28698979	-1.23266686778131	0.547661211343277	NS	-2.13456179475314	0.000990149589815824	DOWN
DOWN	dnf2_only	medtr.A17.gnm5.ann1_6.MtrunA17Chr7g0260311	MtrunA17Chr7g0260311			medtr.A17.gnm5.MtrunA17Chr7	-	45164929	45167895	-1.18724153075894	0.655810427859066	NS	-2.13312651106332	0.000904156042726556	DOWN
DOWN	dnf2_only	medtr.A17.gnm5.ann1_6.MtrunA17Chr4g0029421	MtrunA17Chr4g0029421			medtr.A17.gnm5.MtrunA17Chr4	+	30260422	30263235	-0.746992649025885	1	NS	-2.13037412634742	0.00157471105973164	DOWN
DOWN	dnf2_only	medtr.A17.gnm5.ann1_6.MtrunA17Chr3g0124281	MtrunA17Chr3g0124281	MtPLAT8	PLAT-domain  8	medtr.A17.gnm5.MtrunA17Chr3	-	43114481	43115826	-1.10743605451443	1	NS	-2.13000228513965	0.0171893357743653	DOWN
DOWN	dnf2_only	medtr.A17.gnm5.ann1_6.MtrunA17Chr7g0263811	MtrunA17Chr7g0263811			medtr.A17.gnm5.MtrunA17Chr7	+	47489146	47491290	-0.513007270614042	1	NS	-2.12970450249391	0.0021788299855769	DOWN
DOWN	dnf2_only	medtr.A17.gnm5.ann1_6.MtrunA17Chr6g0487601	MtrunA17Chr6g0487601	MtNCR511	Nodule-specific Cysteine-Rich peptide	medtr.A17.gnm5.MtrunA17Chr6	+	41943260	41944033	-1.39373103271974	0.271626141829139	NS	-2.12427822112802	0.0018510218151312	DOWN
DOWN	dnf2_only	medtr.A17.gnm5.ann1_6.MtrunA17Chr3g0096101	MtrunA17Chr3g0096101			medtr.A17.gnm5.MtrunA17Chr3	+	19947467	19950989	-2.03671224893276	0.0663474518209689	NS	-2.12193488432356	0.0297224143526565	DOWN
DOWN	dnf2_only	medtr.A17.gnm5.ann1_6.MtrunA17Chr3g0102491	MtrunA17Chr3g0102491	MtNodGRP21	Nodule-specific Glycine-rich	medtr.A17.gnm5.MtrunA17Chr3	+	27021272	27022348	-0.834793489396589	1	NS	-2.12075494542206	0.00179759608333212	DOWN
DOWN	dnf2_only	medtr.A17.gnm5.ann1_6.MtrunA17Chr3g0110521	MtrunA17Chr3g0110521			medtr.A17.gnm5.MtrunA17Chr3	+	33155921	33157568	-1.04803875870337	1	NS	-2.1202396461983	0.0156997836156152	DOWN
DOWN	dnf2_only	medtr.A17.gnm5.ann1_6.MtrunA17Chr2g0306331	MtrunA17Chr2g0306331	MtNCR-new6	Nodule-specific Cysteine-Rich peptide	medtr.A17.gnm5.MtrunA17Chr2	-	27630349	27634609	-1.15017337374959	0.959740577335747	NS	-2.11634847980895	0.0330027323561818	DOWN
DOWN	dnf2_only	medtr.A17.gnm5.ann1_6.MtrunA17Chr3g0112611	MtrunA17Chr3g0112611	MtNPF5.23	NRT1/ PTR FAMILY|nitrate transporter / peptide transporter	medtr.A17.gnm5.MtrunA17Chr3	-	34550109	34553598	-0.349736799184622	1	NS	-2.11450530586235	0.00362742248621929	DOWN
DOWN	dnf2_only	medtr.A17.gnm5.ann1_6.MtrunA17Chr4g0036351	MtrunA17Chr4g0036351			medtr.A17.gnm5.MtrunA17Chr4	+	35431382	35435440	0.221176937817671	1	NS	-2.11014514665887	0.0216663234525977	DOWN
DOWN	dnf2_only	medtr.A17.gnm5.ann1_6.MtrunA17Chr3g0081421	MtrunA17Chr3g0081421			medtr.A17.gnm5.MtrunA17Chr3	-	3407419	3416458	-0.312797530837887	1	NS	-2.10918412892517	0.00404636586991163	DOWN
DOWN	dnf2_only	medtr.A17.gnm5.ann1_6.MtrunA17Chr3g0086721	MtrunA17Chr3g0086721	MtNCR584	Nodule-specific Cysteine-Rich peptide	medtr.A17.gnm5.MtrunA17Chr3	-	8214178	8215609	-0.542355048380584	1	NS	-2.10803421838493	0.0155329795552471	DOWN
DOWN	dnf2_only	medtr.A17.gnm5.ann1_6.MtrunA17Chr2g0321961	MtrunA17Chr2g0321961	MtALMT	Aluminum activated malate transporter family protein	medtr.A17.gnm5.MtrunA17Chr2	-	42783122	42787277	-2.00025318428112	0.102993905871394	NS	-2.10590078839862	0.044556849914476	DOWN
DOWN	dnf2_only	medtr.A17.gnm5.ann1_6.MtrunA17Chr1g0153241	MtrunA17Chr1g0153241			medtr.A17.gnm5.MtrunA17Chr1	+	5811409	5815303	-1.43157381620545	0.296549499858991	NS	-2.10410456658098	0.00651211214097997	DOWN
DOWN	dnf2_only	medtr.A17.gnm5.ann1_6.MtrunA17Chr4g0028071	MtrunA17Chr4g0028071			medtr.A17.gnm5.MtrunA17Chr4	-	29045235	29048029	-1.06611389571865	1	NS	-2.10347977832369	0.00272882579002095	DOWN
DOWN	dnf2_only	medtr.A17.gnm5.ann1_6.MtrunA17Chr6g0474431	MtrunA17Chr6g0474431	MtNCR684	Nodule-specific Cysteine-Rich peptide	medtr.A17.gnm5.MtrunA17Chr6	-	28315443	28317549	-1.43692808403982	0.40473041711094	NS	-2.10215083501489	0.0158707659662452	DOWN
DOWN	dnf2_only	medtr.A17.gnm5.ann1_6.MtrunA17Chr5g0438631	MtrunA17Chr5g0438631			medtr.A17.gnm5.MtrunA17Chr5	+	37775131	37777478	-1.34954876430396	0.454728208767487	NS	-2.09953807405208	0.00747812896080632	DOWN
DOWN	dnf2_only	medtr.A17.gnm5.ann1_6.MtrunA17Chr5g0429391	MtrunA17Chr5g0429391			medtr.A17.gnm5.MtrunA17Chr5	+	30803463	30807002	-1.87792032307158	0.0779297430879271	NS	-2.09784718867749	0.0170975434474136	DOWN
DOWN	dnf2_only	medtr.A17.gnm5.ann1_6.MtrunA17Chr7g0273381	MtrunA17Chr7g0273381			medtr.A17.gnm5.MtrunA17Chr7	-	54084287	54086380	-1.11904549946444	1	NS	-2.09760128783438	0.0408018313343029	DOWN
DOWN	dnf2_only	medtr.A17.gnm5.ann1_6.MtrunA17Chr3g0119211	MtrunA17Chr3g0119211			medtr.A17.gnm5.MtrunA17Chr3	-	39633643	39638391	-1.87811467784165	0.0995823461356573	NS	-2.09747876775661	0.0289403490506392	DOWN
DOWN	dnf2_only	medtr.A17.gnm5.ann1_6.MtrunA17Chr8g0381051	MtrunA17Chr8g0381051			medtr.A17.gnm5.MtrunA17Chr8	+	41212920	41216760	-1.11486432556136	1	NS	-2.09600062508801	0.04716695428407	DOWN
DOWN	dnf2_only	medtr.A17.gnm5.ann1_6.MtrunA17Chr4g0018061	MtrunA17Chr4g0018061	MtNCR306	Nodule-specific Cysteine-Rich peptide	medtr.A17.gnm5.MtrunA17Chr4	-	13202607	13206542	-0.93048260545056	1	NS	-2.09095941746393	0.00361730314956938	DOWN
DOWN	dnf2_only	medtr.A17.gnm5.ann1_6.MtrunA17Chr4g0031571	MtrunA17Chr4g0031571			medtr.A17.gnm5.MtrunA17Chr4	+	31965213	31968265	-1.28284909540964	0.666676851379483	NS	-2.08666495153612	0.0225077991545813	DOWN
DOWN	dnf2_only	medtr.A17.gnm5.ann1_6.MtrunA17Chr8g0375801	MtrunA17Chr8g0375801			medtr.A17.gnm5.MtrunA17Chr8	-	37470827	37471293	-1.62136551394622	0.154426997352095	NS	-2.08528189198779	0.0124666103676754	DOWN
DOWN	dnf2_only	medtr.A17.gnm5.ann1_6.MtrunA17Chr5g0404531	MtrunA17Chr5g0404531			medtr.A17.gnm5.MtrunA17Chr5	-	7992667	7997383	-0.16767414878624	1	NS	-2.08055935019744	0.0382578641580546	DOWN
DOWN	dnf2_only	medtr.A17.gnm5.ann1_6.MtrunA17Chr4g0031581	MtrunA17Chr4g0031581			medtr.A17.gnm5.MtrunA17Chr4	-	31967582	31968027	-1.22383505592407	0.646697440599362	NS	-2.07910940934413	0.00611945324430396	DOWN
DOWN	dnf2_only	medtr.A17.gnm5.ann1_6.MtrunA17Chr4g0035451	MtrunA17Chr4g0035451			medtr.A17.gnm5.MtrunA17Chr4	+	34858372	34870764	-1.34211699821763	0.389135592141929	NS	-2.07908531435306	0.00383030193139603	DOWN
DOWN	dnf2_only	medtr.A17.gnm5.ann1_6.MtrunA17Chr3g0107021	MtrunA17Chr3g0107021			medtr.A17.gnm5.MtrunA17Chr3	-	30609671	30612830	-1.47776811445979	0.0515014450470323	NS	-2.07655187834874	0.000126483027109012	DOWN
DOWN	dnf2_only	medtr.A17.gnm5.ann1_6.MtrunA17Chr7g0232141	MtrunA17Chr7g0232141	MtNCR022	Nodule-specific Cysteine-Rich peptide	medtr.A17.gnm5.MtrunA17Chr7	-	21976403	21978241	-1.10392943922777	0.971762231980898	NS	-2.07455878275355	0.00773336645803138	DOWN
DOWN	dnf2_only	medtr.A17.gnm5.ann1_6.MtrunA17Chr4g0028081	MtrunA17Chr4g0028081			medtr.A17.gnm5.MtrunA17Chr4	+	29047019	29048027	-1.42239808133226	0.220663904503272	NS	-2.0686224977695	0.00319913996328212	DOWN
DOWN	dnf2_only	medtr.A17.gnm5.ann1_6.MtrunA17Chr1g0158371	MtrunA17Chr1g0158371	MtNCR522	Nodule-specific Cysteine-Rich peptide	medtr.A17.gnm5.MtrunA17Chr1	-	9334003	9335198	-1.64775066492061	0.0722753776839395	NS	-2.06833490690389	0.00300099006547019	DOWN
DOWN	dnf2_only	medtr.A17.gnm5.ann1_6.MtrunA17Chr4g0057881	MtrunA17Chr4g0057881			medtr.A17.gnm5.MtrunA17Chr4	+	50962844	50963624	-0.855315708150899	1	NS	-2.06361884444299	0.0237385896076362	DOWN
DOWN	dnf2_only	medtr.A17.gnm5.ann1_6.MtrunA17Chr5g0425941	MtrunA17Chr5g0425941	MtNCR088	Nodule-specific Cysteine-Rich peptide	medtr.A17.gnm5.MtrunA17Chr5	+	27901645	27903522	-1.12058722508757	0.968790276776848	NS	-2.06155597430108	0.0171267296244268	DOWN
DOWN	dnf2_only	medtr.A17.gnm5.ann1_6.MtrunA17Chr1g0205231	MtrunA17Chr1g0205231			medtr.A17.gnm5.MtrunA17Chr1	-	50524636	50529866	-0.885172979570434	1	NS	-2.05115779826013	0.00357974291318927	DOWN
DOWN	dnf2_only	medtr.A17.gnm5.ann1_6.MtrunA17Chr1g0179831	MtrunA17Chr1g0179831			medtr.A17.gnm5.MtrunA17Chr1	+	31100038	31100701	-1.42127727832013	0.331342229768725	NS	-2.04621636511963	0.009282977088391	DOWN
DOWN	dnf2_only	medtr.A17.gnm5.ann1_6.MtrunA17Chr7g0243241	MtrunA17Chr7g0243241			medtr.A17.gnm5.MtrunA17Chr7	-	32567358	32570292	-0.845850217354067	1	NS	-2.04572849302692	0.00314302882195584	DOWN
DOWN	dnf2_only	medtr.A17.gnm5.ann1_6.MtrunA17Chr2g0331321	MtrunA17Chr2g0331321			medtr.A17.gnm5.MtrunA17Chr2	-	49715599	49719532	-0.288339919372858	1	NS	-2.04570962944684	0.00214226370129173	DOWN
DOWN	dnf2_only	medtr.A17.gnm5.ann1_6.MtrunA17Chr3g0108911	MtrunA17Chr3g0108911	MtNCR242	Nodule-specific Cysteine-Rich peptide	medtr.A17.gnm5.MtrunA17Chr3	-	32011120	32013860	-0.864583807924968	1	NS	-2.04184550906103	0.00567874411509992	DOWN
DOWN	dnf2_only	medtr.A17.gnm5.ann1_6.MtrunA17Chr8g0393021	MtrunA17Chr8g0393021	MtTubb1	beta tubulin 1	medtr.A17.gnm5.MtrunA17Chr8	+	49453673	49456536	-1.3644078003227	0.352551039316236	NS	-2.03629276640255	0.00433306059245763	DOWN
DOWN	dnf2_only	medtr.A17.gnm5.ann1_6.MtrunA17Chr4g0017321	MtrunA17Chr4g0017321			medtr.A17.gnm5.MtrunA17Chr4	-	12853754	12855939	-0.562582408252067	1	NS	-2.03427466405742	0.0200503489191986	DOWN
DOWN	dnf2_only	medtr.A17.gnm5.ann1_6.MtrunA17Chr1g0196941	MtrunA17Chr1g0196941			medtr.A17.gnm5.MtrunA17Chr1	-	44321596	44324696	-1.18809411534935	0.472477122324763	NS	-2.03245931210102	0.000141688967363657	DOWN
DOWN	dnf2_only	medtr.A17.gnm5.ann1_6.MtrunA17Chr4g0060091	MtrunA17Chr4g0060091			medtr.A17.gnm5.MtrunA17Chr4	+	52618553	52621848	-1.26156511855055	0.206205078162964	NS	-2.02304563661586	4.80786711931319e-05	DOWN
DOWN	dnf2_only	medtr.A17.gnm5.ann1_6.MtrunA17Chr8g0354121	MtrunA17Chr8g0354121			medtr.A17.gnm5.MtrunA17Chr8	+	15798689	15802224	-1.88439712254979	0.0831239142850146	NS	-2.02169826946853	0.027539265885451	DOWN
DOWN	dnf2_only	medtr.A17.gnm5.ann1_6.MtrunA17Chr5g0424391	MtrunA17Chr5g0424391			medtr.A17.gnm5.MtrunA17Chr5	+	26328976	26334624	-1.15990681753585	0.872855537543278	NS	-2.0200185599989	0.0174756203240813	DOWN
DOWN	dnf2_only	medtr.A17.gnm5.ann1_6.MtrunA17Chr7g0214051	MtrunA17Chr7g0214051	MtNCR225	Nodule-specific Cysteine-Rich peptide	medtr.A17.gnm5.MtrunA17Chr7	+	60087	61716	-1.51788499529301	0.206310436145532	NS	-2.01910968654937	0.00841693090234404	DOWN
DOWN	dnf2_only	medtr.A17.gnm5.ann1_6.MtrunA17Chr2g0331331	MtrunA17Chr2g0331331			medtr.A17.gnm5.MtrunA17Chr2	+	49716099	49717193	-0.52766030122306	1	NS	-2.01817491185331	0.0235079172869126	DOWN
DOWN	dnf2_only	medtr.A17.gnm5.ann1_6.MtrunA17Chr7g0268161	MtrunA17Chr7g0268161	LjTRICOT-like	AtAMP1 (ALTERED MERISTEM PROGRAM 1)-related	medtr.A17.gnm5.MtrunA17Chr7	+	50688721	50694593	-1.6831915698415	0.1194583022231	NS	-2.01548681947351	0.0137976693831179	DOWN
DOWN	dnf2_only	medtr.A17.gnm5.ann1_6.MtrunA17Chr3g0089901	MtrunA17Chr3g0089901			medtr.A17.gnm5.MtrunA17Chr3	+	11113833	11116238	-0.80681963359847	1	NS	-2.01407891945862	0.000712407457444008	DOWN
DOWN	dnf2_only	medtr.A17.gnm5.ann1_6.MtrunA17Chr8g0358771	MtrunA17Chr8g0358771			medtr.A17.gnm5.MtrunA17Chr8	+	21276360	21281768	-0.79490536806087	1	NS	-2.01288717103029	0.00427230735807053	DOWN
DOWN	dnf2_only	medtr.A17.gnm5.ann1_6.MtrunA17Chr2g0332721	MtrunA17Chr2g0332721			medtr.A17.gnm5.MtrunA17Chr2	+	50745150	50746048	-1.52547652855308	0.266891051003874	NS	-2.01222216930631	0.0193564913500667	DOWN
DOWN	dnf2_only	medtr.A17.gnm5.ann1_6.MtrunA17Chr4g0006301	MtrunA17Chr4g0006301	MtNCR282	Nodule-specific Cysteine-Rich peptide	medtr.A17.gnm5.MtrunA17Chr4	-	5011338	5012471	-1.980012794323	0.0759613656929145	NS	-2.01130790771597	0.0412609464949906	DOWN
DOWN	dnf2_only	medtr.A17.gnm5.ann1_6.MtrunA17Chr4g0067721	MtrunA17Chr4g0067721			medtr.A17.gnm5.MtrunA17Chr4	+	58056331	58059463	-1.2765882381516	0.456348496803661	NS	-2.01085535681383	0.00361218277027324	DOWN
DOWN	dnf2_only	medtr.A17.gnm5.ann1_6.MtrunA17Chr7g0216331	MtrunA17Chr7g0216331			medtr.A17.gnm5.MtrunA17Chr7	-	2025584	2028705	-0.884971384911835	1	NS	-2.006130284647	0.00184884008784279	DOWN
DOWN	dnf2_only	medtr.A17.gnm5.ann1_6.MtrunA17Chr7g0273431	MtrunA17Chr7g0273431			medtr.A17.gnm5.MtrunA17Chr7	+	54093090	54093808	-0.900369716230495	1	NS	-2.00531430072966	0.00376061617808163	DOWN
DOWN	dnf2_only	medtr.A17.gnm5.ann1_6.MtrunA17Chr8g0390021	MtrunA17Chr8g0390021			medtr.A17.gnm5.MtrunA17Chr8	+	47359887	47362895	-0.859130430249202	1	NS	-2.00490263742305	0.0476684841297767	DOWN
DOWN	dnf2_only	medtr.A17.gnm5.ann1_6.MtrunA17Chr6g0455391	MtrunA17Chr6g0455391			medtr.A17.gnm5.MtrunA17Chr6	-	5477366	5482859	-0.0781878616180998	1	NS	-1.99983795526447	0.000462400476342271	DOWN
DOWN	dnf2_only	medtr.A17.gnm5.ann1_6.MtrunA17Chr5g0428931	MtrunA17Chr5g0428931			medtr.A17.gnm5.MtrunA17Chr5	+	30474124	30478326	-0.852323612910182	1	NS	-1.99180870468211	0.0468926891947279	DOWN
DOWN	dnf2_only	medtr.A17.gnm5.ann1_6.MtrunA17Chr3g0100421	MtrunA17Chr3g0100421			medtr.A17.gnm5.MtrunA17Chr3	-	25033009	25035990	-0.522961177421378	1	NS	-1.99030904174972	0.00153670263944377	DOWN
DOWN	dnf2_only	medtr.A17.gnm5.ann1_6.MtrunA17Chr2g0300901	MtrunA17Chr2g0300901	MtNodGRP11	Nodule-specific Glycine-rich	medtr.A17.gnm5.MtrunA17Chr2	+	18646070	18647810	-0.963904142175608	1	NS	-1.98598129563327	0.00102947433523689	DOWN
DOWN	dnf2_only	medtr.A17.gnm5.ann1_6.MtrunA17Chr3g0084781	MtrunA17Chr3g0084781			medtr.A17.gnm5.MtrunA17Chr3	-	6219883	6223155	-1.48160928262668	0.383353968651967	NS	-1.98559142462679	0.0488596109569502	DOWN
DOWN	dnf2_only	medtr.A17.gnm5.ann1_6.MtrunA17Chr7g0214021	MtrunA17Chr7g0214021			medtr.A17.gnm5.MtrunA17Chr7	+	12171	12708	-1.34638283515367	0.595941000012029	NS	-1.98286576794924	0.0449490049016097	DOWN
DOWN	dnf2_only	medtr.A17.gnm5.ann1_6.MtrunA17Chr6g0465521	MtrunA17Chr6g0465521			medtr.A17.gnm5.MtrunA17Chr6	+	14808828	14810540	0.595366727163139	1	NS	-1.97958440786295	0.0321199410021017	DOWN
DOWN	dnf2_only	medtr.A17.gnm5.ann1_6.MtrunA17Chr4g0022971	MtrunA17Chr4g0022971	MtNCR230	Nodule-specific Cysteine-Rich peptide	medtr.A17.gnm5.MtrunA17Chr4	-	23348361	23351819	-1.24643210210145	0.641996997509789	NS	-1.97703236474892	0.0127449385546186	DOWN
DOWN	dnf2_only	medtr.A17.gnm5.ann1_6.MtrunA17Chr7g0273981	MtrunA17Chr7g0273981	MtN26-4	Nodulin26	medtr.A17.gnm5.MtrunA17Chr7	+	54465476	54469521	-0.706323738682495	1	NS	-1.97566476791566	0.00146543482327272	DOWN
DOWN	dnf2_only	medtr.A17.gnm5.ann1_6.MtrunA17Chr7g0216151	MtrunA17Chr7g0216151	MtNCR143	Nodule-specific Cysteine-Rich peptide	medtr.A17.gnm5.MtrunA17Chr7	-	1972037	1973061	-1.33971259731969	0.446153918453214	NS	-1.97251785748272	0.0116088794768974	DOWN
DOWN	dnf2_only	medtr.A17.gnm5.ann1_6.MtrunA17Chr1g0157131	MtrunA17Chr1g0157131	MtCDPK17	calcium-dependent protein kinase17	medtr.A17.gnm5.MtrunA17Chr1	+	8468458	8475552	-1.18885641086422	0.785023615981986	NS	-1.97216749671302	0.0231693497573869	DOWN
DOWN	dnf2_only	medtr.A17.gnm5.ann1_6.MtrunA17Chr2g0314061	MtrunA17Chr2g0314061			medtr.A17.gnm5.MtrunA17Chr2	+	36675694	36679180	0.286955570423497	1	NS	-1.97191481846398	0.0036485476083517	DOWN
DOWN	dnf2_only	medtr.A17.gnm5.ann1_6.MtrunA17Chr8g0387881	MtrunA17Chr8g0387881			medtr.A17.gnm5.MtrunA17Chr8	+	45921456	45923804	-1.53195487121765	0.255164951877253	NS	-1.96902809201991	0.0292674879697324	DOWN
DOWN	dnf2_only	medtr.A17.gnm5.ann1_6.MtrunA17Chr2g0328591	MtrunA17Chr2g0328591			medtr.A17.gnm5.MtrunA17Chr2	+	47841345	47842373	-1.18960503147491	0.724512971255557	NS	-1.96498302339083	0.0142362026034401	DOWN
DOWN	dnf2_only	medtr.A17.gnm5.ann1_6.MtrunA17Chr8g0356181	MtrunA17Chr8g0356181			medtr.A17.gnm5.MtrunA17Chr8	-	17770385	17771187	-1.09391334333418	0.932619394949631	NS	-1.96058113728025	0.00692962016733981	DOWN
DOWN	dnf2_only	medtr.A17.gnm5.ann1_6.MtrunA17Chr2g0301511	MtrunA17Chr2g0301511	MtRbohI	RESPIRATORY BURST OXIDASE HOMOLOG I	medtr.A17.gnm5.MtrunA17Chr2	-	19240133	19248326	-0.925938247633117	1	NS	-1.9586014327602	0.0119315683046174	DOWN
DOWN	dnf2_only	medtr.A17.gnm5.ann1_6.MtrunA17Chr7g0222431	MtrunA17Chr7g0222431	MtNCR743	Nodule-specific Cysteine-Rich peptide	medtr.A17.gnm5.MtrunA17Chr7	+	7667398	7670702	-1.13307060066687	0.86425923016492	NS	-1.95821438499645	0.00719307030868871	DOWN
DOWN	dnf2_only	medtr.A17.gnm5.ann1_6.MtrunA17Chr2g0312251	MtrunA17Chr2g0312251			medtr.A17.gnm5.MtrunA17Chr2	-	35129805	35132993	-1.19240741855791	0.756586067657383	NS	-1.95804044621648	0.0140544356025316	DOWN
DOWN	dnf2_only	medtr.A17.gnm5.ann1_6.MtrunA17Chr3g0130791	MtrunA17Chr3g0130791			medtr.A17.gnm5.MtrunA17Chr3	+	47853358	47857515	-0.983554983942376	1	NS	-1.95798851388495	0.0088295309245538	DOWN
DOWN	dnf2_only	medtr.A17.gnm5.ann1_6.MtrunA17Chr3g0105961	MtrunA17Chr3g0105961			medtr.A17.gnm5.MtrunA17Chr3	-	29905228	29910520	-1.34238525113917	0.493684295019309	NS	-1.95529609889151	0.0290300281952987	DOWN
DOWN	dnf2_only	medtr.A17.gnm5.ann1_6.MtrunA17Chr4g0062691	MtrunA17Chr4g0062691	MtTCP18	TEOSINTE BRANCHED1 (TB1), CYCLOIDEA (CYC), PROLIFERATING CELL FACTORS 1&2 (PCF1  & 2) family	medtr.A17.gnm5.MtrunA17Chr4	-	54389482	54391326	-1.00788755537818	1	NS	-1.95334191197119	0.0239499023572813	DOWN
DOWN	dnf2_only	medtr.A17.gnm5.ann1_6.MtrunA17Chr1g0200651	MtrunA17Chr1g0200651			medtr.A17.gnm5.MtrunA17Chr1	+	47173293	47180821	-1.28260018858436	0.502712040109829	NS	-1.95198428849471	0.0080476637859101	DOWN
DOWN	dnf2_only	medtr.A17.gnm5.ann1_6.MtrunA17Chr7g0248011	MtrunA17Chr7g0248011			medtr.A17.gnm5.MtrunA17Chr7	-	36202927	36206322	-0.994665623819045	1	NS	-1.95111085098621	0.00518242446133607	DOWN
DOWN	dnf2_only	medtr.A17.gnm5.ann1_6.MtrunA17Chr8g0372291	MtrunA17Chr8g0372291			medtr.A17.gnm5.MtrunA17Chr8	-	34803155	34804871	-0.795360973665579	1	NS	-1.9510952110186	0.00684960469124812	DOWN
DOWN	dnf2_only	medtr.A17.gnm5.ann1_6.MtrunA17Chr3g0119041	MtrunA17Chr3g0119041	MtSymCRK	symbiotic cys-rich receptor-like kinase	medtr.A17.gnm5.MtrunA17Chr3	-	39529267	39533399	-1.04151993277657	1	NS	-1.95005750515361	0.00244449790217032	DOWN
DOWN	dnf2_only	medtr.A17.gnm5.ann1_6.MtrunA17Chr4g0013951	MtrunA17Chr4g0013951	MtNCR118	Nodule-specific Cysteine-Rich peptide	medtr.A17.gnm5.MtrunA17Chr4	-	11358505	11367875	-0.133743478194717	1	NS	-1.94828575281009	0.00314458589332199	DOWN
DOWN	dnf2_only	medtr.A17.gnm5.ann1_6.MtrunA17Chr2g0332711	MtrunA17Chr2g0332711			medtr.A17.gnm5.MtrunA17Chr2	-	50742503	50744939	-0.13481349231896	1	NS	-1.94597904453601	0.0321973844098386	DOWN
DOWN	dnf2_only	medtr.A17.gnm5.ann1_6.MtrunA17Chr8g0382291	MtrunA17Chr8g0382291			medtr.A17.gnm5.MtrunA17Chr8	-	41992528	41995630	-1.27458924045319	0.485659418857865	NS	-1.94347906271534	0.00564024599841391	DOWN
DOWN	dnf2_only	medtr.A17.gnm5.ann1_6.MtrunA17Chr5g0409341	MtrunA17Chr5g0409341	MtIPD3	Interacting protein of DMI3	medtr.A17.gnm5.MtrunA17Chr5	+	11126167	11131033	-1.03248273798563	1	NS	-1.94047067265805	0.000635339554909364	DOWN
DOWN	dnf2_only	medtr.A17.gnm5.ann1_6.MtrunA17Chr3g0134471	MtrunA17Chr3g0134471			medtr.A17.gnm5.MtrunA17Chr3	-	50734820	50735467	-0.928280279218876	1	NS	-1.93812995146814	0.0368403932397772	DOWN
DOWN	dnf2_only	medtr.A17.gnm5.ann1_6.MtrunA17Chr8g0359371	MtrunA17Chr8g0359371	MtTPS1	trehalose phosphate synthase 1	medtr.A17.gnm5.MtrunA17Chr8	+	22729710	22753196	-0.541862290203581	1	NS	-1.93667597900562	0.00360628389643155	DOWN
DOWN	dnf2_only	medtr.A17.gnm5.ann1_6.MtrunA17Chr5g0429871	MtrunA17Chr5g0429871			medtr.A17.gnm5.MtrunA17Chr5	+	31088707	31098192	-0.458300262437783	1	NS	-1.93592270592437	0.0226093493622923	DOWN
DOWN	dnf2_only	medtr.A17.gnm5.ann1_6.MtrunA17Chr1g0157091	MtrunA17Chr1g0157091			medtr.A17.gnm5.MtrunA17Chr1	+	8460061	8460989	-1.76305669819241	0.135645196489084	NS	-1.92963127552177	0.0442104456627762	DOWN
DOWN	dnf2_only	medtr.A17.gnm5.ann1_6.MtrunA17Chr8g0376471	MtrunA17Chr8g0376471			medtr.A17.gnm5.MtrunA17Chr8	-	38043453	38047515	-0.293525566038473	1	NS	-1.92908130974357	0.0449203830372553	DOWN
DOWN	dnf2_only	medtr.A17.gnm5.ann1_6.MtrunA17Chr6g0459491	MtrunA17Chr6g0459491	MtTML2	TOO MUCH LOVE 2	medtr.A17.gnm5.MtrunA17Chr6	+	8634516	8637944	-1.18781044087318	0.815294227636103	NS	-1.92600550551308	0.0298939651731655	DOWN
DOWN	dnf2_only	medtr.A17.gnm5.ann1_6.MtrunA17Chr2g0315561	MtrunA17Chr2g0315561			medtr.A17.gnm5.MtrunA17Chr2	-	37830787	37833973	-0.843340320024704	1	NS	-1.92240316093378	0.000141688967363657	DOWN
DOWN	dnf2_only	medtr.A17.gnm5.ann1_6.MtrunA17Chr4g0072011	MtrunA17Chr4g0072011			medtr.A17.gnm5.MtrunA17Chr4	+	61165761	61169925	-1.32135894530178	0.448196825636532	NS	-1.91954334093381	0.0121077591987484	DOWN
DOWN	dnf2_only	medtr.A17.gnm5.ann1_6.MtrunA17Chr5g0418951	MtrunA17Chr5g0418951	MtNCR265	Nodule-specific Cysteine-Rich peptide	medtr.A17.gnm5.MtrunA17Chr5	+	19332182	19333440	-0.978949747248318	1	NS	-1.9158933078022	0.00947532158474855	DOWN
DOWN	dnf2_only	medtr.A17.gnm5.ann1_6.MtrunA17Chr5g0424401	MtrunA17Chr5g0424401			medtr.A17.gnm5.MtrunA17Chr5	-	26328981	26334808	-1.07811414579375	1	NS	-1.9145302075916	0.0258724411011418	DOWN
DOWN	dnf2_only	medtr.A17.gnm5.ann1_6.MtrunA17Chr2g0326781	MtrunA17Chr2g0326781			medtr.A17.gnm5.MtrunA17Chr2	-	46500054	46509764	-0.996960974430482	1	NS	-1.90875245019394	0.000259280866470547	DOWN
DOWN	dnf2_only	medtr.A17.gnm5.ann1_6.MtrunA17Chr5g0412191	MtrunA17Chr5g0412191			medtr.A17.gnm5.MtrunA17Chr5	-	13644332	13645056	-0.955915345942581	1	NS	-1.90563728514657	0.0274529970381216	DOWN
DOWN	dnf2_only	medtr.A17.gnm5.ann1_6.MtrunA17Chr6g0464921	MtrunA17Chr6g0464921			medtr.A17.gnm5.MtrunA17Chr6	-	14126863	14129588	-1.13192538913836	0.953969923370886	NS	-1.90219418021305	0.0458998017858893	DOWN
DOWN	dnf2_only	medtr.A17.gnm5.ann1_6.MtrunA17Chr6g0477681	MtrunA17Chr6g0477681			medtr.A17.gnm5.MtrunA17Chr6	+	32434206	32437934	-0.751849947822168	1	NS	-1.89562653410557	0.0174316084409161	DOWN
DOWN	dnf2_only	medtr.A17.gnm5.ann1_6.MtrunA17Chr1g0170321	MtrunA17Chr1g0170321			medtr.A17.gnm5.MtrunA17Chr1	-	19047906	19051191	-0.155375644968816	1	NS	-1.89360491689151	0.0340821586263167	DOWN
DOWN	dnf2_only	medtr.A17.gnm5.ann1_6.MtrunA17Chr8g0342811	MtrunA17Chr8g0342811			medtr.A17.gnm5.MtrunA17Chr8	+	6241402	6248236	-1.20454177131062	0.530208984768032	NS	-1.88904625329571	0.0018246177290443	DOWN
DOWN	dnf2_only	medtr.A17.gnm5.ann1_6.MtrunA17Chr7g0240001	MtrunA17Chr7g0240001	MtNCR075	Nodule-specific Cysteine-Rich peptide	medtr.A17.gnm5.MtrunA17Chr7	-	29858520	29859542	-0.95603825523199	1	NS	-1.88763756339657	0.0154393162940786	DOWN
DOWN	dnf2_only	medtr.A17.gnm5.ann1_6.MtrunA17Chr5g0413721	MtrunA17Chr5g0413721			medtr.A17.gnm5.MtrunA17Chr5	+	14887379	14894475	-1.23737000771301	0.420647385896396	NS	-1.88040311189962	0.00142798162497044	DOWN
DOWN	dnf2_only	medtr.A17.gnm5.ann1_6.MtrunA17Chr5g0428881	MtrunA17Chr5g0428881			medtr.A17.gnm5.MtrunA17Chr5	+	30461138	30465025	-1.32364244597552	0.37551917719941	NS	-1.87655994846375	0.0120625538654391	DOWN
DOWN	dnf2_only	medtr.A17.gnm5.ann1_6.MtrunA17Chr8g0357271	MtrunA17Chr8g0357271	MtDefNS7|MtPDF29	symbiotic defensin 7|Plant Defensin 29	medtr.A17.gnm5.MtrunA17Chr8	+	19163404	19164338	-1.66292583745567	0.0930425910253385	NS	-1.87589846122744	0.0167873461807304	DOWN
DOWN	dnf2_only	medtr.A17.gnm5.ann1_6.MtrunA17Chr6g0467521	MtrunA17Chr6g0467521			medtr.A17.gnm5.MtrunA17Chr6	+	16477585	16484099	0.5448499087101	1	NS	-1.87175495476042	0.00596781179985395	DOWN
DOWN	dnf2_only	medtr.A17.gnm5.ann1_6.MtrunA17Chr1g0148081	MtrunA17Chr1g0148081			medtr.A17.gnm5.MtrunA17Chr1	+	1585196	1587339	0.612677331496912	1	NS	-1.8715369239232	0.0473771338556664	DOWN
DOWN	dnf2_only	medtr.A17.gnm5.ann1_6.MtrunA17Chr5g0409731	MtrunA17Chr5g0409731			medtr.A17.gnm5.MtrunA17Chr5	-	11436860	11440898	-1.25020715714232	0.551476478746968	NS	-1.87109869502205	0.0117591873909549	DOWN
DOWN	dnf2_only	medtr.A17.gnm5.ann1_6.MtrunA17Chr1g0192651	MtrunA17Chr1g0192651			medtr.A17.gnm5.MtrunA17Chr1	+	41266715	41269957	-1.40975936203018	0.167664209519979	NS	-1.86471940145382	0.00311321101526311	DOWN
DOWN	dnf2_only	medtr.A17.gnm5.ann1_6.MtrunA17Chr4g0027771	MtrunA17Chr4g0027771			medtr.A17.gnm5.MtrunA17Chr4	-	28876164	28883893	-1.86922771500258	0.0726738576364734	NS	-1.86186098942559	0.0458096777549359	DOWN
DOWN	dnf2_only	medtr.A17.gnm5.ann1_6.MtrunA17Chr5g0423081	MtrunA17Chr5g0423081			medtr.A17.gnm5.MtrunA17Chr5	-	24837374	24843269	-0.853685265239148	1	NS	-1.86116571704204	0.0141047447407033	DOWN
DOWN	dnf2_only	medtr.A17.gnm5.ann1_6.MtrunA17Chr6g0482271	MtrunA17Chr6g0482271			medtr.A17.gnm5.MtrunA17Chr6	+	36987432	36987737	-0.227416949938	1	NS	-1.86051972136817	0.0469351075272103	DOWN
DOWN	dnf2_only	medtr.A17.gnm5.ann1_6.MtrunA17Chr7g0239561	MtrunA17Chr7g0239561	MtNCR713	Nodule-specific Cysteine-Rich peptide	medtr.A17.gnm5.MtrunA17Chr7	+	29569573	29570919	-1.23467015535201	0.634870562107447	NS	-1.85694524655916	0.0176631066904156	DOWN
DOWN	dnf2_only	medtr.A17.gnm5.ann1_6.MtrunA17Chr7g0246441	MtrunA17Chr7g0246441			medtr.A17.gnm5.MtrunA17Chr7	-	35213609	35217727	-0.679086265850445	1	NS	-1.85668873455023	0.0197520159803834	DOWN
DOWN	dnf2_only	medtr.A17.gnm5.ann1_6.MtrunA17Chr3g0144331	MtrunA17Chr3g0144331			medtr.A17.gnm5.MtrunA17Chr3	+	57723468	57724291	-1.36685045533111	0.273878707887425	NS	-1.85612072834843	0.00754940214566032	DOWN
DOWN	dnf2_only	medtr.A17.gnm5.ann1_6.MtrunA17Chr8g0385781	MtrunA17Chr8g0385781			medtr.A17.gnm5.MtrunA17Chr8	+	44328107	44336649	-0.737100816737975	1	NS	-1.85454964511072	0.0240759628782722	DOWN
DOWN	dnf2_only	medtr.A17.gnm5.ann1_6.MtrunA17Chr4g0070921	MtrunA17Chr4g0070921			medtr.A17.gnm5.MtrunA17Chr4	-	60404874	60413937	-0.443914426398087	1	NS	-1.85259992198585	0.0176109958444351	DOWN
DOWN	dnf2_only	medtr.A17.gnm5.ann1_6.MtrunA17Chr1g0167531	MtrunA17Chr1g0167531	MtNCR057	Nodule-specific Cysteine-Rich peptide	medtr.A17.gnm5.MtrunA17Chr1	-	16454180	16456500	-0.750038593440189	1	NS	-1.8494272940891	0.0169874502564244	DOWN
DOWN	dnf2_only	medtr.A17.gnm5.ann1_6.MtrunA17Chr7g0273951	MtrunA17Chr7g0273951			medtr.A17.gnm5.MtrunA17Chr7	-	54459542	54462688	-1.36001246046329	0.298799246704775	NS	-1.8492973482227	0.00741356519260824	DOWN
DOWN	dnf2_only	medtr.A17.gnm5.ann1_6.MtrunA17Chr4g0041111	MtrunA17Chr4g0041111			medtr.A17.gnm5.MtrunA17Chr4	+	38853259	38854357	-0.99800445609865	1	NS	-1.84698999912479	0.00324733036726599	DOWN
DOWN	dnf2_only	medtr.A17.gnm5.ann1_6.MtrunA17Chr7g0239951	MtrunA17Chr7g0239951	MtNCR716	Nodule-specific Cysteine-Rich peptide	medtr.A17.gnm5.MtrunA17Chr7	+	29844840	29847442	-1.01812719559533	1	NS	-1.84234772920533	0.00694003236489151	DOWN
DOWN	dnf2_only	medtr.A17.gnm5.ann1_6.MtrunA17Chr8g0372931	MtrunA17Chr8g0372931			medtr.A17.gnm5.MtrunA17Chr8	-	35252922	35260420	-1.49246831293836	0.166120886909883	NS	-1.84230346965462	0.0114607687808688	DOWN
DOWN	dnf2_only	medtr.A17.gnm5.ann1_6.MtrunA17Chr2g0314261	MtrunA17Chr2g0314261	MtNCR185	Nodule-specific Cysteine-Rich peptide	medtr.A17.gnm5.MtrunA17Chr2	+	36749759	36752253	-0.871457766718608	1	NS	-1.84111167888839	0.00686909692729683	DOWN
DOWN	dnf2_only	medtr.A17.gnm5.ann1_6.MtrunA17Chr4g0043631	MtrunA17Chr4g0043631			medtr.A17.gnm5.MtrunA17Chr4	+	40650171	40655162	0.0429609588434039	1	NS	-1.84094341070748	0.0204729537322147	DOWN
DOWN	dnf2_only	medtr.A17.gnm5.ann1_6.MtrunA17Chr8g0362711	MtrunA17Chr8g0362711			medtr.A17.gnm5.MtrunA17Chr8	-	27225952	27234338	-1.68302632684659	0.0814775503255274	NS	-1.83890251152579	0.0199006175828179	DOWN
DOWN	dnf2_only	medtr.A17.gnm5.ann1_6.MtrunA17Chr7g0273401	MtrunA17Chr7g0273401			medtr.A17.gnm5.MtrunA17Chr7	-	54088613	54090370	-0.776436016628932	1	NS	-1.83822873245033	0.047953534482326	DOWN
DOWN	dnf2_only	medtr.A17.gnm5.ann1_6.MtrunA17Chr4g0026011	MtrunA17Chr4g0026011			medtr.A17.gnm5.MtrunA17Chr4	+	27009585	27013250	-1.91230030190802	0.055782089288355	NS	-1.83659387176236	0.047413059770476	DOWN
DOWN	dnf2_only	medtr.A17.gnm5.ann1_6.MtrunA17Chr3g0143931	MtrunA17Chr3g0143931			medtr.A17.gnm5.MtrunA17Chr3	-	57411790	57429429	-1.41248959561229	0.115782456313452	NS	-1.83628341922572	0.00164282596921621	DOWN
DOWN	dnf2_only	medtr.A17.gnm5.ann1_6.MtrunA17Chr4g0038851	MtrunA17Chr4g0038851			medtr.A17.gnm5.MtrunA17Chr4	+	37114308	37116665	-1.52650989736006	0.258370232362541	NS	-1.83056953863735	0.0479911750909795	DOWN
DOWN	dnf2_only	medtr.A17.gnm5.ann1_6.MtrunA17Chr4g0025481	MtrunA17Chr4g0025481			medtr.A17.gnm5.MtrunA17Chr4	-	26302849	26305929	-1.21755545391762	0.598899114461725	NS	-1.82823039417312	0.00961402441934761	DOWN
DOWN	dnf2_only	medtr.A17.gnm5.ann1_6.MtrunA17Chr7g0235221	MtrunA17Chr7g0235221	MtNCR774	Nodule-specific Cysteine-Rich peptide	medtr.A17.gnm5.MtrunA17Chr7	+	25596009	25596913	-1.583810025713	0.20544771604151	NS	-1.82396611801587	0.0442104456627762	DOWN
DOWN	dnf2_only	medtr.A17.gnm5.ann1_6.MtrunA17Chr2g0296121	MtrunA17Chr2g0296121			medtr.A17.gnm5.MtrunA17Chr2	-	14486555	14488347	-0.673715025157262	1	NS	-1.81763408572461	0.0177953075778715	DOWN
DOWN	dnf2_only	medtr.A17.gnm5.ann1_6.MtrunA17Chr8g0359931	MtrunA17Chr8g0359931			medtr.A17.gnm5.MtrunA17Chr8	-	23763568	23766816	-0.860667341173019	1	NS	-1.81311998843036	0.0325858964453433	DOWN
DOWN	dnf2_only	medtr.A17.gnm5.ann1_6.MtrunA17Chr1g0206601	MtrunA17Chr1g0206601			medtr.A17.gnm5.MtrunA17Chr1	+	51480493	51487333	-1.40969085954976	0.340941824490885	NS	-1.81153912134539	0.0290595268236346	DOWN
DOWN	dnf2_only	medtr.A17.gnm5.ann1_6.MtrunA17Chr1g0155701	MtrunA17Chr1g0155701	MtBGAL2	beta-galactosidase 2	medtr.A17.gnm5.MtrunA17Chr1	+	7414540	7420253	-1.3920227679297	0.277422226708572	NS	-1.8097939642595	0.0134077810762385	DOWN
DOWN	dnf2_only	medtr.A17.gnm5.ann1_6.MtrunA17Chr7g0216321	MtrunA17Chr7g0216321			medtr.A17.gnm5.MtrunA17Chr7	+	2025297	2025847	-0.607559923936985	1	NS	-1.80879922873508	0.0319722361661612	DOWN
DOWN	dnf2_only	medtr.A17.gnm5.ann1_6.MtrunA17Chr7g0239601	MtrunA17Chr7g0239601			medtr.A17.gnm5.MtrunA17Chr7	+	29582314	29586180	-0.76180819396003	1	NS	-1.80351480415872	0.00129259696992306	DOWN
DOWN	dnf2_only	medtr.A17.gnm5.ann1_6.MtrunA17Chr3g0105301	MtrunA17Chr3g0105301			medtr.A17.gnm5.MtrunA17Chr3	+	29259129	29263847	-1.13349222160958	0.846574431972009	NS	-1.80219512379916	0.0171212539808725	DOWN
DOWN	dnf2_only	medtr.A17.gnm5.ann1_6.MtrunA17Chr1g0198861	MtrunA17Chr1g0198861			medtr.A17.gnm5.MtrunA17Chr1	-	45763914	45769809	-0.386235658261339	1	NS	-1.79996709520434	0.0350472844691744	DOWN
DOWN	dnf2_only	medtr.A17.gnm5.ann1_6.MtrunA17Chr7g0252431	MtrunA17Chr7g0252431			medtr.A17.gnm5.MtrunA17Chr7	-	39363579	39367242	-0.715493591664045	1	NS	-1.79881736247213	0.000850063375549084	DOWN
DOWN	dnf2_only	medtr.A17.gnm5.ann1_6.MtrunA17Chr5g0429381	MtrunA17Chr5g0429381	MtNCR315	Nodule-specific Cysteine-Rich peptide	medtr.A17.gnm5.MtrunA17Chr5	+	30797536	30798323	-0.641480350149102	1	NS	-1.79830605595248	0.0368180752193423	DOWN
DOWN	dnf2_only	medtr.A17.gnm5.ann1_6.MtrunA17Chr4g0006291	MtrunA17Chr4g0006291	MtNCR421	Nodule-specific Cysteine-Rich peptide	medtr.A17.gnm5.MtrunA17Chr4	-	5006334	5007184	-1.62191043670102	0.152471131525108	NS	-1.79450221043211	0.0422212682899486	DOWN
DOWN	dnf2_only	medtr.A17.gnm5.ann1_6.MtrunA17Chr7g0247031	MtrunA17Chr7g0247031			medtr.A17.gnm5.MtrunA17Chr7	+	35586350	35589471	-0.840526840820261	1	NS	-1.79425328854277	0.00291972776001336	DOWN
DOWN	dnf2_only	medtr.A17.gnm5.ann1_6.MtrunA17Chr7g0227961	MtrunA17Chr7g0227961			medtr.A17.gnm5.MtrunA17Chr7	-	13104290	13108879	-1.46152716294695	0.0642138394322409	NS	-1.79375374759833	0.00168009356884907	DOWN
DOWN	dnf2_only	medtr.A17.gnm5.ann1_6.MtrunA17Chr8g0380661	MtrunA17Chr8g0380661			medtr.A17.gnm5.MtrunA17Chr8	+	40940336	40943863	-0.930616702554302	1	NS	-1.79308476950588	0.00130341038458296	DOWN
DOWN	dnf2_only	medtr.A17.gnm5.ann1_6.MtrunA17Chr1g0181171	MtrunA17Chr1g0181171			medtr.A17.gnm5.MtrunA17Chr1	-	32237508	32238546	-1.14899252382919	0.752297819113181	NS	-1.79260655121171	0.00836316800727618	DOWN
DOWN	dnf2_only	medtr.A17.gnm5.ann1_6.MtrunA17Chr6g0483331	MtrunA17Chr6g0483331	MtMATE34	multidrug and toxic compound extrusion family	medtr.A17.gnm5.MtrunA17Chr6	-	37850082	37855279	0.694248383593694	1	NS	-1.79237622131774	0.0135698494016313	DOWN
DOWN	dnf2_only	medtr.A17.gnm5.ann1_6.MtrunA17Chr7g0240051	MtrunA17Chr7g0240051			medtr.A17.gnm5.MtrunA17Chr7	-	29877980	29878951	-0.893335979173144	1	NS	-1.79183399896146	0.0149407958091455	DOWN
DOWN	dnf2_only	medtr.A17.gnm5.ann1_6.MtrunA17Chr3g0145361	MtrunA17Chr3g0145361			medtr.A17.gnm5.MtrunA17Chr3	-	58482528	58484939	-0.718877282181011	1	NS	-1.79153328921492	0.00561032142943692	DOWN
DOWN	dnf2_only	medtr.A17.gnm5.ann1_6.MtrunA17Chr5g0397651	MtrunA17Chr5g0397651			medtr.A17.gnm5.MtrunA17Chr5	-	2813222	2817474	-1.48671373253018	0.194432910721784	NS	-1.79013888213064	0.0204731221202327	DOWN
DOWN	dnf2_only	medtr.A17.gnm5.ann1_6.MtrunA17Chr7g0247011	MtrunA17Chr7g0247011			medtr.A17.gnm5.MtrunA17Chr7	+	35581534	35584801	-1.18745681336308	0.70675853893403	NS	-1.786572860236	0.0212303218787931	DOWN
DOWN	dnf2_only	medtr.A17.gnm5.ann1_6.MtrunA17Chr4g0069431	MtrunA17Chr4g0069431			medtr.A17.gnm5.MtrunA17Chr4	+	59352035	59362254	-1.10068211155705	0.88443784570838	NS	-1.78580249644146	0.00669847663438203	DOWN
DOWN	dnf2_only	medtr.A17.gnm5.ann1_6.MtrunA17Chr7g0263551	MtrunA17Chr7g0263551			medtr.A17.gnm5.MtrunA17Chr7	+	47323218	47326221	-0.894167585316982	1	NS	-1.78576711258946	0.0311230687786694	DOWN
DOWN	dnf2_only	medtr.A17.gnm5.ann1_6.MtrunA17Chr3g0117971	MtrunA17Chr3g0117971			medtr.A17.gnm5.MtrunA17Chr3	+	38767280	38768666	-1.45250049460665	0.306019562407378	NS	-1.78382895166168	0.0422837372304062	DOWN
DOWN	dnf2_only	medtr.A17.gnm5.ann1_6.MtrunA17Chr2g0324661	MtrunA17Chr2g0324661			medtr.A17.gnm5.MtrunA17Chr2	+	44767589	44770190	-1.18005183067943	0.689271229538717	NS	-1.78114438090889	0.0130691882996102	DOWN
DOWN	dnf2_only	medtr.A17.gnm5.ann1_6.MtrunA17Chr1g0196531	MtrunA17Chr1g0196531			medtr.A17.gnm5.MtrunA17Chr1	-	44056677	44062056	-1.46355231139559	0.0801867942373681	NS	-1.77819352525808	0.00293601555272753	DOWN
DOWN	dnf2_only	medtr.A17.gnm5.ann1_6.MtrunA17Chr4g0001101	MtrunA17Chr4g0001101			medtr.A17.gnm5.MtrunA17Chr4	+	721252	722595	-1.38760426000415	0.333713969587896	NS	-1.77461904314588	0.0305707199661277	DOWN
DOWN	dnf2_only	medtr.A17.gnm5.ann1_6.MtrunA17Chr6g0450791	MtrunA17Chr6g0450791			medtr.A17.gnm5.MtrunA17Chr6	+	1500676	1511545	-0.826915716109724	1	NS	-1.76658879360969	0.00218748762923486	DOWN
DOWN	dnf2_only	medtr.A17.gnm5.ann1_6.MtrunA17Chr5g0404831	MtrunA17Chr5g0404831			medtr.A17.gnm5.MtrunA17Chr5	+	8153873	8156561	-1.21594143905061	0.629653042248223	NS	-1.76536277245046	0.0261037875138829	DOWN
DOWN	dnf2_only	medtr.A17.gnm5.ann1_6.MtrunA17Chr5g0429371	MtrunA17Chr5g0429371			medtr.A17.gnm5.MtrunA17Chr5	-	30796241	30800539	-0.659132905348959	1	NS	-1.7645308119721	0.0455965711025471	DOWN
DOWN	dnf2_only	medtr.A17.gnm5.ann1_6.MtrunA17Chr4g0025201	MtrunA17Chr4g0025201			medtr.A17.gnm5.MtrunA17Chr4	+	26014294	26020224	-1.36717877350718	0.273563541726413	NS	-1.76452383956704	0.0149578723219992	DOWN
DOWN	dnf2_only	medtr.A17.gnm5.ann1_6.MtrunA17Chr7g0224341	MtrunA17Chr7g0224341	MtNCR180	Nodule-specific Cysteine-Rich peptide	medtr.A17.gnm5.MtrunA17Chr7	-	9544213	9546914	-0.155092647519289	1	NS	-1.76158821851196	0.0468092534683686	DOWN
DOWN	dnf2_only	medtr.A17.gnm5.ann1_6.MtrunA17Chr3g0134481	MtrunA17Chr3g0134481	MtRRB1|MtRR1	type-B response regulator	medtr.A17.gnm5.MtrunA17Chr3	-	50735469	50736811	-1.46828752716406	0.287584776403975	NS	-1.75893874940607	0.04716695428407	DOWN
DOWN	dnf2_only	medtr.A17.gnm5.ann1_6.MtrunA17Chr8g0352981	MtrunA17Chr8g0352981			medtr.A17.gnm5.MtrunA17Chr8	+	14755186	14755552	-1.28581805614583	0.244228992581763	NS	-1.750468579507	0.00212123831104371	DOWN
DOWN	dnf2_only	medtr.A17.gnm5.ann1_6.MtrunA17Chr7g0267951	MtrunA17Chr7g0267951			medtr.A17.gnm5.MtrunA17Chr7	-	50533252	50537633	-1.17834406017527	0.538434180720993	NS	-1.75007636429755	0.00311605066876758	DOWN
DOWN	dnf2_only	medtr.A17.gnm5.ann1_6.MtrunA17Chr1g0179311	MtrunA17Chr1g0179311			medtr.A17.gnm5.MtrunA17Chr1	-	30638348	30640389	-0.692777561586679	1	NS	-1.74754076401818	0.0357940639832368	DOWN
DOWN	dnf2_only	medtr.A17.gnm5.ann1_6.MtrunA17Chr3g0140911	MtrunA17Chr3g0140911	MtSUT4-2|MtSUT4.2	sucrose transporter	medtr.A17.gnm5.MtrunA17Chr3	+	55270562	55280374	-0.924345153200741	1	NS	-1.74318866958309	0.00465816353111603	DOWN
DOWN	dnf2_only	medtr.A17.gnm5.ann1_6.MtrunA17Chr2g0328581	MtrunA17Chr2g0328581			medtr.A17.gnm5.MtrunA17Chr2	+	47837255	47841343	-0.752463678197641	1	NS	-1.74239184798734	0.0103040294437892	DOWN
DOWN	dnf2_only	medtr.A17.gnm5.ann1_6.MtrunA17Chr1g0149461	MtrunA17Chr1g0149461			medtr.A17.gnm5.MtrunA17Chr1	-	2602664	2606610	-1.7062356785167	0.0619621211250484	NS	-1.73976946421654	0.0301686286834767	DOWN
DOWN	dnf2_only	medtr.A17.gnm5.ann1_6.MtrunA17Chr8g0370921	MtrunA17Chr8g0370921			medtr.A17.gnm5.MtrunA17Chr8	+	33976175	33977782	-1.07290589072023	0.960745199257626	NS	-1.73729938677623	0.00692433827671543	DOWN
DOWN	dnf2_only	medtr.A17.gnm5.ann1_6.MtrunA17Chr6g0455641	MtrunA17Chr6g0455641			medtr.A17.gnm5.MtrunA17Chr6	+	5662181	5666219	-0.29632617618657	1	NS	-1.73414431904225	0.00526550312375257	DOWN
DOWN	dnf2_only	medtr.A17.gnm5.ann1_6.MtrunA17Chr7g0258941	MtrunA17Chr7g0258941			medtr.A17.gnm5.MtrunA17Chr7	+	44069119	44073223	-1.56068657408818	0.0722753776839395	NS	-1.73373941720468	0.0118008253189743	DOWN
DOWN	dnf2_only	medtr.A17.gnm5.ann1_6.MtrunA17Chr6g0452941	MtrunA17Chr6g0452941			medtr.A17.gnm5.MtrunA17Chr6	+	3229178	3234883	-1.37562447786673	0.317234617792833	NS	-1.73320262556698	0.0251455952182335	DOWN
DOWN	dnf2_only	medtr.A17.gnm5.ann1_6.MtrunA17Chr7g0261851	MtrunA17Chr7g0261851	MtNPF5.5	NRT1/ PTR FAMILY|nitrate transporter / peptide transporter	medtr.A17.gnm5.MtrunA17Chr7	-	46134369	46137385	-0.805391964615635	1	NS	-1.73237757333321	0.0108443497107876	DOWN
DOWN	dnf2_only	medtr.A17.gnm5.ann1_6.MtrunA17Chr2g0325101	MtrunA17Chr2g0325101	MtROP8	Rho-related GTPase 8 (EU164777)	medtr.A17.gnm5.MtrunA17Chr2	-	45107942	45110489	-0.691865769059029	1	NS	-1.72981143671638	0.00135390361893592	DOWN
DOWN	dnf2_only	medtr.A17.gnm5.ann1_6.MtrunA17Chr5g0425141	MtrunA17Chr5g0425141			medtr.A17.gnm5.MtrunA17Chr5	+	27168709	27173979	-0.230807765655599	1	NS	-1.72925501894936	0.0182958614122555	DOWN
DOWN	dnf2_only	medtr.A17.gnm5.ann1_6.MtrunA17Chr3g0123041	MtrunA17Chr3g0123041			medtr.A17.gnm5.MtrunA17Chr3	+	42346625	42356827	-0.953152158777729	1	NS	-1.72879576290552	0.00691949215108181	DOWN
DOWN	dnf2_only	medtr.A17.gnm5.ann1_6.MtrunA17Chr4g0001391	MtrunA17Chr4g0001391			medtr.A17.gnm5.MtrunA17Chr4	-	963969	966128	-0.240046470898089	1	NS	-1.72772496533338	0.00499892959955038	DOWN
DOWN	dnf2_only	medtr.A17.gnm5.ann1_6.MtrunA17Chr1g0203121	MtrunA17Chr1g0203121			medtr.A17.gnm5.MtrunA17Chr1	+	49026672	49036375	-0.840094661031013	1	NS	-1.72613801033061	0.0305565413191073	DOWN
DOWN	dnf2_only	medtr.A17.gnm5.ann1_6.MtrunA17Chr1g0194751	MtrunA17Chr1g0194751			medtr.A17.gnm5.MtrunA17Chr1	-	42838019	42840573	-0.584938189973875	1	NS	-1.71954963830122	0.0425670424451889	DOWN
DOWN	dnf2_only	medtr.A17.gnm5.ann1_6.MtrunA17Chr6g0470991	MtrunA17Chr6g0470991			medtr.A17.gnm5.MtrunA17Chr6	-	21527503	21529256	-1.01859731655566	1	NS	-1.71908262679045	0.0480064725413756	DOWN
DOWN	dnf2_only	medtr.A17.gnm5.ann1_6.MtrunA17Chr3g0088531	MtrunA17Chr3g0088531			medtr.A17.gnm5.MtrunA17Chr3	-	9869071	9871068	-0.192284945490773	1	NS	-1.69304097078166	0.0343038849273315	DOWN
DOWN	dnf2_only	medtr.A17.gnm5.ann1_6.MtrunA17Chr8g0366111	MtrunA17Chr8g0366111			medtr.A17.gnm5.MtrunA17Chr8	-	30048222	30054963	-1.09028537995021	0.828030859959357	NS	-1.68551978720214	0.00258006560344153	DOWN
DOWN	dnf2_only	medtr.A17.gnm5.ann1_6.MtrunA17Chr5g0424971	MtrunA17Chr5g0424971			medtr.A17.gnm5.MtrunA17Chr5	+	27017041	27019915	-0.117101846990882	1	NS	-1.68330410010345	0.0403302960824547	DOWN
DOWN	dnf2_only	medtr.A17.gnm5.ann1_6.MtrunA17Chr1g0146421	MtrunA17Chr1g0146421			medtr.A17.gnm5.MtrunA17Chr1	-	299539	304678	-0.234814741715164	1	NS	-1.6819949588425	0.00658249211271343	DOWN
DOWN	dnf2_only	medtr.A17.gnm5.ann1_6.MtrunA17Chr7g0262541	MtrunA17Chr7g0262541			medtr.A17.gnm5.MtrunA17Chr7	+	46630620	46632808	-1.05588100749735	1	NS	-1.68008479524064	0.015740970989983	DOWN
DOWN	dnf2_only	medtr.A17.gnm5.ann1_6.MtrunA17Chr2g0329091	MtrunA17Chr2g0329091			medtr.A17.gnm5.MtrunA17Chr2	+	48179680	48182408	-0.748658387326139	1	NS	-1.67971910172984	0.0324395830824689	DOWN
DOWN	dnf2_only	medtr.A17.gnm5.ann1_6.MtrunA17Chr5g0424851	MtrunA17Chr5g0424851			medtr.A17.gnm5.MtrunA17Chr5	-	26896104	26901047	-1.32815054091109	0.335351728437993	NS	-1.67682149124894	0.0235079172869126	DOWN
DOWN	dnf2_only	medtr.A17.gnm5.ann1_6.MtrunA17Chr5g0403421	MtrunA17Chr5g0403421			medtr.A17.gnm5.MtrunA17Chr5	+	7225011	7229691	0.79640412038165	1	NS	-1.67646936476263	0.0479032537785946	DOWN
DOWN	dnf2_only	medtr.A17.gnm5.ann1_6.MtrunA17Chr1g0171621	MtrunA17Chr1g0171621			medtr.A17.gnm5.MtrunA17Chr1	+	20355548	20358709	-0.589265419844281	1	NS	-1.67079187314901	0.0347157208261154	DOWN
DOWN	dnf2_only	medtr.A17.gnm5.ann1_6.MtrunA17Chr7g0224701	MtrunA17Chr7g0224701	MtNCR452	Nodule-specific Cysteine-Rich peptide	medtr.A17.gnm5.MtrunA17Chr7	-	10050493	10052497	-0.486859232217787	1	NS	-1.66937096484549	0.0313314814245345	DOWN
DOWN	dnf2_only	medtr.A17.gnm5.ann1_6.MtrunA17Chr8g0336661	MtrunA17Chr8g0336661			medtr.A17.gnm5.MtrunA17Chr8	-	1830073	1840129	0.214455078819849	1	NS	-1.66724876458314	0.0318759710879189	DOWN
DOWN	dnf2_only	medtr.A17.gnm5.ann1_6.MtrunA17Chr2g0320821	MtrunA17Chr2g0320821	MtNCR571	Nodule-specific Cysteine-Rich peptide	medtr.A17.gnm5.MtrunA17Chr2	-	42019749	42021837	-0.876371980629984	1	NS	-1.66365399433568	0.0282490821255879	DOWN
DOWN	dnf2_only	medtr.A17.gnm5.ann1_6.MtrunA17Chr8g0393101	MtrunA17Chr8g0393101			medtr.A17.gnm5.MtrunA17Chr8	+	49489048	49490968	-0.623451419787592	1	NS	-1.66330827470504	0.0223860727258853	DOWN
DOWN	dnf2_only	medtr.A17.gnm5.ann1_6.MtrunA17Chr3g0124061	MtrunA17Chr3g0124061			medtr.A17.gnm5.MtrunA17Chr3	-	43007538	43009421	-1.38094875058455	0.241824073414686	NS	-1.64963076236938	0.0255936560765501	DOWN
DOWN	dnf2_only	medtr.A17.gnm5.ann1_6.MtrunA17Chr5g0422621	MtrunA17Chr5g0422621			medtr.A17.gnm5.MtrunA17Chr5	+	24435748	24438365	-0.553981728348904	1	NS	-1.64855452054264	0.0238635511892642	DOWN
DOWN	dnf2_only	medtr.A17.gnm5.ann1_6.MtrunA17Chr3g0122821	MtrunA17Chr3g0122821			medtr.A17.gnm5.MtrunA17Chr3	+	42199025	42205546	-0.084814629210477	1	NS	-1.64778758172674	0.0180416858053251	DOWN
DOWN	dnf2_only	medtr.A17.gnm5.ann1_6.MtrunA17Chr1g0198371	MtrunA17Chr1g0198371	MtNCR012	Nodule-specific Cysteine-Rich peptide	medtr.A17.gnm5.MtrunA17Chr1	+	45382231	45382863	-0.782451656384606	1	NS	-1.64704630079937	0.0276292208882411	DOWN
DOWN	dnf2_only	medtr.A17.gnm5.ann1_6.MtrunA17Chr3g0126811	MtrunA17Chr3g0126811			medtr.A17.gnm5.MtrunA17Chr3	-	45063029	45064765	-0.505271057451991	1	NS	-1.64638273430364	0.0276042906210649	DOWN
DOWN	dnf2_only	medtr.A17.gnm5.ann1_6.MtrunA17Chr6g0452711	MtrunA17Chr6g0452711			medtr.A17.gnm5.MtrunA17Chr6	+	3048344	3066449	-1.24308880976088	0.317673893646689	NS	-1.64551646653306	0.00486510891661227	DOWN
DOWN	dnf2_only	medtr.A17.gnm5.ann1_6.MtrunA17Chr2g0314491	MtrunA17Chr2g0314491			medtr.A17.gnm5.MtrunA17Chr2	-	36933447	36938431	-0.956055101728497	1	NS	-1.64428914476502	0.03544828355861	DOWN
DOWN	dnf2_only	medtr.A17.gnm5.ann1_6.MtrunA17Chr4g0001381	MtrunA17Chr4g0001381			medtr.A17.gnm5.MtrunA17Chr4	+	961141	964876	-0.207108804733207	1	NS	-1.64115088890714	0.00810550593439565	DOWN
DOWN	dnf2_only	medtr.A17.gnm5.ann1_6.MtrunA17Chr3g0118241	MtrunA17Chr3g0118241			medtr.A17.gnm5.MtrunA17Chr3	-	38931330	38931854	-0.192804866205764	1	NS	-1.63537611848509	0.00960227317791633	DOWN
DOWN	dnf2_only	medtr.A17.gnm5.ann1_6.MtrunA17Chr4g0059711	MtrunA17Chr4g0059711			medtr.A17.gnm5.MtrunA17Chr4	-	52290328	52290859	-1.3053913870653	0.215969482957252	NS	-1.63362505645029	0.00681915921915843	DOWN
DOWN	dnf2_only	medtr.A17.gnm5.ann1_6.MtrunA17Chr3g0139221	MtrunA17Chr3g0139221			medtr.A17.gnm5.MtrunA17Chr3	-	53977386	53979986	-1.21002967853413	0.408330721160197	NS	-1.62407567171839	0.0057970146948263	DOWN
DOWN	dnf2_only	medtr.A17.gnm5.ann1_6.MtrunA17Chr3g0130841	MtrunA17Chr3g0130841			medtr.A17.gnm5.MtrunA17Chr3	+	47877674	47885300	-0.695810469930501	1	NS	-1.6235783947077	0.00871120410116411	DOWN
DOWN	dnf2_only	medtr.A17.gnm5.ann1_6.MtrunA17Chr5g0407791	MtrunA17Chr5g0407791			medtr.A17.gnm5.MtrunA17Chr5	-	10175074	10183782	-0.871437952806668	1	NS	-1.62086025148101	0.035829564605038	DOWN
DOWN	dnf2_only	medtr.A17.gnm5.ann1_6.MtrunA17Chr4g0011481	MtrunA17Chr4g0011481			medtr.A17.gnm5.MtrunA17Chr4	-	8991157	8995512	-1.04869678041147	1	NS	-1.62033057195099	0.00721361740127418	DOWN
DOWN	dnf2_only	medtr.A17.gnm5.ann1_6.MtrunA17Chr5g0433261	MtrunA17Chr5g0433261			medtr.A17.gnm5.MtrunA17Chr5	+	33772260	33778520	-1.4293475540987	0.0835282588861718	NS	-1.61704727893996	0.00859195126792582	DOWN
DOWN	dnf2_only	medtr.A17.gnm5.ann1_6.MtrunA17Chr3g0102531	MtrunA17Chr3g0102531			medtr.A17.gnm5.MtrunA17Chr3	-	27057289	27064471	-0.3983846992072	1	NS	-1.61626242392757	0.0317234649965148	DOWN
DOWN	dnf2_only	medtr.A17.gnm5.ann1_6.MtrunA17Chr8g0350171	MtrunA17Chr8g0350171			medtr.A17.gnm5.MtrunA17Chr8	+	12292738	12293333	-1.16885982083815	0.653618778643559	NS	-1.60782929747276	0.0287106944881922	DOWN
DOWN	dnf2_only	medtr.A17.gnm5.ann1_6.MtrunA17Chr2g0306721	MtrunA17Chr2g0306721	MtNCR799	Nodule-specific Cysteine-Rich peptide	medtr.A17.gnm5.MtrunA17Chr2	+	28807787	28812283	-0.184629516541337	1	NS	-1.6046541651723	0.0434114784068944	DOWN
DOWN	dnf2_only	medtr.A17.gnm5.ann1_6.MtrunA17Chr7g0258551	MtrunA17Chr7g0258551			medtr.A17.gnm5.MtrunA17Chr7	-	43800558	43803288	-1.21985243717371	0.531632198325132	NS	-1.60326416101137	0.0317120991244493	DOWN
DOWN	dnf2_only	medtr.A17.gnm5.ann1_6.MtrunA17Chr1g0178601	MtrunA17Chr1g0178601			medtr.A17.gnm5.MtrunA17Chr1	-	30066994	30069963	-0.655070674227549	1	NS	-1.60031104821742	0.0245231664712336	DOWN
DOWN	dnf2_only	medtr.A17.gnm5.ann1_6.MtrunA17Chr7g0239591	MtrunA17Chr7g0239591			medtr.A17.gnm5.MtrunA17Chr7	+	29577838	29582312	-0.789215009674788	1	NS	-1.59100201112597	0.0401950825898489	DOWN
DOWN	dnf2_only	medtr.A17.gnm5.ann1_6.MtrunA17Chr8g0385201	MtrunA17Chr8g0385201			medtr.A17.gnm5.MtrunA17Chr8	-	43933298	43938659	-1.09767736249286	0.906862567711213	NS	-1.59088968194025	0.0397003757741812	DOWN
DOWN	dnf2_only	medtr.A17.gnm5.ann1_6.MtrunA17Chr7g0275321	MtrunA17Chr7g0275321			medtr.A17.gnm5.MtrunA17Chr7	+	55289961	55295672	-1.00384359625468	1	NS	-1.5773650504274	0.011881525243536	DOWN
DOWN	dnf2_only	medtr.A17.gnm5.ann1_6.MtrunA17Chr2g0331741	MtrunA17Chr2g0331741			medtr.A17.gnm5.MtrunA17Chr2	-	49979365	49983214	-0.0190115417517159	1	NS	-1.57520380983213	0.0306989458754118	DOWN
DOWN	dnf2_only	medtr.A17.gnm5.ann1_6.MtrunA17Chr2g0296891	MtrunA17Chr2g0296891			medtr.A17.gnm5.MtrunA17Chr2	+	15160606	15166147	-0.903820884471483	1	NS	-1.57510651940702	0.0189830702885017	DOWN
DOWN	dnf2_only	medtr.A17.gnm5.ann1_6.MtrunA17Chr2g0317901	MtrunA17Chr2g0317901			medtr.A17.gnm5.MtrunA17Chr2	+	39690272	39695609	-0.819702274106852	1	NS	-1.57277044689864	0.0249494134370543	DOWN
DOWN	dnf2_only	medtr.A17.gnm5.ann1_6.MtrunA17Chr3g0144941	MtrunA17Chr3g0144941			medtr.A17.gnm5.MtrunA17Chr3	+	58193568	58194462	-1.20748413720876	0.551200317902549	NS	-1.57202094172377	0.0334999774637122	DOWN
DOWN	dnf2_only	medtr.A17.gnm5.ann1_6.MtrunA17Chr7g0218061	MtrunA17Chr7g0218061			medtr.A17.gnm5.MtrunA17Chr7	+	3474464	3480752	-0.790595351659738	1	NS	-1.56729902284819	0.0306740166389484	DOWN
DOWN	dnf2_only	medtr.A17.gnm5.ann1_6.MtrunA17Chr4g0018781	MtrunA17Chr4g0018781			medtr.A17.gnm5.MtrunA17Chr4	+	14098139	14103147	-0.340196285575952	1	NS	-1.56571321547743	0.0467938815677034	DOWN
DOWN	dnf2_only	medtr.A17.gnm5.ann1_6.MtrunA17Chr8g0352871	MtrunA17Chr8g0352871	MtRRA11|MtRR11	type-A response regulator	medtr.A17.gnm5.MtrunA17Chr8	-	14691455	14693373	-1.22765759001005	0.431732672497996	NS	-1.56171955206234	0.0213276212146404	DOWN
DOWN	dnf2_only	medtr.A17.gnm5.ann1_6.MtrunA17Chr1g0149941	MtrunA17Chr1g0149941			medtr.A17.gnm5.MtrunA17Chr1	+	3029371	3032102	-1.06238046868044	1	NS	-1.5614285943333	0.04716695428407	DOWN
DOWN	dnf2_only	medtr.A17.gnm5.ann1_6.MtrunA17Chr4g0059701	MtrunA17Chr4g0059701			medtr.A17.gnm5.MtrunA17Chr4	+	52288138	52290933	-1.41815405417693	0.13777822034121	NS	-1.55115251702447	0.0300553855521204	DOWN
DOWN	dnf2_only	medtr.A17.gnm5.ann1_6.MtrunA17Chr3g0140611	MtrunA17Chr3g0140611			medtr.A17.gnm5.MtrunA17Chr3	+	54973828	54980000	-1.25199900829675	0.20544771604151	NS	-1.53917420751831	0.00457494723368847	DOWN
DOWN	dnf2_only	medtr.A17.gnm5.ann1_6.MtrunA17Chr4g0001401	MtrunA17Chr4g0001401			medtr.A17.gnm5.MtrunA17Chr4	-	966581	970001	-0.6332501256258	1	NS	-1.53847225212831	0.0461453063473004	DOWN
DOWN	dnf2_only	medtr.A17.gnm5.ann1_6.MtrunA17Chr3g0114521	MtrunA17Chr3g0114521			medtr.A17.gnm5.MtrunA17Chr3	-	35977989	35982516	-1.08546202758304	0.9155567087425	NS	-1.53243939730454	0.0381321624316708	DOWN
DOWN	dnf2_only	medtr.A17.gnm5.ann1_6.MtrunA17Chr2g0307381	MtrunA17Chr2g0307381			medtr.A17.gnm5.MtrunA17Chr2	+	29957932	29967184	-1.26599597121879	0.413137115575777	NS	-1.5301804276892	0.0483581166007109	DOWN
DOWN	dnf2_only	medtr.A17.gnm5.ann1_6.MtrunA17Chr3g0118231	MtrunA17Chr3g0118231			medtr.A17.gnm5.MtrunA17Chr3	+	38928773	38932508	-0.281915797912171	1	NS	-1.52441797907094	0.0284758921475776	DOWN
DOWN	dnf2_only	medtr.A17.gnm5.ann1_6.MtrunA17Chr2g0317761	MtrunA17Chr2g0317761			medtr.A17.gnm5.MtrunA17Chr2	+	39567911	39573662	-1.38604781274262	0.0574338297870054	NS	-1.52197449686223	0.00694003236489151	DOWN
DOWN	dnf2_only	medtr.A17.gnm5.ann1_6.MtrunA17Chr8g0341951	MtrunA17Chr8g0341951	MtCYP90D27	Cytochrome P450 monooxygenase	medtr.A17.gnm5.MtrunA17Chr8	-	5390187	5394995	-0.857521835562025	1	NS	-1.51450331762664	0.0260041290557243	DOWN
DOWN	dnf2_only	medtr.A17.gnm5.ann1_6.MtrunA17Chr4g0060021	MtrunA17Chr4g0060021			medtr.A17.gnm5.MtrunA17Chr4	+	52571845	52574879	-1.36612847402677	0.144536705947298	NS	-1.51367980373862	0.0245231664712336	DOWN
DOWN	dnf2_only	medtr.A17.gnm5.ann1_6.MtrunA17Chr1g0154611	MtrunA17Chr1g0154611			medtr.A17.gnm5.MtrunA17Chr1	-	6756633	6760691	-0.216475283855061	1	NS	-1.51289142687799	0.0200204905326941	DOWN
DOWN	dnf2_only	medtr.A17.gnm5.ann1_6.MtrunA17Chr3g0080071	MtrunA17Chr3g0080071			medtr.A17.gnm5.MtrunA17Chr3	-	2358722	2366426	-0.680158882806392	1	NS	-1.49761824993476	0.00838832237806307	DOWN
DOWN	dnf2_only	medtr.A17.gnm5.ann1_6.MtrunA17Chr8g0393091	MtrunA17Chr8g0393091			medtr.A17.gnm5.MtrunA17Chr8	+	49484292	49489046	-0.876079724628457	1	NS	-1.49638435482985	0.00251756983226887	DOWN
DOWN	dnf2_only	medtr.A17.gnm5.ann1_6.MtrunA17Chr4g0031131	MtrunA17Chr4g0031131			medtr.A17.gnm5.MtrunA17Chr4	-	31637504	31642151	-0.907624566565725	1	NS	-1.46272307170826	0.0155329795552471	DOWN
DOWN	dnf2_only	medtr.A17.gnm5.ann1_6.MtrunA17Chr5g0414361	MtrunA17Chr5g0414361			medtr.A17.gnm5.MtrunA17Chr5	+	15411995	15414265	-0.763720850827108	1	NS	-1.45210551904195	0.0253302000154404	DOWN
DOWN	dnf2_only	medtr.A17.gnm5.ann1_6.MtrunA17Chr7g0233071	MtrunA17Chr7g0233071			medtr.A17.gnm5.MtrunA17Chr7	-	23517758	23527891	-0.801386773017147	1	NS	-1.43713643877803	0.0368470754380489	DOWN
DOWN	dnf2_only	medtr.A17.gnm5.ann1_6.MtrunA17Chr1g0205221	MtrunA17Chr1g0205221			medtr.A17.gnm5.MtrunA17Chr1	+	50523181	50531602	-0.950868864765989	1	NS	-1.4279464071131	0.0422837372304062	DOWN
DOWN	dnf2_only	medtr.A17.gnm5.ann1_6.MtrunA17Chr2g0292961	MtrunA17Chr2g0292961			medtr.A17.gnm5.MtrunA17Chr2	+	11869602	11875591	-0.424497559841417	1	NS	-1.41555997033116	0.0169331823190996	DOWN
DOWN	dnf2_only	medtr.A17.gnm5.ann1_6.MtrunA17Chr2g0316211	MtrunA17Chr2g0316211			medtr.A17.gnm5.MtrunA17Chr2	+	38412503	38419567	-1.07942340771316	0.8426131610278	NS	-1.40477238992026	0.0322262253479532	DOWN
DOWN	dnf2_only	medtr.A17.gnm5.ann1_6.MtrunA17Chr6g0466851	MtrunA17Chr6g0466851			medtr.A17.gnm5.MtrunA17Chr6	-	15725036	15734048	-0.0676684874927341	1	NS	-1.36243812360796	0.0105659637842241	DOWN
DOWN	dnf2_only	medtr.A17.gnm5.ann1_6.MtrunA17Chr8g0383511	MtrunA17Chr8g0383511			medtr.A17.gnm5.MtrunA17Chr8	-	42771516	42775216	-0.747483909235399	1	NS	-1.34680057704535	0.0403408885233739	DOWN
UP	A86485_dnf2_shared	medtr.A17.gnm5.ann1_6.MtrunA17Chr3g0131951	MtrunA17Chr3g0131951	MtSWEET13	sucrose transporter	medtr.A17.gnm5.MtrunA17Chr3	+	48762734	48764718	6.51095501942199	0.0350756781731607	UP	8.41568456598087	0.00110997935973718	UP
UP	A86485_dnf2_shared	medtr.A17.gnm5.ann1_6.MtrunA17Chr8g0354061	MtrunA17Chr8g0354061			medtr.A17.gnm5.MtrunA17Chr8	-	15719494	15722961	7.86903231551519	0.0281065868749387	UP	7.09864660607183	0.0491579487915829	UP
UP	A86485_dnf2_shared	medtr.A17.gnm5.ann1_6.MtrunA17Chr2g0305231	MtrunA17Chr2g0305231			medtr.A17.gnm5.MtrunA17Chr2	-	23941505	23947403	7.20975968651113	0.0090199156110733	UP	6.48234111118827	0.0236542279864179	UP
UP	A86485_dnf2_shared	medtr.A17.gnm5.ann1_6.MtrunA17Chr4g0040551	MtrunA17Chr4g0040551			medtr.A17.gnm5.MtrunA17Chr4	-	38465212	38466127	6.54745117989263	0.0040580042710775	UP	6.01010847903234	0.00805713188427656	UP
UP	A86485_dnf2_shared	medtr.A17.gnm5.ann1_6.MtrunA17Chr2g0325661	MtrunA17Chr2g0325661			medtr.A17.gnm5.MtrunA17Chr2	-	45507828	45512615	4.57897879683832	0.0056896579083606	UP	5.9568966394863	2.35200898561731e-05	UP
UP	A86485_dnf2_shared	medtr.A17.gnm5.ann1_6.MtrunA17Chr3g0106901	MtrunA17Chr3g0106901			medtr.A17.gnm5.MtrunA17Chr3	+	30512731	30515535	2.99385702870686	0.0143405570910725	UP	5.91093911813852	4.2074319338136e-06	UP
UP	A86485_dnf2_shared	medtr.A17.gnm5.ann1_6.MtrunA17Chr2g0280291	MtrunA17Chr2g0280291			medtr.A17.gnm5.MtrunA17Chr2	+	2466972	2472207	3.63997716605425	0.0208174820515619	UP	5.6385874667821	3.90336625852582e-05	UP
UP	A86485_dnf2_shared	medtr.A17.gnm5.ann1_6.MtrunA17Chr5g0402471	MtrunA17Chr5g0402471	MtCEP5	C-terminally encoded peptide	medtr.A17.gnm5.MtrunA17Chr5	+	6536188	6536885	5.85056412786463	0.000220370150900736	UP	5.54754579629766	0.000143296901711854	UP
UP	A86485_dnf2_shared	medtr.A17.gnm5.ann1_6.MtrunA17Chr2g0314911	MtrunA17Chr2g0314911			medtr.A17.gnm5.MtrunA17Chr2	-	37273184	37281807	3.63348747649409	0.0415687651877838	UP	5.37039348528131	0.000132348755657655	UP
UP	A86485_dnf2_shared	medtr.A17.gnm5.ann1_6.MtrunA17Chr7g0236561	MtrunA17Chr7g0236561			medtr.A17.gnm5.MtrunA17Chr7	+	26760218	26765771	5.04796152730298	0.00114689483614978	UP	5.36448324422556	0.000189001529029071	UP
UP	A86485_dnf2_shared	medtr.A17.gnm5.ann1_6.MtrunA17Chr0c15g0493711	MtrunA17Chr0c15g0493711			medtr.A17.gnm5.MtrunA17Chr0c15	-	17159	17844	4.32972092146218	0.0113696081005249	UP	5.22553206113346	0.000382133198911979	UP
UP	A86485_dnf2_shared	medtr.A17.gnm5.ann1_6.MtrunA17Chr1g0210281	MtrunA17Chr1g0210281			medtr.A17.gnm5.MtrunA17Chr1	+	54062832	54073351	2.88589502682181	0.0150114241120166	UP	5.03021335944681	5.84682174314148e-06	UP
UP	A86485_dnf2_shared	medtr.A17.gnm5.ann1_6.MtrunA17Chr3g0114691	MtrunA17Chr3g0114691			medtr.A17.gnm5.MtrunA17Chr3	-	36094544	36098569	3.76857153215247	0.000686762324093861	UP	4.76526354833945	2.11419109953021e-05	UP
UP	A86485_dnf2_shared	medtr.A17.gnm5.ann1_6.MtrunA17Chr8g0374831	MtrunA17Chr8g0374831	MtCEP13	C-terminally encoded peptide	medtr.A17.gnm5.MtrunA17Chr8	-	36723317	36723985	4.94377873008499	0.000398660705873563	UP	4.47921184712671	0.000552031839685645	UP
UP	A86485_dnf2_shared	medtr.A17.gnm5.ann1_6.MtrunA17Chr3g0114711	MtrunA17Chr3g0114711			medtr.A17.gnm5.MtrunA17Chr3	-	36119924	36125470	3.33687173361093	0.0023851736274668	UP	4.41278272335914	5.55028296414142e-05	UP
UP	A86485_dnf2_shared	medtr.A17.gnm5.ann1_6.MtrunA17Chr1g0153391	MtrunA17Chr1g0153391			medtr.A17.gnm5.MtrunA17Chr1	+	5928169	5930678	2.63309520430478	0.0480587899969363	UP	4.28869573951191	0.000300375894562479	UP
UP	A86485_dnf2_shared	medtr.A17.gnm5.ann1_6.MtrunA17Chr5g0408911	MtrunA17Chr5g0408911			medtr.A17.gnm5.MtrunA17Chr5	+	10842794	10844543	6.81650098445947	0.000262749196280503	UP	4.27036280558984	0.0277399700524416	UP
UP	A86485_dnf2_shared	medtr.A17.gnm5.ann1_6.MtrunA17Chr6g0463521	MtrunA17Chr6g0463521			medtr.A17.gnm5.MtrunA17Chr6	+	12713442	12714911	2.91290981548935	0.0078886365613829	UP	4.26484195452486	3.21879644667972e-05	UP
UP	A86485_dnf2_shared	medtr.A17.gnm5.ann1_6.MtrunA17Chr4g0019001	MtrunA17Chr4g0019001			medtr.A17.gnm5.MtrunA17Chr4	-	14349964	14350876	4.07999784613163	0.00180569171714221	UP	4.16694502379536	0.000599683613026008	UP
UP	A86485_dnf2_shared	medtr.A17.gnm5.ann1_6.MtrunA17Chr6g0471721	MtrunA17Chr6g0471721			medtr.A17.gnm5.MtrunA17Chr6	-	23062398	23063512	3.60293873163237	0.0128770475291525	UP	3.98153932124558	0.00257856702260645	UP
UP	A86485_dnf2_shared	medtr.A17.gnm5.ann1_6.MtrunA17Chr4g0054281	MtrunA17Chr4g0054281			medtr.A17.gnm5.MtrunA17Chr4	+	48068493	48069376	3.55896406229798	0.00701630589670869	UP	3.71632871797886	0.00219589638116963	UP
UP	A86485_dnf2_shared	medtr.A17.gnm5.ann1_6.MtrunA17Chr1g0151801	MtrunA17Chr1g0151801	MtVPE	Chitinase, vacuole processing enzyme	medtr.A17.gnm5.MtrunA17Chr1	+	4553512	4559151	2.53254009050293	0.01691516670747	UP	3.66928014737239	0.000281376577888909	UP
UP	A86485_dnf2_shared	medtr.A17.gnm5.ann1_6.MtrunA17Chr3g0142351	MtrunA17Chr3g0142351			medtr.A17.gnm5.MtrunA17Chr3	+	56330831	56333359	3.51840585874507	0.0248209353266363	UP	3.63709540463841	0.0103567656102106	UP
UP	A86485_dnf2_shared	medtr.A17.gnm5.ann1_6.MtrunA17Chr7g0261411	MtrunA17Chr7g0261411			medtr.A17.gnm5.MtrunA17Chr7	-	45883065	45888002	3.12657188401843	0.0393036088751078	UP	3.63273152178543	0.00471675224393996	UP
UP	A86485_dnf2_shared	medtr.A17.gnm5.ann1_6.MtrunA17Chr7g0231021	MtrunA17Chr7g0231021			medtr.A17.gnm5.MtrunA17Chr7	+	20567526	20569314	2.9845372826544	0.00720381843640584	UP	3.58104762402565	0.000386821678485845	UP
UP	A86485_dnf2_shared	medtr.A17.gnm5.ann1_6.MtrunA17Chr3g0125201	MtrunA17Chr3g0125201			medtr.A17.gnm5.MtrunA17Chr3	+	43743662	43745761	2.8020612529988	0.00779833110590134	UP	3.55471065604433	0.000302460829634713	UP
UP	A86485_dnf2_shared	medtr.A17.gnm5.ann1_6.MtrunA17Chr1g0175561	MtrunA17Chr1g0175561	MtRIP4	peroxidase	medtr.A17.gnm5.MtrunA17Chr1	+	26955065	26957398	3.01516583157738	0.0168342495722863	UP	3.54998057481363	0.0014650464137776	UP
UP	A86485_dnf2_shared	medtr.A17.gnm5.ann1_6.MtrunA17Chr2g0319981	MtrunA17Chr2g0319981			medtr.A17.gnm5.MtrunA17Chr2	-	41327326	41331606	2.50908194992402	0.024775152074707	UP	3.49893393789179	0.000375579184200618	UP
UP	A86485_dnf2_shared	medtr.A17.gnm5.ann1_6.MtrunA17Chr6g0449961	MtrunA17Chr6g0449961			medtr.A17.gnm5.MtrunA17Chr6	+	879127	883265	3.6803329382696	0.000398660705873563	UP	3.49826129315267	0.000250524603049591	UP
UP	A86485_dnf2_shared	medtr.A17.gnm5.ann1_6.MtrunA17Chr6g0451421	MtrunA17Chr6g0451421			medtr.A17.gnm5.MtrunA17Chr6	+	1973448	1977423	4.38462429889616	0.000887931340101623	UP	3.49406131020648	0.0106247523402029	UP
UP	A86485_dnf2_shared	medtr.A17.gnm5.ann1_6.MtrunA17Chr4g0042141	MtrunA17Chr4g0042141			medtr.A17.gnm5.MtrunA17Chr4	-	39570750	39572693	2.44757493140539	0.0316511540018384	UP	3.43709177111126	0.000332225902592657	UP
UP	A86485_dnf2_shared	medtr.A17.gnm5.ann1_6.MtrunA17Chr5g0436371	MtrunA17Chr5g0436371			medtr.A17.gnm5.MtrunA17Chr5	-	36224925	36228396	2.57065682464185	0.00897669399677255	UP	3.42133219018846	0.000119505138114396	UP
UP	A86485_dnf2_shared	medtr.A17.gnm5.ann1_6.MtrunA17Chr7g0243451	MtrunA17Chr7g0243451			medtr.A17.gnm5.MtrunA17Chr7	-	32693075	32695806	2.23733315101722	0.0134559892042975	UP	3.39427841373265	3.01442896259702e-05	UP
UP	A86485_dnf2_shared	medtr.A17.gnm5.ann1_6.MtrunA17Chr6g0487371	MtrunA17Chr6g0487371			medtr.A17.gnm5.MtrunA17Chr6	+	41663533	41668254	2.93871491670722	0.0297128634834701	UP	3.38029440301466	0.00330085662923851	UP
UP	A86485_dnf2_shared	medtr.A17.gnm5.ann1_6.MtrunA17Chr4g0019011	MtrunA17Chr4g0019011			medtr.A17.gnm5.MtrunA17Chr4	+	14350239	14364027	2.93820471494977	0.0189177209077259	UP	3.37285098734546	0.00231577020934724	UP
UP	A86485_dnf2_shared	medtr.A17.gnm5.ann1_6.MtrunA17Chr6g0453481	MtrunA17Chr6g0453481			medtr.A17.gnm5.MtrunA17Chr6	+	3874075	3880770	3.31146742858846	0.00606659915438855	UP	3.36718675086847	0.00242384895983282	UP
UP	A86485_dnf2_shared	medtr.A17.gnm5.ann1_6.MtrunA17Chr6g0451481	MtrunA17Chr6g0451481	MtGASA17	Gibberellic Acid-Stimulated in Arabidopsis	medtr.A17.gnm5.MtrunA17Chr6	+	2051319	2054094	3.15325212174848	0.00121341154934594	UP	3.35430125641279	0.000239238725413991	UP
UP	A86485_dnf2_shared	medtr.A17.gnm5.ann1_6.MtrunA17Chr3g0115741	MtrunA17Chr3g0115741			medtr.A17.gnm5.MtrunA17Chr3	+	37094660	37097605	2.35914055256142	0.0490154373133928	UP	3.27855225022305	0.000989053194777099	UP
UP	A86485_dnf2_shared	medtr.A17.gnm5.ann1_6.MtrunA17Chr7g0243931	MtrunA17Chr7g0243931			medtr.A17.gnm5.MtrunA17Chr7	-	33044799	33046463	2.94232971385433	0.0448570655292	UP	3.26668769185802	0.00886805070555997	UP
UP	A86485_dnf2_shared	medtr.A17.gnm5.ann1_6.MtrunA17Chr8g0365441	MtrunA17Chr8g0365441			medtr.A17.gnm5.MtrunA17Chr8	-	29622699	29631289	3.05267948299941	0.0030227287147552	UP	3.23842482914464	0.000555025185121837	UP
UP	A86485_dnf2_shared	medtr.A17.gnm5.ann1_6.MtrunA17Chr3g0101721	MtrunA17Chr3g0101721	MtCYP71D422	Cytochrome P450 monooxygenase	medtr.A17.gnm5.MtrunA17Chr3	-	26243812	26246172	2.93652913353439	0.00376093934942146	UP	3.21928478475219	0.000543383563613344	UP
UP	A86485_dnf2_shared	medtr.A17.gnm5.ann1_6.MtrunA17Chr2g0314801	MtrunA17Chr2g0314801			medtr.A17.gnm5.MtrunA17Chr2	-	37156736	37162309	3.49231659045794	0.027400285187589	UP	3.1812809096659	0.0334539606063677	UP
UP	A86485_dnf2_shared	medtr.A17.gnm5.ann1_6.MtrunA17Chr3g0119871	MtrunA17Chr3g0119871			medtr.A17.gnm5.MtrunA17Chr3	-	40067160	40073089	2.80516844622444	0.0368119145964949	UP	3.14521051660533	0.00581540272306472	UP
UP	A86485_dnf2_shared	medtr.A17.gnm5.ann1_6.MtrunA17Chr3g0104061	MtrunA17Chr3g0104061			medtr.A17.gnm5.MtrunA17Chr3	+	28300480	28303794	2.34946524951762	0.031108112684574	UP	3.12853357295764	0.000529051340845594	UP
UP	A86485_dnf2_shared	medtr.A17.gnm5.ann1_6.MtrunA17Chr8g0335631	MtrunA17Chr8g0335631			medtr.A17.gnm5.MtrunA17Chr8	-	1137601	1142309	2.80360582782443	0.00254996661465318	UP	3.08567222687027	0.00036933854829069	UP
UP	A86485_dnf2_shared	medtr.A17.gnm5.ann1_6.MtrunA17Chr8g0349721	MtrunA17Chr8g0349721			medtr.A17.gnm5.MtrunA17Chr8	-	11999113	12002463	3.28122161466158	0.0399934633387109	UP	3.08405208063051	0.0418503033964869	UP
UP	A86485_dnf2_shared	medtr.A17.gnm5.ann1_6.MtrunA17Chr5g0443341	MtrunA17Chr5g0443341			medtr.A17.gnm5.MtrunA17Chr5	-	41164008	41165999	3.43484489461502	0.00342841482511495	UP	3.04529509854032	0.00809050691446976	UP
UP	A86485_dnf2_shared	medtr.A17.gnm5.ann1_6.MtrunA17Chr2g0294531	MtrunA17Chr2g0294531			medtr.A17.gnm5.MtrunA17Chr2	+	13192605	13193348	2.98335745020635	0.0113692156876357	UP	3.02698183694702	0.00514239087546242	UP
UP	A86485_dnf2_shared	medtr.A17.gnm5.ann1_6.MtrunA17Chr8g0369601	MtrunA17Chr8g0369601			medtr.A17.gnm5.MtrunA17Chr8	+	32806375	32808337	2.67653506802541	0.0371046889488947	UP	2.99379725996422	0.00685591549310403	UP
UP	A86485_dnf2_shared	medtr.A17.gnm5.ann1_6.MtrunA17Chr1g0213061	MtrunA17Chr1g0213061	MtPrx39|MtRIP2	peroxidase 39	medtr.A17.gnm5.MtrunA17Chr1	-	56049459	56051794	2.98264472670783	0.00808743340888307	UP	2.93107274606989	0.00513169962247215	UP
UP	A86485_dnf2_shared	medtr.A17.gnm5.ann1_6.MtrunA17Chr1g0151671	MtrunA17Chr1g0151671			medtr.A17.gnm5.MtrunA17Chr1	-	4461117	4461266	2.96784948173752	0.0354193575966839	UP	2.9047705025104	0.0245228240310226	UP
UP	A86485_dnf2_shared	medtr.A17.gnm5.ann1_6.MtrunA17Chr6g0468981	MtrunA17Chr6g0468981			medtr.A17.gnm5.MtrunA17Chr6	-	18478354	18482007	2.76608857786364	0.0404684315969986	UP	2.88560819256671	0.0170975434474136	UP
UP	A86485_dnf2_shared	medtr.A17.gnm5.ann1_6.MtrunA17Chr8g0355871	MtrunA17Chr8g0355871			medtr.A17.gnm5.MtrunA17Chr8	-	17459197	17461492	3.53692224116662	0.000236896698330688	UP	2.82235487160166	0.000909215910235078	UP
UP	A86485_dnf2_shared	medtr.A17.gnm5.ann1_6.MtrunA17Chr7g0252891	MtrunA17Chr7g0252891	MtAPY1;3	apyrase (nucleoside triphosphatase) (AY180379)	medtr.A17.gnm5.MtrunA17Chr7	+	39684772	39688834	2.27146378136219	0.041453429081882	UP	2.81331748767396	0.00320760319145409	UP
UP	A86485_dnf2_shared	medtr.A17.gnm5.ann1_6.MtrunA17Chr4g0056501	MtrunA17Chr4g0056501	MtFRUCT2	soluble acid invertase FRUCT2	medtr.A17.gnm5.MtrunA17Chr4	+	49950996	49956125	2.35342518592512	0.0175243189981167	UP	2.73862506937684	0.00172338468608326	UP
UP	A86485_dnf2_shared	medtr.A17.gnm5.ann1_6.MtrunA17Chr2g0284321	MtrunA17Chr2g0284321			medtr.A17.gnm5.MtrunA17Chr2	+	5210315	5212311	2.04897785216181	0.00894561374408852	UP	2.73730454251944	9.65509956365886e-05	UP
UP	A86485_dnf2_shared	medtr.A17.gnm5.ann1_6.MtrunA17Chr8g0367141	MtrunA17Chr8g0367141			medtr.A17.gnm5.MtrunA17Chr8	-	30883217	30890322	2.51047520347297	0.00264574955371794	UP	2.71727719958515	0.000411192212223188	UP
UP	A86485_dnf2_shared	medtr.A17.gnm5.ann1_6.MtrunA17Chr4g0072781	MtrunA17Chr4g0072781	MtCAPE15|MtPR-1	CAP-derived peptide|pathogenesis-related protein 1  (TC143335)	medtr.A17.gnm5.MtrunA17Chr4	+	61759010	61760162	2.13683005273734	0.0151722554680518	UP	2.69648920607707	0.000479327563339107	UP
UP	A86485_dnf2_shared	medtr.A17.gnm5.ann1_6.MtrunA17Chr2g0288661	MtrunA17Chr2g0288661	MtCYP72A67v1	Cytochrome P450 monooxygenase	medtr.A17.gnm5.MtrunA17Chr2	-	8409046	8413773	1.97131888458355	0.0194102189071116	UP	2.69476386537628	0.000194544800495723	UP
UP	A86485_dnf2_shared	medtr.A17.gnm5.ann1_6.MtrunA17Chr7g0219801	MtrunA17Chr7g0219801	MtNCR694	Nodule-specific Cysteine-Rich peptide	medtr.A17.gnm5.MtrunA17Chr7	+	5123838	5124697	2.7488759580001	0.0306358414104284	UP	2.68395310194273	0.0222314702817878	UP
UP	A86485_dnf2_shared	medtr.A17.gnm5.ann1_6.MtrunA17Chr2g0296991	MtrunA17Chr2g0296991			medtr.A17.gnm5.MtrunA17Chr2	+	15229632	15235462	2.47740953156561	0.01642488464606	UP	2.65747503609976	0.00390863230812537	UP
UP	A86485_dnf2_shared	medtr.A17.gnm5.ann1_6.MtrunA17Chr5g0438031	MtrunA17Chr5g0438031			medtr.A17.gnm5.MtrunA17Chr5	-	37389215	37390195	1.80386984957366	0.0248753453529973	UP	2.65224716910912	6.72477346469876e-05	UP
UP	A86485_dnf2_shared	medtr.A17.gnm5.ann1_6.MtrunA17Chr2g0298581	MtrunA17Chr2g0298581			medtr.A17.gnm5.MtrunA17Chr2	-	16511295	16516754	2.21478885234506	0.0345048131076412	UP	2.65042028754768	0.00304397702701556	UP
UP	A86485_dnf2_shared	medtr.A17.gnm5.ann1_6.MtrunA17Chr4g0020691	MtrunA17Chr4g0020691			medtr.A17.gnm5.MtrunA17Chr4	-	17085455	17089412	2.15977806950415	0.00788433070737328	UP	2.63450258739459	0.000261564344475379	UP
UP	A86485_dnf2_shared	medtr.A17.gnm5.ann1_6.MtrunA17Chr8g0385081	MtrunA17Chr8g0385081			medtr.A17.gnm5.MtrunA17Chr8	-	43854650	43857749	3.3603155128019	0.00218615548660096	UP	2.63371315941421	0.0181746981374877	UP
UP	A86485_dnf2_shared	medtr.A17.gnm5.ann1_6.MtrunA17Chr5g0448351	MtrunA17Chr5g0448351			medtr.A17.gnm5.MtrunA17Chr5	-	44394016	44402139	2.16501921884167	0.0386414643164958	UP	2.6135684182963	0.0029082886669483	UP
UP	A86485_dnf2_shared	medtr.A17.gnm5.ann1_6.MtrunA17Chr4g0049921	MtrunA17Chr4g0049921			medtr.A17.gnm5.MtrunA17Chr4	+	45102456	45103295	2.46205218369208	0.0020990040802339	UP	2.60040138888444	0.000449372532709368	UP
UP	A86485_dnf2_shared	medtr.A17.gnm5.ann1_6.MtrunA17Chr6g0483521	MtrunA17Chr6g0483521			medtr.A17.gnm5.MtrunA17Chr6	-	38078219	38081614	2.3336564292958	0.0239535383904956	UP	2.58341535445554	0.00447279685153051	UP
UP	A86485_dnf2_shared	medtr.A17.gnm5.ann1_6.MtrunA17Chr3g0132411	MtrunA17Chr3g0132411	MtENODL13|MtPCY5	ENOD-like 13|Plantacyanin/Chemocyanin	medtr.A17.gnm5.MtrunA17Chr3	-	49087264	49088451	2.78801095832949	0.000336047631277265	UP	2.5604409405672	0.000380800780260899	UP
UP	A86485_dnf2_shared	medtr.A17.gnm5.ann1_6.MtrunA17Chr5g0399811	MtrunA17Chr5g0399811			medtr.A17.gnm5.MtrunA17Chr5	-	4268262	4270475	2.37014365258969	0.0448734134530209	UP	2.50032365138058	0.0163245548385074	UP
UP	A86485_dnf2_shared	medtr.A17.gnm5.ann1_6.MtrunA17Chr2g0280501	MtrunA17Chr2g0280501			medtr.A17.gnm5.MtrunA17Chr2	+	2560901	2562747	3.03892646951491	0.0108757389843177	UP	2.49872378304732	0.0384295744258811	UP
UP	A86485_dnf2_shared	medtr.A17.gnm5.ann1_6.MtrunA17Chr4g0065281	MtrunA17Chr4g0065281			medtr.A17.gnm5.MtrunA17Chr4	-	56428356	56428954	2.28709097731304	0.0424904282305781	UP	2.49137223153957	0.0101676949172449	UP
UP	A86485_dnf2_shared	medtr.A17.gnm5.ann1_6.MtrunA17Chr4g0003411	MtrunA17Chr4g0003411	MtPLD1	phospholipase D1	medtr.A17.gnm5.MtrunA17Chr4	-	2553411	2558407	3.06490236169098	0.000305689474931145	UP	2.4654942326869	0.00157813018176631	UP
UP	A86485_dnf2_shared	medtr.A17.gnm5.ann1_6.MtrunA17Chr7g0264801	MtrunA17Chr7g0264801			medtr.A17.gnm5.MtrunA17Chr7	+	48244505	48248281	1.97602515881115	0.0128212557454244	UP	2.4423488446553	0.000350796998802478	UP
UP	A86485_dnf2_shared	medtr.A17.gnm5.ann1_6.MtrunA17Chr4g0049951	MtrunA17Chr4g0049951			medtr.A17.gnm5.MtrunA17Chr4	+	45110706	45111495	2.35560018570959	0.00503744637756273	UP	2.39457027716054	0.00199383900087482	UP
UP	A86485_dnf2_shared	medtr.A17.gnm5.ann1_6.MtrunA17Chr2g0317701	MtrunA17Chr2g0317701	MtTRX S2	thioredoxin S2	medtr.A17.gnm5.MtrunA17Chr2	+	39523666	39524708	2.53427869915625	0.00326898179753061	UP	2.39242023700879	0.00314973331045405	UP
UP	A86485_dnf2_shared	medtr.A17.gnm5.ann1_6.MtrunA17Chr6g0470321	MtrunA17Chr6g0470321			medtr.A17.gnm5.MtrunA17Chr6	-	20306880	20312996	2.17752038227375	0.0310968084690307	UP	2.38122302118978	0.00708427087035625	UP
UP	A86485_dnf2_shared	medtr.A17.gnm5.ann1_6.MtrunA17Chr7g0258701	MtrunA17Chr7g0258701			medtr.A17.gnm5.MtrunA17Chr7	+	43893181	43894218	2.67184896936795	0.0243351712937278	UP	2.37733363990629	0.0423947139652138	UP
UP	A86485_dnf2_shared	medtr.A17.gnm5.ann1_6.MtrunA17Chr5g0394031	MtrunA17Chr5g0394031			medtr.A17.gnm5.MtrunA17Chr5	-	503338	508021	2.25340655370114	0.00129754750939413	UP	2.36977429467006	0.000262577969129368	UP
UP	A86485_dnf2_shared	medtr.A17.gnm5.ann1_6.MtrunA17Chr7g0242981	MtrunA17Chr7g0242981			medtr.A17.gnm5.MtrunA17Chr7	+	32398198	32401821	2.51262267740587	0.00413127309667049	UP	2.32583621705973	0.00580541501898995	UP
UP	A86485_dnf2_shared	medtr.A17.gnm5.ann1_6.MtrunA17Chr1g0152931	MtrunA17Chr1g0152931			medtr.A17.gnm5.MtrunA17Chr1	-	5536182	5538669	2.48788637870744	0.000242393733470489	UP	2.30874223901782	0.000223044156229563	UP
UP	A86485_dnf2_shared	medtr.A17.gnm5.ann1_6.MtrunA17Chr1g0211661	MtrunA17Chr1g0211661	MtJMJ10	Histone demethylase JmjC domain-containing	medtr.A17.gnm5.MtrunA17Chr1	+	55163049	55168257	2.49921534995686	0.00786844556996365	UP	2.27889888799791	0.0126664369462017	UP
UP	A86485_dnf2_shared	medtr.A17.gnm5.ann1_6.MtrunA17Chr2g0334111	MtrunA17Chr2g0334111			medtr.A17.gnm5.MtrunA17Chr2	-	51758044	51764017	3.32827289054887	0.000339511570285685	UP	2.25519060756787	0.0081110256939735	UP
UP	A86485_dnf2_shared	medtr.A17.gnm5.ann1_6.MtrunA17Chr8g0358741	MtrunA17Chr8g0358741			medtr.A17.gnm5.MtrunA17Chr8	+	21253231	21254184	2.40852138434988	0.0349749924334133	UP	2.23928256946895	0.0411682391217014	UP
UP	A86485_dnf2_shared	medtr.A17.gnm5.ann1_6.MtrunA17Chr7g0218721	MtrunA17Chr7g0218721			medtr.A17.gnm5.MtrunA17Chr7	+	3951798	3956319	2.56975586520547	0.00486157105691602	UP	2.23669350340393	0.0123048163873511	UP
UP	A86485_dnf2_shared	medtr.A17.gnm5.ann1_6.MtrunA17Chr5g0394991	MtrunA17Chr5g0394991	MtnsLTP97	non-specific Lipid Transfer Protein	medtr.A17.gnm5.MtrunA17Chr5	-	1155360	1157065	1.96093533129433	0.00824413604866241	UP	2.2327708923116	0.000660393290740857	UP
UP	A86485_dnf2_shared	medtr.A17.gnm5.ann1_6.MtrunA17Chr8g0378101	MtrunA17Chr8g0378101			medtr.A17.gnm5.MtrunA17Chr8	+	39252196	39253078	2.33680448423831	0.0195439497313124	UP	2.20502738019014	0.0195910839250342	UP
UP	A86485_dnf2_shared	medtr.A17.gnm5.ann1_6.MtrunA17Chr8g0348921	MtrunA17Chr8g0348921	MtRopGEF2	Rop guanine nucleotide exchange factor 2	medtr.A17.gnm5.MtrunA17Chr8	-	11523501	11527711	2.34693086748792	0.0298272896420409	UP	2.15375240390551	0.039661301802109	UP
UP	A86485_dnf2_shared	medtr.A17.gnm5.ann1_6.MtrunA17Chr5g0431581	MtrunA17Chr5g0431581			medtr.A17.gnm5.MtrunA17Chr5	-	32456533	32459734	1.94436443052283	0.0011029966249195	UP	2.11904921376266	0.000113165724391812	UP
UP	A86485_dnf2_shared	medtr.A17.gnm5.ann1_6.MtrunA17Chr7g0274071	MtrunA17Chr7g0274071			medtr.A17.gnm5.MtrunA17Chr7	-	54508488	54511742	2.00221270538704	0.047318070185714	UP	2.08182252576501	0.0186720635160456	UP
UP	A86485_dnf2_shared	medtr.A17.gnm5.ann1_6.MtrunA17Chr4g0066671	MtrunA17Chr4g0066671			medtr.A17.gnm5.MtrunA17Chr4	+	57341098	57345198	2.39285104384723	0.0202693477036833	UP	2.05824610007715	0.0461003018304146	UP
UP	A86485_dnf2_shared	medtr.A17.gnm5.ann1_6.MtrunA17Chr5g0426511	MtrunA17Chr5g0426511			medtr.A17.gnm5.MtrunA17Chr5	+	28440214	28447533	1.8993518210523	0.00956805568044403	UP	2.03201864468283	0.00191720566186908	UP
UP	A86485_dnf2_shared	medtr.A17.gnm5.ann1_6.MtrunA17Chr4g0049931	MtrunA17Chr4g0049931			medtr.A17.gnm5.MtrunA17Chr4	-	45102605	45111382	1.75614388874545	0.0489074564011005	UP	1.9919715039205	0.00643076118833339	UP
UP	A86485_dnf2_shared	medtr.A17.gnm5.ann1_6.MtrunA17Chr1g0151221	MtrunA17Chr1g0151221	MtCYP711A10|MtMAX1b	Cytochrome P450 monooxygenase|MORE AXILLARY BRANCHES 1	medtr.A17.gnm5.MtrunA17Chr1	-	4154340	4157738	2.38920451705449	0.00146418963827783	UP	1.95861678685548	0.00953964993115114	UP
UP	A86485_dnf2_shared	medtr.A17.gnm5.ann1_6.MtrunA17Chr1g0166191	MtrunA17Chr1g0166191			medtr.A17.gnm5.MtrunA17Chr1	+	15595869	15599704	1.53245792357453	0.0388094767088645	UP	1.95244071628203	0.000443622262363985	UP
UP	A86485_dnf2_shared	medtr.A17.gnm5.ann1_6.MtrunA17Chr2g0324201	MtrunA17Chr2g0324201			medtr.A17.gnm5.MtrunA17Chr2	-	44472150	44475174	2.67575951261162	0.000818028358333364	UP	1.91729490237525	0.0255429752431197	UP
UP	A86485_dnf2_shared	medtr.A17.gnm5.ann1_6.MtrunA17Chr2g0307301	MtrunA17Chr2g0307301	MtCYP72A68v1	Cytochrome P450 monooxygenase	medtr.A17.gnm5.MtrunA17Chr2	-	29836758	29840682	1.6423914277146	0.0283390600146241	UP	1.82737875514334	0.00341086579912418	UP
UP	A86485_dnf2_shared	medtr.A17.gnm5.ann1_6.MtrunA17Chr8g0388921	MtrunA17Chr8g0388921	MtCYP716A12	Cytochrome P450 monooxygenase	medtr.A17.gnm5.MtrunA17Chr8	-	46569321	46574678	1.60103289987387	0.0272835041339521	UP	1.78620932224713	0.00293601555272753	UP
UP	A86485_dnf2_shared	medtr.A17.gnm5.ann1_6.MtrunA17Chr4g0037461	MtrunA17Chr4g0037461			medtr.A17.gnm5.MtrunA17Chr4	-	36072544	36073877	2.51030851492394	0.00216614509302097	UP	1.7837286364127	0.0472481970135404	UP
UP	A86485_dnf2_shared	medtr.A17.gnm5.ann1_6.MtrunA17Chr7g0256371	MtrunA17Chr7g0256371	MtCER1-2	ECERIFERUM 1 (suberin biosynthesis)	medtr.A17.gnm5.MtrunA17Chr7	+	42240567	42247724	2.23494523017118	0.00482703645200002	UP	1.77407498290996	0.0397101726479205	UP
UP	A86485_dnf2_shared	medtr.A17.gnm5.ann1_6.MtrunA17Chr4g0000511	MtrunA17Chr4g0000511			medtr.A17.gnm5.MtrunA17Chr4	+	434550	438027	1.57652566328043	0.0441993647069855	UP	1.76733394275622	0.00511164590772406	UP
UP	A86485_dnf2_shared	medtr.A17.gnm5.ann1_6.MtrunA17Chr3g0087151	MtrunA17Chr3g0087151			medtr.A17.gnm5.MtrunA17Chr3	+	8569445	8570612	1.58871662581757	0.0283440917779011	UP	1.76514431425377	0.00319051055581414	UP
UP	A86485_dnf2_shared	medtr.A17.gnm5.ann1_6.MtrunA17Chr2g0279581	MtrunA17Chr2g0279581			medtr.A17.gnm5.MtrunA17Chr2	-	1946191	1950428	1.79165096836873	0.0483608982182378	UP	1.75344345034704	0.0357931559388118	UP
UP	A86485_dnf2_shared	medtr.A17.gnm5.ann1_6.MtrunA17Chr7g0276251	MtrunA17Chr7g0276251	MtKCS1	3-ketoacyl-CoA synthase (suberin biosynthesis)	medtr.A17.gnm5.MtrunA17Chr7	-	55868136	55870065	1.80160401137385	0.0209209955692078	UP	1.72900513284588	0.0191067225565144	UP
UP	A86485_dnf2_shared	medtr.A17.gnm5.ann1_6.MtrunA17Chr8g0348491	MtrunA17Chr8g0348491			medtr.A17.gnm5.MtrunA17Chr8	-	11112435	11117223	1.71684630070041	0.0102513395565863	UP	1.67461957262424	0.00785439397615547	UP
UP	A86485_dnf2_shared	medtr.A17.gnm5.ann1_6.MtrunA17Chr3g0121951	MtrunA17Chr3g0121951			medtr.A17.gnm5.MtrunA17Chr3	-	41574897	41584600	1.64242500665275	0.0349749924334133	UP	1.52980233600955	0.0492509565479602	UP
UP	A86485_only	medtr.A17.gnm5.ann1_6.MtrunA17Chr4g0033171	MtrunA17Chr4g0033171	MtLOX1	lipoxygenase (TC100514)	medtr.A17.gnm5.MtrunA17Chr4	-	33098071	33101276	1.95600292751267	0.0370328390716952	UP	-6.90355250306619	5.34577807278579e-05	DOWN
UP	A86485_only	medtr.A17.gnm5.ann1_6.MtrunA17Chr7g0231221	MtrunA17Chr7g0231221			medtr.A17.gnm5.MtrunA17Chr7	-	20866222	20869456	7.04072306667352	0.0125717748671345	UP	4.84758289195336	0.226218686274667	NS
UP	A86485_only	medtr.A17.gnm5.ann1_6.MtrunA17Chr5g0401711	MtrunA17Chr5g0401711	MtPIP4	PAMP-induced Secreted Peptide	medtr.A17.gnm5.MtrunA17Chr5	-	5909310	5909951	5.46134677650351	0.0197916101783062	UP	4.5377119293444	0.0585495625865978	NS
UP	A86485_only	medtr.A17.gnm5.ann1_6.MtrunA17Chr7g0247661	MtrunA17Chr7g0247661			medtr.A17.gnm5.MtrunA17Chr7	-	35959187	35959985	2.17528073721369	0.0247760325580152	UP	-3.67649929964062	0.00799369202725651	DOWN
UP	A86485_only	medtr.A17.gnm5.ann1_6.MtrunA17Chr8g0353731	MtrunA17Chr8g0353731			medtr.A17.gnm5.MtrunA17Chr8	+	15450236	15451583	4.43903443530202	0.0210437991595755	UP	3.44925125335868	0.118945779660887	NS
UP	A86485_only	medtr.A17.gnm5.ann1_6.MtrunA17Chr4g0040151	MtrunA17Chr4g0040151			medtr.A17.gnm5.MtrunA17Chr4	-	38134868	38137560	4.69147538612676	0.0145213428460296	UP	3.29765643452614	0.202062272384891	NS
UP	A86485_only	medtr.A17.gnm5.ann1_6.MtrunA17Chr8g0392881	MtrunA17Chr8g0392881			medtr.A17.gnm5.MtrunA17Chr8	-	49341059	49342436	4.68154491573679	0.0331015507232281	UP	2.94468613359113	0.414042758448548	NS
UP	A86485_only	medtr.A17.gnm5.ann1_6.MtrunA17Chr1g0209701	MtrunA17Chr1g0209701			medtr.A17.gnm5.MtrunA17Chr1	+	53566509	53567398	3.73454296095083	0.047318070185714	UP	2.74704992485115	0.223304120683472	NS
UP	A86485_only	medtr.A17.gnm5.ann1_6.MtrunA17Chr3g0139311	MtrunA17Chr3g0139311	MtCML17	Calmodulin-like 17	medtr.A17.gnm5.MtrunA17Chr3	-	54033131	54034102	3.35328479903457	0.0124885409236114	UP	2.64286174187259	0.0619924614980863	NS
UP	A86485_only	medtr.A17.gnm5.ann1_6.MtrunA17Chr6g0488821	MtrunA17Chr6g0488821			medtr.A17.gnm5.MtrunA17Chr6	-	42725365	42734757	3.57592716428851	0.0193438003617095	UP	2.59349030024147	0.139514077649939	NS
UP	A86485_only	medtr.A17.gnm5.ann1_6.MtrunA17Chr4g0043191	MtrunA17Chr4g0043191			medtr.A17.gnm5.MtrunA17Chr4	-	40305474	40306057	3.44459808685316	0.0385993377948786	UP	2.57149324151194	0.167144974579592	NS
UP	A86485_only	medtr.A17.gnm5.ann1_6.MtrunA17Chr2g0298851	MtrunA17Chr2g0298851			medtr.A17.gnm5.MtrunA17Chr2	+	16786879	16789098	4.92296796806622	0.000169459444938458	UP	2.56468151488077	0.137044695437852	NS
UP	A86485_only	medtr.A17.gnm5.ann1_6.MtrunA17Chr5g0423691	MtrunA17Chr5g0423691	MtCLE45	CLAVATA3/EMBRYO-SURROUNDING REGION (CLE) family	medtr.A17.gnm5.MtrunA17Chr5	-	25468293	25469110	3.63535075965284	0.044032029120565	UP	2.56058706306615	0.291020458169474	NS
UP	A86485_only	medtr.A17.gnm5.ann1_6.MtrunA17Chr1g0212211	MtrunA17Chr1g0212211			medtr.A17.gnm5.MtrunA17Chr1	-	55529105	55532292	4.44750683013123	0.00500823975692546	UP	2.50057575105411	0.295699829569933	NS
UP	A86485_only	medtr.A17.gnm5.ann1_6.MtrunA17Chr5g0407381	MtrunA17Chr5g0407381			medtr.A17.gnm5.MtrunA17Chr5	+	9945373	9950581	2.74910180795719	0.0441734851037858	UP	2.46731461977726	0.0658355909017004	NS
UP	A86485_only	medtr.A17.gnm5.ann1_6.MtrunA17Chr3g0141701	MtrunA17Chr3g0141701			medtr.A17.gnm5.MtrunA17Chr3	-	55822374	55823578	2.86187397859793	0.0467019104787847	UP	2.43983185327155	0.0928236397687895	NS
UP	A86485_only	medtr.A17.gnm5.ann1_6.MtrunA17MTg0491791	MtrunA17MTg0491791			medtr.A17.gnm5.MtrunA17MT	-	252235	253947	3.41629661395682	0.00208560897561272	UP	2.43585523642556	0.0552281726494625	NS
UP	A86485_only	medtr.A17.gnm5.ann1_6.MtrunA17Chr7g0214191	MtrunA17Chr7g0214191	MtSWEET15c|MtN3|MtSWEET15.3	probable Sucrose transporter|Mt nodulin 3	medtr.A17.gnm5.MtrunA17Chr7	+	365929	367719	3.90906782543602	0.00227558990582314	UP	2.40264421537812	0.0584360734800089	NS
UP	A86485_only	medtr.A17.gnm5.ann1_6.MtrunA17Chr6g0483971	MtrunA17Chr6g0483971			medtr.A17.gnm5.MtrunA17Chr6	-	38530980	38542169	3.18224515527032	0.0191972413445868	UP	2.35726597037893	0.129611350056466	NS
UP	A86485_only	medtr.A17.gnm5.ann1_6.MtrunA17Chr4g0033151	MtrunA17Chr4g0033151			medtr.A17.gnm5.MtrunA17Chr4	-	33087258	33090566	2.54087777282856	0.0478141648819637	UP	2.33628481823408	0.0571246885433369	NS
UP	A86485_only	medtr.A17.gnm5.ann1_6.MtrunA17Chr3g0092781	MtrunA17Chr3g0092781	MtLegin39	Leginsulin	medtr.A17.gnm5.MtrunA17Chr3	+	14385385	14386081	3.96434016436565	0.00517320493032851	UP	2.33618766474821	0.185687995426276	NS
UP	A86485_only	medtr.A17.gnm5.ann1_6.MtrunA17Chr7g0269371	MtrunA17Chr7g0269371			medtr.A17.gnm5.MtrunA17Chr7	-	51364351	51369674	2.51165711396533	0.0422666043780079	UP	2.23163987726993	0.0643301421565892	NS
UP	A86485_only	medtr.A17.gnm5.ann1_6.MtrunA17Chr8g0388001	MtrunA17Chr8g0388001			medtr.A17.gnm5.MtrunA17Chr8	+	45995525	45996568	3.73131306554875	0.000182343454423678	UP	2.18614024868008	0.0596060601492454	NS
UP	A86485_only	medtr.A17.gnm5.ann1_6.MtrunA17Chr2g0309801	MtrunA17Chr2g0309801			medtr.A17.gnm5.MtrunA17Chr2	+	32580096	32583036	2.74614970980923	0.011103363994151	UP	2.12894690465212	0.0532232908896329	NS
UP	A86485_only	medtr.A17.gnm5.ann1_6.MtrunA17Chr6g0488041	MtrunA17Chr6g0488041	MtACS3	1-aminocyclopropane-1-carboxylate synthase (ethylene synthase)	medtr.A17.gnm5.MtrunA17Chr6	-	42146830	42149267	2.63531264770628	0.0247994827009406	UP	2.08035211075869	0.0919495448522579	NS
UP	A86485_only	medtr.A17.gnm5.ann1_6.MtrunA17Chr3g0141801	MtrunA17Chr3g0141801	MtCYP722A1	Cytochrome P450 monooxygenase	medtr.A17.gnm5.MtrunA17Chr3	-	55888149	55891708	3.40761166554315	0.0158925675402581	UP	2.0789044063063	0.254574099893728	NS
UP	A86485_only	medtr.A17.gnm5.ann1_6.MtrunA17Chr5g0415651	MtrunA17Chr5g0415651	MtNCR797	Nodule-specific Cysteine-Rich peptide	medtr.A17.gnm5.MtrunA17Chr5	-	16419286	16420117	2.63081633758155	0.0324629392431525	UP	2.06888966856392	0.111557152754801	NS
UP	A86485_only	medtr.A17.gnm5.ann1_6.MtrunA17Chr1g0210761	MtrunA17Chr1g0210761			medtr.A17.gnm5.MtrunA17Chr1	+	54447185	54448201	2.79334028708028	0.0293560530353747	UP	2.00290296306714	0.161162705088256	NS
UP	A86485_only	medtr.A17.gnm5.ann1_6.MtrunA17Chr7g0216541	MtrunA17Chr7g0216541			medtr.A17.gnm5.MtrunA17Chr7	+	2235741	2236599	3.19913753799364	0.0215824141249057	UP	1.9771358649291	0.331903170664687	NS
UP	A86485_only	medtr.A17.gnm5.ann1_6.MtrunA17Chr7g0232271	MtrunA17Chr7g0232271			medtr.A17.gnm5.MtrunA17Chr7	+	22366716	22369035	3.587709359418	0.00143817937925508	UP	1.93123817557221	0.200157954804825	NS
UP	A86485_only	medtr.A17.gnm5.ann1_6.MtrunA17Chr1g0177391	MtrunA17Chr1g0177391	MtLOG3	cytokinin biosynthesis	medtr.A17.gnm5.MtrunA17Chr1	-	28919064	28924242	2.80839759763175	0.00537680377057069	UP	1.89030184499818	0.08954639137891	NS
UP	A86485_only	medtr.A17.gnm5.ann1_6.MtrunA17Chr4g0065181	MtrunA17Chr4g0065181			medtr.A17.gnm5.MtrunA17Chr4	-	56368643	56371196	2.09397806200393	0.049467123666045	UP	1.88368870939929	0.0729439258647205	NS
UP	A86485_only	medtr.A17.gnm5.ann1_6.MtrunA17Chr3g0092701	MtrunA17Chr3g0092701	MtLegin43	Leginsulin	medtr.A17.gnm5.MtrunA17Chr3	+	14234716	14235599	2.70262346664548	0.0102513395565863	UP	1.87077166380248	0.11059896245601	NS
UP	A86485_only	medtr.A17.gnm5.ann1_6.MtrunA17Chr4g0034251	MtrunA17Chr4g0034251			medtr.A17.gnm5.MtrunA17Chr4	+	33939210	33940858	2.65777505241753	0.0125577408603794	UP	1.85486499430088	0.155294262596708	NS
UP	A86485_only	medtr.A17.gnm5.ann1_6.MtrunA17Chr3g0129701	MtrunA17Chr3g0129701			medtr.A17.gnm5.MtrunA17Chr3	+	47141334	47144433	2.77343071564912	0.0454891886269907	UP	1.83792120229103	0.303200660900637	NS
UP	A86485_only	medtr.A17.gnm5.ann1_6.MtrunA17Chr7g0257991	MtrunA17Chr7g0257991			medtr.A17.gnm5.MtrunA17Chr7	-	43410423	43412334	2.20742941832013	0.0178173347837761	UP	1.83420999593762	0.0665354847513103	NS
UP	A86485_only	medtr.A17.gnm5.ann1_6.MtrunA17Chr7g0218791	MtrunA17Chr7g0218791			medtr.A17.gnm5.MtrunA17Chr7	-	3995154	4001580	2.4711170170719	0.00376093934942146	UP	1.68460566932389	0.0929608553646196	NS
UP	A86485_only	medtr.A17.gnm5.ann1_6.MtrunA17Chr2g0303151	MtrunA17Chr2g0303151			medtr.A17.gnm5.MtrunA17Chr2	-	20773847	20775758	1.89934872521422	0.0386845905989766	UP	1.67258799281429	0.0765138519438741	NS
UP	A86485_only	medtr.A17.gnm5.ann1_6.MtrunA17Chr3g0087041	MtrunA17Chr3g0087041			medtr.A17.gnm5.MtrunA17Chr3	+	8538185	8539123	1.90750766481463	0.0427943957935273	UP	1.64763474803748	0.0963497034988575	NS
UP	A86485_only	medtr.A17.gnm5.ann1_6.MtrunA17Chr3g0082961	MtrunA17Chr3g0082961			medtr.A17.gnm5.MtrunA17Chr3	-	4689935	4691347	2.85044231656687	0.00920592494097856	UP	1.63033340145103	0.296194586886201	NS
UP	A86485_only	medtr.A17.gnm5.ann1_6.MtrunA17Chr7g0240451	MtrunA17Chr7g0240451	MtnsLTP64	non-specific Lipid Transfer Protein	medtr.A17.gnm5.MtrunA17Chr7	-	30301773	30303146	1.98004739977725	0.0335727553107892	UP	1.6291438813422	0.110540442460841	NS
UP	A86485_only	medtr.A17.gnm5.ann1_6.MtrunA17Chr2g0279541	MtrunA17Chr2g0279541			medtr.A17.gnm5.MtrunA17Chr2	-	1924290	1925000	1.93659891445637	0.0460215615545307	UP	1.6247140132808	0.121394214797438	NS
UP	A86485_only	medtr.A17.gnm5.ann1_6.MtrunA17Chr3g0095221	MtrunA17Chr3g0095221			medtr.A17.gnm5.MtrunA17Chr3	-	18533916	18540985	1.98950760020979	0.0194455285477141	UP	1.6241614006641	0.0910791823814426	NS
UP	A86485_only	medtr.A17.gnm5.ann1_6.MtrunA17Chr2g0284741	MtrunA17Chr2g0284741			medtr.A17.gnm5.MtrunA17Chr2	+	5509323	5512319	2.66478982264217	0.0158172471594506	UP	1.5802293555436	0.346870812870579	NS
UP	A86485_only	medtr.A17.gnm5.ann1_6.MtrunA17Chr3g0112121	MtrunA17Chr3g0112121	MtRCA	Rubisco activase (TC168053)	medtr.A17.gnm5.MtrunA17Chr3	-	34151021	34154675	2.95898132590975	0.000362335773084164	UP	1.55664634498421	0.202120464618953	NS
UP	A86485_only	medtr.A17.gnm5.ann1_6.MtrunA17Chr3g0140631	MtrunA17Chr3g0140631			medtr.A17.gnm5.MtrunA17Chr3	-	54980534	54984297	1.9646159469607	0.0331615019864062	UP	1.55201584447106	0.151228375869804	NS
UP	A86485_only	medtr.A17.gnm5.ann1_6.MtrunA17Chr3g0109271	MtrunA17Chr3g0109271			medtr.A17.gnm5.MtrunA17Chr3	+	32232226	32234539	3.43884175837397	0.0016291835554217	UP	1.54595313178396	0.47801944265579	NS
UP	A86485_only	medtr.A17.gnm5.ann1_6.MtrunA17Chr1g0181131	MtrunA17Chr1g0181131	MtLOG2	cytokinin biosynthesis	medtr.A17.gnm5.MtrunA17Chr1	-	32190662	32194130	2.16015354353414	0.00122608111774228	UP	1.52942799644598	0.0593166890969589	NS
UP	A86485_only	medtr.A17.gnm5.ann1_6.MtrunA17MTg0490321	MtrunA17MTg0490321			medtr.A17.gnm5.MtrunA17MT	+	32432	33301	2.60768346123467	0.0324629392431525	UP	1.5218705958308	0.457378575866129	NS
UP	A86485_only	medtr.A17.gnm5.ann1_6.MtrunA17MTg0491001	MtrunA17MTg0491001			medtr.A17.gnm5.MtrunA17MT	+	133494	135439	2.29136949685937	0.0248753453529973	UP	1.52021531908931	0.29495798256972	NS
UP	A86485_only	medtr.A17.gnm5.ann1_6.MtrunA17Chr5g0395821	MtrunA17Chr5g0395821			medtr.A17.gnm5.MtrunA17Chr5	+	1644701	1647441	2.05565724755998	0.0240592137707129	UP	1.5085234316733	0.200157954804825	NS
UP	A86485_only	medtr.A17.gnm5.ann1_6.MtrunA17Chr7g0214181	MtrunA17Chr7g0214181	MtSWEET15d|MtSWEET15.4	sucrose transporter	medtr.A17.gnm5.MtrunA17Chr7	+	351923	353295	4.00766149488524	0.000690394298311009	UP	1.49899595013594	0.546028899976079	NS
UP	A86485_only	medtr.A17.gnm5.ann1_6.MtrunA17Chr2g0279871	MtrunA17Chr2g0279871			medtr.A17.gnm5.MtrunA17Chr2	-	2178842	2185920	1.97075863704623	0.00350039269185036	UP	1.48481334081551	0.0704758297756833	NS
UP	A86485_only	medtr.A17.gnm5.ann1_6.MtrunA17Chr3g0103191	MtrunA17Chr3g0103191			medtr.A17.gnm5.MtrunA17Chr3	+	27593255	27595022	3.4014907754463	0.00948445185290973	UP	1.48037684118285	0.648025021352541	NS
UP	A86485_only	medtr.A17.gnm5.ann1_6.MtrunA17Chr3g0095731	MtrunA17Chr3g0095731			medtr.A17.gnm5.MtrunA17Chr3	-	19229879	19235089	2.35293390778383	0.00759998165622217	UP	1.46745145737933	0.240202454029813	NS
UP	A86485_only	medtr.A17.gnm5.ann1_6.MtrunA17Chr6g0448861	MtrunA17Chr6g0448861			medtr.A17.gnm5.MtrunA17Chr6	+	58197	59200	2.37672584556438	0.0191972413445868	UP	1.45256866545782	0.379030472595581	NS
UP	A86485_only	medtr.A17.gnm5.ann1_6.MtrunA17Chr6g0462541	MtrunA17Chr6g0462541			medtr.A17.gnm5.MtrunA17Chr6	+	11561164	11563225	1.57833701695089	0.0322483314640078	UP	1.43944712289819	0.0614340370969023	NS
UP	A86485_only	medtr.A17.gnm5.ann1_6.MtrunA17Chr3g0111961	MtrunA17Chr3g0111961	MtCCS52b	cell cycle switch gene 52 b (anaphase-promoting complex activator)	medtr.A17.gnm5.MtrunA17Chr3	-	34050334	34053616	1.89000349292638	0.0157128640022928	UP	1.43111395611822	0.160981081485075	NS
UP	A86485_only	medtr.A17.gnm5.ann1_6.MtrunA17Chr5g0438201	MtrunA17Chr5g0438201	MtNodGRP33	Nodule-specific Glycine-rich	medtr.A17.gnm5.MtrunA17Chr5	+	37485703	37486439	2.17349610586272	0.0110669063955776	UP	1.42931057048756	0.246010564189341	NS
UP	A86485_only	medtr.A17.gnm5.ann1_6.MtrunA17Chr3g0136531	MtrunA17Chr3g0136531			medtr.A17.gnm5.MtrunA17Chr3	+	52089240	52096344	1.97626485815953	0.0400392275794782	UP	1.4274207033792	0.288600830868479	NS
UP	A86485_only	medtr.A17.gnm5.ann1_6.MtrunA17Chr2g0307051	MtrunA17Chr2g0307051	MtNCR-new7	Nodule-specific Cysteine-Rich peptide	medtr.A17.gnm5.MtrunA17Chr2	+	29349476	29351376	3.14323471438582	0.0051519126119287	UP	1.42151419725227	0.489880853490802	NS
UP	A86485_only	medtr.A17.gnm5.ann1_6.MtrunA17Chr2g0310471	MtrunA17Chr2g0310471			medtr.A17.gnm5.MtrunA17Chr2	-	33425479	33426321	3.39958974746981	0.0202693477036833	UP	1.38534188068551	0.904526532406363	NS
UP	A86485_only	medtr.A17.gnm5.ann1_6.MtrunA17Chr2g0297631	MtrunA17Chr2g0297631			medtr.A17.gnm5.MtrunA17Chr2	-	15671744	15677520	2.31852322555184	0.00244209982702878	UP	1.38136763333598	0.261214058791128	NS
UP	A86485_only	medtr.A17.gnm5.ann1_6.MtrunA17Chr5g0400911	MtrunA17Chr5g0400911			medtr.A17.gnm5.MtrunA17Chr5	+	5196031	5197141	3.80312643309843	0.00151462478853418	UP	-1.37057889055213	1	NS
UP	A86485_only	medtr.A17.gnm5.ann1_6.MtrunA17Chr3g0109571	MtrunA17Chr3g0109571			medtr.A17.gnm5.MtrunA17Chr3	-	32394593	32395814	2.49424670553737	0.0414117355342161	UP	-1.36936474651795	0.858600316808128	NS
UP	A86485_only	medtr.A17.gnm5.ann1_6.MtrunA17Chr5g0424431	MtrunA17Chr5g0424431			medtr.A17.gnm5.MtrunA17Chr5	+	26481387	26482072	2.99327250399753	0.00765334910023152	UP	1.36579787075012	0.581186305084112	NS
UP	A86485_only	medtr.A17.gnm5.ann1_6.MtrunA17Chr3g0110371	MtrunA17Chr3g0110371	MtBG5	beta-1,3-Glucanase 5	medtr.A17.gnm5.MtrunA17Chr3	+	33097123	33101360	1.92831507545342	0.0258133137365864	UP	1.36306612086944	0.311631855905302	NS
UP	A86485_only	medtr.A17.gnm5.ann1_6.MtrunA17Chr5g0438371	MtrunA17Chr5g0438371			medtr.A17.gnm5.MtrunA17Chr5	-	37552035	37553014	2.28192908773831	0.0293873789697302	UP	1.36129409490788	0.478109076138849	NS
UP	A86485_only	medtr.A17.gnm5.ann1_6.MtrunA17Chr5g0426311	MtrunA17Chr5g0426311			medtr.A17.gnm5.MtrunA17Chr5	+	28164855	28170718	2.09696635113494	0.0464286798308253	UP	1.35832152438188	0.44404636871411	NS
UP	A86485_only	medtr.A17.gnm5.ann1_6.MtrunA17Chr3g0095751	MtrunA17Chr3g0095751			medtr.A17.gnm5.MtrunA17Chr3	+	19279594	19285118	1.92393322281312	0.0423654143269725	UP	1.32960824039898	0.385940182024135	NS
UP	A86485_only	medtr.A17.gnm5.ann1_6.MtrunA17Chr5g0442111	MtrunA17Chr5g0442111			medtr.A17.gnm5.MtrunA17Chr5	-	40354063	40355299	2.95126819143242	0.0191972413445868	UP	1.32032934222334	0.729800006200714	NS
UP	A86485_only	medtr.A17.gnm5.ann1_6.MtrunA17Chr3g0142691	MtrunA17Chr3g0142691			medtr.A17.gnm5.MtrunA17Chr3	-	56544059	56547204	2.18621059993561	0.00612983424992413	UP	1.27547546835272	0.417577043531755	NS
UP	A86485_only	medtr.A17.gnm5.ann1_6.MtrunA17Chr7g0218781	MtrunA17Chr7g0218781			medtr.A17.gnm5.MtrunA17Chr7	+	3995042	3997947	2.16322521934853	0.0396758807435114	UP	1.26535746219934	0.551691724635824	NS
UP	A86485_only	medtr.A17.gnm5.ann1_6.MtrunA17Chr1g0148471	MtrunA17Chr1g0148471			medtr.A17.gnm5.MtrunA17Chr1	+	1865212	1866022	2.25041287348559	0.03376922781817	UP	1.26002606292509	0.566726017956091	NS
UP	A86485_only	medtr.A17.gnm5.ann1_6.MtrunA17Chr1g0211401	MtrunA17Chr1g0211401			medtr.A17.gnm5.MtrunA17Chr1	+	54961466	54969103	1.74428235397418	0.020618751768207	UP	1.24335273520702	0.34770379500261	NS
UP	A86485_only	medtr.A17.gnm5.ann1_6.MtrunA17Chr5g0413981	MtrunA17Chr5g0413981			medtr.A17.gnm5.MtrunA17Chr5	+	15153689	15157214	2.47797622392591	0.00640457985364064	UP	1.22843823240417	0.564695068735869	NS
UP	A86485_only	medtr.A17.gnm5.ann1_6.MtrunA17Chr4g0004871	MtrunA17Chr4g0004871	MtFPN2	ferroportin 2	medtr.A17.gnm5.MtrunA17Chr4	+	3833570	3839471	2.60910889880839	0.00614624971258029	UP	1.22062196783271	0.617093594942525	NS
UP	A86485_only	medtr.A17.gnm5.ann1_6.MtrunA17Chr1g0212201	MtrunA17Chr1g0212201			medtr.A17.gnm5.MtrunA17Chr1	+	55527040	55530009	3.01324667638356	0.0167006261782126	UP	1.21702014549264	0.840998158917753	NS
UP	A86485_only	medtr.A17.gnm5.ann1_6.MtrunA17Chr5g0424421	MtrunA17Chr5g0424421	MtNCR376	Nodule-specific Cysteine-Rich peptide	medtr.A17.gnm5.MtrunA17Chr5	+	26479348	26481214	2.56407023783085	0.0248753453529973	UP	1.18917499003922	0.717252320173977	NS
UP	A86485_only	medtr.A17.gnm5.ann1_6.MtrunA17Chr3g0092881	MtrunA17Chr3g0092881	MtLegin38	Leginsulin	medtr.A17.gnm5.MtrunA17Chr3	+	14497186	14497661	2.58483216830467	0.0151998355629746	UP	1.18116228246282	0.701075056103691	NS
UP	A86485_only	medtr.A17.gnm5.ann1_6.MtrunA17Chr2g0287481	MtrunA17Chr2g0287481			medtr.A17.gnm5.MtrunA17Chr2	+	7497449	7499082	2.66462582871036	0.0314639482449242	UP	-1.16845905218189	1	NS
UP	A86485_only	medtr.A17.gnm5.ann1_6.MtrunA17Chr8g0364331	MtrunA17Chr8g0364331	MtSYFO1L	SYMBIOTIC FORMIN 1-LIKE	medtr.A17.gnm5.MtrunA17Chr8	+	28783478	28786650	1.95136245212449	0.0136232480004997	UP	1.16153706724171	0.578243262637225	NS
UP	A86485_only	medtr.A17.gnm5.ann1_6.MtrunA17Chr1g0177671	MtrunA17Chr1g0177671			medtr.A17.gnm5.MtrunA17Chr1	-	29256602	29263583	2.15658652862445	0.0194455285477141	UP	1.13036889345413	0.71361757715426	NS
UP	A86485_only	medtr.A17.gnm5.ann1_6.MtrunA17Chr8g0392601	MtrunA17Chr8g0392601	MtMATE36	multidrug and toxic compound extrusion family	medtr.A17.gnm5.MtrunA17Chr8	+	49159190	49162302	2.08306211636062	0.0261284020686831	UP	1.11975655230213	0.71995035322006	NS
UP	A86485_only	medtr.A17.gnm5.ann1_6.MtrunA17Chr7g0255781	MtrunA17Chr7g0255781			medtr.A17.gnm5.MtrunA17Chr7	-	41696928	41703152	1.9081553740529	0.0449475660136478	UP	1.11812780989545	0.71302335728694	NS
UP	A86485_only	medtr.A17.gnm5.ann1_6.MtrunA17Chr5g0412441	MtrunA17Chr5g0412441	MtNodGRP27	Nodule-specific Glycine-rich	medtr.A17.gnm5.MtrunA17Chr5	-	13855904	13857071	2.03012321131396	0.0196878538443703	UP	1.10665087554905	0.720533250170817	NS
UP	A86485_only	medtr.A17.gnm5.ann1_6.MtrunA17Chr1g0148461	MtrunA17Chr1g0148461			medtr.A17.gnm5.MtrunA17Chr1	-	1863764	1869062	2.1933671786964	0.0482261812531364	UP	1.10350347625135	0.798315198158632	NS
UP	A86485_only	medtr.A17.gnm5.ann1_6.MtrunA17Chr3g0129571	MtrunA17Chr3g0129571			medtr.A17.gnm5.MtrunA17Chr3	+	47064978	47067139	2.13465640999935	0.0246264397980752	UP	1.10112166875883	0.766726128017238	NS
UP	A86485_only	medtr.A17.gnm5.ann1_6.MtrunA17Chr5g0438331	MtrunA17Chr5g0438331	MtNodGRP36	Nodule-specific Glycine-rich	medtr.A17.gnm5.MtrunA17Chr5	-	37534860	37536753	2.17270264636936	0.0339915047928522	UP	1.10000457898988	0.784184570932126	NS
UP	A86485_only	medtr.A17.gnm5.ann1_6.MtrunA17Chr8g0371921	MtrunA17Chr8g0371921			medtr.A17.gnm5.MtrunA17Chr8	-	34535530	34538562	2.00934093537949	0.00743412530870333	UP	1.06316228024959	0.783184913623162	NS
UP	A86485_only	medtr.A17.gnm5.ann1_6.MtrunA17Chr4g0065511	MtrunA17Chr4g0065511	MtCHIT5b	chitinase 5 b	medtr.A17.gnm5.MtrunA17Chr4	-	56598192	56600286	2.31226458514238	0.00622885306395982	UP	1.05804595305027	0.828282178073907	NS
UP	A86485_only	medtr.A17.gnm5.ann1_6.MtrunA17Chr5g0438341	MtrunA17Chr5g0438341			medtr.A17.gnm5.MtrunA17Chr5	+	37535342	37536511	2.22633086998122	0.0167145612108086	UP	1.05769861977244	0.841584905368012	NS
UP	A86485_only	medtr.A17.gnm5.ann1_6.MtrunA17Chr2g0310831	MtrunA17Chr2g0310831			medtr.A17.gnm5.MtrunA17Chr2	+	33836798	33839730	2.01874955910826	0.0260873483072906	UP	1.0510104255463	0.841608377084887	NS
UP	A86485_only	medtr.A17.gnm5.ann1_6.MtrunA17Chr7g0233891	MtrunA17Chr7g0233891	MtNCR386	Nodule-specific Cysteine-Rich peptide	medtr.A17.gnm5.MtrunA17Chr7	-	24315569	24316266	2.54480333733129	0.0125629075358456	UP	1.0311704667557	0.909551938977825	NS
UP	A86485_only	medtr.A17.gnm5.ann1_6.MtrunA17Chr5g0417921	MtrunA17Chr5g0417921			medtr.A17.gnm5.MtrunA17Chr5	-	18529537	18530313	3.20432748307418	0.00170631375331033	UP	1.02901594840403	0.940296852374865	NS
UP	A86485_only	medtr.A17.gnm5.ann1_6.MtrunA17Chr5g0438291	MtrunA17Chr5g0438291	MtNodGRP35	Nodule-specific Glycine-rich	medtr.A17.gnm5.MtrunA17Chr5	-	37525619	37527633	2.2988106449375	0.0243351712937278	UP	1.02213779067258	0.916136961795799	NS
UP	A86485_only	medtr.A17.gnm5.ann1_6.MtrunA17MTg0490751	MtrunA17MTg0490751			medtr.A17.gnm5.MtrunA17MT	+	99059	99905	2.23332134365941	0.0483709538466549	UP	1.0178938944521	0.935967135333205	NS
UP	A86485_only	medtr.A17.gnm5.ann1_6.MtrunA17Chr1g0165411	MtrunA17Chr1g0165411			medtr.A17.gnm5.MtrunA17Chr1	-	15011361	15016111	2.33643141083318	0.0196878538443703	UP	1.01736124970375	0.92245970995054	NS
UP	A86485_only	medtr.A17.gnm5.ann1_6.MtrunA17Chr3g0124861	MtrunA17Chr3g0124861	MtRRA3	type-A response regulator	medtr.A17.gnm5.MtrunA17Chr3	-	43475349	43479774	2.08601750598154	0.0331615019864062	UP	1.01443428425121	0.92014979683263	NS
UP	A86485_only	medtr.A17.gnm5.ann1_6.MtrunA17Chr3g0131251	MtrunA17Chr3g0131251			medtr.A17.gnm5.MtrunA17Chr3	-	48244642	48247006	1.98163812040357	0.0109103943578203	UP	1.00930858105134	0.914993792052988	NS
UP	A86485_only	medtr.A17.gnm5.ann1_6.MtrunA17Chr1g0178751	MtrunA17Chr1g0178751			medtr.A17.gnm5.MtrunA17Chr1	-	30151111	30154966	3.06653785748195	0.00689593219712239	UP	1.00837626793611	1	NS
UP	A86485_only	medtr.A17.gnm5.ann1_6.MtrunA17Chr2g0314811	MtrunA17Chr2g0314811	MtNCR477	Nodule-specific Cysteine-Rich peptide	medtr.A17.gnm5.MtrunA17Chr2	+	37168989	37169541	2.88239956987433	0.00537680377057069	UP	1.00751113379939	0.954160420209655	NS
UP	A86485_only	medtr.A17.gnm5.ann1_6.MtrunA17Chr3g0092921	MtrunA17Chr3g0092921			medtr.A17.gnm5.MtrunA17Chr3	+	14664008	14664525	2.83780921466155	0.00588390027842164	UP	0.995955310381964	0.964161063743862	NS
UP	A86485_only	medtr.A17.gnm5.ann1_6.MtrunA17Chr3g0094011	MtrunA17Chr3g0094011	MtNodGRP4|MtN25	Nodule-specific Glycine-rich 4|Mtnodulin 25	medtr.A17.gnm5.MtrunA17Chr3	+	16382478	16383557	1.87663639561095	0.0320809164214971	UP	0.994829406279865	0.954844065811756	NS
UP	A86485_only	medtr.A17.gnm5.ann1_6.MtrunA17Chr4g0043071	MtrunA17Chr4g0043071			medtr.A17.gnm5.MtrunA17Chr4	-	40221298	40223301	2.04186597466194	0.018721509048052	UP	0.990074358672534	0.955534659863621	NS
UP	A86485_only	medtr.A17.gnm5.ann1_6.MtrunA17Chr6g0487381	MtrunA17Chr6g0487381			medtr.A17.gnm5.MtrunA17Chr6	+	41669735	41673332	1.81248241762624	0.0257859557969324	UP	0.985950886534716	0.968492048850972	NS
UP	A86485_only	medtr.A17.gnm5.ann1_6.MtrunA17MTg0490731	MtrunA17MTg0490731			medtr.A17.gnm5.MtrunA17MT	-	98451	99492	2.2533261367451	0.00660125300756719	UP	0.979887460743508	0.9740916901776	NS
UP	A86485_only	medtr.A17.gnm5.ann1_6.MtrunA17Chr8g0373911	MtrunA17Chr8g0373911			medtr.A17.gnm5.MtrunA17Chr8	-	36025947	36027021	2.0497377819413	0.0324294530687984	UP	0.978236993715966	0.979785543342888	NS
UP	A86485_only	medtr.A17.gnm5.ann1_6.MtrunA17Chr3g0128311	MtrunA17Chr3g0128311			medtr.A17.gnm5.MtrunA17Chr3	+	46109526	46109867	4.04044996048547	0.0178923937072191	UP	0.964190494679818	1	NS
UP	A86485_only	medtr.A17.gnm5.ann1_6.MtrunA17Chr8g0377551	MtrunA17Chr8g0377551	MtSEP3b	SEPALLATA 3b	medtr.A17.gnm5.MtrunA17Chr8	-	38865747	38870713	3.46143040187618	0.000247523055798588	UP	0.94320706466398	1	NS
UP	A86485_only	medtr.A17.gnm5.ann1_6.MtrunA17Chr5g0414651	MtrunA17Chr5g0414651			medtr.A17.gnm5.MtrunA17Chr5	+	15628479	15633737	2.01302256540147	0.0232240323314808	UP	0.940906294659421	1	NS
UP	A86485_only	medtr.A17.gnm5.ann1_6.MtrunA17Chr7g0267581	MtrunA17Chr7g0267581	MtNF-YA2	nuclear factor Y subunit A2	medtr.A17.gnm5.MtrunA17Chr7	-	50336448	50341352	1.74024527339242	0.0258571094717926	UP	0.936572766827873	1	NS
UP	A86485_only	medtr.A17.gnm5.ann1_6.MtrunA17Chr5g0417931	MtrunA17Chr5g0417931			medtr.A17.gnm5.MtrunA17Chr5	+	18530964	18534127	2.16742210454057	0.0289750664078159	UP	0.931020323751696	1	NS
UP	A86485_only	medtr.A17.gnm5.ann1_6.MtrunA17Chr1g0160371	MtrunA17Chr1g0160371			medtr.A17.gnm5.MtrunA17Chr1	+	10854199	10856447	2.09129840963345	0.0470942583505017	UP	0.907961969186485	1	NS
UP	A86485_only	medtr.A17.gnm5.ann1_6.MtrunA17Chr8g0338011	MtrunA17Chr8g0338011			medtr.A17.gnm5.MtrunA17Chr8	-	2674625	2675556	2.49127868680918	0.00590275993171919	UP	0.902170432003799	1	NS
UP	A86485_only	medtr.A17.gnm5.ann1_6.MtrunA17Chr5g0438231	MtrunA17Chr5g0438231	MtNodGRP34	Nodule-specific Glycine-rich	medtr.A17.gnm5.MtrunA17Chr5	-	37502355	37505177	2.42171054487728	0.0210437991595755	UP	0.881877838923909	1	NS
UP	A86485_only	medtr.A17.gnm5.ann1_6.MtrunA17Chr8g0351651	MtrunA17Chr8g0351651			medtr.A17.gnm5.MtrunA17Chr8	-	13650044	13653452	1.70669262886046	0.0316511540018384	UP	0.880848100526234	1	NS
UP	A86485_only	medtr.A17.gnm5.ann1_6.MtrunA17Chr8g0337741	MtrunA17Chr8g0337741	MtDefNS2|MtPDF44	symbiotic defensin 2|Plant Defensin 44	medtr.A17.gnm5.MtrunA17Chr8	+	2507380	2508510	2.07084125345774	0.0287937940884784	UP	0.848970531442919	1	NS
UP	A86485_only	medtr.A17.gnm5.ann1_6.MtrunA17Chr5g0438171	MtrunA17Chr5g0438171	MtNodGRP32	Nodule-specific Glycine-rich	medtr.A17.gnm5.MtrunA17Chr5	-	37470122	37471393	1.90572066850262	0.020926837609954	UP	0.843189493321689	1	NS
UP	A86485_only	medtr.A17.gnm5.ann1_6.MtrunA17Chr7g0258771	MtrunA17Chr7g0258771			medtr.A17.gnm5.MtrunA17Chr7	+	43943144	43944976	2.56477668229647	0.0105139292404292	UP	0.811602288317824	1	NS
UP	A86485_only	medtr.A17.gnm5.ann1_6.MtrunA17Chr7g0216901	MtrunA17Chr7g0216901			medtr.A17.gnm5.MtrunA17Chr7	-	2446396	2447312	2.22593068354474	0.0230625649582613	UP	0.793469222814096	1	NS
UP	A86485_only	medtr.A17.gnm5.ann1_6.MtrunA17Chr3g0140761	MtrunA17Chr3g0140761			medtr.A17.gnm5.MtrunA17Chr3	-	55111771	55117166	2.25284422582549	0.00974417117655311	UP	0.779734585789456	1	NS
UP	A86485_only	medtr.A17.gnm5.ann1_6.MtrunA17Chr6g0488871	MtrunA17Chr6g0488871			medtr.A17.gnm5.MtrunA17Chr6	-	42776810	42777363	1.942138148219	0.0398763991944485	UP	0.779241361347424	1	NS
UP	A86485_only	medtr.A17.gnm5.ann1_6.MtrunA17Chr3g0092941	MtrunA17Chr3g0092941	MtLegin47	Leginsulin	medtr.A17.gnm5.MtrunA17Chr3	+	14710261	14710925	2.44003880576723	0.0246954632182539	UP	0.768013071994147	1	NS
UP	A86485_only	medtr.A17.gnm5.ann1_6.MtrunA17Chr3g0082971	MtrunA17Chr3g0082971			medtr.A17.gnm5.MtrunA17Chr3	+	4694892	4697009	1.93910516830883	0.0456972034827106	UP	0.757369861968913	1	NS
UP	A86485_only	medtr.A17.gnm5.ann1_6.MtrunA17Chr7g0216891	MtrunA17Chr7g0216891			medtr.A17.gnm5.MtrunA17Chr7	+	2443913	2448125	2.07733700510844	0.0401095542727291	UP	0.755241099073967	1	NS
UP	A86485_only	medtr.A17.gnm5.ann1_6.MtrunA17Chr6g0478331	MtrunA17Chr6g0478331			medtr.A17.gnm5.MtrunA17Chr6	-	32954459	32956636	2.4879589522077	0.0398765343122406	UP	0.734145285287764	1	NS
UP	A86485_only	medtr.A17.gnm5.ann1_6.MtrunA17Chr3g0082981	MtrunA17Chr3g0082981	MtENOD12	early nodulin 12	medtr.A17.gnm5.MtrunA17Chr3	-	4695915	4696898	1.92941245472685	0.0362231377412499	UP	0.733145181121888	1	NS
UP	A86485_only	medtr.A17.gnm5.ann1_6.MtrunA17Chr2g0282591	MtrunA17Chr2g0282591			medtr.A17.gnm5.MtrunA17Chr2	+	4014155	4015735	2.08594125949617	0.0215824141249057	UP	0.730557057829129	1	NS
UP	A86485_only	medtr.A17.gnm5.ann1_6.MtrunA17Chr2g0284281	MtrunA17Chr2g0284281	MtAP2c	AP2 domain protein 2c	medtr.A17.gnm5.MtrunA17Chr2	-	5192761	5194544	2.45922758920692	0.0042578864472584	UP	0.719175108758161	1	NS
UP	A86485_only	medtr.A17.gnm5.ann1_6.MtrunA17Chr1g0178411	MtrunA17Chr1g0178411			medtr.A17.gnm5.MtrunA17Chr1	-	29939263	29947305	2.13531543133983	0.0331615019864062	UP	0.717276195657977	1	NS
UP	A86485_only	medtr.A17.gnm5.ann1_6.MtrunA17Chr2g0332921	MtrunA17Chr2g0332921	MtDAS18	DNF1-associated SPC18 (signal peptidase complex subunit)	medtr.A17.gnm5.MtrunA17Chr2	-	50857817	50861553	1.79634796692333	0.0369664646818178	UP	0.713702068370647	1	NS
UP	A86485_only	medtr.A17.gnm5.ann1_6.MtrunA17Chr5g0447401	MtrunA17Chr5g0447401			medtr.A17.gnm5.MtrunA17Chr5	+	43708964	43710213	4.14443075583343	0.0112502343907141	UP	-0.695898899207417	1	NS
UP	A86485_only	medtr.A17.gnm5.ann1_6.MtrunA17Chr8g0369681	MtrunA17Chr8g0369681			medtr.A17.gnm5.MtrunA17Chr8	+	32857195	32860783	2.10904149956343	0.0223101104918909	UP	0.683992277066895	1	NS
UP	A86485_only	medtr.A17.gnm5.ann1_6.MtrunA17Chr3g0137261	MtrunA17Chr3g0137261	MtFLOT2	Flotillin 2 (EX527915)	medtr.A17.gnm5.MtrunA17Chr3	-	52639485	52642354	1.84436867290704	0.0296865768321624	UP	0.676866023885716	1	NS
UP	A86485_only	medtr.A17.gnm5.ann1_6.MtrunA17Chr4g0056741	MtrunA17Chr4g0056741			medtr.A17.gnm5.MtrunA17Chr4	+	50135482	50138844	1.61917456129783	0.0477027744835827	UP	0.646365752506679	1	NS
UP	A86485_only	medtr.A17.gnm5.ann1_6.MtrunA17Chr4g0065731	MtrunA17Chr4g0065731	MtIPT2	isopentenyl transferase	medtr.A17.gnm5.MtrunA17Chr4	+	56781760	56783981	2.0830736758999	0.0386414643164958	UP	0.633726337804312	1	NS
UP	A86485_only	medtr.A17.gnm5.ann1_6.MtrunA17Chr8g0358241	MtrunA17Chr8g0358241			medtr.A17.gnm5.MtrunA17Chr8	+	20383685	20385108	2.40953064149305	0.0117977523797948	UP	0.623306896623021	1	NS
UP	A86485_only	medtr.A17.gnm5.ann1_6.MtrunA17Chr1g0181031	MtrunA17Chr1g0181031			medtr.A17.gnm5.MtrunA17Chr1	-	32049992	32051225	2.37325882142797	0.0422629170517176	UP	-0.576035929852181	1	NS
UP	A86485_only	medtr.A17.gnm5.ann1_6.MtrunA17Chr3g0124621	MtrunA17Chr3g0124621			medtr.A17.gnm5.MtrunA17Chr3	+	43319250	43320576	2.05985015152165	0.0257859557969324	UP	0.555658095035401	1	NS
UP	A86485_only	medtr.A17.gnm5.ann1_6.MtrunA17Chr3g0082931	MtrunA17Chr3g0082931			medtr.A17.gnm5.MtrunA17Chr3	+	4669004	4669760	1.84515569714636	0.0493336301346238	UP	0.515293852589105	1	NS
UP	A86485_only	medtr.A17.gnm5.ann1_6.MtrunA17Chr5g0448411	MtrunA17Chr5g0448411			medtr.A17.gnm5.MtrunA17Chr5	-	44448028	44450031	2.08684163648155	0.0371201502350614	UP	0.505226400092667	1	NS
UP	A86485_only	medtr.A17.gnm5.ann1_6.MtrunA17Chr4g0012421	MtrunA17Chr4g0012421			medtr.A17.gnm5.MtrunA17Chr4	-	9809650	9811389	2.13476033618302	0.0191048497632908	UP	0.504407375989344	1	NS
UP	A86485_only	medtr.A17.gnm5.ann1_6.MtrunA17Chr8g0368491	MtrunA17Chr8g0368491			medtr.A17.gnm5.MtrunA17Chr8	-	31931454	31935089	2.3666301163559	0.0245943690504745	UP	0.486550368800536	1	NS
UP	A86485_only	medtr.A17.gnm5.ann1_6.MtrunA17Chr5g0448391	MtrunA17Chr5g0448391			medtr.A17.gnm5.MtrunA17Chr5	-	44446935	44448026	1.88674019586758	0.0134083886485906	UP	0.460045581136943	1	NS
UP	A86485_only	medtr.A17.gnm5.ann1_6.MtrunA17Chr3g0090191	MtrunA17Chr3g0090191	MtNCR310	Nodule-specific Cysteine-Rich peptide	medtr.A17.gnm5.MtrunA17Chr3	-	11526352	11528043	2.12374843705582	0.0210419036675376	UP	0.457980935145992	1	NS
UP	A86485_only	medtr.A17.gnm5.ann1_6.MtrunA17Chr7g0257951	MtrunA17Chr7g0257951			medtr.A17.gnm5.MtrunA17Chr7	+	43395362	43398352	2.21465650572885	0.0196213343437037	UP	-0.439009257338716	1	NS
UP	A86485_only	medtr.A17.gnm5.ann1_6.MtrunA17Chr3g0124371	MtrunA17Chr3g0124371			medtr.A17.gnm5.MtrunA17Chr3	+	43190810	43195083	1.92192431946443	0.0312227748144001	UP	0.429041911315782	1	NS
UP	A86485_only	medtr.A17.gnm5.ann1_6.MtrunA17Chr7g0235391	MtrunA17Chr7g0235391			medtr.A17.gnm5.MtrunA17Chr7	-	25772991	25773981	2.57027192596344	0.0117718275951427	UP	0.428423990214763	1	NS
UP	A86485_only	medtr.A17.gnm5.ann1_6.MtrunA17Chr8g0353341	MtrunA17Chr8g0353341	Mt4CL-1	4-coumarate--CoA ligase-like	medtr.A17.gnm5.MtrunA17Chr8	-	15120197	15123976	4.33047826781946	0.000305689474931145	UP	0.42190788404364	1	NS
UP	A86485_only	medtr.A17.gnm5.ann1_6.MtrunA17Chr7g0238571	MtrunA17Chr7g0238571			medtr.A17.gnm5.MtrunA17Chr7	+	28513674	28515190	1.93837823270058	0.0149342484521249	UP	0.401758092568065	1	NS
UP	A86485_only	medtr.A17.gnm5.ann1_6.MtrunA17Chr3g0123331	MtrunA17Chr3g0123331	MtNPL	nodulation pectate lyase (LjNPL orthologue)	medtr.A17.gnm5.MtrunA17Chr3	+	42528581	42530990	2.34790601243465	0.0420037685483608	UP	0.395476509742538	1	NS
UP	A86485_only	medtr.A17.gnm5.ann1_6.MtrunA17Chr2g0319201	MtrunA17Chr2g0319201			medtr.A17.gnm5.MtrunA17Chr2	-	40725830	40731482	1.99474442301908	0.0334077776440756	UP	0.328546487899915	1	NS
UP	A86485_only	medtr.A17.gnm5.ann1_6.MtrunA17Chr4g0005631	MtrunA17Chr4g0005631			medtr.A17.gnm5.MtrunA17Chr4	+	4416330	4420538	2.16967676591757	0.0224368202409397	UP	0.262598577537905	1	NS
UP	A86485_only	medtr.A17.gnm5.ann1_6.MtrunA17Chr2g0288011	MtrunA17Chr2g0288011			medtr.A17.gnm5.MtrunA17Chr2	+	7950274	7952522	2.46069255888671	0.00111138569137488	UP	0.260010190787845	1	NS
UP	A86485_only	medtr.A17.gnm5.ann1_6.MtrunA17Chr1g0149781	MtrunA17Chr1g0149781			medtr.A17.gnm5.MtrunA17Chr1	+	2887588	2889835	1.98039261700985	0.00729023911042545	UP	0.259642660668507	1	NS
UP	A86485_only	medtr.A17.gnm5.ann1_6.MtrunA17Chr5g0448401	MtrunA17Chr5g0448401			medtr.A17.gnm5.MtrunA17Chr5	+	44447252	44447984	1.81532684007865	0.0169250614868625	UP	0.256452242256827	1	NS
UP	A86485_only	medtr.A17.gnm5.ann1_6.MtrunA17Chr3g0106521	MtrunA17Chr3g0106521			medtr.A17.gnm5.MtrunA17Chr3	+	30290043	30290993	2.28932848664462	0.0294778331271055	UP	0.254481441964207	1	NS
UP	A86485_only	medtr.A17.gnm5.ann1_6.MtrunA17Chr3g0109181	MtrunA17Chr3g0109181			medtr.A17.gnm5.MtrunA17Chr3	+	32190406	32191058	3.20587084078234	0.0200272802811974	UP	0.240472318635826	1	NS
UP	A86485_only	medtr.A17.gnm5.ann1_6.MtrunA17Chr8g0341201	MtrunA17Chr8g0341201			medtr.A17.gnm5.MtrunA17Chr8	-	4853964	4856119	2.4754959715201	0.0287309694031886	UP	0.236620311211402	1	NS
UP	A86485_only	medtr.A17.gnm5.ann1_6.MtrunA17Chr8g0336241	MtrunA17Chr8g0336241			medtr.A17.gnm5.MtrunA17Chr8	+	1496875	1497711	2.3650515065602	0.0464155077811273	UP	-0.2232580774361	1	NS
UP	A86485_only	medtr.A17.gnm5.ann1_6.MtrunA17Chr4g0053071	MtrunA17Chr4g0053071			medtr.A17.gnm5.MtrunA17Chr4	-	47020464	47023651	1.61546377313778	0.0427705291120836	UP	0.219486160606872	1	NS
UP	A86485_only	medtr.A17.gnm5.ann1_6.MtrunA17Chr4g0002821	MtrunA17Chr4g0002821			medtr.A17.gnm5.MtrunA17Chr4	+	1985743	1987822	1.97529668385489	0.0474781873757007	UP	-0.214378384688255	1	NS
UP	A86485_only	medtr.A17.gnm5.ann1_6.MtrunA17Chr4g0041881	MtrunA17Chr4g0041881			medtr.A17.gnm5.MtrunA17Chr4	-	39400021	39401497	1.83698352365621	0.025591152506187	UP	-0.202275121513772	1	NS
UP	A86485_only	medtr.A17.gnm5.ann1_6.MtrunA17Chr7g0239821	MtrunA17Chr7g0239821	MtSRL1	Senescence-Related-Like 1	medtr.A17.gnm5.MtrunA17Chr7	+	29747208	29750218	1.74422790028176	0.0133814467611079	UP	-0.195781260847549	1	NS
UP	A86485_only	medtr.A17.gnm5.ann1_6.MtrunA17Chr4g0003871	MtrunA17Chr4g0003871	MtNCR607	Nodule-specific Cysteine-Rich peptide	medtr.A17.gnm5.MtrunA17Chr4	-	2967182	2969827	2.3147674237187	0.0456889299583551	UP	0.194296355963941	1	NS
UP	A86485_only	medtr.A17.gnm5.ann1_6.MtrunA17Chr2g0280901	MtrunA17Chr2g0280901			medtr.A17.gnm5.MtrunA17Chr2	+	2790327	2790948	2.32152207754028	0.00824413604866241	UP	0.170245674961066	1	NS
UP	A86485_only	medtr.A17.gnm5.ann1_6.MtrunA17Chr8g0386841	MtrunA17Chr8g0386841			medtr.A17.gnm5.MtrunA17Chr8	+	45087960	45093072	1.94119808530947	0.0374194325364939	UP	0.155185599518549	1	NS
UP	A86485_only	medtr.A17.gnm5.ann1_6.MtrunA17Chr5g0419291	MtrunA17Chr5g0419291			medtr.A17.gnm5.MtrunA17Chr5	-	19574669	19576112	2.05841836295667	0.0178923937072191	UP	0.0813352671136504	1	NS
UP	A86485_only	medtr.A17.gnm5.ann1_6.MtrunA17Chr7g0228731	MtrunA17Chr7g0228731			medtr.A17.gnm5.MtrunA17Chr7	-	14311894	14312880	3.27395653472059	0.00744594864823036	UP	-0.0687663549999023	1	NS
UP	A86485_only	medtr.A17.gnm5.ann1_6.MtrunA17Chr1g0186561	MtrunA17Chr1g0186561			medtr.A17.gnm5.MtrunA17Chr1	+	36806987	36809629	2.07812454564973	0.0480784083760079	UP	0.0663255625850849	1	NS
UP	A86485_only	medtr.A17.gnm5.ann1_6.MtrunA17Chr4g0057461	MtrunA17Chr4g0057461			medtr.A17.gnm5.MtrunA17Chr4	-	50664868	50667858	2.98332827498686	0.00112412870519389	UP	-0.0382660763750607	1	NS
UP	A86485_only	medtr.A17.gnm5.ann1_6.MtrunA17Chr2g0282401	MtrunA17Chr2g0282401			medtr.A17.gnm5.MtrunA17Chr2	+	3895974	3903301	3.05377186245639	0.0167006261782126	UP	0.0300068207977763	1	NS
UP	dnf2_only	medtr.A17.gnm5.ann1_6.MtrunA17Chr2g0295061	MtrunA17Chr2g0295061			medtr.A17.gnm5.MtrunA17Chr2	+	13582042	13587810	0.241147567841821	1	NS	10.5508138194356	5.27800957885423e-09	UP
UP	dnf2_only	medtr.A17.gnm5.ann1_6.MtrunA17Chr7g0245741	MtrunA17Chr7g0245741	MtVRC6	vestitone reductase cluster gene 6	medtr.A17.gnm5.MtrunA17Chr7	+	34709390	34712996	0	1	NS	9.89924461177953	0.000243598404466553	UP
UP	dnf2_only	medtr.A17.gnm5.ann1_6.MtrunA17Chr6g0472041	MtrunA17Chr6g0472041			medtr.A17.gnm5.MtrunA17Chr6	-	23530454	23533531	4.48790407027404	0.677238197159561	NS	9.7835982517328	0.00029590932696283	UP
UP	dnf2_only	medtr.A17.gnm5.ann1_6.MtrunA17Chr1g0152831	MtrunA17Chr1g0152831			medtr.A17.gnm5.MtrunA17Chr1	-	5455854	5459537	2.09321534793387	1	NS	9.7190511686582	1.932132082003e-07	UP
UP	dnf2_only	medtr.A17.gnm5.ann1_6.MtrunA17Chr3g0107101	MtrunA17Chr3g0107101			medtr.A17.gnm5.MtrunA17Chr3	-	30675702	30679243	0	1	NS	9.61597462884991	0.00055251404009447	UP
UP	dnf2_only	medtr.A17.gnm5.ann1_6.MtrunA17Chr3g0096601	MtrunA17Chr3g0096601			medtr.A17.gnm5.MtrunA17Chr3	+	20769399	20772910	0	1	NS	9.45884939844337	0.000347467532355403	UP
UP	dnf2_only	medtr.A17.gnm5.ann1_6.MtrunA17Chr1g0161041	MtrunA17Chr1g0161041			medtr.A17.gnm5.MtrunA17Chr1	-	11354569	11356921	0	1	NS	9.41429328521674	2.3835748789439e-06	UP
UP	dnf2_only	medtr.A17.gnm5.ann1_6.MtrunA17Chr4g0066581	MtrunA17Chr4g0066581	MtESL16_2|MtESL2.3	Sugar transporter ERD6-like|early-responsive to dehydration six-like	medtr.A17.gnm5.MtrunA17Chr4	+	57270936	57274888	7.66989544847488	0.123041891267033	NS	8.51672816161085	0.0227011779721856	UP
UP	dnf2_only	medtr.A17.gnm5.ann1_6.MtrunA17Chr4g0011771	MtrunA17Chr4g0011771			medtr.A17.gnm5.MtrunA17Chr4	+	9257830	9260536	0	1	NS	8.40393218371582	0.000927842465870547	UP
UP	dnf2_only	medtr.A17.gnm5.ann1_6.MtrunA17Chr4g0056601	MtrunA17Chr4g0056601			medtr.A17.gnm5.MtrunA17Chr4	-	50039811	50044252	0	1	NS	8.28190872458063	0.0018510218151312	UP
UP	dnf2_only	medtr.A17.gnm5.ann1_6.MtrunA17Chr7g0224561	MtrunA17Chr7g0224561	MtCYP93B11	Cytochrome P450 monooxygenase	medtr.A17.gnm5.MtrunA17Chr7	-	9835836	9838308	1.06677118690429	1	NS	8.11056056466969	1.1537218360087e-08	UP
UP	dnf2_only	medtr.A17.gnm5.ann1_6.MtrunA17Chr7g0245731	MtrunA17Chr7g0245731			medtr.A17.gnm5.MtrunA17Chr7	+	34692943	34704774	1.6589377235186	1	NS	8.07984531176753	0.000660393290740857	UP
UP	dnf2_only	medtr.A17.gnm5.ann1_6.MtrunA17Chr6g0485311	MtrunA17Chr6g0485311			medtr.A17.gnm5.MtrunA17Chr6	+	39824325	39829673	1.6589377235186	1	NS	8.04311402126289	2.56223618037216e-05	UP
UP	dnf2_only	medtr.A17.gnm5.ann1_6.MtrunA17Chr8g0370591	MtrunA17Chr8g0370591			medtr.A17.gnm5.MtrunA17Chr8	+	33687761	33688333	2.89695614039257	1	NS	7.9028086341595	0.000191216811670413	UP
UP	dnf2_only	medtr.A17.gnm5.ann1_6.MtrunA17Chr7g0272791	MtrunA17Chr7g0272791			medtr.A17.gnm5.MtrunA17Chr7	-	53741429	53747610	2.90006409813559	0.945365217777649	NS	7.66358156530734	7.08624130338781e-05	UP
UP	dnf2_only	medtr.A17.gnm5.ann1_6.MtrunA17Chr3g0136611	MtrunA17Chr3g0136611			medtr.A17.gnm5.MtrunA17Chr3	-	52151987	52158912	3.26756412161356	0.599372549282361	NS	7.6144647888763	8.11843719460819e-05	UP
UP	dnf2_only	medtr.A17.gnm5.ann1_6.MtrunA17Chr2g0295111	MtrunA17Chr2g0295111			medtr.A17.gnm5.MtrunA17Chr2	+	13608587	13610171	3.56014738384494	0.517913226825026	NS	7.56348268871122	8.24039770445029e-05	UP
UP	dnf2_only	medtr.A17.gnm5.ann1_6.MtrunA17Chr4g0008721	MtrunA17Chr4g0008721			medtr.A17.gnm5.MtrunA17Chr4	+	6672741	6675766	4.96432843745822	0.107623682974001	NS	7.56219787712417	8.34737406259623e-05	UP
UP	dnf2_only	medtr.A17.gnm5.ann1_6.MtrunA17Chr6g0476951	MtrunA17Chr6g0476951	MtKunitz37	Kunitz-P Trypsin Inhibitor	medtr.A17.gnm5.MtrunA17Chr6	+	31679113	31679991	-0.134390509099593	1	NS	7.54490368242615	8.06645422613137e-06	UP
UP	dnf2_only	medtr.A17.gnm5.ann1_6.MtrunA17Chr1g0169981	MtrunA17Chr1g0169981			medtr.A17.gnm5.MtrunA17Chr1	+	18623654	18624628	0.538759678822983	1	NS	7.47726542435124	2.1469191264747e-06	UP
UP	dnf2_only	medtr.A17.gnm5.ann1_6.MtrunA17Chr3g0107381	MtrunA17Chr3g0107381			medtr.A17.gnm5.MtrunA17Chr3	-	31046503	31048123	0	1	NS	7.45339537850525	0.000570888893959416	UP
UP	dnf2_only	medtr.A17.gnm5.ann1_6.MtrunA17Chr6g0458171	MtrunA17Chr6g0458171			medtr.A17.gnm5.MtrunA17Chr6	+	7742920	7743822	3.04637490364282	0.0723174012735831	NS	7.43115483460405	1.15189761441145e-07	UP
UP	dnf2_only	medtr.A17.gnm5.ann1_6.MtrunA17Chr4g0070111	MtrunA17Chr4g0070111			medtr.A17.gnm5.MtrunA17Chr4	-	59857027	59858179	0	1	NS	7.31754825872795	0.00155808906874779	UP
UP	dnf2_only	medtr.A17.gnm5.ann1_6.MtrunA17Chr4g0028661	MtrunA17Chr4g0028661			medtr.A17.gnm5.MtrunA17Chr4	+	29639577	29642647	0	1	NS	7.29960575878277	0.00386710457990982	UP
UP	dnf2_only	medtr.A17.gnm5.ann1_6.MtrunA17Chr2g0300101	MtrunA17Chr2g0300101			medtr.A17.gnm5.MtrunA17Chr2	-	17906626	17908752	1.6905701695477	1	NS	7.29613715316935	2.98679772869621e-05	UP
UP	dnf2_only	medtr.A17.gnm5.ann1_6.MtrunA17Chr4g0028691	MtrunA17Chr4g0028691			medtr.A17.gnm5.MtrunA17Chr4	+	29650822	29655587	0.537358839176963	1	NS	7.20767734528684	7.81636032777804e-06	UP
UP	dnf2_only	medtr.A17.gnm5.ann1_6.MtrunA17Chr4g0055061	MtrunA17Chr4g0055061			medtr.A17.gnm5.MtrunA17Chr4	+	48794193	48796490	3.26480254783867	0.648505025259272	NS	7.19134719313593	0.000178291780739929	UP
UP	dnf2_only	medtr.A17.gnm5.ann1_6.MtrunA17Chr5g0394381	MtrunA17Chr5g0394381			medtr.A17.gnm5.MtrunA17Chr5	-	814644	817038	4.01469523810732	0.602607482838981	NS	7.16769954983285	0.00164282596921621	UP
UP	dnf2_only	medtr.A17.gnm5.ann1_6.MtrunA17Chr7g0262251	MtrunA17Chr7g0262251			medtr.A17.gnm5.MtrunA17Chr7	-	46410825	46420229	5.40649843058053	0.407775236497842	NS	7.14336866877926	0.0289929621796713	UP
UP	dnf2_only	medtr.A17.gnm5.ann1_6.MtrunA17Chr1g0186401	MtrunA17Chr1g0186401	MtIDA29	Inflorescence Deficient in Abscission	medtr.A17.gnm5.MtrunA17Chr1	-	36661667	36662139	3.26326542958656	0.934920323700154	NS	7.05059149037867	0.00224168964245778	UP
UP	dnf2_only	medtr.A17.gnm5.ann1_6.MtrunA17Chr1g0200491	MtrunA17Chr1g0200491			medtr.A17.gnm5.MtrunA17Chr1	+	47019714	47021727	1.75494254608405	0.535409892408096	NS	6.99918962557895	6.75732264013787e-06	UP
UP	dnf2_only	medtr.A17.gnm5.ann1_6.MtrunA17Chr6g0482021	MtrunA17Chr6g0482021	MtKunitz17	Kunitz-P Trypsin Inhibitor	medtr.A17.gnm5.MtrunA17Chr6	+	36731677	36732276	-1.87229226033533	1	NS	6.98063905295662	9.81587615388877e-05	UP
UP	dnf2_only	medtr.A17.gnm5.ann1_6.MtrunA17Chr2g0310811	MtrunA17Chr2g0310811			medtr.A17.gnm5.MtrunA17Chr2	+	33810255	33810892	1.45751369106937	1	NS	6.95672995156957	2.1469191264747e-06	UP
UP	dnf2_only	medtr.A17.gnm5.ann1_6.MtrunA17Chr5g0425361	MtrunA17Chr5g0425361			medtr.A17.gnm5.MtrunA17Chr5	-	27364071	27369785	2.90347373378693	1	NS	6.94615812094812	0.00370386959498966	UP
UP	dnf2_only	medtr.A17.gnm5.ann1_6.MtrunA17Chr5g0423191	MtrunA17Chr5g0423191			medtr.A17.gnm5.MtrunA17Chr5	+	24967737	24971366	1.08220849762773	1	NS	6.90929148335529	3.6466558270792e-07	UP
UP	dnf2_only	medtr.A17.gnm5.ann1_6.MtrunA17Chr1g0200151	MtrunA17Chr1g0200151			medtr.A17.gnm5.MtrunA17Chr1	+	46746268	46747249	1.68935558669075	1	NS	6.9022775413703	2.3835748789439e-06	UP
UP	dnf2_only	medtr.A17.gnm5.ann1_6.MtrunA17Chr3g0085201	MtrunA17Chr3g0085201			medtr.A17.gnm5.MtrunA17Chr3	-	6569646	6573629	1.69006512153938	1	NS	6.89320837549413	2.1469191264747e-06	UP
UP	dnf2_only	medtr.A17.gnm5.ann1_6.MtrunA17Chr7g0224551	MtrunA17Chr7g0224551	MtCYP93B10	Cytochrome P450 monooxygenase	medtr.A17.gnm5.MtrunA17Chr7	-	9818496	9820910	1.3333652768073	1	NS	6.8858919676574	1.15189761441145e-07	UP
UP	dnf2_only	medtr.A17.gnm5.ann1_6.MtrunA17Chr5g0438441	MtrunA17Chr5g0438441	MtNodGRP39	Nodule-specific Glycine-rich	medtr.A17.gnm5.MtrunA17Chr5	-	37609474	37612950	1.93359519234329	1	NS	6.8281174861819	0.000198460722859125	UP
UP	dnf2_only	medtr.A17.gnm5.ann1_6.MtrunA17Chr4g0074541	MtrunA17Chr4g0074541			medtr.A17.gnm5.MtrunA17Chr4	+	63161590	63164226	-0.214008928455552	1	NS	6.82088590603027	0.00040924329633741	UP
UP	dnf2_only	medtr.A17.gnm5.ann1_6.MtrunA17Chr7g0218841	MtrunA17Chr7g0218841			medtr.A17.gnm5.MtrunA17Chr7	+	4040488	4043581	3.51573502616249	0.371734130593434	NS	6.81250642147319	0.000120815920077818	UP
UP	dnf2_only	medtr.A17.gnm5.ann1_6.MtrunA17Chr5g0417321	MtrunA17Chr5g0417321			medtr.A17.gnm5.MtrunA17Chr5	+	17923036	17925191	4.15767341477506	0.187220116998844	NS	6.6939093586296	0.000518600166365331	UP
UP	dnf2_only	medtr.A17.gnm5.ann1_6.MtrunA17Chr1g0200201	MtrunA17Chr1g0200201			medtr.A17.gnm5.MtrunA17Chr1	-	46796151	46798028	0.38405856576555	1	NS	6.6195517775138	1.16498679198843e-06	UP
UP	dnf2_only	medtr.A17.gnm5.ann1_6.MtrunA17Chr8g0361401	MtrunA17Chr8g0361401			medtr.A17.gnm5.MtrunA17Chr8	-	25742337	25743892	0.880153769283149	1	NS	6.56415965900051	8.54631983635061e-05	UP
UP	dnf2_only	medtr.A17.gnm5.ann1_6.MtrunA17Chr3g0121931	MtrunA17Chr3g0121931			medtr.A17.gnm5.MtrunA17Chr3	-	41564863	41571172	5.06219583688852	0.0774412458684227	NS	6.51902316534626	0.00179799879160886	UP
UP	dnf2_only	medtr.A17.gnm5.ann1_6.MtrunA17Chr2g0284581	MtrunA17Chr2g0284581			medtr.A17.gnm5.MtrunA17Chr2	+	5430869	5434164	2.40823245034522	1	NS	6.51770035030303	0.00789927755482998	UP
UP	dnf2_only	medtr.A17.gnm5.ann1_6.MtrunA17Chr1g0187201	MtrunA17Chr1g0187201	MtSubIn4	Subtilisin inhibitor	medtr.A17.gnm5.MtrunA17Chr1	+	37302349	37302970	3.80205034308673	0.694167625747519	NS	6.51760165488944	0.0102730398051943	UP
UP	dnf2_only	medtr.A17.gnm5.ann1_6.MtrunA17Chr4g0008131	MtrunA17Chr4g0008131			medtr.A17.gnm5.MtrunA17Chr4	+	6294427	6295848	0.538734236851305	1	NS	6.47861725034635	2.61728210865403e-05	UP
UP	dnf2_only	medtr.A17.gnm5.ann1_6.MtrunA17Chr4g0024181	MtrunA17Chr4g0024181			medtr.A17.gnm5.MtrunA17Chr4	+	24735026	24736473	2.39253836302224	0.378112737571783	NS	6.4606062365754	3.4274350359378e-06	UP
UP	dnf2_only	medtr.A17.gnm5.ann1_6.MtrunA17Chr6g0482041	MtrunA17Chr6g0482041	MtKunitz19	Kunitz-P Trypsin Inhibitor	medtr.A17.gnm5.MtrunA17Chr6	+	36741343	36742378	0.492759066653468	1	NS	6.4138189587306	4.11264061670072e-07	UP
UP	dnf2_only	medtr.A17.gnm5.ann1_6.MtrunA17Chr8g0342901	MtrunA17Chr8g0342901			medtr.A17.gnm5.MtrunA17Chr8	-	6323970	6328616	1.58337665690944	1	NS	6.40939216897789	7.01035857361146e-05	UP
UP	dnf2_only	medtr.A17.gnm5.ann1_6.MtrunA17Chr2g0331961	MtrunA17Chr2g0331961	MtFIE.7	FERTILIZATION-INDEPENDENT ENDOSPERM (Polycomb group PcG protein)	medtr.A17.gnm5.MtrunA17Chr2	+	50153131	50156834	1.48256257369176	1	NS	6.39433697962175	3.87743423318779e-06	UP
UP	dnf2_only	medtr.A17.gnm5.ann1_6.MtrunA17Chr3g0101631	MtrunA17Chr3g0101631	MtCYP71D75	Cytochrome P450 monooxygenase	medtr.A17.gnm5.MtrunA17Chr3	+	26114877	26117677	0	1	NS	6.3695747730277	0.0366341806075963	UP
UP	dnf2_only	medtr.A17.gnm5.ann1_6.MtrunA17Chr3g0082831	MtrunA17Chr3g0082831	MtPSN1	peptide suppressing nodulation	medtr.A17.gnm5.MtrunA17Chr3	-	4592380	4593528	-1.87229226033533	1	NS	6.36786416735288	0.000186317381639151	UP
UP	dnf2_only	medtr.A17.gnm5.ann1_6.MtrunA17Chr2g0316031	MtrunA17Chr2g0316031			medtr.A17.gnm5.MtrunA17Chr2	-	38224440	38229706	5.53324330857873	0.0608170615302992	NS	6.32958033095855	0.00648690695827908	UP
UP	dnf2_only	medtr.A17.gnm5.ann1_6.MtrunA17Chr6g0487981	MtrunA17Chr6g0487981			medtr.A17.gnm5.MtrunA17Chr6	-	42111021	42113674	0.521951652699359	1	NS	6.31125639870808	1.44110757321174e-05	UP
UP	dnf2_only	medtr.A17.gnm5.ann1_6.MtrunA17Chr8g0374141	MtrunA17Chr8g0374141			medtr.A17.gnm5.MtrunA17Chr8	-	36230263	36233267	2.65494370031587	0.0773922666101658	NS	6.309582507602	5.73140426106663e-07	UP
UP	dnf2_only	medtr.A17.gnm5.ann1_6.MtrunA17Chr8g0344931	MtrunA17Chr8g0344931			medtr.A17.gnm5.MtrunA17Chr8	-	8056989	8059424	2.30003358899216	0.446342776260217	NS	6.30547059998426	2.1469191264747e-06	UP
UP	dnf2_only	medtr.A17.gnm5.ann1_6.MtrunA17Chr2g0315831	MtrunA17Chr2g0315831			medtr.A17.gnm5.MtrunA17Chr2	+	38044454	38046904	-0.211935887649655	1	NS	6.29237604408373	0.00023957048497531	UP
UP	dnf2_only	medtr.A17.gnm5.ann1_6.MtrunA17Chr2g0287861	MtrunA17Chr2g0287861			medtr.A17.gnm5.MtrunA17Chr2	-	7838830	7843816	0.708034899169725	1	NS	6.27827354954213	1.19631057473046e-05	UP
UP	dnf2_only	medtr.A17.gnm5.ann1_6.MtrunA17Chr2g0310801	MtrunA17Chr2g0310801			medtr.A17.gnm5.MtrunA17Chr2	-	33810247	33811782	0.739855406780448	1	NS	6.27738320844867	3.20271139687923e-07	UP
UP	dnf2_only	medtr.A17.gnm5.ann1_6.MtrunA17Chr3g0138351	MtrunA17Chr3g0138351			medtr.A17.gnm5.MtrunA17Chr3	+	53286574	53288876	5.46621261570294	0.057373766502361	NS	6.24363250091065	0.00667358371334783	UP
UP	dnf2_only	medtr.A17.gnm5.ann1_6.MtrunA17Chr3g0098111	MtrunA17Chr3g0098111			medtr.A17.gnm5.MtrunA17Chr3	+	22884935	22886533	2.87667375526408	0.724621155771851	NS	6.23317971261724	0.000379017449884863	UP
UP	dnf2_only	medtr.A17.gnm5.ann1_6.MtrunA17Chr7g0215601	MtrunA17Chr7g0215601	MtSWEET9b|MtSWEET9.2	sucrose transporter	medtr.A17.gnm5.MtrunA17Chr7	+	1570937	1573636	-1.87231770230701	1	NS	6.17149584120733	0.000493067844443413	UP
UP	dnf2_only	medtr.A17.gnm5.ann1_6.MtrunA17Chr4g0024531	MtrunA17Chr4g0024531			medtr.A17.gnm5.MtrunA17Chr4	+	25213267	25214057	5.97659998975632	0.0597299352975847	NS	6.15493696387326	0.0264902466701657	UP
UP	dnf2_only	medtr.A17.gnm5.ann1_6.MtrunA17Chr4g0014931	MtrunA17Chr4g0014931			medtr.A17.gnm5.MtrunA17Chr4	-	12302248	12304323	-0.0340570930417289	1	NS	6.13055461999518	5.00350497632278e-06	UP
UP	dnf2_only	medtr.A17.gnm5.ann1_6.MtrunA17Chr8g0355961	MtrunA17Chr8g0355961	MtCYP76F70	Cytochrome P450 monooxygenase	medtr.A17.gnm5.MtrunA17Chr8	+	17552551	17555515	2.33234255194211	0.321387878848094	NS	6.08935637709539	4.18322168323589e-05	UP
UP	dnf2_only	medtr.A17.gnm5.ann1_6.MtrunA17Chr8g0348351	MtrunA17Chr8g0348351			medtr.A17.gnm5.MtrunA17Chr8	+	11017443	11021556	-1.87229226033533	1	NS	6.08016992563581	0.000164197735076158	UP
UP	dnf2_only	medtr.A17.gnm5.ann1_6.MtrunA17Chr4g0069861	MtrunA17Chr4g0069861			medtr.A17.gnm5.MtrunA17Chr4	+	59653212	59655675	2.40885499605927	1	NS	6.06112800951622	0.0195910839250342	UP
UP	dnf2_only	medtr.A17.gnm5.ann1_6.MtrunA17Chr1g0179891	MtrunA17Chr1g0179891			medtr.A17.gnm5.MtrunA17Chr1	-	31152450	31153169	2.90347373378693	1	NS	6.06049404364001	0.0379275372878659	UP
UP	dnf2_only	medtr.A17.gnm5.ann1_6.MtrunA17Chr8g0352531	MtrunA17Chr8g0352531			medtr.A17.gnm5.MtrunA17Chr8	-	14436689	14438229	3.27354325714848	0.478634909432172	NS	5.95875808722515	0.00147067909157939	UP
UP	dnf2_only	medtr.A17.gnm5.ann1_6.MtrunA17Chr4g0033201	MtrunA17Chr4g0033201			medtr.A17.gnm5.MtrunA17Chr4	+	33136611	33140846	0.289706221812391	1	NS	5.93489049083653	2.51317627897906e-06	UP
UP	dnf2_only	medtr.A17.gnm5.ann1_6.MtrunA17Chr5g0442701	MtrunA17Chr5g0442701			medtr.A17.gnm5.MtrunA17Chr5	-	40736490	40738265	2.48603663557044	1	NS	5.92839479560703	0.023579920863586	UP
UP	dnf2_only	medtr.A17.gnm5.ann1_6.MtrunA17Chr2g0295371	MtrunA17Chr2g0295371	AtPR-1-like|MtCAPE12	pathogenesis-related protein 1 (SA-inducible in Mt)|CAP-derived peptide 12	medtr.A17.gnm5.MtrunA17Chr2	+	13812283	13813324	-0.182764642596617	1	NS	5.87995971331143	2.50925241207306e-05	UP
UP	dnf2_only	medtr.A17.gnm5.ann1_6.MtrunA17Chr3g0125611	MtrunA17Chr3g0125611			medtr.A17.gnm5.MtrunA17Chr3	+	44116337	44121774	5.08831535490777	0.132558482661694	NS	5.8220929754405	0.0233467332119611	UP
UP	dnf2_only	medtr.A17.gnm5.ann1_6.MtrunA17Chr5g0426041	MtrunA17Chr5g0426041			medtr.A17.gnm5.MtrunA17Chr5	-	27988838	27991961	1.02608252922431	1	NS	5.72679347859787	0.000392654152108085	UP
UP	dnf2_only	medtr.A17.gnm5.ann1_6.MtrunA17Chr7g0222871	MtrunA17Chr7g0222871			medtr.A17.gnm5.MtrunA17Chr7	-	8151202	8152176	0.383629997804446	1	NS	5.71533394060523	0.000417364289560189	UP
UP	dnf2_only	medtr.A17.gnm5.ann1_6.MtrunA17Chr3g0085411	MtrunA17Chr3g0085411			medtr.A17.gnm5.MtrunA17Chr3	-	6756105	6756553	2.4761090538621	0.83778176133129	NS	5.70916287118706	0.000721369060782874	UP
UP	dnf2_only	medtr.A17.gnm5.ann1_6.MtrunA17Chr1g0189071	MtrunA17Chr1g0189071			medtr.A17.gnm5.MtrunA17Chr1	+	38685672	38689932	1.31645111948499	0.802794794294743	NS	5.66112564581058	2.77348433420669e-06	UP
UP	dnf2_only	medtr.A17.gnm5.ann1_6.MtrunA17Chr6g0462311	MtrunA17Chr6g0462311			medtr.A17.gnm5.MtrunA17Chr6	-	11346663	11347548	0.357972627572585	1	NS	5.65114442316276	8.77372887200102e-05	UP
UP	dnf2_only	medtr.A17.gnm5.ann1_6.MtrunA17Chr2g0304461	MtrunA17Chr2g0304461	MtPRP669_22	Pro-rich Protein Group 669	medtr.A17.gnm5.MtrunA17Chr2	-	22656723	22657165	2.21561092622513	0.288252031290013	NS	5.64242911455199	1.15579501667879e-05	UP
UP	dnf2_only	medtr.A17.gnm5.ann1_6.MtrunA17Chr7g0222171	MtrunA17Chr7g0222171			medtr.A17.gnm5.MtrunA17Chr7	-	7399831	7402652	0.461043929552464	1	NS	5.62971165596913	5.34766600723608e-07	UP
UP	dnf2_only	medtr.A17.gnm5.ann1_6.MtrunA17Chr2g0285141	MtrunA17Chr2g0285141	MtS40	Putative senescence regulator S40	medtr.A17.gnm5.MtrunA17Chr2	+	5762763	5763663	2.78872736375194	0.518823591171239	NS	5.62694120401263	0.000652163835972774	UP
UP	dnf2_only	medtr.A17.gnm5.ann1_6.MtrunA17Chr2g0312871	MtrunA17Chr2g0312871	MtNAS2	nicotianamide synthase	medtr.A17.gnm5.MtrunA17Chr2	+	35605952	35607116	2.41462666989311	0.305516634837621	NS	5.58407507453822	2.97401872793896e-05	UP
UP	dnf2_only	medtr.A17.gnm5.ann1_6.MtrunA17Chr1g0150461	MtrunA17Chr1g0150461			medtr.A17.gnm5.MtrunA17Chr1	-	3484401	3485638	2.1340441800754	1	NS	5.52685645693602	0.00504098406040923	UP
UP	dnf2_only	medtr.A17.gnm5.ann1_6.MtrunA17Chr7g0239691	MtrunA17Chr7g0239691			medtr.A17.gnm5.MtrunA17Chr7	+	29652035	29652418	1.93148394920193	0.935719022720366	NS	5.50973951644086	5.65976159980052e-05	UP
UP	dnf2_only	medtr.A17.gnm5.ann1_6.MtrunA17Chr2g0315821	MtrunA17Chr2g0315821			medtr.A17.gnm5.MtrunA17Chr2	-	38044215	38045670	-1.87229226033533	1	NS	5.46845737618053	0.0037151364578783	UP
UP	dnf2_only	medtr.A17.gnm5.ann1_6.MtrunA17Chr3g0111501	MtrunA17Chr3g0111501			medtr.A17.gnm5.MtrunA17Chr3	+	33843916	33844396	3.72950283976244	0.145530983105925	NS	5.44656433923377	0.00120420323014804	UP
UP	dnf2_only	medtr.A17.gnm5.ann1_6.MtrunA17Chr4g0014461	MtrunA17Chr4g0014461	MtT2SPI2	Potato type II proteinase inhibitor	medtr.A17.gnm5.MtrunA17Chr4	-	11846769	11848361	1.28874765739482	1	NS	5.43976352836509	1.01009182368666e-05	UP
UP	dnf2_only	medtr.A17.gnm5.ann1_6.MtrunA17Chr5g0417741	MtrunA17Chr5g0417741			medtr.A17.gnm5.MtrunA17Chr5	-	18269138	18273220	2.09541027638158	0.0828370344295442	NS	5.43919987686915	9.77247112867654e-07	UP
UP	dnf2_only	medtr.A17.gnm5.ann1_6.MtrunA17Chr7g0245641	MtrunA17Chr7g0245641	MtVRC2	vestitone reductase cluster gene 2	medtr.A17.gnm5.MtrunA17Chr7	+	34640863	34644399	-0.382100724754096	1	NS	5.40792534764401	0.000197094578494853	UP
UP	dnf2_only	medtr.A17.gnm5.ann1_6.MtrunA17Chr8g0391091	MtrunA17Chr8g0391091			medtr.A17.gnm5.MtrunA17Chr8	-	48050655	48052385	4.49628219029284	0.0534311714301638	NS	5.38595125528302	0.00438048983063479	UP
UP	dnf2_only	medtr.A17.gnm5.ann1_6.MtrunA17Chr7g0267911	MtrunA17Chr7g0267911			medtr.A17.gnm5.MtrunA17Chr7	-	50524529	50527824	1.29810149924095	0.888966743628487	NS	5.34999364622955	2.96590461268496e-06	UP
UP	dnf2_only	medtr.A17.gnm5.ann1_6.MtrunA17Chr2g0292291	MtrunA17Chr2g0292291	MtPrx35	peroxidase	medtr.A17.gnm5.MtrunA17Chr2	-	11274490	11276789	1.08002301545392	1	NS	5.34754837028272	0.000669807662770383	UP
UP	dnf2_only	medtr.A17.gnm5.ann1_6.MtrunA17Chr3g0117991	MtrunA17Chr3g0117991			medtr.A17.gnm5.MtrunA17Chr3	+	38778043	38781452	2.99175178748013	0.400058613252367	NS	5.31876353920464	0.00106193437254582	UP
UP	dnf2_only	medtr.A17.gnm5.ann1_6.MtrunA17Chr3g0093751	MtrunA17Chr3g0093751			medtr.A17.gnm5.MtrunA17Chr3	-	15845163	15846926	-1.00196313556854	1	NS	5.29543769825631	0.000382855479001189	UP
UP	dnf2_only	medtr.A17.gnm5.ann1_6.MtrunA17Chr4g0038961	MtrunA17Chr4g0038961	MtBG20|MtBGLU1	beta-1,3-Glucanase 20|beta-1,3-glucanase 1	medtr.A17.gnm5.MtrunA17Chr4	+	37200563	37202579	2.30042273020148	1	NS	5.29181156831772	0.00513223120809633	UP
UP	dnf2_only	medtr.A17.gnm5.ann1_6.MtrunA17Chr6g0458151	MtrunA17Chr6g0458151			medtr.A17.gnm5.MtrunA17Chr6	+	7737844	7738344	1.95660292297253	0.452720474916316	NS	5.28934388903965	1.44984266660229e-05	UP
UP	dnf2_only	medtr.A17.gnm5.ann1_6.MtrunA17Chr6g0481961	MtrunA17Chr6g0481961	MtKunitz15	Kunitz-P Trypsin Inhibitor	medtr.A17.gnm5.MtrunA17Chr6	-	36695923	36696841	0.372295442268278	1	NS	5.28609435984761	0.00198863352166822	UP
UP	dnf2_only	medtr.A17.gnm5.ann1_6.MtrunA17Chr7g0263931	MtrunA17Chr7g0263931			medtr.A17.gnm5.MtrunA17Chr7	-	47573588	47575364	1.19678038551101	1	NS	5.28150447882072	7.81636032777804e-06	UP
UP	dnf2_only	medtr.A17.gnm5.ann1_6.MtrunA17Chr3g0083371	MtrunA17Chr3g0083371			medtr.A17.gnm5.MtrunA17Chr3	-	4975246	4975970	1.03021882962917	1	NS	5.27868790658723	0.00217663613904486	UP
UP	dnf2_only	medtr.A17.gnm5.ann1_6.MtrunA17Chr8g0339641	MtrunA17Chr8g0339641			medtr.A17.gnm5.MtrunA17Chr8	+	3697295	3699244	4.1473336460287	0.135867188402087	NS	5.24995983806285	0.00947085052952938	UP
UP	dnf2_only	medtr.A17.gnm5.ann1_6.MtrunA17Chr8g0350971	MtrunA17Chr8g0350971			medtr.A17.gnm5.MtrunA17Chr8	+	13135927	13137382	1.69059561151938	1	NS	5.22614934388628	0.0021896584821034	UP
UP	dnf2_only	medtr.A17.gnm5.ann1_6.MtrunA17Chr4g0051251	MtrunA17Chr4g0051251			medtr.A17.gnm5.MtrunA17Chr4	+	45876630	45878177	2.22049026617087	0.407828398959819	NS	5.21838427480854	1.19288846379159e-05	UP
UP	dnf2_only	medtr.A17.gnm5.ann1_6.MtrunA17Chr2g0300561	MtrunA17Chr2g0300561			medtr.A17.gnm5.MtrunA17Chr2	+	18346718	18347540	2.64460072285956	0.440941060893597	NS	5.17021543176816	0.000985229592416328	UP
UP	dnf2_only	medtr.A17.gnm5.ann1_6.MtrunA17Chr2g0307321	MtrunA17Chr2g0307321			medtr.A17.gnm5.MtrunA17Chr2	+	29850959	29853032	5.24175485842761	0.055864755479197	NS	5.15352375591158	0.0403408885233739	UP
UP	dnf2_only	medtr.A17.gnm5.ann1_6.MtrunA17Chr2g0319001	MtrunA17Chr2g0319001			medtr.A17.gnm5.MtrunA17Chr2	-	40519734	40524592	-0.105736924001569	1	NS	5.09720740772693	1.21834196762136e-05	UP
UP	dnf2_only	medtr.A17.gnm5.ann1_6.MtrunA17Chr6g0458141	MtrunA17Chr6g0458141			medtr.A17.gnm5.MtrunA17Chr6	+	7733714	7734038	-1.00191272514801	1	NS	5.08192656759743	0.00157550550715684	UP
UP	dnf2_only	medtr.A17.gnm5.ann1_6.MtrunA17Chr4g0055601	MtrunA17Chr4g0055601			medtr.A17.gnm5.MtrunA17Chr4	+	49187523	49189026	0.146796130488534	1	NS	5.06334474156437	0.0233757666548578	UP
UP	dnf2_only	medtr.A17.gnm5.ann1_6.MtrunA17Chr7g0222901	MtrunA17Chr7g0222901			medtr.A17.gnm5.MtrunA17Chr7	-	8163614	8164494	-0.889169954808085	1	NS	5.00799776508998	0.000698508228459349	UP
UP	dnf2_only	medtr.A17.gnm5.ann1_6.MtrunA17Chr2g0295131	MtrunA17Chr2g0295131			medtr.A17.gnm5.MtrunA17Chr2	+	13613393	13614427	-0.0886179086118725	1	NS	4.99321053937251	8.98477158213498e-06	UP
UP	dnf2_only	medtr.A17.gnm5.ann1_6.MtrunA17Chr4g0028221	MtrunA17Chr4g0028221			medtr.A17.gnm5.MtrunA17Chr4	-	29178358	29181436	3.98420933522134	0.0813556231847608	NS	4.98502689178892	0.0048353440698834	UP
UP	dnf2_only	medtr.A17.gnm5.ann1_6.MtrunA17Chr1g0159551	MtrunA17Chr1g0159551			medtr.A17.gnm5.MtrunA17Chr1	+	10228783	10230238	0.165761267687198	1	NS	4.97501907919716	9.92708478492838e-06	UP
UP	dnf2_only	medtr.A17.gnm5.ann1_6.MtrunA17Chr7g0275721	MtrunA17Chr7g0275721			medtr.A17.gnm5.MtrunA17Chr7	+	55596781	55597046	-0.639497878984605	1	NS	4.96536003121137	4.12926000260458e-05	UP
UP	dnf2_only	medtr.A17.gnm5.ann1_6.MtrunA17Chr7g0219141	MtrunA17Chr7g0219141			medtr.A17.gnm5.MtrunA17Chr7	+	4399250	4401506	0.526386112113049	1	NS	4.9181976398638	3.45267359120445e-06	UP
UP	dnf2_only	medtr.A17.gnm5.ann1_6.MtrunA17Chr4g0029961	MtrunA17Chr4g0029961			medtr.A17.gnm5.MtrunA17Chr4	+	30604961	30606107	3.1429534331261	0.174536207280631	NS	4.88072422220392	0.00205289764688553	UP
UP	dnf2_only	medtr.A17.gnm5.ann1_6.MtrunA17Chr7g0239671	MtrunA17Chr7g0239671			medtr.A17.gnm5.MtrunA17Chr7	+	29635962	29636496	2.40549056547937	0.769882459284419	NS	4.86841170170405	0.00314711007142198	UP
UP	dnf2_only	medtr.A17.gnm5.ann1_6.MtrunA17Chr6g0475131	MtrunA17Chr6g0475131			medtr.A17.gnm5.MtrunA17Chr6	+	29278799	29280676	-0.250447162337586	1	NS	4.86676538981383	0.00071943671977916	UP
UP	dnf2_only	medtr.A17.gnm5.ann1_6.MtrunA17Chr8g0344711	MtrunA17Chr8g0344711			medtr.A17.gnm5.MtrunA17Chr8	-	7861787	7863381	1.69673504291108	0.73434538993602	NS	4.82977556602111	0.000169344954719	UP
UP	dnf2_only	medtr.A17.gnm5.ann1_6.MtrunA17Chr4g0053901	MtrunA17Chr4g0053901			medtr.A17.gnm5.MtrunA17Chr4	-	47754408	47756963	0.842389177186404	1	NS	4.81814561347478	0.000735564073742584	UP
UP	dnf2_only	medtr.A17.gnm5.ann1_6.MtrunA17Chr8g0386351	MtrunA17Chr8g0386351			medtr.A17.gnm5.MtrunA17Chr8	-	44806694	44811664	0.858746908138006	1	NS	4.80344696581638	4.93407999707943e-06	UP
UP	dnf2_only	medtr.A17.gnm5.ann1_6.MtrunA17Chr2g0315811	MtrunA17Chr2g0315811			medtr.A17.gnm5.MtrunA17Chr2	+	38041715	38044322	-3.54017888662457	0.843866977176763	NS	4.79758065620582	0.000341132008024123	UP
UP	dnf2_only	medtr.A17.gnm5.ann1_6.MtrunA17Chr8g0347401	MtrunA17Chr8g0347401			medtr.A17.gnm5.MtrunA17Chr8	+	10322111	10322488	1.39312106029709	1	NS	4.78253459510115	0.00499892959955038	UP
UP	dnf2_only	medtr.A17.gnm5.ann1_6.MtrunA17Chr6g0482011	MtrunA17Chr6g0482011	MtKunitz16	Kunitz-P Trypsin Inhibitor	medtr.A17.gnm5.MtrunA17Chr6	+	36728861	36729645	0.0172410927983244	1	NS	4.76044295919904	0.00183845600861307	UP
UP	dnf2_only	medtr.A17.gnm5.ann1_6.MtrunA17Chr4g0007391	MtrunA17Chr4g0007391			medtr.A17.gnm5.MtrunA17Chr4	+	5825266	5826523	2.43205724164303	0.302409949510169	NS	4.750648208202	0.000132776918921723	UP
UP	dnf2_only	medtr.A17.gnm5.ann1_6.MtrunA17Chr1g0202241	MtrunA17Chr1g0202241			medtr.A17.gnm5.MtrunA17Chr1	+	48478795	48480172	0.859966817143834	1	NS	4.73575105458129	5.09283293312004e-06	UP
UP	dnf2_only	medtr.A17.gnm5.ann1_6.MtrunA17Chr4g0053621	MtrunA17Chr4g0053621	MtCYP81E58	Cytochrome P450 monooxygenase	medtr.A17.gnm5.MtrunA17Chr4	-	47515822	47519684	0.0613463943861611	1	NS	4.70118319901991	0.000668880206409745	UP
UP	dnf2_only	medtr.A17.gnm5.ann1_6.MtrunA17Chr8g0366971	MtrunA17Chr8g0366971			medtr.A17.gnm5.MtrunA17Chr8	+	30753665	30755069	2.83232635814283	0.101362978215643	NS	4.69217960199379	9.96765045657772e-05	UP
UP	dnf2_only	medtr.A17.gnm5.ann1_6.MtrunA17Chr2g0313761	MtrunA17Chr2g0313761	MtCYP72A66	Cytochrome P450 monooxygenase	medtr.A17.gnm5.MtrunA17Chr2	+	36412482	36417826	0.892915482001411	1	NS	4.67785243293726	0.000181263375321929	UP
UP	dnf2_only	medtr.A17.gnm5.ann1_6.MtrunA17Chr6g0476961	MtrunA17Chr6g0476961	MtKunitz36	Kunitz-P Trypsin Inhibitor	medtr.A17.gnm5.MtrunA17Chr6	+	31711383	31712299	0.891152134962486	1	NS	4.60841335832166	7.75451339801133e-06	UP
UP	dnf2_only	medtr.A17.gnm5.ann1_6.MtrunA17Chr1g0192251	MtrunA17Chr1g0192251			medtr.A17.gnm5.MtrunA17Chr1	+	40992072	40994318	2.72434984019382	0.402666714487549	NS	4.59645212937894	0.00265474819497229	UP
UP	dnf2_only	medtr.A17.gnm5.ann1_6.MtrunA17Chr4g0048001	MtrunA17Chr4g0048001			medtr.A17.gnm5.MtrunA17Chr4	-	43832450	43835496	3.32648258603605	0.0636410892278555	NS	4.5871243730558	0.00215591118045256	UP
UP	dnf2_only	medtr.A17.gnm5.ann1_6.MtrunA17Chr4g0008521	MtrunA17Chr4g0008521			medtr.A17.gnm5.MtrunA17Chr4	+	6490107	6496039	0.076302835570443	1	NS	4.55909630659775	0.000150892138347146	UP
UP	dnf2_only	medtr.A17.gnm5.ann1_6.MtrunA17Chr6g0458131	MtrunA17Chr6g0458131			medtr.A17.gnm5.MtrunA17Chr6	+	7719611	7719949	1.14119989442012	1	NS	4.55118949251177	0.00590662650535751	UP
UP	dnf2_only	medtr.A17.gnm5.ann1_6.MtrunA17Chr4g0038941	MtrunA17Chr4g0038941			medtr.A17.gnm5.MtrunA17Chr4	+	37193716	37195006	0.747260087171181	1	NS	4.54954820823421	2.3835748789439e-06	UP
UP	dnf2_only	medtr.A17.gnm5.ann1_6.MtrunA17Chr4g0006261	MtrunA17Chr4g0006261	MtGT-21	trihelix transcription factor (GT) 21	medtr.A17.gnm5.MtrunA17Chr4	-	4991107	4993356	1.1728144733122	1	NS	4.53470590076667	0.00200967752790226	UP
UP	dnf2_only	medtr.A17.gnm5.ann1_6.MtrunA17Chr8g0374511	MtrunA17Chr8g0374511			medtr.A17.gnm5.MtrunA17Chr8	+	36436700	36441869	1.49559802790142	0.763818196481886	NS	4.47937129727015	0.000233565713146498	UP
UP	dnf2_only	medtr.A17.gnm5.ann1_6.MtrunA17Chr8g0339681	MtrunA17Chr8g0339681	MtPDF58	Plant Defensin	medtr.A17.gnm5.MtrunA17Chr8	-	3712007	3713973	1.69132418575395	1	NS	4.46003131654422	0.00301206336379751	UP
UP	dnf2_only	medtr.A17.gnm5.ann1_6.MtrunA17Chr8g0358541	MtrunA17Chr8g0358541			medtr.A17.gnm5.MtrunA17Chr8	-	21034417	21035569	1.02608252922431	1	NS	4.45684542925265	0.0251246021592899	UP
UP	dnf2_only	medtr.A17.gnm5.ann1_6.MtrunA17Chr1g0203171	MtrunA17Chr1g0203171			medtr.A17.gnm5.MtrunA17Chr1	+	49094884	49096686	0.144646721531483	1	NS	4.45171617916692	0.00014955157926015	UP
UP	dnf2_only	medtr.A17.gnm5.ann1_6.MtrunA17Chr3g0107731	MtrunA17Chr3g0107731			medtr.A17.gnm5.MtrunA17Chr3	+	31269455	31271099	1.9764234653849	0.210026817095489	NS	4.42933593994891	0.000145548010258011	UP
UP	dnf2_only	medtr.A17.gnm5.ann1_6.MtrunA17Chr1g0202251	MtrunA17Chr1g0202251			medtr.A17.gnm5.MtrunA17Chr1	-	48479612	48480126	0.666816284258815	1	NS	4.42789069175061	9.79856371747443e-06	UP
UP	dnf2_only	medtr.A17.gnm5.ann1_6.MtrunA17Chr8g0353131	MtrunA17Chr8g0353131			medtr.A17.gnm5.MtrunA17Chr8	-	14903063	14905242	-0.454753853959077	1	NS	4.42711367662531	6.95417739626985e-05	UP
UP	dnf2_only	medtr.A17.gnm5.ann1_6.MtrunA17Chr4g0001151	MtrunA17Chr4g0001151			medtr.A17.gnm5.MtrunA17Chr4	-	760103	762760	1.46506493561406	1	NS	4.4117983804668	0.0080476637859101	UP
UP	dnf2_only	medtr.A17.gnm5.ann1_6.MtrunA17Chr2g0284121	MtrunA17Chr2g0284121			medtr.A17.gnm5.MtrunA17Chr2	-	5091951	5096882	-1.67437212065222	1	NS	4.40423503699271	0.000113814116858064	UP
UP	dnf2_only	medtr.A17.gnm5.ann1_6.MtrunA17Chr8g0355971	MtrunA17Chr8g0355971			medtr.A17.gnm5.MtrunA17Chr8	-	17552628	17555489	0.779922082676659	1	NS	4.39156232973066	3.13753807158791e-05	UP
UP	dnf2_only	medtr.A17.gnm5.ann1_6.MtrunA17Chr7g0239341	MtrunA17Chr7g0239341			medtr.A17.gnm5.MtrunA17Chr7	-	29378870	29380530	0.537513039990187	1	NS	4.37294321920603	0.0184171146020755	UP
UP	dnf2_only	medtr.A17.gnm5.ann1_6.MtrunA17Chr8g0336811	MtrunA17Chr8g0336811			medtr.A17.gnm5.MtrunA17Chr8	-	1897708	1898859	1.68451392298842	1	NS	4.37190094654143	0.00858783879353422	UP
UP	dnf2_only	medtr.A17.gnm5.ann1_6.MtrunA17Chr7g0252971	MtrunA17Chr7g0252971			medtr.A17.gnm5.MtrunA17Chr7	+	39730385	39732560	-0.541163261391138	1	NS	4.3468671505371	0.000226166891321593	UP
UP	dnf2_only	medtr.A17.gnm5.ann1_6.MtrunA17Chr1g0180411	MtrunA17Chr1g0180411			medtr.A17.gnm5.MtrunA17Chr1	+	31570813	31576121	3.45889829099085	0.306841468895686	NS	4.34189945862191	0.0405465023481467	UP
UP	dnf2_only	medtr.A17.gnm5.ann1_6.MtrunA17Chr5g0446921	MtrunA17Chr5g0446921			medtr.A17.gnm5.MtrunA17Chr5	+	43346223	43348950	1.60251781848727	0.690769844431062	NS	4.33091975313246	0.000222057347201996	UP
UP	dnf2_only	medtr.A17.gnm5.ann1_6.MtrunA17Chr8g0374491	MtrunA17Chr8g0374491			medtr.A17.gnm5.MtrunA17Chr8	+	36422979	36426592	2.16070676596554	0.19535806990809	NS	4.31398144102917	3.96860748049103e-05	UP
UP	dnf2_only	medtr.A17.gnm5.ann1_6.MtrunA17Chr8g0380811	MtrunA17Chr8g0380811			medtr.A17.gnm5.MtrunA17Chr8	-	41043082	41045912	1.34716677487546	1	NS	4.3133127483734	0.000489388713455962	UP
UP	dnf2_only	medtr.A17.gnm5.ann1_6.MtrunA17Chr7g0265041	MtrunA17Chr7g0265041			medtr.A17.gnm5.MtrunA17Chr7	+	48455964	48457746	-1.07752655814991	1	NS	4.30408663820998	0.000108260592954072	UP
UP	dnf2_only	medtr.A17.gnm5.ann1_6.MtrunA17Chr1g0203531	MtrunA17Chr1g0203531	MtCLE05	CLAVATA3/EMBRYO-SURROUNDING REGION (CLE) family	medtr.A17.gnm5.MtrunA17Chr1	+	49311995	49313192	1.93532137625592	0.157036640221331	NS	4.29013444869005	1.97152976119804e-05	UP
UP	dnf2_only	medtr.A17.gnm5.ann1_6.MtrunA17Chr3g0145981	MtrunA17Chr3g0145981	MtPR3	pathogenesis related protein 3 (defense response-activated chitinase)	medtr.A17.gnm5.MtrunA17Chr3	+	58826926	58831767	0.779271165554928	1	NS	4.25923727187008	5.09283293312004e-06	UP
UP	dnf2_only	medtr.A17.gnm5.ann1_6.MtrunA17Chr5g0432241	MtrunA17Chr5g0432241			medtr.A17.gnm5.MtrunA17Chr5	+	32995952	32998625	2.92822285850984	0.480122827195205	NS	4.2344456221676	0.0271656667515765	UP
UP	dnf2_only	medtr.A17.gnm5.ann1_6.MtrunA17Chr1g0190651	MtrunA17Chr1g0190651	MtPR4	pathogenesis-related protein 4, SA-inducible	medtr.A17.gnm5.MtrunA17Chr1	-	39826923	39827947	-0.787240848305287	1	NS	4.21060232058787	5.10349666892359e-05	UP
UP	dnf2_only	medtr.A17.gnm5.ann1_6.MtrunA17Chr7g0262201	MtrunA17Chr7g0262201			medtr.A17.gnm5.MtrunA17Chr7	-	46355453	46361022	0.103879599216554	1	NS	4.20627813153587	0.000629765434760754	UP
UP	dnf2_only	medtr.A17.gnm5.ann1_6.MtrunA17Chr6g0479071	MtrunA17Chr6g0479071			medtr.A17.gnm5.MtrunA17Chr6	+	33672407	33673588	1.96851716306519	0.411074041579874	NS	4.19846183392687	0.000785601750235086	UP
UP	dnf2_only	medtr.A17.gnm5.ann1_6.MtrunA17Chr2g0299161	MtrunA17Chr2g0299161	MtBGAL3	beta-galactosidase 3	medtr.A17.gnm5.MtrunA17Chr2	+	17157211	17163803	1.29257793349921	0.484692360510321	NS	4.17697710989456	5.73140426106663e-07	UP
UP	dnf2_only	medtr.A17.gnm5.ann1_6.MtrunA17Chr1g0205541	MtrunA17Chr1g0205541			medtr.A17.gnm5.MtrunA17Chr1	+	50756498	50760112	-1.50925011635807	1	NS	4.15092920687029	0.00798178054385443	UP
UP	dnf2_only	medtr.A17.gnm5.ann1_6.MtrunA17Chr2g0316021	MtrunA17Chr2g0316021			medtr.A17.gnm5.MtrunA17Chr2	+	38222228	38224774	1.6467304982515	0.831331244617626	NS	4.14232301161285	0.00107339502885059	UP
UP	dnf2_only	medtr.A17.gnm5.ann1_6.MtrunA17Chr1g0152201	MtrunA17Chr1g0152201			medtr.A17.gnm5.MtrunA17Chr1	+	4974835	4975629	0.444797515193735	1	NS	4.13816003438392	2.97401872793896e-05	UP
UP	dnf2_only	medtr.A17.gnm5.ann1_6.MtrunA17Chr4g0075961	MtrunA17Chr4g0075961			medtr.A17.gnm5.MtrunA17Chr4	+	63996476	63997563	1.43142902260666	1	NS	4.13737834882457	0.00499432726478054	UP
UP	dnf2_only	medtr.A17.gnm5.ann1_6.MtrunA17Chr7g0219171	MtrunA17Chr7g0219171			medtr.A17.gnm5.MtrunA17Chr7	-	4416106	4417953	0.202358333863567	1	NS	4.13699695415219	0.000150854974568487	UP
UP	dnf2_only	medtr.A17.gnm5.ann1_6.MtrunA17Chr5g0411621	MtrunA17Chr5g0411621	MtSTR2	stunted arbuscule 2	medtr.A17.gnm5.MtrunA17Chr5	+	13142126	13146251	0.353713319660885	1	NS	4.13539065184891	0.000258119695335324	UP
UP	dnf2_only	medtr.A17.gnm5.ann1_6.MtrunA17Chr5g0431481	MtrunA17Chr5g0431481			medtr.A17.gnm5.MtrunA17Chr5	+	32332940	32346752	-0.75786813106559	1	NS	4.13313609025071	0.00318360584068559	UP
UP	dnf2_only	medtr.A17.gnm5.ann1_6.MtrunA17Chr5g0396571	MtrunA17Chr5g0396571			medtr.A17.gnm5.MtrunA17Chr5	-	2139232	2143352	0.676414663647453	1	NS	4.12272851511812	0.000324840357496165	UP
UP	dnf2_only	medtr.A17.gnm5.ann1_6.MtrunA17Chr4g0056271	MtrunA17Chr4g0056271			medtr.A17.gnm5.MtrunA17Chr4	-	49681362	49683989	1.71477513820763	0.268638865431009	NS	4.10177757706644	1.88177473854562e-05	UP
UP	dnf2_only	medtr.A17.gnm5.ann1_6.MtrunA17Chr7g0250581	MtrunA17Chr7g0250581			medtr.A17.gnm5.MtrunA17Chr7	+	38052916	38054040	0.898571616515666	1	NS	4.09771793430839	0.000592935471098597	UP
UP	dnf2_only	medtr.A17.gnm5.ann1_6.MtrunA17Chr2g0295051	MtrunA17Chr2g0295051	MtPR10-3	Pathogenesis-related protein 10 (TC76511)	medtr.A17.gnm5.MtrunA17Chr2	+	13580564	13582040	0.693366854598178	1	NS	4.09438322170296	3.97291926259811e-05	UP
UP	dnf2_only	medtr.A17.gnm5.ann1_6.MtrunA17Chr1g0166481	MtrunA17Chr1g0166481			medtr.A17.gnm5.MtrunA17Chr1	-	15914987	15917881	0.391665298104915	1	NS	4.08743132989812	0.00195687055297172	UP
UP	dnf2_only	medtr.A17.gnm5.ann1_6.MtrunA17Chr2g0323911	MtrunA17Chr2g0323911			medtr.A17.gnm5.MtrunA17Chr2	-	44282973	44283617	2.48283604910343	0.637815618640251	NS	4.08601919509381	0.0206773716101442	UP
UP	dnf2_only	medtr.A17.gnm5.ann1_6.MtrunA17Chr3g0132531	MtrunA17Chr3g0132531	MtMATE16	multidrug and toxic compound extrusion family	medtr.A17.gnm5.MtrunA17Chr3	-	49159436	49163873	1.10835260191682	1	NS	4.05625674518638	0.000479327563339107	UP
UP	dnf2_only	medtr.A17.gnm5.ann1_6.MtrunA17Chr2g0297811	MtrunA17Chr2g0297811			medtr.A17.gnm5.MtrunA17Chr2	+	15854010	15855262	2.55271478125572	0.0857116465864944	NS	4.05326758645443	0.000184253505948815	UP
UP	dnf2_only	medtr.A17.gnm5.ann1_6.MtrunA17Chr6g0462611	MtrunA17Chr6g0462611			medtr.A17.gnm5.MtrunA17Chr6	-	11696982	11698853	-0.266850157426112	1	NS	4.04762820683365	0.00132295533407852	UP
UP	dnf2_only	medtr.A17.gnm5.ann1_6.MtrunA17Chr2g0292271	MtrunA17Chr2g0292271	MtPrx26	peroxidase	medtr.A17.gnm5.MtrunA17Chr2	+	11260772	11263619	0.118193938540864	1	NS	4.04185863210509	1.43224243810042e-06	UP
UP	dnf2_only	medtr.A17.gnm5.ann1_6.MtrunA17Chr4g0043061	MtrunA17Chr4g0043061			medtr.A17.gnm5.MtrunA17Chr4	+	40214356	40216410	-1.81875614381313	0.398748424490053	NS	4.04176553805606	2.96590461268496e-06	UP
UP	dnf2_only	medtr.A17.gnm5.ann1_6.MtrunA17Chr7g0219811	MtrunA17Chr7g0219811			medtr.A17.gnm5.MtrunA17Chr7	-	5125951	5130577	1.69706286427343	0.549975589846975	NS	4.02320746829497	0.000137126526996395	UP
UP	dnf2_only	medtr.A17.gnm5.ann1_6.MtrunA17Chr2g0319041	MtrunA17Chr2g0319041	MtTPS7	terpene synthase 7	medtr.A17.gnm5.MtrunA17Chr2	-	40550044	40553704	0.846507398230648	1	NS	4.02138532421046	0.0494168243796999	UP
UP	dnf2_only	medtr.A17.gnm5.ann1_6.MtrunA17Chr4g0062831	MtrunA17Chr4g0062831			medtr.A17.gnm5.MtrunA17Chr4	+	54528769	54529561	-1.13404959452939	1	NS	4.00287116218843	0.000396542732456308	UP
UP	dnf2_only	medtr.A17.gnm5.ann1_6.MtrunA17Chr3g0125361	MtrunA17Chr3g0125361			medtr.A17.gnm5.MtrunA17Chr3	+	43930704	43931496	0.451895308502219	1	NS	3.98699663093243	0.000326949191654614	UP
UP	dnf2_only	medtr.A17.gnm5.ann1_6.MtrunA17Chr3g0111331	MtrunA17Chr3g0111331			medtr.A17.gnm5.MtrunA17Chr3	+	33657552	33658098	-2.63189492543238	0.834499396486364	NS	3.98306995724145	0.000761483963148121	UP
UP	dnf2_only	medtr.A17.gnm5.ann1_6.MtrunA17Chr4g0003751	MtrunA17Chr4g0003751			medtr.A17.gnm5.MtrunA17Chr4	+	2827901	2828805	0.104545937428966	1	NS	3.9816539822105	0.00192103918671445	UP
UP	dnf2_only	medtr.A17.gnm5.ann1_6.MtrunA17Chr5g0426781	MtrunA17Chr5g0426781			medtr.A17.gnm5.MtrunA17Chr5	+	28611668	28613251	2.86152677975501	0.308819171752765	NS	3.96182022968486	0.0184106603457115	UP
UP	dnf2_only	medtr.A17.gnm5.ann1_6.MtrunA17Chr7g0219681	MtrunA17Chr7g0219681			medtr.A17.gnm5.MtrunA17Chr7	+	4981710	4984181	2.56109288648293	0.249307530306783	NS	3.95683654852559	0.00325424121801037	UP
UP	dnf2_only	medtr.A17.gnm5.ann1_6.MtrunA17Chr1g0192371	MtrunA17Chr1g0192371			medtr.A17.gnm5.MtrunA17Chr1	-	41042556	41047362	1.76755865612373	1	NS	3.94916207367428	0.0275040100068743	UP
UP	dnf2_only	medtr.A17.gnm5.ann1_6.MtrunA17Chr5g0431501	MtrunA17Chr5g0431501	MtCYP83G1v1b	Cytochrome P450 monooxygenase	medtr.A17.gnm5.MtrunA17Chr5	-	32344821	32346891	1.41860746009643	0.459644678556888	NS	3.94448829030144	7.29871894647424e-06	UP
UP	dnf2_only	medtr.A17.gnm5.ann1_6.MtrunA17Chr5g0394211	MtrunA17Chr5g0394211			medtr.A17.gnm5.MtrunA17Chr5	-	667009	668313	0.566267957722329	1	NS	3.93666223481526	0.00114815166582744	UP
UP	dnf2_only	medtr.A17.gnm5.ann1_6.MtrunA17Chr6g0449521	MtrunA17Chr6g0449521			medtr.A17.gnm5.MtrunA17Chr6	+	493534	498577	0.749839948196238	1	NS	3.93356168744775	0.000639137435749102	UP
UP	dnf2_only	medtr.A17.gnm5.ann1_6.MtrunA17Chr1g0167761	MtrunA17Chr1g0167761	MtPT2	phosphate transporter	medtr.A17.gnm5.MtrunA17Chr1	+	16627043	16631223	1.61369938347564	0.637143324520891	NS	3.91314577257714	0.00114563075810766	UP
UP	dnf2_only	medtr.A17.gnm5.ann1_6.MtrunA17Chr8g0344091	MtrunA17Chr8g0344091			medtr.A17.gnm5.MtrunA17Chr8	+	7297833	7298779	3.43902728013549	0.176052788860317	NS	3.89284637649691	0.0436078962978436	UP
UP	dnf2_only	medtr.A17.gnm5.ann1_6.MtrunA17Chr7g0251061	MtrunA17Chr7g0251061			medtr.A17.gnm5.MtrunA17Chr7	-	38367740	38370621	0.139737518274865	1	NS	3.89280765048933	0.00196792195705707	UP
UP	dnf2_only	medtr.A17.gnm5.ann1_6.MtrunA17Chr2g0290831	MtrunA17Chr2g0290831			medtr.A17.gnm5.MtrunA17Chr2	-	10173717	10174580	2.15357133117953	0.476241100475076	NS	3.88545565274814	0.00314302882195584	UP
UP	dnf2_only	medtr.A17.gnm5.ann1_6.MtrunA17Chr2g0309861	MtrunA17Chr2g0309861			medtr.A17.gnm5.MtrunA17Chr2	-	32637570	32640195	3.17153746480864	0.19127795604838	NS	3.87758861150586	0.0270333169672465	UP
UP	dnf2_only	medtr.A17.gnm5.ann1_6.MtrunA17Chr2g0280741	MtrunA17Chr2g0280741			medtr.A17.gnm5.MtrunA17Chr2	+	2702698	2705024	-0.570811265630744	1	NS	3.87428204459169	7.01035857361146e-05	UP
UP	dnf2_only	medtr.A17.gnm5.ann1_6.MtrunA17Chr3g0078521	MtrunA17Chr3g0078521			medtr.A17.gnm5.MtrunA17Chr3	+	1096401	1101566	2.13852101402616	0.959245474411986	NS	3.85777985180971	0.0472283665529394	UP
UP	dnf2_only	medtr.A17.gnm5.ann1_6.MtrunA17Chr4g0018281	MtrunA17Chr4g0018281			medtr.A17.gnm5.MtrunA17Chr4	-	13487679	13488562	1.78356085820515	1	NS	3.8557071369675	0.0261458986434257	UP
UP	dnf2_only	medtr.A17.gnm5.ann1_6.MtrunA17Chr6g0462291	MtrunA17Chr6g0462291			medtr.A17.gnm5.MtrunA17Chr6	-	11325589	11326510	-2.18141865832686	1	NS	3.8553999645437	0.0225077991545813	UP
UP	dnf2_only	medtr.A17.gnm5.ann1_6.MtrunA17Chr1g0181421	MtrunA17Chr1g0181421			medtr.A17.gnm5.MtrunA17Chr1	+	32486809	32488098	1.37824244500189	1	NS	3.84570427616707	0.016880434151515	UP
UP	dnf2_only	medtr.A17.gnm5.ann1_6.MtrunA17Chr5g0396771	MtrunA17Chr5g0396771			medtr.A17.gnm5.MtrunA17Chr5	-	2278567	2280279	3.13945322353123	0.0850221220105992	NS	3.84141435912263	0.00792626274131509	UP
UP	dnf2_only	medtr.A17.gnm5.ann1_6.MtrunA17Chr4g0008691	MtrunA17Chr4g0008691			medtr.A17.gnm5.MtrunA17Chr4	+	6653230	6654144	0.243563044659263	1	NS	3.83741983688287	0.000254980763709726	UP
UP	dnf2_only	medtr.A17.gnm5.ann1_6.MtrunA17Chr7g0223501	MtrunA17Chr7g0223501			medtr.A17.gnm5.MtrunA17Chr7	+	8743747	8745154	1.42446666588	0.892101747490687	NS	3.83591062462642	0.00157813018176631	UP
UP	dnf2_only	medtr.A17.gnm5.ann1_6.MtrunA17Chr4g0041481	MtrunA17Chr4g0041481	MtCP8	cystein protease 8	medtr.A17.gnm5.MtrunA17Chr4	-	39141087	39143010	2.48292848243752	0.361330287772066	NS	3.82718863497973	0.0300467351238304	UP
UP	dnf2_only	medtr.A17.gnm5.ann1_6.MtrunA17Chr4g0055561	MtrunA17Chr4g0055561			medtr.A17.gnm5.MtrunA17Chr4	+	49175456	49177088	3.1700976758711	0.145677333349672	NS	3.78465046509247	0.0226948960503345	UP
UP	dnf2_only	medtr.A17.gnm5.ann1_6.MtrunA17Chr3g0101621	MtrunA17Chr3g0101621	MtCYP71D74	Cytochrome P450 monooxygenase	medtr.A17.gnm5.MtrunA17Chr3	-	26107365	26109881	1.69362077553506	1	NS	3.77913681987579	0.00974039408106103	UP
UP	dnf2_only	medtr.A17.gnm5.ann1_6.MtrunA17Chr2g0314721	MtrunA17Chr2g0314721	MtCYP76X16	Cytochrome P450 monooxygenase	medtr.A17.gnm5.MtrunA17Chr2	+	37123408	37125964	2.07393682380818	0.390789945217916	NS	3.776901338383	0.00402456175880996	UP
UP	dnf2_only	medtr.A17.gnm5.ann1_6.MtrunA17Chr6g0477281	MtrunA17Chr6g0477281	MtKunitz44	Kunitz-P Trypsin Inhibitor	medtr.A17.gnm5.MtrunA17Chr6	-	32063763	32064606	-1.44605502626488	1	NS	3.7533686609003	0.0287106944881922	UP
UP	dnf2_only	medtr.A17.gnm5.ann1_6.MtrunA17Chr6g0451351	MtrunA17Chr6g0451351			medtr.A17.gnm5.MtrunA17Chr6	+	1922513	1924792	2.64174731809116	0.154213742337079	NS	3.7453266255465	0.00465614013199544	UP
UP	dnf2_only	medtr.A17.gnm5.ann1_6.MtrunA17Chr3g0116191	MtrunA17Chr3g0116191			medtr.A17.gnm5.MtrunA17Chr3	+	37477748	37481855	2.17542863215218	0.0519953590366855	NS	3.74451171277709	3.83519626566451e-05	UP
UP	dnf2_only	medtr.A17.gnm5.ann1_6.MtrunA17Chr3g0111221	MtrunA17Chr3g0111221	MtLegin34	Leginsulin 34	medtr.A17.gnm5.MtrunA17Chr3	-	33590078	33592776	2.95277896989785	0.268647766310441	NS	3.73871942029713	0.0364367866061551	UP
UP	dnf2_only	medtr.A17.gnm5.ann1_6.MtrunA17Chr8g0362641	MtrunA17Chr8g0362641			medtr.A17.gnm5.MtrunA17Chr8	+	27169845	27174565	2.55000471837661	0.253249686748291	NS	3.73499778584032	0.00853088230485929	UP
UP	dnf2_only	medtr.A17.gnm5.ann1_6.MtrunA17Chr5g0448361	MtrunA17Chr5g0448361	MtPAL1	phenylalanine ammonia lyase 1	medtr.A17.gnm5.MtrunA17Chr5	+	44407138	44410340	0.425902498759917	1	NS	3.72676409500472	2.02836867596289e-06	UP
UP	dnf2_only	medtr.A17.gnm5.ann1_6.MtrunA17Chr3g0078971	MtrunA17Chr3g0078971	MtSTP3_1|MtSTP3.1	Sugar transport protein  (Hexose carrier protein HEX6)	medtr.A17.gnm5.MtrunA17Chr3	+	1397593	1401950	0.456321606059992	1	NS	3.72602767752647	0.000785601750235086	UP
UP	dnf2_only	medtr.A17.gnm5.ann1_6.MtrunA17Chr2g0283231	MtrunA17Chr2g0283231			medtr.A17.gnm5.MtrunA17Chr2	-	4505073	4508715	3.29325301627427	0.13508553227649	NS	3.72569472383678	0.0313747782418362	UP
UP	dnf2_only	medtr.A17.gnm5.ann1_6.MtrunA17Chr2g0298031	MtrunA17Chr2g0298031	MtAHA5	(Plasma membrane proton pump, TC121827)	medtr.A17.gnm5.MtrunA17Chr2	+	15994204	16002157	1.79724470367263	0.579125269651943	NS	3.72531722270142	0.00544673215666974	UP
UP	dnf2_only	medtr.A17.gnm5.ann1_6.MtrunA17Chr5g0395591	MtrunA17Chr5g0395591	MtCHS-5	Chalcone synthase 4	medtr.A17.gnm5.MtrunA17Chr5	+	1518069	1520040	0.0248385401255638	1	NS	3.7155291605005	0.00022223966372404	UP
UP	dnf2_only	medtr.A17.gnm5.ann1_6.MtrunA17Chr5g0405671	MtrunA17Chr5g0405671			medtr.A17.gnm5.MtrunA17Chr5	-	8857586	8858738	1.51457502373517	1	NS	3.71474067761367	0.00742294914655336	UP
UP	dnf2_only	medtr.A17.gnm5.ann1_6.MtrunA17Chr1g0177301	MtrunA17Chr1g0177301	MtPUB5	Plant U-box protein 5	medtr.A17.gnm5.MtrunA17Chr1	-	28824449	28825834	0.778375256345028	1	NS	3.70353626235576	0.000414155761291515	UP
UP	dnf2_only	medtr.A17.gnm5.ann1_6.MtrunA17Chr5g0427341	MtrunA17Chr5g0427341			medtr.A17.gnm5.MtrunA17Chr5	-	29178618	29182142	2.13602472125603	0.573743415666358	NS	3.69980289532839	0.0156835690141447	UP
UP	dnf2_only	medtr.A17.gnm5.ann1_6.MtrunA17Chr2g0298041	MtrunA17Chr2g0298041			medtr.A17.gnm5.MtrunA17Chr2	-	16001380	16002059	2.24904291066061	0.600444018873916	NS	3.68870654871008	0.021708416531723	UP
UP	dnf2_only	medtr.A17.gnm5.ann1_6.MtrunA17Chr7g0251551	MtrunA17Chr7g0251551			medtr.A17.gnm5.MtrunA17Chr7	-	38705144	38706046	0.486645538822177	1	NS	3.68737116916543	0.00360628389643155	UP
UP	dnf2_only	medtr.A17.gnm5.ann1_6.MtrunA17Chr3g0095191	MtrunA17Chr3g0095191			medtr.A17.gnm5.MtrunA17Chr3	-	18517399	18518937	1.51465469359881	0.738965083318672	NS	3.68608477130071	0.000484712820659022	UP
UP	dnf2_only	medtr.A17.gnm5.ann1_6.MtrunA17Chr4g0067951	MtrunA17Chr4g0067951	MtPR10-5	Pathogenesis-related protein 10 (TC123318, PR10.2 group)	medtr.A17.gnm5.MtrunA17Chr4	-	58201230	58202262	-0.848726430255808	1	NS	3.68308135005104	0.0121309230801753	UP
UP	dnf2_only	medtr.A17.gnm5.ann1_6.MtrunA17Chr5g0424211	MtrunA17Chr5g0424211			medtr.A17.gnm5.MtrunA17Chr5	+	26144019	26149762	0.819251453997736	1	NS	3.66808389584556	0.00212123831104371	UP
UP	dnf2_only	medtr.A17.gnm5.ann1_6.MtrunA17Chr6g0461211	MtrunA17Chr6g0461211			medtr.A17.gnm5.MtrunA17Chr6	+	10469534	10474679	1.67509913517543	0.549539039928811	NS	3.66694980330787	0.00146833165945339	UP
UP	dnf2_only	medtr.A17.gnm5.ann1_6.MtrunA17Chr8g0360241	MtrunA17Chr8g0360241			medtr.A17.gnm5.MtrunA17Chr8	-	24276834	24280652	-0.998131625079358	1	NS	3.65114255215688	0.000258975270673025	UP
UP	dnf2_only	medtr.A17.gnm5.ann1_6.MtrunA17Chr5g0421001	MtrunA17Chr5g0421001			medtr.A17.gnm5.MtrunA17Chr5	-	21650712	21652922	0.598607941685958	1	NS	3.6431859968918	2.54931266385734e-05	UP
UP	dnf2_only	medtr.A17.gnm5.ann1_6.MtrunA17Chr7g0220441	MtrunA17Chr7g0220441			medtr.A17.gnm5.MtrunA17Chr7	+	5814382	5814795	2.56470106228898	0.371460386566462	NS	3.63732282576158	0.0224435760296609	UP
UP	dnf2_only	medtr.A17.gnm5.ann1_6.MtrunA17Chr1g0166591	MtrunA17Chr1g0166591			medtr.A17.gnm5.MtrunA17Chr1	+	15955765	15956750	0.900094644817894	1	NS	3.62787958578978	0.00334041945352754	UP
UP	dnf2_only	medtr.A17.gnm5.ann1_6.MtrunA17Chr5g0431891	MtrunA17Chr5g0431891			medtr.A17.gnm5.MtrunA17Chr5	+	32671563	32672575	2.84204075432082	0.0566780373880601	NS	3.62449149742083	0.00197841543271598	UP
UP	dnf2_only	medtr.A17.gnm5.ann1_6.MtrunA17Chr1g0187221	MtrunA17Chr1g0187221	MtSubIn5	Subtilisin inhibitor	medtr.A17.gnm5.MtrunA17Chr1	+	37320598	37321864	0.48693502343025	1	NS	3.62013990177218	0.0192659355053414	UP
UP	dnf2_only	medtr.A17.gnm5.ann1_6.MtrunA17Chr7g0243151	MtrunA17Chr7g0243151			medtr.A17.gnm5.MtrunA17Chr7	+	32489176	32491228	2.11891081394003	0.223469233354713	NS	3.61818165792968	0.00258864706207077	UP
UP	dnf2_only	medtr.A17.gnm5.ann1_6.MtrunA17Chr4g0046631	MtrunA17Chr4g0046631	MtCYP82D94	Cytochrome P450 monooxygenase	medtr.A17.gnm5.MtrunA17Chr4	+	42962651	42970663	0.429574987765726	1	NS	3.58239874340199	0.00018552241373278	UP
UP	dnf2_only	medtr.A17.gnm5.ann1_6.MtrunA17Chr5g0405001	MtrunA17Chr5g0405001	MtCYP84A17	Cytochrome P450 monooxygenase	medtr.A17.gnm5.MtrunA17Chr5	+	8279144	8282648	-5.9186887552715	0.00436676792741362	DOWN	3.56779492245072	0.000125967966679609	UP
UP	dnf2_only	medtr.A17.gnm5.ann1_6.MtrunA17Chr7g0250571	MtrunA17Chr7g0250571			medtr.A17.gnm5.MtrunA17Chr7	-	38052808	38054180	-0.367133819547983	1	NS	3.565629442861	0.00187732144440465	UP
UP	dnf2_only	medtr.A17.gnm5.ann1_6.MtrunA17Chr6g0477491	MtrunA17Chr6g0477491			medtr.A17.gnm5.MtrunA17Chr6	-	32289743	32292614	-0.949975688741068	1	NS	3.56377835718145	0.00472414227290976	UP
UP	dnf2_only	medtr.A17.gnm5.ann1_6.MtrunA17Chr7g0250081	MtrunA17Chr7g0250081			medtr.A17.gnm5.MtrunA17Chr7	+	37666856	37670049	3.0198735817506	0.191992991616747	NS	3.55102396219772	0.0449467683924834	UP
UP	dnf2_only	medtr.A17.gnm5.ann1_6.MtrunA17Chr5g0435311	MtrunA17Chr5g0435311			medtr.A17.gnm5.MtrunA17Chr5	-	35403877	35405510	0.382063384562204	1	NS	3.54923388383141	0.00198871801280906	UP
UP	dnf2_only	medtr.A17.gnm5.ann1_6.MtrunA17Chr5g0420811	MtrunA17Chr5g0420811			medtr.A17.gnm5.MtrunA17Chr5	-	21328489	21331368	-1.06751145565896	1	NS	3.54868662729822	0.000212257587170468	UP
UP	dnf2_only	medtr.A17.gnm5.ann1_6.MtrunA17Chr5g0406281	MtrunA17Chr5g0406281			medtr.A17.gnm5.MtrunA17Chr5	-	9232502	9235166	0.781268379192137	1	NS	3.53974276568666	0.00837154672728478	UP
UP	dnf2_only	medtr.A17.gnm5.ann1_6.MtrunA17Chr3g0079461	MtrunA17Chr3g0079461			medtr.A17.gnm5.MtrunA17Chr3	-	1803060	1809871	-0.106191063172015	1	NS	3.5351422922199	0.000644524994838851	UP
UP	dnf2_only	medtr.A17.gnm5.ann1_6.MtrunA17Chr7g0259351	MtrunA17Chr7g0259351			medtr.A17.gnm5.MtrunA17Chr7	-	44376507	44377471	1.5203873545816	0.955548590156694	NS	3.52556795956895	0.0058639176698019	UP
UP	dnf2_only	medtr.A17.gnm5.ann1_6.MtrunA17Chr3g0135321	MtrunA17Chr3g0135321			medtr.A17.gnm5.MtrunA17Chr3	-	51301516	51312749	2.38278793695813	0.0758924397661413	NS	3.5235048885342	0.00137114092948076	UP
UP	dnf2_only	medtr.A17.gnm5.ann1_6.MtrunA17Chr3g0091531	MtrunA17Chr3g0091531			medtr.A17.gnm5.MtrunA17Chr3	-	12845675	12847525	2.29199748898627	0.320828173433861	NS	3.51828040838408	0.00718951684891147	UP
UP	dnf2_only	medtr.A17.gnm5.ann1_6.MtrunA17Chr2g0313811	MtrunA17Chr2g0313811	MtCYP72A59v1	Cytochrome P450 monooxygenase	medtr.A17.gnm5.MtrunA17Chr2	+	36478005	36482376	0.843978085988193	1	NS	3.50667031049196	3.90336625852582e-05	UP
UP	dnf2_only	medtr.A17.gnm5.ann1_6.MtrunA17Chr6g0461981	MtrunA17Chr6g0461981			medtr.A17.gnm5.MtrunA17Chr6	+	11105699	11108837	1.2728627132043	1	NS	3.49203048755538	0.00461838949473831	UP
UP	dnf2_only	medtr.A17.gnm5.ann1_6.MtrunA17Chr3g0121141	MtrunA17Chr3g0121141			medtr.A17.gnm5.MtrunA17Chr3	+	41085662	41087649	0.318125620396835	1	NS	3.47839491937949	5.75470532254711e-06	UP
UP	dnf2_only	medtr.A17.gnm5.ann1_6.MtrunA17Chr3g0120541	MtrunA17Chr3g0120541			medtr.A17.gnm5.MtrunA17Chr3	-	40587849	40589467	1.22900744873261	0.874403131945984	NS	3.47513101131895	0.000234600943687774	UP
UP	dnf2_only	medtr.A17.gnm5.ann1_6.MtrunA17Chr2g0291191	MtrunA17Chr2g0291191			medtr.A17.gnm5.MtrunA17Chr2	-	10446142	10448846	1.97379098527379	0.0759613656929145	NS	3.46263801550121	4.46035994306783e-05	UP
UP	dnf2_only	medtr.A17.gnm5.ann1_6.MtrunA17Chr4g0049241	MtrunA17Chr4g0049241			medtr.A17.gnm5.MtrunA17Chr4	+	44635752	44639264	0.845982165103651	1	NS	3.45775888286738	6.75732264013787e-06	UP
UP	dnf2_only	medtr.A17.gnm5.ann1_6.MtrunA17Chr3g0129061	MtrunA17Chr3g0129061			medtr.A17.gnm5.MtrunA17Chr3	+	46656032	46657836	1.69531192678829	0.829008327234321	NS	3.45401068000778	0.00960227317791633	UP
UP	dnf2_only	medtr.A17.gnm5.ann1_6.MtrunA17Chr8g0355851	MtrunA17Chr8g0355851			medtr.A17.gnm5.MtrunA17Chr8	+	17416984	17417523	2.27265221537428	0.112524626809277	NS	3.4471994090105	0.00134004493007276	UP
UP	dnf2_only	medtr.A17.gnm5.ann1_6.MtrunA17Chr1g0196881	MtrunA17Chr1g0196881			medtr.A17.gnm5.MtrunA17Chr1	+	44280263	44280947	3.22896788610799	0.0903339972396524	NS	3.44658126616411	0.0324750160556048	UP
UP	dnf2_only	medtr.A17.gnm5.ann1_6.MtrunA17Chr3g0131391	MtrunA17Chr3g0131391			medtr.A17.gnm5.MtrunA17Chr3	-	48352527	48353092	-1.67724388081895	1	NS	3.42578237897722	0.00708537942824971	UP
UP	dnf2_only	medtr.A17.gnm5.ann1_6.MtrunA17Chr3g0131381	MtrunA17Chr3g0131381	MtRbohC	RESPIRATORY BURST OXIDASE HOMOLOG C	medtr.A17.gnm5.MtrunA17Chr3	+	48342397	48347667	1.56209086998608	0.317367214092924	NS	3.42497977869127	0.00010629093718628	UP
UP	dnf2_only	medtr.A17.gnm5.ann1_6.MtrunA17Chr2g0283561	MtrunA17Chr2g0283561			medtr.A17.gnm5.MtrunA17Chr2	-	4693055	4696264	1.91023295457057	0.531618766988603	NS	3.42124700373375	0.00876969172480878	UP
UP	dnf2_only	medtr.A17.gnm5.ann1_6.MtrunA17Chr3g0136961	MtrunA17Chr3g0136961			medtr.A17.gnm5.MtrunA17Chr3	-	52375686	52379847	-0.0796735353958334	1	NS	3.41803754141942	0.00150188705891306	UP
UP	dnf2_only	medtr.A17.gnm5.ann1_6.MtrunA17Chr7g0219781	MtrunA17Chr7g0219781			medtr.A17.gnm5.MtrunA17Chr7	-	5107137	5110146	1.8280656649533	0.626375427834736	NS	3.41577264164559	0.0211949415889277	UP
UP	dnf2_only	medtr.A17.gnm5.ann1_6.MtrunA17Chr5g0420981	MtrunA17Chr5g0420981			medtr.A17.gnm5.MtrunA17Chr5	+	21609561	21613773	1.52104696006449	0.492193512510909	NS	3.40022987019142	0.000576461423357535	UP
UP	dnf2_only	medtr.A17.gnm5.ann1_6.MtrunA17Chr4g0018371	MtrunA17Chr4g0018371			medtr.A17.gnm5.MtrunA17Chr4	-	13571483	13573680	2.25933290107645	0.34103430236379	NS	3.39385077702925	0.0122603311545663	UP
UP	dnf2_only	medtr.A17.gnm5.ann1_6.MtrunA17Chr5g0436191	MtrunA17Chr5g0436191			medtr.A17.gnm5.MtrunA17Chr5	-	36121281	36124852	0.953622850089307	1	NS	3.37736821049191	0.00173263822914058	UP
UP	dnf2_only	medtr.A17.gnm5.ann1_6.MtrunA17Chr1g0159971	MtrunA17Chr1g0159971			medtr.A17.gnm5.MtrunA17Chr1	+	10557331	10561462	-0.131394839348115	1	NS	3.37293888348107	0.00640996313957011	UP
UP	dnf2_only	medtr.A17.gnm5.ann1_6.MtrunA17Chr8g0387711	MtrunA17Chr8g0387711			medtr.A17.gnm5.MtrunA17Chr8	-	45811075	45811888	1.81195427241595	0.271289838069128	NS	3.36986763216622	0.000522776872061505	UP
UP	dnf2_only	medtr.A17.gnm5.ann1_6.MtrunA17Chr7g0265881	MtrunA17Chr7g0265881			medtr.A17.gnm5.MtrunA17Chr7	-	49032546	49033405	0.5607984916488	1	NS	3.36545790516769	0.00145252649350573	UP
UP	dnf2_only	medtr.A17.gnm5.ann1_6.MtrunA17Chr8g0346271	MtrunA17Chr8g0346271			medtr.A17.gnm5.MtrunA17Chr8	-	9420263	9427054	1.40478286166489	0.722004755102469	NS	3.3581144434466	0.000731244608369435	UP
UP	dnf2_only	medtr.A17.gnm5.ann1_6.MtrunA17Chr5g0431461	MtrunA17Chr5g0431461			medtr.A17.gnm5.MtrunA17Chr5	-	32326712	32333423	0.45697636470957	1	NS	3.35758890650854	0.00035114500343776	UP
UP	dnf2_only	medtr.A17.gnm5.ann1_6.MtrunA17Chr5g0421011	MtrunA17Chr5g0421011			medtr.A17.gnm5.MtrunA17Chr5	+	21651457	21655202	0.626722777675663	1	NS	3.35315372274855	1.5922336668768e-06	UP
UP	dnf2_only	medtr.A17.gnm5.ann1_6.MtrunA17Chr7g0273481	MtrunA17Chr7g0273481			medtr.A17.gnm5.MtrunA17Chr7	-	54105976	54113824	1.0879109514366	1	NS	3.35190390627241	0.00125209262131175	UP
UP	dnf2_only	medtr.A17.gnm5.ann1_6.MtrunA17Chr3g0136711	MtrunA17Chr3g0136711			medtr.A17.gnm5.MtrunA17Chr3	-	52220165	52224002	2.08040285453282	0.227160088486881	NS	3.34766295475577	0.00371239333785325	UP
UP	dnf2_only	medtr.A17.gnm5.ann1_6.MtrunA17Chr5g0412721	MtrunA17Chr5g0412721			medtr.A17.gnm5.MtrunA17Chr5	-	14147091	14153450	2.38953001254827	0.115526958977983	NS	3.33869056294282	0.00254217732411933	UP
UP	dnf2_only	medtr.A17.gnm5.ann1_6.MtrunA17Chr2g0296671	MtrunA17Chr2g0296671			medtr.A17.gnm5.MtrunA17Chr2	+	15047368	15053652	1.01988511986108	1	NS	3.33697526325781	3.28200505354313e-06	UP
UP	dnf2_only	medtr.A17.gnm5.ann1_6.MtrunA17Chr5g0402571	MtrunA17Chr5g0402571	MtPrx52	peroxidase	medtr.A17.gnm5.MtrunA17Chr5	-	6608418	6610280	0.197599253201342	1	NS	3.33637418859962	4.16088684273624e-05	UP
UP	dnf2_only	medtr.A17.gnm5.ann1_6.MtrunA17Chr4g0032181	MtrunA17Chr4g0032181			medtr.A17.gnm5.MtrunA17Chr4	+	32384335	32386739	0.271504012187511	1	NS	3.33368506271902	3.49181553769141e-05	UP
UP	dnf2_only	medtr.A17.gnm5.ann1_6.MtrunA17Chr3g0094461	MtrunA17Chr3g0094461			medtr.A17.gnm5.MtrunA17Chr3	+	17250181	17251110	0.909114485099446	1	NS	3.33179105828914	0.00624726472096118	UP
UP	dnf2_only	medtr.A17.gnm5.ann1_6.MtrunA17Chr5g0397831	MtrunA17Chr5g0397831			medtr.A17.gnm5.MtrunA17Chr5	-	2907079	2908300	-0.366308515194669	1	NS	3.33131537761698	0.000961061744425764	UP
UP	dnf2_only	medtr.A17.gnm5.ann1_6.MtrunA17Chr4g0062601	MtrunA17Chr4g0062601			medtr.A17.gnm5.MtrunA17Chr4	-	54337756	54339305	2.01384593873825	0.117515499821127	NS	3.32654749009407	0.000252758460439201	UP
UP	dnf2_only	medtr.A17.gnm5.ann1_6.MtrunA17Chr1g0193861	MtrunA17Chr1g0193861			medtr.A17.gnm5.MtrunA17Chr1	+	42208238	42209650	0.333204184554238	1	NS	3.32068560362418	0.00499292588868603	UP
UP	dnf2_only	medtr.A17.gnm5.ann1_6.MtrunA17Chr8g0375041	MtrunA17Chr8g0375041			medtr.A17.gnm5.MtrunA17Chr8	-	36911860	36916183	0.23527043990142	1	NS	3.31749889961301	4.12926000260458e-05	UP
UP	dnf2_only	medtr.A17.gnm5.ann1_6.MtrunA17Chr2g0295091	MtrunA17Chr2g0295091			medtr.A17.gnm5.MtrunA17Chr2	+	13601942	13603470	-5.71479046623389	8.6272396652808e-06	DOWN	3.31569213261977	1.9699914741373e-05	UP
UP	dnf2_only	medtr.A17.gnm5.ann1_6.MtrunA17Chr8g0337781	MtrunA17Chr8g0337781	MtPDF46	Plant Defensin	medtr.A17.gnm5.MtrunA17Chr8	+	2518882	2519640	0.613692573471638	1	NS	3.31071781829929	0.000169774894008837	UP
UP	dnf2_only	medtr.A17.gnm5.ann1_6.MtrunA17Chr7g0270221	MtrunA17Chr7g0270221			medtr.A17.gnm5.MtrunA17Chr7	-	52009885	52015689	-3.83481707732745	0.347439398023348	NS	3.30970949532318	0.00460997187767523	UP
UP	dnf2_only	medtr.A17.gnm5.ann1_6.MtrunA17Chr5g0401681	MtrunA17Chr5g0401681	MtCYP81E7-like|MtCYP81E8v2	Isoflavone 2'-hydroxylase-like|Cytochrome P450 monooxygenase	medtr.A17.gnm5.MtrunA17Chr5	+	5891647	5894621	-0.558135690774853	1	NS	3.30578928098642	0.000514794677763022	UP
UP	dnf2_only	medtr.A17.gnm5.ann1_6.MtrunA17Chr5g0417341	MtrunA17Chr5g0417341			medtr.A17.gnm5.MtrunA17Chr5	+	17930362	17932333	1.6069042440178	0.403886116659713	NS	3.29941885903618	0.00132471801620866	UP
UP	dnf2_only	medtr.A17.gnm5.ann1_6.MtrunA17Chr1g0178831	MtrunA17Chr1g0178831			medtr.A17.gnm5.MtrunA17Chr1	+	30224069	30226354	2.64685431531913	0.167838585060057	NS	3.28241227748737	0.0213276212146404	UP
UP	dnf2_only	medtr.A17.gnm5.ann1_6.MtrunA17Chr4g0039901	MtrunA17Chr4g0039901	MtCYP76F72	Cytochrome P450 monooxygenase	medtr.A17.gnm5.MtrunA17Chr4	-	37948531	37952216	-1.21183818440161	0.990932176580434	NS	3.27155939182838	0.000640855317575738	UP
UP	dnf2_only	medtr.A17.gnm5.ann1_6.MtrunA17Chr8g0347101	MtrunA17Chr8g0347101			medtr.A17.gnm5.MtrunA17Chr8	+	10084109	10088250	2.21942756415388	0.382219639757741	NS	3.25478603104931	0.0216599380899806	UP
UP	dnf2_only	medtr.A17.gnm5.ann1_6.MtrunA17Chr7g0266151	MtrunA17Chr7g0266151		Purple acid phosphatase (early senescence marker gene in A17 nodules)	medtr.A17.gnm5.MtrunA17Chr7	+	49311643	49315268	2.61727449894273	0.151565119795948	NS	3.25105032158257	0.0292639764766443	UP
UP	dnf2_only	medtr.A17.gnm5.ann1_6.MtrunA17Chr1g0150281	MtrunA17Chr1g0150281	MtSPX	SPX domain-containing protein	medtr.A17.gnm5.MtrunA17Chr1	-	3328747	3330725	1.12492235049733	1	NS	3.24742830507609	0.000634109279169072	UP
UP	dnf2_only	medtr.A17.gnm5.ann1_6.MtrunA17Chr2g0314921	MtrunA17Chr2g0314921			medtr.A17.gnm5.MtrunA17Chr2	+	37273707	37274275	1.1404706119797	1	NS	3.24555027749035	0.0456975531731784	UP
UP	dnf2_only	medtr.A17.gnm5.ann1_6.MtrunA17Chr2g0280381	MtrunA17Chr2g0280381			medtr.A17.gnm5.MtrunA17Chr2	-	2500742	2502635	1.52987697007626	1	NS	3.24315424494621	0.0434161987887135	UP
UP	dnf2_only	medtr.A17.gnm5.ann1_6.MtrunA17Chr3g0093961	MtrunA17Chr3g0093961			medtr.A17.gnm5.MtrunA17Chr3	+	16227988	16228284	2.17977098449142	0.411678256227951	NS	3.2418935890964	0.0204422709469413	UP
UP	dnf2_only	medtr.A17.gnm5.ann1_6.MtrunA17Chr2g0305681	MtrunA17Chr2g0305681			medtr.A17.gnm5.MtrunA17Chr2	-	25728234	25728547	-0.813285594178485	1	NS	3.23786511623452	0.0088295309245538	UP
UP	dnf2_only	medtr.A17.gnm5.ann1_6.MtrunA17Chr8g0355841	MtrunA17Chr8g0355841			medtr.A17.gnm5.MtrunA17Chr8	-	17416274	17419961	2.23794610966449	0.118669580649011	NS	3.22512615131555	0.00421481498566591	UP
UP	dnf2_only	medtr.A17.gnm5.ann1_6.MtrunA17Chr2g0331721	MtrunA17Chr2g0331721			medtr.A17.gnm5.MtrunA17Chr2	+	49965385	49969996	2.69656412724341	0.0819711491127181	NS	3.21581261379784	0.0150446076599108	UP
UP	dnf2_only	medtr.A17.gnm5.ann1_6.MtrunA17Chr4g0018971	MtrunA17Chr4g0018971			medtr.A17.gnm5.MtrunA17Chr4	-	14321421	14322096	0.514581095462496	1	NS	3.20806671310286	0.000447209018743354	UP
UP	dnf2_only	medtr.A17.gnm5.ann1_6.MtrunA17Chr4g0066221	MtrunA17Chr4g0066221			medtr.A17.gnm5.MtrunA17Chr4	-	57087355	57089403	0.42918704983909	1	NS	3.20308979016849	0.00107907593070699	UP
UP	dnf2_only	medtr.A17.gnm5.ann1_6.MtrunA17Chr1g0180121	MtrunA17Chr1g0180121	MtPR5	thaumatin-like protein (TC100682, SA-responsive)	medtr.A17.gnm5.MtrunA17Chr1	-	31322320	31324401	0.232234380254762	1	NS	3.20238329440454	0.00839993819612038	UP
UP	dnf2_only	medtr.A17.gnm5.ann1_6.MtrunA17Chr7g0223421	MtrunA17Chr7g0223421			medtr.A17.gnm5.MtrunA17Chr7	-	8683588	8685191	0.51272180084494	1	NS	3.18517485605918	0.022634998881914	UP
UP	dnf2_only	medtr.A17.gnm5.ann1_6.MtrunA17Chr1g0185231	MtrunA17Chr1g0185231	MtSULTR3.1	sulfate transporter	medtr.A17.gnm5.MtrunA17Chr1	+	35661833	35669187	0.435858081189462	1	NS	3.18516978596009	0.000203495104368939	UP
UP	dnf2_only	medtr.A17.gnm5.ann1_6.MtrunA17Chr8g0370821	MtrunA17Chr8g0370821			medtr.A17.gnm5.MtrunA17Chr8	+	33895150	33898274	0.940983286371032	1	NS	3.18479593448615	0.00230936822282135	UP
UP	dnf2_only	medtr.A17.gnm5.ann1_6.MtrunA17Chr2g0304301	MtrunA17Chr2g0304301			medtr.A17.gnm5.MtrunA17Chr2	-	22230221	22230613	0.435407608369219	1	NS	3.18003913437324	0.000164197735076158	UP
UP	dnf2_only	medtr.A17.gnm5.ann1_6.MtrunA17Chr6g0463491	MtrunA17Chr6g0463491			medtr.A17.gnm5.MtrunA17Chr6	+	12686119	12687948	0.0324611133042383	1	NS	3.17645407016493	1.88177473854562e-05	UP
UP	dnf2_only	medtr.A17.gnm5.ann1_6.MtrunA17Chr2g0291671	MtrunA17Chr2g0291671			medtr.A17.gnm5.MtrunA17Chr2	-	10800073	10800753	0.728818182946759	1	NS	3.17526572503248	0.0174316084409161	UP
UP	dnf2_only	medtr.A17.gnm5.ann1_6.MtrunA17Chr6g0479081	MtrunA17Chr6g0479081			medtr.A17.gnm5.MtrunA17Chr6	-	33674942	33676005	0.379042830031596	1	NS	3.17153569563551	0.0018130175713053	UP
UP	dnf2_only	medtr.A17.gnm5.ann1_6.MtrunA17Chr4g0001871	MtrunA17Chr4g0001871			medtr.A17.gnm5.MtrunA17Chr4	-	1343459	1344511	1.99634437323872	0.0631609955688303	NS	3.16132652148427	0.000174906197152525	UP
UP	dnf2_only	medtr.A17.gnm5.ann1_6.MtrunA17Chr5g0432861	MtrunA17Chr5g0432861			medtr.A17.gnm5.MtrunA17Chr5	-	33472046	33474964	1.59820650190517	0.249824331129504	NS	3.15782191476885	0.000126361084568112	UP
UP	dnf2_only	medtr.A17.gnm5.ann1_6.MtrunA17Chr7g0239361	MtrunA17Chr7g0239361			medtr.A17.gnm5.MtrunA17Chr7	-	29388038	29390314	0.947423484664287	1	NS	3.1467051354329	0.00093750304942894	UP
UP	dnf2_only	medtr.A17.gnm5.ann1_6.MtrunA17Chr8g0374541	MtrunA17Chr8g0374541			medtr.A17.gnm5.MtrunA17Chr8	+	36478735	36485377	-1.58633932181087	0.492800789464436	NS	3.14407814767371	0.000256013882283118	UP
UP	dnf2_only	medtr.A17.gnm5.ann1_6.MtrunA17Chr5g0402611	MtrunA17Chr5g0402611			medtr.A17.gnm5.MtrunA17Chr5	+	6656856	6660643	2.01228459724249	0.25817404657564	NS	3.1403451834685	0.00349452273667305	UP
UP	dnf2_only	medtr.A17.gnm5.ann1_6.MtrunA17Chr6g0462551	MtrunA17Chr6g0462551			medtr.A17.gnm5.MtrunA17Chr6	+	11577679	11579537	1.01615578591395	1	NS	3.13890365910114	0.00211412191963322	UP
UP	dnf2_only	medtr.A17.gnm5.ann1_6.MtrunA17Chr7g0260011	MtrunA17Chr7g0260011			medtr.A17.gnm5.MtrunA17Chr7	-	44923156	44926363	1.54305592164314	0.448196825636532	NS	3.13315636803539	0.00103899693423737	UP
UP	dnf2_only	medtr.A17.gnm5.ann1_6.MtrunA17Chr7g0232411	MtrunA17Chr7g0232411			medtr.A17.gnm5.MtrunA17Chr7	-	22610781	22612429	0.130004281210401	1	NS	3.13288374781673	0.00154819383210695	UP
UP	dnf2_only	medtr.A17.gnm5.ann1_6.MtrunA17Chr7g0242461	MtrunA17Chr7g0242461			medtr.A17.gnm5.MtrunA17Chr7	-	31918875	31921754	2.2467428100225	0.149090767700835	NS	3.13234598084885	0.00651741142139216	UP
UP	dnf2_only	medtr.A17.gnm5.ann1_6.MtrunA17Chr4g0042051	MtrunA17Chr4g0042051			medtr.A17.gnm5.MtrunA17Chr4	-	39500162	39502735	1.01887675310289	1	NS	3.1254743016156	7.7232001291971e-05	UP
UP	dnf2_only	medtr.A17.gnm5.ann1_6.MtrunA17Chr7g0246221	MtrunA17Chr7g0246221	MtCYP76E22	Cytochrome P450 monooxygenase	medtr.A17.gnm5.MtrunA17Chr7	-	35029826	35033661	0.509940823117236	1	NS	3.12136081950031	0.0202558848814668	UP
UP	dnf2_only	medtr.A17.gnm5.ann1_6.MtrunA17Chr7g0218221	MtrunA17Chr7g0218221			medtr.A17.gnm5.MtrunA17Chr7	+	3595734	3596084	1.21607034775723	1	NS	3.11178317844202	0.0148480291427243	UP
UP	dnf2_only	medtr.A17.gnm5.ann1_6.MtrunA17Chr1g0193011	MtrunA17Chr1g0193011			medtr.A17.gnm5.MtrunA17Chr1	-	41542918	41544822	1.29733934683164	0.980244572728179	NS	3.10829055154369	0.0101319733234401	UP
UP	dnf2_only	medtr.A17.gnm5.ann1_6.MtrunA17Chr1g0199551	MtrunA17Chr1g0199551	MtPAL2	phenylalanine ammonia lyase 2	medtr.A17.gnm5.MtrunA17Chr1	-	46259327	46266309	1.25783606911489	0.583301614266129	NS	3.10809459859458	1.82303076203305e-05	UP
UP	dnf2_only	medtr.A17.gnm5.ann1_6.MtrunA17Chr4g0001861	MtrunA17Chr4g0001861			medtr.A17.gnm5.MtrunA17Chr4	+	1339187	1343768	1.28536104261771	0.521766231616282	NS	3.10478876896813	2.4831250264484e-05	UP
UP	dnf2_only	medtr.A17.gnm5.ann1_6.MtrunA17Chr5g0417011	MtrunA17Chr5g0417011			medtr.A17.gnm5.MtrunA17Chr5	+	17706529	17708128	1.35123845754917	0.575509319346455	NS	3.10373700500475	0.000153130034613248	UP
UP	dnf2_only	medtr.A17.gnm5.ann1_6.MtrunA17Chr2g0294591	MtrunA17Chr2g0294591	MtBG16	beta-1,3-Glucanase 16	medtr.A17.gnm5.MtrunA17Chr2	-	13223977	13225734	0.123379715531049	1	NS	3.09542714974269	0.000137753240472241	UP
UP	dnf2_only	medtr.A17.gnm5.ann1_6.MtrunA17Chr1g0177591	MtrunA17Chr1g0177591			medtr.A17.gnm5.MtrunA17Chr1	+	29156866	29161838	1.59957567313911	0.864212794000781	NS	3.08252685454042	0.0223455952404712	UP
UP	dnf2_only	medtr.A17.gnm5.ann1_6.MtrunA17Chr4g0028931	MtrunA17Chr4g0028931			medtr.A17.gnm5.MtrunA17Chr4	+	29907447	29910552	3.05451209395829	0.0574338297870054	NS	3.07854517536319	0.0323927834743071	UP
UP	dnf2_only	medtr.A17.gnm5.ann1_6.MtrunA17Chr1g0202891	MtrunA17Chr1g0202891			medtr.A17.gnm5.MtrunA17Chr1	-	48872742	48878012	2.1925020215364	0.151774443487884	NS	3.06642856162979	0.00377347000135139	UP
UP	dnf2_only	medtr.A17.gnm5.ann1_6.MtrunA17Chr4g0009451	MtrunA17Chr4g0009451			medtr.A17.gnm5.MtrunA17Chr4	+	7370300	7372248	1.18773341177831	0.789585262503113	NS	3.06396193348456	8.30963835162599e-05	UP
UP	dnf2_only	medtr.A17.gnm5.ann1_6.MtrunA17Chr5g0445161	MtrunA17Chr5g0445161			medtr.A17.gnm5.MtrunA17Chr5	+	42354675	42357629	0.861202322877746	1	NS	3.05950272707189	0.00596270478906299	UP
UP	dnf2_only	medtr.A17.gnm5.ann1_6.MtrunA17Chr1g0167741	MtrunA17Chr1g0167741	MtPT1	phosphate transporter	medtr.A17.gnm5.MtrunA17Chr1	+	16589071	16591700	1.46609102544968	0.923761173094615	NS	3.05645276268055	0.0199994575452373	UP
UP	dnf2_only	medtr.A17.gnm5.ann1_6.MtrunA17Chr1g0190821	MtrunA17Chr1g0190821	MtN26-2	Nodulin26	medtr.A17.gnm5.MtrunA17Chr1	-	39944539	39946554	0.724289073574202	1	NS	3.05476835617572	4.229240878554e-05	UP
UP	dnf2_only	medtr.A17.gnm5.ann1_6.MtrunA17Chr7g0273321	MtrunA17Chr7g0273321	MtHPT8	Histidine PhosphoTransfer protein 8	medtr.A17.gnm5.MtrunA17Chr7	+	54060624	54063478	1.49301892850915	0.737280417559039	NS	3.04994104711644	0.0103009799775177	UP
UP	dnf2_only	medtr.A17.gnm5.ann1_6.MtrunA17Chr2g0280391	MtrunA17Chr2g0280391			medtr.A17.gnm5.MtrunA17Chr2	-	2504015	2505647	0.940666615348225	1	NS	3.04665234548444	0.00798675416357137	UP
UP	dnf2_only	medtr.A17.gnm5.ann1_6.MtrunA17Chr4g0057031	MtrunA17Chr4g0057031	MtMYB125	Myeloblastosis (MYB) transcription factor 125	medtr.A17.gnm5.MtrunA17Chr4	-	50370248	50371900	1.33511147691085	0.73434538993602	NS	3.04529319472936	0.000995678777644311	UP
UP	dnf2_only	medtr.A17.gnm5.ann1_6.MtrunA17Chr4g0042791	MtrunA17Chr4g0042791			medtr.A17.gnm5.MtrunA17Chr4	+	40040302	40041474	0.0658420276817503	1	NS	3.04212667176612	0.00701824951241242	UP
UP	dnf2_only	medtr.A17.gnm5.ann1_6.MtrunA17Chr2g0287121	MtrunA17Chr2g0287121			medtr.A17.gnm5.MtrunA17Chr2	-	7241428	7243006	0.273455470494031	1	NS	3.04169043927045	0.00105677795258761	UP
UP	dnf2_only	medtr.A17.gnm5.ann1_6.MtrunA17Chr2g0311221	MtrunA17Chr2g0311221	MtMYB015	Myeloblastosis (MYB) transcription factor 15	medtr.A17.gnm5.MtrunA17Chr2	+	34190700	34194691	0.273745176414788	1	NS	3.03189694758216	0.00393727249585191	UP
UP	dnf2_only	medtr.A17.gnm5.ann1_6.MtrunA17Chr3g0109121	MtrunA17Chr3g0109121			medtr.A17.gnm5.MtrunA17Chr3	+	32184705	32186102	0.120586582609758	1	NS	3.02174828860971	0.000233596539525106	UP
UP	dnf2_only	medtr.A17.gnm5.ann1_6.MtrunA17Chr7g0262231	MtrunA17Chr7g0262231	MtABCG37	ATP-binding cassette (ABC) transporter type G	medtr.A17.gnm5.MtrunA17Chr7	-	46385591	46394114	0.920366594066245	1	NS	3.01917287383266	0.00950579582808954	UP
UP	dnf2_only	medtr.A17.gnm5.ann1_6.MtrunA17Chr7g0258571	MtrunA17Chr7g0258571			medtr.A17.gnm5.MtrunA17Chr7	+	43812826	43813713	1.56420566190588	0.224340388458574	NS	3.01324738774466	8.11984605784014e-05	UP
UP	dnf2_only	medtr.A17.gnm5.ann1_6.MtrunA17Chr8g0353491	MtrunA17Chr8g0353491			medtr.A17.gnm5.MtrunA17Chr8	+	15291280	15291820	-0.0563553164450787	1	NS	3.01182456882312	0.00429531428361925	UP
UP	dnf2_only	medtr.A17.gnm5.ann1_6.MtrunA17Chr3g0129811	MtrunA17Chr3g0129811	MtPUB26	Plant U-box protein 26	medtr.A17.gnm5.MtrunA17Chr3	+	47202697	47204494	0.66166477148746	1	NS	3.01177466882422	2.38399481176488e-05	UP
UP	dnf2_only	medtr.A17.gnm5.ann1_6.MtrunA17Chr8g0359921	MtrunA17Chr8g0359921			medtr.A17.gnm5.MtrunA17Chr8	-	23750293	23752728	1.17656944041759	1	NS	3.00814769043297	0.0201565446242696	UP
UP	dnf2_only	medtr.A17.gnm5.ann1_6.MtrunA17Chr3g0127511	MtrunA17Chr3g0127511			medtr.A17.gnm5.MtrunA17Chr3	-	45546308	45547950	1.6464990911569	0.0984339917022219	NS	3.00487321954371	3.86622456919539e-05	UP
UP	dnf2_only	medtr.A17.gnm5.ann1_6.MtrunA17Chr5g0414371	MtrunA17Chr5g0414371			medtr.A17.gnm5.MtrunA17Chr5	+	15429374	15431433	1.34372724765517	0.941187259075986	NS	3.00311861539142	0.00947085052952938	UP
UP	dnf2_only	medtr.A17.gnm5.ann1_6.MtrunA17Chr7g0249261	MtrunA17Chr7g0249261			medtr.A17.gnm5.MtrunA17Chr7	-	37120283	37121663	0.324296975603415	1	NS	3.0024933830236	0.00552281003427842	UP
UP	dnf2_only	medtr.A17.gnm5.ann1_6.MtrunA17Chr8g0367001	MtrunA17Chr8g0367001			medtr.A17.gnm5.MtrunA17Chr8	+	30768806	30780551	1.40579628504343	0.842228083659555	NS	2.99275451436815	0.00742691045002805	UP
UP	dnf2_only	medtr.A17.gnm5.ann1_6.MtrunA17Chr8g0366991	MtrunA17Chr8g0366991			medtr.A17.gnm5.MtrunA17Chr8	-	30768769	30781354	1.54268032580623	0.495771102190269	NS	2.99223784570997	0.0011113653148917	UP
UP	dnf2_only	medtr.A17.gnm5.ann1_6.MtrunA17Chr1g0197281	MtrunA17Chr1g0197281			medtr.A17.gnm5.MtrunA17Chr1	+	44525632	44527478	2.09404986859335	0.436763632308528	NS	2.98885712572744	0.0382578641580546	UP
UP	dnf2_only	medtr.A17.gnm5.ann1_6.MtrunA17Chr4g0002121	MtrunA17Chr4g0002121			medtr.A17.gnm5.MtrunA17Chr4	+	1531650	1535712	2.43071408642165	0.0712681447290534	NS	2.97969859844475	0.00660114239901396	UP
UP	dnf2_only	medtr.A17.gnm5.ann1_6.MtrunA17Chr3g0102761	MtrunA17Chr3g0102761			medtr.A17.gnm5.MtrunA17Chr3	+	27282191	27286040	1.13724685112558	1	NS	2.97726240918825	0.00526550312375257	UP
UP	dnf2_only	medtr.A17.gnm5.ann1_6.MtrunA17Chr1g0148811	MtrunA17Chr1g0148811	MtPDR1b	pleiotropic drug resistance protein 1b (ABC transporter)	medtr.A17.gnm5.MtrunA17Chr1	-	2188164	2196958	0.903047910266534	1	NS	2.96895451380022	0.000786039267861047	UP
UP	dnf2_only	medtr.A17.gnm5.ann1_6.MtrunA17Chr6g0475121	MtrunA17Chr6g0475121			medtr.A17.gnm5.MtrunA17Chr6	+	29265630	29278797	-2.63247590802036	0.749981016033726	NS	2.96447472608357	0.0198243378190583	UP
UP	dnf2_only	medtr.A17.gnm5.ann1_6.MtrunA17Chr4g0050881	MtrunA17Chr4g0050881			medtr.A17.gnm5.MtrunA17Chr4	-	45669614	45674187	0.582094117159156	1	NS	2.96385370043351	0.00101534345562345	UP
UP	dnf2_only	medtr.A17.gnm5.ann1_6.MtrunA17Chr7g0268651	MtrunA17Chr7g0268651			medtr.A17.gnm5.MtrunA17Chr7	+	50976337	50977107	1.03044351627492	1	NS	2.95967422073895	0.000132348589633815	UP
UP	dnf2_only	medtr.A17.gnm5.ann1_6.MtrunA17Chr2g0293161	MtrunA17Chr2g0293161			medtr.A17.gnm5.MtrunA17Chr2	+	12017360	12019057	-0.149883270108733	1	NS	2.95960430236445	0.00861697472666792	UP
UP	dnf2_only	medtr.A17.gnm5.ann1_6.MtrunA17Chr2g0297401	MtrunA17Chr2g0297401			medtr.A17.gnm5.MtrunA17Chr2	+	15503488	15504282	1.02427347578642	1	NS	2.95898892409925	0.00361218277027324	UP
UP	dnf2_only	medtr.A17.gnm5.ann1_6.MtrunA17Chr4g0052531	MtrunA17Chr4g0052531			medtr.A17.gnm5.MtrunA17Chr4	+	46655273	46656113	0.921784727131147	1	NS	2.95750384381673	0.0275503937831623	UP
UP	dnf2_only	medtr.A17.gnm5.ann1_6.MtrunA17Chr4g0028591	MtrunA17Chr4g0028591			medtr.A17.gnm5.MtrunA17Chr4	-	29558118	29563314	-0.709346791980823	1	NS	2.95747065186214	0.00318319518233106	UP
UP	dnf2_only	medtr.A17.gnm5.ann1_6.MtrunA17Chr8g0346281	MtrunA17Chr8g0346281			medtr.A17.gnm5.MtrunA17Chr8	-	9427284	9430367	0.272741617066486	1	NS	2.95683695144163	0.0329299330261857	UP
UP	dnf2_only	medtr.A17.gnm5.ann1_6.MtrunA17Chr8g0356421	MtrunA17Chr8g0356421			medtr.A17.gnm5.MtrunA17Chr8	+	18022504	18029758	1.98577949690208	0.366311645652264	NS	2.95405075398432	0.0177662974741434	UP
UP	dnf2_only	medtr.A17.gnm5.ann1_6.MtrunA17Chr4g0071121	MtrunA17Chr4g0071121	MtCKX8	cytokinin oxydase 8	medtr.A17.gnm5.MtrunA17Chr4	-	60593687	60598721	1.98674818340473	0.440791654024755	NS	2.94593034909388	0.0294422259314065	UP
UP	dnf2_only	medtr.A17.gnm5.ann1_6.MtrunA17Chr3g0140491	MtrunA17Chr3g0140491			medtr.A17.gnm5.MtrunA17Chr3	-	54873152	54875735	-0.516667967784265	1	NS	2.93042497962233	0.000306583579216444	UP
UP	dnf2_only	medtr.A17.gnm5.ann1_6.MtrunA17Chr1g0181321	MtrunA17Chr1g0181321			medtr.A17.gnm5.MtrunA17Chr1	+	32342256	32346160	0.930573614374661	1	NS	2.92655502315038	0.0120752253396477	UP
UP	dnf2_only	medtr.A17.gnm5.ann1_6.MtrunA17Chr6g0468521	MtrunA17Chr6g0468521	MtMATE11	multidrug and toxic compound extrusion family	medtr.A17.gnm5.MtrunA17Chr6	-	17743419	17752223	0.876391234281325	1	NS	2.92568360834276	0.0107403789093423	UP
UP	dnf2_only	medtr.A17.gnm5.ann1_6.MtrunA17Chr3g0093881	MtrunA17Chr3g0093881			medtr.A17.gnm5.MtrunA17Chr3	-	16124820	16127868	0.299448127700787	1	NS	2.92552791848052	2.50925241207306e-05	UP
UP	dnf2_only	medtr.A17.gnm5.ann1_6.MtrunA17Chr2g0292091	MtrunA17Chr2g0292091	MtRip3|MtPrx111	peroxidase	medtr.A17.gnm5.MtrunA17Chr2	+	11173055	11176412	1.03833037614471	1	NS	2.92178486907234	0.00230264008686919	UP
UP	dnf2_only	medtr.A17.gnm5.ann1_6.MtrunA17Chr1g0164321	MtrunA17Chr1g0164321	MtCYP86B1-1|MtCYP86B18	Cytochrome P450 monooxygenase	medtr.A17.gnm5.MtrunA17Chr1	+	14190347	14193176	1.9885544757742	0.316799469765791	NS	2.90391033988631	0.0129653212977912	UP
UP	dnf2_only	medtr.A17.gnm5.ann1_6.MtrunA17Chr3g0085711	MtrunA17Chr3g0085711			medtr.A17.gnm5.MtrunA17Chr3	-	7152162	7154803	0.671045042844025	1	NS	2.90366601870968	0.00230182975855432	UP
UP	dnf2_only	medtr.A17.gnm5.ann1_6.MtrunA17Chr6g0482721	MtrunA17Chr6g0482721			medtr.A17.gnm5.MtrunA17Chr6	-	37329286	37333557	0.756017716374821	1	NS	2.90346165549521	0.00100277520837807	UP
UP	dnf2_only	medtr.A17.gnm5.ann1_6.MtrunA17Chr7g0221461	MtrunA17Chr7g0221461			medtr.A17.gnm5.MtrunA17Chr7	+	6982141	6988442	2.42975430959419	0.130561159245814	NS	2.89654802034229	0.0258085231465797	UP
UP	dnf2_only	medtr.A17.gnm5.ann1_6.MtrunA17Chr1g0157031	MtrunA17Chr1g0157031			medtr.A17.gnm5.MtrunA17Chr1	-	8420088	8423304	0.213034985396528	1	NS	2.89475950086103	0.000120815920077818	UP
UP	dnf2_only	medtr.A17.gnm5.ann1_6.MtrunA17Chr3g0107741	MtrunA17Chr3g0107741			medtr.A17.gnm5.MtrunA17Chr3	+	31272545	31275038	0.379713938232516	1	NS	2.88266598632877	0.000194544800495723	UP
UP	dnf2_only	medtr.A17.gnm5.ann1_6.MtrunA17Chr2g0279051	MtrunA17Chr2g0279051			medtr.A17.gnm5.MtrunA17Chr2	+	1593254	1593679	2.07159205330864	0.229980382640743	NS	2.88044025471384	0.0130354868012406	UP
UP	dnf2_only	medtr.A17.gnm5.ann1_6.MtrunA17Chr3g0111211	MtrunA17Chr3g0111211			medtr.A17.gnm5.MtrunA17Chr3	+	33588925	33592779	2.63364854476709	0.127209784527331	NS	2.87283611764617	0.0449414638718358	UP
UP	dnf2_only	medtr.A17.gnm5.ann1_6.MtrunA17Chr4g0034471	MtrunA17Chr4g0034471			medtr.A17.gnm5.MtrunA17Chr4	+	34091151	34092750	-0.0299531518281711	1	NS	2.87073801770685	0.00143405148049856	UP
UP	dnf2_only	medtr.A17.gnm5.ann1_6.MtrunA17Chr8g0347391	MtrunA17Chr8g0347391			medtr.A17.gnm5.MtrunA17Chr8	-	10318969	10322476	0.769038289104683	1	NS	2.87033918112137	0.0268326339326523	UP
UP	dnf2_only	medtr.A17.gnm5.ann1_6.MtrunA17Chr4g0066711	MtrunA17Chr4g0066711			medtr.A17.gnm5.MtrunA17Chr4	-	57361650	57364083	0.91428462708993	1	NS	2.86981035468452	0.00116203744081874	UP
UP	dnf2_only	medtr.A17.gnm5.ann1_6.MtrunA17Chr8g0343661	MtrunA17Chr8g0343661			medtr.A17.gnm5.MtrunA17Chr8	-	7015487	7018322	-0.214393750462328	1	NS	2.8667221278493	0.00721361740127418	UP
UP	dnf2_only	medtr.A17.gnm5.ann1_6.MtrunA17Chr4g0013171	MtrunA17Chr4g0013171	MtPrx81	MtRip8|peroxidase	medtr.A17.gnm5.MtrunA17Chr4	-	10629934	10632305	-0.138746642446916	1	NS	2.86490172623535	0.000221237931480498	UP
UP	dnf2_only	medtr.A17.gnm5.ann1_6.MtrunA17Chr1g0206501	MtrunA17Chr1g0206501			medtr.A17.gnm5.MtrunA17Chr1	+	51419439	51421401	1.09571158856792	1	NS	2.86304708158976	0.00394121159032248	UP
UP	dnf2_only	medtr.A17.gnm5.ann1_6.MtrunA17Chr2g0314441	MtrunA17Chr2g0314441	MtKunitz6	Kunitz-P Trypsin Inhibitor	medtr.A17.gnm5.MtrunA17Chr2	-	36895119	36896564	1.73827773591416	0.104221612395866	NS	2.85978535276921	0.000159735239544533	UP
UP	dnf2_only	medtr.A17.gnm5.ann1_6.MtrunA17Chr5g0417351	MtrunA17Chr5g0417351			medtr.A17.gnm5.MtrunA17Chr5	-	17930880	17936505	1.01741255994011	1	NS	2.8469407632096	0.0052921095304382	UP
UP	dnf2_only	medtr.A17.gnm5.ann1_6.MtrunA17Chr5g0407951	MtrunA17Chr5g0407951	MtNCED4	9-cis-epoxycarotenoid dioxygenase (abscisic-acid biosynthesis)	medtr.A17.gnm5.MtrunA17Chr5	+	10274591	10276740	1.99855212576899	0.122273943574489	NS	2.84619574092551	0.00221519455134748	UP
UP	dnf2_only	medtr.A17.gnm5.ann1_6.MtrunA17Chr5g0395431	MtrunA17Chr5g0395431	Mt4CL-2	4-coumarate--CoA ligase 2	medtr.A17.gnm5.MtrunA17Chr5	+	1457821	1464238	0.45264290329577	1	NS	2.84349205290813	0.000579604965901558	UP
UP	dnf2_only	medtr.A17.gnm5.ann1_6.MtrunA17Chr3g0089071	MtrunA17Chr3g0089071			medtr.A17.gnm5.MtrunA17Chr3	+	10236336	10237949	2.05104159064559	0.113289981635248	NS	2.84250258587963	0.00308162151126677	UP
UP	dnf2_only	medtr.A17.gnm5.ann1_6.MtrunA17Chr4g0013181	MtrunA17Chr4g0013181	MtPrx49	peroxidase	medtr.A17.gnm5.MtrunA17Chr4	-	10635665	10638139	1.04914780811386	1	NS	2.83243421358779	0.00189663540159652	UP
UP	dnf2_only	medtr.A17.gnm5.ann1_6.MtrunA17Chr3g0101601	MtrunA17Chr3g0101601	MtCYP71D72	Cytochrome P450 monooxygenase	medtr.A17.gnm5.MtrunA17Chr3	+	26089494	26093085	1.12984488738877	1	NS	2.83237646930357	0.0228533443132647	UP
UP	dnf2_only	medtr.A17.gnm5.ann1_6.MtrunA17Chr6g0483141	MtrunA17Chr6g0483141			medtr.A17.gnm5.MtrunA17Chr6	-	37687023	37690124	-0.135522915604802	1	NS	2.82823141989614	0.00204229527616936	UP
UP	dnf2_only	medtr.A17.gnm5.ann1_6.MtrunA17Chr2g0295081	MtrunA17Chr2g0295081			medtr.A17.gnm5.MtrunA17Chr2	+	13591608	13593791	-0.208459088165554	1	NS	2.81903888749474	7.08624130338781e-05	UP
UP	dnf2_only	medtr.A17.gnm5.ann1_6.MtrunA17Chr4g0036021	MtrunA17Chr4g0036021	MtPMT5_3|MtPLT1.3	Sorbitol-like transporter, polyol transporter|polyol/monosaccharide transporter	medtr.A17.gnm5.MtrunA17Chr4	+	35295056	35297538	1.62877600850917	0.456435980049847	NS	2.8189406671119	0.0053397786335072	UP
UP	dnf2_only	medtr.A17.gnm5.ann1_6.MtrunA17Chr4g0059201	MtrunA17Chr4g0059201	MtPUB35	Plant U-box protein 35	medtr.A17.gnm5.MtrunA17Chr4	-	51958290	51960798	0.80173689756051	1	NS	2.81849615738471	0.00632782338588053	UP
UP	dnf2_only	medtr.A17.gnm5.ann1_6.MtrunA17Chr8g0387641	MtrunA17Chr8g0387641			medtr.A17.gnm5.MtrunA17Chr8	-	45726156	45732916	1.4056613474338	0.436321198246524	NS	2.81498605768054	0.000411192212223188	UP
UP	dnf2_only	medtr.A17.gnm5.ann1_6.MtrunA17Chr7g0218261	MtrunA17Chr7g0218261			medtr.A17.gnm5.MtrunA17Chr7	-	3603810	3607621	2.38590634591599	0.132537759034045	NS	2.81158429565916	0.0225334578497758	UP
UP	dnf2_only	medtr.A17.gnm5.ann1_6.MtrunA17Chr2g0294601	MtrunA17Chr2g0294601	MtBG15	beta-1,3-Glucanase 15	medtr.A17.gnm5.MtrunA17Chr2	+	13230866	13233683	0.345380026394752	1	NS	2.80652165768446	0.000249372826803563	UP
UP	dnf2_only	medtr.A17.gnm5.ann1_6.MtrunA17Chr2g0284051	MtrunA17Chr2g0284051			medtr.A17.gnm5.MtrunA17Chr2	-	5022434	5023387	1.115973215661	0.930783011890883	NS	2.80396751719912	6.76452787512874e-05	UP
UP	dnf2_only	medtr.A17.gnm5.ann1_6.MtrunA17Chr5g0414051	MtrunA17Chr5g0414051			medtr.A17.gnm5.MtrunA17Chr5	+	15172065	15175134	1.72296444986809	0.350501168382672	NS	2.8039111192448	0.00637833861850201	UP
UP	dnf2_only	medtr.A17.gnm5.ann1_6.MtrunA17Chr8g0387601	MtrunA17Chr8g0387601			medtr.A17.gnm5.MtrunA17Chr8	+	45701023	45702165	0.623089815635184	1	NS	2.80129572212137	0.000601579994029159	UP
UP	dnf2_only	medtr.A17.gnm5.ann1_6.MtrunA17Chr4g0043201	MtrunA17Chr4g0043201			medtr.A17.gnm5.MtrunA17Chr4	+	40309956	40310559	1.26085298103725	1	NS	2.79922758478205	0.0292808413237282	UP
UP	dnf2_only	medtr.A17.gnm5.ann1_6.MtrunA17Chr4g0049581	MtrunA17Chr4g0049581			medtr.A17.gnm5.MtrunA17Chr4	+	44859047	44861482	0.99466496196427	1	NS	2.79365329179195	0.00678717139131093	UP
UP	dnf2_only	medtr.A17.gnm5.ann1_6.MtrunA17Chr1g0157041	MtrunA17Chr1g0157041			medtr.A17.gnm5.MtrunA17Chr1	+	8423717	8425442	1.41849307278647	0.625562611347765	NS	2.79202881274723	0.00212882150664302	UP
UP	dnf2_only	medtr.A17.gnm5.ann1_6.MtrunA17Chr8g0348861	MtrunA17Chr8g0348861			medtr.A17.gnm5.MtrunA17Chr8	+	11451403	11453378	2.36929550745457	0.0524508212303492	NS	2.78878989906262	0.00760980705154217	UP
UP	dnf2_only	medtr.A17.gnm5.ann1_6.MtrunA17Chr1g0187241	MtrunA17Chr1g0187241	MtNPF5.13	NRT1/ PTR FAMILY|nitrate transporter / peptide transporter	medtr.A17.gnm5.MtrunA17Chr1	-	37331561	37337930	0.969843410241182	1	NS	2.78498378162125	6.75732264013787e-06	UP
UP	dnf2_only	medtr.A17.gnm5.ann1_6.MtrunA17Chr1g0165651	MtrunA17Chr1g0165651			medtr.A17.gnm5.MtrunA17Chr1	-	15142439	15148770	1.95928694148919	0.29261625375381	NS	2.78429744039638	0.0200558572153704	UP
UP	dnf2_only	medtr.A17.gnm5.ann1_6.MtrunA17Chr3g0079071	MtrunA17Chr3g0079071			medtr.A17.gnm5.MtrunA17Chr3	-	1483211	1487057	1.30138881981978	0.858679895132089	NS	2.78199305467206	0.00525855557052887	UP
UP	dnf2_only	medtr.A17.gnm5.ann1_6.MtrunA17Chr7g0216961	MtrunA17Chr7g0216961			medtr.A17.gnm5.MtrunA17Chr7	+	2490037	2494855	1.7618280764276	0.318072711138114	NS	2.77408512412141	0.00726636661045483	UP
UP	dnf2_only	medtr.A17.gnm5.ann1_6.MtrunA17Chr7g0266651	MtrunA17Chr7g0266651			medtr.A17.gnm5.MtrunA17Chr7	+	49621489	49624180	0.623651913513739	1	NS	2.7675951901814	2.37793532210148e-05	UP
UP	dnf2_only	medtr.A17.gnm5.ann1_6.MtrunA17Chr2g0295001	MtrunA17Chr2g0295001	MtPR10-1	Pathogenesis-related protein 10-1 (Y08641.1 GENBANK)	medtr.A17.gnm5.MtrunA17Chr2	+	13556005	13559289	0.115489684944565	1	NS	2.76636338175712	9.9691841269701e-05	UP
UP	dnf2_only	medtr.A17.gnm5.ann1_6.MtrunA17Chr1g0152771	MtrunA17Chr1g0152771			medtr.A17.gnm5.MtrunA17Chr1	+	5431175	5434219	1.65397042931658	0.141838376205968	NS	2.76404452039324	0.000309199871358465	UP
UP	dnf2_only	medtr.A17.gnm5.ann1_6.MtrunA17Chr4g0052861	MtrunA17Chr4g0052861	MtCYP81E7	Isoflavone 2'-hydroxylase|Cytochrome P450 monooxygenase	medtr.A17.gnm5.MtrunA17Chr4	+	46856059	46859089	0.281258478757804	1	NS	2.76371932580219	0.000128526203116156	UP
UP	dnf2_only	medtr.A17.gnm5.ann1_6.MtrunA17Chr6g0455481	MtrunA17Chr6g0455481			medtr.A17.gnm5.MtrunA17Chr6	-	5564849	5569736	1.48567436162417	0.898662957319436	NS	2.75617504816399	0.0462503191930179	UP
UP	dnf2_only	medtr.A17.gnm5.ann1_6.MtrunA17Chr3g0087431	MtrunA17Chr3g0087431			medtr.A17.gnm5.MtrunA17Chr3	-	8858572	8859104	-0.287492326847148	1	NS	2.75467726912141	0.00991648316806048	UP
UP	dnf2_only	medtr.A17.gnm5.ann1_6.MtrunA17Chr3g0091091	MtrunA17Chr3g0091091			medtr.A17.gnm5.MtrunA17Chr3	+	12331945	12339523	0.938609594117832	1	NS	2.74645789468374	0.00158328331663964	UP
UP	dnf2_only	medtr.A17.gnm5.ann1_6.MtrunA17Chr4g0011791	MtrunA17Chr4g0011791			medtr.A17.gnm5.MtrunA17Chr4	+	9279431	9283333	1.22296326036907	0.707085032896888	NS	2.73482635990028	0.000274477109110539	UP
UP	dnf2_only	medtr.A17.gnm5.ann1_6.MtrunA17Chr2g0302391	MtrunA17Chr2g0302391			medtr.A17.gnm5.MtrunA17Chr2	+	19932552	19936804	1.02626136571476	1	NS	2.72964802648705	0.000153130034613248	UP
UP	dnf2_only	medtr.A17.gnm5.ann1_6.MtrunA17Chr8g0378551	MtrunA17Chr8g0378551			medtr.A17.gnm5.MtrunA17Chr8	+	39566262	39568179	1.92980168078054	0.142687019927031	NS	2.72892429096595	0.00508479743665243	UP
UP	dnf2_only	medtr.A17.gnm5.ann1_6.MtrunA17Chr1g0197991	MtrunA17Chr1g0197991			medtr.A17.gnm5.MtrunA17Chr1	-	45044856	45045585	1.22597125062535	1	NS	2.71716638029865	0.0207503110319746	UP
UP	dnf2_only	medtr.A17.gnm5.ann1_6.MtrunA17Chr4g0034461	MtrunA17Chr4g0034461			medtr.A17.gnm5.MtrunA17Chr4	+	34088594	34091149	-0.419532636063482	1	NS	2.71459576100814	0.0041910065558468	UP
UP	dnf2_only	medtr.A17.gnm5.ann1_6.MtrunA17Chr5g0433641	MtrunA17Chr5g0433641			medtr.A17.gnm5.MtrunA17Chr5	+	34030971	34034264	2.06036195950958	0.165335153061882	NS	2.71051535920711	0.012584704689067	UP
UP	dnf2_only	medtr.A17.gnm5.ann1_6.MtrunA17Chr1g0157021	MtrunA17Chr1g0157021			medtr.A17.gnm5.MtrunA17Chr1	+	8419626	8421865	0.113242394902542	1	NS	2.70845504706275	0.000124939173287588	UP
UP	dnf2_only	medtr.A17.gnm5.ann1_6.MtrunA17Chr2g0294801	MtrunA17Chr2g0294801			medtr.A17.gnm5.MtrunA17Chr2	+	13406685	13408082	2.32880192316888	0.0790866382528706	NS	2.70662123829818	0.0118427842459107	UP
UP	dnf2_only	medtr.A17.gnm5.ann1_6.MtrunA17Chr2g0287961	MtrunA17Chr2g0287961			medtr.A17.gnm5.MtrunA17Chr2	+	7903446	7904650	1.14698076234142	1	NS	2.70280579581137	0.0181746981374877	UP
UP	dnf2_only	medtr.A17.gnm5.ann1_6.MtrunA17Chr4g0032171	MtrunA17Chr4g0032171			medtr.A17.gnm5.MtrunA17Chr4	+	32382725	32384333	0.707598355180864	1	NS	2.69978934178321	0.0159875514355248	UP
UP	dnf2_only	medtr.A17.gnm5.ann1_6.MtrunA17Chr5g0431761	MtrunA17Chr5g0431761			medtr.A17.gnm5.MtrunA17Chr5	+	32576997	32579357	-0.121831330578766	1	NS	2.6994204983395	0.00144056562526618	UP
UP	dnf2_only	medtr.A17.gnm5.ann1_6.MtrunA17Chr3g0087681	MtrunA17Chr3g0087681			medtr.A17.gnm5.MtrunA17Chr3	+	9067099	9071741	1.6258352883439	0.519657099850595	NS	2.69515012729734	0.0121192653877316	UP
UP	dnf2_only	medtr.A17.gnm5.ann1_6.MtrunA17Chr5g0430711	MtrunA17Chr5g0430711			medtr.A17.gnm5.MtrunA17Chr5	+	31847860	31848639	1.44377383487106	0.820993968974265	NS	2.69373573772195	0.0248252443175239	UP
UP	dnf2_only	medtr.A17.gnm5.ann1_6.MtrunA17Chr6g0467131	MtrunA17Chr6g0467131			medtr.A17.gnm5.MtrunA17Chr6	+	16018948	16021908	0.43324029306886	1	NS	2.68995013890463	0.00111667295242262	UP
UP	dnf2_only	medtr.A17.gnm5.ann1_6.MtrunA17Chr2g0327661	MtrunA17Chr2g0327661			medtr.A17.gnm5.MtrunA17Chr2	+	47135878	47136601	0.0074560253376248	1	NS	2.68973479626281	0.0091777102492524	UP
UP	dnf2_only	medtr.A17.gnm5.ann1_6.MtrunA17Chr3g0140501	MtrunA17Chr3g0140501			medtr.A17.gnm5.MtrunA17Chr3	+	54887736	54893160	0.350459838679816	1	NS	2.68411375939788	0.000803800741104471	UP
UP	dnf2_only	medtr.A17.gnm5.ann1_6.MtrunA17Chr4g0014951	MtrunA17Chr4g0014951			medtr.A17.gnm5.MtrunA17Chr4	-	12308331	12311787	0.769660300397626	1	NS	2.68247309952778	0.000143296901711854	UP
UP	dnf2_only	medtr.A17.gnm5.ann1_6.MtrunA17Chr1g0166601	MtrunA17Chr1g0166601			medtr.A17.gnm5.MtrunA17Chr1	+	15957683	15958472	0.910861999275796	1	NS	2.68137697854299	0.0404661978826737	UP
UP	dnf2_only	medtr.A17.gnm5.ann1_6.MtrunA17Chr7g0251541	MtrunA17Chr7g0251541			medtr.A17.gnm5.MtrunA17Chr7	+	38704972	38715159	0.224664942228902	1	NS	2.68060747816615	0.0020340155529623	UP
UP	dnf2_only	medtr.A17.gnm5.ann1_6.MtrunA17Chr4g0019021	MtrunA17Chr4g0019021			medtr.A17.gnm5.MtrunA17Chr4	-	14363521	14364214	2.41743701223857	0.10037380533196	NS	2.68020167096362	0.0277729643916974	UP
UP	dnf2_only	medtr.A17.gnm5.ann1_6.MtrunA17Chr7g0248441	MtrunA17Chr7g0248441			medtr.A17.gnm5.MtrunA17Chr7	+	36515536	36516868	0.271713910831298	1	NS	2.67691788260592	0.030757727579365	UP
UP	dnf2_only	medtr.A17.gnm5.ann1_6.MtrunA17Chr8g0366821	MtrunA17Chr8g0366821			medtr.A17.gnm5.MtrunA17Chr8	-	30610253	30617125	2.16602120589858	0.142298502408649	NS	2.67387048066787	0.0161036347641882	UP
UP	dnf2_only	medtr.A17.gnm5.ann1_6.MtrunA17Chr1g0180311	MtrunA17Chr1g0180311			medtr.A17.gnm5.MtrunA17Chr1	-	31442504	31443839	2.54909049207056	0.0645987194171598	NS	2.67281701793852	0.0260041290557243	UP
UP	dnf2_only	medtr.A17.gnm5.ann1_6.MtrunA17Chr2g0287971	MtrunA17Chr2g0287971			medtr.A17.gnm5.MtrunA17Chr2	-	7904059	7904589	1.01011629468949	1	NS	2.672776911513	0.00473459601174436	UP
UP	dnf2_only	medtr.A17.gnm5.ann1_6.MtrunA17Chr6g0480581	MtrunA17Chr6g0480581	MtMYB098	Myeloblastosis (MYB) transcription factor 98	medtr.A17.gnm5.MtrunA17Chr6	-	35309098	35312881	0.910653347504956	1	NS	2.66898188330167	0.009501674253644	UP
UP	dnf2_only	medtr.A17.gnm5.ann1_6.MtrunA17Chr7g0218181	MtrunA17Chr7g0218181			medtr.A17.gnm5.MtrunA17Chr7	-	3582254	3585705	1.48757127319295	0.301590521882037	NS	2.66694675804043	0.000599728938609349	UP
UP	dnf2_only	medtr.A17.gnm5.ann1_6.MtrunA17Chr4g0025741	MtrunA17Chr4g0025741			medtr.A17.gnm5.MtrunA17Chr4	-	26648530	26651654	-0.680440402654102	1	NS	2.66481471747376	0.000570441468636032	UP
UP	dnf2_only	medtr.A17.gnm5.ann1_6.MtrunA17Chr4g0076461	MtrunA17Chr4g0076461			medtr.A17.gnm5.MtrunA17Chr4	-	64328348	64330906	1.26315822300482	0.837082228106939	NS	2.66419454283073	0.0043830110542675	UP
UP	dnf2_only	medtr.A17.gnm5.ann1_6.MtrunA17Chr2g0279041	MtrunA17Chr2g0279041	MtPrx06	peroxidase	medtr.A17.gnm5.MtrunA17Chr2	-	1593162	1595024	1.60130701777752	0.421355936859465	NS	2.66169395768834	0.00758939326884631	UP
UP	dnf2_only	medtr.A17.gnm5.ann1_6.MtrunA17Chr6g0467121	MtrunA17Chr6g0467121	MtPrx48	peroxidase	medtr.A17.gnm5.MtrunA17Chr6	-	16018049	16022961	0.456736689404307	1	NS	2.65877887006362	0.00057899149290139	UP
UP	dnf2_only	medtr.A17.gnm5.ann1_6.MtrunA17Chr2g0283451	MtrunA17Chr2g0283451	MtTAX2	Taximin 2	medtr.A17.gnm5.MtrunA17Chr2	+	4631635	4632561	0.42513993943799	1	NS	2.65679928635427	0.000510316543768613	UP
UP	dnf2_only	medtr.A17.gnm5.ann1_6.MtrunA17Chr4g0048361	MtrunA17Chr4g0048361			medtr.A17.gnm5.MtrunA17Chr4	+	44047210	44049000	1.5608767937668	0.463341438818042	NS	2.65385513786869	0.00758939326884631	UP
UP	dnf2_only	medtr.A17.gnm5.ann1_6.MtrunA17Chr8g0372501	MtrunA17Chr8g0372501			medtr.A17.gnm5.MtrunA17Chr8	-	34986127	34986740	1.13715222331338	0.867051406573497	NS	2.64644967731559	0.000125967966679609	UP
UP	dnf2_only	medtr.A17.gnm5.ann1_6.MtrunA17Chr1g0202641	MtrunA17Chr1g0202641			medtr.A17.gnm5.MtrunA17Chr1	-	48714585	48719814	-0.190313953848552	1	NS	2.6451561357194	0.00328062591183111	UP
UP	dnf2_only	medtr.A17.gnm5.ann1_6.MtrunA17Chr1g0166281	MtrunA17Chr1g0166281	MtCML7	Calmodulin-like 7	medtr.A17.gnm5.MtrunA17Chr1	+	15709659	15712385	1.01773686782459	1	NS	2.6355738820178	0.00259130191764922	UP
UP	dnf2_only	medtr.A17.gnm5.ann1_6.MtrunA17Chr3g0143741	MtrunA17Chr3g0143741			medtr.A17.gnm5.MtrunA17Chr3	-	57242411	57243459	1.98827211002526	0.266215498910048	NS	2.63533186584321	0.0275528019085559	UP
UP	dnf2_only	medtr.A17.gnm5.ann1_6.MtrunA17Chr7g0223451	MtrunA17Chr7g0223451			medtr.A17.gnm5.MtrunA17Chr7	-	8699096	8701018	1.35197303268898	0.596452212961193	NS	2.6348362928597	0.00119347685686733	UP
UP	dnf2_only	medtr.A17.gnm5.ann1_6.MtrunA17Chr8g0350881	MtrunA17Chr8g0350881			medtr.A17.gnm5.MtrunA17Chr8	+	13071660	13073614	2.03823820252711	0.169278243786247	NS	2.63317940912516	0.0190972935211093	UP
UP	dnf2_only	medtr.A17.gnm5.ann1_6.MtrunA17Chr5g0438021	MtrunA17Chr5g0438021	MtPrx22	peroxidase	medtr.A17.gnm5.MtrunA17Chr5	+	37387838	37390244	1.66182953556228	0.0501573889867253	NS	2.6309939861972	5.09978441843731e-05	UP
UP	dnf2_only	medtr.A17.gnm5.ann1_6.MtrunA17Chr4g0029221	MtrunA17Chr4g0029221			medtr.A17.gnm5.MtrunA17Chr4	-	30138275	30143548	0.765199950106165	1	NS	2.62898086452506	0.00208369633816024	UP
UP	dnf2_only	medtr.A17.gnm5.ann1_6.MtrunA17Chr3g0143311	MtrunA17Chr3g0143311			medtr.A17.gnm5.MtrunA17Chr3	+	56895217	56900163	0.659549692640442	1	NS	2.62883968748844	0.000143296901711854	UP
UP	dnf2_only	medtr.A17.gnm5.ann1_6.MtrunA17Chr2g0327351	MtrunA17Chr2g0327351	MtMYB066	Myeloblastosis (MYB) transcription factor 66	medtr.A17.gnm5.MtrunA17Chr2	-	46924236	46925971	1.21147191487753	0.785023615981986	NS	2.62351265066607	0.00088170878464661	UP
UP	dnf2_only	medtr.A17.gnm5.ann1_6.MtrunA17Chr4g0046331	MtrunA17Chr4g0046331	MtCYP93C19	Cytochrome P450 monooxygenase	medtr.A17.gnm5.MtrunA17Chr4	-	42721635	42724446	0.286417760360886	1	NS	2.62147424849616	6.68260567663864e-05	UP
UP	dnf2_only	medtr.A17.gnm5.ann1_6.MtrunA17Chr3g0118711	MtrunA17Chr3g0118711			medtr.A17.gnm5.MtrunA17Chr3	-	39297503	39300891	0.963775414572736	1	NS	2.62082382895544	0.00646589490337816	UP
UP	dnf2_only	medtr.A17.gnm5.ann1_6.MtrunA17Chr2g0278911	MtrunA17Chr2g0278911			medtr.A17.gnm5.MtrunA17Chr2	+	1481116	1485399	1.3187754439826	0.811527833730006	NS	2.62074712875295	0.0102053574795582	UP
UP	dnf2_only	medtr.A17.gnm5.ann1_6.MtrunA17Chr1g0181091	MtrunA17Chr1g0181091	MtPAL|MtPAL2	Phenylalanine Ammonia Lyase (defense response-activated,TC106667)	medtr.A17.gnm5.MtrunA17Chr1	-	32105175	32109809	0.4113258818041	1	NS	2.60782195290859	0.00376061617808163	UP
UP	dnf2_only	medtr.A17.gnm5.ann1_6.MtrunA17Chr4g0023991	MtrunA17Chr4g0023991			medtr.A17.gnm5.MtrunA17Chr4	-	24550144	24553116	1.97622745130549	0.0888831468691311	NS	2.60327882064179	0.00319683256593628	UP
UP	dnf2_only	medtr.A17.gnm5.ann1_6.MtrunA17Chr7g0241481	MtrunA17Chr7g0241481			medtr.A17.gnm5.MtrunA17Chr7	-	31046983	31053284	-0.140164868408832	1	NS	2.59990902702614	0.0160734745162288	UP
UP	dnf2_only	medtr.A17.gnm5.ann1_6.MtrunA17Chr1g0187051	MtrunA17Chr1g0187051			medtr.A17.gnm5.MtrunA17Chr1	-	37221634	37227841	1.30279424803316	0.844447778995755	NS	2.5952191930336	0.011881525243536	UP
UP	dnf2_only	medtr.A17.gnm5.ann1_6.MtrunA17Chr2g0328891	MtrunA17Chr2g0328891			medtr.A17.gnm5.MtrunA17Chr2	-	48010151	48014584	-0.157813783400263	1	NS	2.5919369390724	0.00046813244899049	UP
UP	dnf2_only	medtr.A17.gnm5.ann1_6.MtrunA17Chr6g0482711	MtrunA17Chr6g0482711			medtr.A17.gnm5.MtrunA17Chr6	+	37320251	37327952	0.0325953267509542	1	NS	2.58889114935702	0.000222057347201996	UP
UP	dnf2_only	medtr.A17.gnm5.ann1_6.MtrunA17Chr8g0350941	MtrunA17Chr8g0350941	MtTCP9	TEOSINTE BRANCHED1 (TB1), CYCLOIDEA (CYC), PROLIFERATING CELL FACTORS 1&2 (PCF1  & 2) family	medtr.A17.gnm5.MtrunA17Chr8	+	13113153	13114835	1.21270221719894	1	NS	2.58382392450661	0.0294148102269937	UP
UP	dnf2_only	medtr.A17.gnm5.ann1_6.MtrunA17Chr4g0032331	MtrunA17Chr4g0032331			medtr.A17.gnm5.MtrunA17Chr4	+	32456246	32458704	1.06036951785985	1	NS	2.58141517376323	9.63987519638913e-05	UP
UP	dnf2_only	medtr.A17.gnm5.ann1_6.MtrunA17Chr2g0321801	MtrunA17Chr2g0321801			medtr.A17.gnm5.MtrunA17Chr2	-	42657380	42658843	0.940982599650289	1	NS	2.57945655697615	0.000936317916864673	UP
UP	dnf2_only	medtr.A17.gnm5.ann1_6.MtrunA17Chr1g0203601	MtrunA17Chr1g0203601			medtr.A17.gnm5.MtrunA17Chr1	+	49349611	49351190	0.967004692772765	1	NS	2.57942482725397	0.00321236664269432	UP
UP	dnf2_only	medtr.A17.gnm5.ann1_6.MtrunA17Chr8g0367981	MtrunA17Chr8g0367981			medtr.A17.gnm5.MtrunA17Chr8	+	31548729	31554007	0.639301682832314	1	NS	2.57629107405865	0.000126361084568112	UP
UP	dnf2_only	medtr.A17.gnm5.ann1_6.MtrunA17Chr1g0183141	MtrunA17Chr1g0183141			medtr.A17.gnm5.MtrunA17Chr1	-	33969222	33969500	0.715386551253868	1	NS	2.57393887374688	0.000300229830262987	UP
UP	dnf2_only	medtr.A17.gnm5.ann1_6.MtrunA17Chr7g0257611	MtrunA17Chr7g0257611			medtr.A17.gnm5.MtrunA17Chr7	+	43139801	43141245	1.15081027662905	1	NS	2.57098729560863	0.0362517306107307	UP
UP	dnf2_only	medtr.A17.gnm5.ann1_6.MtrunA17Chr7g0219241	MtrunA17Chr7g0219241	MtMAT3	isoflavonoid malonyl transferase 3	medtr.A17.gnm5.MtrunA17Chr7	+	4473008	4474797	0.476221395058558	1	NS	2.56996530168658	0.000105035725896241	UP
UP	dnf2_only	medtr.A17.gnm5.ann1_6.MtrunA17Chr7g0240531	MtrunA17Chr7g0240531			medtr.A17.gnm5.MtrunA17Chr7	-	30347950	30350266	0.267912410230696	1	NS	2.56939928138292	0.000465289843977857	UP
UP	dnf2_only	medtr.A17.gnm5.ann1_6.MtrunA17Chr6g0480971	MtrunA17Chr6g0480971			medtr.A17.gnm5.MtrunA17Chr6	+	35736748	35745105	0.508774948024412	1	NS	2.56620413981651	0.00450823480609918	UP
UP	dnf2_only	medtr.A17.gnm5.ann1_6.MtrunA17Chr3g0078991	MtrunA17Chr3g0078991	MtSTP3_2|MtSTP3.2	Sugar transport protein  (Hexose carrier protein HEX6)	medtr.A17.gnm5.MtrunA17Chr3	+	1405539	1408243	1.21777166415187	0.809596246557291	NS	2.56333967683978	0.00171441735819969	UP
UP	dnf2_only	medtr.A17.gnm5.ann1_6.MtrunA17Chr7g0239331	MtrunA17Chr7g0239331	MtLRK	Lectin Receptor Kinase (orthologue of defense-induced Arabidopsis LRK,TC104767)	medtr.A17.gnm5.MtrunA17Chr7	-	29367790	29370365	-0.401434377432168	1	NS	2.5622640203076	0.00154334763004962	UP
UP	dnf2_only	medtr.A17.gnm5.ann1_6.MtrunA17Chr8g0350241	MtrunA17Chr8g0350241			medtr.A17.gnm5.MtrunA17Chr8	+	12349634	12350600	0.756198047416157	1	NS	2.56212981613673	0.00333016270493221	UP
UP	dnf2_only	medtr.A17.gnm5.ann1_6.MtrunA17Chr8g0354431	MtrunA17Chr8g0354431			medtr.A17.gnm5.MtrunA17Chr8	-	16032368	16036433	0.62031345263037	1	NS	2.56039027643416	0.0155303589514642	UP
UP	dnf2_only	medtr.A17.gnm5.ann1_6.MtrunA17Chr4g0013381	MtrunA17Chr4g0013381			medtr.A17.gnm5.MtrunA17Chr4	-	10810019	10814831	0.566268299610832	1	NS	2.55617969573604	7.16320240375736e-05	UP
UP	dnf2_only	medtr.A17.gnm5.ann1_6.MtrunA17Chr3g0126121	MtrunA17Chr3g0126121			medtr.A17.gnm5.MtrunA17Chr3	-	44489302	44492161	0.821123279320646	1	NS	2.55390915879496	0.000600359511954614	UP
UP	dnf2_only	medtr.A17.gnm5.ann1_6.MtrunA17Chr3g0136441	MtrunA17Chr3g0136441			medtr.A17.gnm5.MtrunA17Chr3	-	52014024	52015024	1.18583248123892	0.916675872264196	NS	2.55219760438929	0.00542277508853019	UP
UP	dnf2_only	medtr.A17.gnm5.ann1_6.MtrunA17Chr4g0044281	MtrunA17Chr4g0044281			medtr.A17.gnm5.MtrunA17Chr4	-	41135662	41136552	1.28624118467764	0.75712530428812	NS	2.55072779474089	0.00512716604794175	UP
UP	dnf2_only	medtr.A17.gnm5.ann1_6.MtrunA17Chr5g0441261	MtrunA17Chr5g0441261	MtPhyCys32	Phytocystatin	medtr.A17.gnm5.MtrunA17Chr5	-	39735901	39737537	0.523764765221138	1	NS	2.549125450776	0.00222298673388259	UP
UP	dnf2_only	medtr.A17.gnm5.ann1_6.MtrunA17Chr3g0117851	MtrunA17Chr3g0117851	MtPUB23	Plant U-box protein 23	medtr.A17.gnm5.MtrunA17Chr3	-	38694622	38697704	-0.280416560856294	1	NS	2.53901452794962	0.0116088794768974	UP
UP	dnf2_only	medtr.A17.gnm5.ann1_6.MtrunA17Chr2g0312561	MtrunA17Chr2g0312561			medtr.A17.gnm5.MtrunA17Chr2	+	35388607	35391200	-0.840743730488488	1	NS	2.5387404079801	0.0136641024463421	UP
UP	dnf2_only	medtr.A17.gnm5.ann1_6.MtrunA17Chr2g0314611	MtrunA17Chr2g0314611			medtr.A17.gnm5.MtrunA17Chr2	+	37021054	37023423	0.7424484771362	1	NS	2.5346023014938	0.0494084794481179	UP
UP	dnf2_only	medtr.A17.gnm5.ann1_6.MtrunA17Chr8g0361301	MtrunA17Chr8g0361301			medtr.A17.gnm5.MtrunA17Chr8	+	25629443	25632605	0.244768356404692	1	NS	2.53363112761758	0.00758606839124446	UP
UP	dnf2_only	medtr.A17.gnm5.ann1_6.MtrunA17Chr1g0210291	MtrunA17Chr1g0210291			medtr.A17.gnm5.MtrunA17Chr1	+	54084863	54087066	1.60092119649995	0.480784733889825	NS	2.53352248890221	0.0203535546673928	UP
UP	dnf2_only	medtr.A17.gnm5.ann1_6.MtrunA17Chr4g0053021	MtrunA17Chr4g0053021			medtr.A17.gnm5.MtrunA17Chr4	+	46987974	46990799	1.21644158713062	0.823142818516692	NS	2.53165142398258	0.00207256598728626	UP
UP	dnf2_only	medtr.A17.gnm5.ann1_6.MtrunA17Chr8g0337361	MtrunA17Chr8g0337361			medtr.A17.gnm5.MtrunA17Chr8	+	2303056	2305666	0.285372227285821	1	NS	2.52995884103564	0.00598796161819643	UP
UP	dnf2_only	medtr.A17.gnm5.ann1_6.MtrunA17Chr4g0054191	MtrunA17Chr4g0054191			medtr.A17.gnm5.MtrunA17Chr4	-	47991326	47994831	2.12124548085507	0.105304291414783	NS	2.52539159196485	0.0160024833695916	UP
UP	dnf2_only	medtr.A17.gnm5.ann1_6.MtrunA17Chr1g0163611	MtrunA17Chr1g0163611			medtr.A17.gnm5.MtrunA17Chr1	-	13427852	13430955	1.6937526161351	0.33071521068279	NS	2.52426486659432	0.0111471103460888	UP
UP	dnf2_only	medtr.A17.gnm5.ann1_6.MtrunA17Chr7g0246151	MtrunA17Chr7g0246151	MtCYP76E21	Cytochrome P450 monooxygenase	medtr.A17.gnm5.MtrunA17Chr7	-	35007803	35012510	0.601196309181466	1	NS	2.51753599083113	0.00011559906325007	UP
UP	dnf2_only	medtr.A17.gnm5.ann1_6.MtrunA17Chr7g0248911	MtrunA17Chr7g0248911	MtLYR5	LYK (LysM domain-RLK)-related 5	medtr.A17.gnm5.MtrunA17Chr7	+	36878099	36880956	1.09281280897158	1	NS	2.51655318686902	0.0275977604822398	UP
UP	dnf2_only	medtr.A17.gnm5.ann1_6.MtrunA17Chr5g0411231	MtrunA17Chr5g0411231			medtr.A17.gnm5.MtrunA17Chr5	-	12780151	12781641	1.32060774338694	0.934167438998662	NS	2.51222692817413	0.041432780935395	UP
UP	dnf2_only	medtr.A17.gnm5.ann1_6.MtrunA17Chr3g0095201	MtrunA17Chr3g0095201			medtr.A17.gnm5.MtrunA17Chr3	+	18518660	18532370	0.693274453493299	1	NS	2.51092730603611	0.00322718522591935	UP
UP	dnf2_only	medtr.A17.gnm5.ann1_6.MtrunA17Chr1g0148501	MtrunA17Chr1g0148501			medtr.A17.gnm5.MtrunA17Chr1	+	1904058	1906988	1.16332227619545	0.92175225389495	NS	2.50837749260917	0.00336585769789332	UP
UP	dnf2_only	medtr.A17.gnm5.ann1_6.MtrunA17Chr2g0322491	MtrunA17Chr2g0322491			medtr.A17.gnm5.MtrunA17Chr2	+	43229111	43231546	2.04311960426715	0.245826563228895	NS	2.50288002044722	0.0417403049917499	UP
UP	dnf2_only	medtr.A17.gnm5.ann1_6.MtrunA17Chr1g0161781	MtrunA17Chr1g0161781			medtr.A17.gnm5.MtrunA17Chr1	-	11866074	11870579	0.769093618109851	1	NS	2.50167251206313	0.0121077591987484	UP
UP	dnf2_only	medtr.A17.gnm5.ann1_6.MtrunA17Chr5g0436291	MtrunA17Chr5g0436291			medtr.A17.gnm5.MtrunA17Chr5	-	36177821	36180228	1.27317123759246	1	NS	2.49933058372289	0.0437608376696305	UP
UP	dnf2_only	medtr.A17.gnm5.ann1_6.MtrunA17Chr6g0483741	MtrunA17Chr6g0483741			medtr.A17.gnm5.MtrunA17Chr6	-	38297405	38298916	1.56124529563304	0.368804682865294	NS	2.49631723876225	0.0048941092937144	UP
UP	dnf2_only	medtr.A17.gnm5.ann1_6.MtrunA17Chr1g0158341	MtrunA17Chr1g0158341			medtr.A17.gnm5.MtrunA17Chr1	+	9328340	9329794	2.15816513764979	0.149075483797963	NS	2.49468189237666	0.0321239906545994	UP
UP	dnf2_only	medtr.A17.gnm5.ann1_6.MtrunA17Chr7g0243861	MtrunA17Chr7g0243861			medtr.A17.gnm5.MtrunA17Chr7	+	32991807	32993838	2.08601838518845	0.0517325773111597	NS	2.48772235987817	0.00527899246062946	UP
UP	dnf2_only	medtr.A17.gnm5.ann1_6.MtrunA17Chr6g0468601	MtrunA17Chr6g0468601	MtLegin21	Leginsulin	medtr.A17.gnm5.MtrunA17Chr6	-	17862167	17863544	1.22854605434005	1	NS	2.48704993518014	0.0379519408404618	UP
UP	dnf2_only	medtr.A17.gnm5.ann1_6.MtrunA17Chr4g0013391	MtrunA17Chr4g0013391			medtr.A17.gnm5.MtrunA17Chr4	+	10813843	10815106	0.573829044032388	1	NS	2.48532157190193	0.000139328075106387	UP
UP	dnf2_only	medtr.A17.gnm5.ann1_6.MtrunA17Chr1g0205261	MtrunA17Chr1g0205261			medtr.A17.gnm5.MtrunA17Chr1	-	50541652	50542412	1.83559690560826	0.260066497588455	NS	2.48504695890715	0.0190262974754084	UP
UP	dnf2_only	medtr.A17.gnm5.ann1_6.MtrunA17Chr7g0269541	MtrunA17Chr7g0269541			medtr.A17.gnm5.MtrunA17Chr7	+	51501526	51507281	1.65733548729063	0.233574802019259	NS	2.47960209307781	0.00363678980752431	UP
UP	dnf2_only	medtr.A17.gnm5.ann1_6.MtrunA17Chr5g0431991	MtrunA17Chr5g0431991			medtr.A17.gnm5.MtrunA17Chr5	-	32707705	32709292	-0.707077330152384	1	NS	2.47881757664123	0.0128484419583668	UP
UP	dnf2_only	medtr.A17.gnm5.ann1_6.MtrunA17Chr3g0141361	MtrunA17Chr3g0141361			medtr.A17.gnm5.MtrunA17Chr3	-	55614145	55614835	2.35752878134905	0.0539294414504617	NS	2.47347566314107	0.0212209053257476	UP
UP	dnf2_only	medtr.A17.gnm5.ann1_6.MtrunA17MTg0491231	MtrunA17MTg0491231			medtr.A17.gnm5.MtrunA17MT	+	172575	176839	0.578874919986277	1	NS	2.47196839988	0.00126139537752419	UP
UP	dnf2_only	medtr.A17.gnm5.ann1_6.MtrunA17Chr1g0146861	MtrunA17Chr1g0146861			medtr.A17.gnm5.MtrunA17Chr1	+	625290	628828	1.06562334862836	1	NS	2.46508824448981	0.000669807662770383	UP
UP	dnf2_only	medtr.A17.gnm5.ann1_6.MtrunA17Chr1g0161771	MtrunA17Chr1g0161771			medtr.A17.gnm5.MtrunA17Chr1	+	11865148	11869350	0.397535983580611	1	NS	2.45607159256311	0.0225385454432617	UP
UP	dnf2_only	medtr.A17.gnm5.ann1_6.MtrunA17Chr5g0422891	MtrunA17Chr5g0422891			medtr.A17.gnm5.MtrunA17Chr5	-	24706746	24709093	1.84615290974856	0.138926843252741	NS	2.45409668623102	0.00570451099418369	UP
UP	dnf2_only	medtr.A17.gnm5.ann1_6.MtrunA17Chr2g0310441	MtrunA17Chr2g0310441			medtr.A17.gnm5.MtrunA17Chr2	-	33365677	33370822	1.24865673078882	0.998972851947456	NS	2.45304799515242	0.0414167481093237	UP
UP	dnf2_only	medtr.A17.gnm5.ann1_6.MtrunA17Chr1g0146871	MtrunA17Chr1g0146871			medtr.A17.gnm5.MtrunA17Chr1	-	626739	627618	0.9264690805404	1	NS	2.45188942877022	0.00272882579002095	UP
UP	dnf2_only	medtr.A17.gnm5.ann1_6.MtrunA17Chr6g0463501	MtrunA17Chr6g0463501			medtr.A17.gnm5.MtrunA17Chr6	+	12706447	12708597	0.112872439144673	1	NS	2.44994490790997	0.00362742248621929	UP
UP	dnf2_only	medtr.A17.gnm5.ann1_6.MtrunA17Chr3g0129041	MtrunA17Chr3g0129041	MtPRX1	peroxidase 1	medtr.A17.gnm5.MtrunA17Chr3	+	46641516	46643489	1.61950907888216	0.352662188984153	NS	2.44974279632862	0.0105659637842241	UP
UP	dnf2_only	medtr.A17.gnm5.ann1_6.MtrunA17Chr1g0166401	MtrunA17Chr1g0166401	MtN26-1	Nodulin26	medtr.A17.gnm5.MtrunA17Chr1	-	15845803	15849823	1.61861736347454	0.303027718946472	NS	2.44325028572138	0.00559450053644504	UP
UP	dnf2_only	medtr.A17.gnm5.ann1_6.MtrunA17Chr3g0087921	MtrunA17Chr3g0087921			medtr.A17.gnm5.MtrunA17Chr3	+	9459665	9460308	1.62444654408784	0.442477945084597	NS	2.44322740160002	0.0283218282860171	UP
UP	dnf2_only	medtr.A17.gnm5.ann1_6.MtrunA17Chr4g0042561	MtrunA17Chr4g0042561	MtNAC969	NAC domain containing protein 969	medtr.A17.gnm5.MtrunA17Chr4	-	39827608	39829478	-0.490134287264903	1	NS	2.4429041422008	0.00377197214284668	UP
UP	dnf2_only	medtr.A17.gnm5.ann1_6.MtrunA17Chr7g0241591	MtrunA17Chr7g0241591			medtr.A17.gnm5.MtrunA17Chr7	+	31158199	31162712	1.29395128121833	0.88443784570838	NS	2.43869295918769	0.0301784868665036	UP
UP	dnf2_only	medtr.A17.gnm5.ann1_6.MtrunA17Chr2g0282691	MtrunA17Chr2g0282691			medtr.A17.gnm5.MtrunA17Chr2	-	4121463	4122678	1.925137894363	0.0757611381758785	NS	2.43790488699824	0.00391104863558008	UP
UP	dnf2_only	medtr.A17.gnm5.ann1_6.MtrunA17Chr8g0390881	MtrunA17Chr8g0390881	MtCYP736A142	Cytochrome P450 monooxygenase	medtr.A17.gnm5.MtrunA17Chr8	+	47938547	47946800	0.857753484881748	1	NS	2.43544180673908	0.0328178963921628	UP
UP	dnf2_only	medtr.A17.gnm5.ann1_6.MtrunA17Chr4g0076471	MtrunA17Chr4g0076471			medtr.A17.gnm5.MtrunA17Chr4	+	64330230	64332371	1.34070930224541	0.701512486626586	NS	2.43455979330577	0.0112786667433054	UP
UP	dnf2_only	medtr.A17.gnm5.ann1_6.MtrunA17MTg0491241	MtrunA17MTg0491241			medtr.A17.gnm5.MtrunA17MT	-	174275	176425	0.627885073029898	1	NS	2.43410488419456	0.00127158751419596	UP
UP	dnf2_only	medtr.A17.gnm5.ann1_6.MtrunA17Chr7g0248221	MtrunA17Chr7g0248221			medtr.A17.gnm5.MtrunA17Chr7	-	36365055	36367616	-2.2570817023594	0.420475413919515	NS	2.43215778984606	0.0197081437392446	UP
UP	dnf2_only	medtr.A17.gnm5.ann1_6.MtrunA17Chr8g0388231	MtrunA17Chr8g0388231			medtr.A17.gnm5.MtrunA17Chr8	+	46142759	46146941	0.556062463534411	1	NS	2.4283443872763	0.00605284541241297	UP
UP	dnf2_only	medtr.A17.gnm5.ann1_6.MtrunA17Chr1g0172541	MtrunA17Chr1g0172541			medtr.A17.gnm5.MtrunA17Chr1	-	21657673	21665966	0.47961295246079	1	NS	2.42316981654309	0.000404470269483445	UP
UP	dnf2_only	medtr.A17.gnm5.ann1_6.MtrunA17Chr5g0410031	MtrunA17Chr5g0410031			medtr.A17.gnm5.MtrunA17Chr5	+	11696842	11700968	-0.339654099848333	1	NS	2.42313911479135	0.00314711007142198	UP
UP	dnf2_only	medtr.A17.gnm5.ann1_6.MtrunA17Chr2g0280991	MtrunA17Chr2g0280991			medtr.A17.gnm5.MtrunA17Chr2	+	2840841	2844587	1.63948567066616	0.303295759998022	NS	2.42291875508873	0.00961402441934761	UP
UP	dnf2_only	medtr.A17.gnm5.ann1_6.MtrunA17Chr4g0068541	MtrunA17Chr4g0068541			medtr.A17.gnm5.MtrunA17Chr4	+	58660331	58662647	1.42856243460454	0.618754984829525	NS	2.4217597299509	0.0155884602530131	UP
UP	dnf2_only	medtr.A17.gnm5.ann1_6.MtrunA17Chr6g0463511	MtrunA17Chr6g0463511			medtr.A17.gnm5.MtrunA17Chr6	-	12706514	12707680	0.0384223966730717	1	NS	2.42147553691117	0.00692433827671543	UP
UP	dnf2_only	medtr.A17.gnm5.ann1_6.MtrunA17Chr3g0118031	MtrunA17Chr3g0118031			medtr.A17.gnm5.MtrunA17Chr3	-	38802198	38803896	0.753845613581181	1	NS	2.41977518646736	0.0325731616617981	UP
UP	dnf2_only	medtr.A17.gnm5.ann1_6.MtrunA17Chr3g0084201	MtrunA17Chr3g0084201			medtr.A17.gnm5.MtrunA17Chr3	+	5672882	5674910	0.966296646441536	1	NS	2.41972733392339	0.00257763694824086	UP
UP	dnf2_only	medtr.A17.gnm5.ann1_6.MtrunA17Chr5g0442841	MtrunA17Chr5g0442841			medtr.A17.gnm5.MtrunA17Chr5	+	40862688	40866380	0.274283491382329	1	NS	2.41910504330933	0.00660429891447886	UP
UP	dnf2_only	medtr.A17.gnm5.ann1_6.MtrunA17Chr8g0372491	MtrunA17Chr8g0372491			medtr.A17.gnm5.MtrunA17Chr8	+	34984944	34987113	0.893830363396842	1	NS	2.41697411658675	3.90336625852582e-05	UP
UP	dnf2_only	medtr.A17.gnm5.ann1_6.MtrunA17Chr1g0188801	MtrunA17Chr1g0188801			medtr.A17.gnm5.MtrunA17Chr1	+	38496780	38498202	2.32283237491404	0.0720465001816338	NS	2.41504302521608	0.0317003239164895	UP
UP	dnf2_only	medtr.A17.gnm5.ann1_6.MtrunA17Chr7g0238371	MtrunA17Chr7g0238371	MtRbohF	RESPIRATORY BURST OXIDASE HOMOLOG F	medtr.A17.gnm5.MtrunA17Chr7	+	28344586	28350502	1.09006196970033	1	NS	2.41504210254879	0.013460400096872	UP
UP	dnf2_only	medtr.A17.gnm5.ann1_6.MtrunA17Chr2g0304871	MtrunA17Chr2g0304871	MtCYP82D47	Cytochrome P450 monooxygenase	medtr.A17.gnm5.MtrunA17Chr2	-	23390680	23395155	0.212615022579225	1	NS	2.41461151624763	0.00180891097772078	UP
UP	dnf2_only	medtr.A17.gnm5.ann1_6.MtrunA17Chr6g0452381	MtrunA17Chr6g0452381			medtr.A17.gnm5.MtrunA17Chr6	-	2767120	2768262	-0.489577633316785	1	NS	2.41166601183077	0.00115074299321252	UP
UP	dnf2_only	medtr.A17.gnm5.ann1_6.MtrunA17Chr1g0203611	MtrunA17Chr1g0203611			medtr.A17.gnm5.MtrunA17Chr1	-	49350627	49351154	0.628678538543989	1	NS	2.41149539311922	0.00998267241890511	UP
UP	dnf2_only	medtr.A17.gnm5.ann1_6.MtrunA17Chr4g0075091	MtrunA17Chr4g0075091			medtr.A17.gnm5.MtrunA17Chr4	-	63484635	63487387	-1.32554699592937	0.724512971255557	NS	2.40990591348856	0.00209994788247056	UP
UP	dnf2_only	medtr.A17.gnm5.ann1_6.MtrunA17Chr8g0354191	MtrunA17Chr8g0354191			medtr.A17.gnm5.MtrunA17Chr8	+	15865560	15868846	-0.754561601410991	1	NS	2.40717602171393	0.0133718534943141	UP
UP	dnf2_only	medtr.A17.gnm5.ann1_6.MtrunA17Chr2g0315841	MtrunA17Chr2g0315841			medtr.A17.gnm5.MtrunA17Chr2	+	38047499	38049782	-0.779138830290156	1	NS	2.40575523659178	0.000583283581368105	UP
UP	dnf2_only	medtr.A17.gnm5.ann1_6.MtrunA17Chr4g0013371	MtrunA17Chr4g0013371			medtr.A17.gnm5.MtrunA17Chr4	+	10787449	10789231	0.668141485860374	1	NS	2.40564120650545	0.000568857231473052	UP
UP	dnf2_only	medtr.A17.gnm5.ann1_6.MtrunA17Chr4g0064551	MtrunA17Chr4g0064551			medtr.A17.gnm5.MtrunA17Chr4	+	55930347	55931757	0.54646792303854	1	NS	2.40153661452871	0.000180261537291803	UP
UP	dnf2_only	medtr.A17.gnm5.ann1_6.MtrunA17Chr7g0265891	MtrunA17Chr7g0265891			medtr.A17.gnm5.MtrunA17Chr7	-	49034834	49036380	0.0152280586687437	1	NS	2.40085356402732	0.0272568426230024	UP
UP	dnf2_only	medtr.A17.gnm5.ann1_6.MtrunA17Chr8g0379461	MtrunA17Chr8g0379461			medtr.A17.gnm5.MtrunA17Chr8	+	40143373	40145376	1.13838034050541	0.859401853357375	NS	2.39905209853181	0.000488253488149994	UP
UP	dnf2_only	medtr.A17.gnm5.ann1_6.MtrunA17Chr4g0042171	MtrunA17Chr4g0042171			medtr.A17.gnm5.MtrunA17Chr4	+	39594180	39598729	1.44886022790865	0.398739743950427	NS	2.39251173372625	0.00293601555272753	UP
UP	dnf2_only	medtr.A17.gnm5.ann1_6.MtrunA17Chr8g0370831	MtrunA17Chr8g0370831			medtr.A17.gnm5.MtrunA17Chr8	+	33900223	33902394	0.442751664995798	1	NS	2.39218980625734	0.00785439397615547	UP
UP	dnf2_only	medtr.A17.gnm5.ann1_6.MtrunA17Chr4g0064561	MtrunA17Chr4g0064561			medtr.A17.gnm5.MtrunA17Chr4	-	55930399	55931450	0.442263968097361	1	NS	2.38976317851404	0.000489657404999153	UP
UP	dnf2_only	medtr.A17.gnm5.ann1_6.MtrunA17Chr4g0009531	MtrunA17Chr4g0009531			medtr.A17.gnm5.MtrunA17Chr4	+	7417312	7422340	0.351280905539823	1	NS	2.38785204786868	0.000347986812339882	UP
UP	dnf2_only	medtr.A17.gnm5.ann1_6.MtrunA17Chr6g0464771	MtrunA17Chr6g0464771			medtr.A17.gnm5.MtrunA17Chr6	+	14020367	14024894	-0.847265866648604	1	NS	2.38156707825721	0.0475480728355596	UP
UP	dnf2_only	medtr.A17.gnm5.ann1_6.MtrunA17Chr1g0180331	MtrunA17Chr1g0180331			medtr.A17.gnm5.MtrunA17Chr1	-	31473125	31477615	2.21276896462428	0.052334579343538	NS	2.38077032563676	0.0148058855718881	UP
UP	dnf2_only	medtr.A17.gnm5.ann1_6.MtrunA17Chr2g0294751	MtrunA17Chr2g0294751			medtr.A17.gnm5.MtrunA17Chr2	+	13369420	13375957	-0.278466766192984	1	NS	2.37930578636801	0.00513223120809633	UP
UP	dnf2_only	medtr.A17.gnm5.ann1_6.MtrunA17Chr3g0139151	MtrunA17Chr3g0139151			medtr.A17.gnm5.MtrunA17Chr3	+	53926534	53926810	0.51950880201214	1	NS	2.37554648862022	0.0184593055059032	UP
UP	dnf2_only	medtr.A17.gnm5.ann1_6.MtrunA17Chr3g0127671	MtrunA17Chr3g0127671			medtr.A17.gnm5.MtrunA17Chr3	-	45669643	45673331	0.653844451046912	1	NS	2.3735442064603	0.00228720694590447	UP
UP	dnf2_only	medtr.A17.gnm5.ann1_6.MtrunA17Chr1g0188391	MtrunA17Chr1g0188391			medtr.A17.gnm5.MtrunA17Chr1	+	38210006	38212024	-0.0397865345366263	1	NS	2.37217054538446	0.00124733284073654	UP
UP	dnf2_only	medtr.A17.gnm5.ann1_6.MtrunA17Chr3g0112391	MtrunA17Chr3g0112391			medtr.A17.gnm5.MtrunA17Chr3	+	34400337	34404654	0.617831333719016	1	NS	2.37173699114423	0.00049060190398899	UP
UP	dnf2_only	medtr.A17.gnm5.ann1_6.MtrunA17Chr6g0486651	MtrunA17Chr6g0486651			medtr.A17.gnm5.MtrunA17Chr6	+	40957765	40960024	0.763706820379012	1	NS	2.37141275636545	0.00114340557314742	UP
UP	dnf2_only	medtr.A17.gnm5.ann1_6.MtrunA17Chr7g0274181	MtrunA17Chr7g0274181	MtPR-4	pathogenesis related protein 4 (hevein-like)	medtr.A17.gnm5.MtrunA17Chr7	+	54616364	54617545	0.305889272053929	1	NS	2.3708064443413	0.000152746908352234	UP
UP	dnf2_only	medtr.A17.gnm5.ann1_6.MtrunA17Chr4g0001511	MtrunA17Chr4g0001511			medtr.A17.gnm5.MtrunA17Chr4	+	1030477	1033198	2.16049441124717	0.0551662386827064	NS	2.37006474888832	0.013509032604052	UP
UP	dnf2_only	medtr.A17.gnm5.ann1_6.MtrunA17Chr8g0365061	MtrunA17Chr8g0365061			medtr.A17.gnm5.MtrunA17Chr8	+	29298181	29299440	1.09881699234912	1	NS	2.36750395552063	0.00300099006547019	UP
UP	dnf2_only	medtr.A17.gnm5.ann1_6.MtrunA17Chr5g0410161	MtrunA17Chr5g0410161			medtr.A17.gnm5.MtrunA17Chr5	+	11777122	11782174	0.904001971313629	1	NS	2.35697857026748	0.00930422689754983	UP
UP	dnf2_only	medtr.A17.gnm5.ann1_6.MtrunA17Chr3g0130361	MtrunA17Chr3g0130361			medtr.A17.gnm5.MtrunA17Chr3	+	47550437	47551856	0.992337189041197	1	NS	2.35522154671871	0.0264346273217178	UP
UP	dnf2_only	medtr.A17.gnm5.ann1_6.MtrunA17Chr7g0240541	MtrunA17Chr7g0240541			medtr.A17.gnm5.MtrunA17Chr7	-	30352612	30355884	0.551638575745049	1	NS	2.34784780508883	0.0134236662361772	UP
UP	dnf2_only	medtr.A17.gnm5.ann1_6.MtrunA17Chr8g0339311	MtrunA17Chr8g0339311	MtCYP82L14	Cytochrome P450 monooxygenase	medtr.A17.gnm5.MtrunA17Chr8	+	3566164	3569676	-4.59234002176628	0.00707923923421715	DOWN	2.34583822704799	0.00652756276372379	UP
UP	dnf2_only	medtr.A17.gnm5.ann1_6.MtrunA17Chr1g0154311	MtrunA17Chr1g0154311			medtr.A17.gnm5.MtrunA17Chr1	-	6554109	6557798	0.752587842069664	1	NS	2.34154769329513	0.0244950834436273	UP
UP	dnf2_only	medtr.A17.gnm5.ann1_6.MtrunA17Chr3g0121001	MtrunA17Chr3g0121001			medtr.A17.gnm5.MtrunA17Chr3	-	40960626	40963032	-0.174873393387201	1	NS	2.34068112104847	0.007271972429874	UP
UP	dnf2_only	medtr.A17.gnm5.ann1_6.MtrunA17Chr4g0014971	MtrunA17Chr4g0014971			medtr.A17.gnm5.MtrunA17Chr4	-	12315552	12317630	-0.946971850258035	1	NS	2.33910798524088	0.0262996787126708	UP
UP	dnf2_only	medtr.A17.gnm5.ann1_6.MtrunA17Chr6g0484081	MtrunA17Chr6g0484081			medtr.A17.gnm5.MtrunA17Chr6	+	38632714	38634340	-0.289687848467852	1	NS	2.33910533354802	0.026441378098403	UP
UP	dnf2_only	medtr.A17.gnm5.ann1_6.MtrunA17Chr7g0224801	MtrunA17Chr7g0224801			medtr.A17.gnm5.MtrunA17Chr7	+	10131113	10133100	-0.00268791026055849	1	NS	2.33453431467967	0.0108715803821991	UP
UP	dnf2_only	medtr.A17.gnm5.ann1_6.MtrunA17Chr7g0266071	MtrunA17Chr7g0266071	MtLYE1		medtr.A17.gnm5.MtrunA17Chr7	-	49261388	49262352	-0.0962588200267276	1	NS	2.33425657827228	0.00502144765911804	UP
UP	dnf2_only	medtr.A17.gnm5.ann1_6.MtrunA17Chr5g0432441	MtrunA17Chr5g0432441	MtPrx29	peroxidase	medtr.A17.gnm5.MtrunA17Chr5	+	33147715	33152009	0.856062619060439	1	NS	2.3331999248444	0.00998267241890511	UP
UP	dnf2_only	medtr.A17.gnm5.ann1_6.MtrunA17Chr8g0367101	MtrunA17Chr8g0367101			medtr.A17.gnm5.MtrunA17Chr8	+	30854575	30862557	1.09674341354406	0.988505760668011	NS	2.32989751270589	0.00141389247561598	UP
UP	dnf2_only	medtr.A17.gnm5.ann1_6.MtrunA17Chr7g0232441	MtrunA17Chr7g0232441			medtr.A17.gnm5.MtrunA17Chr7	-	22677238	22680856	0.827868067929213	1	NS	2.32975184995805	0.00395300707220859	UP
UP	dnf2_only	medtr.A17.gnm5.ann1_6.MtrunA17Chr3g0109431	MtrunA17Chr3g0109431			medtr.A17.gnm5.MtrunA17Chr3	+	32330134	32335211	0.261253389714063	1	NS	2.32705040162934	0.0165737697427849	UP
UP	dnf2_only	medtr.A17.gnm5.ann1_6.MtrunA17Chr7g0240991	MtrunA17Chr7g0240991			medtr.A17.gnm5.MtrunA17Chr7	+	30727353	30731205	1.15847908198374	0.811527833730006	NS	2.32462958913148	0.000779038718033511	UP
UP	dnf2_only	medtr.A17.gnm5.ann1_6.MtrunA17Chr7g0242811	MtrunA17Chr7g0242811			medtr.A17.gnm5.MtrunA17Chr7	+	32258579	32269023	0.199070274040172	1	NS	2.32147773170676	0.0251643345533444	UP
UP	dnf2_only	medtr.A17.gnm5.ann1_6.MtrunA17Chr4g0047631	MtrunA17Chr4g0047631	MtCYP71AU56	Cytochrome P450 monooxygenase	medtr.A17.gnm5.MtrunA17Chr4	+	43583761	43586477	-0.649759016632044	1	NS	2.32126393389835	0.000274991563266808	UP
UP	dnf2_only	medtr.A17.gnm5.ann1_6.MtrunA17Chr8g0355831	MtrunA17Chr8g0355831			medtr.A17.gnm5.MtrunA17Chr8	-	17405173	17412034	1.23455842485531	0.808307277421665	NS	2.3168287133235	0.0100259111519905	UP
UP	dnf2_only	medtr.A17.gnm5.ann1_6.MtrunA17Chr8g0391221	MtrunA17Chr8g0391221			medtr.A17.gnm5.MtrunA17Chr8	+	48160924	48164269	0.159148069610146	1	NS	2.31546057984319	0.0355048788711734	UP
UP	dnf2_only	medtr.A17.gnm5.ann1_6.MtrunA17Chr6g0455721	MtrunA17Chr6g0455721			medtr.A17.gnm5.MtrunA17Chr6	+	5754884	5758090	-0.136485411556226	1	NS	2.31530228967237	0.00903982934857165	UP
UP	dnf2_only	medtr.A17.gnm5.ann1_6.MtrunA17Chr2g0305541	MtrunA17Chr2g0305541	MtPhytogb1.3|MtGlb1-3	non-symbiotic hemoglobin (ns-Hb)	medtr.A17.gnm5.MtrunA17Chr2	-	25296311	25298082	1.50167181341021	0.308612909289936	NS	2.30854323665729	0.00278004285583474	UP
UP	dnf2_only	medtr.A17.gnm5.ann1_6.MtrunA17Chr6g0466831	MtrunA17Chr6g0466831			medtr.A17.gnm5.MtrunA17Chr6	+	15667085	15669003	2.09444696045568	0.102993905871394	NS	2.30538031871125	0.0307405224462482	UP
UP	dnf2_only	medtr.A17.gnm5.ann1_6.MtrunA17Chr2g0311941	MtrunA17Chr2g0311941			medtr.A17.gnm5.MtrunA17Chr2	+	34882513	34886089	0.818410186368519	1	NS	2.30456380671062	8.24039770445029e-05	UP
UP	dnf2_only	medtr.A17.gnm5.ann1_6.MtrunA17Chr1g0196661	MtrunA17Chr1g0196661			medtr.A17.gnm5.MtrunA17Chr1	-	44161101	44162374	-0.218681131860933	1	NS	2.30285963129046	0.00914888843867215	UP
UP	dnf2_only	medtr.A17.gnm5.ann1_6.MtrunA17Chr1g0160561	MtrunA17Chr1g0160561			medtr.A17.gnm5.MtrunA17Chr1	-	11015551	11024460	0.789178288034989	1	NS	2.30222944297599	0.00798675416357137	UP
UP	dnf2_only	medtr.A17.gnm5.ann1_6.MtrunA17Chr4g0006131	MtrunA17Chr4g0006131			medtr.A17.gnm5.MtrunA17Chr4	-	4888416	4896812	1.56062401466368	0.100329525967112	NS	2.30133711445303	0.000413883029732737	UP
UP	dnf2_only	medtr.A17.gnm5.ann1_6.MtrunA17Chr3g0145351	MtrunA17Chr3g0145351			medtr.A17.gnm5.MtrunA17Chr3	-	58476392	58478030	0.383617996007014	1	NS	2.29939769652165	0.0346029910138935	UP
UP	dnf2_only	medtr.A17.gnm5.ann1_6.MtrunA17Chr4g0025751	MtrunA17Chr4g0025751			medtr.A17.gnm5.MtrunA17Chr4	-	26663501	26671408	-0.229892449095937	1	NS	2.29833723843531	0.0038434492830784	UP
UP	dnf2_only	medtr.A17.gnm5.ann1_6.MtrunA17Chr5g0430011	MtrunA17Chr5g0430011			medtr.A17.gnm5.MtrunA17Chr5	-	31249704	31252344	0.561031568213121	1	NS	2.2981451564615	0.000166005895740537	UP
UP	dnf2_only	medtr.A17.gnm5.ann1_6.MtrunA17Chr5g0448091	MtrunA17Chr5g0448091			medtr.A17.gnm5.MtrunA17Chr5	+	44191301	44195290	0.62157022978021	1	NS	2.29485995885651	0.00216952202163107	UP
UP	dnf2_only	medtr.A17.gnm5.ann1_6.MtrunA17Chr1g0148401	MtrunA17Chr1g0148401			medtr.A17.gnm5.MtrunA17Chr1	-	1807333	1810309	1.11864769217078	1	NS	2.29356679476699	0.0147564713560169	UP
UP	dnf2_only	medtr.A17.gnm5.ann1_6.MtrunA17Chr4g0058261	MtrunA17Chr4g0058261	MtCYP71A31	Cytochrome P450 monooxygenase	medtr.A17.gnm5.MtrunA17Chr4	-	51310725	51314101	0.0183650968011067	1	NS	2.29038973761862	0.0146294710680073	UP
UP	dnf2_only	medtr.A17.gnm5.ann1_6.MtrunA17Chr3g0081591	MtrunA17Chr3g0081591			medtr.A17.gnm5.MtrunA17Chr3	+	3566766	3569357	1.72465846624112	0.313353112432268	NS	2.28988506363728	0.0280405515652808	UP
UP	dnf2_only	medtr.A17.gnm5.ann1_6.MtrunA17Chr4g0020311	MtrunA17Chr4g0020311			medtr.A17.gnm5.MtrunA17Chr4	+	16277110	16278540	1.29656899488921	0.698393003932751	NS	2.28722915191435	0.00970391552636556	UP
UP	dnf2_only	medtr.A17.gnm5.ann1_6.MtrunA17Chr3g0118591	MtrunA17Chr3g0118591			medtr.A17.gnm5.MtrunA17Chr3	+	39190868	39193438	0.346121981511008	1	NS	2.28147419139327	0.0183496313818882	UP
UP	dnf2_only	medtr.A17.gnm5.ann1_6.MtrunA17Chr5g0398581	MtrunA17Chr5g0398581			medtr.A17.gnm5.MtrunA17Chr5	+	3381215	3384470	0.543063512423062	1	NS	2.27816929856017	0.00948049536258631	UP
UP	dnf2_only	medtr.A17.gnm5.ann1_6.MtrunA17Chr8g0390031	MtrunA17Chr8g0390031			medtr.A17.gnm5.MtrunA17Chr8	-	47363244	47364330	0.882183005597959	1	NS	2.27772966753259	0.0158797465041506	UP
UP	dnf2_only	medtr.A17.gnm5.ann1_6.MtrunA17Chr4g0049291	MtrunA17Chr4g0049291			medtr.A17.gnm5.MtrunA17Chr4	-	44666108	44671309	1.92022199564821	0.0547340468864005	NS	2.26909258676437	0.00508263494743543	UP
UP	dnf2_only	medtr.A17.gnm5.ann1_6.MtrunA17Chr4g0005131	MtrunA17Chr4g0005131			medtr.A17.gnm5.MtrunA17Chr4	-	4122912	4124128	0.636420516370028	1	NS	2.26864148125004	0.000251856972662971	UP
UP	dnf2_only	medtr.A17.gnm5.ann1_6.MtrunA17Chr7g0266141	MtrunA17Chr7g0266141			medtr.A17.gnm5.MtrunA17Chr7	-	49301020	49305759	2.12025253918986	0.0621654150487815	NS	2.26805741197105	0.0207503110319746	UP
UP	dnf2_only	medtr.A17.gnm5.ann1_6.MtrunA17MTg0490141	MtrunA17MTg0490141			medtr.A17.gnm5.MtrunA17MT	+	5250	7884	0.944400290153686	1	NS	2.26296051963484	0.00278140234306294	UP
UP	dnf2_only	medtr.A17.gnm5.ann1_6.MtrunA17Chr2g0318081	MtrunA17Chr2g0318081			medtr.A17.gnm5.MtrunA17Chr2	+	39839374	39841200	0.172540345202452	1	NS	2.25702694478452	0.0117052721767101	UP
UP	dnf2_only	medtr.A17.gnm5.ann1_6.MtrunA17Chr1g0187021	MtrunA17Chr1g0187021			medtr.A17.gnm5.MtrunA17Chr1	-	37190360	37194678	0.630249164153285	1	NS	2.25131753509596	0.00812623679116475	UP
UP	dnf2_only	medtr.A17.gnm5.ann1_6.MtrunA17Chr6g0479131	MtrunA17Chr6g0479131			medtr.A17.gnm5.MtrunA17Chr6	+	33745164	33746247	0.0397163820176379	1	NS	2.24877299969153	0.0197857403893958	UP
UP	dnf2_only	medtr.A17.gnm5.ann1_6.MtrunA17Chr8g0339191	MtrunA17Chr8g0339191	MtBG37	beta-1,3-Glucanase 37	medtr.A17.gnm5.MtrunA17Chr8	+	3444170	3448057	0.90866521485094	1	NS	2.23978957155549	0.00377347000135139	UP
UP	dnf2_only	medtr.A17.gnm5.ann1_6.MtrunA17Chr2g0297691	MtrunA17Chr2g0297691			medtr.A17.gnm5.MtrunA17Chr2	-	15719532	15726256	0.831241519962216	1	NS	2.23978031966207	0.00131100503554287	UP
UP	dnf2_only	medtr.A17.gnm5.ann1_6.MtrunA17Chr4g0040611	MtrunA17Chr4g0040611			medtr.A17.gnm5.MtrunA17Chr4	-	38506878	38512900	1.39153039351095	0.571579670517011	NS	2.23970036929642	0.0143627131135285	UP
UP	dnf2_only	medtr.A17.gnm5.ann1_6.MtrunA17Chr1g0161791	MtrunA17Chr1g0161791			medtr.A17.gnm5.MtrunA17Chr1	+	11878240	11879299	-0.140415710816261	1	NS	2.23903771677878	0.0408983415238058	UP
UP	dnf2_only	medtr.A17.gnm5.ann1_6.MtrunA17Chr8g0370461	MtrunA17Chr8g0370461			medtr.A17.gnm5.MtrunA17Chr8	+	33605714	33610320	0.638771781552499	1	NS	2.2340784755884	0.000484712820659022	UP
UP	dnf2_only	medtr.A17.gnm5.ann1_6.MtrunA17Chr5g0409641	MtrunA17Chr5g0409641			medtr.A17.gnm5.MtrunA17Chr5	-	11340634	11344189	0.88649897541116	1	NS	2.23299794929908	0.000383823590284324	UP
UP	dnf2_only	medtr.A17.gnm5.ann1_6.MtrunA17Chr1g0183131	MtrunA17Chr1g0183131			medtr.A17.gnm5.MtrunA17Chr1	+	33966804	33970986	0.517563432403553	1	NS	2.23251442075724	0.000360557765411956	UP
UP	dnf2_only	medtr.A17.gnm5.ann1_6.MtrunA17Chr4g0034121	MtrunA17Chr4g0034121			medtr.A17.gnm5.MtrunA17Chr4	-	33844982	33847197	0.188338238416654	1	NS	2.23164678320387	0.0193807179692952	UP
UP	dnf2_only	medtr.A17.gnm5.ann1_6.MtrunA17Chr3g0114431	MtrunA17Chr3g0114431			medtr.A17.gnm5.MtrunA17Chr3	-	35913089	35914277	-0.768229756609444	1	NS	2.22980722805308	0.013509032604052	UP
UP	dnf2_only	medtr.A17.gnm5.ann1_6.MtrunA17Chr6g0454151	MtrunA17Chr6g0454151			medtr.A17.gnm5.MtrunA17Chr6	+	4431179	4433160	1.47433463623155	0.572161172435078	NS	2.22884596553013	0.0354197982285161	UP
UP	dnf2_only	medtr.A17.gnm5.ann1_6.MtrunA17Chr3g0123481	MtrunA17Chr3g0123481			medtr.A17.gnm5.MtrunA17Chr3	-	42647689	42652323	0.983442821261928	1	NS	2.22769931305376	8.54631983635061e-05	UP
UP	dnf2_only	medtr.A17.gnm5.ann1_6.MtrunA17Chr4g0020071	MtrunA17Chr4g0020071			medtr.A17.gnm5.MtrunA17Chr4	-	15771944	15773528	2.18559928754132	0.0527514846607718	NS	2.22539339626394	0.0267571018192803	UP
UP	dnf2_only	medtr.A17.gnm5.ann1_6.MtrunA17Chr1g0165671	MtrunA17Chr1g0165671			medtr.A17.gnm5.MtrunA17Chr1	-	15172854	15176307	1.47139582174347	0.224579342116323	NS	2.22482887019678	0.00152261194496662	UP
UP	dnf2_only	medtr.A17.gnm5.ann1_6.MtrunA17Chr5g0432401	MtrunA17Chr5g0432401	MtPrx01|MtRIP1	RHIZOBIUM-INDUCED PEROXIDASE 1|peroxidase 29	medtr.A17.gnm5.MtrunA17Chr5	-	33090635	33093282	1.93749392324335	0.0770312693992179	NS	2.22461597383354	0.0130924474669884	UP
UP	dnf2_only	medtr.A17.gnm5.ann1_6.MtrunA17Chr8g0336411	MtrunA17Chr8g0336411			medtr.A17.gnm5.MtrunA17Chr8	-	1647515	1651305	1.69881788012304	0.319471021348525	NS	2.21639885183101	0.0356490877361945	UP
UP	dnf2_only	medtr.A17.gnm5.ann1_6.MtrunA17Chr8g0389961	MtrunA17Chr8g0389961			medtr.A17.gnm5.MtrunA17Chr8	-	47338274	47343380	0.85526895663081	1	NS	2.21068895603116	7.60159406982696e-06	UP
UP	dnf2_only	medtr.A17.gnm5.ann1_6.MtrunA17Chr3g0115611	MtrunA17Chr3g0115611			medtr.A17.gnm5.MtrunA17Chr3	+	36926024	36931515	-0.164180553115714	1	NS	2.20712574639197	0.000262577969129368	UP
UP	dnf2_only	medtr.A17.gnm5.ann1_6.MtrunA17Chr4g0025731	MtrunA17Chr4g0025731			medtr.A17.gnm5.MtrunA17Chr4	-	26645672	26648347	0.339166480456582	1	NS	2.20460934736309	0.0187160956094049	UP
UP	dnf2_only	medtr.A17.gnm5.ann1_6.MtrunA17Chr2g0327821	MtrunA17Chr2g0327821	MtMYB113	Myeloblastosis (MYB) transcription factor 113	medtr.A17.gnm5.MtrunA17Chr2	-	47279254	47281040	0.828119418171491	1	NS	2.19700840759499	0.00575154841233852	UP
UP	dnf2_only	medtr.A17.gnm5.ann1_6.MtrunA17Chr1g0178701	MtrunA17Chr1g0178701			medtr.A17.gnm5.MtrunA17Chr1	+	30119737	30121113	1.70123613635234	0.222910064756223	NS	2.1969662219217	0.017772571359865	UP
UP	dnf2_only	medtr.A17.gnm5.ann1_6.MtrunA17Chr4g0046341	MtrunA17Chr4g0046341			medtr.A17.gnm5.MtrunA17Chr4	+	42735417	42738114	0.0599020814629538	1	NS	2.19435762777086	0.0072051763202899	UP
UP	dnf2_only	medtr.A17.gnm5.ann1_6.MtrunA17Chr8g0374321	MtrunA17Chr8g0374321			medtr.A17.gnm5.MtrunA17Chr8	+	36353747	36357984	1.26018227653994	0.72224696263449	NS	2.19368321993694	0.00970336645248774	UP
UP	dnf2_only	medtr.A17.gnm5.ann1_6.MtrunA17Chr5g0436141	MtrunA17Chr5g0436141			medtr.A17.gnm5.MtrunA17Chr5	-	36059334	36063999	2.16792521913255	0.0855074693694571	NS	2.19057780625719	0.0487586890941587	UP
UP	dnf2_only	medtr.A17.gnm5.ann1_6.MtrunA17Chr1g0204011	MtrunA17Chr1g0204011	MtPrx13	peroxidase	medtr.A17.gnm5.MtrunA17Chr1	+	49617299	49619873	1.83637323634879	0.163206371562959	NS	2.19013854281264	0.0251455952182335	UP
UP	dnf2_only	medtr.A17.gnm5.ann1_6.MtrunA17Chr4g0034161	MtrunA17Chr4g0034161	MtCOR413	COLD-REGULATED 413	medtr.A17.gnm5.MtrunA17Chr4	+	33882305	33884977	1.10831453985935	0.935257621438455	NS	2.18776426636462	0.0018130175713053	UP
UP	dnf2_only	medtr.A17.gnm5.ann1_6.MtrunA17Chr1g0200961	MtrunA17Chr1g0200961	MtCYP76Y14	Cytochrome P450 monooxygenase	medtr.A17.gnm5.MtrunA17Chr1	-	47500771	47503967	1.0967065716163	0.922157756495778	NS	2.18562519538964	0.000534384387818317	UP
UP	dnf2_only	medtr.A17.gnm5.ann1_6.MtrunA17Chr1g0161751	MtrunA17Chr1g0161751			medtr.A17.gnm5.MtrunA17Chr1	+	11855654	11860640	0.785077752527791	1	NS	2.18302417142896	0.00111667295242262	UP
UP	dnf2_only	medtr.A17.gnm5.ann1_6.MtrunA17Chr4g0069351	MtrunA17Chr4g0069351	MtABAB15	ATP-Binding-Cassette (ABC) transporter typeB (P-glycoprotein (MDR/PGP/ABCB) efflux/conditional auxin transporter)	medtr.A17.gnm5.MtrunA17Chr4	+	59266659	59273476	0.416992282424725	1	NS	2.18255732805546	0.00673967546901764	UP
UP	dnf2_only	medtr.A17.gnm5.ann1_6.MtrunA17Chr1g0206351	MtrunA17Chr1g0206351			medtr.A17.gnm5.MtrunA17Chr1	+	51316322	51319608	0.777569929128883	1	NS	2.17678702543236	0.000960559790264877	UP
UP	dnf2_only	medtr.A17.gnm5.ann1_6.MtrunA17Chr2g0295141	MtrunA17Chr2g0295141	MtPR10-4	Pathogenesis-related protein 10 (TC122461)	medtr.A17.gnm5.MtrunA17Chr2	+	13625957	13627436	-1.26312427278999	0.575509319346455	NS	2.1755589293957	0.00258319391693483	UP
UP	dnf2_only	medtr.A17.gnm5.ann1_6.MtrunA17Chr5g0412701	MtrunA17Chr5g0412701			medtr.A17.gnm5.MtrunA17Chr5	-	14090276	14092788	0.0234836065695576	1	NS	2.17341138070291	0.00518954454695113	UP
UP	dnf2_only	medtr.A17.gnm5.ann1_6.MtrunA17Chr7g0227301	MtrunA17Chr7g0227301			medtr.A17.gnm5.MtrunA17Chr7	-	12470438	12475511	1.56710109810497	0.117605191975794	NS	2.17125751912571	0.00111749476777238	UP
UP	dnf2_only	medtr.A17.gnm5.ann1_6.MtrunA17Chr2g0316301	MtrunA17Chr2g0316301			medtr.A17.gnm5.MtrunA17Chr2	-	38508405	38510381	1.8405571084879	0.167198814079773	NS	2.16775273708401	0.0292674879697324	UP
UP	dnf2_only	medtr.A17.gnm5.ann1_6.MtrunA17Chr4g0010121	MtrunA17Chr4g0010121			medtr.A17.gnm5.MtrunA17Chr4	-	7895122	7897042	1.761929194823	0.0993326165720079	NS	2.16440039399024	0.0075390508964909	UP
UP	dnf2_only	medtr.A17.gnm5.ann1_6.MtrunA17Chr3g0082031	MtrunA17Chr3g0082031			medtr.A17.gnm5.MtrunA17Chr3	-	3924728	3927825	0.338978600771659	1	NS	2.16389083713781	0.0494877119107544	UP
UP	dnf2_only	medtr.A17.gnm5.ann1_6.MtrunA17Chr5g0444921	MtrunA17Chr5g0444921			medtr.A17.gnm5.MtrunA17Chr5	-	42187279	42192238	1.43541720648524	0.357430652510911	NS	2.16180952362278	0.0054562092589537	UP
UP	dnf2_only	medtr.A17.gnm5.ann1_6.MtrunA17Chr4g0043091	MtrunA17Chr4g0043091			medtr.A17.gnm5.MtrunA17Chr4	-	40231022	40237490	1.28459486282353	0.789704849756931	NS	2.16161619883302	0.0417248137330044	UP
UP	dnf2_only	medtr.A17.gnm5.ann1_6.MtrunA17Chr3g0125801	MtrunA17Chr3g0125801			medtr.A17.gnm5.MtrunA17Chr3	-	44207606	44209535	0.665536725632257	1	NS	2.16128951963784	0.0193807179692952	UP
UP	dnf2_only	medtr.A17.gnm5.ann1_6.MtrunA17Chr2g0291501	MtrunA17Chr2g0291501			medtr.A17.gnm5.MtrunA17Chr2	+	10672423	10678715	1.24333090175796	0.81016734038732	NS	2.16116481423194	0.0232014507757981	UP
UP	dnf2_only	medtr.A17.gnm5.ann1_6.MtrunA17Chr5g0435261	MtrunA17Chr5g0435261			medtr.A17.gnm5.MtrunA17Chr5	+	35372975	35374351	-0.338572097904866	1	NS	2.16090303211655	0.0366341806075963	UP
UP	dnf2_only	medtr.A17.gnm5.ann1_6.MtrunA17Chr2g0280281	MtrunA17Chr2g0280281	MtCAPE1	CAP-derived peptide	medtr.A17.gnm5.MtrunA17Chr2	+	2460804	2461326	1.92818958061984	0.141711296632725	NS	2.15986714560222	0.0381329103946811	UP
UP	dnf2_only	medtr.A17.gnm5.ann1_6.MtrunA17Chr1g0151181	MtrunA17Chr1g0151181			medtr.A17.gnm5.MtrunA17Chr1	+	4128515	4129396	1.46301649101251	0.4768849183159	NS	2.15827422071968	0.0219279450417117	UP
UP	dnf2_only	medtr.A17.gnm5.ann1_6.MtrunA17Chr5g0415631	MtrunA17Chr5g0415631			medtr.A17.gnm5.MtrunA17Chr5	-	16404836	16406623	0.882629064606429	1	NS	2.15510932840789	0.0157221262872351	UP
UP	dnf2_only	medtr.A17.gnm5.ann1_6.MtrunA17Chr5g0435581	MtrunA17Chr5g0435581			medtr.A17.gnm5.MtrunA17Chr5	-	35587778	35590697	1.65459220322847	0.135005558250372	NS	2.15473108663583	0.00525534694765287	UP
UP	dnf2_only	medtr.A17.gnm5.ann1_6.MtrunA17Chr8g0374901	MtrunA17Chr8g0374901			medtr.A17.gnm5.MtrunA17Chr8	-	36774344	36776185	1.8181326573749	0.0628371284807195	NS	2.15409079861605	0.0060586635860912	UP
UP	dnf2_only	medtr.A17.gnm5.ann1_6.MtrunA17Chr4g0039971	MtrunA17Chr4g0039971	MtMYB049	Myeloblastosis (MYB) transcription factor 49	medtr.A17.gnm5.MtrunA17Chr4	+	37983291	37985540	0.712537955178056	1	NS	2.15186930438009	0.0209465472550444	UP
UP	dnf2_only	medtr.A17.gnm5.ann1_6.MtrunA17Chr1g0193941	MtrunA17Chr1g0193941			medtr.A17.gnm5.MtrunA17Chr1	+	42284977	42289193	2.13790038808246	0.0617564933250107	NS	2.15161132696095	0.0353952979201299	UP
UP	dnf2_only	medtr.A17.gnm5.ann1_6.MtrunA17Chr5g0409141	MtrunA17Chr5g0409141			medtr.A17.gnm5.MtrunA17Chr5	+	11012601	11017779	1.12279572936114	0.933668541249056	NS	2.15056035820357	0.00525855557052887	UP
UP	dnf2_only	medtr.A17.gnm5.ann1_6.MtrunA17Chr1g0167781	MtrunA17Chr1g0167781			medtr.A17.gnm5.MtrunA17Chr1	-	16657637	16658459	-0.601811527033155	1	NS	2.14973614731155	0.0410605674786937	UP
UP	dnf2_only	medtr.A17.gnm5.ann1_6.MtrunA17Chr4g0040201	MtrunA17Chr4g0040201			medtr.A17.gnm5.MtrunA17Chr4	+	38169581	38170716	-0.469787555871024	1	NS	2.14794483141595	0.0367980509210677	UP
UP	dnf2_only	medtr.A17.gnm5.ann1_6.MtrunA17Chr1g0161761	MtrunA17Chr1g0161761			medtr.A17.gnm5.MtrunA17Chr1	-	11855899	11856925	0.155885961583215	1	NS	2.14775954250018	0.0469470226620376	UP
UP	dnf2_only	medtr.A17.gnm5.ann1_6.MtrunA17Chr2g0279241	MtrunA17Chr2g0279241			medtr.A17.gnm5.MtrunA17Chr2	+	1717927	1721202	0.645864649034983	1	NS	2.14599633882412	0.00590347407941034	UP
UP	dnf2_only	medtr.A17.gnm5.ann1_6.MtrunA17Chr8g0345281	MtrunA17Chr8g0345281			medtr.A17.gnm5.MtrunA17Chr8	-	8345280	8351138	1.53038149364636	0.0806662972755377	NS	2.14209878655424	0.000395923105245331	UP
UP	dnf2_only	medtr.A17.gnm5.ann1_6.MtrunA17Chr2g0332261	MtrunA17Chr2g0332261			medtr.A17.gnm5.MtrunA17Chr2	+	50362320	50366187	1.95994316192101	0.0674922151675713	NS	2.14117847369972	0.0171591888776692	UP
UP	dnf2_only	medtr.A17.gnm5.ann1_6.MtrunA17Chr1g0196801	MtrunA17Chr1g0196801	MtENODL3|MtPCY48	ENOD-like 3|Plantacyanin/Chemocyanin 48	medtr.A17.gnm5.MtrunA17Chr1	-	44240847	44242148	1.782323641143	0.208919032229392	NS	2.13702839949723	0.0367550732566463	UP
UP	dnf2_only	medtr.A17.gnm5.ann1_6.MtrunA17Chr1g0206531	MtrunA17Chr1g0206531			medtr.A17.gnm5.MtrunA17Chr1	-	51454167	51457951	0.562630408566014	1	NS	2.13535615591338	0.00579697171479715	UP
UP	dnf2_only	medtr.A17.gnm5.ann1_6.MtrunA17Chr3g0113671	MtrunA17Chr3g0113671			medtr.A17.gnm5.MtrunA17Chr3	+	35314049	35317251	1.44075289636429	0.444570546169758	NS	2.13481978255427	0.0151920386576131	UP
UP	dnf2_only	medtr.A17.gnm5.ann1_6.MtrunA17Chr3g0120361	MtrunA17Chr3g0120361	MtZIP4	Zinc-Iron Permease 4	medtr.A17.gnm5.MtrunA17Chr3	+	40470884	40477950	1.95167814916439	0.10264310447326	NS	2.13288947197804	0.030818768552332	UP
UP	dnf2_only	medtr.A17.gnm5.ann1_6.MtrunA17Chr8g0336751	MtrunA17Chr8g0336751			medtr.A17.gnm5.MtrunA17Chr8	+	1881770	1883718	0.040222442838854	1	NS	2.12802965945977	0.00559014407403438	UP
UP	dnf2_only	medtr.A17.gnm5.ann1_6.MtrunA17Chr2g0284211	MtrunA17Chr2g0284211			medtr.A17.gnm5.MtrunA17Chr2	-	5138012	5143953	1.60106083446218	0.213455980258531	NS	2.12363865674873	0.00947532158474855	UP
UP	dnf2_only	medtr.A17.gnm5.ann1_6.MtrunA17Chr1g0175941	MtrunA17Chr1g0175941			medtr.A17.gnm5.MtrunA17Chr1	+	27450643	27457328	1.91994140754563	0.146426237790629	NS	2.12313259030968	0.0449382709217898	UP
UP	dnf2_only	medtr.A17.gnm5.ann1_6.MtrunA17Chr8g0379011	MtrunA17Chr8g0379011			medtr.A17.gnm5.MtrunA17Chr8	+	39853215	39857132	0.751604959234551	1	NS	2.12213062777841	0.000779643944283117	UP
UP	dnf2_only	medtr.A17.gnm5.ann1_6.MtrunA17Chr3g0130321	MtrunA17Chr3g0130321			medtr.A17.gnm5.MtrunA17Chr3	-	47524834	47526027	0.521941216808966	1	NS	2.12202576404058	0.0398002406633315	UP
UP	dnf2_only	medtr.A17.gnm5.ann1_6.MtrunA17Chr5g0432871	MtrunA17Chr5g0432871			medtr.A17.gnm5.MtrunA17Chr5	-	33482782	33491711	0.403357057904303	1	NS	2.12000475361687	0.0222508317826399	UP
UP	dnf2_only	medtr.A17.gnm5.ann1_6.MtrunA17Chr5g0399521	MtrunA17Chr5g0399521			medtr.A17.gnm5.MtrunA17Chr5	-	4094374	4096118	0.654456214972761	1	NS	2.11985249895084	0.000837382023316661	UP
UP	dnf2_only	medtr.A17.gnm5.ann1_6.MtrunA17Chr4g0065821	MtrunA17Chr4g0065821			medtr.A17.gnm5.MtrunA17Chr4	+	56852771	56855505	1.249363910662	0.543018024093786	NS	2.11860770640467	0.00146833165945339	UP
UP	dnf2_only	medtr.A17.gnm5.ann1_6.MtrunA17Chr6g0462051	MtrunA17Chr6g0462051			medtr.A17.gnm5.MtrunA17Chr6	-	11173127	11179843	0.673330174535772	1	NS	2.1185124684086	0.00221766271325499	UP
UP	dnf2_only	medtr.A17.gnm5.ann1_6.MtrunA17Chr1g0200971	MtrunA17Chr1g0200971			medtr.A17.gnm5.MtrunA17Chr1	+	47502184	47503584	0.757813499577311	1	NS	2.1146884594644	0.0108306130824824	UP
UP	dnf2_only	medtr.A17.gnm5.ann1_6.MtrunA17Chr5g0435091	MtrunA17Chr5g0435091			medtr.A17.gnm5.MtrunA17Chr5	-	35235654	35238856	-0.479820900395804	1	NS	2.11177151583115	0.0182396972081382	UP
UP	dnf2_only	medtr.A17.gnm5.ann1_6.MtrunA17Chr4g0034601	MtrunA17Chr4g0034601			medtr.A17.gnm5.MtrunA17Chr4	-	34173165	34175841	1.04778212239089	1	NS	2.10747713494317	0.00238150948129425	UP
UP	dnf2_only	medtr.A17.gnm5.ann1_6.MtrunA17Chr6g0452391	MtrunA17Chr6g0452391			medtr.A17.gnm5.MtrunA17Chr6	+	2767123	2768963	-0.359627497542992	1	NS	2.09985910989344	0.000218199424591028	UP
UP	dnf2_only	medtr.A17.gnm5.ann1_6.MtrunA17MTg0490131	MtrunA17MTg0490131			medtr.A17.gnm5.MtrunA17MT	-	4668	8447	0.582907053274912	1	NS	2.09807537440726	0.00853088230485929	UP
UP	dnf2_only	medtr.A17.gnm5.ann1_6.MtrunA17Chr4g0035551	MtrunA17Chr4g0035551			medtr.A17.gnm5.MtrunA17Chr4	+	34897926	34900064	0.860500947844769	1	NS	2.09662369243244	0.000586547214291337	UP
UP	dnf2_only	medtr.A17.gnm5.ann1_6.MtrunA17Chr2g0331191	MtrunA17Chr2g0331191			medtr.A17.gnm5.MtrunA17Chr2	-	49662305	49665093	-0.143655491933446	1	NS	2.0945584239611	0.00323670071262576	UP
UP	dnf2_only	medtr.A17.gnm5.ann1_6.MtrunA17Chr5g0400331	MtrunA17Chr5g0400331	MtPrx90	peroxidase	medtr.A17.gnm5.MtrunA17Chr5	+	4687207	4689327	1.65480473880338	0.276452456471959	NS	2.09359361506602	0.0339377070191194	UP
UP	dnf2_only	medtr.A17.gnm5.ann1_6.MtrunA17Chr2g0283811	MtrunA17Chr2g0283811	MtCDFe3	CYCLING DOF FACTOR	medtr.A17.gnm5.MtrunA17Chr2	-	4840662	4841512	0.179572149277008	1	NS	2.09043950603051	0.0179174204457059	UP
UP	dnf2_only	medtr.A17.gnm5.ann1_6.MtrunA17Chr7g0262901	MtrunA17Chr7g0262901			medtr.A17.gnm5.MtrunA17Chr7	+	46908419	46914712	0.945464740610969	1	NS	2.08869967273868	0.00801182705376494	UP
UP	dnf2_only	medtr.A17.gnm5.ann1_6.MtrunA17Chr2g0325821	MtrunA17Chr2g0325821			medtr.A17.gnm5.MtrunA17Chr2	-	45642865	45648403	0.610515131148877	1	NS	2.088146978622	0.0130068280976736	UP
UP	dnf2_only	medtr.A17.gnm5.ann1_6.MtrunA17Chr7g0253401	MtrunA17Chr7g0253401			medtr.A17.gnm5.MtrunA17Chr7	-	40025256	40027845	0.926752713684661	1	NS	2.08723829432032	0.00221461672763013	UP
UP	dnf2_only	medtr.A17.gnm5.ann1_6.MtrunA17Chr1g0211041	MtrunA17Chr1g0211041			medtr.A17.gnm5.MtrunA17Chr1	-	54690644	54692375	0.218721685580282	1	NS	2.08654534917778	0.0168796753804217	UP
UP	dnf2_only	medtr.A17.gnm5.ann1_6.MtrunA17Chr4g0042831	MtrunA17Chr4g0042831			medtr.A17.gnm5.MtrunA17Chr4	-	40064174	40068100	0.762483176170731	1	NS	2.08488407515055	0.000437712770876298	UP
UP	dnf2_only	medtr.A17.gnm5.ann1_6.MtrunA17Chr3g0080741	MtrunA17Chr3g0080741			medtr.A17.gnm5.MtrunA17Chr3	+	2821663	2825317	0.657017802940552	1	NS	2.08477505244817	0.0408902807614892	UP
UP	dnf2_only	medtr.A17.gnm5.ann1_6.MtrunA17Chr3g0116541	MtrunA17Chr3g0116541			medtr.A17.gnm5.MtrunA17Chr3	+	37800600	37802173	1.65866912084182	0.229311124260638	NS	2.08301031187526	0.026740076133227	UP
UP	dnf2_only	medtr.A17.gnm5.ann1_6.MtrunA17Chr5g0415511	MtrunA17Chr5g0415511			medtr.A17.gnm5.MtrunA17Chr5	-	16323644	16327348	0.6254703965373	1	NS	2.08159810723216	0.0019898744255776	UP
UP	dnf2_only	medtr.A17.gnm5.ann1_6.MtrunA17Chr2g0315131	MtrunA17Chr2g0315131			medtr.A17.gnm5.MtrunA17Chr2	+	37432522	37439004	1.07299932414618	1	NS	2.07935481954518	0.00945952622207104	UP
UP	dnf2_only	medtr.A17.gnm5.ann1_6.MtrunA17Chr4g0054001	MtrunA17Chr4g0054001			medtr.A17.gnm5.MtrunA17Chr4	+	47871542	47875905	1.94350762289086	0.0847219075298682	NS	2.07873367267682	0.0282365434484162	UP
UP	dnf2_only	medtr.A17.gnm5.ann1_6.MtrunA17Chr8g0352571	MtrunA17Chr8g0352571			medtr.A17.gnm5.MtrunA17Chr8	-	14502646	14506425	1.4657357312288	0.317738607866142	NS	2.07681677300584	0.0080476637859101	UP
UP	dnf2_only	medtr.A17.gnm5.ann1_6.MtrunA17Chr8g0387701	MtrunA17Chr8g0387701			medtr.A17.gnm5.MtrunA17Chr8	-	45790641	45791566	1.90190285216328	0.0723719665841413	NS	2.07674194971634	0.0178354300256215	UP
UP	dnf2_only	medtr.A17.gnm5.ann1_6.MtrunA17Chr8g0338551	MtrunA17Chr8g0338551			medtr.A17.gnm5.MtrunA17Chr8	-	2962451	2968456	2.04413071558849	0.0596153763450158	NS	2.06977041710342	0.0318759710879189	UP
UP	dnf2_only	medtr.A17.gnm5.ann1_6.MtrunA17Chr7g0222831	MtrunA17Chr7g0222831			medtr.A17.gnm5.MtrunA17Chr7	-	8110851	8111795	0.268195221091984	1	NS	2.06876648534161	0.0176722906731086	UP
UP	dnf2_only	medtr.A17.gnm5.ann1_6.MtrunA17Chr4g0065231	MtrunA17Chr4g0065231			medtr.A17.gnm5.MtrunA17Chr4	+	56399232	56401454	1.69450075850837	0.12713064136322	NS	2.06587129305253	0.0110599658262253	UP
UP	dnf2_only	medtr.A17.gnm5.ann1_6.MtrunA17Chr7g0244451	MtrunA17Chr7g0244451	MtPrx33	peroxidase	medtr.A17.gnm5.MtrunA17Chr7	+	33676514	33682247	0.506120952213875	1	NS	2.0648705775299	0.0102137055937767	UP
UP	dnf2_only	medtr.A17.gnm5.ann1_6.MtrunA17Chr5g0439121	MtrunA17Chr5g0439121			medtr.A17.gnm5.MtrunA17Chr5	+	38116993	38124821	0.871292837389835	1	NS	2.0624884184535	0.0229381128467969	UP
UP	dnf2_only	medtr.A17.gnm5.ann1_6.MtrunA17Chr5g0413621	MtrunA17Chr5g0413621			medtr.A17.gnm5.MtrunA17Chr5	+	14809988	14813360	1.83672554850174	0.120939183081604	NS	2.05922091770508	0.0276497023877349	UP
UP	dnf2_only	medtr.A17.gnm5.ann1_6.MtrunA17Chr8g0385641	MtrunA17Chr8g0385641			medtr.A17.gnm5.MtrunA17Chr8	-	44220903	44224361	1.6977848525185	0.224881887222559	NS	2.05801732678073	0.0338042042824891	UP
UP	dnf2_only	medtr.A17.gnm5.ann1_6.MtrunA17Chr3g0145011	MtrunA17Chr3g0145011			medtr.A17.gnm5.MtrunA17Chr3	-	58243480	58247249	1.55476717940327	0.374615714445051	NS	2.052137078235	0.0384903777896118	UP
UP	dnf2_only	medtr.A17.gnm5.ann1_6.MtrunA17Chr3g0100611	MtrunA17Chr3g0100611			medtr.A17.gnm5.MtrunA17Chr3	-	25110704	25115707	1.58345566887305	0.210026696216297	NS	2.05031055764045	0.011914095538435	UP
UP	dnf2_only	medtr.A17.gnm5.ann1_6.MtrunA17Chr7g0250371	MtrunA17Chr7g0250371			medtr.A17.gnm5.MtrunA17Chr7	-	37826849	37832821	0.651735672469792	1	NS	2.04309222264432	0.0119315683046174	UP
UP	dnf2_only	medtr.A17.gnm5.ann1_6.MtrunA17Chr8g0386491	MtrunA17Chr8g0386491			medtr.A17.gnm5.MtrunA17Chr8	+	44883565	44891089	1.02259382847175	1	NS	2.03971948442429	0.0146200331869757	UP
UP	dnf2_only	medtr.A17.gnm5.ann1_6.MtrunA17Chr3g0125731	MtrunA17Chr3g0125731			medtr.A17.gnm5.MtrunA17Chr3	-	44184386	44185836	1.2505844147098	0.453868903029557	NS	2.03825929651844	0.000699813038158442	UP
UP	dnf2_only	medtr.A17.gnm5.ann1_6.MtrunA17Chr7g0271691	MtrunA17Chr7g0271691			medtr.A17.gnm5.MtrunA17Chr7	-	53051733	53055075	0.771361944907822	1	NS	2.03822899859382	9.96765045657772e-05	UP
UP	dnf2_only	medtr.A17.gnm5.ann1_6.MtrunA17Chr8g0377921	MtrunA17Chr8g0377921			medtr.A17.gnm5.MtrunA17Chr8	+	39127219	39129108	-0.327022543331566	1	NS	2.03742700823631	0.00957090260682545	UP
UP	dnf2_only	medtr.A17.gnm5.ann1_6.MtrunA17Chr4g0027951	MtrunA17Chr4g0027951			medtr.A17.gnm5.MtrunA17Chr4	-	29001677	29003684	-0.0843530579482664	1	NS	2.035226793686	0.0203535546673928	UP
UP	dnf2_only	medtr.A17.gnm5.ann1_6.MtrunA17Chr4g0010271	MtrunA17Chr4g0010271	MtVAMP721a	vesicle-associated membrane protein 721a	medtr.A17.gnm5.MtrunA17Chr4	-	8055990	8061728	0.790816084529697	1	NS	2.03499313700978	0.00733321777716984	UP
UP	dnf2_only	medtr.A17.gnm5.ann1_6.MtrunA17Chr7g0249931	MtrunA17Chr7g0249931			medtr.A17.gnm5.MtrunA17Chr7	-	37580768	37583032	0.265453300523693	1	NS	2.03487370204369	0.0151714578160687	UP
UP	dnf2_only	medtr.A17.gnm5.ann1_6.MtrunA17Chr5g0410621	MtrunA17Chr5g0410621			medtr.A17.gnm5.MtrunA17Chr5	+	12205288	12209599	0.660074741562891	1	NS	2.02766986109579	0.00189233677117039	UP
UP	dnf2_only	medtr.A17.gnm5.ann1_6.MtrunA17Chr3g0144851	MtrunA17Chr3g0144851			medtr.A17.gnm5.MtrunA17Chr3	+	58134581	58136454	1.54022987900024	0.366879789944503	NS	2.02703128403669	0.0405748705285527	UP
UP	dnf2_only	medtr.A17.gnm5.ann1_6.MtrunA17Chr8g0390061	MtrunA17Chr8g0390061			medtr.A17.gnm5.MtrunA17Chr8	+	47390065	47391705	1.39337799570084	0.22986304368559	NS	2.02542874863926	0.00132262960418006	UP
UP	dnf2_only	medtr.A17.gnm5.ann1_6.MtrunA17Chr3g0101441	MtrunA17Chr3g0101441			medtr.A17.gnm5.MtrunA17Chr3	-	25883842	25890821	0.913922484466772	1	NS	2.02125540296505	0.0068043355235813	UP
UP	dnf2_only	medtr.A17.gnm5.ann1_6.MtrunA17Chr4g0061721	MtrunA17Chr4g0061721			medtr.A17.gnm5.MtrunA17Chr4	-	53760240	53762606	0.679522923260227	1	NS	2.01836265196622	0.00674353430583509	UP
UP	dnf2_only	medtr.A17.gnm5.ann1_6.MtrunA17Chr1g0153981	MtrunA17Chr1g0153981			medtr.A17.gnm5.MtrunA17Chr1	+	6318372	6322145	0.652718754420517	1	NS	2.01755799963491	0.000779038718033511	UP
UP	dnf2_only	medtr.A17.gnm5.ann1_6.MtrunA17Chr8g0349361	MtrunA17Chr8g0349361			medtr.A17.gnm5.MtrunA17Chr8	+	11843706	11847965	1.08913220312549	0.913661550797435	NS	2.01338133450798	0.000801446258898483	UP
UP	dnf2_only	medtr.A17.gnm5.ann1_6.MtrunA17Chr7g0261951	MtrunA17Chr7g0261951			medtr.A17.gnm5.MtrunA17Chr7	+	46173416	46182139	1.20085735751705	0.547035217885734	NS	2.00489341696607	0.00065598962928004	UP
UP	dnf2_only	medtr.A17.gnm5.ann1_6.MtrunA17Chr3g0144861	MtrunA17Chr3g0144861			medtr.A17.gnm5.MtrunA17Chr3	-	58135252	58136014	1.66050543684889	0.195050453630357	NS	2.00209566781909	0.0277273528871567	UP
UP	dnf2_only	medtr.A17.gnm5.ann1_6.MtrunA17Chr1g0152461	MtrunA17Chr1g0152461			medtr.A17.gnm5.MtrunA17Chr1	+	5198156	5199903	0.828394091824064	1	NS	2.00038422267476	0.0149450351039683	UP
UP	dnf2_only	medtr.A17.gnm5.ann1_6.MtrunA17Chr7g0271211	MtrunA17Chr7g0271211			medtr.A17.gnm5.MtrunA17Chr7	-	52661234	52663253	1.1990942226586	0.547771547306246	NS	1.99540502227898	0.000766161289603235	UP
UP	dnf2_only	medtr.A17.gnm5.ann1_6.MtrunA17Chr1g0158781	MtrunA17Chr1g0158781			medtr.A17.gnm5.MtrunA17Chr1	+	9566789	9569827	0.449280560990704	1	NS	1.9917127287211	0.00214864304343799	UP
UP	dnf2_only	medtr.A17.gnm5.ann1_6.MtrunA17Chr2g0294781	MtrunA17Chr2g0294781			medtr.A17.gnm5.MtrunA17Chr2	+	13393076	13395149	1.88701036783894	0.0585872522069632	NS	1.98746702150699	0.020663399478661	UP
UP	dnf2_only	medtr.A17.gnm5.ann1_6.MtrunA17Chr5g0399301	MtrunA17Chr5g0399301			medtr.A17.gnm5.MtrunA17Chr5	-	3867967	3869358	0.680165640025617	1	NS	1.98375211743336	0.0420061957006295	UP
UP	dnf2_only	medtr.A17.gnm5.ann1_6.MtrunA17Chr5g0399531	MtrunA17Chr5g0399531			medtr.A17.gnm5.MtrunA17Chr5	+	4094389	4096030	0.523748526412896	1	NS	1.98312664910854	0.00395300707220859	UP
UP	dnf2_only	medtr.A17.gnm5.ann1_6.MtrunA17Chr6g0461341	MtrunA17Chr6g0461341			medtr.A17.gnm5.MtrunA17Chr6	-	10539952	10543584	0.341488165239022	1	NS	1.97965719956296	0.0144608743729015	UP
UP	dnf2_only	medtr.A17.gnm5.ann1_6.MtrunA17Chr8g0356401	MtrunA17Chr8g0356401			medtr.A17.gnm5.MtrunA17Chr8	-	17993329	17993640	0.853536358807573	1	NS	1.97954901143127	0.0316935593187944	UP
UP	dnf2_only	medtr.A17.gnm5.ann1_6.MtrunA17Chr7g0224571	MtrunA17Chr7g0224571			medtr.A17.gnm5.MtrunA17Chr7	-	9859268	9864572	0.409797550623204	1	NS	1.97900235088361	0.00707162455794241	UP
UP	dnf2_only	medtr.A17.gnm5.ann1_6.MtrunA17Chr8g0378931	MtrunA17Chr8g0378931			medtr.A17.gnm5.MtrunA17Chr8	+	39788614	39796278	-0.211750818883715	1	NS	1.97724496909281	0.00615361999527108	UP
UP	dnf2_only	medtr.A17.gnm5.ann1_6.MtrunA17Chr3g0118571	MtrunA17Chr3g0118571			medtr.A17.gnm5.MtrunA17Chr3	+	39188156	39190778	0.34523119940236	1	NS	1.97720868058172	0.0164724081361497	UP
UP	dnf2_only	medtr.A17.gnm5.ann1_6.MtrunA17Chr2g0313591	MtrunA17Chr2g0313591			medtr.A17.gnm5.MtrunA17Chr2	+	36270427	36289425	0.504812758385876	1	NS	1.97278489859791	0.000909895117654853	UP
UP	dnf2_only	medtr.A17.gnm5.ann1_6.MtrunA17Chr8g0370791	MtrunA17Chr8g0370791			medtr.A17.gnm5.MtrunA17Chr8	-	33869504	33873396	1.02952110556406	1	NS	1.96977374215992	0.0119681606051806	UP
UP	dnf2_only	medtr.A17.gnm5.ann1_6.MtrunA17Chr5g0429511	MtrunA17Chr5g0429511			medtr.A17.gnm5.MtrunA17Chr5	+	30867715	30871968	1.82056963883122	0.0534311714301638	NS	1.96568016602082	0.0135122304568779	UP
UP	dnf2_only	medtr.A17.gnm5.ann1_6.MtrunA17Chr1g0161811	MtrunA17Chr1g0161811			medtr.A17.gnm5.MtrunA17Chr1	-	11880785	11882305	0.448453732560868	1	NS	1.96387762907703	0.00377197214284668	UP
UP	dnf2_only	medtr.A17.gnm5.ann1_6.MtrunA17Chr7g0240521	MtrunA17Chr7g0240521			medtr.A17.gnm5.MtrunA17Chr7	-	30343733	30345703	0.421425957760611	1	NS	1.95961714449078	0.00575154841233852	UP
UP	dnf2_only	medtr.A17.gnm5.ann1_6.MtrunA17Chr6g0459141	MtrunA17Chr6g0459141			medtr.A17.gnm5.MtrunA17Chr6	+	8380480	8381678	0.753223721781794	1	NS	1.95856760161499	0.0174348934236767	UP
UP	dnf2_only	medtr.A17.gnm5.ann1_6.MtrunA17Chr7g0234861	MtrunA17Chr7g0234861			medtr.A17.gnm5.MtrunA17Chr7	+	25343993	25345127	1.20987087462433	0.802794794294743	NS	1.95825915238557	0.0289426122848831	UP
UP	dnf2_only	medtr.A17.gnm5.ann1_6.MtrunA17Chr1g0180131	MtrunA17Chr1g0180131			medtr.A17.gnm5.MtrunA17Chr1	+	31334834	31337381	0.491019897986851	1	NS	1.95617734225271	0.00701814433946267	UP
UP	dnf2_only	medtr.A17.gnm5.ann1_6.MtrunA17Chr3g0126181	MtrunA17Chr3g0126181			medtr.A17.gnm5.MtrunA17Chr3	-	44517339	44521397	0.93505798316866	1	NS	1.95521301044285	0.0358406612624342	UP
UP	dnf2_only	medtr.A17.gnm5.ann1_6.MtrunA17Chr7g0253561	MtrunA17Chr7g0253561			medtr.A17.gnm5.MtrunA17Chr7	-	40117174	40121967	1.41401303876616	0.351214943663489	NS	1.95352277684736	0.0132910395137159	UP
UP	dnf2_only	medtr.A17.gnm5.ann1_6.MtrunA17Chr7g0257771	MtrunA17Chr7g0257771	MtREM4.1	remorin 4.1	medtr.A17.gnm5.MtrunA17Chr7	-	43266293	43269887	0.995352243078528	1	NS	1.95202854754723	0.0055612142527458	UP
UP	dnf2_only	medtr.A17.gnm5.ann1_6.MtrunA17Chr4g0071571	MtrunA17Chr4g0071571	MtPIN2	PIN-FORMED auxin efflux carrier component	medtr.A17.gnm5.MtrunA17Chr4	+	60859903	60863006	1.07674102621332	1	NS	1.95088992503187	0.0205540430444157	UP
UP	dnf2_only	medtr.A17.gnm5.ann1_6.MtrunA17Chr2g0302011	MtrunA17Chr2g0302011			medtr.A17.gnm5.MtrunA17Chr2	-	19679990	19684146	0.921244762691633	1	NS	1.94734327742221	0.0454231830873134	UP
UP	dnf2_only	medtr.A17.gnm5.ann1_6.MtrunA17Chr1g0180551	MtrunA17Chr1g0180551			medtr.A17.gnm5.MtrunA17Chr1	+	31682638	31691585	1.37279046697316	0.365199865380965	NS	1.94731549921934	0.00841790877605	UP
UP	dnf2_only	medtr.A17.gnm5.ann1_6.MtrunA17Chr5g0423341	MtrunA17Chr5g0423341			medtr.A17.gnm5.MtrunA17Chr5	-	25175286	25177790	1.57732814590184	0.281116276209579	NS	1.94701133319482	0.039649330421148	UP
UP	dnf2_only	medtr.A17.gnm5.ann1_6.MtrunA17Chr4g0039311	MtrunA17Chr4g0039311			medtr.A17.gnm5.MtrunA17Chr4	+	37524843	37528356	0.234030381971557	1	NS	1.94676817461183	0.00294404502691879	UP
UP	dnf2_only	medtr.A17.gnm5.ann1_6.MtrunA17Chr7g0235131	MtrunA17Chr7g0235131			medtr.A17.gnm5.MtrunA17Chr7	+	25530568	25532727	-0.368453064908597	1	NS	1.94670611789435	0.0369675314320442	UP
UP	dnf2_only	medtr.A17.gnm5.ann1_6.MtrunA17Chr8g0352831	MtrunA17Chr8g0352831			medtr.A17.gnm5.MtrunA17Chr8	+	14662518	14667729	0.0164059479651581	1	NS	1.94436514842069	0.0381649785143998	UP
UP	dnf2_only	medtr.A17.gnm5.ann1_6.MtrunA17Chr4g0004201	MtrunA17Chr4g0004201			medtr.A17.gnm5.MtrunA17Chr4	+	3248537	3250840	1.25134077263926	0.53750265320453	NS	1.94099857341349	0.00529242480566908	UP
UP	dnf2_only	medtr.A17.gnm5.ann1_6.MtrunA17Chr4g0005351	MtrunA17Chr4g0005351			medtr.A17.gnm5.MtrunA17Chr4	-	4265837	4270958	0.54320298485442	1	NS	1.93885004598125	0.0106041569421502	UP
UP	dnf2_only	medtr.A17.gnm5.ann1_6.MtrunA17Chr3g0114411	MtrunA17Chr3g0114411			medtr.A17.gnm5.MtrunA17Chr3	-	35909620	35911534	0.863539823317972	1	NS	1.93791616745008	0.0256681014301189	UP
UP	dnf2_only	medtr.A17.gnm5.ann1_6.MtrunA17Chr2g0328421	MtrunA17Chr2g0328421			medtr.A17.gnm5.MtrunA17Chr2	-	47732274	47736193	0.0928185497723327	1	NS	1.93446525244481	0.0476684841297767	UP
UP	dnf2_only	medtr.A17.gnm5.ann1_6.MtrunA17Chr8g0361431	MtrunA17Chr8g0361431			medtr.A17.gnm5.MtrunA17Chr8	+	25779379	25784758	1.47351630904027	0.235425949632105	NS	1.9301335428505	0.00811862983692434	UP
UP	dnf2_only	medtr.A17.gnm5.ann1_6.MtrunA17Chr3g0092131	MtrunA17Chr3g0092131			medtr.A17.gnm5.MtrunA17Chr3	-	13486519	13490667	1.69428111569908	0.0722753776839395	NS	1.92932232440591	0.00998419277721546	UP
UP	dnf2_only	medtr.A17.gnm5.ann1_6.MtrunA17Chr2g0313541	MtrunA17Chr2g0313541			medtr.A17.gnm5.MtrunA17Chr2	+	36252990	36261807	0.368480766990254	1	NS	1.92768505598563	0.0482269596513	UP
UP	dnf2_only	medtr.A17.gnm5.ann1_6.MtrunA17Chr8g0342491	MtrunA17Chr8g0342491			medtr.A17.gnm5.MtrunA17Chr8	+	5921378	5926084	1.43846600358842	0.251945168578347	NS	1.92275853810843	0.00837684812117944	UP
UP	dnf2_only	medtr.A17.gnm5.ann1_6.MtrunA17Chr2g0284041	MtrunA17Chr2g0284041			medtr.A17.gnm5.MtrunA17Chr2	+	5022158	5026365	0.879949822077376	1	NS	1.91456313979912	0.0289426122848831	UP
UP	dnf2_only	medtr.A17.gnm5.ann1_6.MtrunA17Chr6g0487031	MtrunA17Chr6g0487031			medtr.A17.gnm5.MtrunA17Chr6	+	41387690	41392642	0.0407339132802616	1	NS	1.91347012576459	0.0413797383393645	UP
UP	dnf2_only	medtr.A17.gnm5.ann1_6.MtrunA17Chr8g0390631	MtrunA17Chr8g0390631			medtr.A17.gnm5.MtrunA17Chr8	+	47747397	47755324	-0.178892339155009	1	NS	1.91096185117023	0.0280453854119271	UP
UP	dnf2_only	medtr.A17.gnm5.ann1_6.MtrunA17Chr4g0018961	MtrunA17Chr4g0018961			medtr.A17.gnm5.MtrunA17Chr4	-	14314460	14315163	0.243988943749318	1	NS	1.90665397833599	0.0339045038153983	UP
UP	dnf2_only	medtr.A17.gnm5.ann1_6.MtrunA17Chr2g0301621	MtrunA17Chr2g0301621			medtr.A17.gnm5.MtrunA17Chr2	-	19341886	19349484	-0.266864520678693	1	NS	1.90494334244292	0.0437322234473426	UP
UP	dnf2_only	medtr.A17.gnm5.ann1_6.MtrunA17Chr6g0461331	MtrunA17Chr6g0461331			medtr.A17.gnm5.MtrunA17Chr6	+	10539527	10542070	0.20540945782896	1	NS	1.90389942465841	0.00780464479591712	UP
UP	dnf2_only	medtr.A17.gnm5.ann1_6.MtrunA17Chr4g0076311	MtrunA17Chr4g0076311	MtLAT52/POE_31	Late Anther Tomato52/Pollen Ole e 1 Allergen and Extensin	medtr.A17.gnm5.MtrunA17Chr4	-	64227019	64229591	1.77086429142704	0.0528267193283142	NS	1.89824126483123	0.0141337065745734	UP
UP	dnf2_only	medtr.A17.gnm5.ann1_6.MtrunA17Chr2g0284311	MtrunA17Chr2g0284311			medtr.A17.gnm5.MtrunA17Chr2	-	5202198	5204469	0.907177694565341	1	NS	1.8967169377137	0.0211444049307627	UP
UP	dnf2_only	medtr.A17.gnm5.ann1_6.MtrunA17Chr8g0388831	MtrunA17Chr8g0388831			medtr.A17.gnm5.MtrunA17Chr8	+	46491062	46495099	0.514178727625238	1	NS	1.89304149055748	0.0453389028600165	UP
UP	dnf2_only	medtr.A17.gnm5.ann1_6.MtrunA17Chr7g0247271	MtrunA17Chr7g0247271			medtr.A17.gnm5.MtrunA17Chr7	+	35747138	35752917	0.251633523033018	1	NS	1.88897103320269	0.00088170878464661	UP
UP	dnf2_only	medtr.A17.gnm5.ann1_6.MtrunA17Chr4g0063431	MtrunA17Chr4g0063431			medtr.A17.gnm5.MtrunA17Chr4	-	55020532	55022309	1.73389547413433	0.100725780818762	NS	1.88649515286986	0.0283622773055203	UP
UP	dnf2_only	medtr.A17.gnm5.ann1_6.MtrunA17Chr8g0336761	MtrunA17Chr8g0336761			medtr.A17.gnm5.MtrunA17Chr8	+	1886966	1890297	0.874145174850445	1	NS	1.88505635582892	0.0138381187968321	UP
UP	dnf2_only	medtr.A17.gnm5.ann1_6.MtrunA17Chr7g0270831	MtrunA17Chr7g0270831			medtr.A17.gnm5.MtrunA17Chr7	-	52388877	52392211	0.507103506183302	1	NS	1.88497390067499	0.0216952765082395	UP
UP	dnf2_only	medtr.A17.gnm5.ann1_6.MtrunA17Chr2g0331081	MtrunA17Chr2g0331081			medtr.A17.gnm5.MtrunA17Chr2	-	49568849	49580519	0.355214280162323	1	NS	1.88467675621122	0.0159787189860038	UP
UP	dnf2_only	medtr.A17.gnm5.ann1_6.MtrunA17Chr1g0189841	MtrunA17Chr1g0189841			medtr.A17.gnm5.MtrunA17Chr1	+	39193427	39194855	0.134029284242693	1	NS	1.88301082338078	0.0108008986821325	UP
UP	dnf2_only	medtr.A17.gnm5.ann1_6.MtrunA17Chr1g0201671	MtrunA17Chr1g0201671			medtr.A17.gnm5.MtrunA17Chr1	-	47974409	47977554	0.525831601362663	1	NS	1.88145389764359	0.0174348934236767	UP
UP	dnf2_only	medtr.A17.gnm5.ann1_6.MtrunA17Chr4g0005111	MtrunA17Chr4g0005111			medtr.A17.gnm5.MtrunA17Chr4	-	4116543	4117563	0.243970575455141	1	NS	1.88123082541421	0.0205948101414601	UP
UP	dnf2_only	medtr.A17.gnm5.ann1_6.MtrunA17Chr6g0458181	MtrunA17Chr6g0458181			medtr.A17.gnm5.MtrunA17Chr6	-	7743348	7750451	0.665233060586577	1	NS	1.87895887326257	0.00394433702670827	UP
UP	dnf2_only	medtr.A17.gnm5.ann1_6.MtrunA17Chr8g0379581	MtrunA17Chr8g0379581			medtr.A17.gnm5.MtrunA17Chr8	+	40212642	40214184	0.668210931972156	1	NS	1.87228874995511	0.00230936822282135	UP
UP	dnf2_only	medtr.A17.gnm5.ann1_6.MtrunA17Chr1g0169271	MtrunA17Chr1g0169271			medtr.A17.gnm5.MtrunA17Chr1	+	17994550	18000232	1.75008614669603	0.109504756889094	NS	1.86965018025227	0.0368470754380489	UP
UP	dnf2_only	medtr.A17.gnm5.ann1_6.MtrunA17Chr1g0153271	MtrunA17Chr1g0153271			medtr.A17.gnm5.MtrunA17Chr1	+	5831515	5835078	0.447785430530997	1	NS	1.86817947131482	0.0132854862413685	UP
UP	dnf2_only	medtr.A17.gnm5.ann1_6.MtrunA17Chr1g0200811	MtrunA17Chr1g0200811	MtSUT1-1|MtSUT1.1	sucrose transporter	medtr.A17.gnm5.MtrunA17Chr1	-	47317676	47322375	0.959818452282912	1	NS	1.86178030018387	0.0140806097079795	UP
UP	dnf2_only	medtr.A17.gnm5.ann1_6.MtrunA17Chr1g0203401	MtrunA17Chr1g0203401	MtREM1.1	remorin 1.1	medtr.A17.gnm5.MtrunA17Chr1	+	49236221	49238931	1.20837875198664	0.365365276430555	NS	1.85901043062011	0.000262577969129368	UP
UP	dnf2_only	medtr.A17.gnm5.ann1_6.MtrunA17Chr3g0108361	MtrunA17Chr3g0108361			medtr.A17.gnm5.MtrunA17Chr3	+	31730766	31738852	0.25128656316352	1	NS	1.85222239597222	0.00990960824754316	UP
UP	dnf2_only	medtr.A17.gnm5.ann1_6.MtrunA17Chr7g0218211	MtrunA17Chr7g0218211			medtr.A17.gnm5.MtrunA17Chr7	-	3593561	3597016	1.00733242089376	1	NS	1.85063489679875	0.00432551667987833	UP
UP	dnf2_only	medtr.A17.gnm5.ann1_6.MtrunA17Chr7g0274061	MtrunA17Chr7g0274061			medtr.A17.gnm5.MtrunA17Chr7	-	54504967	54508164	-0.0191402196799934	1	NS	1.84569656432155	0.00559014407403438	UP
UP	dnf2_only	medtr.A17.gnm5.ann1_6.MtrunA17Chr8g0348081	MtrunA17Chr8g0348081			medtr.A17.gnm5.MtrunA17Chr8	+	10825178	10828195	-0.0119863156687002	1	NS	1.84394996834785	0.00748499303936077	UP
UP	dnf2_only	medtr.A17.gnm5.ann1_6.MtrunA17Chr4g0038271	MtrunA17Chr4g0038271	MtCYP86B6	Cytochrome P450 monooxygenase	medtr.A17.gnm5.MtrunA17Chr4	-	36643833	36646755	1.41876443596308	0.299591390576651	NS	1.84300820379628	0.0169182381237912	UP
UP	dnf2_only	medtr.A17.gnm5.ann1_6.MtrunA17Chr6g0453081	MtrunA17Chr6g0453081			medtr.A17.gnm5.MtrunA17Chr6	+	3433743	3437009	0.354680110475938	1	NS	1.84203785341006	0.0135698494016313	UP
UP	dnf2_only	medtr.A17.gnm5.ann1_6.MtrunA17Chr8g0352581	MtrunA17Chr8g0352581			medtr.A17.gnm5.MtrunA17Chr8	+	14514345	14518831	1.64460980041948	0.122790392278162	NS	1.8383854246608	0.0255429752431197	UP
UP	dnf2_only	medtr.A17.gnm5.ann1_6.MtrunA17Chr2g0334121	MtrunA17Chr2g0334121			medtr.A17.gnm5.MtrunA17Chr2	+	51765161	51765965	0.72308130543613	1	NS	1.8353879913433	0.0241168772279287	UP
UP	dnf2_only	medtr.A17.gnm5.ann1_6.MtrunA17Chr1g0201681	MtrunA17Chr1g0201681			medtr.A17.gnm5.MtrunA17Chr1	+	47975159	47975671	0.656448861391643	1	NS	1.83532621617587	0.0184593055059032	UP
UP	dnf2_only	medtr.A17.gnm5.ann1_6.MtrunA17Chr4g0038641	MtrunA17Chr4g0038641			medtr.A17.gnm5.MtrunA17Chr4	+	36872486	36873992	0.58469689805884	1	NS	1.82938659088617	0.00219589638116963	UP
UP	dnf2_only	medtr.A17.gnm5.ann1_6.MtrunA17Chr4g0076281	MtrunA17Chr4g0076281			medtr.A17.gnm5.MtrunA17Chr4	+	64212358	64216857	0.488183833499728	1	NS	1.82554102509962	0.0040071536628248	UP
UP	dnf2_only	medtr.A17.gnm5.ann1_6.MtrunA17Chr6g0484841	MtrunA17Chr6g0484841			medtr.A17.gnm5.MtrunA17Chr6	-	39360913	39365624	0.82131410803564	1	NS	1.82429972307957	0.0290227731331393	UP
UP	dnf2_only	medtr.A17.gnm5.ann1_6.MtrunA17Chr2g0319791	MtrunA17Chr2g0319791			medtr.A17.gnm5.MtrunA17Chr2	+	41137934	41139597	1.26101534700193	0.675397991431928	NS	1.8236380229037	0.045955933150927	UP
UP	dnf2_only	medtr.A17.gnm5.ann1_6.MtrunA17Chr4g0014901	MtrunA17Chr4g0014901			medtr.A17.gnm5.MtrunA17Chr4	+	12280006	12284694	0.76039244372391	1	NS	1.82004170931642	0.00862971233199083	UP
UP	dnf2_only	medtr.A17.gnm5.ann1_6.MtrunA17Chr8g0368691	MtrunA17Chr8g0368691			medtr.A17.gnm5.MtrunA17Chr8	-	32044645	32055064	0.265801962258692	1	NS	1.81734050068846	0.00234063999850672	UP
UP	dnf2_only	medtr.A17.gnm5.ann1_6.MtrunA17Chr4g0055471	MtrunA17Chr4g0055471			medtr.A17.gnm5.MtrunA17Chr4	-	49057721	49062635	0.74272154559548	1	NS	1.81491214869568	0.0468926891947279	UP
UP	dnf2_only	medtr.A17.gnm5.ann1_6.MtrunA17Chr4g0038631	MtrunA17Chr4g0038631			medtr.A17.gnm5.MtrunA17Chr4	-	36872171	36876165	0.44817471126957	1	NS	1.8116637672044	0.00339672733145384	UP
UP	dnf2_only	medtr.A17.gnm5.ann1_6.MtrunA17Chr3g0132031	MtrunA17Chr3g0132031			medtr.A17.gnm5.MtrunA17Chr3	-	48829867	48831451	0.629877069542905	1	NS	1.81114230664113	0.0162679117236127	UP
UP	dnf2_only	medtr.A17.gnm5.ann1_6.MtrunA17Chr7g0240551	MtrunA17Chr7g0240551			medtr.A17.gnm5.MtrunA17Chr7	-	30362313	30365495	0.561237979543263	1	NS	1.80872220015161	0.0228758184441996	UP
UP	dnf2_only	medtr.A17.gnm5.ann1_6.MtrunA17Chr1g0163621	MtrunA17Chr1g0163621			medtr.A17.gnm5.MtrunA17Chr1	-	13440408	13442579	0.974094874504323	1	NS	1.80701692591487	0.0179589750802288	UP
UP	dnf2_only	medtr.A17.gnm5.ann1_6.MtrunA17Chr5g0447521	MtrunA17Chr5g0447521			medtr.A17.gnm5.MtrunA17Chr5	-	43783584	43787539	-0.377442205589097	1	NS	1.80615877894524	0.0416910919744708	UP
UP	dnf2_only	medtr.A17.gnm5.ann1_6.MtrunA17Chr1g0207781	MtrunA17Chr1g0207781			medtr.A17.gnm5.MtrunA17Chr1	+	52212059	52213162	0.528776953597847	1	NS	1.80533615445293	0.022122055827594	UP
UP	dnf2_only	medtr.A17.gnm5.ann1_6.MtrunA17Chr8g0349241	MtrunA17Chr8g0349241			medtr.A17.gnm5.MtrunA17Chr8	-	11757571	11763061	0.970554826346176	1	NS	1.80365124485158	0.0114607687808688	UP
UP	dnf2_only	medtr.A17.gnm5.ann1_6.MtrunA17Chr8g0337671	MtrunA17Chr8g0337671			medtr.A17.gnm5.MtrunA17Chr8	+	2479737	2483835	0.479327761663234	1	NS	1.80180424953173	0.00155582030448598	UP
UP	dnf2_only	medtr.A17.gnm5.ann1_6.MtrunA17Chr8g0365761	MtrunA17Chr8g0365761			medtr.A17.gnm5.MtrunA17Chr8	+	29760685	29763451	0.379613743026392	1	NS	1.80136524317799	0.000194544800495723	UP
UP	dnf2_only	medtr.A17.gnm5.ann1_6.MtrunA17Chr6g0467631	MtrunA17Chr6g0467631			medtr.A17.gnm5.MtrunA17Chr6	-	16560875	16564797	0.61803347538585	1	NS	1.80129147234403	0.026469582898167	UP
UP	dnf2_only	medtr.A17.gnm5.ann1_6.MtrunA17Chr6g0482131	MtrunA17Chr6g0482131			medtr.A17.gnm5.MtrunA17Chr6	-	36808875	36816220	1.21046143059298	0.658856864818035	NS	1.80004247681009	0.016880434151515	UP
UP	dnf2_only	medtr.A17.gnm5.ann1_6.MtrunA17Chr4g0027961	MtrunA17Chr4g0027961	MtPAO	PHEOPHORBIDE A OXYGENASE (chlorophyll degradation)	medtr.A17.gnm5.MtrunA17Chr4	+	29001688	29006770	-0.0241430858769695	1	NS	1.79909012839541	0.0124894379580229	UP
UP	dnf2_only	medtr.A17.gnm5.ann1_6.MtrunA17Chr6g0458931	MtrunA17Chr6g0458931			medtr.A17.gnm5.MtrunA17Chr6	-	8194360	8199914	0.295089736101072	1	NS	1.79805095467081	0.0247113339882686	UP
UP	dnf2_only	medtr.A17.gnm5.ann1_6.MtrunA17Chr1g0191671	MtrunA17Chr1g0191671			medtr.A17.gnm5.MtrunA17Chr1	+	40640484	40643339	1.22722753287925	0.502664100405949	NS	1.79483430467631	0.00529486865765467	UP
UP	dnf2_only	medtr.A17.gnm5.ann1_6.MtrunA17Chr5g0442201	MtrunA17Chr5g0442201			medtr.A17.gnm5.MtrunA17Chr5	-	40438038	40443628	0.976798409740235	1	NS	1.79401793384166	0.0217706633985371	UP
UP	dnf2_only	medtr.A17.gnm5.ann1_6.MtrunA17Chr4g0034311	MtrunA17Chr4g0034311	MtPhytogb1.2|MtGlb1-2	non-symbiotic hemoglobin (ns-Hb)	medtr.A17.gnm5.MtrunA17Chr4	-	33990561	33994050	-0.0790256492135404	1	NS	1.79234007290398	0.007271972429874	UP
UP	dnf2_only	medtr.A17.gnm5.ann1_6.MtrunA17Chr5g0400411	MtrunA17Chr5g0400411	MtCYP88A13|MtKAO240|MtKAO3	Cytochrome P450 monooxygenase|Ent-kaurenoic acid oxidase	medtr.A17.gnm5.MtrunA17Chr5	+	4751820	4757539	1.15312342681108	0.838246778858192	NS	1.79161518409243	0.0257576599013241	UP
UP	dnf2_only	medtr.A17.gnm5.ann1_6.MtrunA17Chr7g0245631	MtrunA17Chr7g0245631	MtVRC1	vestitone reductase cluster gene 1	medtr.A17.gnm5.MtrunA17Chr7	+	34626335	34629079	0.16237466231162	1	NS	1.78760153698712	0.0150112058572387	UP
UP	dnf2_only	medtr.A17.gnm5.ann1_6.MtrunA17Chr4g0009821	MtrunA17Chr4g0009821			medtr.A17.gnm5.MtrunA17Chr4	-	7651709	7653936	0.459849371175746	1	NS	1.78340697080804	0.000710181446032996	UP
UP	dnf2_only	medtr.A17.gnm5.ann1_6.MtrunA17Chr3g0121861	MtrunA17Chr3g0121861			medtr.A17.gnm5.MtrunA17Chr3	+	41524377	41527199	0.584087303262228	1	NS	1.77523599124318	0.0143922661433498	UP
UP	dnf2_only	medtr.A17.gnm5.ann1_6.MtrunA17Chr4g0066571	MtrunA17Chr4g0066571			medtr.A17.gnm5.MtrunA17Chr4	-	57252124	57261802	0.809068213200064	1	NS	1.77432040755613	0.00435409205616053	UP
UP	dnf2_only	medtr.A17.gnm5.ann1_6.MtrunA17Chr5g0402851	MtrunA17Chr5g0402851			medtr.A17.gnm5.MtrunA17Chr5	-	6817518	6822367	-0.700104216344279	1	NS	1.76770878880284	0.00521578668053759	UP
UP	dnf2_only	medtr.A17.gnm5.ann1_6.MtrunA17Chr6g0477261	MtrunA17Chr6g0477261			medtr.A17.gnm5.MtrunA17Chr6	-	32026116	32032038	0.735425377775781	1	NS	1.76669047201182	0.04716695428407	UP
UP	dnf2_only	medtr.A17.gnm5.ann1_6.MtrunA17Chr2g0299921	MtrunA17Chr2g0299921			medtr.A17.gnm5.MtrunA17Chr2	+	17746775	17755647	0.216524002571775	1	NS	1.76395842170931	0.00660114239901396	UP
UP	dnf2_only	medtr.A17.gnm5.ann1_6.MtrunA17Chr2g0292701	MtrunA17Chr2g0292701			medtr.A17.gnm5.MtrunA17Chr2	+	11594734	11597170	0.226833148328936	1	NS	1.76311107541322	0.0293003939846479	UP
UP	dnf2_only	medtr.A17.gnm5.ann1_6.MtrunA17Chr1g0209911	MtrunA17Chr1g0209911			medtr.A17.gnm5.MtrunA17Chr1	-	53808632	53812542	1.18890534132118	0.701423319629226	NS	1.76140240859193	0.0198768392941889	UP
UP	dnf2_only	medtr.A17.gnm5.ann1_6.MtrunA17Chr1g0185721	MtrunA17Chr1g0185721			medtr.A17.gnm5.MtrunA17Chr1	+	36078455	36079857	-0.00205277116282735	1	NS	1.7612189936988	0.0207251863788813	UP
UP	dnf2_only	medtr.A17.gnm5.ann1_6.MtrunA17Chr3g0087231	MtrunA17Chr3g0087231			medtr.A17.gnm5.MtrunA17Chr3	-	8608210	8609674	1.57151879784952	0.155440510879875	NS	1.75830576344894	0.0353345283783861	UP
UP	dnf2_only	medtr.A17.gnm5.ann1_6.MtrunA17Chr3g0130931	MtrunA17Chr3g0130931			medtr.A17.gnm5.MtrunA17Chr3	-	47976279	47978400	1.05548453612079	1	NS	1.75610809255161	0.0341615949630739	UP
UP	dnf2_only	medtr.A17.gnm5.ann1_6.MtrunA17Chr1g0160531	MtrunA17Chr1g0160531			medtr.A17.gnm5.MtrunA17Chr1	-	11004950	11007723	0.077947874736189	1	NS	1.7528417576391	0.0268055537474763	UP
UP	dnf2_only	medtr.A17.gnm5.ann1_6.MtrunA17Chr3g0103231	MtrunA17Chr3g0103231			medtr.A17.gnm5.MtrunA17Chr3	+	27647388	27651235	0.227954501773395	1	NS	1.75223300210124	0.0142738909603743	UP
UP	dnf2_only	medtr.A17.gnm5.ann1_6.MtrunA17Chr1g0167501	MtrunA17Chr1g0167501			medtr.A17.gnm5.MtrunA17Chr1	+	16426413	16428344	0.896904175766745	1	NS	1.75097859061523	0.0443636055259553	UP
UP	dnf2_only	medtr.A17.gnm5.ann1_6.MtrunA17Chr8g0346461	MtrunA17Chr8g0346461			medtr.A17.gnm5.MtrunA17Chr8	-	9533056	9538261	0.5068479555389	1	NS	1.74664989611288	0.0090256141349461	UP
UP	dnf2_only	medtr.A17.gnm5.ann1_6.MtrunA17Chr2g0324061	MtrunA17Chr2g0324061			medtr.A17.gnm5.MtrunA17Chr2	-	44377957	44381806	0.964722318506725	1	NS	1.74561468511397	0.0164640559070639	UP
UP	dnf2_only	medtr.A17.gnm5.ann1_6.MtrunA17Chr6g0484351	MtrunA17Chr6g0484351			medtr.A17.gnm5.MtrunA17Chr6	-	38932047	38936536	1.5491248245927	0.180207832431062	NS	1.74457630591067	0.0405465023481467	UP
UP	dnf2_only	medtr.A17.gnm5.ann1_6.MtrunA17Chr2g0322621	MtrunA17Chr2g0322621			medtr.A17.gnm5.MtrunA17Chr2	-	43316585	43317444	1.50194438356605	0.138560901340152	NS	1.74306414649929	0.0163107582337797	UP
UP	dnf2_only	medtr.A17.gnm5.ann1_6.MtrunA17Chr6g0450601	MtrunA17Chr6g0450601			medtr.A17.gnm5.MtrunA17Chr6	+	1307690	1315757	0.341763253119501	1	NS	1.73546092304839	0.0214010396048284	UP
UP	dnf2_only	medtr.A17.gnm5.ann1_6.MtrunA17Chr8g0356391	MtrunA17Chr8g0356391			medtr.A17.gnm5.MtrunA17Chr8	+	17992925	18002457	0.800919742884192	1	NS	1.73424960532248	0.0141739479190463	UP
UP	dnf2_only	medtr.A17.gnm5.ann1_6.MtrunA17Chr7g0259071	MtrunA17Chr7g0259071			medtr.A17.gnm5.MtrunA17Chr7	-	44167060	44168041	-0.463396891528821	1	NS	1.72914487462486	0.0481946836948676	UP
UP	dnf2_only	medtr.A17.gnm5.ann1_6.MtrunA17Chr4g0055451	MtrunA17Chr4g0055451			medtr.A17.gnm5.MtrunA17Chr4	+	49053325	49057232	0.58995606470717	1	NS	1.72838168428522	0.01104707350877	UP
UP	dnf2_only	medtr.A17.gnm5.ann1_6.MtrunA17Chr8g0345601	MtrunA17Chr8g0345601			medtr.A17.gnm5.MtrunA17Chr8	+	8608662	8610954	0.155644438917671	1	NS	1.72806893888458	0.0480057395011972	UP
UP	dnf2_only	medtr.A17.gnm5.ann1_6.MtrunA17Chr8g0386481	MtrunA17Chr8g0386481			medtr.A17.gnm5.MtrunA17Chr8	-	44883411	44892022	0.785389134303082	1	NS	1.71767938420575	0.0107701753751672	UP
UP	dnf2_only	medtr.A17.gnm5.ann1_6.MtrunA17Chr1g0178691	MtrunA17Chr1g0178691			medtr.A17.gnm5.MtrunA17Chr1	+	30118024	30119735	0.765859227969868	1	NS	1.71765891704893	0.0124730633541481	UP
UP	dnf2_only	medtr.A17.gnm5.ann1_6.MtrunA17Chr3g0101461	MtrunA17Chr3g0101461			medtr.A17.gnm5.MtrunA17Chr3	-	25892699	25900417	0.314857454958446	1	NS	1.7130247592813	0.0101365498345388	UP
UP	dnf2_only	medtr.A17.gnm5.ann1_6.MtrunA17Chr1g0190681	MtrunA17Chr1g0190681			medtr.A17.gnm5.MtrunA17Chr1	+	39841225	39841837	0.487429578425419	1	NS	1.71130222921907	0.045791826726105	UP
UP	dnf2_only	medtr.A17.gnm5.ann1_6.MtrunA17Chr8g0346091	MtrunA17Chr8g0346091			medtr.A17.gnm5.MtrunA17Chr8	+	9079186	9082812	0.400828055040368	1	NS	1.71079685723406	0.0129682295937053	UP
UP	dnf2_only	medtr.A17.gnm5.ann1_6.MtrunA17Chr2g0282561	MtrunA17Chr2g0282561			medtr.A17.gnm5.MtrunA17Chr2	-	4004981	4007359	0.563449433400518	1	NS	1.70866833697284	0.0489297833315806	UP
UP	dnf2_only	medtr.A17.gnm5.ann1_6.MtrunA17Chr1g0185711	MtrunA17Chr1g0185711			medtr.A17.gnm5.MtrunA17Chr1	-	36077347	36080184	0.314201631635359	1	NS	1.70187416891434	0.00961300377208228	UP
UP	dnf2_only	medtr.A17.gnm5.ann1_6.MtrunA17Chr4g0071481	MtrunA17Chr4g0071481			medtr.A17.gnm5.MtrunA17Chr4	+	60805687	60809545	0.291702622632017	1	NS	1.69965512192484	0.00671183281481192	UP
UP	dnf2_only	medtr.A17.gnm5.ann1_6.MtrunA17Chr3g0128001	MtrunA17Chr3g0128001			medtr.A17.gnm5.MtrunA17Chr3	+	45927860	45933537	1.19807718432107	0.662154649951575	NS	1.69241652613303	0.0272416669567085	UP
UP	dnf2_only	medtr.A17.gnm5.ann1_6.MtrunA17Chr3g0117141	MtrunA17Chr3g0117141			medtr.A17.gnm5.MtrunA17Chr3	-	38186265	38189690	1.20572163729766	0.696709487712973	NS	1.68982957631378	0.0448788105580497	UP
UP	dnf2_only	medtr.A17.gnm5.ann1_6.MtrunA17Chr4g0053031	MtrunA17Chr4g0053031			medtr.A17.gnm5.MtrunA17Chr4	+	46993675	46997037	1.26782259030842	0.408100459983814	NS	1.68305527437115	0.0135104304082902	UP
UP	dnf2_only	medtr.A17.gnm5.ann1_6.MtrunA17Chr8g0382991	MtrunA17Chr8g0382991			medtr.A17.gnm5.MtrunA17Chr8	+	42434889	42436257	0.17675150995607	1	NS	1.68125646664904	0.00852404284186161	UP
UP	dnf2_only	medtr.A17.gnm5.ann1_6.MtrunA17Chr8g0340731	MtrunA17Chr8g0340731			medtr.A17.gnm5.MtrunA17Chr8	-	4465586	4469335	0.00923870278385046	1	NS	1.67910581181925	0.0458543582704349	UP
UP	dnf2_only	medtr.A17.gnm5.ann1_6.MtrunA17Chr1g0148421	MtrunA17Chr1g0148421			medtr.A17.gnm5.MtrunA17Chr1	-	1827211	1836149	0.957814981002871	1	NS	1.67216048331131	0.00386599499569391	UP
UP	dnf2_only	medtr.A17.gnm5.ann1_6.MtrunA17Chr4g0029341	MtrunA17Chr4g0029341			medtr.A17.gnm5.MtrunA17Chr4	+	30249032	30250285	0.127840089194339	1	NS	1.66974420207657	0.0165966784990253	UP
UP	dnf2_only	medtr.A17.gnm5.ann1_6.MtrunA17Chr2g0280421	MtrunA17Chr2g0280421			medtr.A17.gnm5.MtrunA17Chr2	-	2518967	2525863	1.6049440754848	0.113118564968578	NS	1.66899502978684	0.0488741902338819	UP
UP	dnf2_only	medtr.A17.gnm5.ann1_6.MtrunA17Chr2g0281411	MtrunA17Chr2g0281411			medtr.A17.gnm5.MtrunA17Chr2	-	3139872	3145603	0.898768499590233	1	NS	1.65108557948931	0.000754943992088766	UP
UP	dnf2_only	medtr.A17.gnm5.ann1_6.MtrunA17Chr6g0467811	MtrunA17Chr6g0467811			medtr.A17.gnm5.MtrunA17Chr6	+	16828529	16833926	0.818752000227241	1	NS	1.64869926724556	0.00701814433946267	UP
UP	dnf2_only	medtr.A17.gnm5.ann1_6.MtrunA17Chr4g0006971	MtrunA17Chr4g0006971			medtr.A17.gnm5.MtrunA17Chr4	-	5498350	5504249	-0.261209605807955	1	NS	1.64570492333711	0.0156427591581514	UP
UP	dnf2_only	medtr.A17.gnm5.ann1_6.MtrunA17Chr8g0354571	MtrunA17Chr8g0354571	MtCYP72A62v1	Cytochrome P450 monooxygenase	medtr.A17.gnm5.MtrunA17Chr8	-	16093761	16097249	1.28701779540743	0.441935441266708	NS	1.64377446053359	0.0341883299369923	UP
UP	dnf2_only	medtr.A17.gnm5.ann1_6.MtrunA17Chr2g0297291	MtrunA17Chr2g0297291			medtr.A17.gnm5.MtrunA17Chr2	+	15451933	15457316	-0.0367136795921011	1	NS	1.64043459583024	0.0266093360333238	UP
UP	dnf2_only	medtr.A17.gnm5.ann1_6.MtrunA17Chr1g0155781	MtrunA17Chr1g0155781			medtr.A17.gnm5.MtrunA17Chr1	+	7468690	7472039	0.83145583252609	1	NS	1.63763624719251	0.000949799891680316	UP
UP	dnf2_only	medtr.A17.gnm5.ann1_6.MtrunA17Chr5g0404481	MtrunA17Chr5g0404481			medtr.A17.gnm5.MtrunA17Chr5	+	7973373	7975100	-0.226711410475099	1	NS	1.63668248814038	0.0451649065005297	UP
UP	dnf2_only	medtr.A17.gnm5.ann1_6.MtrunA17Chr2g0307291	MtrunA17Chr2g0307291	MtCYP72A68v2	Cytochrome P450 monooxygenase	medtr.A17.gnm5.MtrunA17Chr2	+	29819860	29823522	1.42424344432487	0.22038037371272	NS	1.63646265720256	0.0369127234120585	UP
UP	dnf2_only	medtr.A17.gnm5.ann1_6.MtrunA17Chr3g0144691	MtrunA17Chr3g0144691			medtr.A17.gnm5.MtrunA17Chr3	-	58037717	58039929	0.456398851055001	1	NS	1.63606501128163	0.0168796753804217	UP
UP	dnf2_only	medtr.A17.gnm5.ann1_6.MtrunA17Chr4g0076591	MtrunA17Chr4g0076591			medtr.A17.gnm5.MtrunA17Chr4	-	64388213	64390134	1.10768475460137	0.911572950630734	NS	1.63550540914302	0.0432454175323659	UP
UP	dnf2_only	medtr.A17.gnm5.ann1_6.MtrunA17Chr6g0485301	MtrunA17Chr6g0485301			medtr.A17.gnm5.MtrunA17Chr6	-	39804834	39815202	0.451484092957848	1	NS	1.63521213662982	0.021406528009385	UP
UP	dnf2_only	medtr.A17.gnm5.ann1_6.MtrunA17Chr1g0148821	MtrunA17Chr1g0148821			medtr.A17.gnm5.MtrunA17Chr1	+	2198626	2200898	0.663019591706062	1	NS	1.63202256370551	0.0216599380899806	UP
UP	dnf2_only	medtr.A17.gnm5.ann1_6.MtrunA17Chr7g0260071	MtrunA17Chr7g0260071	MtnsLTP126	non-specific Lipid Transfer Protein	medtr.A17.gnm5.MtrunA17Chr7	+	44973164	44975431	1.58248633726196	0.104712924447032	NS	1.62901411700434	0.0491119408505739	UP
UP	dnf2_only	medtr.A17.gnm5.ann1_6.MtrunA17Chr4g0034901	MtrunA17Chr4g0034901	MtBG10	beta-1,3-Glucanase 10	medtr.A17.gnm5.MtrunA17Chr4	-	34441489	34446427	0.556569499438417	1	NS	1.62430014876512	0.0393645715363653	UP
UP	dnf2_only	medtr.A17.gnm5.ann1_6.MtrunA17Chr6g0486331	MtrunA17Chr6g0486331			medtr.A17.gnm5.MtrunA17Chr6	+	40739522	40744015	-0.182517390433739	1	NS	1.62377179618881	0.0112270615523432	UP
UP	dnf2_only	medtr.A17.gnm5.ann1_6.MtrunA17Chr3g0108711	MtrunA17Chr3g0108711			medtr.A17.gnm5.MtrunA17Chr3	+	31904687	31907020	0.58789930064811	1	NS	1.62275260048375	0.0423279966481172	UP
UP	dnf2_only	medtr.A17.gnm5.ann1_6.MtrunA17Chr8g0388201	MtrunA17Chr8g0388201			medtr.A17.gnm5.MtrunA17Chr8	+	46135984	46137762	0.570250500029028	1	NS	1.62123064260723	0.0458152327377105	UP
UP	dnf2_only	medtr.A17.gnm5.ann1_6.MtrunA17Chr2g0322371	MtrunA17Chr2g0322371			medtr.A17.gnm5.MtrunA17Chr2	-	43146746	43151140	1.61692692393401	0.0695881199761365	NS	1.61923362176925	0.0418097684282353	UP
UP	dnf2_only	medtr.A17.gnm5.ann1_6.MtrunA17Chr3g0127561	MtrunA17Chr3g0127561			medtr.A17.gnm5.MtrunA17Chr3	+	45578714	45580181	0.708489058942732	1	NS	1.61909592309475	0.0423121662213137	UP
UP	dnf2_only	medtr.A17.gnm5.ann1_6.MtrunA17Chr8g0348781	MtrunA17Chr8g0348781			medtr.A17.gnm5.MtrunA17Chr8	-	11376514	11382028	1.15073256416366	0.677238197159561	NS	1.61290401663739	0.0152589230827927	UP
UP	dnf2_only	medtr.A17.gnm5.ann1_6.MtrunA17Chr6g0479591	MtrunA17Chr6g0479591			medtr.A17.gnm5.MtrunA17Chr6	+	34220998	34234047	0.32496008686842	1	NS	1.61139469090236	0.00858783879353422	UP
UP	dnf2_only	medtr.A17.gnm5.ann1_6.MtrunA17Chr2g0307091	MtrunA17Chr2g0307091			medtr.A17.gnm5.MtrunA17Chr2	-	29459443	29461257	0.413105754630755	1	NS	1.60861058434728	0.0141204667568259	UP
UP	dnf2_only	medtr.A17.gnm5.ann1_6.MtrunA17Chr5g0404311	MtrunA17Chr5g0404311	MtPUB40	Plant U-box protein 40	medtr.A17.gnm5.MtrunA17Chr5	+	7892533	7897514	-0.0574129925611661	1	NS	1.60810823400762	0.00739335247880822	UP
UP	dnf2_only	medtr.A17.gnm5.ann1_6.MtrunA17Chr5g0400081	MtrunA17Chr5g0400081			medtr.A17.gnm5.MtrunA17Chr5	+	4506566	4516598	0.914618870242371	1	NS	1.60600170312265	0.00327618205189453	UP
UP	dnf2_only	medtr.A17.gnm5.ann1_6.MtrunA17Chr5g0443521	MtrunA17Chr5g0443521			medtr.A17.gnm5.MtrunA17Chr5	+	41307786	41312476	0.931839612407926	1	NS	1.60486533510196	0.00679890469682208	UP
UP	dnf2_only	medtr.A17.gnm5.ann1_6.MtrunA17Chr3g0090331	MtrunA17Chr3g0090331			medtr.A17.gnm5.MtrunA17Chr3	-	11681936	11690705	1.33955928955877	0.327098934848534	NS	1.6041115054697	0.0401711006242133	UP
UP	dnf2_only	medtr.A17.gnm5.ann1_6.MtrunA17Chr2g0318961	MtrunA17Chr2g0318961			medtr.A17.gnm5.MtrunA17Chr2	+	40438332	40442752	0.41277007485316	1	NS	1.59755278475545	0.00352614427616704	UP
UP	dnf2_only	medtr.A17.gnm5.ann1_6.MtrunA17Chr7g0268821	MtrunA17Chr7g0268821			medtr.A17.gnm5.MtrunA17Chr7	+	51080698	51087335	1.09301219173776	0.851605438264264	NS	1.59481712019105	0.0113210032159007	UP
UP	dnf2_only	medtr.A17.gnm5.ann1_6.MtrunA17Chr7g0225221	MtrunA17Chr7g0225221	MtPrx41	peroxidase	medtr.A17.gnm5.MtrunA17Chr7	-	10385001	10389555	0.00205601128044294	1	NS	1.58953613712358	0.0110951729082008	UP
UP	dnf2_only	medtr.A17.gnm5.ann1_6.MtrunA17Chr2g0297281	MtrunA17Chr2g0297281			medtr.A17.gnm5.MtrunA17Chr2	+	15443898	15448678	0.722929011582559	1	NS	1.58916026998717	0.00248392295710177	UP
UP	dnf2_only	medtr.A17.gnm5.ann1_6.MtrunA17Chr3g0127021	MtrunA17Chr3g0127021			medtr.A17.gnm5.MtrunA17Chr3	-	45234032	45238426	0.571673636200929	1	NS	1.57652776260876	0.0417813574644604	UP
UP	dnf2_only	medtr.A17.gnm5.ann1_6.MtrunA17Chr3g0109741	MtrunA17Chr3g0109741			medtr.A17.gnm5.MtrunA17Chr3	-	32544499	32546703	0.384597786593998	1	NS	1.57430822413057	0.00763779516053971	UP
UP	dnf2_only	medtr.A17.gnm5.ann1_6.MtrunA17Chr5g0415321	MtrunA17Chr5g0415321			medtr.A17.gnm5.MtrunA17Chr5	+	16207675	16213167	0.716447462791702	1	NS	1.56772294804843	0.0333903561658786	UP
UP	dnf2_only	medtr.A17.gnm5.ann1_6.MtrunA17Chr5g0415941	MtrunA17Chr5g0415941			medtr.A17.gnm5.MtrunA17Chr5	-	16673234	16675843	0.727750996193598	1	NS	1.56723562932236	0.0484278294072514	UP
UP	dnf2_only	medtr.A17.gnm5.ann1_6.MtrunA17Chr1g0202941	MtrunA17Chr1g0202941			medtr.A17.gnm5.MtrunA17Chr1	+	48893507	48894149	0.160368049068023	1	NS	1.56123827820583	0.0159093281130862	UP
UP	dnf2_only	medtr.A17.gnm5.ann1_6.MtrunA17Chr3g0144281	MtrunA17Chr3g0144281			medtr.A17.gnm5.MtrunA17Chr3	+	57678992	57680701	0.87481460829709	1	NS	1.5593521104887	0.0459254517352246	UP
UP	dnf2_only	medtr.A17.gnm5.ann1_6.MtrunA17Chr4g0015051	MtrunA17Chr4g0015051			medtr.A17.gnm5.MtrunA17Chr4	-	12357024	12362882	1.04776516771922	0.995144889038143	NS	1.55666618256723	0.00621852423039594	UP
UP	dnf2_only	medtr.A17.gnm5.ann1_6.MtrunA17Chr7g0276401	MtrunA17Chr7g0276401			medtr.A17.gnm5.MtrunA17Chr7	-	55924347	55926743	-0.127205905571383	1	NS	1.55420996399577	0.024952455782897	UP
UP	dnf2_only	medtr.A17.gnm5.ann1_6.MtrunA17Chr1g0207531	MtrunA17Chr1g0207531			medtr.A17.gnm5.MtrunA17Chr1	-	52003788	52007079	0.136671087543551	1	NS	1.54680216686582	0.0280418527626141	UP
UP	dnf2_only	medtr.A17.gnm5.ann1_6.MtrunA17Chr3g0090131	MtrunA17Chr3g0090131			medtr.A17.gnm5.MtrunA17Chr3	+	11470831	11479275	0.808198157643707	1	NS	1.54635782430756	0.00349278237292796	UP
UP	dnf2_only	medtr.A17.gnm5.ann1_6.MtrunA17Chr5g0437601	MtrunA17Chr5g0437601			medtr.A17.gnm5.MtrunA17Chr5	+	37137755	37141617	1.19823253925493	0.496739095911442	NS	1.53582466411855	0.0225385454432617	UP
UP	dnf2_only	medtr.A17.gnm5.ann1_6.MtrunA17Chr3g0140681	MtrunA17Chr3g0140681			medtr.A17.gnm5.MtrunA17Chr3	+	55062264	55067493	0.272607040528539	1	NS	1.53542555271527	0.0284723897937918	UP
UP	dnf2_only	medtr.A17.gnm5.ann1_6.MtrunA17Chr3g0144421	MtrunA17Chr3g0144421			medtr.A17.gnm5.MtrunA17Chr3	-	57828528	57830214	0.525913927791603	1	NS	1.52811189934671	0.0177872534907104	UP
UP	dnf2_only	medtr.A17.gnm5.ann1_6.MtrunA17Chr7g0249551	MtrunA17Chr7g0249551			medtr.A17.gnm5.MtrunA17Chr7	-	37324284	37329945	1.01440295142037	1	NS	1.52118618848732	0.00545159028878596	UP
UP	dnf2_only	medtr.A17.gnm5.ann1_6.MtrunA17Chr2g0312531	MtrunA17Chr2g0312531			medtr.A17.gnm5.MtrunA17Chr2	-	35373215	35382101	0.341234247642983	1	NS	1.51950139942708	0.0382815253098849	UP
UP	dnf2_only	medtr.A17.gnm5.ann1_6.MtrunA17Chr1g0206561	MtrunA17Chr1g0206561			medtr.A17.gnm5.MtrunA17Chr1	+	51469596	51473105	0.667349629436845	1	NS	1.5083025254151	0.0201217779220273	UP
UP	dnf2_only	medtr.A17.gnm5.ann1_6.MtrunA17Chr4g0052921	MtrunA17Chr4g0052921			medtr.A17.gnm5.MtrunA17Chr4	+	46905301	46910012	-0.078211646010097	1	NS	1.50010356793406	0.0479231730357497	UP
UP	dnf2_only	medtr.A17.gnm5.ann1_6.MtrunA17Chr5g0402291	MtrunA17Chr5g0402291			medtr.A17.gnm5.MtrunA17Chr5	+	6393424	6395803	0.151590029281979	1	NS	1.49423068605196	0.0191821309200606	UP
UP	dnf2_only	medtr.A17.gnm5.ann1_6.MtrunA17Chr7g0265481	MtrunA17Chr7g0265481			medtr.A17.gnm5.MtrunA17Chr7	+	48721235	48725057	1.11326588985212	0.65098242529003	NS	1.46177137030392	0.0113422122863128	UP
UP	dnf2_only	medtr.A17.gnm5.ann1_6.MtrunA17Chr1g0208041	MtrunA17Chr1g0208041			medtr.A17.gnm5.MtrunA17Chr1	-	52402581	52403296	-0.353817836661555	1	NS	1.44838609624821	0.0246943172596895	UP
UP	dnf2_only	medtr.A17.gnm5.ann1_6.MtrunA17Chr4g0048841	MtrunA17Chr4g0048841			medtr.A17.gnm5.MtrunA17Chr4	+	44380197	44383494	0.58405521925305	1	NS	1.43695770454379	0.00813213037750211	UP
UP	dnf2_only	medtr.A17.gnm5.ann1_6.MtrunA17Chr4g0055941	MtrunA17Chr4g0055941			medtr.A17.gnm5.MtrunA17Chr4	+	49455306	49462598	-0.0689347062049486	1	NS	1.43425525264523	0.034630508599393	UP
UP	dnf2_only	medtr.A17.gnm5.ann1_6.MtrunA17Chr5g0395951	MtrunA17Chr5g0395951			medtr.A17.gnm5.MtrunA17Chr5	+	1714147	1718453	1.11013158719473	0.692334352613654	NS	1.43257064102591	0.021523265888607	UP
UP	dnf2_only	medtr.A17.gnm5.ann1_6.MtrunA17Chr3g0137271	MtrunA17Chr3g0137271	MtFLOT4	Flotillin 4 (TC133140)	medtr.A17.gnm5.MtrunA17Chr3	-	52643300	52645845	0.81294569068897	1	NS	1.42578637314003	0.0286682413623494	UP
UP	dnf2_only	medtr.A17.gnm5.ann1_6.MtrunA17Chr1g0180151	MtrunA17Chr1g0180151			medtr.A17.gnm5.MtrunA17Chr1	+	31337383	31342839	0.707534006408052	1	NS	1.42463434184849	0.0299348043884607	UP
UP	dnf2_only	medtr.A17.gnm5.ann1_6.MtrunA17Chr5g0419251	MtrunA17Chr5g0419251			medtr.A17.gnm5.MtrunA17Chr5	+	19545636	19550120	0.201445418082599	1	NS	1.38020661458085	0.0434161987887135	UP
UP	dnf2_only	medtr.A17.gnm5.ann1_6.MtrunA17Chr2g0293521	MtrunA17Chr2g0293521			medtr.A17.gnm5.MtrunA17Chr2	+	12295862	12301400	0.624083099420789	1	NS	1.36565181323811	0.0170975434474136	UP
UP	dnf2_only	medtr.A17.gnm5.ann1_6.MtrunA17Chr2g0329071	MtrunA17Chr2g0329071			medtr.A17.gnm5.MtrunA17Chr2	+	48148822	48152841	-0.151205317806547	1	NS	1.30679794586635	0.0485626945533908	UP
