direction	region	gene_id	gene_name	acronym	geneProduct	chr	strand	start	end	A485_logFC	A485_FDR	A485_sig	dnf2_logFC	dnf2_FDR	dnf2_sig
DOWN	A485_dnf2_shared	medtr.A17.gnm5.ann1_6.MtrunA17Chr3g0105081	MtrunA17Chr3g0105081	MtMOT1.3	Molybdate transporter	medtr.A17.gnm5.MtrunA17Chr3	-	29036049	29038987	-4.27454693561126	0.0128775771402011	DOWN	-11.4297913486056	0.000169463206566203	DOWN
DOWN	A485_dnf2_shared	medtr.A17.gnm5.ann1_6.MtrunA17Chr8g0362171	MtrunA17Chr8g0362171			medtr.A17.gnm5.MtrunA17Chr8	-	26778759	26779422	-2.34832984328611	0.0350462367989796	DOWN	-8.41709259344685	4.40586324553924e-05	DOWN
DOWN	A485_dnf2_shared	medtr.A17.gnm5.ann1_6.MtrunA17Chr6g0485181	MtrunA17Chr6g0485181			medtr.A17.gnm5.MtrunA17Chr6	+	39713170	39716569	-3.5032702699828	0.000148068742134736	DOWN	-7.20050798700578	5.73140426106663e-07	DOWN
DOWN	A485_dnf2_shared	medtr.A17.gnm5.ann1_6.MtrunA17Chr2g0277121	MtrunA17Chr2g0277121			medtr.A17.gnm5.MtrunA17Chr2	-	361181	361692	-2.47834013445993	0.0377640991661095	DOWN	-7.00568553317724	7.73496023034009e-05	DOWN
DOWN	A485_dnf2_shared	medtr.A17.gnm5.ann1_6.MtrunA17Chr6g0485221	MtrunA17Chr6g0485221			medtr.A17.gnm5.MtrunA17Chr6	-	39735052	39736659	-4.0816284837661	0.0274032446543721	DOWN	-6.94881241709413	0.00211794268960975	DOWN
DOWN	A485_dnf2_shared	medtr.A17.gnm5.ann1_6.MtrunA17Chr1g0185431	MtrunA17Chr1g0185431			medtr.A17.gnm5.MtrunA17Chr1	-	35871983	35872742	-2.81899787904199	0.00817717256029521	DOWN	-6.69221292534593	2.03549537698313e-05	DOWN
DOWN	A485_dnf2_shared	medtr.A17.gnm5.ann1_6.MtrunA17Chr1g0179951	MtrunA17Chr1g0179951			medtr.A17.gnm5.MtrunA17Chr1	-	31178445	31180794	-2.71588845719677	0.00545097362996331	DOWN	-6.62860462644526	5.3414760359047e-06	DOWN
DOWN	A485_dnf2_shared	medtr.A17.gnm5.ann1_6.MtrunA17Chr3g0118221	MtrunA17Chr3g0118221			medtr.A17.gnm5.MtrunA17Chr3	-	38922300	38923884	-3.70696587992401	0.000484397841232506	DOWN	-6.62746256765426	6.73224518737439e-06	DOWN
DOWN	A485_dnf2_shared	medtr.A17.gnm5.ann1_6.MtrunA17Chr5g0405511	MtrunA17Chr5g0405511			medtr.A17.gnm5.MtrunA17Chr5	-	8732726	8733399	-2.17156137664594	0.0495437164370498	DOWN	-6.48295439385884	8.06645422613137e-06	DOWN
DOWN	A485_dnf2_shared	medtr.A17.gnm5.ann1_6.MtrunA17Chr2g0302911	MtrunA17Chr2g0302911			medtr.A17.gnm5.MtrunA17Chr2	+	20533043	20533757	-2.98519154305288	0.0202106722588769	DOWN	-6.1513985564788	0.000319145818901105	DOWN
DOWN	A485_dnf2_shared	medtr.A17.gnm5.ann1_6.MtrunA17Chr4g0029771	MtrunA17Chr4g0029771	MtNCR313b	Nodule-specific Cysteine-Rich peptide	medtr.A17.gnm5.MtrunA17Chr4	+	30509483	30513747	-2.07722971395071	0.0196023076982228	DOWN	-6.0766766648032	1.84650909947916e-06	DOWN
DOWN	A485_dnf2_shared	medtr.A17.gnm5.ann1_6.MtrunA17Chr8g0358351	MtrunA17Chr8g0358351	MtNCR504	Nodule-specific Cysteine-Rich peptide	medtr.A17.gnm5.MtrunA17Chr8	-	20529209	20531317	-2.13350903706817	0.0121746011084225	DOWN	-5.85874935022475	2.07186145804508e-06	DOWN
DOWN	A485_dnf2_shared	medtr.A17.gnm5.ann1_6.MtrunA17Chr5g0440201	MtrunA17Chr5g0440201			medtr.A17.gnm5.MtrunA17Chr5	-	39021529	39024591	-3.22274764053442	0.0471374759631444	DOWN	-5.8271806994818	0.00279488102763816	DOWN
DOWN	A485_dnf2_shared	medtr.A17.gnm5.ann1_6.MtrunA17Chr6g0476841	MtrunA17Chr6g0476841			medtr.A17.gnm5.MtrunA17Chr6	-	31621455	31623256	-2.25281075109901	0.0214071951044868	DOWN	-5.79973093848192	1.22455788632472e-05	DOWN
DOWN	A485_dnf2_shared	medtr.A17.gnm5.ann1_6.MtrunA17Chr8g0387001	MtrunA17Chr8g0387001	MtCYP86A93	Cytochrome P450 monooxygenase	medtr.A17.gnm5.MtrunA17Chr8	-	45195743	45198103	-7.44882959263425	0.000524674030319485	DOWN	-5.74092762699832	0.000203985247891049	DOWN
DOWN	A485_dnf2_shared	medtr.A17.gnm5.ann1_6.MtrunA17Chr3g0085231	MtrunA17Chr3g0085231			medtr.A17.gnm5.MtrunA17Chr3	+	6589904	6592380	-3.04368860407455	0.00105700632769109	DOWN	-5.59300677913268	5.09283293312004e-06	DOWN
DOWN	A485_dnf2_shared	medtr.A17.gnm5.ann1_6.MtrunA17Chr1g0179961	MtrunA17Chr1g0179961			medtr.A17.gnm5.MtrunA17Chr1	+	31178498	31180288	-2.31746150209982	0.0273536410654953	DOWN	-5.54292738824206	2.98679772869621e-05	DOWN
DOWN	A485_dnf2_shared	medtr.A17.gnm5.ann1_6.MtrunA17Chr1g0159351	MtrunA17Chr1g0159351			medtr.A17.gnm5.MtrunA17Chr1	-	10049150	10051354	-3.04269863494116	0.0245547606826042	DOWN	-5.44854405298934	0.000525060946690957	DOWN
DOWN	A485_dnf2_shared	medtr.A17.gnm5.ann1_6.MtrunA17Chr3g0132221	MtrunA17Chr3g0132221			medtr.A17.gnm5.MtrunA17Chr3	+	48934068	48935045	-3.258976762831	0.00201030112755097	DOWN	-5.39078419697096	3.33719836647447e-05	DOWN
DOWN	A485_dnf2_shared	medtr.A17.gnm5.ann1_6.MtrunA17Chr5g0409431	MtrunA17Chr5g0409431			medtr.A17.gnm5.MtrunA17Chr5	-	11205705	11207676	-2.42293398799741	0.00328164319106017	DOWN	-5.38934460190152	2.51317627897906e-06	DOWN
DOWN	A485_dnf2_shared	medtr.A17.gnm5.ann1_6.MtrunA17Chr3g0097741	MtrunA17Chr3g0097741			medtr.A17.gnm5.MtrunA17Chr3	-	22415032	22421346	-2.53785708151773	0.045601707149962	DOWN	-5.35433796437813	0.00033752924514271	DOWN
DOWN	A485_dnf2_shared	medtr.A17.gnm5.ann1_6.MtrunA17Chr2g0326881	MtrunA17Chr2g0326881			medtr.A17.gnm5.MtrunA17Chr2	-	46621734	46622501	-2.62486731148061	0.0302251995501521	DOWN	-5.27968283213377	0.000276953868798176	DOWN
DOWN	A485_dnf2_shared	medtr.A17.gnm5.ann1_6.MtrunA17Chr2g0332581	MtrunA17Chr2g0332581			medtr.A17.gnm5.MtrunA17Chr2	+	50690658	50694664	-2.49871947178898	0.0288259448430197	DOWN	-5.24786445869703	0.000152145144566203	DOWN
DOWN	A485_dnf2_shared	medtr.A17.gnm5.ann1_6.MtrunA17Chr4g0059721	MtrunA17Chr4g0059721			medtr.A17.gnm5.MtrunA17Chr4	+	52291284	52293039	-2.07704495087681	0.0183759818164245	DOWN	-5.16669914460138	5.53467552094162e-06	DOWN
DOWN	A485_dnf2_shared	medtr.A17.gnm5.ann1_6.MtrunA17Chr5g0424901	MtrunA17Chr5g0424901			medtr.A17.gnm5.MtrunA17Chr5	-	26957445	26959039	-2.09996711991486	0.0125420089512429	DOWN	-5.15249428417651	3.70498520925716e-06	DOWN
DOWN	A485_dnf2_shared	medtr.A17.gnm5.ann1_6.MtrunA17Chr5g0431081	MtrunA17Chr5g0431081	MtNCR-new46	Nodule-specific Cysteine-Rich peptide	medtr.A17.gnm5.MtrunA17Chr5	+	32082843	32083976	-2.29521950068537	0.0369148506508186	DOWN	-5.15234904995671	3.91979720979737e-05	DOWN
DOWN	A485_dnf2_shared	medtr.A17.gnm5.ann1_6.MtrunA17Chr5g0427361	MtrunA17Chr5g0427361			medtr.A17.gnm5.MtrunA17Chr5	-	29188029	29189117	-5.09608442811349	0.000181289307613797	DOWN	-5.14788154876052	2.98679772869621e-05	DOWN
DOWN	A485_dnf2_shared	medtr.A17.gnm5.ann1_6.MtrunA17Chr7g0242341	MtrunA17Chr7g0242341			medtr.A17.gnm5.MtrunA17Chr7	-	31815971	31817346	-3.30190981996239	0.0039591030492496	DOWN	-5.12379304137663	0.000113165724391812	DOWN
DOWN	A485_dnf2_shared	medtr.A17.gnm5.ann1_6.MtrunA17Chr6g0476851	MtrunA17Chr6g0476851			medtr.A17.gnm5.MtrunA17Chr6	+	31622042	31623536	-2.3792870885816	0.0140424144924205	DOWN	-5.06352236309456	2.72675292956593e-05	DOWN
DOWN	A485_dnf2_shared	medtr.A17.gnm5.ann1_6.MtrunA17Chr6g0475821	MtrunA17Chr6g0475821	MtNCR250	Nodule-specific Cysteine-Rich peptide	medtr.A17.gnm5.MtrunA17Chr6	+	30449400	30450120	-2.08109613072794	0.0211587332925046	DOWN	-5.02187549108383	3.4274350359378e-06	DOWN
DOWN	A485_dnf2_shared	medtr.A17.gnm5.ann1_6.MtrunA17Chr1g0175391	MtrunA17Chr1g0175391			medtr.A17.gnm5.MtrunA17Chr1	-	26806306	26810075	-2.73596149347188	0.00638729728910572	DOWN	-5.0071071845406	4.46035994306783e-05	DOWN
DOWN	A485_dnf2_shared	medtr.A17.gnm5.ann1_6.MtrunA17Chr3g0136211	MtrunA17Chr3g0136211			medtr.A17.gnm5.MtrunA17Chr3	-	51849093	51852903	-3.54095385509807	0.00028447585006783	DOWN	-4.99942194060247	7.81636032777804e-06	DOWN
DOWN	A485_dnf2_shared	medtr.A17.gnm5.ann1_6.MtrunA17Chr5g0413231	MtrunA17Chr5g0413231			medtr.A17.gnm5.MtrunA17Chr5	-	14488632	14492072	-2.33277632567451	0.0488343986829136	DOWN	-4.99764571112504	0.000222057347201996	DOWN
DOWN	A485_dnf2_shared	medtr.A17.gnm5.ann1_6.MtrunA17Chr3g0129181	MtrunA17Chr3g0129181			medtr.A17.gnm5.MtrunA17Chr3	-	46745068	46745420	-3.11152734972847	0.0101587030185206	DOWN	-4.93420411409169	0.000262577969129368	DOWN
DOWN	A485_dnf2_shared	medtr.A17.gnm5.ann1_6.MtrunA17Chr6g0485211	MtrunA17Chr6g0485211			medtr.A17.gnm5.MtrunA17Chr6	+	39730426	39731050	-5.62953747832881	0.000399334929687907	DOWN	-4.87163249084792	0.000143296901711854	DOWN
DOWN	A485_dnf2_shared	medtr.A17.gnm5.ann1_6.MtrunA17Chr2g0309421	MtrunA17Chr2g0309421			medtr.A17.gnm5.MtrunA17Chr2	-	32162625	32165400	-2.50496779335128	0.0382177882764702	DOWN	-4.70582969952393	0.000551627758094878	DOWN
DOWN	A485_dnf2_shared	medtr.A17.gnm5.ann1_6.MtrunA17Chr3g0087951	MtrunA17Chr3g0087951	MtNCR245	Nodule-specific Cysteine-Rich peptide	medtr.A17.gnm5.MtrunA17Chr3	-	9490334	9491838	-2.42121163403936	0.00199206537066284	DOWN	-4.61934799888679	2.3835748789439e-06	DOWN
DOWN	A485_dnf2_shared	medtr.A17.gnm5.ann1_6.MtrunA17Chr8g0347121	MtrunA17Chr8g0347121	MtCNGCIa	cyclic nucleotide-gated channel	medtr.A17.gnm5.MtrunA17Chr8	-	10093935	10099209	-3.44602738411787	0.0028450523190891	DOWN	-4.61780488309066	0.000181263375321929	DOWN
DOWN	A485_dnf2_shared	medtr.A17.gnm5.ann1_6.MtrunA17Chr3g0078201	MtrunA17Chr3g0078201			medtr.A17.gnm5.MtrunA17Chr3	-	815105	816520	-1.73585596990941	0.0426267308218499	DOWN	-4.60905499548361	3.2829020462462e-06	DOWN
DOWN	A485_dnf2_shared	medtr.A17.gnm5.ann1_6.MtrunA17Chr2g0332651	MtrunA17Chr2g0332651			medtr.A17.gnm5.MtrunA17Chr2	-	50726335	50727010	-4.31266346568867	0.000698275784689078	DOWN	-4.57979372901123	0.000129436761193943	DOWN
DOWN	A485_dnf2_shared	medtr.A17.gnm5.ann1_6.MtrunA17Chr1g0174981	MtrunA17Chr1g0174981			medtr.A17.gnm5.MtrunA17Chr1	-	26298502	26299089	-2.3558149453029	0.0279192700761856	DOWN	-4.51832093688748	0.000114949389940013	DOWN
DOWN	A485_dnf2_shared	medtr.A17.gnm5.ann1_6.MtrunA17Chr7g0244201	MtrunA17Chr7g0244201			medtr.A17.gnm5.MtrunA17Chr7	+	33369851	33372275	-1.7137392899519	0.037429063742312	DOWN	-4.49560464844731	9.12220730254965e-07	DOWN
DOWN	A485_dnf2_shared	medtr.A17.gnm5.ann1_6.MtrunA17Chr4g0071501	MtrunA17Chr4g0071501			medtr.A17.gnm5.MtrunA17Chr4	+	60815439	60820112	-2.76629653432147	0.000684910109337433	DOWN	-4.45309488391328	5.3414760359047e-06	DOWN
DOWN	A485_dnf2_shared	medtr.A17.gnm5.ann1_6.MtrunA17Chr5g0406671	MtrunA17Chr5g0406671			medtr.A17.gnm5.MtrunA17Chr5	-	9436086	9438773	-4.52717335347806	0.00391604045263477	DOWN	-4.43081982228905	0.00109673434513802	DOWN
DOWN	A485_dnf2_shared	medtr.A17.gnm5.ann1_6.MtrunA17Chr3g0107821	MtrunA17Chr3g0107821			medtr.A17.gnm5.MtrunA17Chr3	-	31294969	31296780	-2.41895143376435	0.0097454678569612	DOWN	-4.34475338228293	3.21879644667972e-05	DOWN
DOWN	A485_dnf2_shared	medtr.A17.gnm5.ann1_6.MtrunA17Chr5g0438451	MtrunA17Chr5g0438451			medtr.A17.gnm5.MtrunA17Chr5	-	37629495	37630911	-2.49481882305244	0.0151987101886723	DOWN	-4.34189780859046	0.000148976879905509	DOWN
DOWN	A485_dnf2_shared	medtr.A17.gnm5.ann1_6.MtrunA17Chr3g0136201	MtrunA17Chr3g0136201			medtr.A17.gnm5.MtrunA17Chr3	+	51847718	51849314	-5.30721590350708	0.000396331204071586	DOWN	-4.30627420041815	0.000207300480874863	DOWN
DOWN	A485_dnf2_shared	medtr.A17.gnm5.ann1_6.MtrunA17Chr2g0307791	MtrunA17Chr2g0307791			medtr.A17.gnm5.MtrunA17Chr2	-	30267580	30270498	-2.4558076849112	0.00439524831041479	DOWN	-4.27381344533624	2.11106362748123e-05	DOWN
DOWN	A485_dnf2_shared	medtr.A17.gnm5.ann1_6.MtrunA17Chr2g0314111	MtrunA17Chr2g0314111			medtr.A17.gnm5.MtrunA17Chr2	-	36696392	36697908	-2.60361479272548	0.035104438622517	DOWN	-4.25427977942563	0.000814062804311322	DOWN
DOWN	A485_dnf2_shared	medtr.A17.gnm5.ann1_6.MtrunA17Chr3g0087961	MtrunA17Chr3g0087961			medtr.A17.gnm5.MtrunA17Chr3	+	9492091	9493679	-2.25429240417866	0.0385164787287324	DOWN	-4.17000359261336	0.000341132008024123	DOWN
DOWN	A485_dnf2_shared	medtr.A17.gnm5.ann1_6.MtrunA17Chr7g0261881	MtrunA17Chr7g0261881	MtNPF5.11	NRT1/ PTR FAMILY|nitrate transporter / peptide transporter	medtr.A17.gnm5.MtrunA17Chr7	-	46137822	46141352	-2.89219444747685	0.00871175216297392	DOWN	-4.16691287562676	0.000360557765411956	DOWN
DOWN	A485_dnf2_shared	medtr.A17.gnm5.ann1_6.MtrunA17Chr7g0244111	MtrunA17Chr7g0244111			medtr.A17.gnm5.MtrunA17Chr7	-	33253579	33254163	-2.79442870806315	0.0274606674309614	DOWN	-4.0572488322481	0.00163662074277217	DOWN
DOWN	A485_dnf2_shared	medtr.A17.gnm5.ann1_6.MtrunA17Chr2g0330061	MtrunA17Chr2g0330061			medtr.A17.gnm5.MtrunA17Chr2	-	48930229	48935916	-2.37114626197304	0.0139147456536879	DOWN	-4.03389095726339	6.42983422165387e-05	DOWN
DOWN	A485_dnf2_shared	medtr.A17.gnm5.ann1_6.MtrunA17Chr8g0355211	MtrunA17Chr8g0355211			medtr.A17.gnm5.MtrunA17Chr8	+	16757904	16759777	-2.86177058256879	0.002536987319326	DOWN	-4.00769387162552	8.1736189526789e-05	DOWN
DOWN	A485_dnf2_shared	medtr.A17.gnm5.ann1_6.MtrunA17Chr3g0129191	MtrunA17Chr3g0129191			medtr.A17.gnm5.MtrunA17Chr3	+	46745294	46746073	-2.5397569119998	0.0381435537150241	DOWN	-3.98512186095795	0.00160878569795269	DOWN
DOWN	A485_dnf2_shared	medtr.A17.gnm5.ann1_6.MtrunA17Chr4g0005771	MtrunA17Chr4g0005771			medtr.A17.gnm5.MtrunA17Chr4	+	4491151	4492553	-2.20886596704262	0.00751642149917815	DOWN	-3.97832973343306	1.92420511873707e-05	DOWN
DOWN	A485_dnf2_shared	medtr.A17.gnm5.ann1_6.MtrunA17Chr3g0103511	MtrunA17Chr3g0103511	MtNCR414	Nodule-specific Cysteine-Rich peptide	medtr.A17.gnm5.MtrunA17Chr3	+	27860385	27861144	-2.89842735611984	0.00584224368399213	DOWN	-3.94207337501946	0.000259280866470547	DOWN
DOWN	A485_dnf2_shared	medtr.A17.gnm5.ann1_6.MtrunA17Chr5g0430891	MtrunA17Chr5g0430891			medtr.A17.gnm5.MtrunA17Chr5	-	31950925	31952160	-4.93428869446023	0.00104298512429644	DOWN	-3.93366018124242	0.000708686561061013	DOWN
DOWN	A485_dnf2_shared	medtr.A17.gnm5.ann1_6.MtrunA17Chr7g0261871	MtrunA17Chr7g0261871			medtr.A17.gnm5.MtrunA17Chr7	+	46137341	46139384	-2.72990294847854	0.00115819537274958	DOWN	-3.91463998371808	2.18914883896029e-05	DOWN
DOWN	A485_dnf2_shared	medtr.A17.gnm5.ann1_6.MtrunA17Chr6g0487781	MtrunA17Chr6g0487781			medtr.A17.gnm5.MtrunA17Chr6	+	41981137	41984785	-2.21944728151342	0.00392656026576868	DOWN	-3.91237326053295	7.91113614173563e-06	DOWN
DOWN	A485_dnf2_shared	medtr.A17.gnm5.ann1_6.MtrunA17Chr3g0126571	MtrunA17Chr3g0126571			medtr.A17.gnm5.MtrunA17Chr3	-	44874332	44876617	-3.02603311648031	0.00987123812446448	DOWN	-3.89626869793866	0.00086698998165241	DOWN
DOWN	A485_dnf2_shared	medtr.A17.gnm5.ann1_6.MtrunA17Chr3g0100471	MtrunA17Chr3g0100471	MtCAML4	calmodulin-like 4	medtr.A17.gnm5.MtrunA17Chr3	-	25051256	25053670	-2.21960228919146	0.0160822236464098	DOWN	-3.88114994773329	4.46035994306783e-05	DOWN
DOWN	A485_dnf2_shared	medtr.A17.gnm5.ann1_6.MtrunA17Chr6g0485111	MtrunA17Chr6g0485111			medtr.A17.gnm5.MtrunA17Chr6	-	39633039	39641663	-2.20863551866685	0.0061623224578421	DOWN	-3.81829158251477	9.97355236577886e-06	DOWN
DOWN	A485_dnf2_shared	medtr.A17.gnm5.ann1_6.MtrunA17Chr3g0129791	MtrunA17Chr3g0129791			medtr.A17.gnm5.MtrunA17Chr3	+	47190196	47191286	-3.16316352810569	0.0302400341241689	DOWN	-3.79786539895745	0.00513169962247215	DOWN
DOWN	A485_dnf2_shared	medtr.A17.gnm5.ann1_6.MtrunA17Chr7g0251651	MtrunA17Chr7g0251651			medtr.A17.gnm5.MtrunA17Chr7	-	38813189	38814756	-2.73338117839777	0.000534320769694669	DOWN	-3.75455227028932	1.15579501667879e-05	DOWN
DOWN	A485_dnf2_shared	medtr.A17.gnm5.ann1_6.MtrunA17Chr3g0091141	MtrunA17Chr3g0091141	MtCKX6	cytokinin oxydase 6	medtr.A17.gnm5.MtrunA17Chr3	-	12390190	12394564	-3.50511806973093	0.0114008096318015	DOWN	-3.74158825140238	0.00291972776001336	DOWN
DOWN	A485_dnf2_shared	medtr.A17.gnm5.ann1_6.MtrunA17Chr5g0437961	MtrunA17Chr5g0437961			medtr.A17.gnm5.MtrunA17Chr5	+	37336144	37338982	-2.12548989641248	0.00599962670623212	DOWN	-3.70654501855414	8.06645422613137e-06	DOWN
DOWN	A485_dnf2_shared	medtr.A17.gnm5.ann1_6.MtrunA17Chr4g0023551	MtrunA17Chr4g0023551			medtr.A17.gnm5.MtrunA17Chr4	-	24202117	24202911	-2.48985449630732	0.0311443168411294	DOWN	-3.66379627591135	0.00143442685282077	DOWN
DOWN	A485_dnf2_shared	medtr.A17.gnm5.ann1_6.MtrunA17Chr1g0175091	MtrunA17Chr1g0175091			medtr.A17.gnm5.MtrunA17Chr1	-	26491309	26495118	-3.92977221470836	0.000103892634477563	DOWN	-3.64601109379651	5.33480258949188e-05	DOWN
DOWN	A485_dnf2_shared	medtr.A17.gnm5.ann1_6.MtrunA17Chr4g0071511	MtrunA17Chr4g0071511			medtr.A17.gnm5.MtrunA17Chr4	-	60819104	60819987	-2.8879308566398	0.000450312619760141	DOWN	-3.63013683510789	2.48429137753879e-05	DOWN
DOWN	A485_dnf2_shared	medtr.A17.gnm5.ann1_6.MtrunA17Chr7g0216431	MtrunA17Chr7g0216431	MtNCR144	Nodule-specific Cysteine-Rich peptide	medtr.A17.gnm5.MtrunA17Chr7	-	2113382	2113990	-2.10070091054192	0.0380879363432974	DOWN	-3.62128034295446	0.000219483115189229	DOWN
DOWN	A485_dnf2_shared	medtr.A17.gnm5.ann1_6.MtrunA17Chr3g0083021	MtrunA17Chr3g0083021			medtr.A17.gnm5.MtrunA17Chr3	+	4725880	4727343	-2.72865469031539	0.0427182205951517	DOWN	-3.5766974234395	0.00571867961284788	DOWN
DOWN	A485_dnf2_shared	medtr.A17.gnm5.ann1_6.MtrunA17Chr3g0083231	MtrunA17Chr3g0083231			medtr.A17.gnm5.MtrunA17Chr3	+	4866498	4868953	-2.25721944927653	0.00957036480747281	DOWN	-3.55658063895602	6.82481379661994e-05	DOWN
DOWN	A485_dnf2_shared	medtr.A17.gnm5.ann1_6.MtrunA17Chr5g0446361	MtrunA17Chr5g0446361	MtNCR331	Nodule-specific Cysteine-Rich peptide	medtr.A17.gnm5.MtrunA17Chr5	+	42976873	42979349	-1.88929867460261	0.0485612666101281	DOWN	-3.5313357869694	7.7232001291971e-05	DOWN
DOWN	A485_dnf2_shared	medtr.A17.gnm5.ann1_6.MtrunA17Chr7g0256301	MtrunA17Chr7g0256301			medtr.A17.gnm5.MtrunA17Chr7	+	42142979	42146888	-3.0875227860443	0.0271582969560341	DOWN	-3.51995585980973	0.00526550312375257	DOWN
DOWN	A485_dnf2_shared	medtr.A17.gnm5.ann1_6.MtrunA17Chr1g0185741	MtrunA17Chr1g0185741			medtr.A17.gnm5.MtrunA17Chr1	+	36091899	36094915	-4.9669080717726	0.000969279233811031	DOWN	-3.51233417342985	0.00144273649210556	DOWN
DOWN	A485_dnf2_shared	medtr.A17.gnm5.ann1_6.MtrunA17Chr2g0322101	MtrunA17Chr2g0322101			medtr.A17.gnm5.MtrunA17Chr2	+	42893634	42895138	-6.83953256750146	0.0168413191746919	DOWN	-3.5076122690923	0.0368097262245837	DOWN
DOWN	A485_dnf2_shared	medtr.A17.gnm5.ann1_6.MtrunA17Chr4g0067831	MtrunA17Chr4g0067831			medtr.A17.gnm5.MtrunA17Chr4	-	58133987	58135723	-2.64495288745021	0.00135186274222134	DOWN	-3.50516953426209	4.43525070409569e-05	DOWN
DOWN	A485_dnf2_shared	medtr.A17.gnm5.ann1_6.MtrunA17Chr8g0358381	MtrunA17Chr8g0358381	MtNCR-new84	Nodule-specific Cysteine-Rich peptide	medtr.A17.gnm5.MtrunA17Chr8	-	20611607	20613962	-1.60756637635284	0.034178560047362	DOWN	-3.47173452830883	1.84650909947916e-06	DOWN
DOWN	A485_dnf2_shared	medtr.A17.gnm5.ann1_6.MtrunA17Chr3g0100551	MtrunA17Chr3g0100551			medtr.A17.gnm5.MtrunA17Chr3	+	25081158	25086056	-2.10432471722939	0.0138424242336593	DOWN	-3.43034014631307	6.31061354781426e-05	DOWN
DOWN	A485_dnf2_shared	medtr.A17.gnm5.ann1_6.MtrunA17Chr4g0073381	MtrunA17Chr4g0073381			medtr.A17.gnm5.MtrunA17Chr4	-	62331839	62338442	-2.66142630260328	0.00552450319720551	DOWN	-3.42065256748153	0.000300375894562479	DOWN
DOWN	A485_dnf2_shared	medtr.A17.gnm5.ann1_6.MtrunA17Chr5g0431131	MtrunA17Chr5g0431131	MtNCR081a	Nodule-specific Cysteine-Rich peptide	medtr.A17.gnm5.MtrunA17Chr5	+	32097701	32098541	-2.04996697595656	0.0146312997502566	DOWN	-3.38192387478498	4.46035994306783e-05	DOWN
DOWN	A485_dnf2_shared	medtr.A17.gnm5.ann1_6.MtrunA17Chr5g0424351	MtrunA17Chr5g0424351			medtr.A17.gnm5.MtrunA17Chr5	+	26300428	26301605	-3.2601652409226	0.000349193110838985	DOWN	-3.3164144191143	8.54631983635061e-05	DOWN
DOWN	A485_dnf2_shared	medtr.A17.gnm5.ann1_6.MtrunA17Chr3g0083241	MtrunA17Chr3g0083241			medtr.A17.gnm5.MtrunA17Chr3	-	4866614	4867679	-2.26104831111013	0.0210201505601091	DOWN	-3.29163369024831	0.000484712820659022	DOWN
DOWN	A485_dnf2_shared	medtr.A17.gnm5.ann1_6.MtrunA17Chr7g0224961	MtrunA17Chr7g0224961			medtr.A17.gnm5.MtrunA17Chr7	+	10226024	10227286	-2.80183048356541	0.00340138489094898	DOWN	-3.25989543282892	0.000286572189218809	DOWN
DOWN	A485_dnf2_shared	medtr.A17.gnm5.ann1_6.MtrunA17Chr1g0205911	MtrunA17Chr1g0205911			medtr.A17.gnm5.MtrunA17Chr1	-	51054286	51055639	-3.4983672786759	0.00241417169210599	DOWN	-3.21903187897194	0.0020576211912002	DOWN
DOWN	A485_dnf2_shared	medtr.A17.gnm5.ann1_6.MtrunA17Chr5g0413241	MtrunA17Chr5g0413241			medtr.A17.gnm5.MtrunA17Chr5	+	14492219	14493743	-2.26633655740818	0.0462966173654465	DOWN	-3.19544090616126	0.00235100068721853	DOWN
DOWN	A485_dnf2_shared	medtr.A17.gnm5.ann1_6.MtrunA17Chr3g0119361	MtrunA17Chr3g0119361			medtr.A17.gnm5.MtrunA17Chr3	-	39731025	39732219	-2.50664447158819	0.0191000237263733	DOWN	-3.15391713576319	0.0015558259168203	DOWN
DOWN	A485_dnf2_shared	medtr.A17.gnm5.ann1_6.MtrunA17Chr4g0058101	MtrunA17Chr4g0058101			medtr.A17.gnm5.MtrunA17Chr4	+	51175531	51177105	-4.49806764955632	0.000359594035197565	DOWN	-3.11938669268685	0.00147748851558736	DOWN
DOWN	A485_dnf2_shared	medtr.A17.gnm5.ann1_6.MtrunA17Chr1g0174951	MtrunA17Chr1g0174951	MtNCR038	Nodule-specific Cysteine-Rich peptide	medtr.A17.gnm5.MtrunA17Chr1	+	26282603	26283539	-1.98740551483943	0.0151987101886723	DOWN	-3.10948425583126	6.42983422165387e-05	DOWN
DOWN	A485_dnf2_shared	medtr.A17.gnm5.ann1_6.MtrunA17Chr7g0260491	MtrunA17Chr7g0260491			medtr.A17.gnm5.MtrunA17Chr7	-	45276596	45278964	-3.35393742045662	0.0170381158914715	DOWN	-3.10268147197878	0.0103344885967175	DOWN
DOWN	A485_dnf2_shared	medtr.A17.gnm5.ann1_6.MtrunA17Chr2g0325371	MtrunA17Chr2g0325371	MtCLE34	CLAVATA3/EMBRYO-SURROUNDING REGION (CLE) family	medtr.A17.gnm5.MtrunA17Chr2	+	45348282	45349432	-2.79409988669806	0.0349176494047445	DOWN	-3.0923604902968	0.0103497588568012	DOWN
DOWN	A485_dnf2_shared	medtr.A17.gnm5.ann1_6.MtrunA17Chr3g0082541	MtrunA17Chr3g0082541			medtr.A17.gnm5.MtrunA17Chr3	+	4299770	4300924	-4.75121174518966	0.000408655082783983	DOWN	-3.06732525551247	0.00198929754936091	DOWN
DOWN	A485_dnf2_shared	medtr.A17.gnm5.ann1_6.MtrunA17Chr7g0260451	MtrunA17Chr7g0260451	MtNCR722	Nodule-specific Cysteine-Rich peptide	medtr.A17.gnm5.MtrunA17Chr7	+	45252459	45253407	-1.96325954854183	0.0398167964831455	DOWN	-3.03748892466415	0.000419705170644821	DOWN
DOWN	A485_dnf2_shared	medtr.A17.gnm5.ann1_6.MtrunA17Chr1g0205631	MtrunA17Chr1g0205631			medtr.A17.gnm5.MtrunA17Chr1	-	50827561	50829321	-2.24638337339687	0.00987478093934017	DOWN	-3.03609210217871	0.000250347000397712	DOWN
DOWN	A485_dnf2_shared	medtr.A17.gnm5.ann1_6.MtrunA17Chr6g0479941	MtrunA17Chr6g0479941			medtr.A17.gnm5.MtrunA17Chr6	+	34676297	34677865	-2.63740010485397	0.0283335958211919	DOWN	-3.0295383836681	0.00596270478906299	DOWN
DOWN	A485_dnf2_shared	medtr.A17.gnm5.ann1_6.MtrunA17Chr3g0114201	MtrunA17Chr3g0114201			medtr.A17.gnm5.MtrunA17Chr3	-	35759537	35762095	-2.73332342950798	0.00833609893201184	DOWN	-3.00837278788969	0.00145295550851695	DOWN
DOWN	A485_dnf2_shared	medtr.A17.gnm5.ann1_6.MtrunA17Chr2g0277131	MtrunA17Chr2g0277131	MtDMI1	does not make infection 1|ion  channel	medtr.A17.gnm5.MtrunA17Chr2	+	372561	378737	-2.16470951230807	0.00276234940577942	DOWN	-2.9986516331497	2.85178860791067e-05	DOWN
DOWN	A485_dnf2_shared	medtr.A17.gnm5.ann1_6.MtrunA17Chr5g0440601	MtrunA17Chr5g0440601			medtr.A17.gnm5.MtrunA17Chr5	+	39291593	39293390	-3.25481509213094	0.000234630494774582	DOWN	-2.99758285785548	0.000116496310906554	DOWN
DOWN	A485_dnf2_shared	medtr.A17.gnm5.ann1_6.MtrunA17Chr4g0004881	MtrunA17Chr4g0004881	MtFPN3	ferroportin 3	medtr.A17.gnm5.MtrunA17Chr4	+	3843673	3848258	-2.40394712212102	0.0109452650402154	DOWN	-2.99192031107846	0.000780242105347553	DOWN
DOWN	A485_dnf2_shared	medtr.A17.gnm5.ann1_6.MtrunA17Chr6g0487681	MtrunA17Chr6g0487681			medtr.A17.gnm5.MtrunA17Chr6	+	41957746	41958370	-3.26483883639062	0.00845844005137231	DOWN	-2.97217752802255	0.00561032142943692	DOWN
DOWN	A485_dnf2_shared	medtr.A17.gnm5.ann1_6.MtrunA17Chr8g0360881	MtrunA17Chr8g0360881			medtr.A17.gnm5.MtrunA17Chr8	-	25181346	25186822	-1.92322826601172	0.0172626456076206	DOWN	-2.93499448417178	7.82255624080475e-05	DOWN
DOWN	A485_dnf2_shared	medtr.A17.gnm5.ann1_6.MtrunA17Chr7g0246461	MtrunA17Chr7g0246461			medtr.A17.gnm5.MtrunA17Chr7	+	35226493	35229627	-3.80452650601826	0.000175388256853618	DOWN	-2.9308513372558	0.00040924329633741	DOWN
DOWN	A485_dnf2_shared	medtr.A17.gnm5.ann1_6.MtrunA17Chr7g0227731	MtrunA17Chr7g0227731	MtNCR703	Nodule-specific Cysteine-Rich peptide	medtr.A17.gnm5.MtrunA17Chr7	-	12851977	12853661	-2.10250755246327	0.0394430695250043	DOWN	-2.92974801182976	0.00157466539819558	DOWN
DOWN	A485_dnf2_shared	medtr.A17.gnm5.ann1_6.MtrunA17Chr1g0174961	MtrunA17Chr1g0174961	MtNCR039	Nodule-specific Cysteine-Rich peptide	medtr.A17.gnm5.MtrunA17Chr1	-	26295974	26297655	-2.44046951820613	0.00645523085605991	DOWN	-2.92403635337963	0.000645977406502613	DOWN
DOWN	A485_dnf2_shared	medtr.A17.gnm5.ann1_6.MtrunA17Chr7g0231271	MtrunA17Chr7g0231271			medtr.A17.gnm5.MtrunA17Chr7	-	20913103	20913942	-1.99293443221764	0.013774335169201	DOWN	-2.91423747532153	0.000113165724391812	DOWN
DOWN	A485_dnf2_shared	medtr.A17.gnm5.ann1_6.MtrunA17Chr7g0273451	MtrunA17Chr7g0273451			medtr.A17.gnm5.MtrunA17Chr7	+	54099013	54100064	-3.19407483665788	0.0303923991681553	DOWN	-2.91038966811928	0.0235079172869126	DOWN
DOWN	A485_dnf2_shared	medtr.A17.gnm5.ann1_6.MtrunA17Chr4g0020421	MtrunA17Chr4g0020421	MtNCR486	Nodule-specific Cysteine-Rich peptide	medtr.A17.gnm5.MtrunA17Chr4	+	16392596	16394940	-2.09889865093585	0.032416344756013	DOWN	-2.90934389233613	0.00110997935973718	DOWN
DOWN	A485_dnf2_shared	medtr.A17.gnm5.ann1_6.MtrunA17Chr7g0246471	MtrunA17Chr7g0246471			medtr.A17.gnm5.MtrunA17Chr7	-	35229018	35229512	-5.14845355874474	0.000153124167417763	DOWN	-2.88689684927847	0.00142995259398796	DOWN
DOWN	A485_dnf2_shared	medtr.A17.gnm5.ann1_6.MtrunA17Chr7g0214461	MtrunA17Chr7g0214461	MtNPF7.4	NRT1/ PTR FAMILY|nitrate transporter / peptide transporter	medtr.A17.gnm5.MtrunA17Chr7	+	522415	525993	-3.57610858540175	0.00035619443724406	DOWN	-2.88437557612273	0.00081749528684907	DOWN
DOWN	A485_dnf2_shared	medtr.A17.gnm5.ann1_6.MtrunA17Chr7g0218051	MtrunA17Chr7g0218051			medtr.A17.gnm5.MtrunA17Chr7	-	3472642	3474067	-2.46799607497975	0.0199012922082598	DOWN	-2.83769375317135	0.00382082874228493	DOWN
DOWN	A485_dnf2_shared	medtr.A17.gnm5.ann1_6.MtrunA17Chr6g0479471	MtrunA17Chr6g0479471			medtr.A17.gnm5.MtrunA17Chr6	+	34163221	34164158	-1.87902448054473	0.0312744735267284	DOWN	-2.81687572190675	0.000269353490944595	DOWN
DOWN	A485_dnf2_shared	medtr.A17.gnm5.ann1_6.MtrunA17Chr5g0437591	MtrunA17Chr5g0437591	MtNCR052	Nodule-specific Cysteine-Rich peptide	medtr.A17.gnm5.MtrunA17Chr5	+	37131784	37133412	-2.56872035396659	0.00421415034039964	DOWN	-2.81336453526339	0.000996027019457293	DOWN
DOWN	A485_dnf2_shared	medtr.A17.gnm5.ann1_6.MtrunA17Chr1g0200361	MtrunA17Chr1g0200361			medtr.A17.gnm5.MtrunA17Chr1	-	46892326	46892956	-3.27983183394142	0.00583194708846165	DOWN	-2.77963156388943	0.00585089851363938	DOWN
DOWN	A485_dnf2_shared	medtr.A17.gnm5.ann1_6.MtrunA17Chr7g0224921	MtrunA17Chr7g0224921			medtr.A17.gnm5.MtrunA17Chr7	+	10217834	10219313	-3.36133053255858	0.00570161675477536	DOWN	-2.77878999081018	0.00726636661045483	DOWN
DOWN	A485_dnf2_shared	medtr.A17.gnm5.ann1_6.MtrunA17Chr7g0222511	MtrunA17Chr7g0222511			medtr.A17.gnm5.MtrunA17Chr7	-	7751489	7752612	-2.54694314324537	0.00278568814446529	DOWN	-2.77599609864784	0.000570590235645608	DOWN
DOWN	A485_dnf2_shared	medtr.A17.gnm5.ann1_6.MtrunA17Chr2g0327061	MtrunA17Chr2g0327061			medtr.A17.gnm5.MtrunA17Chr2	-	46741962	46743808	-2.99892980718586	0.0221544900167606	DOWN	-2.767579425899	0.0175746742105469	DOWN
DOWN	A485_dnf2_shared	medtr.A17.gnm5.ann1_6.MtrunA17Chr6g0452231	MtrunA17Chr6g0452231	MtCLE02	CLAVATA3/EMBRYO-SURROUNDING REGION (CLE) family	medtr.A17.gnm5.MtrunA17Chr6	-	2682261	2684581	-3.07665910136183	0.0341330668227616	DOWN	-2.76520974553102	0.0272899387132528	DOWN
DOWN	A485_dnf2_shared	medtr.A17.gnm5.ann1_6.MtrunA17Chr8g0357471	MtrunA17Chr8g0357471	MtNCR739	Nodule-specific Cysteine-Rich peptide	medtr.A17.gnm5.MtrunA17Chr8	-	19433541	19435383	-3.45209012400283	0.00162254654420327	DOWN	-2.76239685880291	0.00596270478906299	DOWN
DOWN	A485_dnf2_shared	medtr.A17.gnm5.ann1_6.MtrunA17Chr1g0205641	MtrunA17Chr1g0205641			medtr.A17.gnm5.MtrunA17Chr1	+	50828633	50829699	-2.52466262421294	0.00226305988801997	DOWN	-2.74322872622797	0.000369718529906999	DOWN
DOWN	A485_dnf2_shared	medtr.A17.gnm5.ann1_6.MtrunA17Chr3g0082531	MtrunA17Chr3g0082531			medtr.A17.gnm5.MtrunA17Chr3	-	4297872	4301319	-1.89836607500787	0.047038164309112	DOWN	-2.71992881244593	0.00103450226382406	DOWN
DOWN	A485_dnf2_shared	medtr.A17.gnm5.ann1_6.MtrunA17Chr1g0189971	MtrunA17Chr1g0189971			medtr.A17.gnm5.MtrunA17Chr1	-	39301887	39303851	-1.92841860558698	0.0236294304210041	DOWN	-2.71001851211608	0.00035114500343776	DOWN
DOWN	A485_dnf2_shared	medtr.A17.gnm5.ann1_6.MtrunA17Chr3g0110811	MtrunA17Chr3g0110811			medtr.A17.gnm5.MtrunA17Chr3	-	33254946	33258686	-2.28117660321604	0.039050130660346	DOWN	-2.7089882408582	0.00666412206902893	DOWN
DOWN	A485_dnf2_shared	medtr.A17.gnm5.ann1_6.MtrunA17Chr7g0243661	MtrunA17Chr7g0243661	MtNCR719	Nodule-specific Cysteine-Rich peptide	medtr.A17.gnm5.MtrunA17Chr7	+	32888917	32892559	-2.2614629756447	0.0102756024157353	DOWN	-2.68303284563612	0.00108746130156279	DOWN
DOWN	A485_dnf2_shared	medtr.A17.gnm5.ann1_6.MtrunA17Chr4g0053211	MtrunA17Chr4g0053211			medtr.A17.gnm5.MtrunA17Chr4	+	47146375	47158175	-1.69752410356969	0.0109911284945649	DOWN	-2.64514187921022	9.93375837801917e-06	DOWN
DOWN	A485_dnf2_shared	medtr.A17.gnm5.ann1_6.MtrunA17Chr5g0401241	MtrunA17Chr5g0401241			medtr.A17.gnm5.MtrunA17Chr5	-	5462445	5463078	-2.43352303960037	0.0330174488524621	DOWN	-2.63643361655086	0.00926310119049039	DOWN
DOWN	A485_dnf2_shared	medtr.A17.gnm5.ann1_6.MtrunA17Chr3g0080261	MtrunA17Chr3g0080261	MtNCR101	Nodule-specific Cysteine-Rich peptide	medtr.A17.gnm5.MtrunA17Chr3	+	2487058	2488618	-2.02103201356804	0.0223409382169451	DOWN	-2.62782506368083	0.000945325353749044	DOWN
DOWN	A485_dnf2_shared	medtr.A17.gnm5.ann1_6.MtrunA17Chr4g0056481	MtrunA17Chr4g0056481			medtr.A17.gnm5.MtrunA17Chr4	+	49922625	49929018	-3.4354328578227	0.00190700933433968	DOWN	-2.61337307723663	0.0062815324041538	DOWN
DOWN	A485_dnf2_shared	medtr.A17.gnm5.ann1_6.MtrunA17Chr5g0435751	MtrunA17Chr5g0435751			medtr.A17.gnm5.MtrunA17Chr5	-	35752543	35760237	-1.6224576932793	0.0488139406794281	DOWN	-2.60460781360428	9.82319975959096e-05	DOWN
DOWN	A485_dnf2_shared	medtr.A17.gnm5.ann1_6.MtrunA17Chr2g0302841	MtrunA17Chr2g0302841	MtNCR-new5	Nodule-specific Cysteine-Rich peptide	medtr.A17.gnm5.MtrunA17Chr2	+	20506300	20506947	-1.92723799019131	0.0362629658612013	DOWN	-2.59814484553537	0.00121385655058871	DOWN
DOWN	A485_dnf2_shared	medtr.A17.gnm5.ann1_6.MtrunA17Chr5g0436491	MtrunA17Chr5g0436491			medtr.A17.gnm5.MtrunA17Chr5	-	36277698	36278225	-2.26005162607426	0.042714084674619	DOWN	-2.59340794291611	0.00982244468160255	DOWN
DOWN	A485_dnf2_shared	medtr.A17.gnm5.ann1_6.MtrunA17Chr8g0358331	MtrunA17Chr8g0358331	MtNCR-new82	Nodule-specific Cysteine-Rich peptide	medtr.A17.gnm5.MtrunA17Chr8	+	20464256	20466846	-1.62234515405684	0.0311093941594844	DOWN	-2.5882866709368	3.42775292588091e-05	DOWN
DOWN	A485_dnf2_shared	medtr.A17.gnm5.ann1_6.MtrunA17Chr5g0447341	MtrunA17Chr5g0447341	MtGPA	glucose-1-phosphate adenylyltransferase family protein	medtr.A17.gnm5.MtrunA17Chr5	+	43655357	43659514	-3.31192095498368	0.0010239186220474	DOWN	-2.5534261796991	0.00580541501898995	DOWN
DOWN	A485_dnf2_shared	medtr.A17.gnm5.ann1_6.MtrunA17Chr3g0129091	MtrunA17Chr3g0129091	MtPSK8	Phytosulfokine	medtr.A17.gnm5.MtrunA17Chr3	+	46683395	46684537	-2.88312312985439	0.000997141438979661	DOWN	-2.54220400078279	0.00162110125618955	DOWN
DOWN	A485_dnf2_shared	medtr.A17.gnm5.ann1_6.MtrunA17Chr2g0278561	MtrunA17Chr2g0278561			medtr.A17.gnm5.MtrunA17Chr2	-	1244616	1248367	-2.36953036092131	0.0159998428738675	DOWN	-2.52867402908308	0.00619135669583052	DOWN
DOWN	A485_dnf2_shared	medtr.A17.gnm5.ann1_6.MtrunA17Chr5g0430871	MtrunA17Chr5g0430871	MtNCR365	Nodule-specific Cysteine-Rich peptide	medtr.A17.gnm5.MtrunA17Chr5	-	31949484	31950280	-2.45526193805392	0.000650769286710645	DOWN	-2.51608632306569	0.000233596539525106	DOWN
DOWN	A485_dnf2_shared	medtr.A17.gnm5.ann1_6.MtrunA17Chr3g0088861	MtrunA17Chr3g0088861	MtNCR103	Nodule-specific Cysteine-Rich peptide	medtr.A17.gnm5.MtrunA17Chr3	-	10046561	10048403	-1.66977377692044	0.0429625143079407	DOWN	-2.47093245782129	0.00023361726989369	DOWN
DOWN	A485_dnf2_shared	medtr.A17.gnm5.ann1_6.MtrunA17Chr4g0007681	MtrunA17Chr4g0007681	MtNCR032	Nodule-specific Cysteine-Rich peptide	medtr.A17.gnm5.MtrunA17Chr4	+	5998424	5999276	-3.08621733830459	0.00212954657053102	DOWN	-2.44793653717387	0.00974832536148095	DOWN
DOWN	A485_dnf2_shared	medtr.A17.gnm5.ann1_6.MtrunA17Chr3g0114191	MtrunA17Chr3g0114191			medtr.A17.gnm5.MtrunA17Chr3	+	35758940	35762267	-3.69375873382878	0.00266393013926254	DOWN	-2.42454929038851	0.0137990927915714	DOWN
DOWN	A485_dnf2_shared	medtr.A17.gnm5.ann1_6.MtrunA17Chr5g0447351	MtrunA17Chr5g0447351			medtr.A17.gnm5.MtrunA17Chr5	-	43658843	43661079	-3.1610592451219	0.000234945019461412	DOWN	-2.35237062581571	0.00237963024793362	DOWN
DOWN	A485_dnf2_shared	medtr.A17.gnm5.ann1_6.MtrunA17Chr8g0349631	MtrunA17Chr8g0349631	MtNCR-new80	Nodule-specific Cysteine-Rich peptide	medtr.A17.gnm5.MtrunA17Chr8	+	11935581	11936702	-2.06233345031016	0.00447340574252977	DOWN	-2.35234725460794	0.000484712820659022	DOWN
DOWN	A485_dnf2_shared	medtr.A17.gnm5.ann1_6.MtrunA17Chr3g0085001	MtrunA17Chr3g0085001	MtNCR407	Nodule-specific Cysteine-Rich peptide	medtr.A17.gnm5.MtrunA17Chr3	-	6372597	6373313	-2.08203681403862	0.0451068705178356	DOWN	-2.29609929458683	0.0133718534943141	DOWN
DOWN	A485_dnf2_shared	medtr.A17.gnm5.ann1_6.MtrunA17Chr3g0109911	MtrunA17Chr3g0109911			medtr.A17.gnm5.MtrunA17Chr3	-	32692078	32693657	-2.41060104619456	0.0289053483334115	DOWN	-2.29132746024988	0.0253350913876292	DOWN
DOWN	A485_dnf2_shared	medtr.A17.gnm5.ann1_6.MtrunA17Chr4g0007841	MtrunA17Chr4g0007841	MtNCR035	Nodule-specific Cysteine-Rich peptide	medtr.A17.gnm5.MtrunA17Chr4	+	6113818	6115709	-2.6244710053962	0.000324537040804501	DOWN	-2.28842869285623	0.00101365308380244	DOWN
DOWN	A485_dnf2_shared	medtr.A17.gnm5.ann1_6.MtrunA17Chr5g0417551	MtrunA17Chr5g0417551	MtCDFc2_3	CYCLING DOF FACTOR	medtr.A17.gnm5.MtrunA17Chr5	+	18112217	18113933	-2.44295189085508	0.00720166523258805	DOWN	-2.23430950493228	0.00692433827671543	DOWN
DOWN	A485_dnf2_shared	medtr.A17.gnm5.ann1_6.MtrunA17Chr2g0333051	MtrunA17Chr2g0333051			medtr.A17.gnm5.MtrunA17Chr2	+	50927529	50929022	-2.36511350805386	0.0107829195868014	DOWN	-2.23315136487938	0.0101461886587482	DOWN
DOWN	A485_dnf2_shared	medtr.A17.gnm5.ann1_6.MtrunA17Chr6g0487091	MtrunA17Chr6g0487091	MtMATE53	multidrug and toxic compound extrusion family	medtr.A17.gnm5.MtrunA17Chr6	+	41428443	41430559	-4.2465972300276	0.00108953749123908	DOWN	-2.21866380319498	0.0283611043027151	DOWN
DOWN	A485_dnf2_shared	medtr.A17.gnm5.ann1_6.MtrunA17Chr3g0114211	MtrunA17Chr3g0114211			medtr.A17.gnm5.MtrunA17Chr3	-	35764644	35769173	-2.37783699400661	0.0102776974065302	DOWN	-2.2078157561701	0.0109590718804983	DOWN
DOWN	A485_dnf2_shared	medtr.A17.gnm5.ann1_6.MtrunA17Chr3g0133131	MtrunA17Chr3g0133131			medtr.A17.gnm5.MtrunA17Chr3	+	49710890	49711460	-2.8297007787503	0.00719930964388054	DOWN	-2.19147722740733	0.0215194753651928	DOWN
DOWN	A485_dnf2_shared	medtr.A17.gnm5.ann1_6.MtrunA17Chr4g0056471	MtrunA17Chr4g0056471			medtr.A17.gnm5.MtrunA17Chr4	-	49907554	49915774	-2.86989657101727	0.000134499830592188	DOWN	-2.14208559805659	0.00157466539819558	DOWN
DOWN	A485_dnf2_shared	medtr.A17.gnm5.ann1_6.MtrunA17Chr6g0475541	MtrunA17Chr6g0475541	MtNCR005	Nodule-specific Cysteine-Rich peptide	medtr.A17.gnm5.MtrunA17Chr6	-	29949073	29951332	-2.1759657882003	0.028913050399762	DOWN	-2.13709251312101	0.0266154223805448	DOWN
DOWN	A485_dnf2_shared	medtr.A17.gnm5.ann1_6.MtrunA17Chr7g0263811	MtrunA17Chr7g0263811			medtr.A17.gnm5.MtrunA17Chr7	+	47489146	47491290	-2.03315144101851	0.0071305175286545	DOWN	-2.12970450249391	0.0021788299855769	DOWN
DOWN	A485_dnf2_shared	medtr.A17.gnm5.ann1_6.MtrunA17Chr2g0321961	MtrunA17Chr2g0321961	MtALMT	Aluminum activated malate transporter family protein	medtr.A17.gnm5.MtrunA17Chr2	-	42783122	42787277	-3.12577894175864	0.00275262368336079	DOWN	-2.10590078839862	0.044556849914476	DOWN
DOWN	A485_dnf2_shared	medtr.A17.gnm5.ann1_6.MtrunA17Chr4g0057771	MtrunA17Chr4g0057771			medtr.A17.gnm5.MtrunA17Chr4	+	50893572	50899391	-1.47956837414247	0.0335533301177343	DOWN	-2.01574507563345	0.000169325599976591	DOWN
DOWN	A485_dnf2_shared	medtr.A17.gnm5.ann1_6.MtrunA17Chr8g0387881	MtrunA17Chr8g0387881			medtr.A17.gnm5.MtrunA17Chr8	+	45921456	45923804	-2.29470315333888	0.0180550082458899	DOWN	-1.96902809201991	0.0292674879697324	DOWN
DOWN	A485_dnf2_shared	medtr.A17.gnm5.ann1_6.MtrunA17Chr2g0312251	MtrunA17Chr2g0312251			medtr.A17.gnm5.MtrunA17Chr2	-	35129805	35132993	-2.12791642450119	0.00854654321814481	DOWN	-1.95804044621648	0.0140544356025316	DOWN
DOWN	A485_dnf2_shared	medtr.A17.gnm5.ann1_6.MtrunA17Chr1g0200651	MtrunA17Chr1g0200651			medtr.A17.gnm5.MtrunA17Chr1	+	47173293	47180821	-2.00224906463271	0.00912421884026962	DOWN	-1.95198428849471	0.0080476637859101	DOWN
DOWN	A485_dnf2_shared	medtr.A17.gnm5.ann1_6.MtrunA17Chr4g0032371	MtrunA17Chr4g0032371			medtr.A17.gnm5.MtrunA17Chr4	-	32486647	32490591	-1.91908444512525	0.00935848373655373	DOWN	-1.95173260412071	0.00525855557052887	DOWN
DOWN	A485_dnf2_shared	medtr.A17.gnm5.ann1_6.MtrunA17Chr8g0359371	MtrunA17Chr8g0359371	MtTPS1	trehalose phosphate synthase 1	medtr.A17.gnm5.MtrunA17Chr8	+	22729710	22753196	-1.70962803456817	0.0255602895959925	DOWN	-1.93667597900562	0.00360628389643155	DOWN
DOWN	A485_dnf2_shared	medtr.A17.gnm5.ann1_6.MtrunA17Chr8g0342811	MtrunA17Chr8g0342811			medtr.A17.gnm5.MtrunA17Chr8	+	6241402	6248236	-1.77083373905829	0.0071305175286545	DOWN	-1.88904625329571	0.0018246177290443	DOWN
DOWN	A485_dnf2_shared	medtr.A17.gnm5.ann1_6.MtrunA17Chr7g0240001	MtrunA17Chr7g0240001	MtNCR075	Nodule-specific Cysteine-Rich peptide	medtr.A17.gnm5.MtrunA17Chr7	-	29858520	29859542	-1.96839802631941	0.0142124645414982	DOWN	-1.88763756339657	0.0154393162940786	DOWN
DOWN	A485_dnf2_shared	medtr.A17.gnm5.ann1_6.MtrunA17Chr8g0357271	MtrunA17Chr8g0357271	MtDefNS7|MtPDF29	symbiotic defensin 7|Plant Defensin 29	medtr.A17.gnm5.MtrunA17Chr8	+	19163404	19164338	-2.73032099428488	0.00039823469390743	DOWN	-1.87589846122744	0.0167873461807304	DOWN
DOWN	A485_dnf2_shared	medtr.A17.gnm5.ann1_6.MtrunA17Chr5g0409731	MtrunA17Chr5g0409731			medtr.A17.gnm5.MtrunA17Chr5	-	11436860	11440898	-1.80323063360454	0.0257744231168778	DOWN	-1.87109869502205	0.0117591873909549	DOWN
DOWN	A485_dnf2_shared	medtr.A17.gnm5.ann1_6.MtrunA17Chr8g0372931	MtrunA17Chr8g0372931			medtr.A17.gnm5.MtrunA17Chr8	-	35252922	35260420	-1.64545467205395	0.0488139406794281	DOWN	-1.84230346965462	0.0114607687808688	DOWN
DOWN	A485_dnf2_shared	medtr.A17.gnm5.ann1_6.MtrunA17Chr2g0296121	MtrunA17Chr2g0296121			medtr.A17.gnm5.MtrunA17Chr2	-	14486555	14488347	-1.89981073927339	0.0210201505601091	DOWN	-1.81763408572461	0.0177953075778715	DOWN
DOWN	A485_dnf2_shared	medtr.A17.gnm5.ann1_6.MtrunA17Chr5g0397651	MtrunA17Chr5g0397651			medtr.A17.gnm5.MtrunA17Chr5	-	2813222	2817474	-1.82955027039511	0.0208962175733042	DOWN	-1.79013888213064	0.0204731221202327	DOWN
DOWN	A485_dnf2_shared	medtr.A17.gnm5.ann1_6.MtrunA17Chr4g0025201	MtrunA17Chr4g0025201			medtr.A17.gnm5.MtrunA17Chr4	+	26014294	26020224	-2.86692675512892	0.000171102593550154	DOWN	-1.76452383956704	0.0149578723219992	DOWN
DOWN	A485_dnf2_shared	medtr.A17.gnm5.ann1_6.MtrunA17Chr7g0258941	MtrunA17Chr7g0258941			medtr.A17.gnm5.MtrunA17Chr7	+	44069119	44073223	-1.66231664513853	0.0261041121284206	DOWN	-1.73373941720468	0.0118008253189743	DOWN
DOWN	A485_dnf2_shared	medtr.A17.gnm5.ann1_6.MtrunA17Chr4g0001391	MtrunA17Chr4g0001391			medtr.A17.gnm5.MtrunA17Chr4	-	963969	966128	-1.54760934442297	0.0309315478142777	DOWN	-1.72772496533338	0.00499892959955038	DOWN
DOWN	A485_dnf2_shared	medtr.A17.gnm5.ann1_6.MtrunA17Chr5g0424971	MtrunA17Chr5g0424971			medtr.A17.gnm5.MtrunA17Chr5	+	27017041	27019915	-1.69371815023374	0.0439698983851892	DOWN	-1.68330410010345	0.0403302960824547	DOWN
DOWN	A485_dnf2_shared	medtr.A17.gnm5.ann1_6.MtrunA17Chr8g0352871	MtrunA17Chr8g0352871	MtRRA11|MtRR11	type-A response regulator	medtr.A17.gnm5.MtrunA17Chr8	-	14691455	14693373	-1.52767179408302	0.0363308998843852	DOWN	-1.56171955206234	0.0213276212146404	DOWN
DOWN	A485_dnf2_shared	medtr.A17.gnm5.ann1_6.MtrunA17Chr8g0341951	MtrunA17Chr8g0341951	MtCYP90D27	Cytochrome P450 monooxygenase	medtr.A17.gnm5.MtrunA17Chr8	-	5390187	5394995	-1.58347810961198	0.0187392153236986	DOWN	-1.51450331762664	0.0260041290557243	DOWN
DOWN	A485_only	medtr.A17.gnm5.ann1_6.MtrunA17Chr3g0127671	MtrunA17Chr3g0127671			medtr.A17.gnm5.MtrunA17Chr3	-	45669643	45673331	-2.75412990546258	0.0288259448430197	DOWN	2.3735442064603	0.00228720694590447	UP
DOWN	A485_only	medtr.A17.gnm5.ann1_6.MtrunA17Chr7g0242981	MtrunA17Chr7g0242981			medtr.A17.gnm5.MtrunA17Chr7	+	32398198	32401821	-3.68444636065897	0.0241768153886858	DOWN	2.32583621705973	0.00580541501898995	UP
DOWN	A485_only	medtr.A17.gnm5.ann1_6.MtrunA17Chr3g0137111	MtrunA17Chr3g0137111			medtr.A17.gnm5.MtrunA17Chr3	+	52518087	52518983	-3.17071521929194	0.0236298929679067	DOWN	-2.29989601559771	0.0667488692469394	NS
DOWN	A485_only	medtr.A17.gnm5.ann1_6.MtrunA17Chr3g0140531	MtrunA17Chr3g0140531			medtr.A17.gnm5.MtrunA17Chr3	+	54918494	54923145	-2.70921833057024	0.0487213405297395	DOWN	-2.29088320715407	0.0643798698660067	NS
DOWN	A485_only	medtr.A17.gnm5.ann1_6.MtrunA17Chr2g0327991	MtrunA17Chr2g0327991			medtr.A17.gnm5.MtrunA17Chr2	-	47380757	47386861	-2.73122242051	0.0289535413905039	DOWN	-2.24613816109816	0.0517736781437949	NS
DOWN	A485_only	medtr.A17.gnm5.ann1_6.MtrunA17Chr5g0432401	MtrunA17Chr5g0432401	MtPrx01|MtRIP1	RHIZOBIUM-INDUCED PEROXIDASE 1|peroxidase 29	medtr.A17.gnm5.MtrunA17Chr5	-	33090635	33093282	-2.3434354542857	0.0312250309819386	DOWN	2.22461597383354	0.0130924474669884	UP
DOWN	A485_only	medtr.A17.gnm5.ann1_6.MtrunA17Chr8g0371271	MtrunA17Chr8g0371271			medtr.A17.gnm5.MtrunA17Chr8	-	34120541	34121136	-2.5989819372277	0.039967741112225	DOWN	-2.22016364499365	0.0546438921621403	NS
DOWN	A485_only	medtr.A17.gnm5.ann1_6.MtrunA17Chr2g0328361	MtrunA17Chr2g0328361			medtr.A17.gnm5.MtrunA17Chr2	+	47676865	47678792	-7.74724789894859	0.000973516080896538	DOWN	-2.16341275282458	0.106013216370001	NS
DOWN	A485_only	medtr.A17.gnm5.ann1_6.MtrunA17Chr4g0043421	MtrunA17Chr4g0043421	MtLBD4	LOB Domain protein 11	medtr.A17.gnm5.MtrunA17Chr4	-	40465689	40469390	-2.73204431672089	0.0363631073460285	DOWN	-2.15864868331264	0.0812256688085081	NS
DOWN	A485_only	medtr.A17.gnm5.ann1_6.MtrunA17Chr1g0192781	MtrunA17Chr1g0192781	MtNAS1	nicotianamide synthase	medtr.A17.gnm5.MtrunA17Chr1	+	41340836	41342340	-3.67726298606177	0.0109451659540252	DOWN	-2.14230385679194	0.110688895592958	NS
DOWN	A485_only	medtr.A17.gnm5.ann1_6.MtrunA17Chr5g0431581	MtrunA17Chr5g0431581			medtr.A17.gnm5.MtrunA17Chr5	-	32456533	32459734	-1.65469023974532	0.0167638860534313	DOWN	2.11904921376266	0.000113165724391812	UP
DOWN	A485_only	medtr.A17.gnm5.ann1_6.MtrunA17Chr3g0109011	MtrunA17Chr3g0109011			medtr.A17.gnm5.MtrunA17Chr3	-	32074888	32077241	-9.20664086180967	0.00273132987403346	DOWN	-2.05129336536963	0.409169258135744	NS
DOWN	A485_only	medtr.A17.gnm5.ann1_6.MtrunA17Chr1g0168971	MtrunA17Chr1g0168971			medtr.A17.gnm5.MtrunA17Chr1	+	17762143	17763111	-3.04600623129924	0.0182577522770128	DOWN	-2.04779249741826	0.104887701407243	NS
DOWN	A485_only	medtr.A17.gnm5.ann1_6.MtrunA17Chr3g0105691	MtrunA17Chr3g0105691			medtr.A17.gnm5.MtrunA17Chr3	-	29618099	29620575	-5.68566979187478	0.0338494065512329	DOWN	-2.04620615348472	0.5376635417314	NS
DOWN	A485_only	medtr.A17.gnm5.ann1_6.MtrunA17Chr3g0090381	MtrunA17Chr3g0090381			medtr.A17.gnm5.MtrunA17Chr3	+	11742880	11743257	-7.47262280198402	0.00799949654544002	DOWN	-2.01190706167379	0.208601164791061	NS
DOWN	A485_only	medtr.A17.gnm5.ann1_6.MtrunA17Chr7g0261951	MtrunA17Chr7g0261951			medtr.A17.gnm5.MtrunA17Chr7	+	46173416	46182139	-2.09991067255243	0.0076556846928917	DOWN	2.00489341696607	0.00065598962928004	UP
DOWN	A485_only	medtr.A17.gnm5.ann1_6.MtrunA17Chr6g0465131	MtrunA17Chr6g0465131			medtr.A17.gnm5.MtrunA17Chr6	+	14250555	14266909	-4.65915145924722	0.010683163054447	DOWN	-1.99843938820351	0.21890401918833	NS
DOWN	A485_only	medtr.A17.gnm5.ann1_6.MtrunA17Chr3g0143301	MtrunA17Chr3g0143301			medtr.A17.gnm5.MtrunA17Chr3	+	56883153	56884364	-3.11582159361672	0.0204945159367092	DOWN	-1.99228503752721	0.128246870119179	NS
DOWN	A485_only	medtr.A17.gnm5.ann1_6.MtrunA17Chr3g0109001	MtrunA17Chr3g0109001			medtr.A17.gnm5.MtrunA17Chr3	-	32062230	32070790	-9.74993565939822	0.0337909488920686	DOWN	-1.98190642009058	0.55591969486203	NS
DOWN	A485_only	medtr.A17.gnm5.ann1_6.MtrunA17Chr8g0372021	MtrunA17Chr8g0372021	MtPDF50	Plant Defensin	medtr.A17.gnm5.MtrunA17Chr8	-	34606941	34607900	-4.05000018857638	0.00263615158916106	DOWN	-1.95882957208049	0.0935324795633374	NS
DOWN	A485_only	medtr.A17.gnm5.ann1_6.MtrunA17Chr3g0108941	MtrunA17Chr3g0108941			medtr.A17.gnm5.MtrunA17Chr3	-	32024035	32026642	-6.92121196515767	0.0159998428738675	DOWN	-1.9539902361175	0.59164101851078	NS
DOWN	A485_only	medtr.A17.gnm5.ann1_6.MtrunA17Chr8g0361431	MtrunA17Chr8g0361431			medtr.A17.gnm5.MtrunA17Chr8	+	25779379	25784758	-2.99961379627606	0.00947221670842246	DOWN	1.9301335428505	0.00811862983692434	UP
DOWN	A485_only	medtr.A17.gnm5.ann1_6.MtrunA17Chr5g0431831	MtrunA17Chr5g0431831	MtNCR724	Nodule-specific Cysteine-Rich peptide	medtr.A17.gnm5.MtrunA17Chr5	+	32629762	32630471	-2.38295506042603	0.0466607478879372	DOWN	-1.91547962614816	0.106944843212201	NS
DOWN	A485_only	medtr.A17.gnm5.ann1_6.MtrunA17Chr5g0393841	MtrunA17Chr5g0393841	MtNMN1	Nucleolar/Mitochondrial protein involved in Nodulation	medtr.A17.gnm5.MtrunA17Chr5	-	374493	375343	-3.60625744823051	0.045568673147472	DOWN	-1.90792345706097	0.249672680960945	NS
DOWN	A485_only	medtr.A17.gnm5.ann1_6.MtrunA17Chr4g0054371	MtrunA17Chr4g0054371	MtACS2	1-aminocyclopropane-1-carboxylate synthase (ethylene synthase)	medtr.A17.gnm5.MtrunA17Chr4	+	48137237	48139342	-2.38763023861345	0.0241052745009214	DOWN	-1.90410959063264	0.0849918172006519	NS
DOWN	A485_only	medtr.A17.gnm5.ann1_6.MtrunA17Chr2g0308241	MtrunA17Chr2g0308241			medtr.A17.gnm5.MtrunA17Chr2	-	31078910	31082260	-2.61320561828077	0.024681263239343	DOWN	-1.88560849548134	0.0976273510739515	NS
DOWN	A485_only	medtr.A17.gnm5.ann1_6.MtrunA17Chr8g0370901	MtrunA17Chr8g0370901			medtr.A17.gnm5.MtrunA17Chr8	+	33969218	33970450	-2.00221997759527	0.0442005198441823	DOWN	-1.84082214579713	0.0553326860667127	NS
DOWN	A485_only	medtr.A17.gnm5.ann1_6.MtrunA17Chr3g0110191	MtrunA17Chr3g0110191			medtr.A17.gnm5.MtrunA17Chr3	+	32901276	32903563	-3.83753053261547	0.000310882392721669	DOWN	-1.84049590091862	0.0965197749440859	NS
DOWN	A485_only	medtr.A17.gnm5.ann1_6.MtrunA17Chr7g0275011	MtrunA17Chr7g0275011			medtr.A17.gnm5.MtrunA17Chr7	+	55118606	55120950	-5.26396242105114	0.000396331204071586	DOWN	1.83734367067427	0.0553326860667127	NS
DOWN	A485_only	medtr.A17.gnm5.ann1_6.MtrunA17Chr4g0012471	MtrunA17Chr4g0012471	MtNCR199	Nodule-specific Cysteine-Rich peptide	medtr.A17.gnm5.MtrunA17Chr4	-	9836085	9838420	-3.09641689064556	0.0130203641771976	DOWN	-1.82204378226089	0.158805077564077	NS
DOWN	A485_only	medtr.A17.gnm5.ann1_6.MtrunA17Chr1g0182981	MtrunA17Chr1g0182981			medtr.A17.gnm5.MtrunA17Chr1	+	33771288	33772263	-2.42800532036875	0.0427624893318114	DOWN	-1.80522321156603	0.137914833128496	NS
DOWN	A485_only	medtr.A17.gnm5.ann1_6.MtrunA17Chr6g0467631	MtrunA17Chr6g0467631			medtr.A17.gnm5.MtrunA17Chr6	-	16560875	16564797	-3.47523025754394	0.00151945217408829	DOWN	1.80129147234403	0.026469582898167	UP
DOWN	A485_only	medtr.A17.gnm5.ann1_6.MtrunA17Chr3g0132471	MtrunA17Chr3g0132471	MtbHLH1	basic helix-loop-helix  transcription factor 1	medtr.A17.gnm5.MtrunA17Chr3	-	49124004	49126736	-3.09181997927978	0.00455905361305459	DOWN	-1.78728588881738	0.155874169672049	NS
DOWN	A485_only	medtr.A17.gnm5.ann1_6.MtrunA17Chr8g0342361	MtrunA17Chr8g0342361			medtr.A17.gnm5.MtrunA17Chr8	-	5711022	5712169	-2.93666740240161	0.0478684185321617	DOWN	-1.78209210588336	0.240634905161043	NS
DOWN	A485_only	medtr.A17.gnm5.ann1_6.MtrunA17Chr1g0182541	MtrunA17Chr1g0182541			medtr.A17.gnm5.MtrunA17Chr1	-	33459009	33462470	-2.08978788370131	0.0475219350088155	DOWN	-1.77401983401502	0.0948778808255076	NS
DOWN	A485_only	medtr.A17.gnm5.ann1_6.MtrunA17Chr4g0023111	MtrunA17Chr4g0023111			medtr.A17.gnm5.MtrunA17Chr4	+	23577133	23581233	-4.57337346190553	0.00767519490694142	DOWN	-1.77150895637962	0.217545207741984	NS
DOWN	A485_only	medtr.A17.gnm5.ann1_6.MtrunA17Chr2g0328341	MtrunA17Chr2g0328341			medtr.A17.gnm5.MtrunA17Chr2	+	47663181	47665103	-6.02215904482964	0.00362542327822551	DOWN	-1.74027436472672	0.29132391376062	NS
DOWN	A485_only	medtr.A17.gnm5.ann1_6.MtrunA17Chr7g0256401	MtrunA17Chr7g0256401			medtr.A17.gnm5.MtrunA17Chr7	-	42258441	42259060	-2.27466057586992	0.0239296503855125	DOWN	-1.7332559026049	0.106262459029718	NS
DOWN	A485_only	medtr.A17.gnm5.ann1_6.MtrunA17Chr4g0010231	MtrunA17Chr4g0010231			medtr.A17.gnm5.MtrunA17Chr4	+	8026125	8027557	-3.16814576374114	0.0365251217270365	DOWN	-1.7226396633968	0.281809330882781	NS
DOWN	A485_only	medtr.A17.gnm5.ann1_6.MtrunA17Chr5g0434951	MtrunA17Chr5g0434951	MtCML33	Calmodulin-like 33	medtr.A17.gnm5.MtrunA17Chr5	-	35122058	35123683	-2.9589637872626	0.000619972336801233	DOWN	1.7210309468871	0.05342476260704	NS
DOWN	A485_only	medtr.A17.gnm5.ann1_6.MtrunA17Chr7g0244971	MtrunA17Chr7g0244971			medtr.A17.gnm5.MtrunA17Chr7	-	34113867	34116724	-3.17756065000717	0.0322731455502942	DOWN	1.70597253592637	0.244218603772138	NS
DOWN	A485_only	medtr.A17.gnm5.ann1_6.MtrunA17Chr7g0271221	MtrunA17Chr7g0271221	MtNPF4.11	NRT1/ PTR FAMILY|nitrate transporter / peptide transporter	medtr.A17.gnm5.MtrunA17Chr7	+	52674195	52677862	-2.66120404126464	0.0106698841894414	DOWN	-1.67721707313328	0.142767456696074	NS
DOWN	A485_only	medtr.A17.gnm5.ann1_6.MtrunA17Chr1g0185121	MtrunA17Chr1g0185121			medtr.A17.gnm5.MtrunA17Chr1	-	35558665	35562814	-3.39752576415336	0.00161483333749731	DOWN	-1.65892878878462	0.155910698530539	NS
DOWN	A485_only	medtr.A17.gnm5.ann1_6.MtrunA17Chr2g0315451	MtrunA17Chr2g0315451			medtr.A17.gnm5.MtrunA17Chr2	+	37720289	37722803	-2.09935185701476	0.025209149703529	DOWN	-1.65731002849406	0.111057813691619	NS
DOWN	A485_only	medtr.A17.gnm5.ann1_6.MtrunA17Chr1g0188861	MtrunA17Chr1g0188861	MtLHL3	LONESOME HIGHWAY LIKE 3  (bHLH transcription factor)	medtr.A17.gnm5.MtrunA17Chr1	+	38547960	38552797	-2.2942763365393	0.0128593672416816	DOWN	-1.65488819234198	0.0990502466477127	NS
DOWN	A485_only	medtr.A17.gnm5.ann1_6.MtrunA17Chr6g0461641	MtrunA17Chr6g0461641			medtr.A17.gnm5.MtrunA17Chr6	-	10769415	10773250	-3.05182356241919	0.0143762561558156	DOWN	-1.65322169636245	0.228424998761637	NS
DOWN	A485_only	medtr.A17.gnm5.ann1_6.MtrunA17Chr8g0372861	MtrunA17Chr8g0372861			medtr.A17.gnm5.MtrunA17Chr8	-	35215030	35219319	-2.98425990665634	0.0353105038105514	DOWN	1.6522351793459	0.198805926979816	NS
DOWN	A485_only	medtr.A17.gnm5.ann1_6.MtrunA17Chr3g0113321	MtrunA17Chr3g0113321	MtCYP90A14	Cytochrome P450 monooxygenase	medtr.A17.gnm5.MtrunA17Chr3	+	35044416	35051373	-3.10667098843811	0.00308955348318177	DOWN	-1.65122020985637	0.145503115269293	NS
DOWN	A485_only	medtr.A17.gnm5.ann1_6.MtrunA17Chr7g0250711	MtrunA17Chr7g0250711			medtr.A17.gnm5.MtrunA17Chr7	+	38171184	38172084	-4.7092861382536	0.00610331787635218	DOWN	-1.64223836478145	0.441019264881111	NS
DOWN	A485_only	medtr.A17.gnm5.ann1_6.MtrunA17Chr6g0452651	MtrunA17Chr6g0452651	MtNCR-new47	Nodule-specific Cysteine-Rich peptide	medtr.A17.gnm5.MtrunA17Chr6	+	2992399	2996273	-1.92760081813228	0.0154039601398562	DOWN	-1.63957050978286	0.0595753198946015	NS
DOWN	A485_only	medtr.A17.gnm5.ann1_6.MtrunA17Chr8g0335311	MtrunA17Chr8g0335311	MtEDN1	ERF differentially regulated during nodulation 1	medtr.A17.gnm5.MtrunA17Chr8	-	859107	860142	-6.43694382997889	0.00375947449040324	DOWN	-1.63834389075954	0.51384341306958	NS
DOWN	A485_only	medtr.A17.gnm5.ann1_6.MtrunA17Chr4g0014681	MtrunA17Chr4g0014681			medtr.A17.gnm5.MtrunA17Chr4	+	12033738	12035734	-4.93466746032274	0.0339256059389888	DOWN	-1.62972751719356	0.749980620654165	NS
DOWN	A485_only	medtr.A17.gnm5.ann1_6.MtrunA17Chr8g0390151	MtrunA17Chr8g0390151			medtr.A17.gnm5.MtrunA17Chr8	+	47470227	47471704	-5.39720874276899	0.0466625464458733	DOWN	1.62679245395601	0.346380954681292	NS
DOWN	A485_only	medtr.A17.gnm5.ann1_6.MtrunA17Chr5g0396191	MtrunA17Chr5g0396191			medtr.A17.gnm5.MtrunA17Chr5	+	1850563	1851761	-7.35399264953889	0.0136813411013462	DOWN	-1.62317133640998	0.437313022132132	NS
DOWN	A485_only	medtr.A17.gnm5.ann1_6.MtrunA17Chr1g0155541	MtrunA17Chr1g0155541			medtr.A17.gnm5.MtrunA17Chr1	+	7305439	7305860	-2.14547551447095	0.0256185199158528	DOWN	-1.62194126029648	0.131323912305254	NS
DOWN	A485_only	medtr.A17.gnm5.ann1_6.MtrunA17Chr2g0321831	MtrunA17Chr2g0321831			medtr.A17.gnm5.MtrunA17Chr2	-	42700784	42701589	-2.78512088158083	0.0358401061103304	DOWN	1.61388930544398	0.128996255820396	NS
DOWN	A485_only	medtr.A17.gnm5.ann1_6.MtrunA17Chr1g0176331	MtrunA17Chr1g0176331			medtr.A17.gnm5.MtrunA17Chr1	+	27839004	27841158	-2.4469901721766	0.0280024586382452	DOWN	1.60953912053958	0.117740409811662	NS
DOWN	A485_only	medtr.A17.gnm5.ann1_6.MtrunA17Chr4g0028901	MtrunA17Chr4g0028901			medtr.A17.gnm5.MtrunA17Chr4	-	29892561	29893143	-2.56294313644575	0.0410149529716959	DOWN	-1.60403901135774	0.261203119833671	NS
DOWN	A485_only	medtr.A17.gnm5.ann1_6.MtrunA17Chr6g0488881	MtrunA17Chr6g0488881	MtN18	Mtnodulin 18	medtr.A17.gnm5.MtrunA17Chr6	-	42777365	42785598	-3.18948761293834	0.00221591859242401	DOWN	1.60191730447164	0.20307514466417	NS
DOWN	A485_only	medtr.A17.gnm5.ann1_6.MtrunA17Chr4g0052621	MtrunA17Chr4g0052621			medtr.A17.gnm5.MtrunA17Chr4	+	46733507	46738012	-2.07926554634482	0.034478592164121	DOWN	-1.59685800331623	0.185337284189389	NS
DOWN	A485_only	medtr.A17.gnm5.ann1_6.MtrunA17Chr5g0437411	MtrunA17Chr5g0437411	MtPUB1|MtPUB45	Plant U-box protein 1	medtr.A17.gnm5.MtrunA17Chr5	+	37018001	37020467	-2.2278219665726	0.0188956894014694	DOWN	-1.59254844528405	0.171553579320632	NS
DOWN	A485_only	medtr.A17.gnm5.ann1_6.MtrunA17Chr2g0281351	MtrunA17Chr2g0281351			medtr.A17.gnm5.MtrunA17Chr2	-	3109833	3110268	-2.91164524303794	0.030243263561824	DOWN	-1.58574801183198	0.308689185690879	NS
DOWN	A485_only	medtr.A17.gnm5.ann1_6.MtrunA17Chr4g0058531	MtrunA17Chr4g0058531			medtr.A17.gnm5.MtrunA17Chr4	-	51469971	51470614	-3.62422782891266	0.0462695525434763	DOWN	-1.57451711193327	0.519043645962543	NS
DOWN	A485_only	medtr.A17.gnm5.ann1_6.MtrunA17Chr5g0415581	MtrunA17Chr5g0415581			medtr.A17.gnm5.MtrunA17Chr5	-	16375274	16378176	-2.23893923020212	0.0312744735267284	DOWN	-1.56043612719613	0.254325057978554	NS
DOWN	A485_only	medtr.A17.gnm5.ann1_6.MtrunA17Chr3g0126741	MtrunA17Chr3g0126741			medtr.A17.gnm5.MtrunA17Chr3	+	45015626	45019647	-2.49763693302512	0.0291933852927598	DOWN	-1.55753701040401	0.254029982459085	NS
DOWN	A485_only	medtr.A17.gnm5.ann1_6.MtrunA17Chr4g0015051	MtrunA17Chr4g0015051			medtr.A17.gnm5.MtrunA17Chr4	-	12357024	12362882	-1.6448645117199	0.00728913911390797	DOWN	1.55666618256723	0.00621852423039594	UP
DOWN	A485_only	medtr.A17.gnm5.ann1_6.MtrunA17Chr4g0061311	MtrunA17Chr4g0061311			medtr.A17.gnm5.MtrunA17Chr4	-	53454061	53457265	-1.68273907471482	0.0398167964831455	DOWN	1.55029051228142	0.0665354847513103	NS
DOWN	A485_only	medtr.A17.gnm5.ann1_6.MtrunA17Chr3g0100431	MtrunA17Chr3g0100431			medtr.A17.gnm5.MtrunA17Chr3	-	25039904	25040998	-2.51454552629525	0.0430779026607442	DOWN	-1.54107456113578	0.319365967392033	NS
DOWN	A485_only	medtr.A17.gnm5.ann1_6.MtrunA17Chr3g0089341	MtrunA17Chr3g0089341			medtr.A17.gnm5.MtrunA17Chr3	+	10470878	10471108	-3.46456512331167	0.0119059610928779	DOWN	-1.53341639858412	0.339709659718185	NS
DOWN	A485_only	medtr.A17.gnm5.ann1_6.MtrunA17Chr4g0014661	MtrunA17Chr4g0014661			medtr.A17.gnm5.MtrunA17Chr4	+	12002774	12004928	-5.49820414343374	0.0338547291370233	DOWN	-1.52466176809536	0.71918778025191	NS
DOWN	A485_only	medtr.A17.gnm5.ann1_6.MtrunA17Chr5g0437991	MtrunA17Chr5g0437991			medtr.A17.gnm5.MtrunA17Chr5	-	37354868	37357572	-1.91886262867599	0.00613213781828972	DOWN	-1.51919132976573	0.0626658088363889	NS
DOWN	A485_only	medtr.A17.gnm5.ann1_6.MtrunA17Chr2g0301171	MtrunA17Chr2g0301171			medtr.A17.gnm5.MtrunA17Chr2	-	18835923	18839723	-4.02185153106622	0.0172025792566734	DOWN	-1.51909432095762	0.539960732922238	NS
DOWN	A485_only	medtr.A17.gnm5.ann1_6.MtrunA17Chr6g0479001	MtrunA17Chr6g0479001			medtr.A17.gnm5.MtrunA17Chr6	+	33595548	33604279	-2.30098372202092	0.000818938279300278	DOWN	1.49504700039297	0.0657260811165792	NS
DOWN	A485_only	medtr.A17.gnm5.ann1_6.MtrunA17Chr4g0071601	MtrunA17Chr4g0071601			medtr.A17.gnm5.MtrunA17Chr4	-	60884210	60885063	-2.35705259070093	0.00849154162812242	DOWN	-1.49165096901659	0.186434068197096	NS
DOWN	A485_only	medtr.A17.gnm5.ann1_6.MtrunA17Chr1g0199861	MtrunA17Chr1g0199861			medtr.A17.gnm5.MtrunA17Chr1	-	46557715	46561197	-2.7545936837331	0.0182157009783496	DOWN	-1.49119134842562	0.368472121713337	NS
DOWN	A485_only	medtr.A17.gnm5.ann1_6.MtrunA17Chr8g0354771	MtrunA17Chr8g0354771			medtr.A17.gnm5.MtrunA17Chr8	+	16347587	16356405	-2.36663084835928	0.00150099931387425	DOWN	-1.48818616887918	0.11723125090077	NS
DOWN	A485_only	medtr.A17.gnm5.ann1_6.MtrunA17Chr4g0005651	MtrunA17Chr4g0005651			medtr.A17.gnm5.MtrunA17Chr4	+	4427094	4428969	-3.52991811904458	0.000760351908652671	DOWN	-1.48397300671176	0.230620534680851	NS
DOWN	A485_only	medtr.A17.gnm5.ann1_6.MtrunA17Chr7g0243851	MtrunA17Chr7g0243851			medtr.A17.gnm5.MtrunA17Chr7	+	32983474	32985401	-2.67572590133435	0.00125599560706779	DOWN	1.48293117998875	0.126087851232619	NS
DOWN	A485_only	medtr.A17.gnm5.ann1_6.MtrunA17Chr4g0053241	MtrunA17Chr4g0053241			medtr.A17.gnm5.MtrunA17Chr4	+	47183279	47187808	-4.37512657505971	0.0397494727960054	DOWN	1.47531941375852	0.354446840220531	NS
DOWN	A485_only	medtr.A17.gnm5.ann1_6.MtrunA17Chr2g0300451	MtrunA17Chr2g0300451			medtr.A17.gnm5.MtrunA17Chr2	+	18204238	18205379	-6.02513991980555	0.0176895250716479	DOWN	-1.46032984450152	0.546353113584326	NS
DOWN	A485_only	medtr.A17.gnm5.ann1_6.MtrunA17Chr6g0475581	MtrunA17Chr6g0475581	MtNCR-new57	Nodule-specific Cysteine-Rich peptide	medtr.A17.gnm5.MtrunA17Chr6	-	30043354	30044491	-2.35769226914693	0.0214259136324645	DOWN	-1.45644338120174	0.339949195375937	NS
DOWN	A485_only	medtr.A17.gnm5.ann1_6.MtrunA17Chr3g0105981	MtrunA17Chr3g0105981			medtr.A17.gnm5.MtrunA17Chr3	+	29911355	29916119	-2.75232249642382	0.0223902733315039	DOWN	-1.45405673792224	0.37376538664675	NS
DOWN	A485_only	medtr.A17.gnm5.ann1_6.MtrunA17Chr1g0168661	MtrunA17Chr1g0168661	MtMYB108	Myeloblastosis (MYB) transcription factor 108	medtr.A17.gnm5.MtrunA17Chr1	-	17513303	17515202	-3.06037216393026	0.0113184482457432	DOWN	-1.44344947126704	0.41820094478629	NS
DOWN	A485_only	medtr.A17.gnm5.ann1_6.MtrunA17Chr4g0062291	MtrunA17Chr4g0062291			medtr.A17.gnm5.MtrunA17Chr4	-	54129103	54133144	-1.98556378673001	0.0029086446114329	DOWN	-1.43877133030629	0.0896856506034479	NS
DOWN	A485_only	medtr.A17.gnm5.ann1_6.MtrunA17Chr6g0467641	MtrunA17Chr6g0467641			medtr.A17.gnm5.MtrunA17Chr6	-	16608614	16610573	-5.07801671680249	0.00296997390428199	DOWN	1.43463349392901	0.288271681486922	NS
DOWN	A485_only	medtr.A17.gnm5.ann1_6.MtrunA17Chr2g0301191	MtrunA17Chr2g0301191			medtr.A17.gnm5.MtrunA17Chr2	-	18848691	18849728	-4.75542303437897	0.00625848701721679	DOWN	-1.42946662021575	0.609863337379033	NS
DOWN	A485_only	medtr.A17.gnm5.ann1_6.MtrunA17Chr1g0153171	MtrunA17Chr1g0153171	MtWOX4	wuschel-related homeobox protein 4	medtr.A17.gnm5.MtrunA17Chr1	+	5761423	5763093	-3.32238099755596	0.0163151082480425	DOWN	-1.429134605856	0.433837172476125	NS
DOWN	A485_only	medtr.A17.gnm5.ann1_6.MtrunA17Chr3g0109021	MtrunA17Chr3g0109021			medtr.A17.gnm5.MtrunA17Chr3	-	32080332	32082748	-7.9569671412565	0.011522631145323	DOWN	-1.42488799214221	0.830181645945513	NS
DOWN	A485_only	medtr.A17.gnm5.ann1_6.MtrunA17Chr3g0094551	MtrunA17Chr3g0094551			medtr.A17.gnm5.MtrunA17Chr3	+	17619866	17621928	-3.5836155954511	0.0268401679576257	DOWN	-1.42182506617562	0.555498334645222	NS
DOWN	A485_only	medtr.A17.gnm5.ann1_6.MtrunA17Chr4g0012351	MtrunA17Chr4g0012351	MtNCR515	Nodule-specific Cysteine-Rich peptide	medtr.A17.gnm5.MtrunA17Chr4	-	9780765	9781836	-2.19099294165332	0.0281428161751467	DOWN	-1.41882805009489	0.305146148854095	NS
DOWN	A485_only	medtr.A17.gnm5.ann1_6.MtrunA17Chr4g0067031	MtrunA17Chr4g0067031	MtCUL1	cullin 1	medtr.A17.gnm5.MtrunA17Chr4	-	57623246	57626913	-2.50526608122356	0.042618774192228	DOWN	1.3912597038943	0.319326194292015	NS
DOWN	A485_only	medtr.A17.gnm5.ann1_6.MtrunA17Chr6g0467321	MtrunA17Chr6g0467321	MtMATE50	multidrug and toxic compound extrusion family	medtr.A17.gnm5.MtrunA17Chr6	-	16155854	16160983	-2.41749539471008	0.00133053891932334	DOWN	-1.38993277112062	0.217402876423202	NS
DOWN	A485_only	medtr.A17.gnm5.ann1_6.MtrunA17Chr4g0058731	MtrunA17Chr4g0058731			medtr.A17.gnm5.MtrunA17Chr4	+	51662119	51665670	-2.68984176815459	0.000324537040804501	DOWN	-1.38300194645644	0.21386517108281	NS
DOWN	A485_only	medtr.A17.gnm5.ann1_6.MtrunA17Chr3g0114601	MtrunA17Chr3g0114601			medtr.A17.gnm5.MtrunA17Chr3	-	36024294	36026128	-3.69605096880997	0.000979081616966027	DOWN	-1.37487483481107	0.358166825430412	NS
DOWN	A485_only	medtr.A17.gnm5.ann1_6.MtrunA17Chr3g0090391	MtrunA17Chr3g0090391			medtr.A17.gnm5.MtrunA17Chr3	+	11743259	11744672	-5.1913307458836	0.00125739438221997	DOWN	-1.37403675805138	0.523299338612232	NS
DOWN	A485_only	medtr.A17.gnm5.ann1_6.MtrunA17Chr3g0083621	MtrunA17Chr3g0083621			medtr.A17.gnm5.MtrunA17Chr3	+	5217461	5223212	-1.80055882646356	0.0153105503335354	DOWN	-1.36965656426	0.185199724505826	NS
DOWN	A485_only	medtr.A17.gnm5.ann1_6.MtrunA17Chr5g0398091	MtrunA17Chr5g0398091			medtr.A17.gnm5.MtrunA17Chr5	+	3053588	3054612	-6.96012147522807	0.0011487544538329	DOWN	-1.36146596740866	0.541845688280463	NS
DOWN	A485_only	medtr.A17.gnm5.ann1_6.MtrunA17Chr6g0479011	MtrunA17Chr6g0479011			medtr.A17.gnm5.MtrunA17Chr6	-	33602146	33604290	-2.61960545875618	0.0221332154322813	DOWN	1.36139442517161	0.355736965905862	NS
DOWN	A485_only	medtr.A17.gnm5.ann1_6.MtrunA17Chr5g0426311	MtrunA17Chr5g0426311			medtr.A17.gnm5.MtrunA17Chr5	+	28164855	28170718	-3.76796959312649	0.0329107429559654	DOWN	1.35832152438188	0.44404636871411	NS
DOWN	A485_only	medtr.A17.gnm5.ann1_6.MtrunA17Chr1g0205211	MtrunA17Chr1g0205211			medtr.A17.gnm5.MtrunA17Chr1	+	50514467	50517161	-2.13135174467362	0.00333974521153599	DOWN	-1.33859713775535	0.249560149549741	NS
DOWN	A485_only	medtr.A17.gnm5.ann1_6.MtrunA17Chr2g0315531	MtrunA17Chr2g0315531			medtr.A17.gnm5.MtrunA17Chr2	+	37778545	37784370	-1.86846148684718	0.0075471250009953	DOWN	-1.33357675996566	0.212005375074115	NS
DOWN	A485_only	medtr.A17.gnm5.ann1_6.MtrunA17Chr3g0130011	MtrunA17Chr3g0130011			medtr.A17.gnm5.MtrunA17Chr3	-	47354667	47358955	-3.33680951328745	0.000199919667816657	DOWN	-1.3335672463527	0.38576695149022	NS
DOWN	A485_only	medtr.A17.gnm5.ann1_6.MtrunA17Chr6g0451511	MtrunA17Chr6g0451511	MtSAG101	senescence-associated gene 101-like (TC108405)	medtr.A17.gnm5.MtrunA17Chr6	+	2078509	2082081	-2.03014328732743	0.000411066242922126	DOWN	1.3310972755929	0.119474579079577	NS
DOWN	A485_only	medtr.A17.gnm5.ann1_6.MtrunA17Chr3g0121261	MtrunA17Chr3g0121261			medtr.A17.gnm5.MtrunA17Chr3	-	41175497	41177881	-2.60611489996072	0.00296517012282783	DOWN	-1.3294956124806	0.388854273107928	NS
DOWN	A485_only	medtr.A17.gnm5.ann1_6.MtrunA17Chr4g0069671	MtrunA17Chr4g0069671			medtr.A17.gnm5.MtrunA17Chr4	+	59521830	59529437	-3.26529850907384	0.00168821449103749	DOWN	1.327159357741	0.480796671473707	NS
DOWN	A485_only	medtr.A17.gnm5.ann1_6.MtrunA17Chr1g0159511	MtrunA17Chr1g0159511			medtr.A17.gnm5.MtrunA17Chr1	+	10190771	10194923	-2.69138757217567	0.0363308998843852	DOWN	-1.32680148475609	0.534797852036891	NS
DOWN	A485_only	medtr.A17.gnm5.ann1_6.MtrunA17Chr7g0244981	MtrunA17Chr7g0244981			medtr.A17.gnm5.MtrunA17Chr7	-	34131172	34133832	-2.175242555716	0.0116189833098292	DOWN	1.32589956575586	0.339502188565035	NS
DOWN	A485_only	medtr.A17.gnm5.ann1_6.MtrunA17Chr5g0432711	MtrunA17Chr5g0432711			medtr.A17.gnm5.MtrunA17Chr5	-	33346527	33349017	-2.7503683128478	0.00583194708846165	DOWN	-1.32241569383679	0.399006279042544	NS
DOWN	A485_only	medtr.A17.gnm5.ann1_6.MtrunA17Chr1g0151301	MtrunA17Chr1g0151301			medtr.A17.gnm5.MtrunA17Chr1	-	4201110	4204578	-2.22016449854679	0.00260694103276892	DOWN	1.31670639724364	0.217311361301592	NS
DOWN	A485_only	medtr.A17.gnm5.ann1_6.MtrunA17Chr3g0079371	MtrunA17Chr3g0079371			medtr.A17.gnm5.MtrunA17Chr3	+	1700447	1701433	-4.79611684987282	0.0381833170140259	DOWN	-1.31464883522997	0.70656823459522	NS
DOWN	A485_only	medtr.A17.gnm5.ann1_6.MtrunA17Chr4g0061141	MtrunA17Chr4g0061141			medtr.A17.gnm5.MtrunA17Chr4	+	53311806	53316870	-1.51404399684472	0.0387009865878397	DOWN	-1.30608985730069	0.175022962821178	NS
DOWN	A485_only	medtr.A17.gnm5.ann1_6.MtrunA17Chr7g0256791	MtrunA17Chr7g0256791			medtr.A17.gnm5.MtrunA17Chr7	+	42527041	42527820	-1.61739710911546	0.0371984144132747	DOWN	-1.30397043773789	0.238509908918638	NS
DOWN	A485_only	medtr.A17.gnm5.ann1_6.MtrunA17Chr5g0424051	MtrunA17Chr5g0424051			medtr.A17.gnm5.MtrunA17Chr5	+	25975512	25976825	-7.28800681900766	0.0067403221465679	DOWN	1.3005135911416	0.538403077823484	NS
DOWN	A485_only	medtr.A17.gnm5.ann1_6.MtrunA17Chr5g0441101	MtrunA17Chr5g0441101			medtr.A17.gnm5.MtrunA17Chr5	+	39600074	39603334	-2.15113316229776	0.00845489956353366	DOWN	-1.29921028510153	0.375195408744676	NS
DOWN	A485_only	medtr.A17.gnm5.ann1_6.MtrunA17Chr7g0226051	MtrunA17Chr7g0226051			medtr.A17.gnm5.MtrunA17Chr7	-	11156748	11162094	-2.22579594318149	0.0480372210121869	DOWN	1.2948928688141	0.44763428282703	NS
DOWN	A485_only	medtr.A17.gnm5.ann1_6.MtrunA17Chr1g0186611	MtrunA17Chr1g0186611			medtr.A17.gnm5.MtrunA17Chr1	+	36857472	36859963	-2.21894782912947	0.00383004913711273	DOWN	-1.2901290940951	0.370774187585302	NS
DOWN	A485_only	medtr.A17.gnm5.ann1_6.MtrunA17Chr4g0057231	MtrunA17Chr4g0057231			medtr.A17.gnm5.MtrunA17Chr4	-	50501405	50502333	-4.78526163083604	0.00866713597542266	DOWN	-1.28913039260636	0.763314390538576	NS
DOWN	A485_only	medtr.A17.gnm5.ann1_6.MtrunA17Chr2g0319931	MtrunA17Chr2g0319931			medtr.A17.gnm5.MtrunA17Chr2	+	41281521	41282366	-2.17185670894662	0.0130055538811806	DOWN	1.28749735160171	0.395020034135945	NS
DOWN	A485_only	medtr.A17.gnm5.ann1_6.MtrunA17Chr6g0480921	MtrunA17Chr6g0480921			medtr.A17.gnm5.MtrunA17Chr6	+	35665673	35668345	-4.04289906069603	0.000997141438979661	DOWN	1.28615453467628	0.443872195967188	NS
DOWN	A485_only	medtr.A17.gnm5.ann1_6.MtrunA17Chr1g0157781	MtrunA17Chr1g0157781			medtr.A17.gnm5.MtrunA17Chr1	-	8930553	8932611	-2.83656645397534	0.0475219350088155	DOWN	1.27103376665741	0.530259100475514	NS
DOWN	A485_only	medtr.A17.gnm5.ann1_6.MtrunA17Chr3g0116121	MtrunA17Chr3g0116121			medtr.A17.gnm5.MtrunA17Chr3	-	37379990	37383119	-2.24914394598423	0.0224594999258328	DOWN	-1.26421855378023	0.481090370931959	NS
DOWN	A485_only	medtr.A17.gnm5.ann1_6.MtrunA17Chr7g0269421	MtrunA17Chr7g0269421			medtr.A17.gnm5.MtrunA17Chr7	+	51412844	51415131	-1.92438820744307	0.0312250309819386	DOWN	1.26343103223932	0.457826539458986	NS
DOWN	A485_only	medtr.A17.gnm5.ann1_6.MtrunA17Chr5g0393511	MtrunA17Chr5g0393511			medtr.A17.gnm5.MtrunA17Chr5	+	157273	158218	-1.72658936307062	0.0459650343762725	DOWN	-1.26290077165926	0.389002500916599	NS
DOWN	A485_only	medtr.A17.gnm5.ann1_6.MtrunA17Chr3g0142741	MtrunA17Chr3g0142741			medtr.A17.gnm5.MtrunA17Chr3	+	56565507	56566245	-1.70880221695416	0.0274706969156167	DOWN	1.25949106025732	0.321563801047691	NS
DOWN	A485_only	medtr.A17.gnm5.ann1_6.MtrunA17Chr1g0155551	MtrunA17Chr1g0155551			medtr.A17.gnm5.MtrunA17Chr1	+	7305862	7306948	-1.95506955569381	0.0322731455502942	DOWN	-1.25108891325497	0.481311132891884	NS
DOWN	A485_only	medtr.A17.gnm5.ann1_6.MtrunA17Chr1g0203141	MtrunA17Chr1g0203141	MtCYP715A26	Cytochrome P450 monooxygenase	medtr.A17.gnm5.MtrunA17Chr1	-	49055302	49058456	-4.38128941546482	0.00921449944015432	DOWN	-1.24854546061908	0.731311262487799	NS
DOWN	A485_only	medtr.A17.gnm5.ann1_6.MtrunA17Chr8g0367721	MtrunA17Chr8g0367721	MtNCR736	Nodule-specific Cysteine-Rich peptide	medtr.A17.gnm5.MtrunA17Chr8	+	31381661	31383713	-2.23172265278579	0.0488139406794281	DOWN	-1.24823557489194	0.609735974457454	NS
DOWN	A485_only	medtr.A17.gnm5.ann1_6.MtrunA17Chr4g0032111	MtrunA17Chr4g0032111			medtr.A17.gnm5.MtrunA17Chr4	-	32361242	32362329	-2.54548585677279	0.00715843284443871	DOWN	-1.24636805962146	0.496205354639312	NS
DOWN	A485_only	medtr.A17.gnm5.ann1_6.MtrunA17Chr1g0188041	MtrunA17Chr1g0188041	MtPUB7	Plant U-box protein 7	medtr.A17.gnm5.MtrunA17Chr1	+	37884993	37889767	-2.11989259686938	0.0049693044231228	DOWN	1.24390477086136	0.400823644078449	NS
DOWN	A485_only	medtr.A17.gnm5.ann1_6.MtrunA17Chr3g0127551	MtrunA17Chr3g0127551			medtr.A17.gnm5.MtrunA17Chr3	+	45572816	45574670	-2.35963947515232	0.00200590825422716	DOWN	1.23322295394491	0.353625608468022	NS
DOWN	A485_only	medtr.A17.gnm5.ann1_6.MtrunA17Chr6g0481181	MtrunA17Chr6g0481181			medtr.A17.gnm5.MtrunA17Chr6	-	36132118	36132685	-3.05350724367436	0.0125823581243052	DOWN	-1.2312574331441	0.609979458828365	NS
DOWN	A485_only	medtr.A17.gnm5.ann1_6.MtrunA17Chr3g0142401	MtrunA17Chr3g0142401			medtr.A17.gnm5.MtrunA17Chr3	+	56371585	56373263	-1.60378082482122	0.0268643815454091	DOWN	-1.2309754821803	0.300685142390695	NS
DOWN	A485_only	medtr.A17.gnm5.ann1_6.MtrunA17Chr6g0485941	MtrunA17Chr6g0485941			medtr.A17.gnm5.MtrunA17Chr6	+	40461759	40463469	-2.00555513699169	0.0351569562338674	DOWN	-1.23011753102344	0.511103506995504	NS
DOWN	A485_only	medtr.A17.gnm5.ann1_6.MtrunA17Chr2g0313891	MtrunA17Chr2g0313891			medtr.A17.gnm5.MtrunA17Chr2	-	36541683	36543818	-2.01243190739443	0.0182504083199207	DOWN	-1.22896652438968	0.486859746827461	NS
DOWN	A485_only	medtr.A17.gnm5.ann1_6.MtrunA17Chr6g0470981	MtrunA17Chr6g0470981			medtr.A17.gnm5.MtrunA17Chr6	+	21521201	21527173	-1.87850063866727	0.012066454049786	DOWN	1.227908222028	0.313162071436586	NS
DOWN	A485_only	medtr.A17.gnm5.ann1_6.MtrunA17Chr6g0488451	MtrunA17Chr6g0488451			medtr.A17.gnm5.MtrunA17Chr6	-	42443580	42445791	-2.63259073386725	0.000349193110838985	DOWN	-1.22647734827079	0.433999346182955	NS
DOWN	A485_only	medtr.A17.gnm5.ann1_6.MtrunA17Chr3g0142731	MtrunA17Chr3g0142731			medtr.A17.gnm5.MtrunA17Chr3	-	56564773	56568770	-1.56675563298899	0.0444476693094231	DOWN	1.22636065284405	0.351226142728716	NS
DOWN	A485_only	medtr.A17.gnm5.ann1_6.MtrunA17Chr1g0160381	MtrunA17Chr1g0160381			medtr.A17.gnm5.MtrunA17Chr1	+	10856449	10863641	-3.9528563488111	6.66291085398962e-05	DOWN	1.22500769000351	0.468149485824306	NS
DOWN	A485_only	medtr.A17.gnm5.ann1_6.MtrunA17Chr3g0112211	MtrunA17Chr3g0112211			medtr.A17.gnm5.MtrunA17Chr3	+	34232690	34236700	-1.98194509146903	0.0250187512925304	DOWN	1.22193050009291	0.448336087240972	NS
DOWN	A485_only	medtr.A17.gnm5.ann1_6.MtrunA17Chr7g0271681	MtrunA17Chr7g0271681			medtr.A17.gnm5.MtrunA17Chr7	-	53043531	53047177	-1.75674911575424	0.0488139406794281	DOWN	1.2160311897306	0.476899524673223	NS
DOWN	A485_only	medtr.A17.gnm5.ann1_6.MtrunA17Chr6g0488461	MtrunA17Chr6g0488461			medtr.A17.gnm5.MtrunA17Chr6	+	42444569	42444932	-2.33227897364891	0.00309687586503352	DOWN	-1.2151116550208	0.477464184060815	NS
DOWN	A485_only	medtr.A17.gnm5.ann1_6.MtrunA17Chr3g0130021	MtrunA17Chr3g0130021			medtr.A17.gnm5.MtrunA17Chr3	+	47355856	47359646	-3.23699876605473	0.000448941987893498	DOWN	-1.21414814755916	0.578558321119315	NS
DOWN	A485_only	medtr.A17.gnm5.ann1_6.MtrunA17Chr3g0129561	MtrunA17Chr3g0129561			medtr.A17.gnm5.MtrunA17Chr3	-	47053733	47059031	-2.33941522216581	0.0125823581243052	DOWN	-1.21218064624734	0.556779573543599	NS
DOWN	A485_only	medtr.A17.gnm5.ann1_6.MtrunA17Chr1g0200471	MtrunA17Chr1g0200471			medtr.A17.gnm5.MtrunA17Chr1	-	46992813	46996658	-1.73639085466237	0.00583194708846165	DOWN	1.21166273454864	0.305059565184429	NS
DOWN	A485_only	medtr.A17.gnm5.ann1_6.MtrunA17Chr4g0012171	MtrunA17Chr4g0012171	MtNCR617	Nodule-specific Cysteine-Rich peptide	medtr.A17.gnm5.MtrunA17Chr4	-	9697640	9698319	-3.66838066601055	0.0137256109844968	DOWN	-1.21014089003842	0.710486257924672	NS
DOWN	A485_only	medtr.A17.gnm5.ann1_6.MtrunA17Chr2g0319921	MtrunA17Chr2g0319921			medtr.A17.gnm5.MtrunA17Chr2	-	41277750	41284349	-2.13729368151601	0.0273886850464391	DOWN	1.20914615595552	0.60256443436468	NS
DOWN	A485_only	medtr.A17.gnm5.ann1_6.MtrunA17Chr5g0408661	MtrunA17Chr5g0408661			medtr.A17.gnm5.MtrunA17Chr5	-	10715175	10716705	-4.02934248971237	0.00387047809329284	DOWN	-1.20453027144472	0.647122402074135	NS
DOWN	A485_only	medtr.A17.gnm5.ann1_6.MtrunA17Chr6g0488721	MtrunA17Chr6g0488721			medtr.A17.gnm5.MtrunA17Chr6	-	42632426	42638516	-6.23455937263707	0.034972033304152	DOWN	-1.20168945115805	0.847461255643165	NS
DOWN	A485_only	medtr.A17.gnm5.ann1_6.MtrunA17Chr2g0320251	MtrunA17Chr2g0320251			medtr.A17.gnm5.MtrunA17Chr2	-	41519375	41522492	-3.48174915069871	0.00348189448308413	DOWN	-1.19902785752772	0.631849832161179	NS
DOWN	A485_only	medtr.A17.gnm5.ann1_6.MtrunA17Chr7g0261971	MtrunA17Chr7g0261971	MtABCG56	ATP-binding cassette (ABC) transporter type G	medtr.A17.gnm5.MtrunA17Chr7	+	46184756	46197155	-3.05352061675346	0.00170075262706663	DOWN	1.1972193559767	0.532695647536983	NS
DOWN	A485_only	medtr.A17.gnm5.ann1_6.MtrunA17Chr6g0452371	MtrunA17Chr6g0452371			medtr.A17.gnm5.MtrunA17Chr6	-	2757719	2759862	-1.92121101525745	0.0401797469614335	DOWN	1.19322752070103	0.596444837302977	NS
DOWN	A485_only	medtr.A17.gnm5.ann1_6.MtrunA17Chr8g0376891	MtrunA17Chr8g0376891			medtr.A17.gnm5.MtrunA17Chr8	+	38361841	38363772	-7.31520926072065	0.00161247700099227	DOWN	-1.18954705492013	0.95734442861182	NS
DOWN	A485_only	medtr.A17.gnm5.ann1_6.MtrunA17Chr7g0228861	MtrunA17Chr7g0228861			medtr.A17.gnm5.MtrunA17Chr7	+	14480316	14482002	-4.09481252214654	0.0399286501662449	DOWN	-1.18926346202621	0.913634066532642	NS
DOWN	A485_only	medtr.A17.gnm5.ann1_6.MtrunA17Chr2g0277471	MtrunA17Chr2g0277471			medtr.A17.gnm5.MtrunA17Chr2	+	528853	533651	-1.81078405442058	0.0327207481414897	DOWN	-1.18663427337606	0.540587100042951	NS
DOWN	A485_only	medtr.A17.gnm5.ann1_6.MtrunA17Chr3g0092881	MtrunA17Chr3g0092881	MtLegin38	Leginsulin	medtr.A17.gnm5.MtrunA17Chr3	+	14497186	14497661	-7.6955752611523	0.000551669657118166	DOWN	1.18116228246282	0.701075056103691	NS
DOWN	A485_only	medtr.A17.gnm5.ann1_6.MtrunA17Chr1g0203681	MtrunA17Chr1g0203681			medtr.A17.gnm5.MtrunA17Chr1	+	49407071	49409751	-3.14816011631864	0.0458867811760196	DOWN	-1.18113179971055	0.747647146295833	NS
DOWN	A485_only	medtr.A17.gnm5.ann1_6.MtrunA17Chr8g0374911	MtrunA17Chr8g0374911			medtr.A17.gnm5.MtrunA17Chr8	+	36784111	36786406	-3.08886726202219	0.0106826376894053	DOWN	1.17541077781294	0.631496393116607	NS
DOWN	A485_only	medtr.A17.gnm5.ann1_6.MtrunA17Chr2g0322321	MtrunA17Chr2g0322321	MtCYP74B4v1|MtHPL	Cytochrome P450 monooxygenase|hydroperoxide lyase (TC101310)	medtr.A17.gnm5.MtrunA17Chr2	+	43105660	43110729	-2.74697841110999	0.00257681506002682	DOWN	-1.17394007382027	0.619741786482403	NS
DOWN	A485_only	medtr.A17.gnm5.ann1_6.MtrunA17Chr3g0106291	MtrunA17Chr3g0106291			medtr.A17.gnm5.MtrunA17Chr3	+	30111722	30115798	-2.20832152846307	0.0444476693094231	DOWN	-1.16861635897832	0.662072586338052	NS
DOWN	A485_only	medtr.A17.gnm5.ann1_6.MtrunA17Chr8g0355791	MtrunA17Chr8g0355791			medtr.A17.gnm5.MtrunA17Chr8	-	17298641	17302055	-2.4228302477827	0.0298102039914053	DOWN	-1.16676616239768	0.709610315864945	NS
DOWN	A485_only	medtr.A17.gnm5.ann1_6.MtrunA17Chr4g0037331	MtrunA17Chr4g0037331			medtr.A17.gnm5.MtrunA17Chr4	-	35954464	35957122	-2.37510496424372	0.0471344442924722	DOWN	1.16433509632265	0.648025021352541	NS
DOWN	A485_only	medtr.A17.gnm5.ann1_6.MtrunA17Chr5g0413591	MtrunA17Chr5g0413591			medtr.A17.gnm5.MtrunA17Chr5	+	14775430	14778409	-2.02602370169299	0.00870053110614457	DOWN	-1.16343492457502	0.581602792452847	NS
DOWN	A485_only	medtr.A17.gnm5.ann1_6.MtrunA17Chr4g0033471	MtrunA17Chr4g0033471			medtr.A17.gnm5.MtrunA17Chr4	+	33453875	33454256	-3.68200298437307	0.046109255836898	DOWN	-1.16232057938606	0.806163948399307	NS
DOWN	A485_only	medtr.A17.gnm5.ann1_6.MtrunA17Chr4g0010861	MtrunA17Chr4g0010861			medtr.A17.gnm5.MtrunA17Chr4	-	8487596	8491220	-3.27163519186307	0.0272516094455726	DOWN	-1.15419218882363	0.855326991583069	NS
DOWN	A485_only	medtr.A17.gnm5.ann1_6.MtrunA17Chr1g0180541	MtrunA17Chr1g0180541			medtr.A17.gnm5.MtrunA17Chr1	+	31676008	31682634	-2.91396669887569	0.00252170037142962	DOWN	1.15198689534603	0.654891463478981	NS
DOWN	A485_only	medtr.A17.gnm5.ann1_6.MtrunA17Chr4g0014591	MtrunA17Chr4g0014591			medtr.A17.gnm5.MtrunA17Chr4	-	11942047	11943806	-4.19017705848014	0.0401287142301702	DOWN	-1.14691821285827	1	NS
DOWN	A485_only	medtr.A17.gnm5.ann1_6.MtrunA17Chr6g0486451	MtrunA17Chr6g0486451			medtr.A17.gnm5.MtrunA17Chr6	-	40803867	40807549	-3.62712957498434	0.0075471250009953	DOWN	1.1445599226348	0.716203277610355	NS
DOWN	A485_only	medtr.A17.gnm5.ann1_6.MtrunA17Chr4g0033641	MtrunA17Chr4g0033641			medtr.A17.gnm5.MtrunA17Chr4	-	33556475	33559398	-2.43258577783215	0.0359125059441913	DOWN	1.14074594899216	0.664712233316898	NS
DOWN	A485_only	medtr.A17.gnm5.ann1_6.MtrunA17Chr7g0256741	MtrunA17Chr7g0256741			medtr.A17.gnm5.MtrunA17Chr7	-	42513533	42515537	-4.01445059336819	0.0166896658740036	DOWN	1.13813628568828	0.721804959472019	NS
DOWN	A485_only	medtr.A17.gnm5.ann1_6.MtrunA17Chr7g0275611	MtrunA17Chr7g0275611	MtSDG64	Histone methyltransferase SDG subfamily	medtr.A17.gnm5.MtrunA17Chr7	-	55520119	55528211	-2.50270864614425	0.0227984676335399	DOWN	1.1362045164346	0.672191219965551	NS
DOWN	A485_only	medtr.A17.gnm5.ann1_6.MtrunA17Chr4g0055691	MtrunA17Chr4g0055691			medtr.A17.gnm5.MtrunA17Chr4	-	49257296	49259122	-8.93635946909596	0.000131038198320314	DOWN	-1.13297112483276	0.738849146964671	NS
DOWN	A485_only	medtr.A17.gnm5.ann1_6.MtrunA17Chr3g0115421	MtrunA17Chr3g0115421			medtr.A17.gnm5.MtrunA17Chr3	+	36728181	36729776	-4.53876815038927	0.000925185911290088	DOWN	1.13066114959624	0.73296302958513	NS
DOWN	A485_only	medtr.A17.gnm5.ann1_6.MtrunA17Chr5g0423351	MtrunA17Chr5g0423351			medtr.A17.gnm5.MtrunA17Chr5	-	25184412	25194352	-2.81409620513547	0.028234911543342	DOWN	1.12795001939284	0.70128802779846	NS
DOWN	A485_only	medtr.A17.gnm5.ann1_6.MtrunA17Chr4g0071761	MtrunA17Chr4g0071761			medtr.A17.gnm5.MtrunA17Chr4	-	60992147	60993224	-2.10925899280276	0.0302892442862697	DOWN	-1.1223164334179	0.715570729926637	NS
DOWN	A485_only	medtr.A17.gnm5.ann1_6.MtrunA17Chr5g0413091	MtrunA17Chr5g0413091	TAA-2	tryptophan aminotransferase (auxin biosynthesis)	medtr.A17.gnm5.MtrunA17Chr5	-	14343690	14346877	-2.99912897706742	0.00348653132317739	DOWN	1.12060358445715	0.72326298889451	NS
DOWN	A485_only	medtr.A17.gnm5.ann1_6.MtrunA17Chr4g0038751	MtrunA17Chr4g0038751			medtr.A17.gnm5.MtrunA17Chr4	+	37024232	37026810	-4.37179639681398	0.000256775972274186	DOWN	1.11758547573369	0.718325446334251	NS
DOWN	A485_only	medtr.A17.gnm5.ann1_6.MtrunA17Chr3g0126091	MtrunA17Chr3g0126091			medtr.A17.gnm5.MtrunA17Chr3	-	44475861	44478400	-3.42497130793819	0.0108814681129656	DOWN	-1.11597825801674	0.799550228742947	NS
DOWN	A485_only	medtr.A17.gnm5.ann1_6.MtrunA17Chr8g0387591	MtrunA17Chr8g0387591	MtRbohH	RESPIRATORY BURST OXIDASE HOMOLOG H	medtr.A17.gnm5.MtrunA17Chr8	+	45687314	45697870	-2.25049342123573	0.00665327804490297	DOWN	-1.11271448520205	0.716359155287431	NS
DOWN	A485_only	medtr.A17.gnm5.ann1_6.MtrunA17Chr8g0350391	MtrunA17Chr8g0350391			medtr.A17.gnm5.MtrunA17Chr8	-	12490914	12498054	-2.24302104042051	0.0270828160422819	DOWN	1.10846930626894	0.706968833142797	NS
DOWN	A485_only	medtr.A17.gnm5.ann1_6.MtrunA17Chr4g0055051	MtrunA17Chr4g0055051			medtr.A17.gnm5.MtrunA17Chr4	+	48780150	48785818	-2.10909118277567	0.0475633273517633	DOWN	1.10798920909393	0.718325446334251	NS
DOWN	A485_only	medtr.A17.gnm5.ann1_6.MtrunA17Chr5g0398071	MtrunA17Chr5g0398071			medtr.A17.gnm5.MtrunA17Chr5	-	3036990	3046530	-6.18666636386357	0.00477750450436293	DOWN	-1.10773081721656	0.924738095072296	NS
DOWN	A485_only	medtr.A17.gnm5.ann1_6.MtrunA17Chr6g0474311	MtrunA17Chr6g0474311			medtr.A17.gnm5.MtrunA17Chr6	+	28013336	28019949	-2.15593036177353	0.0269263932781038	DOWN	1.10752327174754	0.688893609816415	NS
DOWN	A485_only	medtr.A17.gnm5.ann1_6.MtrunA17Chr4g0025811	MtrunA17Chr4g0025811			medtr.A17.gnm5.MtrunA17Chr4	-	26715381	26721192	-2.5826437545011	0.0088636225579011	DOWN	1.10731025909542	0.767127776258008	NS
DOWN	A485_only	medtr.A17.gnm5.ann1_6.MtrunA17Chr4g0035761	MtrunA17Chr4g0035761	MtMATE61	multidrug and toxic compound extrusion family	medtr.A17.gnm5.MtrunA17Chr4	+	35108779	35114660	-3.36894407532293	0.0308787782365411	DOWN	-1.10688178343538	0.811795767986465	NS
DOWN	A485_only	medtr.A17.gnm5.ann1_6.MtrunA17Chr5g0423671	MtrunA17Chr5g0423671	MtNCR247	Nodule-specific Cysteine-Rich peptide	medtr.A17.gnm5.MtrunA17Chr5	+	25423600	25425184	-1.82824031367033	0.0328721063573248	DOWN	-1.10263437618805	0.717608320372274	NS
DOWN	A485_only	medtr.A17.gnm5.ann1_6.MtrunA17Chr2g0297651	MtrunA17Chr2g0297651			medtr.A17.gnm5.MtrunA17Chr2	-	15689821	15694599	-2.18979914806379	0.00140752572903687	DOWN	1.09046812141161	0.644675342833511	NS
DOWN	A485_only	medtr.A17.gnm5.ann1_6.MtrunA17Chr2g0291851	MtrunA17Chr2g0291851			medtr.A17.gnm5.MtrunA17Chr2	-	10952942	10954604	-2.93470641435361	0.00423397787502625	DOWN	-1.08651902723302	0.778822847165093	NS
DOWN	A485_only	medtr.A17.gnm5.ann1_6.MtrunA17Chr1g0203431	MtrunA17Chr1g0203431			medtr.A17.gnm5.MtrunA17Chr1	+	49247590	49250100	-2.88614125367596	0.00793374562926824	DOWN	-1.08486595056325	0.77940572624419	NS
DOWN	A485_only	medtr.A17.gnm5.ann1_6.MtrunA17Chr3g0127711	MtrunA17Chr3g0127711			medtr.A17.gnm5.MtrunA17Chr3	+	45686965	45688242	-2.60703595059671	0.0127377124134227	DOWN	1.08145218963288	0.784194583458853	NS
DOWN	A485_only	medtr.A17.gnm5.ann1_6.MtrunA17Chr1g0195011	MtrunA17Chr1g0195011			medtr.A17.gnm5.MtrunA17Chr1	-	43044538	43045863	-4.87356672057168	0.00700106715812014	DOWN	-1.07977655629589	0.9740916901776	NS
DOWN	A485_only	medtr.A17.gnm5.ann1_6.MtrunA17Chr5g0398081	MtrunA17Chr5g0398081	MtCBF1	C-REPEAT BINDING FACTOR 1	medtr.A17.gnm5.MtrunA17Chr5	+	3045955	3047362	-6.22787037763042	0.00310363316468007	DOWN	-1.07860340536335	0.948210654579954	NS
DOWN	A485_only	medtr.A17.gnm5.ann1_6.MtrunA17Chr6g0486731	MtrunA17Chr6g0486731			medtr.A17.gnm5.MtrunA17Chr6	+	41087389	41091145	-2.21914989442024	0.0126916495582619	DOWN	1.07818230309336	0.769630651705209	NS
DOWN	A485_only	medtr.A17.gnm5.ann1_6.MtrunA17Chr2g0328381	MtrunA17Chr2g0328381			medtr.A17.gnm5.MtrunA17Chr2	+	47695726	47698046	-4.43802879069076	0.0067403221465679	DOWN	-1.07804464655755	0.913926008422703	NS
DOWN	A485_only	medtr.A17.gnm5.ann1_6.MtrunA17Chr7g0271641	MtrunA17Chr7g0271641			medtr.A17.gnm5.MtrunA17Chr7	-	53015666	53017251	-2.34310234956233	0.0208962175733042	DOWN	-1.07276654309225	0.809822514434466	NS
DOWN	A485_only	medtr.A17.gnm5.ann1_6.MtrunA17Chr2g0322441	MtrunA17Chr2g0322441			medtr.A17.gnm5.MtrunA17Chr2	-	43193762	43197163	-2.10987768506086	0.0151336682521769	DOWN	-1.06613029333546	0.797992016036736	NS
DOWN	A485_only	medtr.A17.gnm5.ann1_6.MtrunA17Chr8g0371921	MtrunA17Chr8g0371921			medtr.A17.gnm5.MtrunA17Chr8	-	34535530	34538562	-3.49360624845993	5.17944824404958e-05	DOWN	1.06316228024959	0.783184913623162	NS
DOWN	A485_only	medtr.A17.gnm5.ann1_6.MtrunA17Chr3g0090511	MtrunA17Chr3g0090511			medtr.A17.gnm5.MtrunA17Chr3	-	11848145	11850176	-1.61620367648039	0.0313670579947086	DOWN	1.05905097456726	0.743194982995617	NS
DOWN	A485_only	medtr.A17.gnm5.ann1_6.MtrunA17Chr2g0310831	MtrunA17Chr2g0310831			medtr.A17.gnm5.MtrunA17Chr2	+	33836798	33839730	-2.33416873952372	0.00498411103665781	DOWN	1.0510104255463	0.841608377084887	NS
DOWN	A485_only	medtr.A17.gnm5.ann1_6.MtrunA17Chr6g0486741	MtrunA17Chr6g0486741			medtr.A17.gnm5.MtrunA17Chr6	-	41094620	41096329	-4.38727960434498	0.0202253132432594	DOWN	-1.04722181197795	1	NS
DOWN	A485_only	medtr.A17.gnm5.ann1_6.MtrunA17Chr2g0301181	MtrunA17Chr2g0301181			medtr.A17.gnm5.MtrunA17Chr2	-	18840982	18842291	-4.38509785948357	0.0128775771402011	DOWN	-1.04224735125027	1	NS
DOWN	A485_only	medtr.A17.gnm5.ann1_6.MtrunA17Chr3g0134371	MtrunA17Chr3g0134371	MtPIP7	PAMP-induced Secreted Peptide	medtr.A17.gnm5.MtrunA17Chr3	+	50685477	50686139	-1.76678023353288	0.0438294414449651	DOWN	-1.04020738634468	0.842134250779102	NS
DOWN	A485_only	medtr.A17.gnm5.ann1_6.MtrunA17Chr1g0151831	MtrunA17Chr1g0151831			medtr.A17.gnm5.MtrunA17Chr1	+	4589500	4589682	-1.94009690807378	0.0049693044231228	DOWN	-1.03574724226222	0.843055410003294	NS
DOWN	A485_only	medtr.A17.gnm5.ann1_6.MtrunA17Chr8g0355271	MtrunA17Chr8g0355271			medtr.A17.gnm5.MtrunA17Chr8	-	16808367	16815282	-3.01878806233638	0.000112449435518587	DOWN	-1.03507055591397	0.858702179625474	NS
DOWN	A485_only	medtr.A17.gnm5.ann1_6.MtrunA17Chr7g0236041	MtrunA17Chr7g0236041			medtr.A17.gnm5.MtrunA17Chr7	+	26353328	26360696	-2.01641900414559	0.0128359146960578	DOWN	1.03501182243391	0.837349635832864	NS
DOWN	A485_only	medtr.A17.gnm5.ann1_6.MtrunA17Chr4g0008271	MtrunA17Chr4g0008271			medtr.A17.gnm5.MtrunA17Chr4	+	6351383	6354593	-3.21595370732977	0.0408977253935146	DOWN	-1.03272961114929	0.943599547957519	NS
DOWN	A485_only	medtr.A17.gnm5.ann1_6.MtrunA17Chr2g0295491	MtrunA17Chr2g0295491			medtr.A17.gnm5.MtrunA17Chr2	-	13922712	13923266	-4.04423295114257	0.0148304846137868	DOWN	1.02806172458399	0.894105886548028	NS
DOWN	A485_only	medtr.A17.gnm5.ann1_6.MtrunA17Chr1g0151821	MtrunA17Chr1g0151821			medtr.A17.gnm5.MtrunA17Chr1	-	4588229	4589692	-1.86783574529191	0.00715843284443871	DOWN	-1.02752711408588	0.863255986856352	NS
DOWN	A485_only	medtr.A17.gnm5.ann1_6.MtrunA17Chr1g0203831	MtrunA17Chr1g0203831			medtr.A17.gnm5.MtrunA17Chr1	+	49514544	49516738	-3.01688232628884	0.025209149703529	DOWN	-1.02649647477282	0.919504120734468	NS
DOWN	A485_only	medtr.A17.gnm5.ann1_6.MtrunA17Chr3g0137851	MtrunA17Chr3g0137851	MtSPX1	SPX domain-containing protein	medtr.A17.gnm5.MtrunA17Chr3	+	52998584	52999985	-3.43642198883416	0.00342048613636623	DOWN	1.02409337842413	0.874049175459887	NS
DOWN	A485_only	medtr.A17.gnm5.ann1_6.MtrunA17Chr4g0027471	MtrunA17Chr4g0027471			medtr.A17.gnm5.MtrunA17Chr4	-	28510101	28513678	-2.29008009680569	0.0311093941594844	DOWN	-1.02313645882291	0.889604380613924	NS
DOWN	A485_only	medtr.A17.gnm5.ann1_6.MtrunA17Chr5g0417701	MtrunA17Chr5g0417701			medtr.A17.gnm5.MtrunA17Chr5	-	18224014	18226842	-3.80992958581003	0.000450312619760141	DOWN	-1.02271492859972	0.919504120734468	NS
DOWN	A485_only	medtr.A17.gnm5.ann1_6.MtrunA17Chr3g0083311	MtrunA17Chr3g0083311	MtNCR086	Nodule-specific Cysteine-Rich peptide	medtr.A17.gnm5.MtrunA17Chr3	-	4909739	4910591	-2.18629929978711	0.0405101366726813	DOWN	-1.01731853139465	0.93356923389459	NS
DOWN	A485_only	medtr.A17.gnm5.ann1_6.MtrunA17Chr7g0267971	MtrunA17Chr7g0267971			medtr.A17.gnm5.MtrunA17Chr7	-	50540804	50549079	-2.60086101399655	0.0348565483916105	DOWN	1.01437820346412	0.904526532406363	NS
DOWN	A485_only	medtr.A17.gnm5.ann1_6.MtrunA17Chr8g0340721	MtrunA17Chr8g0340721			medtr.A17.gnm5.MtrunA17Chr8	-	4453157	4459264	-1.96499038293859	0.00490701111055055	DOWN	-1.01410084322532	0.900861575951375	NS
DOWN	A485_only	medtr.A17.gnm5.ann1_6.MtrunA17Chr6g0478991	MtrunA17Chr6g0478991			medtr.A17.gnm5.MtrunA17Chr6	+	33589608	33591250	-5.89033580345173	0.036914030045659	DOWN	1.00318692529629	0.956581028535371	NS
DOWN	A485_only	medtr.A17.gnm5.ann1_6.MtrunA17Chr6g0481031	MtrunA17Chr6g0481031			medtr.A17.gnm5.MtrunA17Chr6	+	35878139	35884365	-1.72538145993384	0.0363631073460285	DOWN	0.996477764334372	0.951322176762362	NS
DOWN	A485_only	medtr.A17.gnm5.ann1_6.MtrunA17Chr3g0138741	MtrunA17Chr3g0138741	MtBG27	beta-1,3-Glucanase 27	medtr.A17.gnm5.MtrunA17Chr3	-	53624170	53627256	-2.47926813684526	0.000967126802321884	DOWN	-0.996409949340627	0.949881034419079	NS
DOWN	A485_only	medtr.A17.gnm5.ann1_6.MtrunA17Chr3g0092921	MtrunA17Chr3g0092921			medtr.A17.gnm5.MtrunA17Chr3	+	14664008	14664525	-2.88133682207075	0.0291884284878345	DOWN	0.995955310381964	0.964161063743862	NS
DOWN	A485_only	medtr.A17.gnm5.ann1_6.MtrunA17Chr2g0313571	MtrunA17Chr2g0313571	MtNCR556	Nodule-specific Cysteine-Rich peptide	medtr.A17.gnm5.MtrunA17Chr2	-	36264467	36265432	-2.01418098029824	0.00888215882989062	DOWN	-0.993922413324598	0.955534659863621	NS
DOWN	A485_only	medtr.A17.gnm5.ann1_6.MtrunA17Chr5g0438751	MtrunA17Chr5g0438751			medtr.A17.gnm5.MtrunA17Chr5	-	37842256	37845579	-2.7918478672641	0.00136045770912659	DOWN	-0.992208666960012	0.954862326817323	NS
DOWN	A485_only	medtr.A17.gnm5.ann1_6.MtrunA17Chr7g0256851	MtrunA17Chr7g0256851			medtr.A17.gnm5.MtrunA17Chr7	+	42558649	42561595	-2.53574865400162	0.015434432336194	DOWN	-0.991441648544663	0.974246918217629	NS
DOWN	A485_only	medtr.A17.gnm5.ann1_6.MtrunA17Chr7g0250351	MtrunA17Chr7g0250351			medtr.A17.gnm5.MtrunA17Chr7	+	37822347	37826001	-3.60238585742703	0.0388030875918288	DOWN	-0.988960088263211	1	NS
DOWN	A485_only	medtr.A17.gnm5.ann1_6.MtrunA17Chr5g0434811	MtrunA17Chr5g0434811			medtr.A17.gnm5.MtrunA17Chr5	+	34962624	34972753	-1.49779075053075	0.0211487385358629	DOWN	-0.98736869947181	0.990209583915528	NS
DOWN	A485_only	medtr.A17.gnm5.ann1_6.MtrunA17Chr8g0379321	MtrunA17Chr8g0379321			medtr.A17.gnm5.MtrunA17Chr8	-	40047183	40048439	-4.05846258576462	0.00200425008351901	DOWN	-0.985975908434654	0.992940701202875	NS
DOWN	A485_only	medtr.A17.gnm5.ann1_6.MtrunA17Chr6g0476331	MtrunA17Chr6g0476331			medtr.A17.gnm5.MtrunA17Chr6	+	31269919	31273185	-2.08747668159138	0.0342363717409901	DOWN	0.981224929829857	0.97737999477766	NS
DOWN	A485_only	medtr.A17.gnm5.ann1_6.MtrunA17Chr3g0108861	MtrunA17Chr3g0108861			medtr.A17.gnm5.MtrunA17Chr3	-	31992813	31995964	-2.04880232529756	0.0432397308826027	DOWN	-0.978997987659768	0.979785543342888	NS
DOWN	A485_only	medtr.A17.gnm5.ann1_6.MtrunA17Chr5g0394021	MtrunA17Chr5g0394021			medtr.A17.gnm5.MtrunA17Chr5	-	499601	502726	-2.9152978081808	0.0184072725437199	DOWN	0.97895685144653	0.975444971158504	NS
DOWN	A485_only	medtr.A17.gnm5.ann1_6.MtrunA17Chr4g0051541	MtrunA17Chr4g0051541			medtr.A17.gnm5.MtrunA17Chr4	+	46047748	46049502	-2.82979128987741	0.00140752572903687	DOWN	0.976619968579111	0.990212013790567	NS
DOWN	A485_only	medtr.A17.gnm5.ann1_6.MtrunA17Chr5g0401631	MtrunA17Chr5g0401631			medtr.A17.gnm5.MtrunA17Chr5	+	5830932	5833526	-3.67509645779007	0.0272592834307446	DOWN	-0.966912869432567	1	NS
DOWN	A485_only	medtr.A17.gnm5.ann1_6.MtrunA17Chr3g0142101	MtrunA17Chr3g0142101			medtr.A17.gnm5.MtrunA17Chr3	+	56132597	56135989	-6.43707257101555	0.0257333836912223	DOWN	0.959778338163276	1	NS
DOWN	A485_only	medtr.A17.gnm5.ann1_6.MtrunA17Chr4g0040411	MtrunA17Chr4g0040411			medtr.A17.gnm5.MtrunA17Chr4	-	38367491	38369269	-2.2790231806423	0.0326075270231157	DOWN	-0.956446660309492	1	NS
DOWN	A485_only	medtr.A17.gnm5.ann1_6.MtrunA17Chr4g0031321	MtrunA17Chr4g0031321			medtr.A17.gnm5.MtrunA17Chr4	+	31745526	31748732	-2.13840303218836	0.0177952923501664	DOWN	-0.955438355782334	1	NS
DOWN	A485_only	medtr.A17.gnm5.ann1_6.MtrunA17Chr4g0048911	MtrunA17Chr4g0048911	MtTPS3	terpene synthase 3 (TC172576)	medtr.A17.gnm5.MtrunA17Chr4	-	44428935	44432194	-4.97846659373767	0.0116189833098292	DOWN	-0.953171825838314	1	NS
DOWN	A485_only	medtr.A17.gnm5.ann1_6.MtrunA17Chr1g0200661	MtrunA17Chr1g0200661			medtr.A17.gnm5.MtrunA17Chr1	+	47186949	47189462	-2.42704788767071	0.00181878461989193	DOWN	-0.951335454931691	1	NS
DOWN	A485_only	medtr.A17.gnm5.ann1_6.MtrunA17Chr4g0042851	MtrunA17Chr4g0042851			medtr.A17.gnm5.MtrunA17Chr4	+	40075386	40077197	-8.57010322684175	0.000104067363628005	DOWN	0.948316859932468	1	NS
DOWN	A485_only	medtr.A17.gnm5.ann1_6.MtrunA17Chr1g0201271	MtrunA17Chr1g0201271			medtr.A17.gnm5.MtrunA17Chr1	+	47678738	47689690	-1.75734402568252	0.0351006007255958	DOWN	0.946529575852847	1	NS
DOWN	A485_only	medtr.A17.gnm5.ann1_6.MtrunA17Chr7g0245361	MtrunA17Chr7g0245361			medtr.A17.gnm5.MtrunA17Chr7	-	34413211	34415089	-3.78878459654621	0.0110543547425205	DOWN	0.942500251124426	1	NS
DOWN	A485_only	medtr.A17.gnm5.ann1_6.MtrunA17Chr4g0044911	MtrunA17Chr4g0044911			medtr.A17.gnm5.MtrunA17Chr4	+	41709272	41710556	-9.19841009912889	0.000747438075167556	DOWN	-0.942392907750515	1	NS
DOWN	A485_only	medtr.A17.gnm5.ann1_6.MtrunA17Chr5g0408611	MtrunA17Chr5g0408611			medtr.A17.gnm5.MtrunA17Chr5	-	10671626	10675033	-4.12246605349233	0.00720166523258805	DOWN	-0.941104223253476	1	NS
DOWN	A485_only	medtr.A17.gnm5.ann1_6.MtrunA17Chr4g0063691	MtrunA17Chr4g0063691			medtr.A17.gnm5.MtrunA17Chr4	+	55170816	55173480	-4.09932897379847	0.00422352609807753	DOWN	0.938864071285527	1	NS
DOWN	A485_only	medtr.A17.gnm5.ann1_6.MtrunA17Chr4g0021871	MtrunA17Chr4g0021871			medtr.A17.gnm5.MtrunA17Chr4	+	20763038	20763792	-3.87457334133013	0.0208962175733042	DOWN	0.937416301408716	1	NS
DOWN	A485_only	medtr.A17.gnm5.ann1_6.MtrunA17Chr5g0403381	MtrunA17Chr5g0403381	MtLYR3	LYK (LysM domain-RLK)-related 3	medtr.A17.gnm5.MtrunA17Chr5	-	7182707	7185029	-2.4650205318	0.0302176758532163	DOWN	0.934631614480146	1	NS
DOWN	A485_only	medtr.A17.gnm5.ann1_6.MtrunA17Chr6g0480321	MtrunA17Chr6g0480321			medtr.A17.gnm5.MtrunA17Chr6	-	35122970	35127920	-2.34966942409221	0.0184591497236313	DOWN	0.928910079439549	1	NS
DOWN	A485_only	medtr.A17.gnm5.ann1_6.MtrunA17Chr8g0361211	MtrunA17Chr8g0361211			medtr.A17.gnm5.MtrunA17Chr8	-	25485379	25488810	-1.72104737242594	0.028045873384775	DOWN	-0.920343277722656	1	NS
DOWN	A485_only	medtr.A17.gnm5.ann1_6.MtrunA17Chr1g0187481	MtrunA17Chr1g0187481			medtr.A17.gnm5.MtrunA17Chr1	+	37472934	37475429	-2.61210188884089	0.0102552581092134	DOWN	0.92027324821608	1	NS
DOWN	A485_only	medtr.A17.gnm5.ann1_6.MtrunA17Chr4g0038711	MtrunA17Chr4g0038711			medtr.A17.gnm5.MtrunA17Chr4	-	36956090	36960363	-5.43901657299149	0.00215009427662916	DOWN	-0.912700098342739	1	NS
DOWN	A485_only	medtr.A17.gnm5.ann1_6.MtrunA17Chr3g0145461	MtrunA17Chr3g0145461			medtr.A17.gnm5.MtrunA17Chr3	-	58526842	58530903	-1.73313400433194	0.0236579327270995	DOWN	0.91020864448713	1	NS
DOWN	A485_only	medtr.A17.gnm5.ann1_6.MtrunA17Chr8g0384611	MtrunA17Chr8g0384611			medtr.A17.gnm5.MtrunA17Chr8	+	43524673	43527364	-2.0919544120894	0.0274665062952883	DOWN	0.909451326208101	1	NS
DOWN	A485_only	medtr.A17.gnm5.ann1_6.MtrunA17Chr1g0208121	MtrunA17Chr1g0208121			medtr.A17.gnm5.MtrunA17Chr1	+	52448221	52452047	-4.98772640758721	4.14895410270963e-05	DOWN	0.907299970893265	1	NS
DOWN	A485_only	medtr.A17.gnm5.ann1_6.MtrunA17Chr3g0131091	MtrunA17Chr3g0131091			medtr.A17.gnm5.MtrunA17Chr3	-	48094336	48096952	-2.16400901736874	0.0175076917301542	DOWN	-0.904255251357569	1	NS
DOWN	A485_only	medtr.A17.gnm5.ann1_6.MtrunA17Chr8g0392321	MtrunA17Chr8g0392321			medtr.A17.gnm5.MtrunA17Chr8	-	48990966	48992889	-2.71778624655163	0.0492296307371621	DOWN	0.903758120480937	1	NS
DOWN	A485_only	medtr.A17.gnm5.ann1_6.MtrunA17Chr3g0115221	MtrunA17Chr3g0115221			medtr.A17.gnm5.MtrunA17Chr3	-	36560266	36561496	-2.87577462804321	0.0237005060916145	DOWN	0.90264979335916	1	NS
DOWN	A485_only	medtr.A17.gnm5.ann1_6.MtrunA17Chr8g0338011	MtrunA17Chr8g0338011			medtr.A17.gnm5.MtrunA17Chr8	-	2674625	2675556	-5.25313646062409	0.0185991846779971	DOWN	0.902170432003799	1	NS
DOWN	A485_only	medtr.A17.gnm5.ann1_6.MtrunA17Chr3g0136551	MtrunA17Chr3g0136551			medtr.A17.gnm5.MtrunA17Chr3	-	52106571	52107615	-5.17596032533561	0.0167638860534313	DOWN	-0.899847171916023	1	NS
DOWN	A485_only	medtr.A17.gnm5.ann1_6.MtrunA17Chr3g0115991	MtrunA17Chr3g0115991			medtr.A17.gnm5.MtrunA17Chr3	-	37308573	37317046	-3.83025180046143	0.0035116942455126	DOWN	-0.899517141388625	1	NS
DOWN	A485_only	medtr.A17.gnm5.ann1_6.MtrunA17Chr7g0250401	MtrunA17Chr7g0250401			medtr.A17.gnm5.MtrunA17Chr7	+	37904145	37908000	-3.80368143966992	0.00383004913711273	DOWN	-0.899192387127981	1	NS
DOWN	A485_only	medtr.A17.gnm5.ann1_6.MtrunA17Chr8g0370181	MtrunA17Chr8g0370181			medtr.A17.gnm5.MtrunA17Chr8	-	33371158	33377988	-2.00748865928907	0.00695910840872423	DOWN	0.8874041545898	1	NS
DOWN	A485_only	medtr.A17.gnm5.ann1_6.MtrunA17Chr4g0056411	MtrunA17Chr4g0056411	MtnsLTP84	non-specific Lipid Transfer Protein	medtr.A17.gnm5.MtrunA17Chr4	-	49795438	49796345	-3.91214201676408	8.29119398579954e-05	DOWN	0.876297821386711	1	NS
DOWN	A485_only	medtr.A17.gnm5.ann1_6.MtrunA17Chr7g0275631	MtrunA17Chr7g0275631			medtr.A17.gnm5.MtrunA17Chr7	-	55535768	55537703	-3.11331474192673	0.00345093774696514	DOWN	-0.871334451773304	1	NS
DOWN	A485_only	medtr.A17.gnm5.ann1_6.MtrunA17Chr7g0250361	MtrunA17Chr7g0250361			medtr.A17.gnm5.MtrunA17Chr7	-	37822366	37826034	-4.18338360634559	0.0312744735267284	DOWN	-0.871284014852455	1	NS
DOWN	A485_only	medtr.A17.gnm5.ann1_6.MtrunA17Chr7g0269891	MtrunA17Chr7g0269891			medtr.A17.gnm5.MtrunA17Chr7	-	51742932	51744055	-2.84956938876063	0.044927770570468	DOWN	-0.867463165753067	1	NS
DOWN	A485_only	medtr.A17.gnm5.ann1_6.MtrunA17Chr6g0478741	MtrunA17Chr6g0478741			medtr.A17.gnm5.MtrunA17Chr6	+	33366219	33374863	-2.49065555607582	0.000171102593550154	DOWN	0.865565146458306	1	NS
DOWN	A485_only	medtr.A17.gnm5.ann1_6.MtrunA17Chr6g0478341	MtrunA17Chr6g0478341			medtr.A17.gnm5.MtrunA17Chr6	-	32970000	32975658	-1.80334244002404	0.0221047599913485	DOWN	-0.86230574894468	1	NS
DOWN	A485_only	medtr.A17.gnm5.ann1_6.MtrunA17Chr2g0332751	MtrunA17Chr2g0332751	MtNPD5	Nodule-specific PLAT-domain  5	medtr.A17.gnm5.MtrunA17Chr2	+	50754414	50756269	-2.14913046670247	0.0042741811892304	DOWN	-0.859453804987362	1	NS
DOWN	A485_only	medtr.A17.gnm5.ann1_6.MtrunA17Chr1g0155121	MtrunA17Chr1g0155121			medtr.A17.gnm5.MtrunA17Chr1	+	7038231	7039972	-1.7938713619024	0.0451692983395973	DOWN	0.857626755404459	1	NS
DOWN	A485_only	medtr.A17.gnm5.ann1_6.MtrunA17Chr1g0191441	MtrunA17Chr1g0191441			medtr.A17.gnm5.MtrunA17Chr1	-	40482856	40489164	-2.50752122808001	0.00266037628328682	DOWN	-0.854028740073996	1	NS
DOWN	A485_only	medtr.A17.gnm5.ann1_6.MtrunA17Chr6g0478451	MtrunA17Chr6g0478451			medtr.A17.gnm5.MtrunA17Chr6	+	33071374	33081070	-2.72828148322982	0.00257223629555116	DOWN	0.851005883314208	1	NS
DOWN	A485_only	medtr.A17.gnm5.ann1_6.MtrunA17Chr7g0251281	MtrunA17Chr7g0251281			medtr.A17.gnm5.MtrunA17Chr7	-	38474226	38475195	-5.88692714158729	0.00263888272524739	DOWN	-0.847503636573534	1	NS
DOWN	A485_only	medtr.A17.gnm5.ann1_6.MtrunA17Chr6g0487101	MtrunA17Chr6g0487101			medtr.A17.gnm5.MtrunA17Chr6	-	41442758	41447823	-3.79527905478957	0.000193507268206078	DOWN	0.84611435473979	1	NS
DOWN	A485_only	medtr.A17.gnm5.ann1_6.MtrunA17Chr4g0051651	MtrunA17Chr4g0051651			medtr.A17.gnm5.MtrunA17Chr4	+	46090817	46095067	-2.85319981902862	0.00570161675477536	DOWN	-0.845174322542172	1	NS
DOWN	A485_only	medtr.A17.gnm5.ann1_6.MtrunA17Chr7g0231431	MtrunA17Chr7g0231431	MtCycU2-1	Cyclin U type (BT052177.1)	medtr.A17.gnm5.MtrunA17Chr7	-	21024801	21027780	-3.6729050433309	0.00656122957320264	DOWN	-0.843778571964572	1	NS
DOWN	A485_only	medtr.A17.gnm5.ann1_6.MtrunA17Chr7g0271541	MtrunA17Chr7g0271541			medtr.A17.gnm5.MtrunA17Chr7	+	52923764	52924767	-2.93777858686019	0.0139284672925914	DOWN	0.841996277667207	1	NS
DOWN	A485_only	medtr.A17.gnm5.ann1_6.MtrunA17Chr8g0387391	MtrunA17Chr8g0387391			medtr.A17.gnm5.MtrunA17Chr8	+	45461630	45464787	-1.76545413096166	0.0108588717903035	DOWN	-0.837239489130091	1	NS
DOWN	A485_only	medtr.A17.gnm5.ann1_6.MtrunA17Chr7g0227161	MtrunA17Chr7g0227161			medtr.A17.gnm5.MtrunA17Chr7	-	12267555	12268630	-2.47211198786106	0.0204290339358814	DOWN	-0.836801279081401	1	NS
DOWN	A485_only	medtr.A17.gnm5.ann1_6.MtrunA17Chr8g0375401	MtrunA17Chr8g0375401			medtr.A17.gnm5.MtrunA17Chr8	-	37244623	37245658	-3.32687112909925	0.0265543257955222	DOWN	0.834150004579865	1	NS
DOWN	A485_only	medtr.A17.gnm5.ann1_6.MtrunA17Chr2g0332471	MtrunA17Chr2g0332471			medtr.A17.gnm5.MtrunA17Chr2	+	50605038	50610359	-1.75411969931097	0.0279344322742135	DOWN	-0.832802631297147	1	NS
DOWN	A485_only	medtr.A17.gnm5.ann1_6.MtrunA17Chr6g0484871	MtrunA17Chr6g0484871			medtr.A17.gnm5.MtrunA17Chr6	+	39382122	39384438	-3.11302568310267	0.00151945217408829	DOWN	-0.830325941832247	1	NS
DOWN	A485_only	medtr.A17.gnm5.ann1_6.MtrunA17Chr1g0154301	MtrunA17Chr1g0154301			medtr.A17.gnm5.MtrunA17Chr1	-	6542048	6544429	-4.91814394982577	0.000367855751546661	DOWN	0.827880986543392	1	NS
DOWN	A485_only	medtr.A17.gnm5.ann1_6.MtrunA17Chr1g0154391	MtrunA17Chr1g0154391			medtr.A17.gnm5.MtrunA17Chr1	+	6590418	6591604	-2.70802695898499	0.0469346688043263	DOWN	-0.827624987545902	1	NS
DOWN	A485_only	medtr.A17.gnm5.ann1_6.MtrunA17Chr4g0005661	MtrunA17Chr4g0005661			medtr.A17.gnm5.MtrunA17Chr4	+	4428991	4431411	-2.3743469683802	0.00671544814490016	DOWN	-0.825157493539772	1	NS
DOWN	A485_only	medtr.A17.gnm5.ann1_6.MtrunA17Chr5g0399741	MtrunA17Chr5g0399741			medtr.A17.gnm5.MtrunA17Chr5	+	4210253	4214849	-1.89876813465637	0.0186955652379734	DOWN	-0.820973891215624	1	NS
DOWN	A485_only	medtr.A17.gnm5.ann1_6.MtrunA17Chr1g0180741	MtrunA17Chr1g0180741			medtr.A17.gnm5.MtrunA17Chr1	+	31877099	31877928	-4.15696371581604	0.00668394156114262	DOWN	-0.820436516284484	1	NS
DOWN	A485_only	medtr.A17.gnm5.ann1_6.MtrunA17Chr8g0370191	MtrunA17Chr8g0370191			medtr.A17.gnm5.MtrunA17Chr8	+	33371202	33371926	-2.10681684449822	0.00469562755602411	DOWN	0.819184556268656	1	NS
DOWN	A485_only	medtr.A17.gnm5.ann1_6.MtrunA17Chr6g0486441	MtrunA17Chr6g0486441			medtr.A17.gnm5.MtrunA17Chr6	-	40801266	40803865	-3.15025465415414	0.00150288515691076	DOWN	0.811952416285637	1	NS
DOWN	A485_only	medtr.A17.gnm5.ann1_6.MtrunA17Chr4g0054551	MtrunA17Chr4g0054551			medtr.A17.gnm5.MtrunA17Chr4	-	48334978	48337843	-5.59309728977931	3.52881545825605e-05	DOWN	-0.810371501569319	1	NS
DOWN	A485_only	medtr.A17.gnm5.ann1_6.MtrunA17Chr6g0482161	MtrunA17Chr6g0482161			medtr.A17.gnm5.MtrunA17Chr6	-	36828725	36834919	-2.54165256642906	0.0188867669701254	DOWN	0.808109119374044	1	NS
DOWN	A485_only	medtr.A17.gnm5.ann1_6.MtrunA17Chr1g0154381	MtrunA17Chr1g0154381	MtAOS1|MtCYP74A1	allene oxide synthase 1 (TC101097)|Cytochrome P450 monooxygenase	medtr.A17.gnm5.MtrunA17Chr1	-	6589373	6591765	-2.56835210599154	0.0415509054805675	DOWN	-0.807226380444002	1	NS
DOWN	A485_only	medtr.A17.gnm5.ann1_6.MtrunA17Chr7g0244591	MtrunA17Chr7g0244591			medtr.A17.gnm5.MtrunA17Chr7	-	33808226	33811746	-2.42959532082587	0.0274665062952883	DOWN	-0.8029107246207	1	NS
DOWN	A485_only	medtr.A17.gnm5.ann1_6.MtrunA17Chr4g0057061	MtrunA17Chr4g0057061			medtr.A17.gnm5.MtrunA17Chr4	+	50392725	50395352	-3.37712333289126	0.00122724613047054	DOWN	-0.799730107903234	1	NS
DOWN	A485_only	medtr.A17.gnm5.ann1_6.MtrunA17Chr1g0200791	MtrunA17Chr1g0200791			medtr.A17.gnm5.MtrunA17Chr1	-	47307144	47310867	-1.56659801059186	0.0146161725552253	DOWN	-0.799705074040195	1	NS
DOWN	A485_only	medtr.A17.gnm5.ann1_6.MtrunA17Chr3g0092071	MtrunA17Chr3g0092071			medtr.A17.gnm5.MtrunA17Chr3	+	13383059	13386024	-2.33373229860037	0.0214486036726455	DOWN	-0.798369831661836	1	NS
DOWN	A485_only	medtr.A17.gnm5.ann1_6.MtrunA17Chr3g0104521	MtrunA17Chr3g0104521			medtr.A17.gnm5.MtrunA17Chr3	-	28622809	28627530	-2.62384213052136	0.017502932665615	DOWN	0.797177495879481	1	NS
DOWN	A485_only	medtr.A17.gnm5.ann1_6.MtrunA17Chr7g0224141	MtrunA17Chr7g0224141			medtr.A17.gnm5.MtrunA17Chr7	-	9362989	9365497	-2.51297300165051	0.0226385227385794	DOWN	0.796990958727815	1	NS
DOWN	A485_only	medtr.A17.gnm5.ann1_6.MtrunA17Chr7g0258721	MtrunA17Chr7g0258721			medtr.A17.gnm5.MtrunA17Chr7	-	43910455	43912948	-1.78585100499909	0.0242946936958752	DOWN	-0.794007014549676	1	NS
DOWN	A485_only	medtr.A17.gnm5.ann1_6.MtrunA17Chr6g0480281	MtrunA17Chr6g0480281			medtr.A17.gnm5.MtrunA17Chr6	+	35108093	35108846	-2.44528275483537	0.0310211149566967	DOWN	0.793073638871966	1	NS
DOWN	A485_only	medtr.A17.gnm5.ann1_6.MtrunA17Chr1g0166251	MtrunA17Chr1g0166251			medtr.A17.gnm5.MtrunA17Chr1	-	15686094	15690282	-3.23792235130532	0.0110543547425205	DOWN	-0.788450652344993	1	NS
DOWN	A485_only	medtr.A17.gnm5.ann1_6.MtrunA17Chr2g0315251	MtrunA17Chr2g0315251			medtr.A17.gnm5.MtrunA17Chr2	-	37590669	37591531	-2.06574214452958	0.046396138964836	DOWN	-0.786126046679707	1	NS
DOWN	A485_only	medtr.A17.gnm5.ann1_6.MtrunA17Chr1g0203251	MtrunA17Chr1g0203251			medtr.A17.gnm5.MtrunA17Chr1	+	49157641	49161346	-2.30278554002381	0.0192146365351398	DOWN	0.783986608164024	1	NS
DOWN	A485_only	medtr.A17.gnm5.ann1_6.MtrunA17Chr3g0139681	MtrunA17Chr3g0139681			medtr.A17.gnm5.MtrunA17Chr3	+	54303159	54304398	-1.991120736042	0.00183049869934958	DOWN	-0.782043521668933	1	NS
DOWN	A485_only	medtr.A17.gnm5.ann1_6.MtrunA17Chr4g0050811	MtrunA17Chr4g0050811			medtr.A17.gnm5.MtrunA17Chr4	-	45634952	45636704	-3.07214714352515	0.000870111749322496	DOWN	-0.781853590152279	1	NS
DOWN	A485_only	medtr.A17.gnm5.ann1_6.MtrunA17Chr4g0032751	MtrunA17Chr4g0032751			medtr.A17.gnm5.MtrunA17Chr4	+	32806379	32807059	-2.57376015776313	0.0372617485820074	DOWN	-0.78031887437177	1	NS
DOWN	A485_only	medtr.A17.gnm5.ann1_6.MtrunA17Chr6g0488871	MtrunA17Chr6g0488871			medtr.A17.gnm5.MtrunA17Chr6	-	42776810	42777363	-4.61745649120453	0.000521990489279851	DOWN	0.779241361347424	1	NS
DOWN	A485_only	medtr.A17.gnm5.ann1_6.MtrunA17Chr8g0343631	MtrunA17Chr8g0343631			medtr.A17.gnm5.MtrunA17Chr8	+	6984389	6988989	-4.76577125862985	0.0097454678569612	DOWN	0.778382929761582	1	NS
DOWN	A485_only	medtr.A17.gnm5.ann1_6.MtrunA17Chr6g0464241	MtrunA17Chr6g0464241			medtr.A17.gnm5.MtrunA17Chr6	+	13440714	13442297	-3.77344032165892	0.0342363717409901	DOWN	-0.777620418097884	1	NS
DOWN	A485_only	medtr.A17.gnm5.ann1_6.MtrunA17Chr4g0053411	MtrunA17Chr4g0053411			medtr.A17.gnm5.MtrunA17Chr4	-	47341822	47346213	-2.1124113314206	0.00164500864878313	DOWN	-0.776127733661969	1	NS
DOWN	A485_only	medtr.A17.gnm5.ann1_6.MtrunA17Chr1g0171351	MtrunA17Chr1g0171351			medtr.A17.gnm5.MtrunA17Chr1	+	20122145	20133297	-1.55796255129301	0.0341330668227616	DOWN	0.774433728997763	1	NS
DOWN	A485_only	medtr.A17.gnm5.ann1_6.MtrunA17Chr7g0267231	MtrunA17Chr7g0267231			medtr.A17.gnm5.MtrunA17Chr7	-	50043913	50044979	-3.60825747883052	0.0302323839062687	DOWN	0.771265219440528	1	NS
DOWN	A485_only	medtr.A17.gnm5.ann1_6.MtrunA17Chr1g0164461	MtrunA17Chr1g0164461	MtGT-2	trihelix transcription factor (GT) 2	medtr.A17.gnm5.MtrunA17Chr1	-	14263183	14264600	-2.79179747693574	0.00388913888451117	DOWN	-0.764252206745486	1	NS
DOWN	A485_only	medtr.A17.gnm5.ann1_6.MtrunA17Chr3g0106211	MtrunA17Chr3g0106211			medtr.A17.gnm5.MtrunA17Chr3	-	30041577	30043991	-3.57990665922161	0.0207589543166083	DOWN	0.76366000813802	1	NS
DOWN	A485_only	medtr.A17.gnm5.ann1_6.MtrunA17Chr2g0301601	MtrunA17Chr2g0301601			medtr.A17.gnm5.MtrunA17Chr2	-	19327464	19328247	-6.07587482154901	0.000172551005032311	DOWN	-0.762621288669297	1	NS
DOWN	A485_only	medtr.A17.gnm5.ann1_6.MtrunA17Chr6g0479621	MtrunA17Chr6g0479621			medtr.A17.gnm5.MtrunA17Chr6	+	34248217	34254787	-2.4696974914148	0.000738657463278923	DOWN	0.759668457747685	1	NS
DOWN	A485_only	medtr.A17.gnm5.ann1_6.MtrunA17Chr5g0411131	MtrunA17Chr5g0411131			medtr.A17.gnm5.MtrunA17Chr5	+	12686756	12689348	-4.38063911245163	0.00105119397657998	DOWN	0.757747122321895	1	NS
DOWN	A485_only	medtr.A17.gnm5.ann1_6.MtrunA17Chr8g0384731	MtrunA17Chr8g0384731			medtr.A17.gnm5.MtrunA17Chr8	-	43627744	43632050	-2.52538842886633	0.000412010720698649	DOWN	0.755913592319003	1	NS
DOWN	A485_only	medtr.A17.gnm5.ann1_6.MtrunA17Chr1g0207981	MtrunA17Chr1g0207981			medtr.A17.gnm5.MtrunA17Chr1	-	52354491	52356203	-4.02947075082238	0.0165734645695607	DOWN	-0.750001221749134	1	NS
DOWN	A485_only	medtr.A17.gnm5.ann1_6.MtrunA17Chr3g0116011	MtrunA17Chr3g0116011			medtr.A17.gnm5.MtrunA17Chr3	+	37315798	37318071	-3.94335697409507	0.00272263649418193	DOWN	-0.747455016781847	1	NS
DOWN	A485_only	medtr.A17.gnm5.ann1_6.MtrunA17Chr7g0237951	MtrunA17Chr7g0237951	MtNCR-new77	Nodule-specific Cysteine-Rich peptide	medtr.A17.gnm5.MtrunA17Chr7	+	28019144	28019801	-4.22678248495353	0.00700106715812014	DOWN	-0.744353434643297	1	NS
DOWN	A485_only	medtr.A17.gnm5.ann1_6.MtrunA17Chr7g0225401	MtrunA17Chr7g0225401			medtr.A17.gnm5.MtrunA17Chr7	-	10483508	10484736	-4.19334751382488	0.0338547291370233	DOWN	0.743883016852484	1	NS
DOWN	A485_only	medtr.A17.gnm5.ann1_6.MtrunA17Chr3g0117271	MtrunA17Chr3g0117271			medtr.A17.gnm5.MtrunA17Chr3	-	38247926	38251882	-2.98817480600462	0.0214071951044868	DOWN	-0.743689484804089	1	NS
DOWN	A485_only	medtr.A17.gnm5.ann1_6.MtrunA17Chr4g0058691	MtrunA17Chr4g0058691	TAR-1	tryptophan aminotransferase-related protein	medtr.A17.gnm5.MtrunA17Chr4	-	51581726	51590637	-1.86900104951014	0.0478746252916301	DOWN	-0.738605941619165	1	NS
DOWN	A485_only	medtr.A17.gnm5.ann1_6.MtrunA17Chr8g0392951	MtrunA17Chr8g0392951	MtCML50	Calmodulin-like 50	medtr.A17.gnm5.MtrunA17Chr8	-	49391972	49392960	-2.78933469751128	0.02319109041522	DOWN	-0.737373534388765	1	NS
DOWN	A485_only	medtr.A17.gnm5.ann1_6.MtrunA17Chr8g0359811	MtrunA17Chr8g0359811			medtr.A17.gnm5.MtrunA17Chr8	+	23575271	23581163	-2.75172203551284	0.00826258945743908	DOWN	-0.736821814081818	1	NS
DOWN	A485_only	medtr.A17.gnm5.ann1_6.MtrunA17Chr3g0132501	MtrunA17Chr3g0132501			medtr.A17.gnm5.MtrunA17Chr3	+	49147564	49150452	-2.5552918934318	0.0489160137345222	DOWN	-0.736563348480677	1	NS
DOWN	A485_only	medtr.A17.gnm5.ann1_6.MtrunA17Chr7g0217881	MtrunA17Chr7g0217881			medtr.A17.gnm5.MtrunA17Chr7	-	3320940	3323393	-3.05644408795387	0.0173989145855863	DOWN	-0.734986152388213	1	NS
DOWN	A485_only	medtr.A17.gnm5.ann1_6.MtrunA17Chr6g0479051	MtrunA17Chr6g0479051			medtr.A17.gnm5.MtrunA17Chr6	+	33663563	33669746	-2.12195833935464	0.0340187442466658	DOWN	0.73171233111606	1	NS
DOWN	A485_only	medtr.A17.gnm5.ann1_6.MtrunA17Chr4g0013201	MtrunA17Chr4g0013201	MtPrx24	peroxidase	medtr.A17.gnm5.MtrunA17Chr4	-	10652583	10654616	-5.89113681090427	1.81614946918957e-07	DOWN	0.731485837277487	1	NS
DOWN	A485_only	medtr.A17.gnm5.ann1_6.MtrunA17Chr8g0385291	MtrunA17Chr8g0385291			medtr.A17.gnm5.MtrunA17Chr8	+	44022816	44026155	-2.21805740649604	0.00786168144094262	DOWN	0.729523730539222	1	NS
DOWN	A485_only	medtr.A17.gnm5.ann1_6.MtrunA17Chr3g0137171	MtrunA17Chr3g0137171			medtr.A17.gnm5.MtrunA17Chr3	-	52555823	52557232	-6.19168168632768	0.002830091075881	DOWN	0.727414054939283	1	NS
DOWN	A485_only	medtr.A17.gnm5.ann1_6.MtrunA17Chr4g0031331	MtrunA17Chr4g0031331			medtr.A17.gnm5.MtrunA17Chr4	-	31747339	31747943	-2.05804036717463	0.0166896658740036	DOWN	-0.726603000620436	1	NS
DOWN	A485_only	medtr.A17.gnm5.ann1_6.MtrunA17Chr8g0340451	MtrunA17Chr8g0340451			medtr.A17.gnm5.MtrunA17Chr8	+	4249352	4250314	-3.05112095070447	0.0064626446335882	DOWN	-0.725878410091962	1	NS
DOWN	A485_only	medtr.A17.gnm5.ann1_6.MtrunA17Chr3g0112591	MtrunA17Chr3g0112591			medtr.A17.gnm5.MtrunA17Chr3	+	34542880	34544179	-2.70559882829365	0.0108920957233253	DOWN	-0.723293831683163	1	NS
DOWN	A485_only	medtr.A17.gnm5.ann1_6.MtrunA17Chr5g0432271	MtrunA17Chr5g0432271			medtr.A17.gnm5.MtrunA17Chr5	-	33009717	33013922	-2.6958528019456	0.0186513328739034	DOWN	-0.722972201926578	1	NS
DOWN	A485_only	medtr.A17.gnm5.ann1_6.MtrunA17Chr1g0199681	MtrunA17Chr1g0199681	MtARF1|MtARF16a	auxin response factor	medtr.A17.gnm5.MtrunA17Chr1	+	46380210	46383301	-4.50331717239534	0.0474777868642237	DOWN	0.722748761922153	1	NS
DOWN	A485_only	medtr.A17.gnm5.ann1_6.MtrunA17Chr4g0069751	MtrunA17Chr4g0069751			medtr.A17.gnm5.MtrunA17Chr4	+	59566906	59568685	-2.16196293594021	0.000547804998841533	DOWN	-0.721325268882725	1	NS
DOWN	A485_only	medtr.A17.gnm5.ann1_6.MtrunA17Chr5g0443361	MtrunA17Chr5g0443361			medtr.A17.gnm5.MtrunA17Chr5	+	41193696	41195089	-6.51471054853728	0.00700981775515384	DOWN	0.720636177720978	1	NS
DOWN	A485_only	medtr.A17.gnm5.ann1_6.MtrunA17Chr2g0312961	MtrunA17Chr2g0312961			medtr.A17.gnm5.MtrunA17Chr2	+	35737800	35738123	-3.71240856657162	0.00574444606142313	DOWN	-0.718482193975128	1	NS
DOWN	A485_only	medtr.A17.gnm5.ann1_6.MtrunA17Chr8g0379161	MtrunA17Chr8g0379161			medtr.A17.gnm5.MtrunA17Chr8	+	39960509	39964170	-2.18160239630682	0.0302077161720874	DOWN	-0.71833666164776	1	NS
DOWN	A485_only	medtr.A17.gnm5.ann1_6.MtrunA17Chr4g0001321	MtrunA17Chr4g0001321			medtr.A17.gnm5.MtrunA17Chr4	+	883657	888155	-2.08950886563667	0.0200110524269328	DOWN	-0.718148562731257	1	NS
DOWN	A485_only	medtr.A17.gnm5.ann1_6.MtrunA17Chr4g0054561	MtrunA17Chr4g0054561			medtr.A17.gnm5.MtrunA17Chr4	-	48349401	48352865	-6.12714230652862	4.97475863790191e-05	DOWN	-0.710851318103446	1	NS
DOWN	A485_only	medtr.A17.gnm5.ann1_6.MtrunA17Chr2g0281231	MtrunA17Chr2g0281231			medtr.A17.gnm5.MtrunA17Chr2	-	3041770	3043193	-2.71628238702515	0.0122344951199925	DOWN	0.710679280770631	1	NS
DOWN	A485_only	medtr.A17.gnm5.ann1_6.MtrunA17Chr3g0082261	MtrunA17Chr3g0082261	MtGT-18	trihelix transcription factor (GT) 18	medtr.A17.gnm5.MtrunA17Chr3	+	4104178	4107530	-2.78590758609924	0.00143361147376245	DOWN	-0.708040261835631	1	NS
DOWN	A485_only	medtr.A17.gnm5.ann1_6.MtrunA17Chr4g0028511	MtrunA17Chr4g0028511			medtr.A17.gnm5.MtrunA17Chr4	-	29419986	29421155	-4.85658213261461	0.014978905342354	DOWN	-0.707635750872147	1	NS
DOWN	A485_only	medtr.A17.gnm5.ann1_6.MtrunA17Chr2g0312951	MtrunA17Chr2g0312951			medtr.A17.gnm5.MtrunA17Chr2	-	35736170	35738706	-4.05508111063557	0.000206977326263872	DOWN	-0.7029228088322	1	NS
DOWN	A485_only	medtr.A17.gnm5.ann1_6.MtrunA17Chr7g0268631	MtrunA17Chr7g0268631			medtr.A17.gnm5.MtrunA17Chr7	-	50964421	50967544	-2.78059139337003	0.0161900816631601	DOWN	0.696840357800809	1	NS
DOWN	A485_only	medtr.A17.gnm5.ann1_6.MtrunA17Chr7g0249621	MtrunA17Chr7g0249621	MtPLT4|MtBBM	plethora ERF|BABYBOOM	medtr.A17.gnm5.MtrunA17Chr7	-	37380731	37385348	-2.63691381010991	0.00466801084481119	DOWN	-0.695459656429977	1	NS
DOWN	A485_only	medtr.A17.gnm5.ann1_6.MtrunA17Chr1g0194701	MtrunA17Chr1g0194701			medtr.A17.gnm5.MtrunA17Chr1	-	42766443	42774605	-1.9280107695734	0.0365557762541554	DOWN	-0.694149275154191	1	NS
DOWN	A485_only	medtr.A17.gnm5.ann1_6.MtrunA17Chr6g0481171	MtrunA17Chr6g0481171			medtr.A17.gnm5.MtrunA17Chr6	+	36128981	36135583	-2.11855099083672	0.0390382713245016	DOWN	-0.691072597680817	1	NS
DOWN	A485_only	medtr.A17.gnm5.ann1_6.MtrunA17Chr3g0101051	MtrunA17Chr3g0101051			medtr.A17.gnm5.MtrunA17Chr3	-	25438046	25443575	-2.07565268437061	0.0394594388189332	DOWN	0.686643226071417	1	NS
DOWN	A485_only	medtr.A17.gnm5.ann1_6.MtrunA17Chr7g0260751	MtrunA17Chr7g0260751			medtr.A17.gnm5.MtrunA17Chr7	-	45459739	45461232	-2.16033390065371	0.014757809161653	DOWN	0.684598751126935	1	NS
DOWN	A485_only	medtr.A17.gnm5.ann1_6.MtrunA17Chr8g0369681	MtrunA17Chr8g0369681			medtr.A17.gnm5.MtrunA17Chr8	+	32857195	32860783	-2.04890195090161	0.0346382173507259	DOWN	0.683992277066895	1	NS
DOWN	A485_only	medtr.A17.gnm5.ann1_6.MtrunA17Chr8g0359281	MtrunA17Chr8g0359281			medtr.A17.gnm5.MtrunA17Chr8	+	22605244	22607094	-3.88228028464085	0.00146589432572146	DOWN	0.679354914647627	1	NS
DOWN	A485_only	medtr.A17.gnm5.ann1_6.MtrunA17Chr3g0134731	MtrunA17Chr3g0134731			medtr.A17.gnm5.MtrunA17Chr3	-	50905778	50907991	-2.97689819209899	0.0025207595856557	DOWN	-0.678996137628986	1	NS
DOWN	A485_only	medtr.A17.gnm5.ann1_6.MtrunA17Chr4g0044871	MtrunA17Chr4g0044871			medtr.A17.gnm5.MtrunA17Chr4	+	41677821	41678795	-7.18171244532126	5.67927174871725e-05	DOWN	-0.675788972256675	1	NS
DOWN	A485_only	medtr.A17.gnm5.ann1_6.MtrunA17Chr2g0323181	MtrunA17Chr2g0323181			medtr.A17.gnm5.MtrunA17Chr2	+	43767948	43768334	-5.60555620675585	0.0287590629019879	DOWN	-0.67553737663175	1	NS
DOWN	A485_only	medtr.A17.gnm5.ann1_6.MtrunA17Chr8g0377621	MtrunA17Chr8g0377621			medtr.A17.gnm5.MtrunA17Chr8	+	38920073	38922373	-2.00351598953511	0.0478746252916301	DOWN	0.674521287705808	1	NS
DOWN	A485_only	medtr.A17.gnm5.ann1_6.MtrunA17Chr3g0108541	MtrunA17Chr3g0108541			medtr.A17.gnm5.MtrunA17Chr3	-	31847518	31849420	-2.54655671343285	0.0210201505601091	DOWN	0.672215818075176	1	NS
DOWN	A485_only	medtr.A17.gnm5.ann1_6.MtrunA17Chr7g0242201	MtrunA17Chr7g0242201			medtr.A17.gnm5.MtrunA17Chr7	-	31717771	31721261	-2.00926014125578	0.0314580365583876	DOWN	0.671836496715355	1	NS
DOWN	A485_only	medtr.A17.gnm5.ann1_6.MtrunA17Chr1g0187521	MtrunA17Chr1g0187521			medtr.A17.gnm5.MtrunA17Chr1	-	37500487	37507072	-1.87163443305798	0.00890211550897777	DOWN	-0.664845096475702	1	NS
DOWN	A485_only	medtr.A17.gnm5.ann1_6.MtrunA17Chr5g0401721	MtrunA17Chr5g0401721			medtr.A17.gnm5.MtrunA17Chr5	-	5913482	5915020	-4.04044294383479	5.17944824404958e-05	DOWN	-0.661668074490483	1	NS
DOWN	A485_only	medtr.A17.gnm5.ann1_6.MtrunA17Chr4g0005081	MtrunA17Chr4g0005081			medtr.A17.gnm5.MtrunA17Chr4	-	3984615	3985616	-2.50222693198113	0.0257333836912223	DOWN	0.661172465816993	1	NS
DOWN	A485_only	medtr.A17.gnm5.ann1_6.MtrunA17Chr1g0164431	MtrunA17Chr1g0164431			medtr.A17.gnm5.MtrunA17Chr1	-	14259217	14260087	-4.57645289058343	0.000310882392721669	DOWN	-0.659663953226168	1	NS
DOWN	A485_only	medtr.A17.gnm5.ann1_6.MtrunA17Chr2g0315331	MtrunA17Chr2g0315331			medtr.A17.gnm5.MtrunA17Chr2	-	37639915	37641078	-3.03118466798557	0.0116989873253807	DOWN	0.659198322985086	1	NS
DOWN	A485_only	medtr.A17.gnm5.ann1_6.MtrunA17Chr8g0334641	MtrunA17Chr8g0334641			medtr.A17.gnm5.MtrunA17Chr8	-	330914	333371	-2.00353635759773	0.0153502176138009	DOWN	-0.659176194066998	1	NS
DOWN	A485_only	medtr.A17.gnm5.ann1_6.MtrunA17Chr6g0464411	MtrunA17Chr6g0464411			medtr.A17.gnm5.MtrunA17Chr6	+	13583851	13590312	-1.57389139649632	0.0311093941594844	DOWN	0.658974955293448	1	NS
DOWN	A485_only	medtr.A17.gnm5.ann1_6.MtrunA17Chr8g0391771	MtrunA17Chr8g0391771			medtr.A17.gnm5.MtrunA17Chr8	+	48585258	48591051	-2.1465627615789	0.0214071951044868	DOWN	-0.658926837298601	1	NS
DOWN	A485_only	medtr.A17.gnm5.ann1_6.MtrunA17Chr4g0058421	MtrunA17Chr4g0058421			medtr.A17.gnm5.MtrunA17Chr4	+	51398308	51406829	-2.19628086684534	0.00686489481774873	DOWN	-0.658911017806106	1	NS
DOWN	A485_only	medtr.A17.gnm5.ann1_6.MtrunA17Chr4g0063701	MtrunA17Chr4g0063701			medtr.A17.gnm5.MtrunA17Chr4	+	55177821	55180311	-3.73228569313217	0.0189728017618273	DOWN	0.658137430243132	1	NS
DOWN	A485_only	medtr.A17.gnm5.ann1_6.MtrunA17Chr8g0366751	MtrunA17Chr8g0366751			medtr.A17.gnm5.MtrunA17Chr8	+	30551886	30555092	-2.89146709181862	0.00930733953467599	DOWN	-0.657109152417801	1	NS
DOWN	A485_only	medtr.A17.gnm5.ann1_6.MtrunA17Chr1g0195851	MtrunA17Chr1g0195851	MtCbf4|MtNF-YB6	CAAT-box transcription factor 4|nuclear factor Y subunit B6	medtr.A17.gnm5.MtrunA17Chr1	-	43620434	43622497	-3.49698474965174	0.0245152187665885	DOWN	0.653867575360485	1	NS
DOWN	A485_only	medtr.A17.gnm5.ann1_6.MtrunA17Chr5g0435431	MtrunA17Chr5g0435431			medtr.A17.gnm5.MtrunA17Chr5	+	35465798	35466439	-3.9747254476598	0.0463894897687646	DOWN	0.652634973918055	1	NS
DOWN	A485_only	medtr.A17.gnm5.ann1_6.MtrunA17Chr4g0072791	MtrunA17Chr4g0072791	MtCAPE18	CAP-derived peptide	medtr.A17.gnm5.MtrunA17Chr4	-	61767086	61768325	-1.95383858074404	0.0130779123865945	DOWN	-0.651271198690889	1	NS
DOWN	A485_only	medtr.A17.gnm5.ann1_6.MtrunA17Chr2g0289271	MtrunA17Chr2g0289271			medtr.A17.gnm5.MtrunA17Chr2	-	8897803	8904781	-1.62537565720496	0.00937064063485253	DOWN	-0.650977761303673	1	NS
DOWN	A485_only	medtr.A17.gnm5.ann1_6.MtrunA17Chr6g0481001	MtrunA17Chr6g0481001			medtr.A17.gnm5.MtrunA17Chr6	+	35758829	35763428	-2.02277749121267	0.0288259448430197	DOWN	0.649682067057595	1	NS
DOWN	A485_only	medtr.A17.gnm5.ann1_6.MtrunA17Chr6g0464251	MtrunA17Chr6g0464251			medtr.A17.gnm5.MtrunA17Chr6	-	13441114	13441895	-4.0300233709224	0.0383953967068579	DOWN	-0.646913140134744	1	NS
DOWN	A485_only	medtr.A17.gnm5.ann1_6.MtrunA17Chr5g0405191	MtrunA17Chr5g0405191			medtr.A17.gnm5.MtrunA17Chr5	+	8431164	8435625	-2.33431150056766	0.00201695410753074	DOWN	0.64552907498556	1	NS
DOWN	A485_only	medtr.A17.gnm5.ann1_6.MtrunA17Chr3g0102901	MtrunA17Chr3g0102901			medtr.A17.gnm5.MtrunA17Chr3	+	27390863	27395081	-2.12276338878282	0.0123501412059661	DOWN	-0.643628049757417	1	NS
DOWN	A485_only	medtr.A17.gnm5.ann1_6.MtrunA17Chr2g0299561	MtrunA17Chr2g0299561			medtr.A17.gnm5.MtrunA17Chr2	+	17473075	17479205	-3.23803993976401	4.97475863790191e-05	DOWN	0.643442942000769	1	NS
DOWN	A485_only	medtr.A17.gnm5.ann1_6.MtrunA17Chr6g0478461	MtrunA17Chr6g0478461			medtr.A17.gnm5.MtrunA17Chr6	-	33079611	33080759	-2.52091751910867	0.0304625182659556	DOWN	0.637284436700621	1	NS
DOWN	A485_only	medtr.A17.gnm5.ann1_6.MtrunA17Chr3g0122031	MtrunA17Chr3g0122031			medtr.A17.gnm5.MtrunA17Chr3	-	41665170	41666965	-4.214421756689	0.0019718623837808	DOWN	-0.637104064974681	1	NS
DOWN	A485_only	medtr.A17.gnm5.ann1_6.MtrunA17Chr2g0286051	MtrunA17Chr2g0286051			medtr.A17.gnm5.MtrunA17Chr2	+	6497950	6503742	-2.67047315184384	0.000452407595562208	DOWN	-0.635277419347751	1	NS
DOWN	A485_only	medtr.A17.gnm5.ann1_6.MtrunA17Chr2g0296521	MtrunA17Chr2g0296521			medtr.A17.gnm5.MtrunA17Chr2	-	14868582	14872579	-3.60285143464634	0.00306341364637403	DOWN	0.632884978977506	1	NS
DOWN	A485_only	medtr.A17.gnm5.ann1_6.MtrunA17Chr6g0478751	MtrunA17Chr6g0478751			medtr.A17.gnm5.MtrunA17Chr6	-	33371650	33372810	-2.43532998971423	0.00203190838265702	DOWN	0.627034091729374	1	NS
DOWN	A485_only	medtr.A17.gnm5.ann1_6.MtrunA17Chr7g0267281	MtrunA17Chr7g0267281			medtr.A17.gnm5.MtrunA17Chr7	-	50060970	50061948	-2.00357729288797	0.0465693462369374	DOWN	0.626914916579747	1	NS
DOWN	A485_only	medtr.A17.gnm5.ann1_6.MtrunA17Chr1g0188171	MtrunA17Chr1g0188171	MtCML10	Calmodulin-like 10	medtr.A17.gnm5.MtrunA17Chr1	+	38048039	38050398	-3.4756596475902	0.000784117097996639	DOWN	0.624916493914915	1	NS
DOWN	A485_only	medtr.A17.gnm5.ann1_6.MtrunA17Chr6g0480421	MtrunA17Chr6g0480421			medtr.A17.gnm5.MtrunA17Chr6	+	35196154	35201556	-3.95613666176238	0.0136813411013462	DOWN	-0.620983137727187	1	NS
DOWN	A485_only	medtr.A17.gnm5.ann1_6.MtrunA17Chr2g0292651	MtrunA17Chr2g0292651	MtDCL2a	Dicer-like 2	medtr.A17.gnm5.MtrunA17Chr2	-	11564370	11574275	-2.03296388637704	0.00657712985744989	DOWN	-0.620201243815114	1	NS
DOWN	A485_only	medtr.A17.gnm5.ann1_6.MtrunA17Chr4g0060431	MtrunA17Chr4g0060431			medtr.A17.gnm5.MtrunA17Chr4	+	52846299	52856130	-1.43011040886448	0.0467287861706866	DOWN	-0.619310970209447	1	NS
DOWN	A485_only	medtr.A17.gnm5.ann1_6.MtrunA17Chr4g0054581	MtrunA17Chr4g0054581			medtr.A17.gnm5.MtrunA17Chr4	-	48391668	48395053	-2.49729298972528	0.0151987101886723	DOWN	-0.619254947767875	1	NS
DOWN	A485_only	medtr.A17.gnm5.ann1_6.MtrunA17Chr5g0433131	MtrunA17Chr5g0433131	MtNCR757	Nodule-specific Cysteine-Rich peptide	medtr.A17.gnm5.MtrunA17Chr5	+	33686164	33686919	-2.05451448135468	0.0173809197617195	DOWN	-0.619018518192831	1	NS
DOWN	A485_only	medtr.A17.gnm5.ann1_6.MtrunA17Chr7g0246681	MtrunA17Chr7g0246681			medtr.A17.gnm5.MtrunA17Chr7	-	35326657	35332469	-1.63439960881864	0.0344210439882275	DOWN	0.614620987537951	1	NS
DOWN	A485_only	medtr.A17.gnm5.ann1_6.MtrunA17Chr7g0259971	MtrunA17Chr7g0259971			medtr.A17.gnm5.MtrunA17Chr7	+	44883494	44884512	-3.27822773483385	0.0238992311847047	DOWN	-0.61426509177986	1	NS
DOWN	A485_only	medtr.A17.gnm5.ann1_6.MtrunA17Chr6g0457101	MtrunA17Chr6g0457101			medtr.A17.gnm5.MtrunA17Chr6	-	6882012	6890623	-6.50844502985517	0.00716571597964586	DOWN	0.613543395407178	1	NS
DOWN	A485_only	medtr.A17.gnm5.ann1_6.MtrunA17Chr4g0025691	MtrunA17Chr4g0025691			medtr.A17.gnm5.MtrunA17Chr4	-	26622344	26625348	-2.89113614253551	0.0015141371939283	DOWN	-0.610543875926569	1	NS
DOWN	A485_only	medtr.A17.gnm5.ann1_6.MtrunA17Chr5g0426851	MtrunA17Chr5g0426851			medtr.A17.gnm5.MtrunA17Chr5	-	28643002	28645609	-1.80879753784101	0.0112275007071236	DOWN	-0.610285643584829	1	NS
DOWN	A485_only	medtr.A17.gnm5.ann1_6.MtrunA17Chr5g0434551	MtrunA17Chr5g0434551			medtr.A17.gnm5.MtrunA17Chr5	+	34642332	34646267	-1.96177127322136	0.00573369316166063	DOWN	0.609027850545466	1	NS
DOWN	A485_only	medtr.A17.gnm5.ann1_6.MtrunA17Chr7g0252531	MtrunA17Chr7g0252531			medtr.A17.gnm5.MtrunA17Chr7	+	39434188	39436100	-2.26830247051739	0.0291254822930522	DOWN	0.606867636586302	1	NS
DOWN	A485_only	medtr.A17.gnm5.ann1_6.MtrunA17Chr5g0403401	MtrunA17Chr5g0403401			medtr.A17.gnm5.MtrunA17Chr5	+	7198415	7202659	-2.46320493872011	0.00851706415692393	DOWN	-0.604085603576395	1	NS
DOWN	A485_only	medtr.A17.gnm5.ann1_6.MtrunA17Chr2g0298601	MtrunA17Chr2g0298601			medtr.A17.gnm5.MtrunA17Chr2	-	16519618	16529808	-2.58136131073888	0.000252628150727118	DOWN	0.602159696535452	1	NS
DOWN	A485_only	medtr.A17.gnm5.ann1_6.MtrunA17Chr4g0070891	MtrunA17Chr4g0070891			medtr.A17.gnm5.MtrunA17Chr4	-	60385837	60388196	-3.68128412390829	0.0490121706097559	DOWN	-0.601347502206963	1	NS
DOWN	A485_only	medtr.A17.gnm5.ann1_6.MtrunA17Chr8g0366741	MtrunA17Chr8g0366741			medtr.A17.gnm5.MtrunA17Chr8	-	30528541	30533068	-3.90231737012956	0.0174703681782319	DOWN	-0.601233332292931	1	NS
DOWN	A485_only	medtr.A17.gnm5.ann1_6.MtrunA17Chr3g0122911	MtrunA17Chr3g0122911			medtr.A17.gnm5.MtrunA17Chr3	-	42246472	42252165	-2.32716972580304	0.0175942381043686	DOWN	0.600793259415098	1	NS
DOWN	A485_only	medtr.A17.gnm5.ann1_6.MtrunA17Chr5g0420471	MtrunA17Chr5g0420471	MtPUB43	Plant U-box protein 43	medtr.A17.gnm5.MtrunA17Chr5	+	20974319	20975971	-4.4783156997017	0.00188915411668093	DOWN	-0.600668488549623	1	NS
DOWN	A485_only	medtr.A17.gnm5.ann1_6.MtrunA17Chr4g0045951	MtrunA17Chr4g0045951			medtr.A17.gnm5.MtrunA17Chr4	+	42475057	42481007	-1.9916109657572	0.00257681506002682	DOWN	-0.598360485685808	1	NS
DOWN	A485_only	medtr.A17.gnm5.ann1_6.MtrunA17Chr5g0411441	MtrunA17Chr5g0411441			medtr.A17.gnm5.MtrunA17Chr5	-	12956223	12964974	-2.2948758715882	0.0486338468591939	DOWN	-0.597657936934158	1	NS
DOWN	A485_only	medtr.A17.gnm5.ann1_6.MtrunA17Chr3g0089451	MtrunA17Chr3g0089451			medtr.A17.gnm5.MtrunA17Chr3	+	10647267	10648374	-6.45901969591086	0.0128593672416816	DOWN	0.592357728150715	1	NS
DOWN	A485_only	medtr.A17.gnm5.ann1_6.MtrunA17Chr5g0412501	MtrunA17Chr5g0412501			medtr.A17.gnm5.MtrunA17Chr5	-	13930578	13931880	-3.51626788001374	0.0242946936958752	DOWN	0.591621097777187	1	NS
DOWN	A485_only	medtr.A17.gnm5.ann1_6.MtrunA17Chr5g0395871	MtrunA17Chr5g0395871			medtr.A17.gnm5.MtrunA17Chr5	-	1668878	1670928	-2.52883432583966	2.50134679895143e-05	DOWN	-0.591620351664931	1	NS
DOWN	A485_only	medtr.A17.gnm5.ann1_6.MtrunA17Chr5g0398831	MtrunA17Chr5g0398831	MtnsLTP62	non-specific Lipid Transfer Protein	medtr.A17.gnm5.MtrunA17Chr5	-	3548041	3549230	-3.60157470406601	0.00684130269902367	DOWN	-0.591206182365074	1	NS
DOWN	A485_only	medtr.A17.gnm5.ann1_6.MtrunA17Chr8g0387971	MtrunA17Chr8g0387971			medtr.A17.gnm5.MtrunA17Chr8	+	45979623	45981183	-3.46941300714061	0.00156699872088663	DOWN	-0.589001704637899	1	NS
DOWN	A485_only	medtr.A17.gnm5.ann1_6.MtrunA17Chr1g0202231	MtrunA17Chr1g0202231			medtr.A17.gnm5.MtrunA17Chr1	+	48461520	48463859	-2.51669196559615	0.0442352528195686	DOWN	-0.587663643331302	1	NS
DOWN	A485_only	medtr.A17.gnm5.ann1_6.MtrunA17Chr4g0057221	MtrunA17Chr4g0057221			medtr.A17.gnm5.MtrunA17Chr4	-	50496080	50499872	-4.67056826146812	0.0147147792265204	DOWN	-0.587091181031389	1	NS
DOWN	A485_only	medtr.A17.gnm5.ann1_6.MtrunA17Chr5g0413111	MtrunA17Chr5g0413111			medtr.A17.gnm5.MtrunA17Chr5	-	14380244	14384563	-2.12013532758822	0.0368106874379688	DOWN	0.582180635919092	1	NS
DOWN	A485_only	medtr.A17.gnm5.ann1_6.MtrunA17Chr5g0412471	MtrunA17Chr5g0412471	MtCycD4-1	Cyclin D type	medtr.A17.gnm5.MtrunA17Chr5	+	13892049	13894779	-1.52034448713676	0.0401350937181735	DOWN	-0.578696304876933	1	NS
DOWN	A485_only	medtr.A17.gnm5.ann1_6.MtrunA17Chr1g0158131	MtrunA17Chr1g0158131			medtr.A17.gnm5.MtrunA17Chr1	+	9178350	9181672	-2.9577863307261	0.0110543547425205	DOWN	-0.576752820323619	1	NS
DOWN	A485_only	medtr.A17.gnm5.ann1_6.MtrunA17Chr2g0300751	MtrunA17Chr2g0300751			medtr.A17.gnm5.MtrunA17Chr2	+	18483084	18486880	-1.73398612376338	0.0184341523619364	DOWN	0.576500035192267	1	NS
DOWN	A485_only	medtr.A17.gnm5.ann1_6.MtrunA17Chr2g0320981	MtrunA17Chr2g0320981			medtr.A17.gnm5.MtrunA17Chr2	-	42115383	42125621	-1.75499482530108	0.00552450319720551	DOWN	-0.575975136734043	1	NS
DOWN	A485_only	medtr.A17.gnm5.ann1_6.MtrunA17Chr8g0354001	MtrunA17Chr8g0354001	MtHYP6	hypothetical protein 6	medtr.A17.gnm5.MtrunA17Chr8	+	15651824	15655520	-4.2215611383714	0.0054439862038165	DOWN	-0.575794603323702	1	NS
DOWN	A485_only	medtr.A17.gnm5.ann1_6.MtrunA17Chr3g0082501	MtrunA17Chr3g0082501			medtr.A17.gnm5.MtrunA17Chr3	+	4268410	4273284	-2.84984209352352	0.00964926566832768	DOWN	-0.574628708607531	1	NS
DOWN	A485_only	medtr.A17.gnm5.ann1_6.MtrunA17Chr5g0427111	MtrunA17Chr5g0427111			medtr.A17.gnm5.MtrunA17Chr5	+	28917735	28920277	-3.83761877094152	0.000252628150727118	DOWN	-0.573933965971721	1	NS
DOWN	A485_only	medtr.A17.gnm5.ann1_6.MtrunA17Chr5g0408981	MtrunA17Chr5g0408981			medtr.A17.gnm5.MtrunA17Chr5	+	10888208	10890307	-6.57415357494668	0.000547804998841533	DOWN	-0.572828826926331	1	NS
DOWN	A485_only	medtr.A17.gnm5.ann1_6.MtrunA17Chr4g0050061	MtrunA17Chr4g0050061			medtr.A17.gnm5.MtrunA17Chr4	-	45153685	45154524	-2.8438261344176	0.00679142361170421	DOWN	-0.572086117353805	1	NS
DOWN	A485_only	medtr.A17.gnm5.ann1_6.MtrunA17Chr1g0150511	MtrunA17Chr1g0150511	MtHK6	histidine kinase 6 (no CHASE domain)	medtr.A17.gnm5.MtrunA17Chr1	-	3519659	3525373	-2.8032001650742	0.040716999126485	DOWN	0.57149288991527	1	NS
DOWN	A485_only	medtr.A17.gnm5.ann1_6.MtrunA17Chr3g0143501	MtrunA17Chr3g0143501			medtr.A17.gnm5.MtrunA17Chr3	-	57056694	57058313	-5.83685114789642	0.0429821064543752	DOWN	0.570697725418651	1	NS
DOWN	A485_only	medtr.A17.gnm5.ann1_6.MtrunA17Chr4g0046001	MtrunA17Chr4g0046001			medtr.A17.gnm5.MtrunA17Chr4	-	42507500	42509419	-2.51945392513827	0.0363456932617419	DOWN	0.56735971080808	1	NS
DOWN	A485_only	medtr.A17.gnm5.ann1_6.MtrunA17Chr7g0241061	MtrunA17Chr7g0241061			medtr.A17.gnm5.MtrunA17Chr7	-	30783999	30785607	-2.56521147117865	0.0125560129683282	DOWN	-0.563248870338647	1	NS
DOWN	A485_only	medtr.A17.gnm5.ann1_6.MtrunA17Chr6g0483631	MtrunA17Chr6g0483631			medtr.A17.gnm5.MtrunA17Chr6	-	38179003	38184575	-1.71032078030681	0.0292313738839759	DOWN	0.561395587070561	1	NS
DOWN	A485_only	medtr.A17.gnm5.ann1_6.MtrunA17Chr2g0280751	MtrunA17Chr2g0280751			medtr.A17.gnm5.MtrunA17Chr2	-	2705551	2709304	-3.20599009075229	0.00917861520256211	DOWN	0.560270268328024	1	NS
DOWN	A485_only	medtr.A17.gnm5.ann1_6.MtrunA17Chr6g0481251	MtrunA17Chr6g0481251			medtr.A17.gnm5.MtrunA17Chr6	+	36170073	36173459	-2.74837958706835	0.0107829195868014	DOWN	0.555351409950072	1	NS
DOWN	A485_only	medtr.A17.gnm5.ann1_6.MtrunA17Chr4g0044881	MtrunA17Chr4g0044881			medtr.A17.gnm5.MtrunA17Chr4	+	41679822	41680936	-5.62606474308037	0.000200475726577922	DOWN	-0.552959916613179	1	NS
DOWN	A485_only	medtr.A17.gnm5.ann1_6.MtrunA17Chr3g0140821	MtrunA17Chr3g0140821			medtr.A17.gnm5.MtrunA17Chr3	-	55147545	55150029	-1.80021817972679	0.016673831377802	DOWN	0.548560781227573	1	NS
DOWN	A485_only	medtr.A17.gnm5.ann1_6.MtrunA17Chr4g0057731	MtrunA17Chr4g0057731			medtr.A17.gnm5.MtrunA17Chr4	+	50871378	50879472	-2.82708048562916	0.00140752572903687	DOWN	-0.547834017733998	1	NS
DOWN	A485_only	medtr.A17.gnm5.ann1_6.MtrunA17Chr6g0474321	MtrunA17Chr6g0474321			medtr.A17.gnm5.MtrunA17Chr6	+	28040285	28044891	-3.50631498735259	0.0109912612907283	DOWN	0.547552563560253	1	NS
DOWN	A485_only	medtr.A17.gnm5.ann1_6.MtrunA17Chr1g0161591	MtrunA17Chr1g0161591			medtr.A17.gnm5.MtrunA17Chr1	-	11739423	11743680	-2.14422732227758	0.0344993821379514	DOWN	0.54487229107042	1	NS
DOWN	A485_only	medtr.A17.gnm5.ann1_6.MtrunA17Chr1g0157341	MtrunA17Chr1g0157341			medtr.A17.gnm5.MtrunA17Chr1	-	8568883	8572187	-2.91340679867804	0.0102985512355539	DOWN	0.544466229922998	1	NS
DOWN	A485_only	medtr.A17.gnm5.ann1_6.MtrunA17Chr3g0133071	MtrunA17Chr3g0133071			medtr.A17.gnm5.MtrunA17Chr3	+	49681964	49683747	-2.5912441442281	0.000294508323451864	DOWN	-0.541115997074468	1	NS
DOWN	A485_only	medtr.A17.gnm5.ann1_6.MtrunA17Chr6g0480041	MtrunA17Chr6g0480041			medtr.A17.gnm5.MtrunA17Chr6	-	34770484	34775944	-2.21449490632975	0.0196951630689718	DOWN	0.540796995288057	1	NS
DOWN	A485_only	medtr.A17.gnm5.ann1_6.MtrunA17Chr7g0246041	MtrunA17Chr7g0246041			medtr.A17.gnm5.MtrunA17Chr7	-	34951763	34953588	-2.07659979786083	0.00622887360764542	DOWN	-0.539415746384255	1	NS
DOWN	A485_only	medtr.A17.gnm5.ann1_6.MtrunA17Chr6g0481941	MtrunA17Chr6g0481941	MtKunitz13	Kunitz-P Trypsin Inhibitor	medtr.A17.gnm5.MtrunA17Chr6	-	36687645	36688775	-1.90566058701045	0.0376255984822954	DOWN	0.539250159915143	1	NS
DOWN	A485_only	medtr.A17.gnm5.ann1_6.MtrunA17Chr8g0342201	MtrunA17Chr8g0342201			medtr.A17.gnm5.MtrunA17Chr8	+	5590624	5596393	-2.3753493581771	0.028045873384775	DOWN	0.537927491762881	1	NS
DOWN	A485_only	medtr.A17.gnm5.ann1_6.MtrunA17Chr2g0298751	MtrunA17Chr2g0298751			medtr.A17.gnm5.MtrunA17Chr2	-	16664079	16671936	-3.35026143315059	0.0146312997502566	DOWN	-0.536745608357161	1	NS
DOWN	A485_only	medtr.A17.gnm5.ann1_6.MtrunA17Chr6g0482931	MtrunA17Chr6g0482931			medtr.A17.gnm5.MtrunA17Chr6	+	37491170	37496455	-2.23197034158314	0.0444386471224176	DOWN	0.534425791466478	1	NS
DOWN	A485_only	medtr.A17.gnm5.ann1_6.MtrunA17Chr4g0038651	MtrunA17Chr4g0038651	MtRopGEF1	Rop guanine nucleotide exchange factor 1	medtr.A17.gnm5.MtrunA17Chr4	-	36884093	36887834	-2.21758655431623	0.00423397787502625	DOWN	-0.534340167037526	1	NS
DOWN	A485_only	medtr.A17.gnm5.ann1_6.MtrunA17Chr6g0480181	MtrunA17Chr6g0480181			medtr.A17.gnm5.MtrunA17Chr6	-	35039248	35042822	-2.38460724289738	0.00552450319720551	DOWN	0.533714955724889	1	NS
DOWN	A485_only	medtr.A17.gnm5.ann1_6.MtrunA17Chr8g0342161	MtrunA17Chr8g0342161			medtr.A17.gnm5.MtrunA17Chr8	+	5562925	5568599	-2.23741499855193	0.00577408600501749	DOWN	0.532561318714754	1	NS
DOWN	A485_only	medtr.A17.gnm5.ann1_6.MtrunA17Chr5g0402701	MtrunA17Chr5g0402701			medtr.A17.gnm5.MtrunA17Chr5	-	6737746	6740408	-3.50104449163263	0.000155464583522067	DOWN	-0.532432756821019	1	NS
DOWN	A485_only	medtr.A17.gnm5.ann1_6.MtrunA17Chr4g0013401	MtrunA17Chr4g0013401			medtr.A17.gnm5.MtrunA17Chr4	+	10824191	10826343	-1.69555367130401	0.0192146365351398	DOWN	0.530679915689092	1	NS
DOWN	A485_only	medtr.A17.gnm5.ann1_6.MtrunA17Chr5g0423841	MtrunA17Chr5g0423841			medtr.A17.gnm5.MtrunA17Chr5	+	25730216	25736169	-3.23501271646478	0.000324369846323268	DOWN	0.527674836773179	1	NS
DOWN	A485_only	medtr.A17.gnm5.ann1_6.MtrunA17Chr6g0469591	MtrunA17Chr6g0469591			medtr.A17.gnm5.MtrunA17Chr6	-	19329593	19331566	-2.68034918047942	0.0304625182659556	DOWN	-0.52602959039085	1	NS
DOWN	A485_only	medtr.A17.gnm5.ann1_6.MtrunA17Chr7g0261391	MtrunA17Chr7g0261391			medtr.A17.gnm5.MtrunA17Chr7	+	45864749	45867382	-1.8945967122375	0.0267482811027869	DOWN	-0.52593826691164	1	NS
DOWN	A485_only	medtr.A17.gnm5.ann1_6.MtrunA17Chr1g0201151	MtrunA17Chr1g0201151			medtr.A17.gnm5.MtrunA17Chr1	+	47605131	47609670	-1.63653848422146	0.0172150499281223	DOWN	-0.525829199183908	1	NS
DOWN	A485_only	medtr.A17.gnm5.ann1_6.MtrunA17Chr4g0054171	MtrunA17Chr4g0054171			medtr.A17.gnm5.MtrunA17Chr4	-	47978106	47980540	-2.32507139633111	0.00109991418094146	DOWN	-0.520713497509679	1	NS
DOWN	A485_only	medtr.A17.gnm5.ann1_6.MtrunA17Chr5g0412801	MtrunA17Chr5g0412801			medtr.A17.gnm5.MtrunA17Chr5	+	14204511	14209833	-1.57295380366167	0.00896197864289536	DOWN	-0.518818816911949	1	NS
DOWN	A485_only	medtr.A17.gnm5.ann1_6.MtrunA17Chr2g0318031	MtrunA17Chr2g0318031			medtr.A17.gnm5.MtrunA17Chr2	-	39776876	39782999	-2.86164141942814	0.0312744735267284	DOWN	0.517924295417528	1	NS
DOWN	A485_only	medtr.A17.gnm5.ann1_6.MtrunA17Chr1g0154571	MtrunA17Chr1g0154571			medtr.A17.gnm5.MtrunA17Chr1	+	6722096	6723786	-4.20317321473784	0.00221717112868137	DOWN	-0.517135132990709	1	NS
DOWN	A485_only	medtr.A17.gnm5.ann1_6.MtrunA17Chr3g0133081	MtrunA17Chr3g0133081			medtr.A17.gnm5.MtrunA17Chr3	-	49682871	49683512	-2.57403484475359	0.000112378467684503	DOWN	-0.516978179949901	1	NS
DOWN	A485_only	medtr.A17.gnm5.ann1_6.MtrunA17Chr7g0217801	MtrunA17Chr7g0217801	MtPHO1.4	Phosphate transporter1.1 (export)	medtr.A17.gnm5.MtrunA17Chr7	-	3249401	3256604	-3.07582464782916	0.0453798504662417	DOWN	-0.514202175420465	1	NS
DOWN	A485_only	medtr.A17.gnm5.ann1_6.MtrunA17Chr8g0387371	MtrunA17Chr8g0387371			medtr.A17.gnm5.MtrunA17Chr8	-	45445945	45450941	-2.39777712263354	0.0056976224271804	DOWN	0.514188899417887	1	NS
DOWN	A485_only	medtr.A17.gnm5.ann1_6.MtrunA17Chr8g0335081	MtrunA17Chr8g0335081			medtr.A17.gnm5.MtrunA17Chr8	-	700515	701997	-1.95202311388003	0.0423018746444645	DOWN	0.510951319818522	1	NS
DOWN	A485_only	medtr.A17.gnm5.ann1_6.MtrunA17Chr2g0300251	MtrunA17Chr2g0300251			medtr.A17.gnm5.MtrunA17Chr2	-	18037340	18042910	-4.30669635264334	0.0300993372052255	DOWN	0.508261653112174	1	NS
DOWN	A485_only	medtr.A17.gnm5.ann1_6.MtrunA17Chr6g0480151	MtrunA17Chr6g0480151			medtr.A17.gnm5.MtrunA17Chr6	-	34922899	34926102	-2.76723814902075	0.00160116141600886	DOWN	0.508056570322031	1	NS
DOWN	A485_only	medtr.A17.gnm5.ann1_6.MtrunA17Chr4g0009921	MtrunA17Chr4g0009921			medtr.A17.gnm5.MtrunA17Chr4	+	7765650	7769425	-2.52059830511468	0.000144810403798794	DOWN	-0.508037904674096	1	NS
DOWN	A485_only	medtr.A17.gnm5.ann1_6.MtrunA17Chr4g0029201	MtrunA17Chr4g0029201			medtr.A17.gnm5.MtrunA17Chr4	+	30128019	30129128	-2.12728366715215	0.0407968626656072	DOWN	0.507838457499285	1	NS
DOWN	A485_only	medtr.A17.gnm5.ann1_6.MtrunA17Chr6g0461391	MtrunA17Chr6g0461391			medtr.A17.gnm5.MtrunA17Chr6	-	10548984	10550251	-2.69518080006695	0.0282064018897215	DOWN	-0.50447009323178	1	NS
DOWN	A485_only	medtr.A17.gnm5.ann1_6.MtrunA17Chr8g0391121	MtrunA17Chr8g0391121			medtr.A17.gnm5.MtrunA17Chr8	+	48071553	48079421	-1.39841451794575	0.0397968568626178	DOWN	0.50271406722424	1	NS
DOWN	A485_only	medtr.A17.gnm5.ann1_6.MtrunA17Chr2g0334011	MtrunA17Chr2g0334011			medtr.A17.gnm5.MtrunA17Chr2	+	51669403	51671647	-2.3547421537332	0.00582183443843304	DOWN	0.501308445421292	1	NS
DOWN	A485_only	medtr.A17.gnm5.ann1_6.MtrunA17Chr8g0346171	MtrunA17Chr8g0346171			medtr.A17.gnm5.MtrunA17Chr8	-	9233097	9236765	-1.98193927218053	0.0395159405951996	DOWN	-0.499755612540498	1	NS
DOWN	A485_only	medtr.A17.gnm5.ann1_6.MtrunA17Chr2g0308381	MtrunA17Chr2g0308381	AtCOBRA-like	COBRA-like (cell expansion protein)	medtr.A17.gnm5.MtrunA17Chr2	-	31229969	31234005	-1.96431920817462	0.00353264227228468	DOWN	0.498629265181278	1	NS
DOWN	A485_only	medtr.A17.gnm5.ann1_6.MtrunA17Chr3g0094811	MtrunA17Chr3g0094811			medtr.A17.gnm5.MtrunA17Chr3	+	17935019	17942810	-1.76136047007144	0.0341330668227616	DOWN	0.497798185579403	1	NS
DOWN	A485_only	medtr.A17.gnm5.ann1_6.MtrunA17Chr3g0107521	MtrunA17Chr3g0107521			medtr.A17.gnm5.MtrunA17Chr3	-	31126991	31129212	-2.69621175498943	0.00353080324228364	DOWN	0.497629081693557	1	NS
DOWN	A485_only	medtr.A17.gnm5.ann1_6.MtrunA17Chr7g0233251	MtrunA17Chr7g0233251			medtr.A17.gnm5.MtrunA17Chr7	-	23691401	23692737	-2.71845452212278	0.0268523160289569	DOWN	-0.497161326936955	1	NS
DOWN	A485_only	medtr.A17.gnm5.ann1_6.MtrunA17Chr3g0129071	MtrunA17Chr3g0129071			medtr.A17.gnm5.MtrunA17Chr3	-	46662347	46663715	-3.68140398138131	0.00583194708846165	DOWN	0.495989557662078	1	NS
DOWN	A485_only	medtr.A17.gnm5.ann1_6.MtrunA17Chr6g0480451	MtrunA17Chr6g0480451			medtr.A17.gnm5.MtrunA17Chr6	-	35211707	35215997	-2.25229097842656	0.0449705668274705	DOWN	0.494118762422833	1	NS
DOWN	A485_only	medtr.A17.gnm5.ann1_6.MtrunA17Chr8g0381871	MtrunA17Chr8g0381871	MCM2-like5	DNA replication licensing factor	medtr.A17.gnm5.MtrunA17Chr8	-	41745217	41750849	-1.85694838291335	0.037260466068879	DOWN	0.493670752005202	1	NS
DOWN	A485_only	medtr.A17.gnm5.ann1_6.MtrunA17Chr1g0206061	MtrunA17Chr1g0206061			medtr.A17.gnm5.MtrunA17Chr1	-	51161611	51164285	-2.00992345371029	0.0102859783488879	DOWN	-0.489868562524047	1	NS
DOWN	A485_only	medtr.A17.gnm5.ann1_6.MtrunA17Chr6g0464221	MtrunA17Chr6g0464221			medtr.A17.gnm5.MtrunA17Chr6	+	13419789	13425300	-4.37230721303715	0.0139317006548853	DOWN	-0.489243342350208	1	NS
DOWN	A485_only	medtr.A17.gnm5.ann1_6.MtrunA17Chr7g0256821	MtrunA17Chr7g0256821	MtGASA22	Gibberellic Acid-Stimulated in Arabidopsis	medtr.A17.gnm5.MtrunA17Chr7	-	42536904	42538411	-3.43829278864098	0.000123697598323404	DOWN	-0.486889162085362	1	NS
DOWN	A485_only	medtr.A17.gnm5.ann1_6.MtrunA17Chr1g0209451	MtrunA17Chr1g0209451			medtr.A17.gnm5.MtrunA17Chr1	+	53394058	53398891	-1.95855522852826	0.0302921084987452	DOWN	-0.48099106218499	1	NS
DOWN	A485_only	medtr.A17.gnm5.ann1_6.MtrunA17Chr1g0168031	MtrunA17Chr1g0168031			medtr.A17.gnm5.MtrunA17Chr1	+	16913108	16919527	-1.96197091890416	0.0336924265101013	DOWN	0.480078735123648	1	NS
DOWN	A485_only	medtr.A17.gnm5.ann1_6.MtrunA17Chr4g0039251	MtrunA17Chr4g0039251	MtABCG15	ATP-binding cassette (ABC) transporter type G (MT533597)	medtr.A17.gnm5.MtrunA17Chr4	+	37437223	37447188	-2.11879683279469	0.0275815732965291	DOWN	0.478566058602424	1	NS
DOWN	A485_only	medtr.A17.gnm5.ann1_6.MtrunA17Chr6g0486021	MtrunA17Chr6g0486021	MtpGlcT2|MtSGB1.2	Probable plastidic glucose transporter 2|suppressor of G protein beta 1	medtr.A17.gnm5.MtrunA17Chr6	+	40508106	40515925	-1.43507952084736	0.0310324399855373	DOWN	-0.477943839963676	1	NS
DOWN	A485_only	medtr.A17.gnm5.ann1_6.MtrunA17Chr7g0256281	MtrunA17Chr7g0256281			medtr.A17.gnm5.MtrunA17Chr7	-	42128955	42134402	-2.07637131258581	0.0272990881986795	DOWN	0.475348877814412	1	NS
DOWN	A485_only	medtr.A17.gnm5.ann1_6.MtrunA17Chr7g0264751	MtrunA17Chr7g0264751			medtr.A17.gnm5.MtrunA17Chr7	-	48228954	48232670	-6.71554212122006	0.00690813540963752	DOWN	0.475261336659368	1	NS
DOWN	A485_only	medtr.A17.gnm5.ann1_6.MtrunA17Chr4g0075071	MtrunA17Chr4g0075071			medtr.A17.gnm5.MtrunA17Chr4	+	63470594	63474812	-2.16321562016316	0.00263562130601322	DOWN	0.472722256508507	1	NS
DOWN	A485_only	medtr.A17.gnm5.ann1_6.MtrunA17Chr2g0295591	MtrunA17Chr2g0295591			medtr.A17.gnm5.MtrunA17Chr2	+	14021355	14022701	-2.74222671109594	0.000480716888180601	DOWN	0.472501059238582	1	NS
DOWN	A485_only	medtr.A17.gnm5.ann1_6.MtrunA17Chr1g0155761	MtrunA17Chr1g0155761			medtr.A17.gnm5.MtrunA17Chr1	-	7437841	7441171	-2.98546740423922	0.0042741811892304	DOWN	0.471807839239854	1	NS
DOWN	A485_only	medtr.A17.gnm5.ann1_6.MtrunA17Chr4g0055701	MtrunA17Chr4g0055701			medtr.A17.gnm5.MtrunA17Chr4	+	49258077	49258850	-5.33007654066751	0.00398806308540117	DOWN	-0.470525358330348	1	NS
DOWN	A485_only	medtr.A17.gnm5.ann1_6.MtrunA17Chr3g0117481	MtrunA17Chr3g0117481			medtr.A17.gnm5.MtrunA17Chr3	-	38382243	38385819	-1.98560788645175	0.0236294304210041	DOWN	0.470020237289358	1	NS
DOWN	A485_only	medtr.A17.gnm5.ann1_6.MtrunA17Chr8g0342211	MtrunA17Chr8g0342211			medtr.A17.gnm5.MtrunA17Chr8	+	5596395	5598624	-2.37892554689574	0.0240950621543522	DOWN	0.469609260920249	1	NS
DOWN	A485_only	medtr.A17.gnm5.ann1_6.MtrunA17Chr4g0062871	MtrunA17Chr4g0062871			medtr.A17.gnm5.MtrunA17Chr4	+	54555145	54565570	-1.97480914708089	0.0259587433082568	DOWN	0.469429976129779	1	NS
DOWN	A485_only	medtr.A17.gnm5.ann1_6.MtrunA17Chr4g0017241	MtrunA17Chr4g0017241			medtr.A17.gnm5.MtrunA17Chr4	+	12810154	12812887	-2.11236139613124	0.0481860203823547	DOWN	0.46625677586008	1	NS
DOWN	A485_only	medtr.A17.gnm5.ann1_6.MtrunA17Chr3g0107491	MtrunA17Chr3g0107491			medtr.A17.gnm5.MtrunA17Chr3	-	31112974	31116175	-2.1103935440087	0.00280138799444933	DOWN	-0.465958954396667	1	NS
DOWN	A485_only	medtr.A17.gnm5.ann1_6.MtrunA17Chr4g0074161	MtrunA17Chr4g0074161			medtr.A17.gnm5.MtrunA17Chr4	-	62891510	62895791	-1.45115952217072	0.0380899597729927	DOWN	-0.46438998808704	1	NS
DOWN	A485_only	medtr.A17.gnm5.ann1_6.MtrunA17Chr4g0051621	MtrunA17Chr4g0051621			medtr.A17.gnm5.MtrunA17Chr4	+	46077168	46079427	-2.23455739839126	0.0370221572455024	DOWN	-0.464065469283172	1	NS
DOWN	A485_only	medtr.A17.gnm5.ann1_6.MtrunA17Chr4g0063461	MtrunA17Chr4g0063461			medtr.A17.gnm5.MtrunA17Chr4	+	55037956	55041483	-3.29949954979617	0.00309687586503352	DOWN	-0.462872382580507	1	NS
DOWN	A485_only	medtr.A17.gnm5.ann1_6.MtrunA17Chr3g0127341	MtrunA17Chr3g0127341			medtr.A17.gnm5.MtrunA17Chr3	-	45458766	45464179	-1.81813506100124	0.00274057347893107	DOWN	-0.462307464862177	1	NS
DOWN	A485_only	medtr.A17.gnm5.ann1_6.MtrunA17Chr3g0099911	MtrunA17Chr3g0099911			medtr.A17.gnm5.MtrunA17Chr3	+	24636634	24641478	-3.79774313477447	0.0306877573390483	DOWN	0.461828732739849	1	NS
DOWN	A485_only	medtr.A17.gnm5.ann1_6.MtrunA17Chr2g0329371	MtrunA17Chr2g0329371	MtCML12	Calmodulin-like 12	medtr.A17.gnm5.MtrunA17Chr2	-	48446159	48448048	-2.1448667879726	0.0134126666584326	DOWN	0.459900476845947	1	NS
DOWN	A485_only	medtr.A17.gnm5.ann1_6.MtrunA17Chr1g0183761	MtrunA17Chr1g0183761			medtr.A17.gnm5.MtrunA17Chr1	-	34428944	34430884	-2.45804553620746	0.000782002181851517	DOWN	-0.459457746438825	1	NS
DOWN	A485_only	medtr.A17.gnm5.ann1_6.MtrunA17Chr7g0243681	MtrunA17Chr7g0243681			medtr.A17.gnm5.MtrunA17Chr7	+	32896118	32898133	-1.93459317828441	0.00268194246349394	DOWN	-0.459017980969604	1	NS
DOWN	A485_only	medtr.A17.gnm5.ann1_6.MtrunA17Chr7g0246481	MtrunA17Chr7g0246481	MtPLD5	phospholipase D5	medtr.A17.gnm5.MtrunA17Chr7	+	35231213	35238175	-2.35151151478647	0.000738456927741454	DOWN	0.458658998710715	1	NS
DOWN	A485_only	medtr.A17.gnm5.ann1_6.MtrunA17Chr7g0260621	MtrunA17Chr7g0260621			medtr.A17.gnm5.MtrunA17Chr7	-	45384732	45386133	-3.60268916902221	0.040716999126485	DOWN	-0.458296849776833	1	NS
DOWN	A485_only	medtr.A17.gnm5.ann1_6.MtrunA17Chr1g0154371	MtrunA17Chr1g0154371			medtr.A17.gnm5.MtrunA17Chr1	+	6580540	6583669	-3.28828711375927	0.0105698420833291	DOWN	-0.45781807233892	1	NS
DOWN	A485_only	medtr.A17.gnm5.ann1_6.MtrunA17Chr5g0420481	MtrunA17Chr5g0420481			medtr.A17.gnm5.MtrunA17Chr5	-	20974409	20974527	-8.11626398645129	0.0078423246039406	DOWN	-0.454376052775206	1	NS
DOWN	A485_only	medtr.A17.gnm5.ann1_6.MtrunA17Chr5g0400511	MtrunA17Chr5g0400511	MtLAT52/POE_10	Late Anther Tomato52/Pollen Ole e 1 Allergen and Extensin	medtr.A17.gnm5.MtrunA17Chr5	-	4808633	4810319	-3.55089524277698	0.0296283417332403	DOWN	-0.453453463155847	1	NS
DOWN	A485_only	medtr.A17.gnm5.ann1_6.MtrunA17Chr4g0009671	MtrunA17Chr4g0009671			medtr.A17.gnm5.MtrunA17Chr4	+	7510712	7516104	-7.37856297576007	0.0117693780046394	DOWN	0.452895113520257	1	NS
DOWN	A485_only	medtr.A17.gnm5.ann1_6.MtrunA17Chr1g0201811	MtrunA17Chr1g0201811			medtr.A17.gnm5.MtrunA17Chr1	-	48101456	48104714	-2.33053580899439	0.00439524831041479	DOWN	-0.450743074807783	1	NS
DOWN	A485_only	medtr.A17.gnm5.ann1_6.MtrunA17Chr1g0167381	MtrunA17Chr1g0167381			medtr.A17.gnm5.MtrunA17Chr1	+	16359107	16365178	-1.61215989433808	0.00754978382400482	DOWN	-0.449818416464549	1	NS
DOWN	A485_only	medtr.A17.gnm5.ann1_6.MtrunA17Chr1g0167391	MtrunA17Chr1g0167391			medtr.A17.gnm5.MtrunA17Chr1	-	16363667	16364835	-1.81531658333443	0.00742169360443709	DOWN	-0.447476998583599	1	NS
DOWN	A485_only	medtr.A17.gnm5.ann1_6.MtrunA17Chr5g0401431	MtrunA17Chr5g0401431	MtPrx42	peroxidase	medtr.A17.gnm5.MtrunA17Chr5	-	5659593	5662344	-2.15139081584038	0.000598649165278994	DOWN	-0.445396843548329	1	NS
DOWN	A485_only	medtr.A17.gnm5.ann1_6.MtrunA17Chr2g0329701	MtrunA17Chr2g0329701			medtr.A17.gnm5.MtrunA17Chr2	+	48720597	48727899	-1.91747319783455	0.0286517464144544	DOWN	-0.443722808349792	1	NS
DOWN	A485_only	medtr.A17.gnm5.ann1_6.MtrunA17Chr1g0190491	MtrunA17Chr1g0190491	MtIDA31	Inflorescence Deficient in Abscission	medtr.A17.gnm5.MtrunA17Chr1	-	39736123	39737603	-3.15746346136673	0.0325799710830977	DOWN	0.44199219308071	1	NS
DOWN	A485_only	medtr.A17.gnm5.ann1_6.MtrunA17Chr4g0030121	MtrunA17Chr4g0030121			medtr.A17.gnm5.MtrunA17Chr4	+	30752292	30764273	-2.19730835889977	0.00435988549882245	DOWN	-0.440790494852883	1	NS
DOWN	A485_only	medtr.A17.gnm5.ann1_6.MtrunA17Chr8g0345211	MtrunA17Chr8g0345211			medtr.A17.gnm5.MtrunA17Chr8	-	8256107	8260350	-2.31025669797991	0.0132298178146448	DOWN	0.439075554587043	1	NS
DOWN	A485_only	medtr.A17.gnm5.ann1_6.MtrunA17Chr6g0451381	MtrunA17Chr6g0451381			medtr.A17.gnm5.MtrunA17Chr6	+	1948594	1953305	-2.4356645362818	0.0363631073460285	DOWN	0.434740525699936	1	NS
DOWN	A485_only	medtr.A17.gnm5.ann1_6.MtrunA17Chr1g0149281	MtrunA17Chr1g0149281			medtr.A17.gnm5.MtrunA17Chr1	+	2507183	2508800	-3.37638183578629	0.00172300005043798	DOWN	-0.433892125791206	1	NS
DOWN	A485_only	medtr.A17.gnm5.ann1_6.MtrunA17Chr8g0338741	MtrunA17Chr8g0338741			medtr.A17.gnm5.MtrunA17Chr8	-	3102136	3104149	-2.64393857420329	0.00436519015264624	DOWN	0.43364258178898	1	NS
DOWN	A485_only	medtr.A17.gnm5.ann1_6.MtrunA17Chr1g0160771	MtrunA17Chr1g0160771			medtr.A17.gnm5.MtrunA17Chr1	+	11137297	11139985	-3.20268697002204	0.0308416858087042	DOWN	0.428854127735332	1	NS
DOWN	A485_only	medtr.A17.gnm5.ann1_6.MtrunA17Chr3g0137141	MtrunA17Chr3g0137141			medtr.A17.gnm5.MtrunA17Chr3	-	52530752	52532593	-1.97476436785277	0.0097454678569612	DOWN	0.427847437365838	1	NS
DOWN	A485_only	medtr.A17.gnm5.ann1_6.MtrunA17Chr4g0070371	MtrunA17Chr4g0070371			medtr.A17.gnm5.MtrunA17Chr4	+	60029624	60030709	-3.94198955632383	0.00161483333749731	DOWN	-0.427237599121781	1	NS
DOWN	A485_only	medtr.A17.gnm5.ann1_6.MtrunA17Chr7g0240511	MtrunA17Chr7g0240511			medtr.A17.gnm5.MtrunA17Chr7	-	30337060	30339584	-3.62904858483328	0.0397706335382684	DOWN	-0.426482437379859	1	NS
DOWN	A485_only	medtr.A17.gnm5.ann1_6.MtrunA17Chr1g0209901	MtrunA17Chr1g0209901			medtr.A17.gnm5.MtrunA17Chr1	-	53798415	53802641	-3.35516579203525	0.0001136106238274	DOWN	-0.42645294806476	1	NS
DOWN	A485_only	medtr.A17.gnm5.ann1_6.MtrunA17Chr7g0260861	MtrunA17Chr7g0260861	MtIDA41	Inflorescence Deficient in Abscission	medtr.A17.gnm5.MtrunA17Chr7	-	45537419	45537970	-6.01929350653757	0.00764882513900602	DOWN	0.425856242789711	1	NS
DOWN	A485_only	medtr.A17.gnm5.ann1_6.MtrunA17Chr1g0210911	MtrunA17Chr1g0210911			medtr.A17.gnm5.MtrunA17Chr1	-	54580489	54584058	-3.39831046331549	7.50098917600226e-05	DOWN	0.424109570518938	1	NS
DOWN	A485_only	medtr.A17.gnm5.ann1_6.MtrunA17Chr8g0347571	MtrunA17Chr8g0347571			medtr.A17.gnm5.MtrunA17Chr8	-	10456444	10460048	-3.96000989903588	0.00142618228673894	DOWN	-0.423709395035086	1	NS
DOWN	A485_only	medtr.A17.gnm5.ann1_6.MtrunA17Chr7g0219951	MtrunA17Chr7g0219951			medtr.A17.gnm5.MtrunA17Chr7	-	5258023	5261783	-2.40042125788199	0.00035619443724406	DOWN	0.421207099909911	1	NS
DOWN	A485_only	medtr.A17.gnm5.ann1_6.MtrunA17Chr6g0481221	MtrunA17Chr6g0481221			medtr.A17.gnm5.MtrunA17Chr6	+	36158694	36160647	-3.39092001385875	0.00362542327822551	DOWN	-0.420990045596776	1	NS
DOWN	A485_only	medtr.A17.gnm5.ann1_6.MtrunA17Chr3g0131981	MtrunA17Chr3g0131981	MtTPD2	Tapetum Determinant	medtr.A17.gnm5.MtrunA17Chr3	-	48793304	48795977	-2.98753206289982	0.00341224163454952	DOWN	0.4195865565571	1	NS
DOWN	A485_only	medtr.A17.gnm5.ann1_6.MtrunA17Chr3g0128631	MtrunA17Chr3g0128631			medtr.A17.gnm5.MtrunA17Chr3	+	46308299	46312992	-2.2334306252555	0.0234125068630991	DOWN	0.418378353913671	1	NS
DOWN	A485_only	medtr.A17.gnm5.ann1_6.MtrunA17Chr1g0175381	MtrunA17Chr1g0175381			medtr.A17.gnm5.MtrunA17Chr1	+	26801611	26807377	-1.70359858450058	0.00552450319720551	DOWN	0.417992615561257	1	NS
DOWN	A485_only	medtr.A17.gnm5.ann1_6.MtrunA17Chr3g0133681	MtrunA17Chr3g0133681			medtr.A17.gnm5.MtrunA17Chr3	+	50129386	50131462	-5.49621784240263	0.00189712290754521	DOWN	0.416000550027858	1	NS
DOWN	A485_only	medtr.A17.gnm5.ann1_6.MtrunA17Chr3g0133801	MtrunA17Chr3g0133801			medtr.A17.gnm5.MtrunA17Chr3	+	50186533	50191540	-1.85379131122497	0.00817695667553368	DOWN	-0.414866540325945	1	NS
DOWN	A485_only	medtr.A17.gnm5.ann1_6.MtrunA17Chr5g0402941	MtrunA17Chr5g0402941			medtr.A17.gnm5.MtrunA17Chr5	-	6858355	6864473	-1.65738657938901	0.0202253132432594	DOWN	-0.413036583665771	1	NS
DOWN	A485_only	medtr.A17.gnm5.ann1_6.MtrunA17Chr3g0108401	MtrunA17Chr3g0108401			medtr.A17.gnm5.MtrunA17Chr3	-	31751947	31756151	-1.89396826565085	0.0200108055226733	DOWN	-0.408949940571068	1	NS
DOWN	A485_only	medtr.A17.gnm5.ann1_6.MtrunA17Chr4g0067451	MtrunA17Chr4g0067451			medtr.A17.gnm5.MtrunA17Chr4	-	57893329	57894663	-2.57858834762268	0.0110543547425205	DOWN	0.403966323134667	1	NS
DOWN	A485_only	medtr.A17.gnm5.ann1_6.MtrunA17Chr7g0259851	MtrunA17Chr7g0259851			medtr.A17.gnm5.MtrunA17Chr7	-	44763809	44769093	-2.94172040812661	0.00326150325082938	DOWN	0.403787765578338	1	NS
DOWN	A485_only	medtr.A17.gnm5.ann1_6.MtrunA17Chr6g0453921	MtrunA17Chr6g0453921	MtENODL36|MtPCY57	ENOD-like 36|Plantacyanin/Chemocyanin 57	medtr.A17.gnm5.MtrunA17Chr6	-	4177964	4180994	-3.34531779123928	0.000407883212677819	DOWN	0.401486438631956	1	NS
DOWN	A485_only	medtr.A17.gnm5.ann1_6.MtrunA17Chr1g0209511	MtrunA17Chr1g0209511			medtr.A17.gnm5.MtrunA17Chr1	+	53416465	53420136	-2.26026918595002	0.0265794926987817	DOWN	0.401108986096979	1	NS
DOWN	A485_only	medtr.A17.gnm5.ann1_6.MtrunA17Chr4g0068671	MtrunA17Chr4g0068671			medtr.A17.gnm5.MtrunA17Chr4	+	58733720	58737129	-3.20959409422578	0.0181299624941452	DOWN	-0.399165213622164	1	NS
DOWN	A485_only	medtr.A17.gnm5.ann1_6.MtrunA17Chr5g0419451	MtrunA17Chr5g0419451	MtCYP78A125	Cytochrome P450 monooxygenase	medtr.A17.gnm5.MtrunA17Chr5	-	19781623	19783905	-2.19012216866568	0.00573369316166063	DOWN	-0.39733365356882	1	NS
DOWN	A485_only	medtr.A17.gnm5.ann1_6.MtrunA17Chr5g0407161	MtrunA17Chr5g0407161			medtr.A17.gnm5.MtrunA17Chr5	-	9814023	9817095	-4.62488909921508	0.0258613621057232	DOWN	-0.396211678668816	1	NS
DOWN	A485_only	medtr.A17.gnm5.ann1_6.MtrunA17Chr3g0123331	MtrunA17Chr3g0123331	MtNPL	nodulation pectate lyase (LjNPL orthologue)	medtr.A17.gnm5.MtrunA17Chr3	+	42528581	42530990	-3.92313114302128	0.0184591497236313	DOWN	0.395476509742538	1	NS
DOWN	A485_only	medtr.A17.gnm5.ann1_6.MtrunA17Chr2g0305061	MtrunA17Chr2g0305061			medtr.A17.gnm5.MtrunA17Chr2	+	23716226	23717514	-3.35560326930185	0.00191143080104019	DOWN	0.395079291508726	1	NS
DOWN	A485_only	medtr.A17.gnm5.ann1_6.MtrunA17Chr8g0374451	MtrunA17Chr8g0374451			medtr.A17.gnm5.MtrunA17Chr8	-	36387634	36388355	-2.58410632608294	0.0127585834060992	DOWN	0.394131111705088	1	NS
DOWN	A485_only	medtr.A17.gnm5.ann1_6.MtrunA17Chr6g0482151	MtrunA17Chr6g0482151			medtr.A17.gnm5.MtrunA17Chr6	-	36827474	36828723	-2.88583563744805	0.0185183898344919	DOWN	0.393916164980396	1	NS
DOWN	A485_only	medtr.A17.gnm5.ann1_6.MtrunA17Chr1g0184181	MtrunA17Chr1g0184181			medtr.A17.gnm5.MtrunA17Chr1	-	34729437	34733016	-1.65180941890007	0.0476503888980618	DOWN	-0.393715929142264	1	NS
DOWN	A485_only	medtr.A17.gnm5.ann1_6.MtrunA17Chr5g0399491	MtrunA17Chr5g0399491	MtATHB2	Homeodomain transcription factor 2	medtr.A17.gnm5.MtrunA17Chr5	+	4062972	4065530	-2.67727100353505	0.00115819537274958	DOWN	0.392578935415559	1	NS
DOWN	A485_only	medtr.A17.gnm5.ann1_6.MtrunA17Chr7g0264731	MtrunA17Chr7g0264731			medtr.A17.gnm5.MtrunA17Chr7	+	48213984	48216940	-3.2421424468686	0.0127837581732564	DOWN	-0.390199710799418	1	NS
DOWN	A485_only	medtr.A17.gnm5.ann1_6.MtrunA17Chr1g0210661	MtrunA17Chr1g0210661			medtr.A17.gnm5.MtrunA17Chr1	-	54361130	54363140	-1.62908636834258	0.0230017697059163	DOWN	-0.388193540817821	1	NS
DOWN	A485_only	medtr.A17.gnm5.ann1_6.MtrunA17Chr1g0177141	MtrunA17Chr1g0177141			medtr.A17.gnm5.MtrunA17Chr1	+	28638169	28649475	-1.78238693553298	0.0229394875498091	DOWN	-0.386837949057077	1	NS
DOWN	A485_only	medtr.A17.gnm5.ann1_6.MtrunA17Chr8g0387981	MtrunA17Chr8g0387981			medtr.A17.gnm5.MtrunA17Chr8	-	45983283	45986725	-2.38117818255254	0.0235440741774992	DOWN	0.385900053953551	1	NS
DOWN	A485_only	medtr.A17.gnm5.ann1_6.MtrunA17Chr3g0106891	MtrunA17Chr3g0106891			medtr.A17.gnm5.MtrunA17Chr3	+	30501182	30508283	-1.91718509341136	0.00306341364637403	DOWN	0.385298969443606	1	NS
DOWN	A485_only	medtr.A17.gnm5.ann1_6.MtrunA17Chr6g0486821	MtrunA17Chr6g0486821			medtr.A17.gnm5.MtrunA17Chr6	+	41233215	41249078	-1.90721907477317	0.0107252449496845	DOWN	-0.384312334502273	1	NS
DOWN	A485_only	medtr.A17.gnm5.ann1_6.MtrunA17Chr4g0072681	MtrunA17Chr4g0072681			medtr.A17.gnm5.MtrunA17Chr4	+	61671731	61673444	-3.03791554451531	0.0261591960551957	DOWN	-0.38411001033827	1	NS
DOWN	A485_only	medtr.A17.gnm5.ann1_6.MtrunA17Chr4g0060561	MtrunA17Chr4g0060561			medtr.A17.gnm5.MtrunA17Chr4	+	52926288	52930449	-2.45502273063261	0.0020823537572345	DOWN	-0.383736850785783	1	NS
DOWN	A485_only	medtr.A17.gnm5.ann1_6.MtrunA17Chr2g0292341	MtrunA17Chr2g0292341			medtr.A17.gnm5.MtrunA17Chr2	-	11327457	11332904	-1.89524795211204	0.0248617752912938	DOWN	-0.383455272978495	1	NS
DOWN	A485_only	medtr.A17.gnm5.ann1_6.MtrunA17Chr5g0412071	MtrunA17Chr5g0412071			medtr.A17.gnm5.MtrunA17Chr5	+	13526263	13532381	-2.68147150426721	0.00362542327822551	DOWN	-0.382767742710763	1	NS
DOWN	A485_only	medtr.A17.gnm5.ann1_6.MtrunA17Chr6g0469561	MtrunA17Chr6g0469561			medtr.A17.gnm5.MtrunA17Chr6	+	19301159	19312277	-2.80489993009798	0.042218887943764	DOWN	-0.381685757649102	1	NS
DOWN	A485_only	medtr.A17.gnm5.ann1_6.MtrunA17Chr1g0191081	MtrunA17Chr1g0191081			medtr.A17.gnm5.MtrunA17Chr1	+	40174167	40178190	-2.2745450425968	0.0291884284878345	DOWN	0.380479346691351	1	NS
DOWN	A485_only	medtr.A17.gnm5.ann1_6.MtrunA17Chr8g0391621	MtrunA17Chr8g0391621			medtr.A17.gnm5.MtrunA17Chr8	-	48472962	48475450	-3.4419418562077	0.0230028113623845	DOWN	-0.378852033581844	1	NS
DOWN	A485_only	medtr.A17.gnm5.ann1_6.MtrunA17Chr5g0428981	MtrunA17Chr5g0428981	MtIRE	INCOMPLETE ROOT HAIR ELONGATION (IRE)-like (AGC protein kinase family)	medtr.A17.gnm5.MtrunA17Chr5	+	30515669	30524962	-1.82728458224907	0.0125560129683282	DOWN	0.378211772477053	1	NS
DOWN	A485_only	medtr.A17.gnm5.ann1_6.MtrunA17Chr5g0412401	MtrunA17Chr5g0412401			medtr.A17.gnm5.MtrunA17Chr5	+	13828929	13830885	-2.56822564803622	0.000782002181851517	DOWN	0.374572421940549	1	NS
DOWN	A485_only	medtr.A17.gnm5.ann1_6.MtrunA17Chr1g0194321	MtrunA17Chr1g0194321	MtGA2OX6|MtGA2ox7	GIBBERELLIN 2-OXIDASE 6 |Gibberellin C20-GA2-oxidase 7  (GA inactivation)	medtr.A17.gnm5.MtrunA17Chr1	-	42515035	42518581	-2.70846743501633	0.00717603049614533	DOWN	-0.373906728675828	1	NS
DOWN	A485_only	medtr.A17.gnm5.ann1_6.MtrunA17Chr8g0368591	MtrunA17Chr8g0368591			medtr.A17.gnm5.MtrunA17Chr8	-	32003153	32007212	-2.09009920583045	0.0385164787287324	DOWN	0.37118636581758	1	NS
DOWN	A485_only	medtr.A17.gnm5.ann1_6.MtrunA17Chr5g0426451	MtrunA17Chr5g0426451			medtr.A17.gnm5.MtrunA17Chr5	-	28340025	28340824	-3.34226350916891	0.00535060054496412	DOWN	0.369609644422936	1	NS
DOWN	A485_only	medtr.A17.gnm5.ann1_6.MtrunA17Chr1g0175671	MtrunA17Chr1g0175671			medtr.A17.gnm5.MtrunA17Chr1	-	27130083	27133465	-1.60982985537772	0.0131629181956513	DOWN	-0.363213021945515	1	NS
DOWN	A485_only	medtr.A17.gnm5.ann1_6.MtrunA17Chr3g0124321	MtrunA17Chr3g0124321			medtr.A17.gnm5.MtrunA17Chr3	+	43145213	43149160	-1.40055711805543	0.037089456801315	DOWN	0.362817739177015	1	NS
DOWN	A485_only	medtr.A17.gnm5.ann1_6.MtrunA17Chr1g0199881	MtrunA17Chr1g0199881			medtr.A17.gnm5.MtrunA17Chr1	+	46578833	46579518	-4.57116558401622	0.0116189833098292	DOWN	-0.362709237922165	1	NS
DOWN	A485_only	medtr.A17.gnm5.ann1_6.MtrunA17Chr1g0209741	MtrunA17Chr1g0209741			medtr.A17.gnm5.MtrunA17Chr1	+	53618195	53623657	-2.54413395941691	0.00386425150601791	DOWN	0.360729114329238	1	NS
DOWN	A485_only	medtr.A17.gnm5.ann1_6.MtrunA17Chr7g0258851	MtrunA17Chr7g0258851			medtr.A17.gnm5.MtrunA17Chr7	-	44011472	44015968	-1.70401168276208	0.0246323195880566	DOWN	0.359476824503895	1	NS
DOWN	A485_only	medtr.A17.gnm5.ann1_6.MtrunA17Chr5g0437771	MtrunA17Chr5g0437771			medtr.A17.gnm5.MtrunA17Chr5	+	37245939	37251369	-1.74822068503961	0.0351569562338674	DOWN	-0.358880968213319	1	NS
DOWN	A485_only	medtr.A17.gnm5.ann1_6.MtrunA17Chr2g0296591	MtrunA17Chr2g0296591			medtr.A17.gnm5.MtrunA17Chr2	-	14917744	14922314	-3.26790081561046	0.0130779123865945	DOWN	-0.358727296554483	1	NS
DOWN	A485_only	medtr.A17.gnm5.ann1_6.MtrunA17Chr1g0209521	MtrunA17Chr1g0209521			medtr.A17.gnm5.MtrunA17Chr1	+	53421668	53424879	-2.13191194750773	0.0199360812344303	DOWN	0.358277916825945	1	NS
DOWN	A485_only	medtr.A17.gnm5.ann1_6.MtrunA17Chr1g0153281	MtrunA17Chr1g0153281	MtREM5.1	remorin 5.1	medtr.A17.gnm5.MtrunA17Chr1	-	5835027	5839850	-2.41102925773791	0.000566836786579451	DOWN	-0.357997394028195	1	NS
DOWN	A485_only	medtr.A17.gnm5.ann1_6.MtrunA17Chr8g0388061	MtrunA17Chr8g0388061			medtr.A17.gnm5.MtrunA17Chr8	-	46051956	46053902	-3.13985778473153	0.000566836786579451	DOWN	-0.357734332605984	1	NS
DOWN	A485_only	medtr.A17.gnm5.ann1_6.MtrunA17Chr3g0112291	MtrunA17Chr3g0112291			medtr.A17.gnm5.MtrunA17Chr3	+	34321618	34323524	-3.62340242790497	0.000282002941975876	DOWN	0.356777982089634	1	NS
DOWN	A485_only	medtr.A17.gnm5.ann1_6.MtrunA17Chr7g0225281	MtrunA17Chr7g0225281			medtr.A17.gnm5.MtrunA17Chr7	-	10420248	10421551	-2.91676145493531	0.0238770034091198	DOWN	0.355306463622041	1	NS
DOWN	A485_only	medtr.A17.gnm5.ann1_6.MtrunA17Chr5g0448661	MtrunA17Chr5g0448661			medtr.A17.gnm5.MtrunA17Chr5	-	44647053	44649741	-1.94111691331226	0.0228219817280231	DOWN	0.348679461516525	1	NS
DOWN	A485_only	medtr.A17.gnm5.ann1_6.MtrunA17Chr3g0127861	MtrunA17Chr3g0127861			medtr.A17.gnm5.MtrunA17Chr3	-	45795135	45799586	-1.91942605214777	0.0310310028069418	DOWN	-0.348580509411242	1	NS
DOWN	A485_only	medtr.A17.gnm5.ann1_6.MtrunA17Chr4g0060191	MtrunA17Chr4g0060191			medtr.A17.gnm5.MtrunA17Chr4	-	52686078	52689799	-1.95357374149178	0.0133398017158477	DOWN	0.348460107157258	1	NS
DOWN	A485_only	medtr.A17.gnm5.ann1_6.MtrunA17Chr3g0116001	MtrunA17Chr3g0116001			medtr.A17.gnm5.MtrunA17Chr3	+	37308575	37309945	-3.4040944612984	0.00252159720516267	DOWN	-0.348014506471672	1	NS
DOWN	A485_only	medtr.A17.gnm5.ann1_6.MtrunA17Chr4g0006031	MtrunA17Chr4g0006031	MtLAX4	Like Aux1 (auxin influx transporter)-4 (AY115844)	medtr.A17.gnm5.MtrunA17Chr4	+	4794636	4802348	-1.9549889930235	0.0419569752049457	DOWN	-0.347313904757255	1	NS
DOWN	A485_only	medtr.A17.gnm5.ann1_6.MtrunA17Chr2g0288101	MtrunA17Chr2g0288101			medtr.A17.gnm5.MtrunA17Chr2	+	8000448	8004803	-2.80881510200403	0.00961815894215313	DOWN	0.343906829743701	1	NS
DOWN	A485_only	medtr.A17.gnm5.ann1_6.MtrunA17Chr1g0210321	MtrunA17Chr1g0210321			medtr.A17.gnm5.MtrunA17Chr1	-	54109716	54116425	-2.05298389682117	0.0186186201316424	DOWN	0.342458025750226	1	NS
DOWN	A485_only	medtr.A17.gnm5.ann1_6.MtrunA17Chr5g0413411	MtrunA17Chr5g0413411			medtr.A17.gnm5.MtrunA17Chr5	+	14646156	14651692	-2.42993607777989	0.0240202751830057	DOWN	0.342456413693571	1	NS
DOWN	A485_only	medtr.A17.gnm5.ann1_6.MtrunA17Chr6g0481141	MtrunA17Chr6g0481141			medtr.A17.gnm5.MtrunA17Chr6	+	36122945	36127202	-1.96975664399777	0.0185341024560158	DOWN	-0.342444133533191	1	NS
DOWN	A485_only	medtr.A17.gnm5.ann1_6.MtrunA17Chr6g0457611	MtrunA17Chr6g0457611			medtr.A17.gnm5.MtrunA17Chr6	+	7290139	7293494	-3.39881166356583	0.00615831872125083	DOWN	-0.335809783915106	1	NS
DOWN	A485_only	medtr.A17.gnm5.ann1_6.MtrunA17Chr4g0056371	MtrunA17Chr4g0056371	MtnsLTP80	non-specific Lipid Transfer Protein	medtr.A17.gnm5.MtrunA17Chr4	+	49768877	49770068	-3.84654672586147	1.91519176554572e-05	DOWN	0.33379954548454	1	NS
DOWN	A485_only	medtr.A17.gnm5.ann1_6.MtrunA17Chr5g0404841	MtrunA17Chr5g0404841	MtBGAL18	beta-galactosidase 18	medtr.A17.gnm5.MtrunA17Chr5	-	8157247	8163222	-1.76813998899027	0.00715843284443871	DOWN	0.332767991915005	1	NS
DOWN	A485_only	medtr.A17.gnm5.ann1_6.MtrunA17Chr5g0417761	MtrunA17Chr5g0417761			medtr.A17.gnm5.MtrunA17Chr5	+	18323930	18326304	-3.21656567116421	0.0108824937167699	DOWN	0.332476726850874	1	NS
DOWN	A485_only	medtr.A17.gnm5.ann1_6.MtrunA17Chr8g0388191	MtrunA17Chr8g0388191			medtr.A17.gnm5.MtrunA17Chr8	+	46128338	46128894	-6.34221755690302	0.0205785087855066	DOWN	-0.332164581875098	1	NS
DOWN	A485_only	medtr.A17.gnm5.ann1_6.MtrunA17Chr7g0259341	MtrunA17Chr7g0259341			medtr.A17.gnm5.MtrunA17Chr7	-	44368481	44373561	-2.39784988698248	0.0291898879713647	DOWN	-0.332024323111496	1	NS
DOWN	A485_only	medtr.A17.gnm5.ann1_6.MtrunA17Chr5g0400671	MtrunA17Chr5g0400671			medtr.A17.gnm5.MtrunA17Chr5	+	4951803	4955764	-3.72142361434632	0.00673571649320711	DOWN	-0.330619887594547	1	NS
DOWN	A485_only	medtr.A17.gnm5.ann1_6.MtrunA17Chr3g0108931	MtrunA17Chr3g0108931			medtr.A17.gnm5.MtrunA17Chr3	+	32020950	32021859	-3.19597625097981	0.000637684614600085	DOWN	-0.330185266316367	1	NS
DOWN	A485_only	medtr.A17.gnm5.ann1_6.MtrunA17Chr8g0368601	MtrunA17Chr8g0368601			medtr.A17.gnm5.MtrunA17Chr8	+	32005408	32005672	-2.45782426126752	0.0191172670466284	DOWN	0.330181172701243	1	NS
DOWN	A485_only	medtr.A17.gnm5.ann1_6.MtrunA17Chr3g0114621	MtrunA17Chr3g0114621	MtLYM1	LysM domain-containing GPI-anchored protein 1	medtr.A17.gnm5.MtrunA17Chr3	+	36047026	36050644	-1.7909461981752	0.00279817237790489	DOWN	-0.324775616767684	1	NS
DOWN	A485_only	medtr.A17.gnm5.ann1_6.MtrunA17Chr3g0103681	MtrunA17Chr3g0103681			medtr.A17.gnm5.MtrunA17Chr3	+	28004287	28008716	-2.41169557736209	0.0398167964831455	DOWN	0.324259499041379	1	NS
DOWN	A485_only	medtr.A17.gnm5.ann1_6.MtrunA17Chr1g0196961	MtrunA17Chr1g0196961			medtr.A17.gnm5.MtrunA17Chr1	-	44330510	44334628	-2.03171946291983	0.0151018744964811	DOWN	-0.317540091125686	1	NS
DOWN	A485_only	medtr.A17.gnm5.ann1_6.MtrunA17Chr4g0062911	MtrunA17Chr4g0062911			medtr.A17.gnm5.MtrunA17Chr4	+	54586481	54590550	-2.78077278498251	8.96989205260176e-05	DOWN	-0.317049590300226	1	NS
DOWN	A485_only	medtr.A17.gnm5.ann1_6.MtrunA17Chr8g0346591	MtrunA17Chr8g0346591			medtr.A17.gnm5.MtrunA17Chr8	-	9651996	9653157	-2.0474522394464	0.0207781206369769	DOWN	0.315436263307676	1	NS
DOWN	A485_only	medtr.A17.gnm5.ann1_6.MtrunA17Chr4g0022891	MtrunA17Chr4g0022891	MtMYB016	Myeloblastosis (MYB) transcription factor 16	medtr.A17.gnm5.MtrunA17Chr4	-	23002221	23004699	-6.34004834842867	0.00825561245199842	DOWN	0.313745976268333	1	NS
DOWN	A485_only	medtr.A17.gnm5.ann1_6.MtrunA17Chr8g0349751	MtrunA17Chr8g0349751			medtr.A17.gnm5.MtrunA17Chr8	-	12028350	12031963	-1.73279417414675	0.0382323883193815	DOWN	-0.31133462701298	1	NS
DOWN	A485_only	medtr.A17.gnm5.ann1_6.MtrunA17Chr1g0171771	MtrunA17Chr1g0171771	MtNOOT2	NODULE ROOT 2	medtr.A17.gnm5.MtrunA17Chr1	-	20472615	20476733	-1.81382649874745	0.010990229139478	DOWN	-0.310535418347752	1	NS
DOWN	A485_only	medtr.A17.gnm5.ann1_6.MtrunA17Chr4g0025831	MtrunA17Chr4g0025831			medtr.A17.gnm5.MtrunA17Chr4	-	26755832	26760674	-2.68350753079248	0.00261036711842482	DOWN	0.30959624192369	1	NS
DOWN	A485_only	medtr.A17.gnm5.ann1_6.MtrunA17Chr3g0113091	MtrunA17Chr3g0113091			medtr.A17.gnm5.MtrunA17Chr3	-	34878221	34880568	-7.92302951400002	0.00109236796782711	DOWN	-0.3080494328807	1	NS
DOWN	A485_only	medtr.A17.gnm5.ann1_6.MtrunA17Chr3g0135711	MtrunA17Chr3g0135711			medtr.A17.gnm5.MtrunA17Chr3	+	51559451	51560735	-2.64009722132448	0.00866380624856997	DOWN	0.307253728947942	1	NS
DOWN	A485_only	medtr.A17.gnm5.ann1_6.MtrunA17Chr7g0240771	MtrunA17Chr7g0240771			medtr.A17.gnm5.MtrunA17Chr7	+	30474924	30477662	-2.50748731282178	0.00353264227228468	DOWN	0.307101195955755	1	NS
DOWN	A485_only	medtr.A17.gnm5.ann1_6.MtrunA17Chr6g0451061	MtrunA17Chr6g0451061	MtZIP14	Zinc-Iron Permease 14	medtr.A17.gnm5.MtrunA17Chr6	-	1687429	1689887	-4.03823700309971	0.000452842816725495	DOWN	-0.305574817421283	1	NS
DOWN	A485_only	medtr.A17.gnm5.ann1_6.MtrunA17Chr1g0149271	MtrunA17Chr1g0149271			medtr.A17.gnm5.MtrunA17Chr1	-	2507164	2508438	-3.21848237825884	0.000244508124590379	DOWN	-0.304597767071442	1	NS
DOWN	A485_only	medtr.A17.gnm5.ann1_6.MtrunA17Chr6g0481231	MtrunA17Chr6g0481231			medtr.A17.gnm5.MtrunA17Chr6	+	36160649	36164237	-3.55945987958058	0.000531738461221029	DOWN	-0.304210736714248	1	NS
DOWN	A485_only	medtr.A17.gnm5.ann1_6.MtrunA17Chr4g0071111	MtrunA17Chr4g0071111	MtCKX2	cytokinin oxidase 2	medtr.A17.gnm5.MtrunA17Chr4	+	60586321	60590025	-7.7058237267134	0.00455771482900966	DOWN	0.299609938006367	1	NS
DOWN	A485_only	medtr.A17.gnm5.ann1_6.MtrunA17Chr1g0168941	MtrunA17Chr1g0168941			medtr.A17.gnm5.MtrunA17Chr1	-	17737665	17739730	-2.13976067691284	0.0387009865878397	DOWN	-0.299200418071071	1	NS
DOWN	A485_only	medtr.A17.gnm5.ann1_6.MtrunA17Chr4g0010221	MtrunA17Chr4g0010221			medtr.A17.gnm5.MtrunA17Chr4	+	8017685	8021223	-3.41480660009139	0.000364405238243468	DOWN	-0.297974602256731	1	NS
DOWN	A485_only	medtr.A17.gnm5.ann1_6.MtrunA17Chr1g0186661	MtrunA17Chr1g0186661			medtr.A17.gnm5.MtrunA17Chr1	-	36904399	36906065	-3.1133127102849	0.00115476323437631	DOWN	0.297969285021025	1	NS
DOWN	A485_only	medtr.A17.gnm5.ann1_6.MtrunA17Chr4g0056511	MtrunA17Chr4g0056511			medtr.A17.gnm5.MtrunA17Chr4	+	49961961	49966766	-2.4194319031279	0.00112115493971219	DOWN	0.297501240767095	1	NS
DOWN	A485_only	medtr.A17.gnm5.ann1_6.MtrunA17Chr2g0302951	MtrunA17Chr2g0302951			medtr.A17.gnm5.MtrunA17Chr2	-	20564302	20570818	-1.86023098419521	0.00212884578331167	DOWN	0.296858952393279	1	NS
DOWN	A485_only	medtr.A17.gnm5.ann1_6.MtrunA17Chr1g0148271	MtrunA17Chr1g0148271			medtr.A17.gnm5.MtrunA17Chr1	+	1725440	1731461	-1.92397199728641	0.00573369316166063	DOWN	0.296296355970954	1	NS
DOWN	A485_only	medtr.A17.gnm5.ann1_6.MtrunA17Chr4g0044711	MtrunA17Chr4g0044711			medtr.A17.gnm5.MtrunA17Chr4	-	41535664	41537467	-2.40677151574758	0.0401589173818641	DOWN	0.295729827106058	1	NS
DOWN	A485_only	medtr.A17.gnm5.ann1_6.MtrunA17Chr3g0094521	MtrunA17Chr3g0094521			medtr.A17.gnm5.MtrunA17Chr3	+	17393314	17394598	-5.89492231108225	0.0453245182244561	DOWN	-0.293328402808329	1	NS
DOWN	A485_only	medtr.A17.gnm5.ann1_6.MtrunA17Chr4g0032781	MtrunA17Chr4g0032781			medtr.A17.gnm5.MtrunA17Chr4	+	32824817	32830672	-1.87033204888546	0.0146194334474082	DOWN	0.291076874051536	1	NS
DOWN	A485_only	medtr.A17.gnm5.ann1_6.MtrunA17Chr3g0133951	MtrunA17Chr3g0133951			medtr.A17.gnm5.MtrunA17Chr3	-	50291164	50295801	-2.23354058102486	0.00535060054496412	DOWN	-0.290713733702667	1	NS
DOWN	A485_only	medtr.A17.gnm5.ann1_6.MtrunA17Chr2g0329201	MtrunA17Chr2g0329201			medtr.A17.gnm5.MtrunA17Chr2	-	48272153	48277827	-1.82471269394318	0.00537971210184771	DOWN	-0.289882005339213	1	NS
DOWN	A485_only	medtr.A17.gnm5.ann1_6.MtrunA17Chr5g0401301	MtrunA17Chr5g0401301	MtBG6	beta-1,3-Glucanase 6	medtr.A17.gnm5.MtrunA17Chr5	+	5514373	5516532	-3.12716306609497	8.10184206845151e-05	DOWN	-0.289054059936509	1	NS
DOWN	A485_only	medtr.A17.gnm5.ann1_6.MtrunA17Chr4g0063251	MtrunA17Chr4g0063251			medtr.A17.gnm5.MtrunA17Chr4	+	54899901	54902060	-3.27779471195276	0.00443462244870175	DOWN	-0.2882310144964	1	NS
DOWN	A485_only	medtr.A17.gnm5.ann1_6.MtrunA17Chr6g0480381	MtrunA17Chr6g0480381			medtr.A17.gnm5.MtrunA17Chr6	-	35180860	35182642	-2.54555375369195	0.0167638860534313	DOWN	-0.286275920680729	1	NS
DOWN	A485_only	medtr.A17.gnm5.ann1_6.MtrunA17Chr7g0259871	MtrunA17Chr7g0259871			medtr.A17.gnm5.MtrunA17Chr7	-	44791779	44793823	-3.93959910511151	0.00151945217408829	DOWN	-0.285539427163683	1	NS
DOWN	A485_only	medtr.A17.gnm5.ann1_6.MtrunA17Chr2g0333351	MtrunA17Chr2g0333351			medtr.A17.gnm5.MtrunA17Chr2	+	51167587	51168947	-3.15689346406221	0.0351569562338674	DOWN	-0.283942031897521	1	NS
DOWN	A485_only	medtr.A17.gnm5.ann1_6.MtrunA17Chr2g0310081	MtrunA17Chr2g0310081			medtr.A17.gnm5.MtrunA17Chr2	-	32970636	32973847	-3.52595619297822	0.00174834631764009	DOWN	0.282026240266894	1	NS
DOWN	A485_only	medtr.A17.gnm5.ann1_6.MtrunA17Chr1g0160761	MtrunA17Chr1g0160761			medtr.A17.gnm5.MtrunA17Chr1	-	11130484	11133250	-2.15097279470718	0.0335387921187759	DOWN	0.281551271179872	1	NS
DOWN	A485_only	medtr.A17.gnm5.ann1_6.MtrunA17Chr6g0477751	MtrunA17Chr6g0477751	MtKunitz46	Kunitz-P Trypsin Inhibitor	medtr.A17.gnm5.MtrunA17Chr6	+	32521871	32522831	-3.10751218417647	0.00193060641641921	DOWN	-0.2755745940146	1	NS
DOWN	A485_only	medtr.A17.gnm5.ann1_6.MtrunA17Chr2g0317881	MtrunA17Chr2g0317881			medtr.A17.gnm5.MtrunA17Chr2	-	39678051	39679693	-3.71184764090702	0.0348564336709643	DOWN	-0.274584249236126	1	NS
DOWN	A485_only	medtr.A17.gnm5.ann1_6.MtrunA17Chr4g0056391	MtrunA17Chr4g0056391	MtnsLTP82	non-specific Lipid Transfer Protein	medtr.A17.gnm5.MtrunA17Chr4	-	49781170	49782655	-2.95876615781655	0.00137350128977201	DOWN	0.272125424021653	1	NS
DOWN	A485_only	medtr.A17.gnm5.ann1_6.MtrunA17Chr6g0469551	MtrunA17Chr6g0469551			medtr.A17.gnm5.MtrunA17Chr6	-	19299924	19302178	-2.23981740287004	0.0489160137345222	DOWN	-0.270090085277978	1	NS
DOWN	A485_only	medtr.A17.gnm5.ann1_6.MtrunA17Chr8g0340741	MtrunA17Chr8g0340741			medtr.A17.gnm5.MtrunA17Chr8	-	4470924	4475496	-2.38782549845678	0.00014046671651889	DOWN	0.269809957738016	1	NS
DOWN	A485_only	medtr.A17.gnm5.ann1_6.MtrunA17Chr2g0285111	MtrunA17Chr2g0285111			medtr.A17.gnm5.MtrunA17Chr2	+	5723837	5731044	-2.78827956788576	0.00262661000494346	DOWN	-0.269657369065738	1	NS
DOWN	A485_only	medtr.A17.gnm5.ann1_6.MtrunA17Chr1g0185551	MtrunA17Chr1g0185551			medtr.A17.gnm5.MtrunA17Chr1	+	35949975	35951879	-3.63157594068946	0.00150207965185657	DOWN	0.267881497316738	1	NS
DOWN	A485_only	medtr.A17.gnm5.ann1_6.MtrunA17Chr8g0348131	MtrunA17Chr8g0348131			medtr.A17.gnm5.MtrunA17Chr8	-	10846374	10849035	-1.77107557149142	0.00894471133325443	DOWN	0.267546574407754	1	NS
DOWN	A485_only	medtr.A17.gnm5.ann1_6.MtrunA17Chr2g0292641	MtrunA17Chr2g0292641			medtr.A17.gnm5.MtrunA17Chr2	+	11563289	11564954	-2.00957769021581	0.0357853607239329	DOWN	-0.267283159539411	1	NS
DOWN	A485_only	medtr.A17.gnm5.ann1_6.MtrunA17Chr4g0052981	MtrunA17Chr4g0052981			medtr.A17.gnm5.MtrunA17Chr4	+	46946984	46948332	-6.14288353249213	0.0173809197617195	DOWN	-0.26652274218563	1	NS
DOWN	A485_only	medtr.A17.gnm5.ann1_6.MtrunA17Chr4g0071871	MtrunA17Chr4g0071871			medtr.A17.gnm5.MtrunA17Chr4	+	61068183	61073730	-2.06329466916326	0.00129714367487482	DOWN	0.26035611213041	1	NS
DOWN	A485_only	medtr.A17.gnm5.ann1_6.MtrunA17Chr4g0067341	MtrunA17Chr4g0067341			medtr.A17.gnm5.MtrunA17Chr4	+	57813698	57815975	-2.22994189805603	0.0291751069631856	DOWN	-0.260016701675186	1	NS
DOWN	A485_only	medtr.A17.gnm5.ann1_6.MtrunA17Chr2g0288011	MtrunA17Chr2g0288011			medtr.A17.gnm5.MtrunA17Chr2	+	7950274	7952522	-4.55359374379374	0.00109525592731183	DOWN	0.260010190787845	1	NS
DOWN	A485_only	medtr.A17.gnm5.ann1_6.MtrunA17Chr4g0054521	MtrunA17Chr4g0054521			medtr.A17.gnm5.MtrunA17Chr4	-	48312575	48316819	-1.46343752064128	0.044927770570468	DOWN	0.25967362087267	1	NS
DOWN	A485_only	medtr.A17.gnm5.ann1_6.MtrunA17Chr8g0387221	MtrunA17Chr8g0387221			medtr.A17.gnm5.MtrunA17Chr8	+	45335051	45336307	-1.768160227459	0.0114241949094202	DOWN	-0.257753611417856	1	NS
DOWN	A485_only	medtr.A17.gnm5.ann1_6.MtrunA17Chr8g0340461	MtrunA17Chr8g0340461			medtr.A17.gnm5.MtrunA17Chr8	-	4255136	4255991	-2.80279530137505	0.0467223081123476	DOWN	-0.25766095416022	1	NS
DOWN	A485_only	medtr.A17.gnm5.ann1_6.MtrunA17Chr3g0142921	MtrunA17Chr3g0142921			medtr.A17.gnm5.MtrunA17Chr3	+	56694830	56700751	-2.87644933782621	0.0143056965620214	DOWN	0.257189673972098	1	NS
DOWN	A485_only	medtr.A17.gnm5.ann1_6.MtrunA17Chr2g0286491	MtrunA17Chr2g0286491			medtr.A17.gnm5.MtrunA17Chr2	-	6848150	6849036	-2.13961139549904	0.0425054429805935	DOWN	-0.255097279408169	1	NS
DOWN	A485_only	medtr.A17.gnm5.ann1_6.MtrunA17Chr8g0390681	MtrunA17Chr8g0390681			medtr.A17.gnm5.MtrunA17Chr8	+	47779046	47781907	-4.92133437178445	7.93048504070137e-06	DOWN	0.254977443113604	1	NS
DOWN	A485_only	medtr.A17.gnm5.ann1_6.MtrunA17Chr7g0224011	MtrunA17Chr7g0224011			medtr.A17.gnm5.MtrunA17Chr7	-	9214443	9219855	-2.54844477477481	0.00170075262706663	DOWN	-0.254913931303358	1	NS
DOWN	A485_only	medtr.A17.gnm5.ann1_6.MtrunA17Chr4g0053221	MtrunA17Chr4g0053221			medtr.A17.gnm5.MtrunA17Chr4	-	47157734	47161749	-2.75437423115593	0.00013302652990158	DOWN	-0.254582292833407	1	NS
DOWN	A485_only	medtr.A17.gnm5.ann1_6.MtrunA17Chr2g0278721	MtrunA17Chr2g0278721			medtr.A17.gnm5.MtrunA17Chr2	+	1363346	1367995	-1.81326255264735	0.0349357074161286	DOWN	0.253866814291531	1	NS
DOWN	A485_only	medtr.A17.gnm5.ann1_6.MtrunA17Chr2g0322861	MtrunA17Chr2g0322861	MtPrx05	MtRip5|peroxidase	medtr.A17.gnm5.MtrunA17Chr2	+	43537923	43540065	-1.75810307680713	0.036722363956473	DOWN	0.252561205433127	1	NS
DOWN	A485_only	medtr.A17.gnm5.ann1_6.MtrunA17Chr2g0329401	MtrunA17Chr2g0329401	MtACR4-2	CRINKLY4 -2 (Serine/threonine protein kinase-like)	medtr.A17.gnm5.MtrunA17Chr2	+	48462378	48465497	-4.28001225327396	0.00895778543732916	DOWN	0.252183931344239	1	NS
DOWN	A485_only	medtr.A17.gnm5.ann1_6.MtrunA17Chr3g0091781	MtrunA17Chr3g0091781			medtr.A17.gnm5.MtrunA17Chr3	+	13062289	13066412	-2.7770623976226	0.0109911284945649	DOWN	-0.251138635507191	1	NS
DOWN	A485_only	medtr.A17.gnm5.ann1_6.MtrunA17Chr4g0055301	MtrunA17Chr4g0055301			medtr.A17.gnm5.MtrunA17Chr4	-	48978085	48982845	-2.02616582078189	0.00834018127505148	DOWN	0.250910944558412	1	NS
DOWN	A485_only	medtr.A17.gnm5.ann1_6.MtrunA17Chr4g0046471	MtrunA17Chr4g0046471	MtNCR-new42	Nodule-specific Cysteine-Rich peptide	medtr.A17.gnm5.MtrunA17Chr4	-	42817266	42817978	-3.00370511968377	0.00107721610983877	DOWN	0.250480742913343	1	NS
DOWN	A485_only	medtr.A17.gnm5.ann1_6.MtrunA17Chr4g0065401	MtrunA17Chr4g0065401	MCM2-like2	DNA replication licensing factor	medtr.A17.gnm5.MtrunA17Chr4	+	56529713	56535978	-2.15927769015298	0.00803129333620158	DOWN	0.246773385717388	1	NS
DOWN	A485_only	medtr.A17.gnm5.ann1_6.MtrunA17Chr4g0044901	MtrunA17Chr4g0044901			medtr.A17.gnm5.MtrunA17Chr4	+	41694463	41696129	-5.56973428538629	0.000219279877458428	DOWN	-0.246430132596476	1	NS
DOWN	A485_only	medtr.A17.gnm5.ann1_6.MtrunA17Chr5g0396181	MtrunA17Chr5g0396181			medtr.A17.gnm5.MtrunA17Chr5	-	1828249	1828977	-4.6588577191175	0.00318379733073628	DOWN	0.245904000292257	1	NS
DOWN	A485_only	medtr.A17.gnm5.ann1_6.MtrunA17Chr4g0063551	MtrunA17Chr4g0063551			medtr.A17.gnm5.MtrunA17Chr4	+	55091536	55095440	-4.52432122076892	1.91519176554572e-05	DOWN	0.245323516456389	1	NS
DOWN	A485_only	medtr.A17.gnm5.ann1_6.MtrunA17Chr2g0298531	MtrunA17Chr2g0298531			medtr.A17.gnm5.MtrunA17Chr2	+	16464653	16473205	-2.22555323377194	0.0122010556735931	DOWN	0.245257475565444	1	NS
DOWN	A485_only	medtr.A17.gnm5.ann1_6.MtrunA17Chr5g0436341	MtrunA17Chr5g0436341			medtr.A17.gnm5.MtrunA17Chr5	+	36214069	36218628	-2.44228849640655	0.0166896658740036	DOWN	0.244257667603116	1	NS
DOWN	A485_only	medtr.A17.gnm5.ann1_6.MtrunA17Chr3g0109831	MtrunA17Chr3g0109831			medtr.A17.gnm5.MtrunA17Chr3	+	32618336	32623400	-2.38492586528037	0.000448819417523109	DOWN	-0.244180005771743	1	NS
DOWN	A485_only	medtr.A17.gnm5.ann1_6.MtrunA17Chr2g0298291	MtrunA17Chr2g0298291			medtr.A17.gnm5.MtrunA17Chr2	-	16249072	16255874	-2.59999083450554	0.00115053211676043	DOWN	0.24261393708449	1	NS
DOWN	A485_only	medtr.A17.gnm5.ann1_6.MtrunA17Chr2g0332541	MtrunA17Chr2g0332541			medtr.A17.gnm5.MtrunA17Chr2	+	50667213	50670280	-2.11194883399783	0.0270833087064601	DOWN	0.241628289488978	1	NS
DOWN	A485_only	medtr.A17.gnm5.ann1_6.MtrunA17Chr6g0480131	MtrunA17Chr6g0480131			medtr.A17.gnm5.MtrunA17Chr6	-	34917925	34922107	-2.81008744401825	0.00618493924514347	DOWN	0.240429255456686	1	NS
DOWN	A485_only	medtr.A17.gnm5.ann1_6.MtrunA17Chr1g0188981	MtrunA17Chr1g0188981	MtENODL2|MtPCY76	ENOD-like 2|Plantacyanin/Chemocyanin	medtr.A17.gnm5.MtrunA17Chr1	-	38629263	38630547	-2.7093575387728	0.0447729581815539	DOWN	0.239989921555052	1	NS
DOWN	A485_only	medtr.A17.gnm5.ann1_6.MtrunA17Chr5g0418311	MtrunA17Chr5g0418311			medtr.A17.gnm5.MtrunA17Chr5	-	18900005	18902819	-2.41661178222123	0.000951790214713554	DOWN	-0.23869825367076	1	NS
DOWN	A485_only	medtr.A17.gnm5.ann1_6.MtrunA17Chr5g0434591	MtrunA17Chr5g0434591	MtBG4	beta-1,3-Glucanase 4	medtr.A17.gnm5.MtrunA17Chr5	+	34714876	34718589	-2.79181453095795	0.00284301167175433	DOWN	0.237148585661005	1	NS
DOWN	A485_only	medtr.A17.gnm5.ann1_6.MtrunA17Chr5g0398841	MtrunA17Chr5g0398841	MtnsLTP63	non-specific Lipid Transfer Protein	medtr.A17.gnm5.MtrunA17Chr5	-	3551756	3554428	-1.73730784005998	0.0452735740758161	DOWN	-0.235137686422676	1	NS
DOWN	A485_only	medtr.A17.gnm5.ann1_6.MtrunA17Chr1g0169891	MtrunA17Chr1g0169891			medtr.A17.gnm5.MtrunA17Chr1	+	18547484	18565709	-2.25805132496032	0.0360041079036794	DOWN	-0.234890622273354	1	NS
DOWN	A485_only	medtr.A17.gnm5.ann1_6.MtrunA17Chr6g0482381	MtrunA17Chr6g0482381			medtr.A17.gnm5.MtrunA17Chr6	-	37066976	37068809	-3.03086141619518	0.0311093941594844	DOWN	-0.233140437149892	1	NS
DOWN	A485_only	medtr.A17.gnm5.ann1_6.MtrunA17Chr3g0134221	MtrunA17Chr3g0134221			medtr.A17.gnm5.MtrunA17Chr3	-	50543076	50547093	-2.9874007862825	0.00886235524083581	DOWN	-0.2327758478007	1	NS
DOWN	A485_only	medtr.A17.gnm5.ann1_6.MtrunA17Chr3g0095801	MtrunA17Chr3g0095801			medtr.A17.gnm5.MtrunA17Chr3	+	19303546	19305438	-3.46464424634522	2.28350336008198e-05	DOWN	-0.231960941561953	1	NS
DOWN	A485_only	medtr.A17.gnm5.ann1_6.MtrunA17Chr7g0265071	MtrunA17Chr7g0265071			medtr.A17.gnm5.MtrunA17Chr7	+	48466373	48472923	-2.86390409327947	0.0362848030958696	DOWN	-0.230871098199307	1	NS
DOWN	A485_only	medtr.A17.gnm5.ann1_6.MtrunA17Chr5g0437261	MtrunA17Chr5g0437261			medtr.A17.gnm5.MtrunA17Chr5	+	36847446	36848211	-2.9842408838621	0.0268826394173227	DOWN	0.230539106982847	1	NS
DOWN	A485_only	medtr.A17.gnm5.ann1_6.MtrunA17Chr5g0401591	MtrunA17Chr5g0401591			medtr.A17.gnm5.MtrunA17Chr5	+	5795140	5797137	-2.49065094385785	0.000156850257607326	DOWN	0.226598821516731	1	NS
DOWN	A485_only	medtr.A17.gnm5.ann1_6.MtrunA17Chr2g0288391	MtrunA17Chr2g0288391			medtr.A17.gnm5.MtrunA17Chr2	+	8166774	8169562	-3.21032584270193	0.039967741112225	DOWN	-0.226308079883247	1	NS
DOWN	A485_only	medtr.A17.gnm5.ann1_6.MtrunA17Chr5g0448731	MtrunA17Chr5g0448731			medtr.A17.gnm5.MtrunA17Chr5	-	44708030	44709110	-2.84721400696753	0.0076759390624961	DOWN	0.226280598551799	1	NS
DOWN	A485_only	medtr.A17.gnm5.ann1_6.MtrunA17Chr4g0035581	MtrunA17Chr4g0035581	MCM2-like4	DNA replication licensing factor	medtr.A17.gnm5.MtrunA17Chr4	-	34915785	34921410	-1.94733184468367	0.0369148506508186	DOWN	0.222906492970836	1	NS
DOWN	A485_only	medtr.A17.gnm5.ann1_6.MtrunA17Chr1g0208501	MtrunA17Chr1g0208501			medtr.A17.gnm5.MtrunA17Chr1	+	52696614	52702144	-1.63863900040542	0.0353898615433493	DOWN	-0.221882814993882	1	NS
DOWN	A485_only	medtr.A17.gnm5.ann1_6.MtrunA17Chr4g0001991	MtrunA17Chr4g0001991			medtr.A17.gnm5.MtrunA17Chr4	+	1430808	1433331	-2.20617812788756	0.00966322293894888	DOWN	-0.220340159247792	1	NS
DOWN	A485_only	medtr.A17.gnm5.ann1_6.MtrunA17Chr3g0137351	MtrunA17Chr3g0137351			medtr.A17.gnm5.MtrunA17Chr3	+	52677072	52681410	-4.11033280460323	0.000300929231480832	DOWN	0.218361455105171	1	NS
DOWN	A485_only	medtr.A17.gnm5.ann1_6.MtrunA17Chr4g0065721	MtrunA17Chr4g0065721			medtr.A17.gnm5.MtrunA17Chr4	-	56755784	56766912	-1.57675335146734	0.0292313738839759	DOWN	0.209617232553412	1	NS
DOWN	A485_only	medtr.A17.gnm5.ann1_6.MtrunA17Chr8g0374741	MtrunA17Chr8g0374741			medtr.A17.gnm5.MtrunA17Chr8	-	36641666	36647736	-3.06111500952943	0.000926024792450561	DOWN	-0.205998609449927	1	NS
DOWN	A485_only	medtr.A17.gnm5.ann1_6.MtrunA17Chr8g0388051	MtrunA17Chr8g0388051			medtr.A17.gnm5.MtrunA17Chr8	+	46048018	46054188	-3.12610569324509	0.000411066242922126	DOWN	-0.205289288556142	1	NS
DOWN	A485_only	medtr.A17.gnm5.ann1_6.MtrunA17Chr3g0099201	MtrunA17Chr3g0099201			medtr.A17.gnm5.MtrunA17Chr3	-	24023093	24025124	-7.07492824576528	0.0314580365583876	DOWN	0.204225569401543	1	NS
DOWN	A485_only	medtr.A17.gnm5.ann1_6.MtrunA17Chr3g0134761	MtrunA17Chr3g0134761			medtr.A17.gnm5.MtrunA17Chr3	+	50924415	50929211	-3.91726400497112	0.00292049214350474	DOWN	-0.202963401498446	1	NS
DOWN	A485_only	medtr.A17.gnm5.ann1_6.MtrunA17Chr2g0332221	MtrunA17Chr2g0332221	MtABCG11	ATP-binding cassette (ABC) transporter type G (XM_003597770)	medtr.A17.gnm5.MtrunA17Chr2	-	50334622	50341497	-3.7846595683885	0.0055664307924401	DOWN	0.201854909877407	1	NS
DOWN	A485_only	medtr.A17.gnm5.ann1_6.MtrunA17Chr4g0058381	MtrunA17Chr4g0058381			medtr.A17.gnm5.MtrunA17Chr4	-	51371973	51374234	-2.5247171639334	0.0488343986829136	DOWN	-0.201726255167555	1	NS
DOWN	A485_only	medtr.A17.gnm5.ann1_6.MtrunA17Chr4g0072021	MtrunA17Chr4g0072021			medtr.A17.gnm5.MtrunA17Chr4	-	61170991	61174095	-2.91804854813796	0.02213359967031	DOWN	0.201354908188377	1	NS
DOWN	A485_only	medtr.A17.gnm5.ann1_6.MtrunA17Chr4g0037221	MtrunA17Chr4g0037221			medtr.A17.gnm5.MtrunA17Chr4	-	35847011	35849829	-1.8206732819782	0.0211083853629884	DOWN	0.199773333633127	1	NS
DOWN	A485_only	medtr.A17.gnm5.ann1_6.MtrunA17Chr4g0025701	MtrunA17Chr4g0025701			medtr.A17.gnm5.MtrunA17Chr4	-	26625350	26627954	-2.71164820220217	0.00583194708846165	DOWN	-0.199740415203807	1	NS
DOWN	A485_only	medtr.A17.gnm5.ann1_6.MtrunA17Chr1g0161131	MtrunA17Chr1g0161131			medtr.A17.gnm5.MtrunA17Chr1	+	11421245	11423100	-3.37542006906653	0.00500987761079351	DOWN	-0.197782144139736	1	NS
DOWN	A485_only	medtr.A17.gnm5.ann1_6.MtrunA17Chr7g0252551	MtrunA17Chr7g0252551			medtr.A17.gnm5.MtrunA17Chr7	-	39436363	39437531	-2.98964477067085	0.0291751069631856	DOWN	-0.196040195192883	1	NS
DOWN	A485_only	medtr.A17.gnm5.ann1_6.MtrunA17Chr6g0481241	MtrunA17Chr6g0481241			medtr.A17.gnm5.MtrunA17Chr6	+	36164239	36170070	-4.30582756292306	0.000268783210574839	DOWN	-0.195398993936876	1	NS
DOWN	A485_only	medtr.A17.gnm5.ann1_6.MtrunA17Chr2g0279411	MtrunA17Chr2g0279411			medtr.A17.gnm5.MtrunA17Chr2	+	1863201	1863913	-2.36748935640646	0.0270533334227876	DOWN	0.191682185737408	1	NS
DOWN	A485_only	medtr.A17.gnm5.ann1_6.MtrunA17Chr6g0479641	MtrunA17Chr6g0479641			medtr.A17.gnm5.MtrunA17Chr6	+	34298377	34304424	-2.49752866918982	0.0328456449090847	DOWN	-0.191231044362941	1	NS
DOWN	A485_only	medtr.A17.gnm5.ann1_6.MtrunA17Chr7g0276031	MtrunA17Chr7g0276031			medtr.A17.gnm5.MtrunA17Chr7	-	55773594	55775492	-2.08671260019287	0.024447345711595	DOWN	-0.191179652900599	1	NS
DOWN	A485_only	medtr.A17.gnm5.ann1_6.MtrunA17Chr4g0018171	MtrunA17Chr4g0018171			medtr.A17.gnm5.MtrunA17Chr4	+	13374358	13375821	-2.18450654533684	0.0242946936958752	DOWN	0.18876352755469	1	NS
DOWN	A485_only	medtr.A17.gnm5.ann1_6.MtrunA17Chr5g0419521	MtrunA17Chr5g0419521			medtr.A17.gnm5.MtrunA17Chr5	+	19838482	19843672	-2.36642361367915	0.000470240578665118	DOWN	-0.188387389698628	1	NS
DOWN	A485_only	medtr.A17.gnm5.ann1_6.MtrunA17Chr5g0431071	MtrunA17Chr5g0431071			medtr.A17.gnm5.MtrunA17Chr5	-	32070653	32072272	-2.16424487430152	0.00843477563366886	DOWN	-0.186231980062928	1	NS
DOWN	A485_only	medtr.A17.gnm5.ann1_6.MtrunA17Chr5g0436351	MtrunA17Chr5g0436351			medtr.A17.gnm5.MtrunA17Chr5	-	36216660	36218193	-2.39492760632494	0.014279282449324	DOWN	0.184523092735404	1	NS
DOWN	A485_only	medtr.A17.gnm5.ann1_6.MtrunA17Chr2g0282601	MtrunA17Chr2g0282601			medtr.A17.gnm5.MtrunA17Chr2	+	4044509	4050933	-1.63657425242727	0.0424224920533678	DOWN	0.182620924570043	1	NS
DOWN	A485_only	medtr.A17.gnm5.ann1_6.MtrunA17Chr4g0068511	MtrunA17Chr4g0068511	MCM2-like1	minichromosome maintenance (MCM2/3/5) family protein	medtr.A17.gnm5.MtrunA17Chr4	-	58610067	58615919	-3.19381279304542	0.00015368946210041	DOWN	0.179040149992173	1	NS
DOWN	A485_only	medtr.A17.gnm5.ann1_6.MtrunA17Chr2g0328971	MtrunA17Chr2g0328971	MtPLT1	plethora 1 (in situ hybridization in PMID:24483147)	medtr.A17.gnm5.MtrunA17Chr2	-	48070552	48074221	-3.41973159226892	0.0256791466468625	DOWN	-0.178937060355945	1	NS
DOWN	A485_only	medtr.A17.gnm5.ann1_6.MtrunA17Chr2g0330471	MtrunA17Chr2g0330471			medtr.A17.gnm5.MtrunA17Chr2	-	49185596	49190642	-3.24633908124121	0.00289785208879452	DOWN	-0.178671904463797	1	NS
DOWN	A485_only	medtr.A17.gnm5.ann1_6.MtrunA17Chr1g0176751	MtrunA17Chr1g0176751	MtCDPK9	calcium-dependent protein kinase9	medtr.A17.gnm5.MtrunA17Chr1	-	28267644	28272070	-3.10242216435716	0.0051652167775076	DOWN	-0.174416729974022	1	NS
DOWN	A485_only	medtr.A17.gnm5.ann1_6.MtrunA17Chr8g0340431	MtrunA17Chr8g0340431			medtr.A17.gnm5.MtrunA17Chr8	+	4244732	4245716	-3.3691749949379	0.0249024979165988	DOWN	0.173593445753395	1	NS
DOWN	A485_only	medtr.A17.gnm5.ann1_6.MtrunA17Chr8g0336921	MtrunA17Chr8g0336921			medtr.A17.gnm5.MtrunA17Chr8	-	1956658	1958091	-7.28272627421201	0.00348653132317739	DOWN	0.172961372665367	1	NS
DOWN	A485_only	medtr.A17.gnm5.ann1_6.MtrunA17Chr7g0244931	MtrunA17Chr7g0244931			medtr.A17.gnm5.MtrunA17Chr7	-	34061227	34065463	-3.63549987504108	8.29119398579954e-05	DOWN	-0.172794724252789	1	NS
DOWN	A485_only	medtr.A17.gnm5.ann1_6.MtrunA17Chr2g0315211	MtrunA17Chr2g0315211			medtr.A17.gnm5.MtrunA17Chr2	-	37552634	37557950	-1.84757878882125	0.00517778185062404	DOWN	-0.171295702983017	1	NS
DOWN	A485_only	medtr.A17.gnm5.ann1_6.MtrunA17Chr7g0265611	MtrunA17Chr7g0265611	MtCYP76A39	Cytochrome P450 monooxygenase	medtr.A17.gnm5.MtrunA17Chr7	+	48805048	48808031	-3.0217378523168	0.0382772291950543	DOWN	0.170472667436524	1	NS
DOWN	A485_only	medtr.A17.gnm5.ann1_6.MtrunA17Chr6g0481271	MtrunA17Chr6g0481271			medtr.A17.gnm5.MtrunA17Chr6	+	36175447	36177469	-3.2003372117553	0.00570161675477536	DOWN	0.170227876235962	1	NS
DOWN	A485_only	medtr.A17.gnm5.ann1_6.MtrunA17Chr2g0284371	MtrunA17Chr2g0284371			medtr.A17.gnm5.MtrunA17Chr2	-	5234805	5235530	-2.40986197478688	0.0348932365657364	DOWN	0.169917717800615	1	NS
DOWN	A485_only	medtr.A17.gnm5.ann1_6.MtrunA17Chr6g0482401	MtrunA17Chr6g0482401			medtr.A17.gnm5.MtrunA17Chr6	-	37080514	37080723	-3.32276668079082	0.0249729402725123	DOWN	-0.167093414210807	1	NS
DOWN	A485_only	medtr.A17.gnm5.ann1_6.MtrunA17Chr4g0042361	MtrunA17Chr4g0042361			medtr.A17.gnm5.MtrunA17Chr4	+	39662087	39667022	-2.88483493072548	0.0177310268587841	DOWN	-0.166227556500401	1	NS
DOWN	A485_only	medtr.A17.gnm5.ann1_6.MtrunA17Chr1g0204331	MtrunA17Chr1g0204331			medtr.A17.gnm5.MtrunA17Chr1	+	49867495	49870055	-3.23645576511554	0.00200425008351901	DOWN	-0.164930790952517	1	NS
DOWN	A485_only	medtr.A17.gnm5.ann1_6.MtrunA17Chr4g0022901	MtrunA17Chr4g0022901	MtMYB013	Myeloblastosis (MYB) transcription factor 13	medtr.A17.gnm5.MtrunA17Chr4	-	23089069	23090407	-4.41355930672075	0.00330366365421414	DOWN	-0.16378000475119	1	NS
DOWN	A485_only	medtr.A17.gnm5.ann1_6.MtrunA17Chr1g0167961	MtrunA17Chr1g0167961			medtr.A17.gnm5.MtrunA17Chr1	-	16847023	16851097	-1.65547444880672	0.0490979006469817	DOWN	-0.162452048817373	1	NS
DOWN	A485_only	medtr.A17.gnm5.ann1_6.MtrunA17Chr7g0225141	MtrunA17Chr7g0225141			medtr.A17.gnm5.MtrunA17Chr7	-	10327396	10329311	-1.70161162860268	0.0304625182659556	DOWN	0.161155213617604	1	NS
DOWN	A485_only	medtr.A17.gnm5.ann1_6.MtrunA17Chr4g0050141	MtrunA17Chr4g0050141			medtr.A17.gnm5.MtrunA17Chr4	-	45177316	45178946	-2.78951032245503	0.0408346796092525	DOWN	-0.159969257259755	1	NS
DOWN	A485_only	medtr.A17.gnm5.ann1_6.MtrunA17Chr4g0021641	MtrunA17Chr4g0021641			medtr.A17.gnm5.MtrunA17Chr4	-	20181992	20187004	-2.28310153563827	0.0363479942642547	DOWN	-0.15838181372404	1	NS
DOWN	A485_only	medtr.A17.gnm5.ann1_6.MtrunA17Chr1g0162561	MtrunA17Chr1g0162561			medtr.A17.gnm5.MtrunA17Chr1	-	12422584	12427974	-3.90539083471763	3.66013356783798e-05	DOWN	0.155346098409363	1	NS
DOWN	A485_only	medtr.A17.gnm5.ann1_6.MtrunA17Chr2g0328451	MtrunA17Chr2g0328451			medtr.A17.gnm5.MtrunA17Chr2	-	47747336	47750194	-3.62618093088474	0.0346574203207273	DOWN	0.154732857816983	1	NS
DOWN	A485_only	medtr.A17.gnm5.ann1_6.MtrunA17Chr5g0435131	MtrunA17Chr5g0435131			medtr.A17.gnm5.MtrunA17Chr5	-	35282055	35282742	-2.53310214566962	0.0488139406794281	DOWN	0.153774032613736	1	NS
DOWN	A485_only	medtr.A17.gnm5.ann1_6.MtrunA17Chr1g0187601	MtrunA17Chr1g0187601			medtr.A17.gnm5.MtrunA17Chr1	-	37570298	37577110	-1.92030330491116	0.039050130660346	DOWN	-0.146690768743582	1	NS
DOWN	A485_only	medtr.A17.gnm5.ann1_6.MtrunA17Chr8g0384431	MtrunA17Chr8g0384431			medtr.A17.gnm5.MtrunA17Chr8	+	43418011	43422969	-1.8888555582743	0.0107320496202639	DOWN	0.146421120058249	1	NS
DOWN	A485_only	medtr.A17.gnm5.ann1_6.MtrunA17Chr3g0102421	MtrunA17Chr3g0102421			medtr.A17.gnm5.MtrunA17Chr3	+	26947864	26949488	-2.98078001147894	0.00010426574393164	DOWN	-0.14625783151121	1	NS
DOWN	A485_only	medtr.A17.gnm5.ann1_6.MtrunA17Chr8g0382191	MtrunA17Chr8g0382191	MtCAMTA7	Calmodulin-binding transcription activator 7	medtr.A17.gnm5.MtrunA17Chr8	-	41938832	41947144	-2.57104651099693	0.00251510461929288	DOWN	0.141698389456484	1	NS
DOWN	A485_only	medtr.A17.gnm5.ann1_6.MtrunA17Chr4g0000581	MtrunA17Chr4g0000581			medtr.A17.gnm5.MtrunA17Chr4	+	496225	500282	-2.21146870901973	0.02319109041522	DOWN	0.141294395587281	1	NS
DOWN	A485_only	medtr.A17.gnm5.ann1_6.MtrunA17Chr6g0481261	MtrunA17Chr6g0481261			medtr.A17.gnm5.MtrunA17Chr6	+	36173461	36175445	-2.93034229498635	0.00348653132317739	DOWN	0.141030907580332	1	NS
DOWN	A485_only	medtr.A17.gnm5.ann1_6.MtrunA17Chr7g0215901	MtrunA17Chr7g0215901	MtNCR469	Nodule-specific Cysteine-Rich peptide	medtr.A17.gnm5.MtrunA17Chr7	+	1845415	1846192	-2.86121263313082	0.0289385448559407	DOWN	0.137056189174814	1	NS
DOWN	A485_only	medtr.A17.gnm5.ann1_6.MtrunA17Chr7g0217371	MtrunA17Chr7g0217371			medtr.A17.gnm5.MtrunA17Chr7	+	2925947	2928745	-3.59721292754051	0.0322964413147337	DOWN	-0.136343593257331	1	NS
DOWN	A485_only	medtr.A17.gnm5.ann1_6.MtrunA17Chr3g0092931	MtrunA17Chr3g0092931	MtLegin41	Leginsulin	medtr.A17.gnm5.MtrunA17Chr3	+	14702789	14704202	-4.69366003858353	0.000189503904493811	DOWN	0.136169298711779	1	NS
DOWN	A485_only	medtr.A17.gnm5.ann1_6.MtrunA17Chr5g0404731	MtrunA17Chr5g0404731			medtr.A17.gnm5.MtrunA17Chr5	-	8099346	8100134	-1.54453510188858	0.00947221670842246	DOWN	-0.135103090123079	1	NS
DOWN	A485_only	medtr.A17.gnm5.ann1_6.MtrunA17Chr1g0181651	MtrunA17Chr1g0181651			medtr.A17.gnm5.MtrunA17Chr1	-	32679910	32683259	-2.70713721797219	0.00248506317719098	DOWN	-0.13082343934047	1	NS
DOWN	A485_only	medtr.A17.gnm5.ann1_6.MtrunA17Chr7g0275101	MtrunA17Chr7g0275101			medtr.A17.gnm5.MtrunA17Chr7	+	55182446	55183178	-2.8045033370123	0.0214071951044868	DOWN	-0.130116514233297	1	NS
DOWN	A485_only	medtr.A17.gnm5.ann1_6.MtrunA17Chr1g0152041	MtrunA17Chr1g0152041			medtr.A17.gnm5.MtrunA17Chr1	-	4813539	4819194	-1.51631443197953	0.0226385227385794	DOWN	0.127503748659847	1	NS
DOWN	A485_only	medtr.A17.gnm5.ann1_6.MtrunA17Chr7g0233231	MtrunA17Chr7g0233231			medtr.A17.gnm5.MtrunA17Chr7	-	23685614	23687116	-5.25633223801265	9.7433749676864e-05	DOWN	-0.126695140154068	1	NS
DOWN	A485_only	medtr.A17.gnm5.ann1_6.MtrunA17Chr2g0299571	MtrunA17Chr2g0299571			medtr.A17.gnm5.MtrunA17Chr2	-	17477776	17477844	-3.22266008498827	0.00131486917584215	DOWN	0.125209551396255	1	NS
DOWN	A485_only	medtr.A17.gnm5.ann1_6.MtrunA17Chr7g0265731	MtrunA17Chr7g0265731			medtr.A17.gnm5.MtrunA17Chr7	-	48875003	48876724	-2.30222653994036	0.000364405238243468	DOWN	-0.123157273980172	1	NS
DOWN	A485_only	medtr.A17.gnm5.ann1_6.MtrunA17Chr3g0131961	MtrunA17Chr3g0131961	MtSWEET11|MtSWEET13	sucrose transporter	medtr.A17.gnm5.MtrunA17Chr3	+	48767357	48772919	-2.3712496905212	0.0196208888893367	DOWN	0.122624826570771	1	NS
DOWN	A485_only	medtr.A17.gnm5.ann1_6.MtrunA17Chr8g0350201	MtrunA17Chr8g0350201			medtr.A17.gnm5.MtrunA17Chr8	+	12317707	12322143	-3.51749687068322	0.00720446181181278	DOWN	0.12232070769608	1	NS
DOWN	A485_only	medtr.A17.gnm5.ann1_6.MtrunA17Chr8g0375241	MtrunA17Chr8g0375241			medtr.A17.gnm5.MtrunA17Chr8	+	37129484	37134591	-2.14912996501058	0.0160821614148576	DOWN	0.120870965229972	1	NS
DOWN	A485_only	medtr.A17.gnm5.ann1_6.MtrunA17Chr3g0084721	MtrunA17Chr3g0084721			medtr.A17.gnm5.MtrunA17Chr3	-	6193007	6198450	-2.01672908600889	0.0208369224771465	DOWN	-0.120611508781697	1	NS
DOWN	A485_only	medtr.A17.gnm5.ann1_6.MtrunA17Chr8g0361841	MtrunA17Chr8g0361841			medtr.A17.gnm5.MtrunA17Chr8	+	26416082	26421850	-2.0036274134311	0.000596958687435655	DOWN	-0.119835191199621	1	NS
DOWN	A485_only	medtr.A17.gnm5.ann1_6.MtrunA17Chr7g0265061	MtrunA17Chr7g0265061			medtr.A17.gnm5.MtrunA17Chr7	-	48465459	48466639	-3.67012702360449	0.0239296503855125	DOWN	-0.119824347581303	1	NS
DOWN	A485_only	medtr.A17.gnm5.ann1_6.MtrunA17Chr5g0402121	MtrunA17Chr5g0402121	MtRALF9	Rapid Alkalinization Factor	medtr.A17.gnm5.MtrunA17Chr5	-	6248176	6249034	-3.24689666613741	0.0113695185640033	DOWN	0.116845849044649	1	NS
DOWN	A485_only	medtr.A17.gnm5.ann1_6.MtrunA17Chr5g0405241	MtrunA17Chr5g0405241			medtr.A17.gnm5.MtrunA17Chr5	-	8496420	8498834	-2.53998820403308	0.00203190838265702	DOWN	-0.114266444579583	1	NS
DOWN	A485_only	medtr.A17.gnm5.ann1_6.MtrunA17Chr8g0350271	MtrunA17Chr8g0350271			medtr.A17.gnm5.MtrunA17Chr8	+	12361458	12362707	-3.15178976484134	0.0211845818224349	DOWN	0.114016629559736	1	NS
DOWN	A485_only	medtr.A17.gnm5.ann1_6.MtrunA17Chr2g0299371	MtrunA17Chr2g0299371	MtCKX3	cytokinin oxidase 3	medtr.A17.gnm5.MtrunA17Chr2	+	17308770	17314114	-3.34605820450987	0.0128593672416816	DOWN	0.113612095768106	1	NS
DOWN	A485_only	medtr.A17.gnm5.ann1_6.MtrunA17Chr4g0033711	MtrunA17Chr4g0033711			medtr.A17.gnm5.MtrunA17Chr4	-	33603526	33610943	-1.77889097586272	0.0177952923501664	DOWN	-0.111252394665362	1	NS
DOWN	A485_only	medtr.A17.gnm5.ann1_6.MtrunA17Chr8g0338731	MtrunA17Chr8g0338731			medtr.A17.gnm5.MtrunA17Chr8	-	3083638	3084834	-1.94374183675462	0.00437748218319525	DOWN	0.11048047297465	1	NS
DOWN	A485_only	medtr.A17.gnm5.ann1_6.MtrunA17Chr3g0124411	MtrunA17Chr3g0124411			medtr.A17.gnm5.MtrunA17Chr3	-	43210679	43211892	-3.03391847330528	0.00558153456276786	DOWN	-0.108974615026051	1	NS
DOWN	A485_only	medtr.A17.gnm5.ann1_6.MtrunA17Chr1g0178931	MtrunA17Chr1g0178931			medtr.A17.gnm5.MtrunA17Chr1	+	30287349	30291063	-2.84818512370038	0.00466376766298598	DOWN	0.108337267703496	1	NS
DOWN	A485_only	medtr.A17.gnm5.ann1_6.MtrunA17Chr6g0484021	MtrunA17Chr6g0484021			medtr.A17.gnm5.MtrunA17Chr6	-	38569638	38573924	-1.79066908385836	0.0190773301905297	DOWN	-0.10779618526736	1	NS
DOWN	A485_only	medtr.A17.gnm5.ann1_6.MtrunA17Chr4g0062901	MtrunA17Chr4g0062901			medtr.A17.gnm5.MtrunA17Chr4	-	54576729	54581945	-1.85355348336558	0.0133643806185681	DOWN	-0.106061253658643	1	NS
DOWN	A485_only	medtr.A17.gnm5.ann1_6.MtrunA17Chr7g0259951	MtrunA17Chr7g0259951			medtr.A17.gnm5.MtrunA17Chr7	+	44869771	44872450	-2.14726382843951	0.0437954596497587	DOWN	0.103815782743863	1	NS
DOWN	A485_only	medtr.A17.gnm5.ann1_6.MtrunA17Chr2g0284361	MtrunA17Chr2g0284361	MtCEP17	C-terminally encoded peptide	medtr.A17.gnm5.MtrunA17Chr2	+	5234662	5235722	-2.50888131878746	0.0452735740758161	DOWN	-0.102381089579119	1	NS
DOWN	A485_only	medtr.A17.gnm5.ann1_6.MtrunA17Chr1g0204341	MtrunA17Chr1g0204341			medtr.A17.gnm5.MtrunA17Chr1	-	49868395	49868889	-3.06933476822614	0.00296517012282783	DOWN	-0.101320496174487	1	NS
DOWN	A485_only	medtr.A17.gnm5.ann1_6.MtrunA17Chr8g0351881	MtrunA17Chr8g0351881			medtr.A17.gnm5.MtrunA17Chr8	-	13847056	13852003	-3.41931886301468	0.00988946175419892	DOWN	0.0967709737905609	1	NS
DOWN	A485_only	medtr.A17.gnm5.ann1_6.MtrunA17Chr3g0087931	MtrunA17Chr3g0087931			medtr.A17.gnm5.MtrunA17Chr3	+	9462331	9463013	-3.15516351730075	0.0145893516724935	DOWN	-0.0953283968054139	1	NS
DOWN	A485_only	medtr.A17.gnm5.ann1_6.MtrunA17Chr2g0333851	MtrunA17Chr2g0333851			medtr.A17.gnm5.MtrunA17Chr2	+	51557949	51560290	-3.59099637014595	0.00368356478439549	DOWN	0.0916847204205045	1	NS
DOWN	A485_only	medtr.A17.gnm5.ann1_6.MtrunA17Chr7g0276041	MtrunA17Chr7g0276041			medtr.A17.gnm5.MtrunA17Chr7	+	55774294	55775528	-2.08833740998241	0.0216175377010388	DOWN	-0.0915790479895318	1	NS
DOWN	A485_only	medtr.A17.gnm5.ann1_6.MtrunA17Chr7g0250931	MtrunA17Chr7g0250931			medtr.A17.gnm5.MtrunA17Chr7	-	38303897	38308070	-4.20609334798934	0.00140752572903687	DOWN	0.0905593115320565	1	NS
DOWN	A485_only	medtr.A17.gnm5.ann1_6.MtrunA17Chr3g0088031	MtrunA17Chr3g0088031			medtr.A17.gnm5.MtrunA17Chr3	+	9526207	9528158	-2.49953940038754	0.0133921032607466	DOWN	-0.0901112340599892	1	NS
DOWN	A485_only	medtr.A17.gnm5.ann1_6.MtrunA17Chr6g0467601	MtrunA17Chr6g0467601			medtr.A17.gnm5.MtrunA17Chr6	+	16534377	16537693	-1.89495763981388	0.0427781252995286	DOWN	-0.0895003406903876	1	NS
DOWN	A485_only	medtr.A17.gnm5.ann1_6.MtrunA17Chr8g0335331	MtrunA17Chr8g0335331	MtEDN3	ERF differentially regulated during nodulation 3	medtr.A17.gnm5.MtrunA17Chr8	+	873651	874572	-3.68826825251742	0.0443826300955167	DOWN	-0.0884016612565151	1	NS
DOWN	A485_only	medtr.A17.gnm5.ann1_6.MtrunA17Chr5g0443471	MtrunA17Chr5g0443471			medtr.A17.gnm5.MtrunA17Chr5	-	41280546	41286884	-2.09988890509184	0.0279058557727441	DOWN	0.0878195472106875	1	NS
DOWN	A485_only	medtr.A17.gnm5.ann1_6.MtrunA17Chr7g0223291	MtrunA17Chr7g0223291			medtr.A17.gnm5.MtrunA17Chr7	-	8525528	8529131	-1.70944743704708	0.0105698420833291	DOWN	0.0860975932603171	1	NS
DOWN	A485_only	medtr.A17.gnm5.ann1_6.MtrunA17Chr4g0025821	MtrunA17Chr4g0025821			medtr.A17.gnm5.MtrunA17Chr4	-	26752982	26755830	-3.02790545343315	0.0211083853629884	DOWN	-0.0842690136687982	1	NS
DOWN	A485_only	medtr.A17.gnm5.ann1_6.MtrunA17Chr7g0233191	MtrunA17Chr7g0233191			medtr.A17.gnm5.MtrunA17Chr7	-	23646890	23648137	-4.78981877894222	0.00162331423048456	DOWN	0.0821583679513598	1	NS
DOWN	A485_only	medtr.A17.gnm5.ann1_6.MtrunA17Chr4g0033401	MtrunA17Chr4g0033401			medtr.A17.gnm5.MtrunA17Chr4	+	33394821	33397755	-2.63075020551446	0.0295998906644041	DOWN	-0.0815664657123641	1	NS
DOWN	A485_only	medtr.A17.gnm5.ann1_6.MtrunA17Chr5g0419291	MtrunA17Chr5g0419291			medtr.A17.gnm5.MtrunA17Chr5	-	19574669	19576112	-4.89688231436983	0.000191471947339009	DOWN	0.0813352671136504	1	NS
DOWN	A485_only	medtr.A17.gnm5.ann1_6.MtrunA17Chr7g0267751	MtrunA17Chr7g0267751	MtCDPK11	calcium-dependent protein kinase11	medtr.A17.gnm5.MtrunA17Chr7	+	50463990	50468286	-2.4854893490526	0.0291413329600607	DOWN	0.0796526972746546	1	NS
DOWN	A485_only	medtr.A17.gnm5.ann1_6.MtrunA17Chr2g0312661	MtrunA17Chr2g0312661	MtNCR115	Nodule-specific Cysteine-Rich peptide	medtr.A17.gnm5.MtrunA17Chr2	+	35514517	35515237	-2.53150666846736	0.0187392153236986	DOWN	0.0745727794510336	1	NS
DOWN	A485_only	medtr.A17.gnm5.ann1_6.MtrunA17Chr7g0263831	MtrunA17Chr7g0263831			medtr.A17.gnm5.MtrunA17Chr7	-	47497430	47498437	-1.58045100738303	0.0104795612783919	DOWN	-0.0738647227347192	1	NS
DOWN	A485_only	medtr.A17.gnm5.ann1_6.MtrunA17Chr4g0034911	MtrunA17Chr4g0034911			medtr.A17.gnm5.MtrunA17Chr4	-	34449972	34455746	-1.37167329030909	0.0454748635937595	DOWN	-0.0736747959043377	1	NS
DOWN	A485_only	medtr.A17.gnm5.ann1_6.MtrunA17Chr3g0083591	MtrunA17Chr3g0083591			medtr.A17.gnm5.MtrunA17Chr3	+	5203707	5209647	-2.56302203587636	0.0021013398061809	DOWN	0.0726309432110039	1	NS
DOWN	A485_only	medtr.A17.gnm5.ann1_6.MtrunA17Chr5g0426441	MtrunA17Chr5g0426441			medtr.A17.gnm5.MtrunA17Chr5	+	28329035	28341346	-3.90517100858057	0.00583194708846165	DOWN	0.0722544917296645	1	NS
DOWN	A485_only	medtr.A17.gnm5.ann1_6.MtrunA17Chr4g0051671	MtrunA17Chr4g0051671	HEN1-like	HUA ENHANCER1 (RNA 2'-O-methyltransferase)	medtr.A17.gnm5.MtrunA17Chr4	-	46101667	46110553	-2.75948710011643	0.0029757070155424	DOWN	0.0721577100924161	1	NS
DOWN	A485_only	medtr.A17.gnm5.ann1_6.MtrunA17Chr5g0404721	MtrunA17Chr5g0404721	MtPrx46	peroxidase	medtr.A17.gnm5.MtrunA17Chr5	+	8098049	8100554	-1.59654679931242	0.00426058467508664	DOWN	-0.0716918354497088	1	NS
DOWN	A485_only	medtr.A17.gnm5.ann1_6.MtrunA17Chr4g0035171	MtrunA17Chr4g0035171			medtr.A17.gnm5.MtrunA17Chr4	-	34673744	34678607	-1.70804520685984	0.0338547291370233	DOWN	-0.0702483457590488	1	NS
DOWN	A485_only	medtr.A17.gnm5.ann1_6.MtrunA17Chr4g0055311	MtrunA17Chr4g0055311			medtr.A17.gnm5.MtrunA17Chr4	+	48981798	48982843	-2.42590941658122	0.00679142361170421	DOWN	0.0681328360937508	1	NS
DOWN	A485_only	medtr.A17.gnm5.ann1_6.MtrunA17Chr6g0469911	MtrunA17Chr6g0469911	MtCBS1	Cystathionine-beta-synthase-like domain protein 1	medtr.A17.gnm5.MtrunA17Chr6	+	19741999	19749210	-2.772816819398	0.0233163205818852	DOWN	-0.0675309233152284	1	NS
DOWN	A485_only	medtr.A17.gnm5.ann1_6.MtrunA17Chr6g0479431	MtrunA17Chr6g0479431			medtr.A17.gnm5.MtrunA17Chr6	-	34073473	34085849	-3.17617743737644	0.0182508487111022	DOWN	0.0674065334565809	1	NS
DOWN	A485_only	medtr.A17.gnm5.ann1_6.MtrunA17Chr4g0008391	MtrunA17Chr4g0008391			medtr.A17.gnm5.MtrunA17Chr4	-	6396365	6400666	-2.09271844529346	0.0277665865997031	DOWN	0.0668898992298886	1	NS
DOWN	A485_only	medtr.A17.gnm5.ann1_6.MtrunA17Chr3g0129881	MtrunA17Chr3g0129881	MtSDG30	Histone methyltransferase SDG subfamily	medtr.A17.gnm5.MtrunA17Chr3	+	47261006	47265094	-2.215341819756	0.0130203641771976	DOWN	-0.0666083199921766	1	NS
DOWN	A485_only	medtr.A17.gnm5.ann1_6.MtrunA17Chr4g0022931	MtrunA17Chr4g0022931	MtMYB007	Myeloblastosis (MYB) transcription factor 7	medtr.A17.gnm5.MtrunA17Chr4	-	23179665	23181401	-4.66032947780276	0.00119924782754216	DOWN	-0.066471902959398	1	NS
DOWN	A485_only	medtr.A17.gnm5.ann1_6.MtrunA17Chr6g0485151	MtrunA17Chr6g0485151			medtr.A17.gnm5.MtrunA17Chr6	+	39669246	39671785	-1.98770183162948	0.0141237108708354	DOWN	0.0659641812851945	1	NS
DOWN	A485_only	medtr.A17.gnm5.ann1_6.MtrunA17Chr5g0401211	MtrunA17Chr5g0401211			medtr.A17.gnm5.MtrunA17Chr5	+	5421549	5427827	-1.94158814033347	0.0146161725552253	DOWN	0.0652125595148171	1	NS
DOWN	A485_only	medtr.A17.gnm5.ann1_6.MtrunA17Chr1g0210821	MtrunA17Chr1g0210821			medtr.A17.gnm5.MtrunA17Chr1	-	54481981	54490241	-2.15480654564508	0.0035116942455126	DOWN	-0.063357740039846	1	NS
DOWN	A485_only	medtr.A17.gnm5.ann1_6.MtrunA17Chr7g0239271	MtrunA17Chr7g0239271			medtr.A17.gnm5.MtrunA17Chr7	+	29348648	29352620	-2.5191300678506	0.0457564575024802	DOWN	-0.0620849343696825	1	NS
DOWN	A485_only	medtr.A17.gnm5.ann1_6.MtrunA17Chr4g0072611	MtrunA17Chr4g0072611			medtr.A17.gnm5.MtrunA17Chr4	+	61662250	61663533	-5.75448904839412	0.00348189448308413	DOWN	-0.0616395916156005	1	NS
DOWN	A485_only	medtr.A17.gnm5.ann1_6.MtrunA17Chr2g0324721	MtrunA17Chr2g0324721	MtENODL10|MtPCY47	ENOD-like 10|Plantacyanin/Chemocyanin	medtr.A17.gnm5.MtrunA17Chr2	-	44821782	44823166	-2.52930369895273	0.0142899573284668	DOWN	0.0613187541795042	1	NS
DOWN	A485_only	medtr.A17.gnm5.ann1_6.MtrunA17Chr4g0071041	MtrunA17Chr4g0071041			medtr.A17.gnm5.MtrunA17Chr4	-	60502266	60506153	-2.17687398885606	0.0481642624554008	DOWN	-0.0611691301531426	1	NS
DOWN	A485_only	medtr.A17.gnm5.ann1_6.MtrunA17Chr8g0350291	MtrunA17Chr8g0350291			medtr.A17.gnm5.MtrunA17Chr8	+	12366397	12367634	-2.95876596791364	0.0204903554613408	DOWN	-0.0602105034744677	1	NS
DOWN	A485_only	medtr.A17.gnm5.ann1_6.MtrunA17Chr8g0348161	MtrunA17Chr8g0348161			medtr.A17.gnm5.MtrunA17Chr8	-	10870463	10872151	-4.3797516237018	0.00162331423048456	DOWN	-0.0600845010352335	1	NS
DOWN	A485_only	medtr.A17.gnm5.ann1_6.MtrunA17Chr5g0405251	MtrunA17Chr5g0405251			medtr.A17.gnm5.MtrunA17Chr5	+	8497145	8498798	-2.44303652681603	0.000659679207601817	DOWN	0.0593912922765215	1	NS
DOWN	A485_only	medtr.A17.gnm5.ann1_6.MtrunA17Chr2g0312911	MtrunA17Chr2g0312911			medtr.A17.gnm5.MtrunA17Chr2	-	35673559	35678877	-1.69171847373661	0.0270270691797442	DOWN	-0.0588554550533896	1	NS
DOWN	A485_only	medtr.A17.gnm5.ann1_6.MtrunA17Chr4g0028161	MtrunA17Chr4g0028161			medtr.A17.gnm5.MtrunA17Chr4	-	29104878	29106659	-3.52223265045302	0.0006850539884639	DOWN	-0.0537290540365661	1	NS
DOWN	A485_only	medtr.A17.gnm5.ann1_6.MtrunA17Chr1g0184201	MtrunA17Chr1g0184201			medtr.A17.gnm5.MtrunA17Chr1	+	34756805	34760329	-2.76199440095889	0.00514704714500176	DOWN	-0.0534574149475836	1	NS
DOWN	A485_only	medtr.A17.gnm5.ann1_6.MtrunA17Chr5g0399141	MtrunA17Chr5g0399141			medtr.A17.gnm5.MtrunA17Chr5	-	3733981	3738434	-1.70237768701884	0.0409279261833114	DOWN	-0.0525356392256917	1	NS
DOWN	A485_only	medtr.A17.gnm5.ann1_6.MtrunA17Chr6g0482411	MtrunA17Chr6g0482411			medtr.A17.gnm5.MtrunA17Chr6	-	37081605	37086454	-3.46479694627736	0.0344210439882275	DOWN	0.052071207195668	1	NS
DOWN	A485_only	medtr.A17.gnm5.ann1_6.MtrunA17Chr3g0112141	MtrunA17Chr3g0112141			medtr.A17.gnm5.MtrunA17Chr3	-	34184622	34188402	-3.51233693988481	0.00721780191736927	DOWN	-0.0511797741481448	1	NS
DOWN	A485_only	medtr.A17.gnm5.ann1_6.MtrunA17Chr3g0095791	MtrunA17Chr3g0095791			medtr.A17.gnm5.MtrunA17Chr3	-	19303362	19315513	-3.25739913184752	4.18907411174724e-05	DOWN	-0.0506821963348537	1	NS
DOWN	A485_only	medtr.A17.gnm5.ann1_6.MtrunA17Chr1g0203711	MtrunA17Chr1g0203711			medtr.A17.gnm5.MtrunA17Chr1	-	49412817	49418614	-1.56289160075968	0.0196023076982228	DOWN	0.0480777214953814	1	NS
DOWN	A485_only	medtr.A17.gnm5.ann1_6.MtrunA17Chr5g0415791	MtrunA17Chr5g0415791	MtNPF2.11	NRT1/ PTR FAMILY|nitrate transporter / peptide transporter	medtr.A17.gnm5.MtrunA17Chr5	-	16535986	16541289	-1.63371286644488	0.0128593672416816	DOWN	-0.0479519803933292	1	NS
DOWN	A485_only	medtr.A17.gnm5.ann1_6.MtrunA17Chr3g0126391	MtrunA17Chr3g0126391			medtr.A17.gnm5.MtrunA17Chr3	-	44714994	44716993	-3.55910513611854	0.00251510461929288	DOWN	0.0472915677069172	1	NS
DOWN	A485_only	medtr.A17.gnm5.ann1_6.MtrunA17Chr2g0282951	MtrunA17Chr2g0282951			medtr.A17.gnm5.MtrunA17Chr2	-	4281115	4282142	-2.97781535723233	0.0285456173073081	DOWN	0.0460390793962857	1	NS
DOWN	A485_only	medtr.A17.gnm5.ann1_6.MtrunA17Chr3g0119821	MtrunA17Chr3g0119821			medtr.A17.gnm5.MtrunA17Chr3	-	40037088	40039799	-2.36985689514219	0.033276473122346	DOWN	0.0451799348314749	1	NS
DOWN	A485_only	medtr.A17.gnm5.ann1_6.MtrunA17Chr8g0377351	MtrunA17Chr8g0377351			medtr.A17.gnm5.MtrunA17Chr8	+	38690957	38693186	-4.45834894845038	0.0214071951044868	DOWN	0.0422424512826535	1	NS
DOWN	A485_only	medtr.A17.gnm5.ann1_6.MtrunA17Chr6g0479261	MtrunA17Chr6g0479261	MtPUB48	Plant U-box protein 48	medtr.A17.gnm5.MtrunA17Chr6	-	33894540	33896391	-3.26042872822615	0.00645523085605991	DOWN	-0.0422081744983857	1	NS
DOWN	A485_only	medtr.A17.gnm5.ann1_6.MtrunA17Chr5g0406841	MtrunA17Chr5g0406841			medtr.A17.gnm5.MtrunA17Chr5	-	9598092	9601487	-4.72501650136291	0.00152446657263738	DOWN	0.0411567982049696	1	NS
DOWN	A485_only	medtr.A17.gnm5.ann1_6.MtrunA17Chr4g0053701	MtrunA17Chr4g0053701	MtNRAMP7	Natural Resistance-Associated Macrophage Protein7	medtr.A17.gnm5.MtrunA17Chr4	+	47603009	47606719	-2.8383777004784	6.4357773390205e-05	DOWN	0.0410351581116422	1	NS
DOWN	A485_only	medtr.A17.gnm5.ann1_6.MtrunA17Chr6g0454551	MtrunA17Chr6g0454551			medtr.A17.gnm5.MtrunA17Chr6	+	4801823	4805758	-1.98514202912768	0.00551248136038897	DOWN	0.0400427786188445	1	NS
DOWN	A485_only	medtr.A17.gnm5.ann1_6.MtrunA17Chr5g0448691	MtrunA17Chr5g0448691			medtr.A17.gnm5.MtrunA17Chr5	+	44675283	44677991	-1.46796851407001	0.0352981206692972	DOWN	0.0386591207068212	1	NS
DOWN	A485_only	medtr.A17.gnm5.ann1_6.MtrunA17Chr8g0378621	MtrunA17Chr8g0378621	MtBG1	beta-1,3-Glucanase 1	medtr.A17.gnm5.MtrunA17Chr8	-	39607436	39613817	-1.76986244903004	0.049874746541142	DOWN	0.0347958524057409	1	NS
DOWN	A485_only	medtr.A17.gnm5.ann1_6.MtrunA17Chr7g0248681	MtrunA17Chr7g0248681			medtr.A17.gnm5.MtrunA17Chr7	-	36727036	36730755	-2.65338898768468	0.0030336677712507	DOWN	0.0318920300164123	1	NS
DOWN	A485_only	medtr.A17.gnm5.ann1_6.MtrunA17Chr4g0037451	MtrunA17Chr4g0037451			medtr.A17.gnm5.MtrunA17Chr4	-	36070516	36070989	-4.53027039948852	0.0328756308218299	DOWN	-0.0288567254131276	1	NS
DOWN	A485_only	medtr.A17.gnm5.ann1_6.MtrunA17Chr5g0436001	MtrunA17Chr5g0436001			medtr.A17.gnm5.MtrunA17Chr5	-	35885856	35890240	-1.98966481454766	0.00901546111839028	DOWN	-0.0282104694617888	1	NS
DOWN	A485_only	medtr.A17.gnm5.ann1_6.MtrunA17Chr2g0328011	MtrunA17Chr2g0328011			medtr.A17.gnm5.MtrunA17Chr2	+	47413110	47416885	-3.43698228639438	0.00094439514934725	DOWN	0.0279199441152161	1	NS
DOWN	A485_only	medtr.A17.gnm5.ann1_6.MtrunA17Chr7g0251311	MtrunA17Chr7g0251311			medtr.A17.gnm5.MtrunA17Chr7	+	38493369	38495104	-1.83661683445176	0.0148921998440205	DOWN	-0.0258522584974721	1	NS
DOWN	A485_only	medtr.A17.gnm5.ann1_6.MtrunA17Chr7g0250961	MtrunA17Chr7g0250961			medtr.A17.gnm5.MtrunA17Chr7	+	38314859	38319665	-2.70238583108749	0.0382121222046446	DOWN	-0.0251802736928974	1	NS
DOWN	A485_only	medtr.A17.gnm5.ann1_6.MtrunA17Chr4g0038491	MtrunA17Chr4g0038491			medtr.A17.gnm5.MtrunA17Chr4	-	36782326	36786426	-1.51450495432707	0.0433157089422133	DOWN	0.0239848246331497	1	NS
DOWN	A485_only	medtr.A17.gnm5.ann1_6.MtrunA17Chr1g0209981	MtrunA17Chr1g0209981			medtr.A17.gnm5.MtrunA17Chr1	+	53866934	53870124	-2.19698311610445	0.0131773109059214	DOWN	0.0224571385113772	1	NS
DOWN	A485_only	medtr.A17.gnm5.ann1_6.MtrunA17Chr4g0034291	MtrunA17Chr4g0034291			medtr.A17.gnm5.MtrunA17Chr4	+	33985118	33986123	-3.62894045376499	0.000785129328952898	DOWN	0.0195612706971531	1	NS
DOWN	A485_only	medtr.A17.gnm5.ann1_6.MtrunA17Chr7g0233211	MtrunA17Chr7g0233211			medtr.A17.gnm5.MtrunA17Chr7	-	23669797	23671367	-4.4293720339198	0.000578830023460659	DOWN	0.0190407909700604	1	NS
DOWN	A485_only	medtr.A17.gnm5.ann1_6.MtrunA17Chr1g0210591	MtrunA17Chr1g0210591			medtr.A17.gnm5.MtrunA17Chr1	+	54334050	54337646	-2.34997040477963	0.00665978014296096	DOWN	0.018927679286545	1	NS
DOWN	A485_only	medtr.A17.gnm5.ann1_6.MtrunA17Chr4g0061061	MtrunA17Chr4g0061061			medtr.A17.gnm5.MtrunA17Chr4	+	53233470	53235786	-2.22926986963474	0.0310324399855373	DOWN	0.0182159825351256	1	NS
DOWN	A485_only	medtr.A17.gnm5.ann1_6.MtrunA17Chr5g0432701	MtrunA17Chr5g0432701			medtr.A17.gnm5.MtrunA17Chr5	-	33337405	33341452	-2.3499241332467	0.000103892634477563	DOWN	-0.0153664646218079	1	NS
DOWN	A485_only	medtr.A17.gnm5.ann1_6.MtrunA17Chr4g0011081	MtrunA17Chr4g0011081			medtr.A17.gnm5.MtrunA17Chr4	+	8691147	8692594	-2.66731832415693	0.0399599127442972	DOWN	0.0152323809072561	1	NS
DOWN	A485_only	medtr.A17.gnm5.ann1_6.MtrunA17Chr4g0004261	MtrunA17Chr4g0004261	MtSULTR3.4b	sulfate transporter	medtr.A17.gnm5.MtrunA17Chr4	+	3321747	3327919	-1.85235930558092	0.0311093941594844	DOWN	0.0129016541189177	1	NS
DOWN	A485_only	medtr.A17.gnm5.ann1_6.MtrunA17Chr8g0356041	MtrunA17Chr8g0356041			medtr.A17.gnm5.MtrunA17Chr8	+	17587618	17590925	-2.76447161562808	0.022246985235814	DOWN	0.00824661277107218	1	NS
DOWN	A485_only	medtr.A17.gnm5.ann1_6.MtrunA17Chr1g0151391	MtrunA17Chr1g0151391			medtr.A17.gnm5.MtrunA17Chr1	+	4260280	4262089	-3.57597509037138	0.000478918706973543	DOWN	0.0080544076564983	1	NS
DOWN	A485_only	medtr.A17.gnm5.ann1_6.MtrunA17Chr6g0485141	MtrunA17Chr6g0485141			medtr.A17.gnm5.MtrunA17Chr6	-	39666787	39671905	-2.0456625118615	0.00687863765556805	DOWN	0.00791108414740556	1	NS
DOWN	A485_only	medtr.A17.gnm5.ann1_6.MtrunA17Chr7g0233201	MtrunA17Chr7g0233201			medtr.A17.gnm5.MtrunA17Chr7	-	23665303	23666675	-3.98670872617931	0.0133921032607466	DOWN	0.00678896266533992	1	NS
DOWN	A485_only	medtr.A17.gnm5.ann1_6.MtrunA17Chr3g0132401	MtrunA17Chr3g0132401			medtr.A17.gnm5.MtrunA17Chr3	+	49083783	49084681	-2.26978873779543	0.0120090705605665	DOWN	0.0065817955406934	1	NS
DOWN	A485_only	medtr.A17.gnm5.ann1_6.MtrunA17Chr4g0022911	MtrunA17Chr4g0022911	MtMYB014	Myeloblastosis (MYB) transcription factor 14	medtr.A17.gnm5.MtrunA17Chr4	-	23114037	23115346	-7.10498241114109	8.63682658517288e-05	DOWN	-0.00538369830279455	1	NS
DOWN	A485_only	medtr.A17.gnm5.ann1_6.MtrunA17Chr5g0423121	MtrunA17Chr5g0423121			medtr.A17.gnm5.MtrunA17Chr5	+	24878094	24882333	-2.48087986101402	0.00140217921534132	DOWN	-0.00510035387926425	1	NS
DOWN	A485_only	medtr.A17.gnm5.ann1_6.MtrunA17Chr5g0402831	MtrunA17Chr5g0402831			medtr.A17.gnm5.MtrunA17Chr5	+	6803391	6820393	-1.99010768522371	0.00108385076040438	DOWN	-0.00505723642724203	1	NS
DOWN	A485_only	medtr.A17.gnm5.ann1_6.MtrunA17Chr3g0131071	MtrunA17Chr3g0131071			medtr.A17.gnm5.MtrunA17Chr3	+	48086182	48089579	-2.91853080520516	5.17944824404958e-05	DOWN	0.00383520353695641	1	NS
DOWN	A485_only	medtr.A17.gnm5.ann1_6.MtrunA17Chr1g0200381	MtrunA17Chr1g0200381			medtr.A17.gnm5.MtrunA17Chr1	+	46915742	46922282	-1.80260138646327	0.0109911284945649	DOWN	0.00132843764304474	1	NS
DOWN	A485_only	medtr.A17.gnm5.ann1_6.MtrunA17Chr7g0258911	MtrunA17Chr7g0258911			medtr.A17.gnm5.MtrunA17Chr7	+	44049054	44050472	-4.52021199250814	0.00105119397657998	DOWN	-0.00082916135504621	1	NS
DOWN	dnf2_only	medtr.A17.gnm5.ann1_6.MtrunA17Chr4g0044681	MtrunA17Chr4g0044681	MtDNF2	does not fix nitrogen 2 (phosphatidylinositol phospholipase C-like)	medtr.A17.gnm5.MtrunA17Chr4	-	41512224	41516421	0.540168926701784	1	NS	-15.0621186881487	1.88759800680551e-10	DOWN
DOWN	dnf2_only	medtr.A17.gnm5.ann1_6.MtrunA17Chr1g0157821	MtrunA17Chr1g0157821			medtr.A17.gnm5.MtrunA17Chr1	-	8955837	8962178	-0.27017378357101	1	NS	-10.049722719822	4.03575772677182e-06	DOWN
DOWN	dnf2_only	medtr.A17.gnm5.ann1_6.MtrunA17Chr1g0184111	MtrunA17Chr1g0184111			medtr.A17.gnm5.MtrunA17Chr1	-	34670203	34676769	-1.37412335364661	0.512128368811991	NS	-10.0404507868064	0.000208174756968017	DOWN
DOWN	dnf2_only	medtr.A17.gnm5.ann1_6.MtrunA17Chr3g0096071	MtrunA17Chr3g0096071			medtr.A17.gnm5.MtrunA17Chr3	+	19892835	19895981	1.62150964488164	0.0636234790444737	NS	-8.91259398944434	5.3414760359047e-06	DOWN
DOWN	dnf2_only	medtr.A17.gnm5.ann1_6.MtrunA17Chr1g0185421	MtrunA17Chr1g0185421			medtr.A17.gnm5.MtrunA17Chr1	+	35869836	35872116	0.0855942580934343	1	NS	-8.84709360904241	1.15189761441145e-07	DOWN
DOWN	dnf2_only	medtr.A17.gnm5.ann1_6.MtrunA17Chr2g0295981	MtrunA17Chr2g0295981			medtr.A17.gnm5.MtrunA17Chr2	-	14376384	14377290	-2.08647091949125	0.161970504426388	NS	-8.84017390284762	0.000823157483592511	DOWN
DOWN	dnf2_only	medtr.A17.gnm5.ann1_6.MtrunA17Chr7g0230311	MtrunA17Chr7g0230311			medtr.A17.gnm5.MtrunA17Chr7	+	18974874	18980036	0.165322140445605	1	NS	-8.82002965140036	7.06388382412981e-07	DOWN
DOWN	dnf2_only	medtr.A17.gnm5.ann1_6.MtrunA17Chr6g0457901	MtrunA17Chr6g0457901			medtr.A17.gnm5.MtrunA17Chr6	-	7541559	7545661	-2.01768041706362	0.274272147492441	NS	-8.76822193878192	0.00239341298273955	DOWN
DOWN	dnf2_only	medtr.A17.gnm5.ann1_6.MtrunA17Chr2g0314151	MtrunA17Chr2g0314151			medtr.A17.gnm5.MtrunA17Chr2	-	36701794	36702270	-0.258836440103557	1	NS	-8.54777551652815	0.00014955157926015	DOWN
DOWN	dnf2_only	medtr.A17.gnm5.ann1_6.MtrunA17Chr4g0054261	MtrunA17Chr4g0054261			medtr.A17.gnm5.MtrunA17Chr4	-	48056823	48059892	-0.0524599480659748	1	NS	-8.53064433218227	0.000660393290740857	DOWN
DOWN	dnf2_only	medtr.A17.gnm5.ann1_6.MtrunA17Chr2g0306431	MtrunA17Chr2g0306431			medtr.A17.gnm5.MtrunA17Chr2	+	27934353	27934857	0.0688520816807343	1	NS	-8.40979303536675	0.000125967966679609	DOWN
DOWN	dnf2_only	medtr.A17.gnm5.ann1_6.MtrunA17Chr6g0468911	MtrunA17Chr6g0468911			medtr.A17.gnm5.MtrunA17Chr6	+	18314300	18318101	-0.361833821985037	1	NS	-8.30086610062739	3.01087263790099e-07	DOWN
DOWN	dnf2_only	medtr.A17.gnm5.ann1_6.MtrunA17Chr4g0050671	MtrunA17Chr4g0050671			medtr.A17.gnm5.MtrunA17Chr4	-	45563506	45564511	-2.0328828242992	0.106436285077287	NS	-8.29117081871205	0.000113411692994894	DOWN
DOWN	dnf2_only	medtr.A17.gnm5.ann1_6.MtrunA17Chr1g0177931	MtrunA17Chr1g0177931			medtr.A17.gnm5.MtrunA17Chr1	-	29524915	29526550	-0.0821515833158095	1	NS	-8.27826167183425	0.0037376869255731	DOWN
DOWN	dnf2_only	medtr.A17.gnm5.ann1_6.MtrunA17Chr4g0008041	MtrunA17Chr4g0008041			medtr.A17.gnm5.MtrunA17Chr4	-	6235877	6236624	-1.78500973690966	0.0860867228282335	NS	-8.20949003376944	7.44366030706504e-06	DOWN
DOWN	dnf2_only	medtr.A17.gnm5.ann1_6.MtrunA17Chr8g0358161	MtrunA17Chr8g0358161			medtr.A17.gnm5.MtrunA17Chr8	+	20187285	20190693	-0.0735067857580166	1	NS	-8.20086600582766	6.3596211840229e-06	DOWN
DOWN	dnf2_only	medtr.A17.gnm5.ann1_6.MtrunA17Chr5g0446291	MtrunA17Chr5g0446291			medtr.A17.gnm5.MtrunA17Chr5	+	42924156	42925321	-1.63733193954435	0.256324218518494	NS	-8.1172983426331	0.000143296901711854	DOWN
DOWN	dnf2_only	medtr.A17.gnm5.ann1_6.MtrunA17Chr6g0476571	MtrunA17Chr6g0476571	MtNCR070	Nodule-specific Cysteine-Rich peptide	medtr.A17.gnm5.MtrunA17Chr6	-	31381919	31383940	-1.51700759951722	0.520722918615664	NS	-8.10854044119903	9.57193749645373e-05	DOWN
DOWN	dnf2_only	medtr.A17.gnm5.ann1_6.MtrunA17Chr4g0047851	MtrunA17Chr4g0047851			medtr.A17.gnm5.MtrunA17Chr4	-	43726665	43727603	-1.75304671810676	0.336185167967322	NS	-8.01168263200111	0.00145466903987358	DOWN
DOWN	dnf2_only	medtr.A17.gnm5.ann1_6.MtrunA17Chr5g0437581	MtrunA17Chr5g0437581			medtr.A17.gnm5.MtrunA17Chr5	-	37128691	37129601	-1.47425058532158	0.358047234737476	NS	-8.00400932550451	9.30207767647135e-05	DOWN
DOWN	dnf2_only	medtr.A17.gnm5.ann1_6.MtrunA17Chr4g0029841	MtrunA17Chr4g0029841			medtr.A17.gnm5.MtrunA17Chr4	-	30534396	30535386	-0.613772181240232	1	NS	-7.85866080850846	1.15579501667879e-05	DOWN
DOWN	dnf2_only	medtr.A17.gnm5.ann1_6.MtrunA17Chr5g0402631	MtrunA17Chr5g0402631	MtNodGRP25	Nodule-specific Glycine-rich	medtr.A17.gnm5.MtrunA17Chr5	-	6681669	6683922	-0.429438283154966	1	NS	-7.84937947447723	0.000470386338981995	DOWN
DOWN	dnf2_only	medtr.A17.gnm5.ann1_6.MtrunA17Chr6g0481661	MtrunA17Chr6g0481661			medtr.A17.gnm5.MtrunA17Chr6	+	36487943	36489479	-1.38884790479758	0.458809898621439	NS	-7.76392148967134	0.000286418289371046	DOWN
DOWN	dnf2_only	medtr.A17.gnm5.ann1_6.MtrunA17Chr6g0451291	MtrunA17Chr6g0451291			medtr.A17.gnm5.MtrunA17Chr6	+	1880178	1885717	-0.231446714309709	1	NS	-7.7600856151258	0.0115682169081945	DOWN
DOWN	dnf2_only	medtr.A17.gnm5.ann1_6.MtrunA17Chr3g0105321	MtrunA17Chr3g0105321			medtr.A17.gnm5.MtrunA17Chr3	-	29273384	29276331	0.965570912344369	0.951518063266133	NS	-7.73185475010028	0.00277210342867383	DOWN
DOWN	dnf2_only	medtr.A17.gnm5.ann1_6.MtrunA17Chr6g0450501	MtrunA17Chr6g0450501			medtr.A17.gnm5.MtrunA17Chr6	+	1193114	1195565	1.17768636260451	0.728707456674391	NS	-7.67120048874254	0.00747812896080632	DOWN
DOWN	dnf2_only	medtr.A17.gnm5.ann1_6.MtrunA17Chr3g0112871	MtrunA17Chr3g0112871			medtr.A17.gnm5.MtrunA17Chr3	-	34770017	34770817	-1.23811103729747	0.666680198134128	NS	-7.66551416327972	0.000851690230443679	DOWN
DOWN	dnf2_only	medtr.A17.gnm5.ann1_6.MtrunA17Chr6g0450471	MtrunA17Chr6g0450471			medtr.A17.gnm5.MtrunA17Chr6	+	1185893	1186448	0.617371721642827	1	NS	-7.64453205878145	0.00376657788026619	DOWN
DOWN	dnf2_only	medtr.A17.gnm5.ann1_6.MtrunA17Chr5g0414771	MtrunA17Chr5g0414771			medtr.A17.gnm5.MtrunA17Chr5	+	15724788	15726323	-0.948925811326969	0.967960697308329	NS	-7.63679334212	7.76488058065562e-06	DOWN
DOWN	dnf2_only	medtr.A17.gnm5.ann1_6.MtrunA17Chr7g0270521	MtrunA17Chr7g0270521			medtr.A17.gnm5.MtrunA17Chr7	-	52200478	52211538	-1.8892452628307	0.149941499501212	NS	-7.57288252220537	0.000146638097357355	DOWN
DOWN	dnf2_only	medtr.A17.gnm5.ann1_6.MtrunA17Chr5g0424131	MtrunA17Chr5g0424131			medtr.A17.gnm5.MtrunA17Chr5	-	26072663	26074566	-0.864750512247772	1	NS	-7.5339768250232	6.42983422165387e-05	DOWN
DOWN	dnf2_only	medtr.A17.gnm5.ann1_6.MtrunA17Chr6g0476561	MtrunA17Chr6g0476561			medtr.A17.gnm5.MtrunA17Chr6	+	31373827	31375645	-0.624800956997527	1	NS	-7.48312164389697	3.26343608078423e-05	DOWN
DOWN	dnf2_only	medtr.A17.gnm5.ann1_6.MtrunA17Chr3g0119881	MtrunA17Chr3g0119881			medtr.A17.gnm5.MtrunA17Chr3	-	40077289	40082887	-0.0383661725170862	1	NS	-7.45584154260365	0.000208017125988287	DOWN
DOWN	dnf2_only	medtr.A17.gnm5.ann1_6.MtrunA17Chr8g0376791	MtrunA17Chr8g0376791			medtr.A17.gnm5.MtrunA17Chr8	-	38298837	38299999	-1.31942596781471	0.552127119684173	NS	-7.45409120548835	0.000583030316516588	DOWN
DOWN	dnf2_only	medtr.A17.gnm5.ann1_6.MtrunA17Chr2g0325251	MtrunA17Chr2g0325251			medtr.A17.gnm5.MtrunA17Chr2	-	45258420	45260693	-1.44212798378106	0.341003904018586	NS	-7.44118608952629	9.17273097576451e-05	DOWN
DOWN	dnf2_only	medtr.A17.gnm5.ann1_6.MtrunA17Chr1g0170331	MtrunA17Chr1g0170331			medtr.A17.gnm5.MtrunA17Chr1	-	19056312	19060313	-0.065101231224671	1	NS	-7.43940744250377	1.88759800680551e-10	DOWN
DOWN	dnf2_only	medtr.A17.gnm5.ann1_6.MtrunA17Chr4g0044651	MtrunA17Chr4g0044651			medtr.A17.gnm5.MtrunA17Chr4	-	41490880	41495335	-0.278233456536004	1	NS	-7.43762201530158	1.16498679198843e-06	DOWN
DOWN	dnf2_only	medtr.A17.gnm5.ann1_6.MtrunA17Chr6g0474881	MtrunA17Chr6g0474881			medtr.A17.gnm5.MtrunA17Chr6	-	29010988	29013503	-0.607529990987275	1	NS	-7.36353753813144	5.09283293312004e-06	DOWN
DOWN	dnf2_only	medtr.A17.gnm5.ann1_6.MtrunA17Chr4g0036881	MtrunA17Chr4g0036881			medtr.A17.gnm5.MtrunA17Chr4	+	35572082	35572774	0.707993928783926	1	NS	-7.34048656408906	5.53467552094162e-06	DOWN
DOWN	dnf2_only	medtr.A17.gnm5.ann1_6.MtrunA17Chr8g0370481	MtrunA17Chr8g0370481			medtr.A17.gnm5.MtrunA17Chr8	-	33616799	33618501	-1.11340755032081	0.811745497400325	NS	-7.31178059360921	0.00167250163038825	DOWN
DOWN	dnf2_only	medtr.A17.gnm5.ann1_6.MtrunA17Chr1g0178571	MtrunA17Chr1g0178571			medtr.A17.gnm5.MtrunA17Chr1	-	30039059	30039841	-1.53151770519173	0.378248294252861	NS	-7.30131543196861	0.000543666176923377	DOWN
DOWN	dnf2_only	medtr.A17.gnm5.ann1_6.MtrunA17Chr5g0407731	MtrunA17Chr5g0407731	MtGAOL11	Gibberellin-oxidase like 11	medtr.A17.gnm5.MtrunA17Chr5	-	10158765	10161849	0.709420021702938	1	NS	-7.28881953473478	0.0048353440698834	DOWN
DOWN	dnf2_only	medtr.A17.gnm5.ann1_6.MtrunA17Chr1g0186601	MtrunA17Chr1g0186601			medtr.A17.gnm5.MtrunA17Chr1	+	36841538	36843770	-1.86553467169772	0.146214125111633	NS	-7.27983762552133	1.57554887455577e-05	DOWN
DOWN	dnf2_only	medtr.A17.gnm5.ann1_6.MtrunA17Chr7g0230321	MtrunA17Chr7g0230321			medtr.A17.gnm5.MtrunA17Chr7	-	18978026	18980561	0.894323742165637	1	NS	-7.27481167082448	0.000233596539525106	DOWN
DOWN	dnf2_only	medtr.A17.gnm5.ann1_6.MtrunA17Chr2g0318621	MtrunA17Chr2g0318621			medtr.A17.gnm5.MtrunA17Chr2	+	40139588	40140353	-1.3817817496177	0.45870185050375	NS	-7.23186379061986	0.000204143434053757	DOWN
DOWN	dnf2_only	medtr.A17.gnm5.ann1_6.MtrunA17Chr5g0438521	MtrunA17Chr5g0438521			medtr.A17.gnm5.MtrunA17Chr5	-	37704266	37705460	0.364124175161733	1	NS	-7.23181405511058	0.000147087338308312	DOWN
DOWN	dnf2_only	medtr.A17.gnm5.ann1_6.MtrunA17Chr6g0474581	MtrunA17Chr6g0474581			medtr.A17.gnm5.MtrunA17Chr6	-	28515794	28516700	-1.29050193931268	0.51487976368043	NS	-7.22582163423549	2.03549537698313e-05	DOWN
DOWN	dnf2_only	medtr.A17.gnm5.ann1_6.MtrunA17Chr1g0179221	MtrunA17Chr1g0179221			medtr.A17.gnm5.MtrunA17Chr1	+	30590015	30591724	-0.597111610656739	1	NS	-7.17457490609508	0.000735564073742584	DOWN
DOWN	dnf2_only	medtr.A17.gnm5.ann1_6.MtrunA17Chr2g0301781	MtrunA17Chr2g0301781			medtr.A17.gnm5.MtrunA17Chr2	-	19473965	19474803	-1.28311594754925	0.596432234387935	NS	-7.13274114828303	0.000601579994029159	DOWN
DOWN	dnf2_only	medtr.A17.gnm5.ann1_6.MtrunA17Chr6g0471761	MtrunA17Chr6g0471761			medtr.A17.gnm5.MtrunA17Chr6	+	23154589	23162801	-0.420931045000171	1	NS	-7.12719356328462	1.41141747522521e-05	DOWN
DOWN	dnf2_only	medtr.A17.gnm5.ann1_6.MtrunA17Chr2g0327591	MtrunA17Chr2g0327591			medtr.A17.gnm5.MtrunA17Chr2	+	47089160	47090099	-1.9256000238161	0.293954452256147	NS	-7.080455008202	0.00286152478774173	DOWN
DOWN	dnf2_only	medtr.A17.gnm5.ann1_6.MtrunA17Chr6g0487811	MtrunA17Chr6g0487811			medtr.A17.gnm5.MtrunA17Chr6	+	41994157	41996069	-0.967288687983537	0.943032565177963	NS	-7.07786051683413	5.73140426106663e-07	DOWN
DOWN	dnf2_only	medtr.A17.gnm5.ann1_6.MtrunA17Chr3g0141591	MtrunA17Chr3g0141591			medtr.A17.gnm5.MtrunA17Chr3	-	55777983	55779821	-1.30461639846885	0.387542322866962	NS	-7.0699042163208	5.70502956064162e-07	DOWN
DOWN	dnf2_only	medtr.A17.gnm5.ann1_6.MtrunA17Chr5g0414661	MtrunA17Chr5g0414661			medtr.A17.gnm5.MtrunA17Chr5	+	15634514	15636187	-2.34522025998984	0.0873690748841318	NS	-7.06077890361362	4.1901890300013e-05	DOWN
DOWN	dnf2_only	medtr.A17.gnm5.ann1_6.MtrunA17Chr2g0307611	MtrunA17Chr2g0307611			medtr.A17.gnm5.MtrunA17Chr2	-	30092059	30092866	1.62592133653897	0.179357094875835	NS	-7.04035267857037	0.000961061744425764	DOWN
DOWN	dnf2_only	medtr.A17.gnm5.ann1_6.MtrunA17Chr6g0450451	MtrunA17Chr6g0450451			medtr.A17.gnm5.MtrunA17Chr6	-	1182480	1186435	0.266580617026028	1	NS	-7.03585820270614	2.22489822865878e-05	DOWN
DOWN	dnf2_only	medtr.A17.gnm5.ann1_6.MtrunA17Chr6g0450491	MtrunA17Chr6g0450491	MtNCR664	Nodule-specific Cysteine-Rich peptide	medtr.A17.gnm5.MtrunA17Chr6	+	1190832	1192174	-0.0546311265560523	1	NS	-7.00283825020207	0.00131027236563086	DOWN
DOWN	dnf2_only	medtr.A17.gnm5.ann1_6.MtrunA17Chr7g0231491	MtrunA17Chr7g0231491			medtr.A17.gnm5.MtrunA17Chr7	+	21141992	21145655	-1.40206855666135	0.602659746305365	NS	-6.99148422965278	0.00466087184493811	DOWN
DOWN	dnf2_only	medtr.A17.gnm5.ann1_6.MtrunA17Chr6g0452961	MtrunA17Chr6g0452961			medtr.A17.gnm5.MtrunA17Chr6	+	3239603	3240235	0.106005205930219	1	NS	-6.9507466736991	0.000554117352496964	DOWN
DOWN	dnf2_only	medtr.A17.gnm5.ann1_6.MtrunA17Chr4g0033171	MtrunA17Chr4g0033171	MtLOX1	lipoxygenase (TC100514)	medtr.A17.gnm5.MtrunA17Chr4	-	33098071	33101276	-0.0333880428814079	1	NS	-6.90355250306619	5.34577807278579e-05	DOWN
DOWN	dnf2_only	medtr.A17.gnm5.ann1_6.MtrunA17Chr2g0306421	MtrunA17Chr2g0306421			medtr.A17.gnm5.MtrunA17Chr2	-	27928986	27929674	-0.435751012799641	1	NS	-6.8807622316669	1.34012059832605e-05	DOWN
DOWN	dnf2_only	medtr.A17.gnm5.ann1_6.MtrunA17Chr8g0358291	MtrunA17Chr8g0358291			medtr.A17.gnm5.MtrunA17Chr8	-	20435289	20436054	0.395940708831649	1	NS	-6.85905841160229	0.000194544800495723	DOWN
DOWN	dnf2_only	medtr.A17.gnm5.ann1_6.MtrunA17Chr4g0062741	MtrunA17Chr4g0062741			medtr.A17.gnm5.MtrunA17Chr4	+	54435630	54437625	2.48866167009796	0.0015141371939283	UP	-6.85128225477892	0.0002941381967851	DOWN
DOWN	dnf2_only	medtr.A17.gnm5.ann1_6.MtrunA17Chr7g0227051	MtrunA17Chr7g0227051			medtr.A17.gnm5.MtrunA17Chr7	+	12156008	12160573	-0.799417464963191	1	NS	-6.84699630776672	1.46699350100659e-06	DOWN
DOWN	dnf2_only	medtr.A17.gnm5.ann1_6.MtrunA17Chr4g0070151	MtrunA17Chr4g0070151			medtr.A17.gnm5.MtrunA17Chr4	-	59888835	59889056	-0.649391440033063	1	NS	-6.8464078942483	0.00412692668841721	DOWN
DOWN	dnf2_only	medtr.A17.gnm5.ann1_6.MtrunA17Chr4g0070241	MtrunA17Chr4g0070241			medtr.A17.gnm5.MtrunA17Chr4	-	59955053	59956795	-0.656070145842454	1	NS	-6.79073538351609	0.006649404772164	DOWN
DOWN	dnf2_only	medtr.A17.gnm5.ann1_6.MtrunA17Chr3g0114151	MtrunA17Chr3g0114151			medtr.A17.gnm5.MtrunA17Chr3	-	35734766	35736988	-1.91321337775374	0.312597919599561	NS	-6.78760263047796	0.00466043816764148	DOWN
DOWN	dnf2_only	medtr.A17.gnm5.ann1_6.MtrunA17Chr1g0170561	MtrunA17Chr1g0170561			medtr.A17.gnm5.MtrunA17Chr1	-	19302407	19302813	1.23391079756849	0.664321663313801	NS	-6.71144871857052	0.0152589230827927	DOWN
DOWN	dnf2_only	medtr.A17.gnm5.ann1_6.MtrunA17Chr2g0319651	MtrunA17Chr2g0319651			medtr.A17.gnm5.MtrunA17Chr2	+	41070580	41072170	-0.202715170580808	1	NS	-6.69845664687878	0.000124742457433886	DOWN
DOWN	dnf2_only	medtr.A17.gnm5.ann1_6.MtrunA17Chr5g0424121	MtrunA17Chr5g0424121			medtr.A17.gnm5.MtrunA17Chr5	-	26043828	26044165	-0.605214811526551	1	NS	-6.67295349489193	5.90762353659864e-05	DOWN
DOWN	dnf2_only	medtr.A17.gnm5.ann1_6.MtrunA17Chr2g0309021	MtrunA17Chr2g0309021			medtr.A17.gnm5.MtrunA17Chr2	+	31813694	31816701	-1.09554468959037	0.873114528061483	NS	-6.66543241370295	0.00333016270493221	DOWN
DOWN	dnf2_only	medtr.A17.gnm5.ann1_6.MtrunA17Chr6g0474601	MtrunA17Chr6g0474601			medtr.A17.gnm5.MtrunA17Chr6	-	28517696	28517952	-0.258858656134104	1	NS	-6.63141093831528	0.000483896383243369	DOWN
DOWN	dnf2_only	medtr.A17.gnm5.ann1_6.MtrunA17Chr6g0473041	MtrunA17Chr6g0473041			medtr.A17.gnm5.MtrunA17Chr6	-	25583168	25583646	-2.06826159781855	0.221899414628306	NS	-6.5939385306913	0.00206575412544695	DOWN
DOWN	dnf2_only	medtr.A17.gnm5.ann1_6.MtrunA17Chr2g0328511	MtrunA17Chr2g0328511	MtZIP2	Zinc-Iron Permease 2	medtr.A17.gnm5.MtrunA17Chr2	-	47786411	47788459	0.211341239650699	1	NS	-6.58081015515572	2.71502518142581e-05	DOWN
DOWN	dnf2_only	medtr.A17.gnm5.ann1_6.MtrunA17Chr7g0224331	MtrunA17Chr7g0224331			medtr.A17.gnm5.MtrunA17Chr7	+	9541444	9544139	-0.545191215801634	1	NS	-6.56058781565014	5.09283293312004e-06	DOWN
DOWN	dnf2_only	medtr.A17.gnm5.ann1_6.MtrunA17Chr4g0027641	MtrunA17Chr4g0027641			medtr.A17.gnm5.MtrunA17Chr4	-	28694070	28695072	-1.06442826951317	0.962759389251223	NS	-6.55752116970536	0.0163588620245636	DOWN
DOWN	dnf2_only	medtr.A17.gnm5.ann1_6.MtrunA17Chr3g0083251	MtrunA17Chr3g0083251			medtr.A17.gnm5.MtrunA17Chr3	+	4869408	4870204	-2.78973982021595	0.102260802379839	NS	-6.5542667531151	0.00362742248621929	DOWN
DOWN	dnf2_only	medtr.A17.gnm5.ann1_6.MtrunA17Chr2g0324011	MtrunA17Chr2g0324011			medtr.A17.gnm5.MtrunA17Chr2	-	44361597	44370689	0.998191875066414	0.886722417973058	NS	-6.55026329337019	0.00276133963374309	DOWN
DOWN	dnf2_only	medtr.A17.gnm5.ann1_6.MtrunA17Chr2g0299241	MtrunA17Chr2g0299241			medtr.A17.gnm5.MtrunA17Chr2	+	17212698	17213583	1.79258843366463	0.144197146890273	NS	-6.51579774362264	0.00594285827461095	DOWN
DOWN	dnf2_only	medtr.A17.gnm5.ann1_6.MtrunA17Chr2g0316911	MtrunA17Chr2g0316911			medtr.A17.gnm5.MtrunA17Chr2	+	38956428	38956721	-0.748442591047233	1	NS	-6.51579774362264	0.00182555097577127	DOWN
DOWN	dnf2_only	medtr.A17.gnm5.ann1_6.MtrunA17Chr3g0105231	MtrunA17Chr3g0105231			medtr.A17.gnm5.MtrunA17Chr3	+	29192958	29193279	-0.296366460640435	1	NS	-6.4979924287396	6.75732264013787e-06	DOWN
DOWN	dnf2_only	medtr.A17.gnm5.ann1_6.MtrunA17Chr1g0176511	MtrunA17Chr1g0176511			medtr.A17.gnm5.MtrunA17Chr1	-	28091787	28092533	-1.07732242445515	0.822791474699294	NS	-6.4686411589355	0.00134350913821351	DOWN
DOWN	dnf2_only	medtr.A17.gnm5.ann1_6.MtrunA17Chr1g0171851	MtrunA17Chr1g0171851			medtr.A17.gnm5.MtrunA17Chr1	+	20570868	20573499	-1.47561036649685	0.165912130549663	NS	-6.46537575446993	3.6466558270792e-07	DOWN
DOWN	dnf2_only	medtr.A17.gnm5.ann1_6.MtrunA17Chr5g0429601	MtrunA17Chr5g0429601	MtNodGRP1D	Nodule-specific Glycine-rich	medtr.A17.gnm5.MtrunA17Chr5	-	30943743	30944761	-1.76876158707485	0.210882403108541	NS	-6.43930552611611	2.97401872793896e-05	DOWN
DOWN	dnf2_only	medtr.A17.gnm5.ann1_6.MtrunA17Chr8g0335821	MtrunA17Chr8g0335821			medtr.A17.gnm5.MtrunA17Chr8	+	1277225	1280580	0.762526198978006	1	NS	-6.42855637064424	0.0149675197925079	DOWN
DOWN	dnf2_only	medtr.A17.gnm5.ann1_6.MtrunA17Chr1g0191651	MtrunA17Chr1g0191651			medtr.A17.gnm5.MtrunA17Chr1	+	40601185	40602532	-1.70397062400496	0.126960872528982	NS	-6.42557285361177	4.93407999707943e-06	DOWN
DOWN	dnf2_only	medtr.A17.gnm5.ann1_6.MtrunA17Chr7g0231501	MtrunA17Chr7g0231501			medtr.A17.gnm5.MtrunA17Chr7	+	21145657	21147539	-0.997197525313667	0.927877568397381	NS	-6.41682217853331	0.000729273459922677	DOWN
DOWN	dnf2_only	medtr.A17.gnm5.ann1_6.MtrunA17Chr4g0029591	MtrunA17Chr4g0029591			medtr.A17.gnm5.MtrunA17Chr4	+	30372013	30374252	-1.89277102308406	0.153748855055286	NS	-6.38197043506176	0.000258975270673025	DOWN
DOWN	dnf2_only	medtr.A17.gnm5.ann1_6.MtrunA17Chr3g0103081	MtrunA17Chr3g0103081			medtr.A17.gnm5.MtrunA17Chr3	+	27504392	27504906	1.43241424560305	0.398604173676021	NS	-6.37533463745544	0.00696286835532012	DOWN
DOWN	dnf2_only	medtr.A17.gnm5.ann1_6.MtrunA17Chr7g0244221	MtrunA17Chr7g0244221			medtr.A17.gnm5.MtrunA17Chr7	+	33375772	33377191	-0.243633345772585	1	NS	-6.325194432495	2.61728210865403e-05	DOWN
DOWN	dnf2_only	medtr.A17.gnm5.ann1_6.MtrunA17Chr4g0029851	MtrunA17Chr4g0029851			medtr.A17.gnm5.MtrunA17Chr4	+	30536781	30540228	-0.519193446219542	1	NS	-6.32382743529099	6.75732264013787e-06	DOWN
DOWN	dnf2_only	medtr.A17.gnm5.ann1_6.MtrunA17Chr3g0094091	MtrunA17Chr3g0094091			medtr.A17.gnm5.MtrunA17Chr3	+	16564797	16564928	0.832990978525849	1	NS	-6.31833475609283	0.000554117352496964	DOWN
DOWN	dnf2_only	medtr.A17.gnm5.ann1_6.MtrunA17Chr4g0008051	MtrunA17Chr4g0008051			medtr.A17.gnm5.MtrunA17Chr4	+	6235951	6237423	-0.931377304065869	0.976113275007289	NS	-6.31630364305146	0.000207300480874863	DOWN
DOWN	dnf2_only	medtr.A17.gnm5.ann1_6.MtrunA17Chr4g0019141	MtrunA17Chr4g0019141	MtATG8b	Autophagy related gene	medtr.A17.gnm5.MtrunA17Chr4	-	14514481	14516652	-1.38026924859783	0.39564313605521	NS	-6.29434173962224	7.08624130338781e-05	DOWN
DOWN	dnf2_only	medtr.A17.gnm5.ann1_6.MtrunA17Chr8g0373061	MtrunA17Chr8g0373061			medtr.A17.gnm5.MtrunA17Chr8	-	35320720	35322573	1.25758181170215	0.528233195213699	NS	-6.28606495484851	0.00273668523769284	DOWN
DOWN	dnf2_only	medtr.A17.gnm5.ann1_6.MtrunA17Chr4g0029861	MtrunA17Chr4g0029861			medtr.A17.gnm5.MtrunA17Chr4	+	30540230	30541321	-0.84417986745663	1	NS	-6.25637795175545	2.51317627897906e-06	DOWN
DOWN	dnf2_only	medtr.A17.gnm5.ann1_6.MtrunA17Chr7g0216371	MtrunA17Chr7g0216371			medtr.A17.gnm5.MtrunA17Chr7	+	2097153	2097555	0.0853060499983386	1	NS	-6.23455937263707	0.00101365308380244	DOWN
DOWN	dnf2_only	medtr.A17.gnm5.ann1_6.MtrunA17Chr7g0259001	MtrunA17Chr7g0259001			medtr.A17.gnm5.MtrunA17Chr7	-	44139358	44143954	-0.455046370871156	1	NS	-6.22507231128975	9.77247112867654e-07	DOWN
DOWN	dnf2_only	medtr.A17.gnm5.ann1_6.MtrunA17Chr3g0107891	MtrunA17Chr3g0107891			medtr.A17.gnm5.MtrunA17Chr3	-	31337845	31339455	0.0048584580378813	1	NS	-6.1934712185294	0.0290000892287145	DOWN
DOWN	dnf2_only	medtr.A17.gnm5.ann1_6.MtrunA17Chr8g0338961	MtrunA17Chr8g0338961			medtr.A17.gnm5.MtrunA17Chr8	-	3257600	3259738	-1.12918162452444	0.876857424507598	NS	-6.17507650420287	0.00821515369852166	DOWN
DOWN	dnf2_only	medtr.A17.gnm5.ann1_6.MtrunA17Chr5g0436751	MtrunA17Chr5g0436751			medtr.A17.gnm5.MtrunA17Chr5	+	36458235	36459090	-1.98180632631119	0.083294155875381	NS	-6.16968940987515	3.35639090401547e-05	DOWN
DOWN	dnf2_only	medtr.A17.gnm5.ann1_6.MtrunA17Chr7g0224601	MtrunA17Chr7g0224601			medtr.A17.gnm5.MtrunA17Chr7	+	9952717	9958672	0.0706986149647903	1	NS	-6.11351257325532	0.00567684470443255	DOWN
DOWN	dnf2_only	medtr.A17.gnm5.ann1_6.MtrunA17Chr6g0450461	MtrunA17Chr6g0450461	MtNCR224	Nodule-specific Cysteine-Rich peptide	medtr.A17.gnm5.MtrunA17Chr6	+	1184117	1185211	0.131552632749945	1	NS	-6.10372203097837	5.09283293312004e-06	DOWN
DOWN	dnf2_only	medtr.A17.gnm5.ann1_6.MtrunA17Chr1g0168751	MtrunA17Chr1g0168751			medtr.A17.gnm5.MtrunA17Chr1	-	17643134	17643757	-0.318487485557736	1	NS	-6.09873605879281	9.92708478492838e-06	DOWN
DOWN	dnf2_only	medtr.A17.gnm5.ann1_6.MtrunA17Chr4g0033221	MtrunA17Chr4g0033221	MtNCR645	Nodule-specific Cysteine-Rich peptide	medtr.A17.gnm5.MtrunA17Chr4	+	33148283	33150881	-0.615208434220223	1	NS	-6.09658542717493	5.73140426106663e-07	DOWN
DOWN	dnf2_only	medtr.A17.gnm5.ann1_6.MtrunA17Chr3g0119061	MtrunA17Chr3g0119061			medtr.A17.gnm5.MtrunA17Chr3	-	39536350	39537304	-0.69965507014929	1	NS	-6.08319714500587	6.40172093171794e-05	DOWN
DOWN	dnf2_only	medtr.A17.gnm5.ann1_6.MtrunA17Chr3g0141601	MtrunA17Chr3g0141601			medtr.A17.gnm5.MtrunA17Chr3	+	55779098	55779962	-0.907987346812225	1	NS	-6.08014232688578	4.12973473854558e-06	DOWN
DOWN	dnf2_only	medtr.A17.gnm5.ann1_6.MtrunA17Chr3g0102941	MtrunA17Chr3g0102941			medtr.A17.gnm5.MtrunA17Chr3	+	27432648	27441261	2.21439507586049	0.00552450319720551	UP	-6.0620515480207	7.06388382412981e-07	DOWN
DOWN	dnf2_only	medtr.A17.gnm5.ann1_6.MtrunA17Chr3g0107781	MtrunA17Chr3g0107781	MtNCR-new19	Nodule-specific Cysteine-Rich peptide	medtr.A17.gnm5.MtrunA17Chr3	-	31283072	31283925	-1.04904368331012	0.797591394560936	NS	-6.05441571932169	2.1469191264747e-06	DOWN
DOWN	dnf2_only	medtr.A17.gnm5.ann1_6.MtrunA17Chr3g0140931	MtrunA17Chr3g0140931	MtMATE54	multidrug and toxic compound extrusion family	medtr.A17.gnm5.MtrunA17Chr3	+	55281103	55283748	0.488594468244423	1	NS	-6.05197213492508	1.20779854963071e-05	DOWN
DOWN	dnf2_only	medtr.A17.gnm5.ann1_6.MtrunA17Chr4g0062941	MtrunA17Chr4g0062941			medtr.A17.gnm5.MtrunA17Chr4	+	54632563	54642936	-0.0999197803097211	1	NS	-6.02734705523954	1.88438562497955e-05	DOWN
DOWN	dnf2_only	medtr.A17.gnm5.ann1_6.MtrunA17Chr4g0017351	MtrunA17Chr4g0017351			medtr.A17.gnm5.MtrunA17Chr4	+	12863760	12864418	0.855360563875457	1	NS	-6.02157215500224	0.0373557884199702	DOWN
DOWN	dnf2_only	medtr.A17.gnm5.ann1_6.MtrunA17Chr5g0428061	MtrunA17Chr5g0428061			medtr.A17.gnm5.MtrunA17Chr5	-	29725376	29726045	-1.84345618385643	0.173429352318073	NS	-5.98471376458285	0.000252518148562752	DOWN
DOWN	dnf2_only	medtr.A17.gnm5.ann1_6.MtrunA17Chr7g0232711	MtrunA17Chr7g0232711			medtr.A17.gnm5.MtrunA17Chr7	+	22965473	22965775	1.70710224624807	0.259259068028762	NS	-5.95955019324197	0.0215194753651928	DOWN
DOWN	dnf2_only	medtr.A17.gnm5.ann1_6.MtrunA17Chr8g0360901	MtrunA17Chr8g0360901			medtr.A17.gnm5.MtrunA17Chr8	+	25187995	25188688	-1.53041691729862	0.155171248551475	NS	-5.95134674586069	1.16498679198843e-06	DOWN
DOWN	dnf2_only	medtr.A17.gnm5.ann1_6.MtrunA17Chr3g0122161	MtrunA17Chr3g0122161			medtr.A17.gnm5.MtrunA17Chr3	-	41770848	41775327	0.575047957251232	1	NS	-5.94929382754041	0.0449414638718358	DOWN
DOWN	dnf2_only	medtr.A17.gnm5.ann1_6.MtrunA17Chr4g0035281	MtrunA17Chr4g0035281			medtr.A17.gnm5.MtrunA17Chr4	+	34729915	34731070	1.06732532871177	0.783736044536179	NS	-5.88573357067707	0.000722812275068855	DOWN
DOWN	dnf2_only	medtr.A17.gnm5.ann1_6.MtrunA17Chr3g0100451	MtrunA17Chr3g0100451			medtr.A17.gnm5.MtrunA17Chr3	-	25042342	25042857	-1.8201931059633	0.110345005411277	NS	-5.87907205523305	2.36085258001846e-05	DOWN
DOWN	dnf2_only	medtr.A17.gnm5.ann1_6.MtrunA17Chr2g0314131	MtrunA17Chr2g0314131			medtr.A17.gnm5.MtrunA17Chr2	-	36698994	36700517	-0.881776412584591	1	NS	-5.84569051771793	4.33675912149889e-06	DOWN
DOWN	dnf2_only	medtr.A17.gnm5.ann1_6.MtrunA17Chr3g0124121	MtrunA17Chr3g0124121			medtr.A17.gnm5.MtrunA17Chr3	+	43019503	43020864	1.6104130971649	0.368479047825156	NS	-5.83216592983144	0.0391562487343926	DOWN
DOWN	dnf2_only	medtr.A17.gnm5.ann1_6.MtrunA17Chr7g0216161	MtrunA17Chr7g0216161			medtr.A17.gnm5.MtrunA17Chr7	-	1977409	1978234	0.838302955374824	1	NS	-5.82978426672691	0.0057970146948263	DOWN
DOWN	dnf2_only	medtr.A17.gnm5.ann1_6.MtrunA17Chr5g0420611	MtrunA17Chr5g0420611			medtr.A17.gnm5.MtrunA17Chr5	+	21088105	21091372	-0.765892248418684	1	NS	-5.81135500582106	2.47347976083026e-05	DOWN
DOWN	dnf2_only	medtr.A17.gnm5.ann1_6.MtrunA17Chr6g0452951	MtrunA17Chr6g0452951			medtr.A17.gnm5.MtrunA17Chr6	-	3237225	3238863	-0.471752687914096	1	NS	-5.79919494562363	1.08743784531869e-05	DOWN
DOWN	dnf2_only	medtr.A17.gnm5.ann1_6.MtrunA17Chr2g0293991	MtrunA17Chr2g0293991			medtr.A17.gnm5.MtrunA17Chr2	-	12816521	12817222	-1.55081294101301	0.264953533793556	NS	-5.79801685147638	2.98679772869621e-05	DOWN
DOWN	dnf2_only	medtr.A17.gnm5.ann1_6.MtrunA17Chr3g0102411	MtrunA17Chr3g0102411			medtr.A17.gnm5.MtrunA17Chr3	+	26938733	26941708	-1.02094066198393	0.850572550723341	NS	-5.78340236005788	3.01442896259702e-05	DOWN
DOWN	dnf2_only	medtr.A17.gnm5.ann1_6.MtrunA17Chr2g0324021	MtrunA17Chr2g0324021			medtr.A17.gnm5.MtrunA17Chr2	+	44364996	44366152	-1.70275597186973	0.643937083403328	NS	-5.76874074121804	0.0384898035323093	DOWN
DOWN	dnf2_only	medtr.A17.gnm5.ann1_6.MtrunA17Chr7g0220261	MtrunA17Chr7g0220261	MtLAT52/POE_2	Late Anther Tomato52/Pollen Ole e 1 Allergen and Extensin	medtr.A17.gnm5.MtrunA17Chr7	+	5608794	5610389	-0.734847468781968	1	NS	-5.73892232811075	0.00284608601187624	DOWN
DOWN	dnf2_only	medtr.A17.gnm5.ann1_6.MtrunA17Chr3g0105251	MtrunA17Chr3g0105251			medtr.A17.gnm5.MtrunA17Chr3	+	29207273	29207840	-0.131620712888014	1	NS	-5.69328140170806	2.36085258001846e-05	DOWN
DOWN	dnf2_only	medtr.A17.gnm5.ann1_6.MtrunA17Chr6g0484741	MtrunA17Chr6g0484741	MtNCR191	Nodule-specific Cysteine-Rich peptide	medtr.A17.gnm5.MtrunA17Chr6	-	39262667	39264921	-1.21089271455372	0.595288283201753	NS	-5.69075749156436	7.14032992209181e-06	DOWN
DOWN	dnf2_only	medtr.A17.gnm5.ann1_6.MtrunA17Chr3g0083611	MtrunA17Chr3g0083611			medtr.A17.gnm5.MtrunA17Chr3	-	5213905	5214323	-2.6735482524365	0.110967837543091	NS	-5.67503001002098	0.00439596196740187	DOWN
DOWN	dnf2_only	medtr.A17.gnm5.ann1_6.MtrunA17Chr2g0314141	MtrunA17Chr2g0314141			medtr.A17.gnm5.MtrunA17Chr2	-	36700941	36701519	-0.0903860105549004	1	NS	-5.6686287618911	0.000141688967363657	DOWN
DOWN	dnf2_only	medtr.A17.gnm5.ann1_6.MtrunA17Chr8g0348771	MtrunA17Chr8g0348771			medtr.A17.gnm5.MtrunA17Chr8	+	11374167	11375321	-1.05291730211677	0.849335792345807	NS	-5.63958321602182	0.000918491881518834	DOWN
DOWN	dnf2_only	medtr.A17.gnm5.ann1_6.MtrunA17Chr7g0228691	MtrunA17Chr7g0228691			medtr.A17.gnm5.MtrunA17Chr7	-	14228010	14231273	1.41457803317525	0.478413670383289	NS	-5.60668853053264	0.0228167879414508	DOWN
DOWN	dnf2_only	medtr.A17.gnm5.ann1_6.MtrunA17Chr3g0108581	MtrunA17Chr3g0108581	MtNCR023	Nodule-specific Cysteine-Rich peptide	medtr.A17.gnm5.MtrunA17Chr3	-	31871087	31872184	-0.037353827248073	1	NS	-5.57380011020974	2.48061943951521e-05	DOWN
DOWN	dnf2_only	medtr.A17.gnm5.ann1_6.MtrunA17Chr8g0373071	MtrunA17Chr8g0373071			medtr.A17.gnm5.MtrunA17Chr8	-	35322575	35325087	1.68727535144075	0.225407054633819	NS	-5.53291816056571	0.0163227171380142	DOWN
DOWN	dnf2_only	medtr.A17.gnm5.ann1_6.MtrunA17Chr7g0228671	MtrunA17Chr7g0228671	MtNCR348	Nodule-specific Cysteine-Rich peptide	medtr.A17.gnm5.MtrunA17Chr7	-	14123422	14124105	-0.937902483966228	0.986568861690592	NS	-5.52385734084601	1.92547004072259e-06	DOWN
DOWN	dnf2_only	medtr.A17.gnm5.ann1_6.MtrunA17Chr3g0140941	MtrunA17Chr3g0140941			medtr.A17.gnm5.MtrunA17Chr3	-	55281158	55281496	0.60110276376006	1	NS	-5.49053406186122	3.56811279573741e-05	DOWN
DOWN	dnf2_only	medtr.A17.gnm5.ann1_6.MtrunA17Chr1g0179231	MtrunA17Chr1g0179231			medtr.A17.gnm5.MtrunA17Chr1	-	30598189	30599735	-2.40495046074603	0.069527670677589	NS	-5.44600959842475	0.000587345618738262	DOWN
DOWN	dnf2_only	medtr.A17.gnm5.ann1_6.MtrunA17Chr1g0184441	MtrunA17Chr1g0184441			medtr.A17.gnm5.MtrunA17Chr1	-	35024249	35028545	-0.768588564503789	1	NS	-5.4434089712803	0.000170822916638297	DOWN
DOWN	dnf2_only	medtr.A17.gnm5.ann1_6.MtrunA17Chr6g0487721	MtrunA17Chr6g0487721	MtNCR172	Nodule-specific Cysteine-Rich peptide	medtr.A17.gnm5.MtrunA17Chr6	+	41969388	41972737	-0.412998825137473	1	NS	-5.43788085136172	7.81593448815732e-06	DOWN
DOWN	dnf2_only	medtr.A17.gnm5.ann1_6.MtrunA17Chr4g0059731	MtrunA17Chr4g0059731			medtr.A17.gnm5.MtrunA17Chr4	+	52295562	52297334	-1.47996646483155	0.272813511172409	NS	-5.42821795015574	1.5548591168599e-05	DOWN
DOWN	dnf2_only	medtr.A17.gnm5.ann1_6.MtrunA17Chr6g0452831	MtrunA17Chr6g0452831			medtr.A17.gnm5.MtrunA17Chr6	-	3148707	3150267	0.951906220642464	0.966389092254098	NS	-5.390336560641	0.010419733737919	DOWN
DOWN	dnf2_only	medtr.A17.gnm5.ann1_6.MtrunA17Chr3g0108501	MtrunA17Chr3g0108501	MtNCR-new20	Nodule-specific Cysteine-Rich peptide	medtr.A17.gnm5.MtrunA17Chr3	+	31834707	31837529	-1.5152717748712	0.146421481414445	NS	-5.37874431803673	3.4786379435748e-07	DOWN
DOWN	dnf2_only	medtr.A17.gnm5.ann1_6.MtrunA17Chr1g0191321	MtrunA17Chr1g0191321			medtr.A17.gnm5.MtrunA17Chr1	-	40432023	40432776	-1.4452294721072	0.33307567449929	NS	-5.36822945653345	4.71157739217943e-05	DOWN
DOWN	dnf2_only	medtr.A17.gnm5.ann1_6.MtrunA17Chr6g0477601	MtrunA17Chr6g0477601			medtr.A17.gnm5.MtrunA17Chr6	+	32357251	32358619	-0.581080026731504	1	NS	-5.3584244883478	0.00147309879856993	DOWN
DOWN	dnf2_only	medtr.A17.gnm5.ann1_6.MtrunA17Chr6g0475441	MtrunA17Chr6g0475441			medtr.A17.gnm5.MtrunA17Chr6	+	29691742	29694529	-1.4226993627829	0.348239363397618	NS	-5.35319447212813	1.68161381097664e-05	DOWN
DOWN	dnf2_only	medtr.A17.gnm5.ann1_6.MtrunA17Chr6g0450481	MtrunA17Chr6g0450481			medtr.A17.gnm5.MtrunA17Chr6	-	1189551	1190166	-1.65853654948663	0.447584323219812	NS	-5.34195331833105	0.00751839594572216	DOWN
DOWN	dnf2_only	medtr.A17.gnm5.ann1_6.MtrunA17Chr2g0309581	MtrunA17Chr2g0309581			medtr.A17.gnm5.MtrunA17Chr2	-	32283466	32285086	-0.761399994564218	1	NS	-5.32228482658665	7.79439580237597e-06	DOWN
DOWN	dnf2_only	medtr.A17.gnm5.ann1_6.MtrunA17Chr8g0365131	MtrunA17Chr8g0365131	MtNCR733	Nodule-specific Cysteine-Rich peptide	medtr.A17.gnm5.MtrunA17Chr8	+	29343482	29348542	0.034485408617472	1	NS	-5.30553571593402	2.01684669746705e-05	DOWN
DOWN	dnf2_only	medtr.A17.gnm5.ann1_6.MtrunA17Chr4g0022231	MtrunA17Chr4g0022231			medtr.A17.gnm5.MtrunA17Chr4	+	21656947	21673004	0.321022755956704	1	NS	-5.28752483415593	3.01087263790099e-07	DOWN
DOWN	dnf2_only	medtr.A17.gnm5.ann1_6.MtrunA17Chr3g0085221	MtrunA17Chr3g0085221			medtr.A17.gnm5.MtrunA17Chr3	+	6587720	6588359	-0.221218336877079	1	NS	-5.26818370088428	0.00474226655408867	DOWN
DOWN	dnf2_only	medtr.A17.gnm5.ann1_6.MtrunA17Chr8g0365151	MtrunA17Chr8g0365151	MtLP18	LEED..PEED family	medtr.A17.gnm5.MtrunA17Chr8	+	29349547	29350842	-0.0590730996336835	1	NS	-5.23865460817108	2.06801984600293e-06	DOWN
DOWN	dnf2_only	medtr.A17.gnm5.ann1_6.MtrunA17Chr8g0358151	MtrunA17Chr8g0358151			medtr.A17.gnm5.MtrunA17Chr8	+	20185558	20186824	0.529638643317803	1	NS	-5.23063223456906	0.00504311376724984	DOWN
DOWN	dnf2_only	medtr.A17.gnm5.ann1_6.MtrunA17Chr4g0035331	MtrunA17Chr4g0035331			medtr.A17.gnm5.MtrunA17Chr4	+	34754902	34755999	0.692659820268956	1	NS	-5.21806091398793	0.00844304676448515	DOWN
DOWN	dnf2_only	medtr.A17.gnm5.ann1_6.MtrunA17Chr5g0423661	MtrunA17Chr5g0423661			medtr.A17.gnm5.MtrunA17Chr5	+	25422052	25422780	-2.60687571635992	0.051232540381022	NS	-5.21330023152911	0.00075724372905932	DOWN
DOWN	dnf2_only	medtr.A17.gnm5.ann1_6.MtrunA17Chr4g0013941	MtrunA17Chr4g0013941			medtr.A17.gnm5.MtrunA17Chr4	-	11353728	11358245	-0.383501535189615	1	NS	-5.20065557236496	0.00172338468608326	DOWN
DOWN	dnf2_only	medtr.A17.gnm5.ann1_6.MtrunA17Chr1g0205381	MtrunA17Chr1g0205381			medtr.A17.gnm5.MtrunA17Chr1	-	50607735	50610237	-2.19734212355716	0.226458269779383	NS	-5.20050034329981	0.00783395405649289	DOWN
DOWN	dnf2_only	medtr.A17.gnm5.ann1_6.MtrunA17Chr8g0361871	MtrunA17Chr8g0361871	MtNCR093	Nodule-specific Cysteine-Rich peptide	medtr.A17.gnm5.MtrunA17Chr8	+	26432253	26435959	-1.11136880075658	0.686288346818205	NS	-5.1961353143633	3.16514282315572e-06	DOWN
DOWN	dnf2_only	medtr.A17.gnm5.ann1_6.MtrunA17Chr1g0178591	MtrunA17Chr1g0178591			medtr.A17.gnm5.MtrunA17Chr1	-	30053848	30058240	-0.163069702022367	1	NS	-5.18989245274671	8.46567519509264e-06	DOWN
DOWN	dnf2_only	medtr.A17.gnm5.ann1_6.MtrunA17Chr4g0029831	MtrunA17Chr4g0029831	MtNCR062	Nodule-specific Cysteine-Rich peptide	medtr.A17.gnm5.MtrunA17Chr4	+	30531249	30536779	-0.081159066907766	1	NS	-5.1843734238737	1.6984287948724e-05	DOWN
DOWN	dnf2_only	medtr.A17.gnm5.ann1_6.MtrunA17Chr3g0083181	MtrunA17Chr3g0083181			medtr.A17.gnm5.MtrunA17Chr3	-	4843169	4844486	-0.142274996416825	1	NS	-5.17653368687059	2.62410449879941e-05	DOWN
DOWN	dnf2_only	medtr.A17.gnm5.ann1_6.MtrunA17Chr3g0084011	MtrunA17Chr3g0084011			medtr.A17.gnm5.MtrunA17Chr3	+	5564312	5565470	0.245483930890835	1	NS	-5.17104644748651	0.00129259696992306	DOWN
DOWN	dnf2_only	medtr.A17.gnm5.ann1_6.MtrunA17Chr4g0027891	MtrunA17Chr4g0027891			medtr.A17.gnm5.MtrunA17Chr4	+	28976195	28992670	-0.484252752544885	1	NS	-5.1502511799856	1.84650909947916e-06	DOWN
DOWN	dnf2_only	medtr.A17.gnm5.ann1_6.MtrunA17Chr3g0105311	MtrunA17Chr3g0105311			medtr.A17.gnm5.MtrunA17Chr3	-	29263770	29269751	0.782783789191954	1	NS	-5.14647472767056	0.000203495104368939	DOWN
DOWN	dnf2_only	medtr.A17.gnm5.ann1_6.MtrunA17Chr7g0227061	MtrunA17Chr7g0227061			medtr.A17.gnm5.MtrunA17Chr7	+	12160857	12161787	-1.13226417615788	0.722008410808439	NS	-5.14427866415489	0.000226269152004553	DOWN
DOWN	dnf2_only	medtr.A17.gnm5.ann1_6.MtrunA17Chr6g0477581	MtrunA17Chr6g0477581			medtr.A17.gnm5.MtrunA17Chr6	+	32351835	32356361	-0.451502580810732	1	NS	-5.12952870533221	3.45267359120445e-06	DOWN
DOWN	dnf2_only	medtr.A17.gnm5.ann1_6.MtrunA17Chr7g0231361	MtrunA17Chr7g0231361			medtr.A17.gnm5.MtrunA17Chr7	-	20939882	20940355	1.04049524517141	0.840897746184331	NS	-5.12091568352482	0.0062295432650346	DOWN
DOWN	dnf2_only	medtr.A17.gnm5.ann1_6.MtrunA17Chr7g0224291	MtrunA17Chr7g0224291	MtNCR158	Nodule-specific Cysteine-Rich peptide	medtr.A17.gnm5.MtrunA17Chr7	-	9500360	9501660	0.051719115706293	1	NS	-5.09606458731264	2.21211351595072e-05	DOWN
DOWN	dnf2_only	medtr.A17.gnm5.ann1_6.MtrunA17Chr8g0352881	MtrunA17Chr8g0352881			medtr.A17.gnm5.MtrunA17Chr8	+	14697756	14700172	-0.298708106177879	1	NS	-5.07616647869351	0.00525855557052887	DOWN
DOWN	dnf2_only	medtr.A17.gnm5.ann1_6.MtrunA17Chr1g0146141	MtrunA17Chr1g0146141			medtr.A17.gnm5.MtrunA17Chr1	+	67979	68350	-1.76356491965194	0.314702876939386	NS	-5.07591437113798	0.00381827769243951	DOWN
DOWN	dnf2_only	medtr.A17.gnm5.ann1_6.MtrunA17Chr2g0320851	MtrunA17Chr2g0320851			medtr.A17.gnm5.MtrunA17Chr2	+	42035659	42036728	-0.887750881527583	1	NS	-5.06948097185034	1.0269546036524e-05	DOWN
DOWN	dnf2_only	medtr.A17.gnm5.ann1_6.MtrunA17Chr4g0014031	MtrunA17Chr4g0014031			medtr.A17.gnm5.MtrunA17Chr4	+	11471190	11472036	-0.436365190378031	1	NS	-5.06053761964319	0.000284066273829037	DOWN
DOWN	dnf2_only	medtr.A17.gnm5.ann1_6.MtrunA17Chr7g0224321	MtrunA17Chr7g0224321	MtNCR287	Nodule-specific Cysteine-Rich peptide	medtr.A17.gnm5.MtrunA17Chr7	-	9538365	9539983	-0.0793319316620792	1	NS	-5.05156519378534	6.97543533855878e-06	DOWN
DOWN	dnf2_only	medtr.A17.gnm5.ann1_6.MtrunA17Chr4g0024011	MtrunA17Chr4g0024011			medtr.A17.gnm5.MtrunA17Chr4	+	24574231	24574744	-0.677475653177302	1	NS	-5.03806884721131	0.00392269314388733	DOWN
DOWN	dnf2_only	medtr.A17.gnm5.ann1_6.MtrunA17Chr4g0050981	MtrunA17Chr4g0050981			medtr.A17.gnm5.MtrunA17Chr4	-	45717451	45719665	-1.90428223567415	0.0648997206858985	NS	-5.01174605560731	3.01442896259702e-05	DOWN
DOWN	dnf2_only	medtr.A17.gnm5.ann1_6.MtrunA17Chr3g0102031	MtrunA17Chr3g0102031	MtNCR-new17	Nodule-specific Cysteine-Rich peptide	medtr.A17.gnm5.MtrunA17Chr3	+	26511741	26515605	-1.33681400948908	0.490139634447287	NS	-4.99605427810752	6.31368374731679e-05	DOWN
DOWN	dnf2_only	medtr.A17.gnm5.ann1_6.MtrunA17Chr6g0462461	MtrunA17Chr6g0462461			medtr.A17.gnm5.MtrunA17Chr6	+	11496686	11498022	-1.3526164231924	0.422586093695381	NS	-4.97284266412706	7.08624130338781e-05	DOWN
DOWN	dnf2_only	medtr.A17.gnm5.ann1_6.MtrunA17Chr7g0240711	MtrunA17Chr7g0240711			medtr.A17.gnm5.MtrunA17Chr7	+	30422113	30430120	-0.589051622515702	1	NS	-4.94085787226727	6.81713782626274e-07	DOWN
DOWN	dnf2_only	medtr.A17.gnm5.ann1_6.MtrunA17Chr5g0417091	MtrunA17Chr5g0417091			medtr.A17.gnm5.MtrunA17Chr5	-	17729591	17736766	0.828195366160067	1	NS	-4.94024463692446	0.00468549476535849	DOWN
DOWN	dnf2_only	medtr.A17.gnm5.ann1_6.MtrunA17Chr8g0349101	MtrunA17Chr8g0349101			medtr.A17.gnm5.MtrunA17Chr8	+	11665931	11666936	1.04639789500717	0.91690705261899	NS	-4.92648824336532	0.000571679301786681	DOWN
DOWN	dnf2_only	medtr.A17.gnm5.ann1_6.MtrunA17Chr1g0201791	MtrunA17Chr1g0201791			medtr.A17.gnm5.MtrunA17Chr1	+	48089282	48091725	-1.613796931469	0.504392982076085	NS	-4.92599559480074	0.014984422426615	DOWN
DOWN	dnf2_only	medtr.A17.gnm5.ann1_6.MtrunA17Chr5g0409771	MtrunA17Chr5g0409771			medtr.A17.gnm5.MtrunA17Chr5	-	11472737	11475956	2.4827462288928	0.0114449385508245	UP	-4.90677526790764	0.000212605853449703	DOWN
DOWN	dnf2_only	medtr.A17.gnm5.ann1_6.MtrunA17Chr2g0301471	MtrunA17Chr2g0301471			medtr.A17.gnm5.MtrunA17Chr2	+	19226174	19232004	-1.75094985299927	0.199559061943042	NS	-4.89697771478087	0.000356819972700656	DOWN
DOWN	dnf2_only	medtr.A17.gnm5.ann1_6.MtrunA17Chr4g0033211	MtrunA17Chr4g0033211			medtr.A17.gnm5.MtrunA17Chr4	-	33141053	33145914	0.015793867474409	1	NS	-4.88986071259997	0.00204007396799025	DOWN
DOWN	dnf2_only	medtr.A17.gnm5.ann1_6.MtrunA17Chr7g0214881	MtrunA17Chr7g0214881			medtr.A17.gnm5.MtrunA17Chr7	+	1099917	1102702	-0.270062712381207	1	NS	-4.87944108105229	1.85602655796198e-06	DOWN
DOWN	dnf2_only	medtr.A17.gnm5.ann1_6.MtrunA17Chr6g0475781	MtrunA17Chr6g0475781			medtr.A17.gnm5.MtrunA17Chr6	+	30386203	30387155	-1.06598727567389	0.798561777589316	NS	-4.85517607965902	0.000330051169931301	DOWN
DOWN	dnf2_only	medtr.A17.gnm5.ann1_6.MtrunA17Chr7g0240741	MtrunA17Chr7g0240741			medtr.A17.gnm5.MtrunA17Chr7	+	30443944	30445430	0.398322406074169	1	NS	-4.84928603092939	2.20810884632537e-05	DOWN
DOWN	dnf2_only	medtr.A17.gnm5.ann1_6.MtrunA17Chr1g0149131	MtrunA17Chr1g0149131			medtr.A17.gnm5.MtrunA17Chr1	+	2408974	2409573	-1.06255457955268	0.856503759381092	NS	-4.84773052318021	0.00561887145010103	DOWN
DOWN	dnf2_only	medtr.A17.gnm5.ann1_6.MtrunA17Chr3g0104891	MtrunA17Chr3g0104891			medtr.A17.gnm5.MtrunA17Chr3	-	28941681	28941995	-0.783984919699166	1	NS	-4.84228501867671	0.0171629319669786	DOWN
DOWN	dnf2_only	medtr.A17.gnm5.ann1_6.MtrunA17Chr1g0200041	MtrunA17Chr1g0200041			medtr.A17.gnm5.MtrunA17Chr1	+	46679093	46680013	-2.43740972521959	0.0553119635001851	NS	-4.83641764195012	0.00074796989420513	DOWN
DOWN	dnf2_only	medtr.A17.gnm5.ann1_6.MtrunA17Chr3g0102021	MtrunA17Chr3g0102021			medtr.A17.gnm5.MtrunA17Chr3	-	26506564	26514331	-0.766732170333932	1	NS	-4.8212965226142	2.98679772869621e-05	DOWN
DOWN	dnf2_only	medtr.A17.gnm5.ann1_6.MtrunA17Chr1g0206021	MtrunA17Chr1g0206021			medtr.A17.gnm5.MtrunA17Chr1	+	51144817	51146505	0.607555806184009	1	NS	-4.80682783709151	0.00721361740127418	DOWN
DOWN	dnf2_only	medtr.A17.gnm5.ann1_6.MtrunA17Chr4g0022471	MtrunA17Chr4g0022471			medtr.A17.gnm5.MtrunA17Chr4	+	22177980	22181134	-0.996821216077355	0.884957955835293	NS	-4.80615908450362	8.06645422613137e-06	DOWN
DOWN	dnf2_only	medtr.A17.gnm5.ann1_6.MtrunA17Chr5g0425531	MtrunA17Chr5g0425531			medtr.A17.gnm5.MtrunA17Chr5	+	27508153	27513572	0.25571447300617	1	NS	-4.7953912057725	0.0107677870365911	DOWN
DOWN	dnf2_only	medtr.A17.gnm5.ann1_6.MtrunA17Chr8g0353061	MtrunA17Chr8g0353061			medtr.A17.gnm5.MtrunA17Chr8	+	14822164	14823083	-0.50426605264615	1	NS	-4.78952983857055	0.000909215910235078	DOWN
DOWN	dnf2_only	medtr.A17.gnm5.ann1_6.MtrunA17Chr1g0169961	MtrunA17Chr1g0169961	MtHAC1	histone acetyltransferase 1	medtr.A17.gnm5.MtrunA17Chr1	+	18613574	18620343	0.142511107222278	1	NS	-4.78883937685619	1.18234773858568e-06	DOWN
DOWN	dnf2_only	medtr.A17.gnm5.ann1_6.MtrunA17Chr1g0173211	MtrunA17Chr1g0173211			medtr.A17.gnm5.MtrunA17Chr1	+	22593089	22596073	-1.13997455764618	0.686066980456109	NS	-4.77556252489997	5.56201101472736e-05	DOWN
DOWN	dnf2_only	medtr.A17.gnm5.ann1_6.MtrunA17Chr1g0169721	MtrunA17Chr1g0169721	MtNCR531	Nodule-specific Cysteine-Rich peptide	medtr.A17.gnm5.MtrunA17Chr1	-	18359794	18360309	-1.50522073800966	0.190566457903894	NS	-4.76638485373689	1.16471335217244e-05	DOWN
DOWN	dnf2_only	medtr.A17.gnm5.ann1_6.MtrunA17Chr2g0301531	MtrunA17Chr2g0301531			medtr.A17.gnm5.MtrunA17Chr2	+	19277348	19280240	1.21017493241988	0.641047514030349	NS	-4.76517657297264	0.0127027444489553	DOWN
DOWN	dnf2_only	medtr.A17.gnm5.ann1_6.MtrunA17Chr4g0062771	MtrunA17Chr4g0062771	MtBG44	beta-1,3-Glucanase 44	medtr.A17.gnm5.MtrunA17Chr4	+	54462654	54464801	-1.0648572802188	0.845326221674496	NS	-4.7571699469153	0.00213059341252183	DOWN
DOWN	dnf2_only	medtr.A17.gnm5.ann1_6.MtrunA17Chr2g0303811	MtrunA17Chr2g0303811			medtr.A17.gnm5.MtrunA17Chr2	+	21589710	21591816	-0.831415233103292	1	NS	-4.751538119802	0.00118425960269134	DOWN
DOWN	dnf2_only	medtr.A17.gnm5.ann1_6.MtrunA17Chr6g0467111	MtrunA17Chr6g0467111	MtGLV1|MtRGF6	Golven/ Root Growth Factor|Root Meristem Growth Factor (peptide)	medtr.A17.gnm5.MtrunA17Chr6	+	16010870	16012170	0.526410712143402	1	NS	-4.75031190600292	1.13197692475599e-05	DOWN
DOWN	dnf2_only	medtr.A17.gnm5.ann1_6.MtrunA17Chr1g0167571	MtrunA17Chr1g0167571			medtr.A17.gnm5.MtrunA17Chr1	+	16469871	16471340	-1.163906127728	0.59735945312479	NS	-4.72378066654096	8.94596800302475e-06	DOWN
DOWN	dnf2_only	medtr.A17.gnm5.ann1_6.MtrunA17Chr7g0249141	MtrunA17Chr7g0249141	MtPIN9	PIN-FORMED auxin efflux carrier component	medtr.A17.gnm5.MtrunA17Chr7	+	37043339	37046168	-0.697330262857877	1	NS	-4.71866379096763	1.46999515422328e-05	DOWN
DOWN	dnf2_only	medtr.A17.gnm5.ann1_6.MtrunA17Chr3g0140921	MtrunA17Chr3g0140921			medtr.A17.gnm5.MtrunA17Chr3	-	55279312	55280445	2.16136451169077	0.00856352330876052	UP	-4.70959250276274	2.61728210865403e-05	DOWN
DOWN	dnf2_only	medtr.A17.gnm5.ann1_6.MtrunA17Chr4g0029891	MtrunA17Chr4g0029891			medtr.A17.gnm5.MtrunA17Chr4	-	30549856	30550997	-1.7210747775184	0.137760636343185	NS	-4.69921906901164	7.08624130338781e-05	DOWN
DOWN	dnf2_only	medtr.A17.gnm5.ann1_6.MtrunA17Chr3g0102061	MtrunA17Chr3g0102061			medtr.A17.gnm5.MtrunA17Chr3	+	26534838	26535539	-1.13753518600756	0.699494459508599	NS	-4.68230362494173	0.000128263005253665	DOWN
DOWN	dnf2_only	medtr.A17.gnm5.ann1_6.MtrunA17Chr2g0309001	MtrunA17Chr2g0309001			medtr.A17.gnm5.MtrunA17Chr2	+	31808668	31811569	-0.714475652839203	1	NS	-4.67023032368495	0.00948613914203784	DOWN
DOWN	dnf2_only	medtr.A17.gnm5.ann1_6.MtrunA17Chr3g0107801	MtrunA17Chr3g0107801			medtr.A17.gnm5.MtrunA17Chr3	-	31290131	31290809	-3.06801027013132	0.0641813294349281	NS	-4.66476092797004	0.00590980822296822	DOWN
DOWN	dnf2_only	medtr.A17.gnm5.ann1_6.MtrunA17Chr7g0220631	MtrunA17Chr7g0220631			medtr.A17.gnm5.MtrunA17Chr7	-	6074601	6075489	-1.00673558374671	0.887800273582329	NS	-4.66000236302309	0.000292081159243942	DOWN
DOWN	dnf2_only	medtr.A17.gnm5.ann1_6.MtrunA17Chr5g0396351	MtrunA17Chr5g0396351			medtr.A17.gnm5.MtrunA17Chr5	-	1973903	1976612	0.301068233613175	1	NS	-4.64928241558002	0.000239002074640919	DOWN
DOWN	dnf2_only	medtr.A17.gnm5.ann1_6.MtrunA17Chr3g0110511	MtrunA17Chr3g0110511			medtr.A17.gnm5.MtrunA17Chr3	+	33154164	33155447	0.687084861559057	1	NS	-4.64588647145123	6.83500074087697e-06	DOWN
DOWN	dnf2_only	medtr.A17.gnm5.ann1_6.MtrunA17Chr5g0415771	MtrunA17Chr5g0415771	TRX	Thioredoxin	medtr.A17.gnm5.MtrunA17Chr5	-	16489060	16490497	-0.688355443874523	1	NS	-4.64275271305267	6.73224518737439e-06	DOWN
DOWN	dnf2_only	medtr.A17.gnm5.ann1_6.MtrunA17Chr6g0464731	MtrunA17Chr6g0464731			medtr.A17.gnm5.MtrunA17Chr6	+	13987252	13988142	-0.416068275305505	1	NS	-4.63437523631065	0.0189671325639489	DOWN
DOWN	dnf2_only	medtr.A17.gnm5.ann1_6.MtrunA17Chr7g0243591	MtrunA17Chr7g0243591			medtr.A17.gnm5.MtrunA17Chr7	-	32837755	32842039	-1.51852172202664	0.193436582090662	NS	-4.63378137058187	1.19672652882432e-05	DOWN
DOWN	dnf2_only	medtr.A17.gnm5.ann1_6.MtrunA17Chr1g0174711	MtrunA17Chr1g0174711			medtr.A17.gnm5.MtrunA17Chr1	+	25940409	25948056	0.0363867476454795	1	NS	-4.62668850080165	2.3835748789439e-06	DOWN
DOWN	dnf2_only	medtr.A17.gnm5.ann1_6.MtrunA17Chr3g0107861	MtrunA17Chr3g0107861			medtr.A17.gnm5.MtrunA17Chr3	-	31320858	31321314	-1.59598825506445	0.342532382470478	NS	-4.62252061974883	0.00110883670060763	DOWN
DOWN	dnf2_only	medtr.A17.gnm5.ann1_6.MtrunA17Chr3g0103071	MtrunA17Chr3g0103071			medtr.A17.gnm5.MtrunA17Chr3	+	27502315	27504390	1.41612148973389	0.252066385565079	NS	-4.62077400038858	8.54631983635061e-05	DOWN
DOWN	dnf2_only	medtr.A17.gnm5.ann1_6.MtrunA17Chr5g0431111	MtrunA17Chr5g0431111	MtNCR447	Nodule-specific Cysteine-Rich peptide	medtr.A17.gnm5.MtrunA17Chr5	+	32094023	32095076	-1.55561966089243	0.176044769357589	NS	-4.60863215781647	5.42267036105914e-06	DOWN
DOWN	dnf2_only	medtr.A17.gnm5.ann1_6.MtrunA17Chr7g0216301	MtrunA17Chr7g0216301			medtr.A17.gnm5.MtrunA17Chr7	-	2019854	2019969	-0.158508006440742	1	NS	-4.59428148675392	1.06005613051641e-05	DOWN
DOWN	dnf2_only	medtr.A17.gnm5.ann1_6.MtrunA17Chr4g0022201	MtrunA17Chr4g0022201			medtr.A17.gnm5.MtrunA17Chr4	-	21642189	21645463	-0.170899008382072	1	NS	-4.57809796350692	0.0130952867992303	DOWN
DOWN	dnf2_only	medtr.A17.gnm5.ann1_6.MtrunA17Chr4g0059121	MtrunA17Chr4g0059121			medtr.A17.gnm5.MtrunA17Chr4	-	51903838	51906439	-1.20571627945537	0.743134594956767	NS	-4.57605425920554	0.00434034301293883	DOWN
DOWN	dnf2_only	medtr.A17.gnm5.ann1_6.MtrunA17Chr4g0060721	MtrunA17Chr4g0060721	MtMYB006	Myeloblastosis (MYB) transcription factor 6	medtr.A17.gnm5.MtrunA17Chr4	+	53004076	53006522	1.39242116482533	0.254854952581471	NS	-4.57276393632726	5.99286579779228e-05	DOWN
DOWN	dnf2_only	medtr.A17.gnm5.ann1_6.MtrunA17Chr4g0006321	MtrunA17Chr4g0006321			medtr.A17.gnm5.MtrunA17Chr4	+	5015880	5016642	0.970231794152371	0.934218852485297	NS	-4.57231438566829	6.40172093171794e-05	DOWN
DOWN	dnf2_only	medtr.A17.gnm5.ann1_6.MtrunA17Chr1g0167581	MtrunA17Chr1g0167581			medtr.A17.gnm5.MtrunA17Chr1	-	16470432	16470994	-1.24560244703161	0.531707187424843	NS	-4.55556989138214	7.08624130338781e-05	DOWN
DOWN	dnf2_only	medtr.A17.gnm5.ann1_6.MtrunA17Chr7g0243321	MtrunA17Chr7g0243321	MtNCR021	Nodule-specific Cysteine-Rich peptide	medtr.A17.gnm5.MtrunA17Chr7	+	32608347	32609040	-0.605331396516729	1	NS	-4.54894463911605	0.00106927502551693	DOWN
DOWN	dnf2_only	medtr.A17.gnm5.ann1_6.MtrunA17Chr8g0358221	MtrunA17Chr8g0358221	MtNCR731	Nodule-specific Cysteine-Rich peptide	medtr.A17.gnm5.MtrunA17Chr8	-	20374223	20375608	-0.28478746643111	1	NS	-4.54657829343594	0.000320610548330993	DOWN
DOWN	dnf2_only	medtr.A17.gnm5.ann1_6.MtrunA17Chr8g0357521	MtrunA17Chr8g0357521			medtr.A17.gnm5.MtrunA17Chr8	-	19503646	19506996	0.493292097818348	1	NS	-4.54285924955693	3.20271139687923e-07	DOWN
DOWN	dnf2_only	medtr.A17.gnm5.ann1_6.MtrunA17Chr5g0403831	MtrunA17Chr5g0403831	MtPMT3_1|MtPLT3.3	polyol/monosaccharide transporter	medtr.A17.gnm5.MtrunA17Chr5	+	7558361	7561276	-1.36479645108874	0.471336700658007	NS	-4.54267702734485	7.73496023034009e-05	DOWN
DOWN	dnf2_only	medtr.A17.gnm5.ann1_6.MtrunA17Chr1g0195391	MtrunA17Chr1g0195391			medtr.A17.gnm5.MtrunA17Chr1	-	43333324	43335051	-0.858552396670471	1	NS	-4.53493223935223	5.70502956064162e-07	DOWN
DOWN	dnf2_only	medtr.A17.gnm5.ann1_6.MtrunA17Chr8g0362111	MtrunA17Chr8g0362111			medtr.A17.gnm5.MtrunA17Chr8	-	26689801	26690116	-1.58928307840523	0.136270051858182	NS	-4.53219804748759	1.04408695075934e-05	DOWN
DOWN	dnf2_only	medtr.A17.gnm5.ann1_6.MtrunA17Chr4g0029871	MtrunA17Chr4g0029871			medtr.A17.gnm5.MtrunA17Chr4	+	30541378	30543690	-0.852154513368205	1	NS	-4.53031419628907	4.80786711931319e-05	DOWN
DOWN	dnf2_only	medtr.A17.gnm5.ann1_6.MtrunA17Chr4g0029981	MtrunA17Chr4g0029981			medtr.A17.gnm5.MtrunA17Chr4	+	30622296	30625961	-0.94913061178088	0.953030288115037	NS	-4.52978530624443	0.000437712770876298	DOWN
DOWN	dnf2_only	medtr.A17.gnm5.ann1_6.MtrunA17Chr7g0224911	MtrunA17Chr7g0224911	MtNCR699	Nodule-specific Cysteine-Rich peptide	medtr.A17.gnm5.MtrunA17Chr7	-	10214009	10217239	-0.499147362435422	1	NS	-4.52888120058106	4.22397315895648e-06	DOWN
DOWN	dnf2_only	medtr.A17.gnm5.ann1_6.MtrunA17Chr1g0174701	MtrunA17Chr1g0174701			medtr.A17.gnm5.MtrunA17Chr1	-	25940122	25949663	0.0319104091277564	1	NS	-4.52663701039151	2.3835748789439e-06	DOWN
DOWN	dnf2_only	medtr.A17.gnm5.ann1_6.MtrunA17Chr4g0020391	MtrunA17Chr4g0020391			medtr.A17.gnm5.MtrunA17Chr4	+	16374881	16376556	0.30937293054666	1	NS	-4.51026060573025	1.2537886008855e-05	DOWN
DOWN	dnf2_only	medtr.A17.gnm5.ann1_6.MtrunA17Chr3g0101821	MtrunA17Chr3g0101821	MtCYP71D428	Cytochrome P450 monooxygenase	medtr.A17.gnm5.MtrunA17Chr3	-	26359389	26361255	0.0291582203919036	1	NS	-4.48619144554904	0.000352937326763211	DOWN
DOWN	dnf2_only	medtr.A17.gnm5.ann1_6.MtrunA17Chr8g0376801	MtrunA17Chr8g0376801			medtr.A17.gnm5.MtrunA17Chr8	+	38299174	38299479	-0.343706702175182	1	NS	-4.48363928200986	0.0234030426971315	DOWN
DOWN	dnf2_only	medtr.A17.gnm5.ann1_6.MtrunA17Chr7g0216291	MtrunA17Chr7g0216291			medtr.A17.gnm5.MtrunA17Chr7	-	2016699	2019024	0.500432305878434	1	NS	-4.48167787252465	0.000113165724391812	DOWN
DOWN	dnf2_only	medtr.A17.gnm5.ann1_6.MtrunA17Chr8g0367861	MtrunA17Chr8g0367861	MtNCR463	Nodule-specific Cysteine-Rich peptide	medtr.A17.gnm5.MtrunA17Chr8	+	31451839	31453663	-1.38947573165147	0.268020446688544	NS	-4.48043656724125	4.12973473854558e-06	DOWN
DOWN	dnf2_only	medtr.A17.gnm5.ann1_6.MtrunA17Chr3g0125631	MtrunA17Chr3g0125631			medtr.A17.gnm5.MtrunA17Chr3	+	44124361	44126246	1.72477565914574	0.184603087588717	NS	-4.47888451821516	0.011416430060401	DOWN
DOWN	dnf2_only	medtr.A17.gnm5.ann1_6.MtrunA17Chr6g0484241	MtrunA17Chr6g0484241			medtr.A17.gnm5.MtrunA17Chr6	-	38766632	38782400	-0.0731700229377428	1	NS	-4.47801614087861	2.1469191264747e-06	DOWN
DOWN	dnf2_only	medtr.A17.gnm5.ann1_6.MtrunA17Chr4g0020411	MtrunA17Chr4g0020411			medtr.A17.gnm5.MtrunA17Chr4	+	16376559	16380778	0.252128690589938	1	NS	-4.46464918313527	7.45229059082891e-06	DOWN
DOWN	dnf2_only	medtr.A17.gnm5.ann1_6.MtrunA17Chr7g0239521	MtrunA17Chr7g0239521			medtr.A17.gnm5.MtrunA17Chr7	-	29560108	29561375	0.819494457096555	1	NS	-4.46173523997228	0.00191825880154953	DOWN
DOWN	dnf2_only	medtr.A17.gnm5.ann1_6.MtrunA17Chr2g0310001	MtrunA17Chr2g0310001			medtr.A17.gnm5.MtrunA17Chr2	+	32898989	32901030	0.418011662492624	1	NS	-4.4523929216288	6.75732264013787e-06	DOWN
DOWN	dnf2_only	medtr.A17.gnm5.ann1_6.MtrunA17Chr3g0122201	MtrunA17Chr3g0122201	MtNCR193	Nodule-specific Cysteine-Rich peptide	medtr.A17.gnm5.MtrunA17Chr3	-	41806261	41807409	-1.34554490708331	0.449679293276491	NS	-4.44097448927554	4.46035994306783e-05	DOWN
DOWN	dnf2_only	medtr.A17.gnm5.ann1_6.MtrunA17Chr3g0081501	MtrunA17Chr3g0081501			medtr.A17.gnm5.MtrunA17Chr3	+	3441833	3444526	-1.33770435429941	0.406382344528395	NS	-4.43681775342352	8.49918652746009e-05	DOWN
DOWN	dnf2_only	medtr.A17.gnm5.ann1_6.MtrunA17Chr6g0475431	MtrunA17Chr6g0475431	MtNCR495	Nodule-specific Cysteine-Rich peptide	medtr.A17.gnm5.MtrunA17Chr6	-	29686257	29687477	-0.0634677141681018	1	NS	-4.43235226276694	0.000560297556156395	DOWN
DOWN	dnf2_only	medtr.A17.gnm5.ann1_6.MtrunA17Chr7g0251351	MtrunA17Chr7g0251351			medtr.A17.gnm5.MtrunA17Chr7	+	38526010	38533772	-0.750717812840889	1	NS	-4.43062514891946	0.0351434931684154	DOWN
DOWN	dnf2_only	medtr.A17.gnm5.ann1_6.MtrunA17Chr1g0173951	MtrunA17Chr1g0173951			medtr.A17.gnm5.MtrunA17Chr1	-	24563618	24565466	0.613355295701812	1	NS	-4.42541052849328	0.00272882579002095	DOWN
DOWN	dnf2_only	medtr.A17.gnm5.ann1_6.MtrunA17Chr4g0009331	MtrunA17Chr4g0009331			medtr.A17.gnm5.MtrunA17Chr4	+	7299766	7303512	-0.29627845582018	1	NS	-4.42477536792734	0.0057779791713269	DOWN
DOWN	dnf2_only	medtr.A17.gnm5.ann1_6.MtrunA17Chr4g0007871	MtrunA17Chr4g0007871			medtr.A17.gnm5.MtrunA17Chr4	+	6120404	6121105	-0.127420499219083	1	NS	-4.41717742124876	0.0134306634524011	DOWN
DOWN	dnf2_only	medtr.A17.gnm5.ann1_6.MtrunA17Chr7g0216011	MtrunA17Chr7g0216011			medtr.A17.gnm5.MtrunA17Chr7	+	1912994	1919061	-0.581731731478557	1	NS	-4.41705185713391	0.000435900470664018	DOWN
DOWN	dnf2_only	medtr.A17.gnm5.ann1_6.MtrunA17Chr7g0243641	MtrunA17Chr7g0243641			medtr.A17.gnm5.MtrunA17Chr7	-	32886399	32888079	-0.286885362319913	1	NS	-4.41369730232586	1.6602928942149e-05	DOWN
DOWN	dnf2_only	medtr.A17.gnm5.ann1_6.MtrunA17Chr4g0024311	MtrunA17Chr4g0024311			medtr.A17.gnm5.MtrunA17Chr4	-	24944053	24944932	-1.37311370493854	0.447996106935031	NS	-4.40877316826149	0.000422645175996335	DOWN
DOWN	dnf2_only	medtr.A17.gnm5.ann1_6.MtrunA17Chr4g0031361	MtrunA17Chr4g0031361			medtr.A17.gnm5.MtrunA17Chr4	+	31769768	31770610	-0.344327085989622	1	NS	-4.40544482900454	0.014674433026112	DOWN
DOWN	dnf2_only	medtr.A17.gnm5.ann1_6.MtrunA17Chr4g0027291	MtrunA17Chr4g0027291			medtr.A17.gnm5.MtrunA17Chr4	-	28362290	28363078	0.129937598042738	1	NS	-4.40521409306406	0.000194544800495723	DOWN
DOWN	dnf2_only	medtr.A17.gnm5.ann1_6.MtrunA17Chr8g0358341	MtrunA17Chr8g0358341			medtr.A17.gnm5.MtrunA17Chr8	-	20522286	20522881	1.14836832172124	0.717993930293967	NS	-4.3977548382536	0.00643076118833339	DOWN
DOWN	dnf2_only	medtr.A17.gnm5.ann1_6.MtrunA17Chr4g0007751	MtrunA17Chr4g0007751			medtr.A17.gnm5.MtrunA17Chr4	-	6059910	6060206	-0.501844439985183	1	NS	-4.39534220617632	0.000126583747899024	DOWN
DOWN	dnf2_only	medtr.A17.gnm5.ann1_6.MtrunA17Chr7g0233961	MtrunA17Chr7g0233961	MtNCR034	Nodule-specific Cysteine-Rich peptide	medtr.A17.gnm5.MtrunA17Chr7	-	24430975	24432960	0.222735046496334	1	NS	-4.39244265399059	8.06645422613137e-06	DOWN
DOWN	dnf2_only	medtr.A17.gnm5.ann1_6.MtrunA17Chr3g0106331	MtrunA17Chr3g0106331	MtNCR133	Nodule-specific Cysteine-Rich peptide	medtr.A17.gnm5.MtrunA17Chr3	+	30128174	30129011	-1.11102539086886	0.743032646107864	NS	-4.38941499883261	5.05452743911708e-05	DOWN
DOWN	dnf2_only	medtr.A17.gnm5.ann1_6.MtrunA17Chr7g0243651	MtrunA17Chr7g0243651			medtr.A17.gnm5.MtrunA17Chr7	+	32887524	32887748	-0.425726506566414	1	NS	-4.38524673282742	5.83586002709163e-05	DOWN
DOWN	dnf2_only	medtr.A17.gnm5.ann1_6.MtrunA17Chr3g0110851	MtrunA17Chr3g0110851			medtr.A17.gnm5.MtrunA17Chr3	+	33283456	33284639	-0.839523383739557	1	NS	-4.38236337931662	2.98679772869621e-05	DOWN
DOWN	dnf2_only	medtr.A17.gnm5.ann1_6.MtrunA17Chr8g0370911	MtrunA17Chr8g0370911			medtr.A17.gnm5.MtrunA17Chr8	-	33969684	33972523	-0.771417392206738	1	NS	-4.37813557000825	3.19498091163718e-05	DOWN
DOWN	dnf2_only	medtr.A17.gnm5.ann1_6.MtrunA17Chr7g0226371	MtrunA17Chr7g0226371			medtr.A17.gnm5.MtrunA17Chr7	-	11470244	11472701	-1.65257750285884	0.18771736528167	NS	-4.37423557514441	6.42983422165387e-05	DOWN
DOWN	dnf2_only	medtr.A17.gnm5.ann1_6.MtrunA17Chr1g0154421	MtrunA17Chr1g0154421			medtr.A17.gnm5.MtrunA17Chr1	-	6634446	6637074	-0.956404095710492	1	NS	-4.35864747314108	2.10141792446814e-07	DOWN
DOWN	dnf2_only	medtr.A17.gnm5.ann1_6.MtrunA17Chr4g0058581	MtrunA17Chr4g0058581			medtr.A17.gnm5.MtrunA17Chr4	+	51508710	51511172	-2.05048949264879	0.128355240337544	NS	-4.34319715832413	0.00140809807375542	DOWN
DOWN	dnf2_only	medtr.A17.gnm5.ann1_6.MtrunA17Chr6g0463021	MtrunA17Chr6g0463021			medtr.A17.gnm5.MtrunA17Chr6	-	12031295	12032125	0.414459640747941	1	NS	-4.32812759761895	0.00525855557052887	DOWN
DOWN	dnf2_only	medtr.A17.gnm5.ann1_6.MtrunA17Chr2g0299041	MtrunA17Chr2g0299041			medtr.A17.gnm5.MtrunA17Chr2	-	16980376	16986960	1.30857846819192	0.46208581939985	NS	-4.32651250832573	0.00100688374472796	DOWN
DOWN	dnf2_only	medtr.A17.gnm5.ann1_6.MtrunA17Chr7g0242031	MtrunA17Chr7g0242031			medtr.A17.gnm5.MtrunA17Chr7	+	31610809	31614987	0.0998186252521001	1	NS	-4.32102851800648	3.96860748049103e-05	DOWN
DOWN	dnf2_only	medtr.A17.gnm5.ann1_6.MtrunA17Chr6g0453961	MtrunA17Chr6g0453961			medtr.A17.gnm5.MtrunA17Chr6	+	4199179	4206035	-1.12400186833757	0.663721669251818	NS	-4.31415019796291	3.16870003175687e-05	DOWN
DOWN	dnf2_only	medtr.A17.gnm5.ann1_6.MtrunA17Chr2g0309011	MtrunA17Chr2g0309011			medtr.A17.gnm5.MtrunA17Chr2	+	31811571	31813692	-1.15001487835507	0.805347673610153	NS	-4.29796264594882	0.0105659637842241	DOWN
DOWN	dnf2_only	medtr.A17.gnm5.ann1_6.MtrunA17Chr8g0338951	MtrunA17Chr8g0338951			medtr.A17.gnm5.MtrunA17Chr8	-	3255688	3257598	-0.4172800480868	1	NS	-4.29131043196196	0.0307405224462482	DOWN
DOWN	dnf2_only	medtr.A17.gnm5.ann1_6.MtrunA17Chr7g0242041	MtrunA17Chr7g0242041			medtr.A17.gnm5.MtrunA17Chr7	+	31614989	31616700	-0.674462332323462	1	NS	-4.28504782835864	1.46999515422328e-05	DOWN
DOWN	dnf2_only	medtr.A17.gnm5.ann1_6.MtrunA17Chr6g0477591	MtrunA17Chr6g0477591			medtr.A17.gnm5.MtrunA17Chr6	+	32356363	32357249	-1.0228078826995	0.872237257283931	NS	-4.28243542017127	0.00160878569795269	DOWN
DOWN	dnf2_only	medtr.A17.gnm5.ann1_6.MtrunA17Chr8g0361861	MtrunA17Chr8g0361861	MtNCR093	Nodule-specific Cysteine-Rich peptide	medtr.A17.gnm5.MtrunA17Chr8	+	26431104	26432071	-1.37173177204765	0.338156529726773	NS	-4.28072288222694	1.21834196762136e-05	DOWN
DOWN	dnf2_only	medtr.A17.gnm5.ann1_6.MtrunA17Chr6g0462831	MtrunA17Chr6g0462831			medtr.A17.gnm5.MtrunA17Chr6	+	11867545	11869445	-1.23766693037195	0.638511089765757	NS	-4.28008620151228	0.00206575412544695	DOWN
DOWN	dnf2_only	medtr.A17.gnm5.ann1_6.MtrunA17Chr8g0372731	MtrunA17Chr8g0372731			medtr.A17.gnm5.MtrunA17Chr8	+	35136933	35137913	-0.545679911813708	1	NS	-4.27486611822594	0.0043830110542675	DOWN
DOWN	dnf2_only	medtr.A17.gnm5.ann1_6.MtrunA17Chr5g0418171	MtrunA17Chr5g0418171			medtr.A17.gnm5.MtrunA17Chr5	+	18791547	18797097	-0.163680379891472	1	NS	-4.2530356655794	0.000227467060999031	DOWN
DOWN	dnf2_only	medtr.A17.gnm5.ann1_6.MtrunA17Chr7g0231381	MtrunA17Chr7g0231381			medtr.A17.gnm5.MtrunA17Chr7	+	20941711	20942888	1.20418335225549	0.718634699596345	NS	-4.24999563673299	0.0311636934013328	DOWN
DOWN	dnf2_only	medtr.A17.gnm5.ann1_6.MtrunA17Chr4g0007261	MtrunA17Chr4g0007261			medtr.A17.gnm5.MtrunA17Chr4	+	5738481	5742448	-0.0711061033261506	1	NS	-4.24499979600225	2.3835748789439e-06	DOWN
DOWN	dnf2_only	medtr.A17.gnm5.ann1_6.MtrunA17Chr4g0027601	MtrunA17Chr4g0027601			medtr.A17.gnm5.MtrunA17Chr4	+	28672848	28673960	-0.659965171140171	1	NS	-4.24318493857367	5.56635074087595e-05	DOWN
DOWN	dnf2_only	medtr.A17.gnm5.ann1_6.MtrunA17Chr5g0427351	MtrunA17Chr5g0427351	MtLb2|MtLb6|MtLb1	leghemoglobin2	medtr.A17.gnm5.MtrunA17Chr5	-	29183554	29186899	-0.0840921386899913	1	NS	-4.24011808190237	2.98679772869621e-05	DOWN
DOWN	dnf2_only	medtr.A17.gnm5.ann1_6.MtrunA17Chr4g0029911	MtrunA17Chr4g0029911	MtNCR074	Nodule-specific Cysteine-Rich peptide	medtr.A17.gnm5.MtrunA17Chr4	-	30554184	30558529	1.20057410795014	0.621833546912247	NS	-4.23747926289102	0.000113165724391812	DOWN
DOWN	dnf2_only	medtr.A17.gnm5.ann1_6.MtrunA17Chr4g0046021	MtrunA17Chr4g0046021	MtCLE42	CLAVATA3/EMBRYO-SURROUNDING REGION (CLE) family	medtr.A17.gnm5.MtrunA17Chr4	-	42522885	42523822	-1.27723307858404	0.551962674972242	NS	-4.2311344071345	0.000447939647405362	DOWN
DOWN	dnf2_only	medtr.A17.gnm5.ann1_6.MtrunA17Chr1g0204871	MtrunA17Chr1g0204871			medtr.A17.gnm5.MtrunA17Chr1	+	50279936	50280763	0.00586243779471838	1	NS	-4.23065523462998	0.000116365986010961	DOWN
DOWN	dnf2_only	medtr.A17.gnm5.ann1_6.MtrunA17Chr7g0222531	MtrunA17Chr7g0222531			medtr.A17.gnm5.MtrunA17Chr7	+	7760383	7762717	0.504508048074393	1	NS	-4.22764129399649	0.00643010281019118	DOWN
DOWN	dnf2_only	medtr.A17.gnm5.ann1_6.MtrunA17Chr6g0475471	MtrunA17Chr6g0475471	MtNCR003	Nodule-specific Cysteine-Rich peptide	medtr.A17.gnm5.MtrunA17Chr6	+	29729589	29730805	-1.47527227287967	0.336961054641176	NS	-4.22654847959517	8.29349875681735e-05	DOWN
DOWN	dnf2_only	medtr.A17.gnm5.ann1_6.MtrunA17Chr3g0095311	MtrunA17Chr3g0095311	MtNCR-new16	Nodule-specific Cysteine-Rich peptide	medtr.A17.gnm5.MtrunA17Chr3	+	18685409	18687465	0.882892905280602	1	NS	-4.22507461723893	2.98679772869621e-05	DOWN
DOWN	dnf2_only	medtr.A17.gnm5.ann1_6.MtrunA17Chr3g0126621	MtrunA17Chr3g0126621			medtr.A17.gnm5.MtrunA17Chr3	+	44926683	44928510	-0.611233203893353	1	NS	-4.20148947516019	0.0124308069514925	DOWN
DOWN	dnf2_only	medtr.A17.gnm5.ann1_6.MtrunA17Chr1g0171871	MtrunA17Chr1g0171871			medtr.A17.gnm5.MtrunA17Chr1	-	20574302	20575399	0.115284881534829	1	NS	-4.19735848390733	0.00439030561709847	DOWN
DOWN	dnf2_only	medtr.A17.gnm5.ann1_6.MtrunA17Chr2g0329481	MtrunA17Chr2g0329481			medtr.A17.gnm5.MtrunA17Chr2	-	48491448	48507037	-0.563007050118603	1	NS	-4.19728392676899	5.39241326762593e-05	DOWN
DOWN	dnf2_only	medtr.A17.gnm5.ann1_6.MtrunA17Chr8g0365101	MtrunA17Chr8g0365101			medtr.A17.gnm5.MtrunA17Chr8	+	29320093	29323967	0.079229694522902	1	NS	-4.1898405660178	0.000489657404999153	DOWN
DOWN	dnf2_only	medtr.A17.gnm5.ann1_6.MtrunA17Chr7g0216281	MtrunA17Chr7g0216281			medtr.A17.gnm5.MtrunA17Chr7	+	2016039	2021052	0.211196831102475	1	NS	-4.18942998655957	1.50832603870348e-05	DOWN
DOWN	dnf2_only	medtr.A17.gnm5.ann1_6.MtrunA17Chr6g0476541	MtrunA17Chr6g0476541			medtr.A17.gnm5.MtrunA17Chr6	+	31369609	31370605	0.0965381984822029	1	NS	-4.18775603755238	0.00284608601187624	DOWN
DOWN	dnf2_only	medtr.A17.gnm5.ann1_6.MtrunA17Chr8g0360891	MtrunA17Chr8g0360891			medtr.A17.gnm5.MtrunA17Chr8	+	25184141	25185897	-1.50763124093814	0.0739289868474814	NS	-4.16986454030907	5.06883395012396e-07	DOWN
DOWN	dnf2_only	medtr.A17.gnm5.ann1_6.MtrunA17Chr3g0082191	MtrunA17Chr3g0082191			medtr.A17.gnm5.MtrunA17Chr3	+	4057154	4057821	-1.45922070307607	0.359844224410515	NS	-4.16860330891751	0.000555840895855214	DOWN
DOWN	dnf2_only	medtr.A17.gnm5.ann1_6.MtrunA17Chr8g0365181	MtrunA17Chr8g0365181			medtr.A17.gnm5.MtrunA17Chr8	+	29358356	29359289	0.795506918503975	1	NS	-4.16059577425763	0.00853797191829656	DOWN
DOWN	dnf2_only	medtr.A17.gnm5.ann1_6.MtrunA17Chr4g0013321	MtrunA17Chr4g0013321			medtr.A17.gnm5.MtrunA17Chr4	+	10757709	10761254	-2.09775179776766	0.187901655560703	NS	-4.15543795319166	0.00642494481752961	DOWN
DOWN	dnf2_only	medtr.A17.gnm5.ann1_6.MtrunA17Chr4g0017341	MtrunA17Chr4g0017341	MtNCR197	Nodule-specific Cysteine-Rich peptide	medtr.A17.gnm5.MtrunA17Chr4	-	12860712	12863366	-1.13804533232847	0.69462940122401	NS	-4.13954033746975	7.38390990722237e-05	DOWN
DOWN	dnf2_only	medtr.A17.gnm5.ann1_6.MtrunA17Chr4g0028031	MtrunA17Chr4g0028031			medtr.A17.gnm5.MtrunA17Chr4	+	29041417	29042293	-0.444754237848274	1	NS	-4.13217720487897	1.20779854963071e-05	DOWN
DOWN	dnf2_only	medtr.A17.gnm5.ann1_6.MtrunA17Chr3g0120071	MtrunA17Chr3g0120071	MtLOX2	lipoxygenase 2 (TC100141)	medtr.A17.gnm5.MtrunA17Chr3	+	40212778	40216628	4.59664030091583	0.00227679917782888	UP	-4.1290790953542	0.0202558848814668	DOWN
DOWN	dnf2_only	medtr.A17.gnm5.ann1_6.MtrunA17Chr1g0204861	MtrunA17Chr1g0204861			medtr.A17.gnm5.MtrunA17Chr1	-	50277860	50280635	-0.040940207723421	1	NS	-4.12721732815336	5.55028296414142e-05	DOWN
DOWN	dnf2_only	medtr.A17.gnm5.ann1_6.MtrunA17Chr4g0024241	MtrunA17Chr4g0024241			medtr.A17.gnm5.MtrunA17Chr4	-	24825953	24826412	-0.0651767285232053	1	NS	-4.12480202616821	0.00648690695827908	DOWN
DOWN	dnf2_only	medtr.A17.gnm5.ann1_6.MtrunA17Chr3g0125761	MtrunA17Chr3g0125761	MtPCY3|MtPLC1	Plantacyanin/Chemocyanin|plastocyanin-like domain 1	medtr.A17.gnm5.MtrunA17Chr3	-	44194841	44196394	-0.318714591076414	1	NS	-4.1238223112453	0.000143296901711854	DOWN
DOWN	dnf2_only	medtr.A17.gnm5.ann1_6.MtrunA17Chr3g0084831	MtrunA17Chr3g0084831			medtr.A17.gnm5.MtrunA17Chr3	-	6264452	6265959	0.75362047689411	1	NS	-4.1159813364792	0.0142234992879494	DOWN
DOWN	dnf2_only	medtr.A17.gnm5.ann1_6.MtrunA17Chr6g0475091	MtrunA17Chr6g0475091			medtr.A17.gnm5.MtrunA17Chr6	+	29232958	29237035	0.263290908898517	1	NS	-4.11228006714533	0.0381649785143998	DOWN
DOWN	dnf2_only	medtr.A17.gnm5.ann1_6.MtrunA17Chr7g0234481	MtrunA17Chr7g0234481			medtr.A17.gnm5.MtrunA17Chr7	-	25038731	25045511	-2.05487580068891	0.293954452256147	NS	-4.11134348386047	0.0210273755325246	DOWN
DOWN	dnf2_only	medtr.A17.gnm5.ann1_6.MtrunA17Chr8g0393271	MtrunA17Chr8g0393271			medtr.A17.gnm5.MtrunA17Chr8	-	49635301	49637461	-0.161145513333374	1	NS	-4.10155665380754	2.50925241207306e-05	DOWN
DOWN	dnf2_only	medtr.A17.gnm5.ann1_6.MtrunA17Chr2g0314121	MtrunA17Chr2g0314121	MtNCR561	Nodule-specific Cysteine-Rich peptide	medtr.A17.gnm5.MtrunA17Chr2	+	36697966	36703800	-0.650330922770371	1	NS	-4.09960794661568	3.01442896259702e-05	DOWN
DOWN	dnf2_only	medtr.A17.gnm5.ann1_6.MtrunA17Chr8g0367801	MtrunA17Chr8g0367801			medtr.A17.gnm5.MtrunA17Chr8	+	31424646	31425736	-0.329884021058062	1	NS	-4.09660516469262	1.0269546036524e-05	DOWN
DOWN	dnf2_only	medtr.A17.gnm5.ann1_6.MtrunA17Chr3g0100481	MtrunA17Chr3g0100481			medtr.A17.gnm5.MtrunA17Chr3	+	25053885	25055346	-0.65936175864024	1	NS	-4.09569878077934	0.000411192212223188	DOWN
DOWN	dnf2_only	medtr.A17.gnm5.ann1_6.MtrunA17Chr5g0430381	MtrunA17Chr5g0430381			medtr.A17.gnm5.MtrunA17Chr5	-	31599280	31605088	-1.09285872894487	0.780232820343751	NS	-4.09110223959065	0.000145548010258011	DOWN
DOWN	dnf2_only	medtr.A17.gnm5.ann1_6.MtrunA17Chr6g0465051	MtrunA17Chr6g0465051	MtNCR669	Nodule-specific Cysteine-Rich peptide	medtr.A17.gnm5.MtrunA17Chr6	+	14215306	14221967	-0.955650893171652	0.972294189342902	NS	-4.08614077171749	0.000582173788826285	DOWN
DOWN	dnf2_only	medtr.A17.gnm5.ann1_6.MtrunA17Chr1g0186881	MtrunA17Chr1g0186881			medtr.A17.gnm5.MtrunA17Chr1	+	37102142	37102685	-0.292463394833032	1	NS	-4.08213862029572	0.0155995601679364	DOWN
DOWN	dnf2_only	medtr.A17.gnm5.ann1_6.MtrunA17Chr3g0110961	MtrunA17Chr3g0110961			medtr.A17.gnm5.MtrunA17Chr3	-	33359310	33361021	-0.220379641604157	1	NS	-4.079529696735	0.00703338080678687	DOWN
DOWN	dnf2_only	medtr.A17.gnm5.ann1_6.MtrunA17Chr4g0053201	MtrunA17Chr4g0053201			medtr.A17.gnm5.MtrunA17Chr4	-	47142892	47146090	-1.96565229860939	0.0523863800794315	NS	-4.07322137160488	8.80520468427062e-05	DOWN
DOWN	dnf2_only	medtr.A17.gnm5.ann1_6.MtrunA17Chr1g0190131	MtrunA17Chr1g0190131			medtr.A17.gnm5.MtrunA17Chr1	-	39432591	39433998	-0.491444428634178	1	NS	-4.07128656068201	2.3835748789439e-06	DOWN
DOWN	dnf2_only	medtr.A17.gnm5.ann1_6.MtrunA17Chr1g0190141	MtrunA17Chr1g0190141			medtr.A17.gnm5.MtrunA17Chr1	+	39433295	39433846	-0.426395961799222	1	NS	-4.05987008569092	5.63516029619842e-06	DOWN
DOWN	dnf2_only	medtr.A17.gnm5.ann1_6.MtrunA17Chr4g0059381	MtrunA17Chr4g0059381			medtr.A17.gnm5.MtrunA17Chr4	+	52058575	52061122	-0.788804029929111	1	NS	-4.05312700235206	0.00133868668892238	DOWN
DOWN	dnf2_only	medtr.A17.gnm5.ann1_6.MtrunA17Chr3g0096241	MtrunA17Chr3g0096241			medtr.A17.gnm5.MtrunA17Chr3	+	20234719	20244162	-0.88093218192647	1	NS	-4.05290592683942	0.000357784400995952	DOWN
DOWN	dnf2_only	medtr.A17.gnm5.ann1_6.MtrunA17Chr1g0167841	MtrunA17Chr1g0167841			medtr.A17.gnm5.MtrunA17Chr1	-	16761581	16764199	-1.60031521985322	0.0848000125439382	NS	-4.0528411451062	4.9042389288282e-06	DOWN
DOWN	dnf2_only	medtr.A17.gnm5.ann1_6.MtrunA17Chr3g0124101	MtrunA17Chr3g0124101			medtr.A17.gnm5.MtrunA17Chr3	+	43016699	43018307	2.6281303289867	0.0030336677712507	UP	-4.05004031619773	0.0154393162940786	DOWN
DOWN	dnf2_only	medtr.A17.gnm5.ann1_6.MtrunA17Chr4g0029761	MtrunA17Chr4g0029761			medtr.A17.gnm5.MtrunA17Chr4	+	30508519	30509249	-1.4538819799551	0.263030641263529	NS	-4.04578638585859	6.40172093171794e-05	DOWN
DOWN	dnf2_only	medtr.A17.gnm5.ann1_6.MtrunA17Chr4g0044851	MtrunA17Chr4g0044851	MtCYP707A107	Cytochrome P450 monooxygenase	medtr.A17.gnm5.MtrunA17Chr4	+	41657140	41660107	-2.49729412906779	0.0965022623158675	NS	-4.0437100099441	0.00574423682903633	DOWN
DOWN	dnf2_only	medtr.A17.gnm5.ann1_6.MtrunA17Chr4g0020401	MtrunA17Chr4g0020401			medtr.A17.gnm5.MtrunA17Chr4	-	16375219	16378717	0.613685464131395	1	NS	-4.04159648783981	4.46035994306783e-05	DOWN
DOWN	dnf2_only	medtr.A17.gnm5.ann1_6.MtrunA17Chr4g0029531	MtrunA17Chr4g0029531			medtr.A17.gnm5.MtrunA17Chr4	-	30302947	30304757	-0.778834056798781	1	NS	-4.03878856493053	2.01684669746705e-05	DOWN
DOWN	dnf2_only	medtr.A17.gnm5.ann1_6.MtrunA17Chr1g0146131	MtrunA17Chr1g0146131			medtr.A17.gnm5.MtrunA17Chr1	-	67701	68509	-1.15184617489048	0.709808601381734	NS	-4.03742696707129	0.00234148459236118	DOWN
DOWN	dnf2_only	medtr.A17.gnm5.ann1_6.MtrunA17Chr5g0428201	MtrunA17Chr5g0428201			medtr.A17.gnm5.MtrunA17Chr5	-	29821634	29824880	0.348674209095309	1	NS	-4.0350916292559	0.000208504090518961	DOWN
DOWN	dnf2_only	medtr.A17.gnm5.ann1_6.MtrunA17Chr3g0080091	MtrunA17Chr3g0080091			medtr.A17.gnm5.MtrunA17Chr3	-	2375941	2376837	-0.617259221956275	1	NS	-4.02752949538481	0.000263988855963427	DOWN
DOWN	dnf2_only	medtr.A17.gnm5.ann1_6.MtrunA17Chr6g0487701	MtrunA17Chr6g0487701	MtNCR200	Nodule-specific Cysteine-Rich peptide	medtr.A17.gnm5.MtrunA17Chr6	+	41961906	41964161	-0.465050554780239	1	NS	-4.02737864627458	3.68017540736284e-06	DOWN
DOWN	dnf2_only	medtr.A17.gnm5.ann1_6.MtrunA17Chr1g0179251	MtrunA17Chr1g0179251			medtr.A17.gnm5.MtrunA17Chr1	-	30608385	30610790	-0.94663026686688	0.985319247012955	NS	-4.02455048911599	6.3596211840229e-06	DOWN
DOWN	dnf2_only	medtr.A17.gnm5.ann1_6.MtrunA17Chr5g0400371	MtrunA17Chr5g0400371	MtNPF7.9	NRT1/ PTR FAMILY|nitrate transporter / peptide transporter	medtr.A17.gnm5.MtrunA17Chr5	-	4712848	4718804	0.113797076103442	1	NS	-4.01964591451499	6.81480058886383e-06	DOWN
DOWN	dnf2_only	medtr.A17.gnm5.ann1_6.MtrunA17Chr1g0173861	MtrunA17Chr1g0173861	MtNCR232	Nodule-specific Cysteine-Rich peptide	medtr.A17.gnm5.MtrunA17Chr1	+	24271620	24274433	-0.890833569283582	1	NS	-4.01957929829369	2.50925241207306e-05	DOWN
DOWN	dnf2_only	medtr.A17.gnm5.ann1_6.MtrunA17Chr5g0425241	MtrunA17Chr5g0425241	MtSULTR2.2	sulfate transporter	medtr.A17.gnm5.MtrunA17Chr5	-	27254997	27260835	-1.64210560713851	0.181510148035431	NS	-4.01941463018084	7.08624130338781e-05	DOWN
DOWN	dnf2_only	medtr.A17.gnm5.ann1_6.MtrunA17Chr4g0018161	MtrunA17Chr4g0018161	MtNCR078	Nodule-specific Cysteine-Rich peptide	medtr.A17.gnm5.MtrunA17Chr4	+	13349490	13351956	-0.0609728737776147	1	NS	-4.01571431219296	4.69949389005669e-05	DOWN
DOWN	dnf2_only	medtr.A17.gnm5.ann1_6.MtrunA17Chr6g0487651	MtrunA17Chr6g0487651			medtr.A17.gnm5.MtrunA17Chr6	-	41953610	41954593	-1.21112168639724	0.557378684194801	NS	-4.01008672722213	0.000147316728982333	DOWN
DOWN	dnf2_only	medtr.A17.gnm5.ann1_6.MtrunA17Chr2g0279861	MtrunA17Chr2g0279861			medtr.A17.gnm5.MtrunA17Chr2	-	2156413	2161161	-0.697339297213857	1	NS	-3.98204650288432	1.56757377847128e-05	DOWN
DOWN	dnf2_only	medtr.A17.gnm5.ann1_6.MtrunA17Chr4g0028051	MtrunA17Chr4g0028051			medtr.A17.gnm5.MtrunA17Chr4	-	29043720	29044007	-0.467465681437442	1	NS	-3.97345958416335	6.81713782626274e-07	DOWN
DOWN	dnf2_only	medtr.A17.gnm5.ann1_6.MtrunA17Chr5g0430821	MtrunA17Chr5g0430821			medtr.A17.gnm5.MtrunA17Chr5	-	31906460	31907174	-0.871006024096113	1	NS	-3.966770779795	0.00075083097825254	DOWN
DOWN	dnf2_only	medtr.A17.gnm5.ann1_6.MtrunA17Chr5g0428891	MtrunA17Chr5g0428891			medtr.A17.gnm5.MtrunA17Chr5	-	30466225	30467465	-1.882596984665	0.214428314184015	NS	-3.96358871982382	0.00386479156999046	DOWN
DOWN	dnf2_only	medtr.A17.gnm5.ann1_6.MtrunA17Chr2g0299261	MtrunA17Chr2g0299261			medtr.A17.gnm5.MtrunA17Chr2	+	17217865	17219130	2.56332620648271	0.00394721943372235	UP	-3.95966225367976	8.43025372600705e-05	DOWN
DOWN	dnf2_only	medtr.A17.gnm5.ann1_6.MtrunA17Chr3g0089351	MtrunA17Chr3g0089351	MtCYP729A5	Cytochrome P450 monooxygenase	medtr.A17.gnm5.MtrunA17Chr3	+	10471392	10476455	-1.62270323257344	0.270912984820521	NS	-3.95524358647323	0.000790088384469753	DOWN
DOWN	dnf2_only	medtr.A17.gnm5.ann1_6.MtrunA17Chr2g0303441	MtrunA17Chr2g0303441	MtNCR112	Nodule-specific Cysteine-Rich peptide	medtr.A17.gnm5.MtrunA17Chr2	+	21170617	21182477	-0.175588783140171	1	NS	-3.94613424797118	5.63516029619842e-06	DOWN
DOWN	dnf2_only	medtr.A17.gnm5.ann1_6.MtrunA17Chr3g0102931	MtrunA17Chr3g0102931			medtr.A17.gnm5.MtrunA17Chr3	-	27429678	27432357	-0.71896334877463	1	NS	-3.9298309748307	6.3596211840229e-06	DOWN
DOWN	dnf2_only	medtr.A17.gnm5.ann1_6.MtrunA17Chr7g0260561	MtrunA17Chr7g0260561	MtPDF4	Plant Defensin	medtr.A17.gnm5.MtrunA17Chr7	+	45338868	45339892	-1.93799648972287	0.0870365006660157	NS	-3.92938063469011	0.000224531243291767	DOWN
DOWN	dnf2_only	medtr.A17.gnm5.ann1_6.MtrunA17Chr3g0112891	MtrunA17Chr3g0112891			medtr.A17.gnm5.MtrunA17Chr3	-	34774086	34775605	-1.47488744688469	0.428940499189656	NS	-3.92932058533359	0.00290078028409434	DOWN
DOWN	dnf2_only	medtr.A17.gnm5.ann1_6.MtrunA17Chr4g0047861	MtrunA17Chr4g0047861			medtr.A17.gnm5.MtrunA17Chr4	-	43729072	43734903	-0.414822222499682	1	NS	-3.9265663757989	4.46035994306783e-05	DOWN
DOWN	dnf2_only	medtr.A17.gnm5.ann1_6.MtrunA17Chr5g0412421	MtrunA17Chr5g0412421	MtNodGRP26	Nodule-specific Glycine-rich	medtr.A17.gnm5.MtrunA17Chr5	-	13850437	13851278	-0.600095671683598	1	NS	-3.92638498062216	3.01442896259702e-05	DOWN
DOWN	dnf2_only	medtr.A17.gnm5.ann1_6.MtrunA17Chr5g0396721	MtrunA17Chr5g0396721			medtr.A17.gnm5.MtrunA17Chr5	-	2234733	2236363	-1.70568707989105	0.109304422339563	NS	-3.91406788507433	8.54631983635061e-05	DOWN
DOWN	dnf2_only	medtr.A17.gnm5.ann1_6.MtrunA17Chr7g0231311	MtrunA17Chr7g0231311			medtr.A17.gnm5.MtrunA17Chr7	+	20921162	20935852	0.907170734877656	1	NS	-3.90460719340058	0.00117568841351159	DOWN
DOWN	dnf2_only	medtr.A17.gnm5.ann1_6.MtrunA17Chr2g0300851	MtrunA17Chr2g0300851			medtr.A17.gnm5.MtrunA17Chr2	+	18614112	18618315	-0.017025749529648	1	NS	-3.8986740856274	6.81480058886383e-06	DOWN
DOWN	dnf2_only	medtr.A17.gnm5.ann1_6.MtrunA17Chr4g0007271	MtrunA17Chr4g0007271			medtr.A17.gnm5.MtrunA17Chr4	-	5739640	5741422	-0.260496227376647	1	NS	-3.8942074187031	2.3835748789439e-06	DOWN
DOWN	dnf2_only	medtr.A17.gnm5.ann1_6.MtrunA17Chr2g0309201	MtrunA17Chr2g0309201			medtr.A17.gnm5.MtrunA17Chr2	+	31965380	31972697	-0.591357893143567	1	NS	-3.8934399642914	1.5050923712231e-05	DOWN
DOWN	dnf2_only	medtr.A17.gnm5.ann1_6.MtrunA17Chr4g0024301	MtrunA17Chr4g0024301	MtNCR027	Nodule-specific Cysteine-Rich peptide	medtr.A17.gnm5.MtrunA17Chr4	-	24933402	24943038	-0.621893307627527	1	NS	-3.89275108843368	7.81397666356531e-05	DOWN
DOWN	dnf2_only	medtr.A17.gnm5.ann1_6.MtrunA17Chr7g0239571	MtrunA17Chr7g0239571			medtr.A17.gnm5.MtrunA17Chr7	+	29571382	29572263	-1.16212638693724	0.676026317938987	NS	-3.89138889315633	0.00106403493055382	DOWN
DOWN	dnf2_only	medtr.A17.gnm5.ann1_6.MtrunA17Chr4g0007251	MtrunA17Chr4g0007251			medtr.A17.gnm5.MtrunA17Chr4	-	5728155	5738112	-0.493590376002575	1	NS	-3.88830569703044	0.000169774894008837	DOWN
DOWN	dnf2_only	medtr.A17.gnm5.ann1_6.MtrunA17Chr7g0231391	MtrunA17Chr7g0231391			medtr.A17.gnm5.MtrunA17Chr7	+	20945250	20951177	0.969436463634427	0.93483254727341	NS	-3.88688760613366	9.17273097576451e-05	DOWN
DOWN	dnf2_only	medtr.A17.gnm5.ann1_6.MtrunA17Chr2g0324091	MtrunA17Chr2g0324091			medtr.A17.gnm5.MtrunA17Chr2	-	44413473	44414343	1.55798501222294	0.270249139537671	NS	-3.8867460460529	0.00648690695827908	DOWN
DOWN	dnf2_only	medtr.A17.gnm5.ann1_6.MtrunA17Chr1g0207471	MtrunA17Chr1g0207471	MtLBD1	LOB-like transcription factor 1	medtr.A17.gnm5.MtrunA17Chr1	+	51964249	51965324	-1.94977304520849	0.133347409467451	NS	-3.88550608127265	0.00125428613054593	DOWN
DOWN	dnf2_only	medtr.A17.gnm5.ann1_6.MtrunA17Chr3g0099811	MtrunA17Chr3g0099811	MtNCR295	Nodule-specific Cysteine-Rich peptide	medtr.A17.gnm5.MtrunA17Chr3	+	24536763	24538293	0.194644166265043	1	NS	-3.88222030378635	1.49035593380664e-05	DOWN
DOWN	dnf2_only	medtr.A17.gnm5.ann1_6.MtrunA17Chr2g0294001	MtrunA17Chr2g0294001	MtTHL6	Thionin-like	medtr.A17.gnm5.MtrunA17Chr2	+	12817356	12818135	-1.5714504174739	0.197784264940119	NS	-3.88207599434473	0.000148133093331418	DOWN
DOWN	dnf2_only	medtr.A17.gnm5.ann1_6.MtrunA17Chr3g0129851	MtrunA17Chr3g0129851			medtr.A17.gnm5.MtrunA17Chr3	+	47237911	47243459	1.10329150610446	0.788695547290631	NS	-3.87813819160761	0.013509032604052	DOWN
DOWN	dnf2_only	medtr.A17.gnm5.ann1_6.MtrunA17Chr7g0244251	MtrunA17Chr7g0244251			medtr.A17.gnm5.MtrunA17Chr7	+	33443256	33444186	0.319469631892547	1	NS	-3.87708397326029	0.00109555436474795	DOWN
DOWN	dnf2_only	medtr.A17.gnm5.ann1_6.MtrunA17Chr5g0425881	MtrunA17Chr5g0425881			medtr.A17.gnm5.MtrunA17Chr5	+	27886742	27888828	1.50245803281685	0.3585422740058	NS	-3.87519750855322	0.0156577852511136	DOWN
DOWN	dnf2_only	medtr.A17.gnm5.ann1_6.MtrunA17Chr5g0428921	MtrunA17Chr5g0428921			medtr.A17.gnm5.MtrunA17Chr5	+	30470214	30471698	0.557678870174692	1	NS	-3.87435686972118	0.00123406560926411	DOWN
DOWN	dnf2_only	medtr.A17.gnm5.ann1_6.MtrunA17Chr1g0195961	MtrunA17Chr1g0195961			medtr.A17.gnm5.MtrunA17Chr1	+	43675552	43676146	-0.943284926778927	0.963998308751823	NS	-3.87103473118941	0.00053953857981576	DOWN
DOWN	dnf2_only	medtr.A17.gnm5.ann1_6.MtrunA17Chr5g0426101	MtrunA17Chr5g0426101			medtr.A17.gnm5.MtrunA17Chr5	+	28050526	28051284	-0.175540926544822	1	NS	-3.86720189667695	0.00947085052952938	DOWN
DOWN	dnf2_only	medtr.A17.gnm5.ann1_6.MtrunA17Chr4g0033161	MtrunA17Chr4g0033161	MtNCR251	Nodule-specific Cysteine-Rich peptide	medtr.A17.gnm5.MtrunA17Chr4	+	33094372	33097734	-1.02753019336597	0.838900702741974	NS	-3.86650129149364	1.85802531391049e-05	DOWN
DOWN	dnf2_only	medtr.A17.gnm5.ann1_6.MtrunA17Chr5g0446351	MtrunA17Chr5g0446351	MtNCR330	Nodule-specific Cysteine-Rich peptide	medtr.A17.gnm5.MtrunA17Chr5	+	42971973	42972858	-1.11589347343158	0.729070631619189	NS	-3.8503670121142	0.000224531243291767	DOWN
DOWN	dnf2_only	medtr.A17.gnm5.ann1_6.MtrunA17Chr6g0476011	MtrunA17Chr6g0476011			medtr.A17.gnm5.MtrunA17Chr6	+	30676959	30689230	-0.222050718280348	1	NS	-3.84331050747308	0.00269619291444711	DOWN
DOWN	dnf2_only	medtr.A17.gnm5.ann1_6.MtrunA17Chr7g0243351	MtrunA17Chr7g0243351			medtr.A17.gnm5.MtrunA17Chr7	+	32622613	32625273	-1.57106736607118	0.274239071075165	NS	-3.84129581824579	0.00078175243626213	DOWN
DOWN	dnf2_only	medtr.A17.gnm5.ann1_6.MtrunA17Chr7g0224951	MtrunA17Chr7g0224951			medtr.A17.gnm5.MtrunA17Chr7	-	10223941	10225430	-1.3646602528124	0.255231005979739	NS	-3.83477311620804	1.08743784531869e-05	DOWN
DOWN	dnf2_only	medtr.A17.gnm5.ann1_6.MtrunA17Chr2g0309971	MtrunA17Chr2g0309971	MtNCR269	Nodule-specific Cysteine-Rich peptide	medtr.A17.gnm5.MtrunA17Chr2	+	32877231	32878535	-0.0952722285705711	1	NS	-3.82916238125376	1.65230654328891e-05	DOWN
DOWN	dnf2_only	medtr.A17.gnm5.ann1_6.MtrunA17Chr8g0357531	MtrunA17Chr8g0357531			medtr.A17.gnm5.MtrunA17Chr8	-	19507204	19514486	-0.420826028913979	1	NS	-3.82765620766936	9.89314287247472e-06	DOWN
DOWN	dnf2_only	medtr.A17.gnm5.ann1_6.MtrunA17Chr4g0033231	MtrunA17Chr4g0033231			medtr.A17.gnm5.MtrunA17Chr4	-	33153607	33158536	-0.403938611516461	1	NS	-3.8215623453481	4.00042987016262e-06	DOWN
DOWN	dnf2_only	medtr.A17.gnm5.ann1_6.MtrunA17Chr3g0096251	MtrunA17Chr3g0096251			medtr.A17.gnm5.MtrunA17Chr3	-	20242307	20244035	-0.697521686214618	1	NS	-3.81975073356147	0.00458782613679068	DOWN
DOWN	dnf2_only	medtr.A17.gnm5.ann1_6.MtrunA17Chr1g0185051	MtrunA17Chr1g0185051			medtr.A17.gnm5.MtrunA17Chr1	-	35478480	35478850	-0.285953719168837	1	NS	-3.81782536104897	0.00220015870911537	DOWN
DOWN	dnf2_only	medtr.A17.gnm5.ann1_6.MtrunA17Chr3g0099831	MtrunA17Chr3g0099831	MtNCR302	Nodule-specific Cysteine-Rich peptide	medtr.A17.gnm5.MtrunA17Chr3	+	24539807	24541344	-0.772239048641545	1	NS	-3.81551610014238	8.70656633274521e-05	DOWN
DOWN	dnf2_only	medtr.A17.gnm5.ann1_6.MtrunA17Chr7g0220271	MtrunA17Chr7g0220271			medtr.A17.gnm5.MtrunA17Chr7	-	5608878	5609643	0.147331810839598	1	NS	-3.8107499517427	0.0442162200596483	DOWN
DOWN	dnf2_only	medtr.A17.gnm5.ann1_6.MtrunA17Chr4g0029811	MtrunA17Chr4g0029811	MtNCR312	Nodule-specific Cysteine-Rich peptide	medtr.A17.gnm5.MtrunA17Chr4	-	30526717	30528810	-0.595597486554107	1	NS	-3.80968643638916	4.34681733865057e-05	DOWN
DOWN	dnf2_only	medtr.A17.gnm5.ann1_6.MtrunA17Chr3g0099511	MtrunA17Chr3g0099511			medtr.A17.gnm5.MtrunA17Chr3	-	24285646	24288564	-1.00628917799185	0.873861566548749	NS	-3.80957837010896	4.77416730253989e-05	DOWN
DOWN	dnf2_only	medtr.A17.gnm5.ann1_6.MtrunA17Chr3g0103501	MtrunA17Chr3g0103501			medtr.A17.gnm5.MtrunA17Chr3	-	27859075	27859993	-1.18102539027944	0.646457732047088	NS	-3.80941261907426	0.00107395627694812	DOWN
DOWN	dnf2_only	medtr.A17.gnm5.ann1_6.MtrunA17Chr2g0301811	MtrunA17Chr2g0301811			medtr.A17.gnm5.MtrunA17Chr2	-	19478374	19479472	-1.46616713936172	0.376842837387089	NS	-3.80380223008734	0.00120579953332129	DOWN
DOWN	dnf2_only	medtr.A17.gnm5.ann1_6.MtrunA17Chr5g0425911	MtrunA17Chr5g0425911			medtr.A17.gnm5.MtrunA17Chr5	-	27893070	27894075	-0.181292381702518	1	NS	-3.79326441900671	0.0133541151025263	DOWN
DOWN	dnf2_only	medtr.A17.gnm5.ann1_6.MtrunA17Chr5g0431121	MtrunA17Chr5g0431121			medtr.A17.gnm5.MtrunA17Chr5	+	32095079	32095892	-1.83926298225836	0.082741909721671	NS	-3.79160793591199	0.000148976879905509	DOWN
DOWN	dnf2_only	medtr.A17.gnm5.ann1_6.MtrunA17Chr6g0484251	MtrunA17Chr6g0484251	MtNCR130	Nodule-specific Cysteine-Rich peptide	medtr.A17.gnm5.MtrunA17Chr6	+	38782606	38783476	-0.409559133870131	1	NS	-3.78955406698333	0.000201992453623883	DOWN
DOWN	dnf2_only	medtr.A17.gnm5.ann1_6.MtrunA17Chr8g0379901	MtrunA17Chr8g0379901	MtNIP1	NOD26-like intrinsic protein 1 (aquaporin)	medtr.A17.gnm5.MtrunA17Chr8	+	40340905	40343798	-1.20406871046472	0.524599414768228	NS	-3.78943920288973	1.22455788632472e-05	DOWN
DOWN	dnf2_only	medtr.A17.gnm5.ann1_6.MtrunA17Chr3g0112881	MtrunA17Chr3g0112881	MtNCR236	Nodule-specific Cysteine-Rich peptide	medtr.A17.gnm5.MtrunA17Chr3	+	34773058	34774076	-0.539071889728682	1	NS	-3.78586089422346	0.00032019522069498	DOWN
DOWN	dnf2_only	medtr.A17.gnm5.ann1_6.MtrunA17Chr4g0008001	MtrunA17Chr4g0008001			medtr.A17.gnm5.MtrunA17Chr4	-	6226661	6227386	-1.19228995485103	0.708460250400427	NS	-3.78537589120969	0.00739335247880822	DOWN
DOWN	dnf2_only	medtr.A17.gnm5.ann1_6.MtrunA17Chr7g0231371	MtrunA17Chr7g0231371			medtr.A17.gnm5.MtrunA17Chr7	-	20940608	20943762	0.889436645179479	1	NS	-3.77996630057185	0.0157815962637963	DOWN
DOWN	dnf2_only	medtr.A17.gnm5.ann1_6.MtrunA17Chr3g0087971	MtrunA17Chr3g0087971	MtNCR241	Nodule-specific Cysteine-Rich peptide	medtr.A17.gnm5.MtrunA17Chr3	-	9509611	9510243	-1.63955647455537	0.106788291566934	NS	-3.7788910646169	2.03389069435677e-05	DOWN
DOWN	dnf2_only	medtr.A17.gnm5.ann1_6.MtrunA17Chr4g0028041	MtrunA17Chr4g0028041			medtr.A17.gnm5.MtrunA17Chr4	+	29042295	29044459	-0.422463541007394	1	NS	-3.7776400158617	5.73140426106663e-07	DOWN
DOWN	dnf2_only	medtr.A17.gnm5.ann1_6.MtrunA17Chr3g0083091	MtrunA17Chr3g0083091	MtNCR087	Nodule-specific Cysteine-Rich peptide	medtr.A17.gnm5.MtrunA17Chr3	-	4790226	4791820	-0.49058215073617	1	NS	-3.77426097387518	2.50925241207306e-05	DOWN
DOWN	dnf2_only	medtr.A17.gnm5.ann1_6.MtrunA17Chr5g0408701	MtrunA17Chr5g0408701			medtr.A17.gnm5.MtrunA17Chr5	+	10724965	10725324	-1.65452957718224	0.152671621574889	NS	-3.76331148159614	0.000113411692994894	DOWN
DOWN	dnf2_only	medtr.A17.gnm5.ann1_6.MtrunA17Chr7g0234021	MtrunA17Chr7g0234021			medtr.A17.gnm5.MtrunA17Chr7	+	24446784	24448972	-0.33583123276708	1	NS	-3.76175261044592	9.35695140163561e-05	DOWN
DOWN	dnf2_only	medtr.A17.gnm5.ann1_6.MtrunA17Chr1g0170571	MtrunA17Chr1g0170571			medtr.A17.gnm5.MtrunA17Chr1	-	19330268	19332890	0.14091862476885	1	NS	-3.76074333523591	0.00175342319949561	DOWN
DOWN	dnf2_only	medtr.A17.gnm5.ann1_6.MtrunA17Chr6g0476551	MtrunA17Chr6g0476551	MtNCR149	Nodule-specific Cysteine-Rich peptide	medtr.A17.gnm5.MtrunA17Chr6	-	31370774	31371669	-1.01933196833493	0.867586222633385	NS	-3.7576353313939	0.000392091003219135	DOWN
DOWN	dnf2_only	medtr.A17.gnm5.ann1_6.MtrunA17Chr4g0026521	MtrunA17Chr4g0026521			medtr.A17.gnm5.MtrunA17Chr4	+	27377537	27381956	-0.236820744067074	1	NS	-3.75361827458244	7.23209414261631e-05	DOWN
DOWN	dnf2_only	medtr.A17.gnm5.ann1_6.MtrunA17Chr4g0021161	MtrunA17Chr4g0021161	MtNCR243	Nodule-specific Cysteine-Rich peptide	medtr.A17.gnm5.MtrunA17Chr4	-	18117340	18118924	-1.32605775074145	0.424328450140084	NS	-3.74945700705925	7.54019337989912e-05	DOWN
DOWN	dnf2_only	medtr.A17.gnm5.ann1_6.MtrunA17Chr2g0302881	MtrunA17Chr2g0302881			medtr.A17.gnm5.MtrunA17Chr2	-	20520121	20521748	-1.01646235443762	0.849084357906189	NS	-3.74818315283866	6.34341517181629e-05	DOWN
DOWN	dnf2_only	medtr.A17.gnm5.ann1_6.MtrunA17Chr8g0367831	MtrunA17Chr8g0367831			medtr.A17.gnm5.MtrunA17Chr8	-	31432442	31437289	-0.732401225261855	1	NS	-3.74813919983857	0.00244858419743959	DOWN
DOWN	dnf2_only	medtr.A17.gnm5.ann1_6.MtrunA17Chr2g0282231	MtrunA17Chr2g0282231			medtr.A17.gnm5.MtrunA17Chr2	+	3718410	3721614	-1.26239017824045	0.343453944117577	NS	-3.7464264802306	6.3596211840229e-06	DOWN
DOWN	dnf2_only	medtr.A17.gnm5.ann1_6.MtrunA17Chr3g0100461	MtrunA17Chr3g0100461	MtCAML6	calmodulin-like 6	medtr.A17.gnm5.MtrunA17Chr3	-	25045161	25047473	-0.444530099379408	1	NS	-3.74464638243135	0.000132874422976601	DOWN
DOWN	dnf2_only	medtr.A17.gnm5.ann1_6.MtrunA17Chr4g0021671	MtrunA17Chr4g0021671			medtr.A17.gnm5.MtrunA17Chr4	-	20287994	20288447	-1.14500700903051	0.794399296349321	NS	-3.74183955639796	0.0143888446440829	DOWN
DOWN	dnf2_only	medtr.A17.gnm5.ann1_6.MtrunA17Chr1g0162361	MtrunA17Chr1g0162361	MtGAOL3	Gibberellin-oxidase like 3	medtr.A17.gnm5.MtrunA17Chr1	-	12331294	12334457	-0.732098369919993	1	NS	-3.74067294576699	0.00357668202295012	DOWN
DOWN	dnf2_only	medtr.A17.gnm5.ann1_6.MtrunA17Chr4g0030361	MtrunA17Chr4g0030361			medtr.A17.gnm5.MtrunA17Chr4	+	31004128	31013376	1.54346880968512	0.279371111692593	NS	-3.736781967773	0.0285810448843492	DOWN
DOWN	dnf2_only	medtr.A17.gnm5.ann1_6.MtrunA17Chr3g0101151	MtrunA17Chr3g0101151			medtr.A17.gnm5.MtrunA17Chr3	-	25559072	25563585	-0.713999952349448	1	NS	-3.73632942656814	6.49276864203483e-07	DOWN
DOWN	dnf2_only	medtr.A17.gnm5.ann1_6.MtrunA17Chr8g0348671	MtrunA17Chr8g0348671			medtr.A17.gnm5.MtrunA17Chr8	+	11268151	11269593	-1.3666929989366	0.424778208309821	NS	-3.73078138778995	0.000576461423357535	DOWN
DOWN	dnf2_only	medtr.A17.gnm5.ann1_6.MtrunA17Chr2g0320841	MtrunA17Chr2g0320841			medtr.A17.gnm5.MtrunA17Chr2	-	42032863	42035579	-0.439291974278479	1	NS	-3.73003599035102	3.30154534471566e-07	DOWN
DOWN	dnf2_only	medtr.A17.gnm5.ann1_6.MtrunA17Chr4g0021691	MtrunA17Chr4g0021691			medtr.A17.gnm5.MtrunA17Chr4	-	20290596	20292663	-0.899096221988587	1	NS	-3.72769721086224	2.98679772869621e-05	DOWN
DOWN	dnf2_only	medtr.A17.gnm5.ann1_6.MtrunA17Chr7g0240331	MtrunA17Chr7g0240331	MtNCR351	Nodule-specific Cysteine-Rich peptide	medtr.A17.gnm5.MtrunA17Chr7	+	30172663	30175120	-0.200762377250036	1	NS	-3.72635040329525	0.00012841577749923	DOWN
DOWN	dnf2_only	medtr.A17.gnm5.ann1_6.MtrunA17Chr4g0051001	MtrunA17Chr4g0051001			medtr.A17.gnm5.MtrunA17Chr4	+	45719882	45723578	-1.06315986491144	0.818510389919394	NS	-3.72389708894107	0.000382181144206504	DOWN
DOWN	dnf2_only	medtr.A17.gnm5.ann1_6.MtrunA17Chr1g0185751	MtrunA17Chr1g0185751	MtIPT3	isopentenyl transferase	medtr.A17.gnm5.MtrunA17Chr1	+	36099785	36101336	-2.2296959369353	0.0590369704436311	NS	-3.72143470854439	0.00140041086201845	DOWN
DOWN	dnf2_only	medtr.A17.gnm5.ann1_6.MtrunA17Chr1g0159371	MtrunA17Chr1g0159371			medtr.A17.gnm5.MtrunA17Chr1	-	10052297	10053720	-0.776234820114308	1	NS	-3.72085419845681	0.000239420757388296	DOWN
DOWN	dnf2_only	medtr.A17.gnm5.ann1_6.MtrunA17Chr3g0136141	MtrunA17Chr3g0136141			medtr.A17.gnm5.MtrunA17Chr3	+	51816038	51819929	-1.079289007574	0.770216816219939	NS	-3.719057657994	0.000653952664401986	DOWN
DOWN	dnf2_only	medtr.A17.gnm5.ann1_6.MtrunA17Chr3g0112901	MtrunA17Chr3g0112901	MtNCR598	Nodule-specific Cysteine-Rich peptide	medtr.A17.gnm5.MtrunA17Chr3	+	34780342	34781218	-0.833567745834122	1	NS	-3.70890051995579	4.83895855668413e-05	DOWN
DOWN	dnf2_only	medtr.A17.gnm5.ann1_6.MtrunA17Chr1g0147731	MtrunA17Chr1g0147731			medtr.A17.gnm5.MtrunA17Chr1	+	1302208	1307128	-1.64381663169783	0.360858844705967	NS	-3.70386095042585	0.00861697472666792	DOWN
DOWN	dnf2_only	medtr.A17.gnm5.ann1_6.MtrunA17Chr7g0224301	MtrunA17Chr7g0224301	MtNCR162	Nodule-specific Cysteine-Rich peptide	medtr.A17.gnm5.MtrunA17Chr7	-	9518669	9520509	0.169665585165865	1	NS	-3.69702200760357	0.000193990566186835	DOWN
DOWN	dnf2_only	medtr.A17.gnm5.ann1_6.MtrunA17Chr6g0488611	MtrunA17Chr6g0488611			medtr.A17.gnm5.MtrunA17Chr6	-	42538484	42540247	-0.540374973817983	1	NS	-3.69612843497157	8.06645422613137e-06	DOWN
DOWN	dnf2_only	medtr.A17.gnm5.ann1_6.MtrunA17Chr2g0303821	MtrunA17Chr2g0303821			medtr.A17.gnm5.MtrunA17Chr2	+	21591818	21593283	-1.31826785518561	0.369688502903619	NS	-3.69288505105216	6.38141953972983e-05	DOWN
DOWN	dnf2_only	medtr.A17.gnm5.ann1_6.MtrunA17Chr3g0106321	MtrunA17Chr3g0106321	MtNCR131	Nodule-specific Cysteine-Rich peptide	medtr.A17.gnm5.MtrunA17Chr3	+	30122261	30123408	-1.12042860267511	0.699708657836941	NS	-3.69200195900999	8.13627162953871e-05	DOWN
DOWN	dnf2_only	medtr.A17.gnm5.ann1_6.MtrunA17Chr6g0487871	MtrunA17Chr6g0487871	MtNCR200	Nodule-specific Cysteine-Rich peptide	medtr.A17.gnm5.MtrunA17Chr6	+	42009831	42011195	-0.339866572114525	1	NS	-3.68906277365869	8.5737222268552e-06	DOWN
DOWN	dnf2_only	medtr.A17.gnm5.ann1_6.MtrunA17Chr1g0171861	MtrunA17Chr1g0171861			medtr.A17.gnm5.MtrunA17Chr1	+	20574231	20575656	0.519952396890788	1	NS	-3.68613035542891	0.0075390508964909	DOWN
DOWN	dnf2_only	medtr.A17.gnm5.ann1_6.MtrunA17Chr2g0322041	MtrunA17Chr2g0322041			medtr.A17.gnm5.MtrunA17Chr2	+	42857256	42859500	-1.58365621653244	0.324205450500005	NS	-3.68492105312775	0.00258864706207077	DOWN
DOWN	dnf2_only	medtr.A17.gnm5.ann1_6.MtrunA17Chr6g0467191	MtrunA17Chr6g0467191	MtNCR135	Nodule-specific Cysteine-Rich peptide	medtr.A17.gnm5.MtrunA17Chr6	+	16073433	16074898	-0.107934224279591	1	NS	-3.68122186857348	0.000361595957062571	DOWN
DOWN	dnf2_only	medtr.A17.gnm5.ann1_6.MtrunA17Chr7g0247661	MtrunA17Chr7g0247661			medtr.A17.gnm5.MtrunA17Chr7	-	35959187	35959985	-0.480264444613768	1	NS	-3.67649929964062	0.00799369202725651	DOWN
DOWN	dnf2_only	medtr.A17.gnm5.ann1_6.MtrunA17Chr5g0420691	MtrunA17Chr5g0420691	MtNCR652	Nodule-specific Cysteine-Rich peptide	medtr.A17.gnm5.MtrunA17Chr5	+	21124155	21126599	-0.443726680764534	1	NS	-3.67528916895656	6.81480058886383e-06	DOWN
DOWN	dnf2_only	medtr.A17.gnm5.ann1_6.MtrunA17Chr6g0488761	MtrunA17Chr6g0488761			medtr.A17.gnm5.MtrunA17Chr6	-	42685683	42688958	-0.87369048498738	1	NS	-3.67398607279261	0.00442844415134264	DOWN
DOWN	dnf2_only	medtr.A17.gnm5.ann1_6.MtrunA17Chr7g0226691	MtrunA17Chr7g0226691	MtNCR246b	Nodule-specific Cysteine-Rich peptide	medtr.A17.gnm5.MtrunA17Chr7	-	11860227	11862004	-1.10033718178367	0.705084731847043	NS	-3.67149893768123	2.28620079671605e-05	DOWN
DOWN	dnf2_only	medtr.A17.gnm5.ann1_6.MtrunA17Chr3g0083191	MtrunA17Chr3g0083191			medtr.A17.gnm5.MtrunA17Chr3	-	4845160	4846684	-0.132675591773091	1	NS	-3.66715595435302	0.0195849049452114	DOWN
DOWN	dnf2_only	medtr.A17.gnm5.ann1_6.MtrunA17Chr1g0192871	MtrunA17Chr1g0192871			medtr.A17.gnm5.MtrunA17Chr1	+	41420650	41421909	-1.62546602667449	0.106255444514696	NS	-3.65998358631058	3.21879644667972e-05	DOWN
DOWN	dnf2_only	medtr.A17.gnm5.ann1_6.MtrunA17Chr7g0231291	MtrunA17Chr7g0231291			medtr.A17.gnm5.MtrunA17Chr7	-	20919469	20920626	1.62519170685713	0.282701959755672	NS	-3.65509132959693	0.0362894234443478	DOWN
DOWN	dnf2_only	medtr.A17.gnm5.ann1_6.MtrunA17Chr7g0271311	MtrunA17Chr7g0271311			medtr.A17.gnm5.MtrunA17Chr7	+	52770000	52770957	0.0701810843478284	1	NS	-3.65432345086667	0.0056417183778384	DOWN
DOWN	dnf2_only	medtr.A17.gnm5.ann1_6.MtrunA17Chr7g0257091	MtrunA17Chr7g0257091			medtr.A17.gnm5.MtrunA17Chr7	+	42742585	42744927	-1.0179469889835	0.85630572088306	NS	-3.65224937416862	6.05112342572442e-05	DOWN
DOWN	dnf2_only	medtr.A17.gnm5.ann1_6.MtrunA17Chr6g0485191	MtrunA17Chr6g0485191	MtSULTR3.5	sulfate transporter	medtr.A17.gnm5.MtrunA17Chr6	-	39718800	39726115	-1.53558624053375	0.176333063298213	NS	-3.65207593493952	2.94833920449033e-05	DOWN
DOWN	dnf2_only	medtr.A17.gnm5.ann1_6.MtrunA17Chr4g0003581	MtrunA17Chr4g0003581			medtr.A17.gnm5.MtrunA17Chr4	+	2717736	2719875	0.590417491172319	1	NS	-3.63048621870168	2.51317627897906e-06	DOWN
DOWN	dnf2_only	medtr.A17.gnm5.ann1_6.MtrunA17Chr4g0029751	MtrunA17Chr4g0029751			medtr.A17.gnm5.MtrunA17Chr4	-	30508312	30509319	-1.41811034388401	0.256477613567366	NS	-3.62911209992969	5.36537809425839e-05	DOWN
DOWN	dnf2_only	medtr.A17.gnm5.ann1_6.MtrunA17Chr3g0112941	MtrunA17Chr3g0112941			medtr.A17.gnm5.MtrunA17Chr3	-	34784532	34785046	-0.300615613043787	1	NS	-3.62798318048016	0.000360557765411956	DOWN
DOWN	dnf2_only	medtr.A17.gnm5.ann1_6.MtrunA17Chr3g0094191	MtrunA17Chr3g0094191	MtNCR419	Nodule-specific Cysteine-Rich peptide	medtr.A17.gnm5.MtrunA17Chr3	+	16671494	16672855	-1.41882285613263	0.200466013894361	NS	-3.62599497016514	8.02233544977582e-06	DOWN
DOWN	dnf2_only	medtr.A17.gnm5.ann1_6.MtrunA17Chr6g0474231	MtrunA17Chr6g0474231	MtNCR223	Nodule-specific Cysteine-Rich peptide	medtr.A17.gnm5.MtrunA17Chr6	-	27919246	27921649	0.340722867938888	1	NS	-3.61869877933248	1.25376452862357e-05	DOWN
DOWN	dnf2_only	medtr.A17.gnm5.ann1_6.MtrunA17Chr5g0446371	MtrunA17Chr5g0446371			medtr.A17.gnm5.MtrunA17Chr5	-	42976881	42979336	-1.70169251631878	0.0612222649803256	NS	-3.61807749717148	1.29961877071571e-05	DOWN
DOWN	dnf2_only	medtr.A17.gnm5.ann1_6.MtrunA17Chr3g0085061	MtrunA17Chr3g0085061			medtr.A17.gnm5.MtrunA17Chr3	-	6410676	6412089	-2.05007285387016	0.0565667462878144	NS	-3.61780478153112	0.000429292542179146	DOWN
DOWN	dnf2_only	medtr.A17.gnm5.ann1_6.MtrunA17Chr6g0488841	MtrunA17Chr6g0488841			medtr.A17.gnm5.MtrunA17Chr6	-	42762376	42764175	0.596902167804363	1	NS	-3.61765591423194	0.000189001529029071	DOWN
DOWN	dnf2_only	medtr.A17.gnm5.ann1_6.MtrunA17Chr6g0474171	MtrunA17Chr6g0474171	MtNCR150	Nodule-specific Cysteine-Rich peptide	medtr.A17.gnm5.MtrunA17Chr6	+	27755558	27756977	0.209018305776656	1	NS	-3.61475184111085	8.24039770445029e-05	DOWN
DOWN	dnf2_only	medtr.A17.gnm5.ann1_6.MtrunA17Chr5g0431771	MtrunA17Chr5g0431771	MtNCR146	Nodule-specific Cysteine-Rich peptide	medtr.A17.gnm5.MtrunA17Chr5	+	32584780	32585767	-0.915227456982535	1	NS	-3.61252547472461	0.000377207411576795	DOWN
DOWN	dnf2_only	medtr.A17.gnm5.ann1_6.MtrunA17Chr5g0408691	MtrunA17Chr5g0408691			medtr.A17.gnm5.MtrunA17Chr5	-	10722900	10725519	-1.82414310603547	0.0813667064414184	NS	-3.6119513571605	0.000194544800495723	DOWN
DOWN	dnf2_only	medtr.A17.gnm5.ann1_6.MtrunA17Chr5g0408711	MtrunA17Chr5g0408711	MtNCR227	Nodule-specific Cysteine-Rich peptide	medtr.A17.gnm5.MtrunA17Chr5	+	10725854	10729039	-1.03725294044663	0.822764176095468	NS	-3.60980436568429	4.72084194618943e-05	DOWN
DOWN	dnf2_only	medtr.A17.gnm5.ann1_6.MtrunA17Chr4g0032671	MtrunA17Chr4g0032671			medtr.A17.gnm5.MtrunA17Chr4	-	32741506	32741902	-1.35041352606896	0.415929790735257	NS	-3.60979126325954	0.000481573350266929	DOWN
DOWN	dnf2_only	medtr.A17.gnm5.ann1_6.MtrunA17Chr6g0453201	MtrunA17Chr6g0453201			medtr.A17.gnm5.MtrunA17Chr6	-	3532906	3535186	1.46151143515298	0.294433843395184	NS	-3.60902442836274	0.00139939452432555	DOWN
DOWN	dnf2_only	medtr.A17.gnm5.ann1_6.MtrunA17Chr1g0167671	MtrunA17Chr1g0167671			medtr.A17.gnm5.MtrunA17Chr1	+	16534014	16535776	0.581048792459971	1	NS	-3.60371873543957	0.00250371275950565	DOWN
DOWN	dnf2_only	medtr.A17.gnm5.ann1_6.MtrunA17Chr6g0458631	MtrunA17Chr6g0458631			medtr.A17.gnm5.MtrunA17Chr6	-	8051502	8052610	-1.94434521220815	0.308256103999315	NS	-3.59717312335834	0.0260041290557243	DOWN
DOWN	dnf2_only	medtr.A17.gnm5.ann1_6.MtrunA17Chr6g0475711	MtrunA17Chr6g0475711	MtNCR001	Nodule-specific Cysteine-Rich peptide	medtr.A17.gnm5.MtrunA17Chr6	+	30192680	30194264	-0.613536718291117	1	NS	-3.5931299330921	0.000312401491693599	DOWN
DOWN	dnf2_only	medtr.A17.gnm5.ann1_6.MtrunA17Chr4g0073311	MtrunA17Chr4g0073311			medtr.A17.gnm5.MtrunA17Chr4	-	62255846	62260556	-0.34290668158233	1	NS	-3.59234953367624	0.0157215747533334	DOWN
DOWN	dnf2_only	medtr.A17.gnm5.ann1_6.MtrunA17Chr7g0242731	MtrunA17Chr7g0242731			medtr.A17.gnm5.MtrunA17Chr7	-	32201843	32204357	-0.488946552323316	1	NS	-3.59172769995166	0.0174316084409161	DOWN
DOWN	dnf2_only	medtr.A17.gnm5.ann1_6.MtrunA17Chr1g0172371	MtrunA17Chr1g0172371	MtNCR392	Nodule-specific Cysteine-Rich peptide	medtr.A17.gnm5.MtrunA17Chr1	-	21320109	21322163	-0.778443258686464	1	NS	-3.5910695896368	0.000419705170644821	DOWN
DOWN	dnf2_only	medtr.A17.gnm5.ann1_6.MtrunA17Chr1g0185441	MtrunA17Chr1g0185441			medtr.A17.gnm5.MtrunA17Chr1	-	35873659	35874539	-1.47536359234678	0.363459695869138	NS	-3.58883698410805	0.00186027394095747	DOWN
DOWN	dnf2_only	medtr.A17.gnm5.ann1_6.MtrunA17Chr2g0333641	MtrunA17Chr2g0333641			medtr.A17.gnm5.MtrunA17Chr2	+	51390086	51395734	-0.821703390292284	1	NS	-3.58841081140906	0.000592512625483077	DOWN
DOWN	dnf2_only	medtr.A17.gnm5.ann1_6.MtrunA17Chr3g0100441	MtrunA17Chr3g0100441			medtr.A17.gnm5.MtrunA17Chr3	+	25041277	25044992	-1.70847605219353	0.187427431080781	NS	-3.58791175267621	0.000874302737749178	DOWN
DOWN	dnf2_only	medtr.A17.gnm5.ann1_6.MtrunA17Chr1g0186891	MtrunA17Chr1g0186891	MtNCR587	Nodule-specific Cysteine-Rich peptide	medtr.A17.gnm5.MtrunA17Chr1	-	37103066	37103959	-1.44219652203652	0.368431155548735	NS	-3.58358613451128	0.000627804186476604	DOWN
DOWN	dnf2_only	medtr.A17.gnm5.ann1_6.MtrunA17Chr1g0173221	MtrunA17Chr1g0173221			medtr.A17.gnm5.MtrunA17Chr1	-	22593769	22593873	-0.157655562460777	1	NS	-3.58217532729392	0.00783956351282742	DOWN
DOWN	dnf2_only	medtr.A17.gnm5.ann1_6.MtrunA17Chr7g0214861	MtrunA17Chr7g0214861			medtr.A17.gnm5.MtrunA17Chr7	-	1098473	1099684	-1.44218822492818	0.26561482628196	NS	-3.57851979758011	6.99999279420221e-05	DOWN
DOWN	dnf2_only	medtr.A17.gnm5.ann1_6.MtrunA17Chr3g0107841	MtrunA17Chr3g0107841			medtr.A17.gnm5.MtrunA17Chr3	+	31304224	31304824	-2.3189706143078	0.0540025600521131	NS	-3.57198534172504	0.00199364644375363	DOWN
DOWN	dnf2_only	medtr.A17.gnm5.ann1_6.MtrunA17Chr7g0231421	MtrunA17Chr7g0231421			medtr.A17.gnm5.MtrunA17Chr7	+	20954884	20956191	0.874947068446257	1	NS	-3.57071132949677	2.51317627897906e-06	DOWN
DOWN	dnf2_only	medtr.A17.gnm5.ann1_6.MtrunA17Chr7g0255561	MtrunA17Chr7g0255561			medtr.A17.gnm5.MtrunA17Chr7	-	41465728	41468702	-0.0741326174457686	1	NS	-3.56609581713113	0.00045436972767298	DOWN
DOWN	dnf2_only	medtr.A17.gnm5.ann1_6.MtrunA17Chr3g0084841	MtrunA17Chr3g0084841			medtr.A17.gnm5.MtrunA17Chr3	-	6265961	6271242	0.994679290384998	0.884303461384909	NS	-3.56390298357138	0.00334836160077518	DOWN
DOWN	dnf2_only	medtr.A17.gnm5.ann1_6.MtrunA17Chr8g0387251	MtrunA17Chr8g0387251			medtr.A17.gnm5.MtrunA17Chr8	+	45354124	45354642	1.1600909978501	0.745716420104536	NS	-3.56260847791413	0.0228743949409198	DOWN
DOWN	dnf2_only	medtr.A17.gnm5.ann1_6.MtrunA17Chr2g0302831	MtrunA17Chr2g0302831			medtr.A17.gnm5.MtrunA17Chr2	-	20505252	20506257	-1.8720220684133	0.0763627388228102	NS	-3.5608321792784	0.000274719128573941	DOWN
DOWN	dnf2_only	medtr.A17.gnm5.ann1_6.MtrunA17Chr7g0224771	MtrunA17Chr7g0224771	MtNCR-new69	Nodule-specific Cysteine-Rich peptide	medtr.A17.gnm5.MtrunA17Chr7	-	10093639	10096637	-0.498494649701898	1	NS	-3.55631596476067	6.3596211840229e-06	DOWN
DOWN	dnf2_only	medtr.A17.gnm5.ann1_6.MtrunA17Chr7g0233971	MtrunA17Chr7g0233971	MtNCR349	Nodule-specific Cysteine-Rich peptide	medtr.A17.gnm5.MtrunA17Chr7	+	24433611	24434665	-0.688229549821498	1	NS	-3.55552185359471	0.0148109520111253	DOWN
DOWN	dnf2_only	medtr.A17.gnm5.ann1_6.MtrunA17Chr3g0080081	MtrunA17Chr3g0080081			medtr.A17.gnm5.MtrunA17Chr3	+	2375316	2376300	-1.1886145689335	0.593457991403871	NS	-3.5551587087781	0.000313633589860991	DOWN
DOWN	dnf2_only	medtr.A17.gnm5.ann1_6.MtrunA17Chr2g0306691	MtrunA17Chr2g0306691			medtr.A17.gnm5.MtrunA17Chr2	-	28774197	28776061	-0.092168332729064	1	NS	-3.55224440509865	0.000714725141796406	DOWN
DOWN	dnf2_only	medtr.A17.gnm5.ann1_6.MtrunA17Chr3g0099021	MtrunA17Chr3g0099021	MtNCR370	Nodule-specific Cysteine-Rich peptide	medtr.A17.gnm5.MtrunA17Chr3	+	23828311	23829527	-1.2111404603653	0.565067247543773	NS	-3.55102807455746	0.000125967966679609	DOWN
DOWN	dnf2_only	medtr.A17.gnm5.ann1_6.MtrunA17Chr7g0233851	MtrunA17Chr7g0233851			medtr.A17.gnm5.MtrunA17Chr7	-	24288088	24289549	-0.621857727593142	1	NS	-3.55092259704559	0.00160878569795269	DOWN
DOWN	dnf2_only	medtr.A17.gnm5.ann1_6.MtrunA17Chr6g0450511	MtrunA17Chr6g0450511			medtr.A17.gnm5.MtrunA17Chr6	-	1196149	1197449	0.386784817328398	1	NS	-3.55005828880826	2.96245563773057e-05	DOWN
DOWN	dnf2_only	medtr.A17.gnm5.ann1_6.MtrunA17Chr1g0178551	MtrunA17Chr1g0178551			medtr.A17.gnm5.MtrunA17Chr1	+	30037648	30038888	-1.32115770275605	0.444930142352294	NS	-3.54948747858712	0.000259280866470547	DOWN
DOWN	dnf2_only	medtr.A17.gnm5.ann1_6.MtrunA17Chr3g0113301	MtrunA17Chr3g0113301			medtr.A17.gnm5.MtrunA17Chr3	+	35024829	35025430	-0.0776489893104771	1	NS	-3.54930040358447	0.0318120656726644	DOWN
DOWN	dnf2_only	medtr.A17.gnm5.ann1_6.MtrunA17Chr6g0464481	MtrunA17Chr6g0464481			medtr.A17.gnm5.MtrunA17Chr6	+	13674589	13675799	-0.87803033658108	1	NS	-3.54868811575013	0.000430088921241513	DOWN
DOWN	dnf2_only	medtr.A17.gnm5.ann1_6.MtrunA17Chr6g0477561	MtrunA17Chr6g0477561			medtr.A17.gnm5.MtrunA17Chr6	+	32342889	32351662	-0.351118935259453	1	NS	-3.54188336059526	0.000164197735076158	DOWN
DOWN	dnf2_only	medtr.A17.gnm5.ann1_6.MtrunA17Chr8g0372171	MtrunA17Chr8g0372171			medtr.A17.gnm5.MtrunA17Chr8	+	34726246	34733812	-0.49734289379318	1	NS	-3.54123737754123	5.8043899653016e-05	DOWN
DOWN	dnf2_only	medtr.A17.gnm5.ann1_6.MtrunA17Chr2g0306701	MtrunA17Chr2g0306701			medtr.A17.gnm5.MtrunA17Chr2	+	28775773	28776186	0.0511593711415814	1	NS	-3.52528026727437	0.00429532920909705	DOWN
DOWN	dnf2_only	medtr.A17.gnm5.ann1_6.MtrunA17Chr2g0306441	MtrunA17Chr2g0306441			medtr.A17.gnm5.MtrunA17Chr2	+	27935209	27943809	-0.226309268035939	1	NS	-3.52060088586567	0.000444994545052054	DOWN
DOWN	dnf2_only	medtr.A17.gnm5.ann1_6.MtrunA17Chr3g0078051	MtrunA17Chr3g0078051			medtr.A17.gnm5.MtrunA17Chr3	-	686210	687872	-2.4461350738233	0.0714037786158612	NS	-3.52045062099182	0.00596778625522702	DOWN
DOWN	dnf2_only	medtr.A17.gnm5.ann1_6.MtrunA17Chr1g0176531	MtrunA17Chr1g0176531	MtNCR198	Nodule-specific Cysteine-Rich peptide	medtr.A17.gnm5.MtrunA17Chr1	+	28095645	28099586	-0.92777430172068	0.99412071711497	NS	-3.52032126828028	0.000212605853449703	DOWN
DOWN	dnf2_only	medtr.A17.gnm5.ann1_6.MtrunA17Chr7g0232151	MtrunA17Chr7g0232151			medtr.A17.gnm5.MtrunA17Chr7	+	21976461	21977133	-0.920904580380847	0.980934757082759	NS	-3.51724158752391	0.00515254807931058	DOWN
DOWN	dnf2_only	medtr.A17.gnm5.ann1_6.MtrunA17Chr5g0435631	MtrunA17Chr5g0435631			medtr.A17.gnm5.MtrunA17Chr5	-	35630124	35635279	-1.34656525011846	0.487628224266866	NS	-3.51432848199234	0.00266931703060575	DOWN
DOWN	dnf2_only	medtr.A17.gnm5.ann1_6.MtrunA17Chr8g0348271	MtrunA17Chr8g0348271			medtr.A17.gnm5.MtrunA17Chr8	+	10947668	10948452	-1.64276299920273	0.349271716077242	NS	-3.51351568875285	0.0086408485554789	DOWN
DOWN	dnf2_only	medtr.A17.gnm5.ann1_6.MtrunA17Chr8g0362101	MtrunA17Chr8g0362101	MtNCR741	Nodule-specific Cysteine-Rich peptide	medtr.A17.gnm5.MtrunA17Chr8	+	26688107	26692128	-0.69219423583179	1	NS	-3.51045096974135	3.80026826692721e-05	DOWN
DOWN	dnf2_only	medtr.A17.gnm5.ann1_6.MtrunA17Chr6g0477571	MtrunA17Chr6g0477571			medtr.A17.gnm5.MtrunA17Chr6	-	32343572	32347472	-0.262269920839396	1	NS	-3.50922503365363	0.000494301738667894	DOWN
DOWN	dnf2_only	medtr.A17.gnm5.ann1_6.MtrunA17Chr7g0268591	MtrunA17Chr7g0268591			medtr.A17.gnm5.MtrunA17Chr7	+	50937618	50939278	0.595277101699747	1	NS	-3.50745935509372	0.00272882579002095	DOWN
DOWN	dnf2_only	medtr.A17.gnm5.ann1_6.MtrunA17Chr1g0184591	MtrunA17Chr1g0184591			medtr.A17.gnm5.MtrunA17Chr1	+	35098530	35103347	-1.16707152399514	0.659467119242004	NS	-3.50585707946775	0.00147208776240062	DOWN
DOWN	dnf2_only	medtr.A17.gnm5.ann1_6.MtrunA17Chr1g0159361	MtrunA17Chr1g0159361	MtNCR524	Nodule-specific Cysteine-Rich peptide	medtr.A17.gnm5.MtrunA17Chr1	+	10051721	10052284	-0.583375870076307	1	NS	-3.50539651106264	0.000105668508499795	DOWN
DOWN	dnf2_only	medtr.A17.gnm5.ann1_6.MtrunA17Chr8g0349121	MtrunA17Chr8g0349121			medtr.A17.gnm5.MtrunA17Chr8	+	11674841	11677488	0.0259159936093132	1	NS	-3.50161218850603	0.0215734038611243	DOWN
DOWN	dnf2_only	medtr.A17.gnm5.ann1_6.MtrunA17Chr3g0080971	MtrunA17Chr3g0080971			medtr.A17.gnm5.MtrunA17Chr3	+	3039418	3040918	-0.381724207613646	1	NS	-3.49941601874932	1.35342922962619e-05	DOWN
DOWN	dnf2_only	medtr.A17.gnm5.ann1_6.MtrunA17Chr7g0268301	MtrunA17Chr7g0268301			medtr.A17.gnm5.MtrunA17Chr7	-	50737337	50739290	-0.832377553609227	1	NS	-3.49814913685273	0.00130942749454054	DOWN
DOWN	dnf2_only	medtr.A17.gnm5.ann1_6.MtrunA17Chr5g0425071	MtrunA17Chr5g0425071			medtr.A17.gnm5.MtrunA17Chr5	-	27101871	27104366	1.44487164465052	0.245474132998702	NS	-3.49603784881202	0.00172338468608326	DOWN
DOWN	dnf2_only	medtr.A17.gnm5.ann1_6.MtrunA17Chr6g0466101	MtrunA17Chr6g0466101			medtr.A17.gnm5.MtrunA17Chr6	+	15167639	15168757	-0.100919491090275	1	NS	-3.49490584783235	0.0349664826372376	DOWN
DOWN	dnf2_only	medtr.A17.gnm5.ann1_6.MtrunA17Chr7g0214871	MtrunA17Chr7g0214871			medtr.A17.gnm5.MtrunA17Chr7	+	1098875	1099565	-1.55850587766439	0.172017374292636	NS	-3.4929534225009	8.51526684442767e-05	DOWN
DOWN	dnf2_only	medtr.A17.gnm5.ann1_6.MtrunA17Chr7g0243991	MtrunA17Chr7g0243991	MtNCR327	Nodule-specific Cysteine-Rich peptide	medtr.A17.gnm5.MtrunA17Chr7	+	33157316	33162565	-1.61559723086054	0.200394293161363	NS	-3.48963847796555	0.000307396323154238	DOWN
DOWN	dnf2_only	medtr.A17.gnm5.ann1_6.MtrunA17Chr7g0239111	MtrunA17Chr7g0239111			medtr.A17.gnm5.MtrunA17Chr7	-	29244954	29247761	-0.465181259626925	1	NS	-3.48620909306328	7.48021402096532e-05	DOWN
DOWN	dnf2_only	medtr.A17.gnm5.ann1_6.MtrunA17Chr1g0196571	MtrunA17Chr1g0196571			medtr.A17.gnm5.MtrunA17Chr1	-	44098972	44119724	-0.16006142495516	1	NS	-3.48595192259496	0.00513223120809633	DOWN
DOWN	dnf2_only	medtr.A17.gnm5.ann1_6.MtrunA17Chr5g0426771	MtrunA17Chr5g0426771			medtr.A17.gnm5.MtrunA17Chr5	-	28604593	28605259	0.297853753139868	1	NS	-3.48302938162496	0.00220763334483436	DOWN
DOWN	dnf2_only	medtr.A17.gnm5.ann1_6.MtrunA17Chr7g0244121	MtrunA17Chr7g0244121	MtNCR164	Nodule-specific Cysteine-Rich peptide	medtr.A17.gnm5.MtrunA17Chr7	+	33255080	33256460	-0.580016035186869	1	NS	-3.48191641176131	0.000215632013135125	DOWN
DOWN	dnf2_only	medtr.A17.gnm5.ann1_6.MtrunA17Chr6g0464741	MtrunA17Chr6g0464741			medtr.A17.gnm5.MtrunA17Chr6	-	13996075	13997183	-0.523105055143386	1	NS	-3.48173861338115	0.00377347000135139	DOWN
DOWN	dnf2_only	medtr.A17.gnm5.ann1_6.MtrunA17Chr6g0475591	MtrunA17Chr6g0475591			medtr.A17.gnm5.MtrunA17Chr6	-	30055405	30057364	0.353773433182726	1	NS	-3.48124387532289	0.0174756203240813	DOWN
DOWN	dnf2_only	medtr.A17.gnm5.ann1_6.MtrunA17Chr4g0050681	MtrunA17Chr4g0050681	MtNCR500	Nodule-specific Cysteine-Rich peptide	medtr.A17.gnm5.MtrunA17Chr4	+	45566155	45566839	-0.379698255646146	1	NS	-3.47789946943597	0.00047001159762383	DOWN
DOWN	dnf2_only	medtr.A17.gnm5.ann1_6.MtrunA17Chr5g0429111	MtrunA17Chr5g0429111			medtr.A17.gnm5.MtrunA17Chr5	+	30595962	30599645	-1.85627297743606	0.121164450601811	NS	-3.47626656734502	0.000917315376254244	DOWN
DOWN	dnf2_only	medtr.A17.gnm5.ann1_6.MtrunA17Chr4g0055251	MtrunA17Chr4g0055251			medtr.A17.gnm5.MtrunA17Chr4	+	48952123	48954120	-1.27939857096324	0.389237038737945	NS	-3.47306632185394	3.80629342831849e-05	DOWN
DOWN	dnf2_only	medtr.A17.gnm5.ann1_6.MtrunA17Chr2g0329491	MtrunA17Chr2g0329491			medtr.A17.gnm5.MtrunA17Chr2	+	48492033	48496039	-0.390977065232761	1	NS	-3.47128679709203	0.00649455623027195	DOWN
DOWN	dnf2_only	medtr.A17.gnm5.ann1_6.MtrunA17Chr4g0008361	MtrunA17Chr4g0008361			medtr.A17.gnm5.MtrunA17Chr4	-	6386758	6389594	-1.23304645571903	0.523813745476699	NS	-3.47113464616317	0.000109930111081975	DOWN
DOWN	dnf2_only	medtr.A17.gnm5.ann1_6.MtrunA17Chr5g0430831	MtrunA17Chr5g0430831			medtr.A17.gnm5.MtrunA17Chr5	+	31906725	31907069	-1.6930488276451	0.330183149258309	NS	-3.46687688189199	0.0104496357592969	DOWN
DOWN	dnf2_only	medtr.A17.gnm5.ann1_6.MtrunA17Chr2g0310651	MtrunA17Chr2g0310651			medtr.A17.gnm5.MtrunA17Chr2	-	33611825	33620699	0.702467823402616	1	NS	-3.46374519285705	0.000601579994029159	DOWN
DOWN	dnf2_only	medtr.A17.gnm5.ann1_6.MtrunA17Chr4g0050831	MtrunA17Chr4g0050831			medtr.A17.gnm5.MtrunA17Chr4	+	45651345	45652215	-0.404221336253043	1	NS	-3.461696694652	0.00993354928364315	DOWN
DOWN	dnf2_only	medtr.A17.gnm5.ann1_6.MtrunA17Chr2g0306841	MtrunA17Chr2g0306841			medtr.A17.gnm5.MtrunA17Chr2	-	28937902	28941379	-1.4050087323071	0.304348154786404	NS	-3.45938959567492	8.64842951371875e-05	DOWN
DOWN	dnf2_only	medtr.A17.gnm5.ann1_6.MtrunA17Chr7g0215871	MtrunA17Chr7g0215871	MtNCR154	Nodule-specific Cysteine-Rich peptide	medtr.A17.gnm5.MtrunA17Chr7	+	1834908	1836093	-1.68868350555455	0.138967766650838	NS	-3.45901278328916	0.000225743269495927	DOWN
DOWN	dnf2_only	medtr.A17.gnm5.ann1_6.MtrunA17Chr3g0081441	MtrunA17Chr3g0081441			medtr.A17.gnm5.MtrunA17Chr3	-	3423810	3427647	-0.173522246320258	1	NS	-3.45851739823683	0.000814934122039027	DOWN
DOWN	dnf2_only	medtr.A17.gnm5.ann1_6.MtrunA17Chr6g0453731	MtrunA17Chr6g0453731			medtr.A17.gnm5.MtrunA17Chr6	-	4018243	4022588	3.87156211737668	1.0018983371297e-05	UP	-3.45277209052779	0.000592512625483077	DOWN
DOWN	dnf2_only	medtr.A17.gnm5.ann1_6.MtrunA17Chr4g0043081	MtrunA17Chr4g0043081			medtr.A17.gnm5.MtrunA17Chr4	-	40226485	40228927	-1.10302771260708	0.722720906621699	NS	-3.44358112218353	0.000387956300305865	DOWN
DOWN	dnf2_only	medtr.A17.gnm5.ann1_6.MtrunA17Chr6g0457981	MtrunA17Chr6g0457981	MtNCR122	Nodule-specific Cysteine-Rich peptide	medtr.A17.gnm5.MtrunA17Chr6	-	7595692	7596654	-0.478234106185279	1	NS	-3.44306256973942	3.6466558270792e-07	DOWN
DOWN	dnf2_only	medtr.A17.gnm5.ann1_6.MtrunA17Chr4g0026511	MtrunA17Chr4g0026511	MtNCR010	Nodule-specific Cysteine-Rich peptide	medtr.A17.gnm5.MtrunA17Chr4	+	27374638	27377535	-0.170161484906459	1	NS	-3.4381331682661	6.99999279420221e-05	DOWN
DOWN	dnf2_only	medtr.A17.gnm5.ann1_6.MtrunA17Chr1g0167851	MtrunA17Chr1g0167851			medtr.A17.gnm5.MtrunA17Chr1	-	16772179	16773045	3.03367025565706	0.000261338164310364	UP	-3.43758886630232	0.00115074299321252	DOWN
DOWN	dnf2_only	medtr.A17.gnm5.ann1_6.MtrunA17Chr1g0168161	MtrunA17Chr1g0168161	MtETR3	ethylene receptor-like 3	medtr.A17.gnm5.MtrunA17Chr1	-	17033661	17037939	0.59999397655926	1	NS	-3.43428798208869	0.000499118248325874	DOWN
DOWN	dnf2_only	medtr.A17.gnm5.ann1_6.MtrunA17Chr5g0423711	MtrunA17Chr5g0423711	MtNCR273	Nodule-specific Cysteine-Rich peptide	medtr.A17.gnm5.MtrunA17Chr5	+	25523341	25524143	-0.935147875377943	1	NS	-3.43236582405781	0.00701814433946267	DOWN
DOWN	dnf2_only	medtr.A17.gnm5.ann1_6.MtrunA17Chr3g0110841	MtrunA17Chr3g0110841	MtNCR082	Nodule-specific Cysteine-Rich peptide	medtr.A17.gnm5.MtrunA17Chr3	-	33275043	33276225	-1.16436097307251	0.638141723260358	NS	-3.42995227153421	0.000198460722859125	DOWN
DOWN	dnf2_only	medtr.A17.gnm5.ann1_6.MtrunA17Chr7g0272001	MtrunA17Chr7g0272001			medtr.A17.gnm5.MtrunA17Chr7	-	53277487	53280247	-0.027884550963372	1	NS	-3.4279247400461	8.34737406259623e-05	DOWN
DOWN	dnf2_only	medtr.A17.gnm5.ann1_6.MtrunA17Chr4g0001561	MtrunA17Chr4g0001561			medtr.A17.gnm5.MtrunA17Chr4	-	1069943	1071596	-0.34484972738128	1	NS	-3.42505311676823	0.00369913111420408	DOWN
DOWN	dnf2_only	medtr.A17.gnm5.ann1_6.MtrunA17Chr5g0425251	MtrunA17Chr5g0425251	MtSULTR1.3	sulfate transporter	medtr.A17.gnm5.MtrunA17Chr5	+	27270047	27275650	-0.517506619993156	1	NS	-3.42282959387116	0.00341086579912418	DOWN
DOWN	dnf2_only	medtr.A17.gnm5.ann1_6.MtrunA17Chr4g0006331	MtrunA17Chr4g0006331			medtr.A17.gnm5.MtrunA17Chr4	-	5017055	5018008	0.488043171502658	1	NS	-3.42273198560509	0.0449467683924834	DOWN
DOWN	dnf2_only	medtr.A17.gnm5.ann1_6.MtrunA17Chr6g0487691	MtrunA17Chr6g0487691			medtr.A17.gnm5.MtrunA17Chr6	+	41959180	41961711	-1.9062343242129	0.175195318477427	NS	-3.42120981863321	0.00513223120809633	DOWN
DOWN	dnf2_only	medtr.A17.gnm5.ann1_6.MtrunA17Chr2g0281571	MtrunA17Chr2g0281571			medtr.A17.gnm5.MtrunA17Chr2	+	3304936	3307279	-0.473777603766522	1	NS	-3.41443336460654	2.98679772869621e-05	DOWN
DOWN	dnf2_only	medtr.A17.gnm5.ann1_6.MtrunA17Chr3g0085021	MtrunA17Chr3g0085021			medtr.A17.gnm5.MtrunA17Chr3	-	6382407	6384362	-1.0709532022835	0.775377005323813	NS	-3.40636937388142	0.000148284232746135	DOWN
DOWN	dnf2_only	medtr.A17.gnm5.ann1_6.MtrunA17Chr1g0197501	MtrunA17Chr1g0197501	MtLb3	leghemoglobin3	medtr.A17.gnm5.MtrunA17Chr1	-	44673539	44676710	0.589283337285606	1	NS	-3.40577332388761	1.16498679198843e-06	DOWN
DOWN	dnf2_only	medtr.A17.gnm5.ann1_6.MtrunA17Chr5g0431861	MtrunA17Chr5g0431861			medtr.A17.gnm5.MtrunA17Chr5	+	32658958	32659966	-1.6546464647093	0.200394293161363	NS	-3.40466358363459	0.00111199856642419	DOWN
DOWN	dnf2_only	medtr.A17.gnm5.ann1_6.MtrunA17Chr6g0467551	MtrunA17Chr6g0467551	MtNCR341	Nodule-specific Cysteine-Rich peptide	medtr.A17.gnm5.MtrunA17Chr6	+	16520361	16521072	-1.70818555693928	0.108718046840894	NS	-3.40279019197012	0.000154614424344852	DOWN
DOWN	dnf2_only	medtr.A17.gnm5.ann1_6.MtrunA17Chr2g0314071	MtrunA17Chr2g0314071			medtr.A17.gnm5.MtrunA17Chr2	-	36679016	36680171	-1.67573619274847	0.0859050542606724	NS	-3.39477037893583	7.54881060482283e-05	DOWN
DOWN	dnf2_only	medtr.A17.gnm5.ann1_6.MtrunA17Chr1g0167861	MtrunA17Chr1g0167861			medtr.A17.gnm5.MtrunA17Chr1	+	16772890	16775057	3.11019029310912	0.00052824311701194	UP	-3.3894167040219	0.00211541780801186	DOWN
DOWN	dnf2_only	medtr.A17.gnm5.ann1_6.MtrunA17Chr7g0224311	MtrunA17Chr7g0224311	MtNCR167	Nodule-specific Cysteine-Rich peptide	medtr.A17.gnm5.MtrunA17Chr7	-	9522171	9524747	0.205849499133015	1	NS	-3.38875795050527	4.69949389005669e-05	DOWN
DOWN	dnf2_only	medtr.A17.gnm5.ann1_6.MtrunA17Chr4g0011031	MtrunA17Chr4g0011031	MtNCR309	Nodule-specific Cysteine-Rich peptide	medtr.A17.gnm5.MtrunA17Chr4	+	8636762	8638382	-0.501671762639532	1	NS	-3.38756826296046	0.000116365986010961	DOWN
DOWN	dnf2_only	medtr.A17.gnm5.ann1_6.MtrunA17Chr3g0081451	MtrunA17Chr3g0081451			medtr.A17.gnm5.MtrunA17Chr3	-	3428233	3432382	-0.089939329568625	1	NS	-3.38665603352363	0.00174248361023931	DOWN
DOWN	dnf2_only	medtr.A17.gnm5.ann1_6.MtrunA17Chr7g0265561	MtrunA17Chr7g0265561	MtGT-35	trihelix transcription factor (GT) 36	medtr.A17.gnm5.MtrunA17Chr7	+	48770709	48772772	-0.642922988622531	1	NS	-3.38633983025135	0.000785601750235086	DOWN
DOWN	dnf2_only	medtr.A17.gnm5.ann1_6.MtrunA17Chr6g0488831	MtrunA17Chr6g0488831			medtr.A17.gnm5.MtrunA17Chr6	+	42758222	42769789	0.344431856873954	1	NS	-3.38493984241403	9.89114992857161e-05	DOWN
DOWN	dnf2_only	medtr.A17.gnm5.ann1_6.MtrunA17Chr3g0100391	MtrunA17Chr3g0100391	MtNOD25|MtN22	nodulin 25|Mtnodulin-22 (CAA75576)	medtr.A17.gnm5.MtrunA17Chr3	-	25023037	25030975	-0.0220966778435045	1	NS	-3.38400927557296	3.84632610055858e-05	DOWN
DOWN	dnf2_only	medtr.A17.gnm5.ann1_6.MtrunA17Chr1g0197761	MtrunA17Chr1g0197761			medtr.A17.gnm5.MtrunA17Chr1	+	44880222	44881239	-1.66842426450254	0.18610930721918	NS	-3.38327560695117	0.00103194485088314	DOWN
DOWN	dnf2_only	medtr.A17.gnm5.ann1_6.MtrunA17Chr7g0232731	MtrunA17Chr7g0232731			medtr.A17.gnm5.MtrunA17Chr7	+	22967280	22971113	-0.815192139990822	1	NS	-3.38228745631811	0.000113165724391812	DOWN
DOWN	dnf2_only	medtr.A17.gnm5.ann1_6.MtrunA17Chr4g0020381	MtrunA17Chr4g0020381	MtNCR274	Nodule-specific Cysteine-Rich peptide	medtr.A17.gnm5.MtrunA17Chr4	+	16372189	16374879	-0.772097897983526	1	NS	-3.3754986817969	0.000125967966679609	DOWN
DOWN	dnf2_only	medtr.A17.gnm5.ann1_6.MtrunA17Chr6g0475341	MtrunA17Chr6g0475341	MtNCR097	Nodule-specific Cysteine-Rich peptide	medtr.A17.gnm5.MtrunA17Chr6	-	29514727	29516593	-1.77221900559145	0.0824327727606726	NS	-3.37459842830216	0.000143296901711854	DOWN
DOWN	dnf2_only	medtr.A17.gnm5.ann1_6.MtrunA17Chr8g0352951	MtrunA17Chr8g0352951			medtr.A17.gnm5.MtrunA17Chr8	+	14728356	14728851	2.77936202055793	0.000481609244983466	UP	-3.37453457436614	0.00981473532740688	DOWN
DOWN	dnf2_only	medtr.A17.gnm5.ann1_6.MtrunA17Chr6g0485621	MtrunA17Chr6g0485621	MtYUC2	YUCCA 2	medtr.A17.gnm5.MtrunA17Chr6	+	40217749	40222516	-1.77888791840776	0.341329478289807	NS	-3.3713086605583	0.0224766873235363	DOWN
DOWN	dnf2_only	medtr.A17.gnm5.ann1_6.MtrunA17Chr2g0302871	MtrunA17Chr2g0302871			medtr.A17.gnm5.MtrunA17Chr2	+	20518580	20519842	-1.4541754104922	0.380920417332268	NS	-3.3706946976673	0.00242384895983282	DOWN
DOWN	dnf2_only	medtr.A17.gnm5.ann1_6.MtrunA17Chr3g0109241	MtrunA17Chr3g0109241			medtr.A17.gnm5.MtrunA17Chr3	+	32218192	32220391	0.512070458838487	1	NS	-3.36953442672427	0.00444978956909833	DOWN
DOWN	dnf2_only	medtr.A17.gnm5.ann1_6.MtrunA17Chr6g0450421	MtrunA17Chr6g0450421			medtr.A17.gnm5.MtrunA17Chr6	-	1165237	1165816	-1.75983591885371	0.106436285077287	NS	-3.36263626640115	0.000316220669511222	DOWN
DOWN	dnf2_only	medtr.A17.gnm5.ann1_6.MtrunA17Chr4g0007761	MtrunA17Chr4g0007761			medtr.A17.gnm5.MtrunA17Chr4	-	6061307	6070513	-0.656886488685387	1	NS	-3.36167796263413	0.000166808581542703	DOWN
DOWN	dnf2_only	medtr.A17.gnm5.ann1_6.MtrunA17Chr6g0467221	MtrunA17Chr6g0467221			medtr.A17.gnm5.MtrunA17Chr6	+	16103368	16103973	-1.51010114368908	0.324540171133189	NS	-3.36057014232914	0.00215362035991968	DOWN
DOWN	dnf2_only	medtr.A17.gnm5.ann1_6.MtrunA17Chr2g0322081	MtrunA17Chr2g0322081			medtr.A17.gnm5.MtrunA17Chr2	+	42885340	42886757	-0.709919012953752	1	NS	-3.35737692294619	0.00303479165915601	DOWN
DOWN	dnf2_only	medtr.A17.gnm5.ann1_6.MtrunA17Chr2g0314651	MtrunA17Chr2g0314651	MtNCR566	Nodule-specific Cysteine-Rich peptide	medtr.A17.gnm5.MtrunA17Chr2	+	37071018	37071817	-1.30360157436753	0.4307923398654	NS	-3.35527428450986	0.000164197735076158	DOWN
DOWN	dnf2_only	medtr.A17.gnm5.ann1_6.MtrunA17Chr7g0268711	MtrunA17Chr7g0268711	Glutaredoxin-13	Glutaredoxin family protein	medtr.A17.gnm5.MtrunA17Chr7	-	51017898	51019320	-0.616123182400077	1	NS	-3.35176612292367	0.00314711007142198	DOWN
DOWN	dnf2_only	medtr.A17.gnm5.ann1_6.MtrunA17Chr3g0089971	MtrunA17Chr3g0089971	MtNCR263	Nodule-specific Cysteine-Rich peptide	medtr.A17.gnm5.MtrunA17Chr3	+	11195727	11196309	-1.4195270708473	0.361163052992013	NS	-3.35144750956597	0.000909215910235078	DOWN
DOWN	dnf2_only	medtr.A17.gnm5.ann1_6.MtrunA17Chr2g0299211	MtrunA17Chr2g0299211			medtr.A17.gnm5.MtrunA17Chr2	+	17207433	17208982	3.0630408582862	0.00193526792300724	UP	-3.35001688396087	0.0132607248086905	DOWN
DOWN	dnf2_only	medtr.A17.gnm5.ann1_6.MtrunA17Chr8g0383901	MtrunA17Chr8g0383901			medtr.A17.gnm5.MtrunA17Chr8	+	43012350	43013199	-1.71055125634151	0.415381961751871	NS	-3.34987693097436	0.0305506006353648	DOWN
DOWN	dnf2_only	medtr.A17.gnm5.ann1_6.MtrunA17Chr3g0138041	MtrunA17Chr3g0138041			medtr.A17.gnm5.MtrunA17Chr3	-	53087262	53092220	-1.62119647779101	0.12631059075445	NS	-3.34551971461354	0.000103863893870013	DOWN
DOWN	dnf2_only	medtr.A17.gnm5.ann1_6.MtrunA17Chr2g0322071	MtrunA17Chr2g0322071			medtr.A17.gnm5.MtrunA17Chr2	+	42872484	42873937	-0.198110594303805	1	NS	-3.34316751888694	0.0047768972204164	DOWN
DOWN	dnf2_only	medtr.A17.gnm5.ann1_6.MtrunA17Chr3g0100501	MtrunA17Chr3g0100501	MtCAML5	calmodulin-like 5	medtr.A17.gnm5.MtrunA17Chr3	-	25059638	25061391	-1.23304286969157	0.438375994419476	NS	-3.34181137953163	1.60160558176984e-05	DOWN
DOWN	dnf2_only	medtr.A17.gnm5.ann1_6.MtrunA17Chr3g0083081	MtrunA17Chr3g0083081	MtNCR583	Nodule-specific Cysteine-Rich peptide	medtr.A17.gnm5.MtrunA17Chr3	-	4772617	4779909	-0.827372796505889	1	NS	-3.33662565753161	0.000138826075424296	DOWN
DOWN	dnf2_only	medtr.A17.gnm5.ann1_6.MtrunA17Chr8g0345261	MtrunA17Chr8g0345261			medtr.A17.gnm5.MtrunA17Chr8	+	8333903	8335733	-0.637016377561946	1	NS	-3.33033864842632	0.000233596539525106	DOWN
DOWN	dnf2_only	medtr.A17.gnm5.ann1_6.MtrunA17Chr1g0148751	MtrunA17Chr1g0148751	MtLb4|MtLb1|MtLb2	leghemoglobin4	medtr.A17.gnm5.MtrunA17Chr1	-	2108448	2110681	-0.163584062200882	1	NS	-3.32804097431825	0.000484712820659022	DOWN
DOWN	dnf2_only	medtr.A17.gnm5.ann1_6.MtrunA17Chr2g0324511	MtrunA17Chr2g0324511			medtr.A17.gnm5.MtrunA17Chr2	+	44677310	44680287	-3.42179480869585	0.0784338495143609	NS	-3.32476281589999	0.045606324721971	DOWN
DOWN	dnf2_only	medtr.A17.gnm5.ann1_6.MtrunA17Chr1g0178561	MtrunA17Chr1g0178561			medtr.A17.gnm5.MtrunA17Chr1	-	30037835	30038324	-1.16071332296933	0.65224411382106	NS	-3.32055577894654	0.000575589004819561	DOWN
DOWN	dnf2_only	medtr.A17.gnm5.ann1_6.MtrunA17Chr2g0310661	MtrunA17Chr2g0310661			medtr.A17.gnm5.MtrunA17Chr2	+	33611868	33614296	0.741256523960192	1	NS	-3.31865558252719	0.000820729672376314	DOWN
DOWN	dnf2_only	medtr.A17.gnm5.ann1_6.MtrunA17Chr3g0080961	MtrunA17Chr3g0080961	MtNCR099	Nodule-specific Cysteine-Rich peptide	medtr.A17.gnm5.MtrunA17Chr3	-	3038369	3039245	-0.00744843452902651	1	NS	-3.30774508298357	0.000692809660108544	DOWN
DOWN	dnf2_only	medtr.A17.gnm5.ann1_6.MtrunA17Chr4g0050891	MtrunA17Chr4g0050891			medtr.A17.gnm5.MtrunA17Chr4	+	45680649	45687132	-0.578765216744715	1	NS	-3.30750495503471	1.2537886008855e-05	DOWN
DOWN	dnf2_only	medtr.A17.gnm5.ann1_6.MtrunA17Chr7g0234011	MtrunA17Chr7g0234011	MtNCR489	Nodule-specific Cysteine-Rich peptide	medtr.A17.gnm5.MtrunA17Chr7	-	24444157	24445237	-1.12505276705687	0.68891963203813	NS	-3.30371387374747	0.00022223966372404	DOWN
DOWN	dnf2_only	medtr.A17.gnm5.ann1_6.MtrunA17Chr3g0100541	MtrunA17Chr3g0100541	MtCAML3	calmodulin-like 3	medtr.A17.gnm5.MtrunA17Chr3	-	25078567	25081832	-0.628896409671578	1	NS	-3.30115323537652	0.000275018338091862	DOWN
DOWN	dnf2_only	medtr.A17.gnm5.ann1_6.MtrunA17Chr5g0435611	MtrunA17Chr5g0435611	MtLb1|MtLb7	leghemoglobin1	medtr.A17.gnm5.MtrunA17Chr5	-	35617088	35619663	-1.38393859570737	0.408494545166781	NS	-3.29782708245622	0.000669807662770383	DOWN
DOWN	dnf2_only	medtr.A17.gnm5.ann1_6.MtrunA17Chr1g0213371	MtrunA17Chr1g0213371			medtr.A17.gnm5.MtrunA17Chr1	-	56261298	56263151	-1.13341914649397	0.772779365660145	NS	-3.29722315721351	0.0157221262872351	DOWN
DOWN	dnf2_only	medtr.A17.gnm5.ann1_6.MtrunA17Chr3g0106311	MtrunA17Chr3g0106311	MtNCR411	Nodule-specific Cysteine-Rich peptide	medtr.A17.gnm5.MtrunA17Chr3	+	30119124	30120153	-1.70225728106356	0.0863354253937849	NS	-3.29465774345374	9.3530086047872e-05	DOWN
DOWN	dnf2_only	medtr.A17.gnm5.ann1_6.MtrunA17Chr6g0481401	MtrunA17Chr6g0481401	MtNCR359	Nodule-specific Cysteine-Rich peptide	medtr.A17.gnm5.MtrunA17Chr6	+	36253174	36253867	-2.29807034561089	0.082741909721671	NS	-3.29303715872724	0.00740589233461439	DOWN
DOWN	dnf2_only	medtr.A17.gnm5.ann1_6.MtrunA17Chr6g0472941	MtrunA17Chr6g0472941	MtNCR006	Nodule-specific Cysteine-Rich peptide	medtr.A17.gnm5.MtrunA17Chr6	+	25313920	25316169	-0.112175037214987	1	NS	-3.29195712504086	0.00176546913253298	DOWN
DOWN	dnf2_only	medtr.A17.gnm5.ann1_6.MtrunA17Chr2g0302321	MtrunA17Chr2g0302321			medtr.A17.gnm5.MtrunA17Chr2	-	19895571	19896473	1.7040700460269	0.110782570002928	NS	-3.28958161168159	0.0057970146948263	DOWN
DOWN	dnf2_only	medtr.A17.gnm5.ann1_6.MtrunA17Chr8g0363771	MtrunA17Chr8g0363771			medtr.A17.gnm5.MtrunA17Chr8	-	28380205	28388432	-0.505371154993073	1	NS	-3.28908201326565	0.00334191348762512	DOWN
DOWN	dnf2_only	medtr.A17.gnm5.ann1_6.MtrunA17Chr5g0393871	MtrunA17Chr5g0393871			medtr.A17.gnm5.MtrunA17Chr5	-	387623	388243	-1.08576593312018	0.89275169316108	NS	-3.28786767249659	0.0467668933335645	DOWN
DOWN	dnf2_only	medtr.A17.gnm5.ann1_6.MtrunA17Chr7g0260501	MtrunA17Chr7g0260501	MtNCR040	Nodule-specific Cysteine-Rich peptide	medtr.A17.gnm5.MtrunA17Chr7	+	45279368	45280432	-1.25700483061625	0.487760607228466	NS	-3.28676195608566	0.000159460130126499	DOWN
DOWN	dnf2_only	medtr.A17.gnm5.ann1_6.MtrunA17Chr1g0207691	MtrunA17Chr1g0207691			medtr.A17.gnm5.MtrunA17Chr1	-	52148453	52149948	-0.0246848457428021	1	NS	-3.28606194465418	0.00319683256593628	DOWN
DOWN	dnf2_only	medtr.A17.gnm5.ann1_6.MtrunA17Chr7g0273461	MtrunA17Chr7g0273461			medtr.A17.gnm5.MtrunA17Chr7	-	54099294	54100062	-2.39134922537887	0.165000930917423	NS	-3.28473287291623	0.0341135175400559	DOWN
DOWN	dnf2_only	medtr.A17.gnm5.ann1_6.MtrunA17Chr1g0172431	MtrunA17Chr1g0172431	MtNCR496	Nodule-specific Cysteine-Rich peptide	medtr.A17.gnm5.MtrunA17Chr1	+	21374134	21375223	-1.15448258565489	0.650006688975808	NS	-3.28412798181952	0.000299386805904911	DOWN
DOWN	dnf2_only	medtr.A17.gnm5.ann1_6.MtrunA17Chr3g0129591	MtrunA17Chr3g0129591			medtr.A17.gnm5.MtrunA17Chr3	+	47076749	47080817	-1.63640876919269	0.236894654508569	NS	-3.28276631297515	0.00227534083062776	DOWN
DOWN	dnf2_only	medtr.A17.gnm5.ann1_6.MtrunA17Chr7g0268291	MtrunA17Chr7g0268291			medtr.A17.gnm5.MtrunA17Chr7	+	50736853	50738620	-0.780942566751924	1	NS	-3.28165759446653	0.000692093116369379	DOWN
DOWN	dnf2_only	medtr.A17.gnm5.ann1_6.MtrunA17Chr6g0474221	MtrunA17Chr6g0474221			medtr.A17.gnm5.MtrunA17Chr6	-	27917184	27919243	1.17316903218977	0.570946458115591	NS	-3.28155311638314	0.000827271420859205	DOWN
DOWN	dnf2_only	medtr.A17.gnm5.ann1_6.MtrunA17Chr5g0425291	MtrunA17Chr5g0425291			medtr.A17.gnm5.MtrunA17Chr5	+	27309515	27310749	-0.774628178455126	1	NS	-3.27848139005497	0.00775080194350234	DOWN
DOWN	dnf2_only	medtr.A17.gnm5.ann1_6.MtrunA17Chr8g0387241	MtrunA17Chr8g0387241			medtr.A17.gnm5.MtrunA17Chr8	-	45352344	45354672	0.636264157287553	1	NS	-3.27804212390494	0.00082584357778399	DOWN
DOWN	dnf2_only	medtr.A17.gnm5.ann1_6.MtrunA17Chr7g0261231	MtrunA17Chr7g0261231	MtPT12	phosphate transporter	medtr.A17.gnm5.MtrunA17Chr7	+	45750271	45754527	-0.73524705769698	1	NS	-3.27475298066257	0.000415174166339133	DOWN
DOWN	dnf2_only	medtr.A17.gnm5.ann1_6.MtrunA17Chr2g0300281	MtrunA17Chr2g0300281			medtr.A17.gnm5.MtrunA17Chr2	+	18063637	18064913	-0.402878701845674	1	NS	-3.27413247962977	0.000205798963043916	DOWN
DOWN	dnf2_only	medtr.A17.gnm5.ann1_6.MtrunA17Chr2g0333651	MtrunA17Chr2g0333651			medtr.A17.gnm5.MtrunA17Chr2	-	51390114	51393724	0.0655137144793028	1	NS	-3.27374040682188	0.000149225540848702	DOWN
DOWN	dnf2_only	medtr.A17.gnm5.ann1_6.MtrunA17Chr1g0179241	MtrunA17Chr1g0179241	MtNCR113	Nodule-specific Cysteine-Rich peptide	medtr.A17.gnm5.MtrunA17Chr1	+	30605464	30606769	-0.627508818593597	1	NS	-3.27311710847679	0.000388571774703925	DOWN
DOWN	dnf2_only	medtr.A17.gnm5.ann1_6.MtrunA17Chr6g0450391	MtrunA17Chr6g0450391	MtNCR216	Nodule-specific Cysteine-Rich peptide	medtr.A17.gnm5.MtrunA17Chr6	+	1147250	1149476	-0.642440204212435	1	NS	-3.27156764792722	0.00034081302132653	DOWN
DOWN	dnf2_only	medtr.A17.gnm5.ann1_6.MtrunA17Chr1g0171731	MtrunA17Chr1g0171731			medtr.A17.gnm5.MtrunA17Chr1	+	20416892	20417821	-0.688915220383858	1	NS	-3.26907386031123	0.0019573647027182	DOWN
DOWN	dnf2_only	medtr.A17.gnm5.ann1_6.MtrunA17Chr0c32g0494191	MtrunA17Chr0c32g0494191	MtNCR-new1	Nodule-specific Cysteine-Rich peptide	medtr.A17.gnm5.MtrunA17Chr0c32	+	7315	9387	0.345744510261496	1	NS	-3.26608678152757	0.000103863893870013	DOWN
DOWN	dnf2_only	medtr.A17.gnm5.ann1_6.MtrunA17Chr7g0264151	MtrunA17Chr7g0264151			medtr.A17.gnm5.MtrunA17Chr7	-	47706748	47707829	0.524637516342128	1	NS	-3.26434894263787	0.00643076118833339	DOWN
DOWN	dnf2_only	medtr.A17.gnm5.ann1_6.MtrunA17Chr1g0170861	MtrunA17Chr1g0170861			medtr.A17.gnm5.MtrunA17Chr1	+	19596789	19597766	-1.94355778101826	0.24144139107588	NS	-3.25916018777239	0.0176631066904156	DOWN
DOWN	dnf2_only	medtr.A17.gnm5.ann1_6.MtrunA17Chr5g0433281	MtrunA17Chr5g0433281	MtNCR083	Nodule-specific Cysteine-Rich peptide	medtr.A17.gnm5.MtrunA17Chr5	-	33776752	33779087	-1.62219804047678	0.140064398608337	NS	-3.25251443955674	0.000158867203182816	DOWN
DOWN	dnf2_only	medtr.A17.gnm5.ann1_6.MtrunA17Chr6g0470761	MtrunA17Chr6g0470761			medtr.A17.gnm5.MtrunA17Chr6	-	21149939	21151369	0.154351814408578	1	NS	-3.25229431302681	0.00154819383210695	DOWN
DOWN	dnf2_only	medtr.A17.gnm5.ann1_6.MtrunA17Chr7g0262471	MtrunA17Chr7g0262471			medtr.A17.gnm5.MtrunA17Chr7	-	46573539	46580129	-0.807992304279449	1	NS	-3.25044321541343	0.0216492683793738	DOWN
DOWN	dnf2_only	medtr.A17.gnm5.ann1_6.MtrunA17Chr6g0467241	MtrunA17Chr6g0467241			medtr.A17.gnm5.MtrunA17Chr6	-	16107254	16107577	-0.682756795086596	1	NS	-3.24867289930557	0.0447646061866925	DOWN
DOWN	dnf2_only	medtr.A17.gnm5.ann1_6.MtrunA17Chr6g0467231	MtrunA17Chr6g0467231			medtr.A17.gnm5.MtrunA17Chr6	+	16104802	16110972	-1.78795522693598	0.109779634917084	NS	-3.24152096584996	0.000534053768021007	DOWN
DOWN	dnf2_only	medtr.A17.gnm5.ann1_6.MtrunA17Chr4g0051011	MtrunA17Chr4g0051011			medtr.A17.gnm5.MtrunA17Chr4	+	45723580	45724521	-1.23424923437343	0.582861746256338	NS	-3.24041584993276	0.00122289976407448	DOWN
DOWN	dnf2_only	medtr.A17.gnm5.ann1_6.MtrunA17Chr3g0107881	MtrunA17Chr3g0107881	MtPrx03	peroxidase	medtr.A17.gnm5.MtrunA17Chr3	+	31334048	31337146	-1.41534888824014	0.255333360119127	NS	-3.23909214283709	6.61795970771475e-05	DOWN
DOWN	dnf2_only	medtr.A17.gnm5.ann1_6.MtrunA17Chr4g0004391	MtrunA17Chr4g0004391			medtr.A17.gnm5.MtrunA17Chr4	-	3444966	3446782	-2.1303107001101	0.130771355685607	NS	-3.23724702399261	0.0102812371684	DOWN
DOWN	dnf2_only	medtr.A17.gnm5.ann1_6.MtrunA17Chr7g0231341	MtrunA17Chr7g0231341			medtr.A17.gnm5.MtrunA17Chr7	-	20939119	20939864	0.473916188596326	1	NS	-3.23120079711849	0.0124406500015594	DOWN
DOWN	dnf2_only	medtr.A17.gnm5.ann1_6.MtrunA17Chr1g0175281	MtrunA17Chr1g0175281			medtr.A17.gnm5.MtrunA17Chr1	+	26709756	26710256	0.606003914984154	1	NS	-3.22560878496521	0.0326638623244385	DOWN
DOWN	dnf2_only	medtr.A17.gnm5.ann1_6.MtrunA17Chr5g0428121	MtrunA17Chr5g0428121			medtr.A17.gnm5.MtrunA17Chr5	+	29784317	29786390	-1.71445930975815	0.418964230893525	NS	-3.21775055326775	0.0428417137789909	DOWN
DOWN	dnf2_only	medtr.A17.gnm5.ann1_6.MtrunA17Chr1g0197541	MtrunA17Chr1g0197541			medtr.A17.gnm5.MtrunA17Chr1	+	44684961	44686510	-2.7772011582644	0.0807691045670377	NS	-3.21692138572729	0.0227037743548438	DOWN
DOWN	dnf2_only	medtr.A17.gnm5.ann1_6.MtrunA17Chr3g0107831	MtrunA17Chr3g0107831			medtr.A17.gnm5.MtrunA17Chr3	-	31303106	31303875	-1.48536856299556	0.201010046676578	NS	-3.21417845671324	0.000108101698967392	DOWN
DOWN	dnf2_only	medtr.A17.gnm5.ann1_6.MtrunA17Chr7g0218531	MtrunA17Chr7g0218531			medtr.A17.gnm5.MtrunA17Chr7	-	3816890	3817197	-0.971314765515785	0.991403975374412	NS	-3.21195432177031	0.0455910886795431	DOWN
DOWN	dnf2_only	medtr.A17.gnm5.ann1_6.MtrunA17Chr5g0423371	MtrunA17Chr5g0423371	MtNCR019	Nodule-specific Cysteine-Rich peptide	medtr.A17.gnm5.MtrunA17Chr5	-	25195364	25197846	-0.441450717683096	1	NS	-3.21141496486232	0.000276953868798176	DOWN
DOWN	dnf2_only	medtr.A17.gnm5.ann1_6.MtrunA17Chr4g0028061	MtrunA17Chr4g0028061			medtr.A17.gnm5.MtrunA17Chr4	+	29044729	29045397	-1.47159498263603	0.384153718985616	NS	-3.20959190483826	0.0048973526546329	DOWN
DOWN	dnf2_only	medtr.A17.gnm5.ann1_6.MtrunA17Chr4g0032001	MtrunA17Chr4g0032001			medtr.A17.gnm5.MtrunA17Chr4	-	32319738	32321088	-1.38230635444635	0.465797580693648	NS	-3.20372784442993	0.00454499624716436	DOWN
DOWN	dnf2_only	medtr.A17.gnm5.ann1_6.MtrunA17Chr8g0371771	MtrunA17Chr8g0371771			medtr.A17.gnm5.MtrunA17Chr8	-	34402750	34405236	-1.37530966167802	0.565114615340501	NS	-3.20299186095401	0.016880434151515	DOWN
DOWN	dnf2_only	medtr.A17.gnm5.ann1_6.MtrunA17Chr5g0441521	MtrunA17Chr5g0441521			medtr.A17.gnm5.MtrunA17Chr5	+	39933746	39934048	1.93011124086234	0.066882330556323	NS	-3.20284687058469	0.0215747438983689	DOWN
DOWN	dnf2_only	medtr.A17.gnm5.ann1_6.MtrunA17Chr6g0457531	MtrunA17Chr6g0457531			medtr.A17.gnm5.MtrunA17Chr6	-	7225202	7227800	0.492450164217403	1	NS	-3.19967019076729	0.00829281461844632	DOWN
DOWN	dnf2_only	medtr.A17.gnm5.ann1_6.MtrunA17Chr3g0110641	MtrunA17Chr3g0110641			medtr.A17.gnm5.MtrunA17Chr3	+	33191314	33192868	-1.37320631379428	0.28164909498622	NS	-3.19644417616088	6.31061354781426e-05	DOWN
DOWN	dnf2_only	medtr.A17.gnm5.ann1_6.MtrunA17Chr2g0300271	MtrunA17Chr2g0300271	MtNodGRP10	Nodule-specific Glycine-rich	medtr.A17.gnm5.MtrunA17Chr2	-	18062617	18064373	-0.268128571628279	1	NS	-3.19589464083094	0.00066272168658682	DOWN
DOWN	dnf2_only	medtr.A17.gnm5.ann1_6.MtrunA17Chr1g0172681	MtrunA17Chr1g0172681	MtNCR060	Nodule-specific Cysteine-Rich peptide	medtr.A17.gnm5.MtrunA17Chr1	+	21952358	21954575	-1.28621742101451	0.539032430817237	NS	-3.19515053362372	0.00177001065514697	DOWN
DOWN	dnf2_only	medtr.A17.gnm5.ann1_6.MtrunA17Chr4g0044831	MtrunA17Chr4g0044831			medtr.A17.gnm5.MtrunA17Chr4	+	41602577	41605924	-0.428353180284341	1	NS	-3.19401514519307	0.000261955640066107	DOWN
DOWN	dnf2_only	medtr.A17.gnm5.ann1_6.MtrunA17Chr5g0425511	MtrunA17Chr5g0425511	MtNCR194	Nodule-specific Cysteine-Rich peptide	medtr.A17.gnm5.MtrunA17Chr5	-	27502931	27505350	-0.703831656834255	1	NS	-3.1924202259619	5.5977980191927e-05	DOWN
DOWN	dnf2_only	medtr.A17.gnm5.ann1_6.MtrunA17Chr7g0240601	MtrunA17Chr7g0240601	MtNCR458	Nodule-specific Cysteine-Rich peptide	medtr.A17.gnm5.MtrunA17Chr7	+	30383677	30385193	-0.724471104167297	1	NS	-3.19064844632255	0.000275057853758801	DOWN
DOWN	dnf2_only	medtr.A17.gnm5.ann1_6.MtrunA17Chr1g0191641	MtrunA17Chr1g0191641	MtNCR108	Nodule-specific Cysteine-Rich peptide	medtr.A17.gnm5.MtrunA17Chr1	-	40599881	40600649	-1.88166797404961	0.100882206865687	NS	-3.18870809744852	0.00119771824302475	DOWN
DOWN	dnf2_only	medtr.A17.gnm5.ann1_6.MtrunA17Chr7g0234001	MtrunA17Chr7g0234001			medtr.A17.gnm5.MtrunA17Chr7	-	24439511	24441134	-0.00828890403987354	1	NS	-3.18840730880709	0.000136144963662076	DOWN
DOWN	dnf2_only	medtr.A17.gnm5.ann1_6.MtrunA17Chr3g0085381	MtrunA17Chr3g0085381			medtr.A17.gnm5.MtrunA17Chr3	+	6729476	6729893	1.743756067932	0.171062712076636	NS	-3.1857886860954	0.0425375323493512	DOWN
DOWN	dnf2_only	medtr.A17.gnm5.ann1_6.MtrunA17Chr7g0249961	MtrunA17Chr7g0249961			medtr.A17.gnm5.MtrunA17Chr7	-	37603832	37605208	-0.312004773101633	1	NS	-3.18508951359558	1.15579501667879e-05	DOWN
DOWN	dnf2_only	medtr.A17.gnm5.ann1_6.MtrunA17Chr6g0479951	MtrunA17Chr6g0479951	MtNCR-new60	Nodule-specific Cysteine-Rich peptide	medtr.A17.gnm5.MtrunA17Chr6	-	34689028	34693659	-0.298276047066296	1	NS	-3.18255521334867	4.39214044407887e-05	DOWN
DOWN	dnf2_only	medtr.A17.gnm5.ann1_6.MtrunA17Chr4g0023881	MtrunA17Chr4g0023881			medtr.A17.gnm5.MtrunA17Chr4	-	24429767	24434756	-1.42839186281601	0.294903789150732	NS	-3.18211019152731	0.000246055626678818	DOWN
DOWN	dnf2_only	medtr.A17.gnm5.ann1_6.MtrunA17Chr4g0066761	MtrunA17Chr4g0066761			medtr.A17.gnm5.MtrunA17Chr4	-	57404611	57407061	0.354585044507174	1	NS	-3.18091711452778	0.00570451099418369	DOWN
DOWN	dnf2_only	medtr.A17.gnm5.ann1_6.MtrunA17Chr3g0089891	MtrunA17Chr3g0089891	MtNCR284	Nodule-specific Cysteine-Rich peptide	medtr.A17.gnm5.MtrunA17Chr3	+	11111485	11113476	-0.977316217646749	0.922104003916575	NS	-3.17836657954945	0.000187794795978603	DOWN
DOWN	dnf2_only	medtr.A17.gnm5.ann1_6.MtrunA17Chr6g0475551	MtrunA17Chr6g0475551	MtNCR007	Nodule-specific Cysteine-Rich peptide	medtr.A17.gnm5.MtrunA17Chr6	-	29961208	29964008	-0.492471794121969	1	NS	-3.17705165186433	0.00932167765711651	DOWN
DOWN	dnf2_only	medtr.A17.gnm5.ann1_6.MtrunA17Chr7g0224901	MtrunA17Chr7g0224901			medtr.A17.gnm5.MtrunA17Chr7	+	10211301	10212246	-0.996496282250273	0.887641786093221	NS	-3.17674189382026	0.000131729677059494	DOWN
DOWN	dnf2_only	medtr.A17.gnm5.ann1_6.MtrunA17Chr4g0004401	MtrunA17Chr4g0004401			medtr.A17.gnm5.MtrunA17Chr4	-	3446784	3447275	-1.74392704407028	0.414922799885591	NS	-3.17359894318167	0.0476684841297767	DOWN
DOWN	dnf2_only	medtr.A17.gnm5.ann1_6.MtrunA17Chr3g0106851	MtrunA17Chr3g0106851	MtNCR212	Nodule-specific Cysteine-Rich peptide	medtr.A17.gnm5.MtrunA17Chr3	-	30482881	30483856	-0.632305450922139	1	NS	-3.17244829644346	0.000592734671958882	DOWN
DOWN	dnf2_only	medtr.A17.gnm5.ann1_6.MtrunA17Chr4g0028011	MtrunA17Chr4g0028011			medtr.A17.gnm5.MtrunA17Chr4	-	29035108	29037272	-0.57843133931541	1	NS	-3.17008882192607	0.00118283746190557	DOWN
DOWN	dnf2_only	medtr.A17.gnm5.ann1_6.MtrunA17Chr5g0417561	MtrunA17Chr5g0417561	MtCDFc2_2	CYCLING DOF FACTOR	medtr.A17.gnm5.MtrunA17Chr5	+	18117220	18119162	-2.25992879983574	0.052899072303191	NS	-3.16937507070877	0.00335530136555321	DOWN
DOWN	dnf2_only	medtr.A17.gnm5.ann1_6.MtrunA17Chr7g0224891	MtrunA17Chr7g0224891	MtNCR517	Nodule-specific Cysteine-Rich peptide	medtr.A17.gnm5.MtrunA17Chr7	-	10209788	10213121	-1.0658040096265	0.774593465315985	NS	-3.16543151608868	0.00019839074160036	DOWN
DOWN	dnf2_only	medtr.A17.gnm5.ann1_6.MtrunA17Chr7g0240011	MtrunA17Chr7g0240011			medtr.A17.gnm5.MtrunA17Chr7	-	29860592	29865024	-0.433488163907617	1	NS	-3.16488385558683	0.000228717079995741	DOWN
DOWN	dnf2_only	medtr.A17.gnm5.ann1_6.MtrunA17Chr5g0431101	MtrunA17Chr5g0431101	MtNCR100	Nodule-specific Cysteine-Rich peptide	medtr.A17.gnm5.MtrunA17Chr5	+	32091330	32092398	-1.33513468783155	0.344840549531559	NS	-3.1626151210857	8.95134144781278e-05	DOWN
DOWN	dnf2_only	medtr.A17.gnm5.ann1_6.MtrunA17Chr7g0216411	MtrunA17Chr7g0216411	MtNCR451	Nodule-specific Cysteine-Rich peptide	medtr.A17.gnm5.MtrunA17Chr7	-	2103842	2104410	-1.355529198375	0.358169727488332	NS	-3.16254255636703	0.000212605853449703	DOWN
DOWN	dnf2_only	medtr.A17.gnm5.ann1_6.MtrunA17Chr7g0239931	MtrunA17Chr7g0239931	MtNCR715	Nodule-specific Cysteine-Rich peptide	medtr.A17.gnm5.MtrunA17Chr7	-	29835303	29837696	-1.22330560104339	0.530958549699689	NS	-3.16226816310525	0.000277017537934729	DOWN
DOWN	dnf2_only	medtr.A17.gnm5.ann1_6.MtrunA17Chr5g0435621	MtrunA17Chr5g0435621	MtLb6|MtLb8	leghemoglobin6	medtr.A17.gnm5.MtrunA17Chr5	-	35625909	35627951	-0.0628760590874202	1	NS	-3.15822205862529	0.000424204897508435	DOWN
DOWN	dnf2_only	medtr.A17.gnm5.ann1_6.MtrunA17Chr7g0215841	MtrunA17Chr7g0215841	MtNCR688	Nodule-specific Cysteine-Rich peptide	medtr.A17.gnm5.MtrunA17Chr7	+	1831975	1833634	-1.63308866385562	0.169597262399538	NS	-3.15782027671713	0.000483390469834423	DOWN
DOWN	dnf2_only	medtr.A17.gnm5.ann1_6.MtrunA17Chr5g0424891	MtrunA17Chr5g0424891	MtNCR655	Nodule-specific Cysteine-Rich peptide	medtr.A17.gnm5.MtrunA17Chr5	+	26948113	26948846	-2.02697510675596	0.0501950929258555	NS	-3.15699998060755	0.000806666250129943	DOWN
DOWN	dnf2_only	medtr.A17.gnm5.ann1_6.MtrunA17Chr2g0301771	MtrunA17Chr2g0301771	MtNCR238	Nodule-specific Cysteine-Rich peptide	medtr.A17.gnm5.MtrunA17Chr2	-	19469412	19471687	-0.551995795102383	1	NS	-3.15507189351474	0.000488253488149994	DOWN
DOWN	dnf2_only	medtr.A17.gnm5.ann1_6.MtrunA17Chr4g0029901	MtrunA17Chr4g0029901	MtNCR-new40	Nodule-specific Cysteine-Rich peptide	medtr.A17.gnm5.MtrunA17Chr4	+	30551743	30554322	-0.695166250667569	1	NS	-3.15268598960668	9.35695140163561e-05	DOWN
DOWN	dnf2_only	medtr.A17.gnm5.ann1_6.MtrunA17Chr1g0213721	MtrunA17Chr1g0213721			medtr.A17.gnm5.MtrunA17Chr1	-	56516977	56517927	-1.51869146246392	0.169619656884411	NS	-3.15106600337826	0.000187774451442494	DOWN
DOWN	dnf2_only	medtr.A17.gnm5.ann1_6.MtrunA17Chr7g0239581	MtrunA17Chr7g0239581			medtr.A17.gnm5.MtrunA17Chr7	+	29576703	29577836	0.0208043508712563	1	NS	-3.15088361219195	0.00136436699596934	DOWN
DOWN	dnf2_only	medtr.A17.gnm5.ann1_6.MtrunA17Chr5g0409781	MtrunA17Chr5g0409781			medtr.A17.gnm5.MtrunA17Chr5	-	11477470	11480566	1.84989719503209	0.00345093774696514	UP	-3.1465366600988	8.06645422613137e-06	DOWN
DOWN	dnf2_only	medtr.A17.gnm5.ann1_6.MtrunA17Chr1g0167511	MtrunA17Chr1g0167511	MtNCR317	Nodule-specific Cysteine-Rich peptide	medtr.A17.gnm5.MtrunA17Chr1	-	16435190	16435902	-0.92952534079645	0.990547898883435	NS	-3.14648471806025	0.001514629273853	DOWN
DOWN	dnf2_only	medtr.A17.gnm5.ann1_6.MtrunA17Chr7g0240321	MtrunA17Chr7g0240321			medtr.A17.gnm5.MtrunA17Chr7	+	30171650	30172294	0.663248295424117	1	NS	-3.1458424330525	0.000382855479001189	DOWN
DOWN	dnf2_only	medtr.A17.gnm5.ann1_6.MtrunA17Chr5g0425971	MtrunA17Chr5g0425971			medtr.A17.gnm5.MtrunA17Chr5	-	27940913	27943599	-0.664807796731321	1	NS	-3.14337917240658	7.22327459736358e-05	DOWN
DOWN	dnf2_only	medtr.A17.gnm5.ann1_6.MtrunA17Chr5g0395851	MtrunA17Chr5g0395851			medtr.A17.gnm5.MtrunA17Chr5	+	1660396	1663134	-0.620076763672777	1	NS	-3.1386650189978	0.041338852968917	DOWN
DOWN	dnf2_only	medtr.A17.gnm5.ann1_6.MtrunA17Chr7g0226381	MtrunA17Chr7g0226381	MtNCR-new72	Nodule-specific Cysteine-Rich peptide	medtr.A17.gnm5.MtrunA17Chr7	+	11472885	11475207	-1.63983109537172	0.172502606550633	NS	-3.13848329707634	0.000586603509671078	DOWN
DOWN	dnf2_only	medtr.A17.gnm5.ann1_6.MtrunA17Chr4g0049461	MtrunA17Chr4g0049461			medtr.A17.gnm5.MtrunA17Chr4	+	44769811	44771005	0.255662576529032	1	NS	-3.13468059171387	0.000966404471421363	DOWN
DOWN	dnf2_only	medtr.A17.gnm5.ann1_6.MtrunA17Chr4g0021881	MtrunA17Chr4g0021881	MtNCR156	Nodule-specific Cysteine-Rich peptide	medtr.A17.gnm5.MtrunA17Chr4	-	20766759	20767516	-0.588073107016159	1	NS	-3.13047270460244	8.06645422613137e-06	DOWN
DOWN	dnf2_only	medtr.A17.gnm5.ann1_6.MtrunA17Chr7g0236701	MtrunA17Chr7g0236701	MtNCR148	Nodule-specific Cysteine-Rich peptide	medtr.A17.gnm5.MtrunA17Chr7	-	26815183	26817677	-0.276452824082547	1	NS	-3.12998866864069	0.000417364289560189	DOWN
DOWN	dnf2_only	medtr.A17.gnm5.ann1_6.MtrunA17Chr4g0028021	MtrunA17Chr4g0028021	MtNCR127	Nodule-specific Cysteine-Rich peptide	medtr.A17.gnm5.MtrunA17Chr4	+	29037244	29041415	-1.09852223066644	0.704288549387861	NS	-3.12846632091736	0.000100609059910824	DOWN
DOWN	dnf2_only	medtr.A17.gnm5.ann1_6.MtrunA17Chr6g0463031	MtrunA17Chr6g0463031			medtr.A17.gnm5.MtrunA17Chr6	-	12032897	12037279	-0.900958532820607	1	NS	-3.12595226311956	0.00175186669021867	DOWN
DOWN	dnf2_only	medtr.A17.gnm5.ann1_6.MtrunA17Chr7g0215851	MtrunA17Chr7g0215851			medtr.A17.gnm5.MtrunA17Chr7	-	1832070	1832506	-1.64091752958614	0.15537438057416	NS	-3.12216092184075	0.000417822051995948	DOWN
DOWN	dnf2_only	medtr.A17.gnm5.ann1_6.MtrunA17Chr7g0230051	MtrunA17Chr7g0230051			medtr.A17.gnm5.MtrunA17Chr7	-	18122934	18123465	-1.31809358401453	0.378891039967292	NS	-3.12211633477674	0.000245945553780599	DOWN
DOWN	dnf2_only	medtr.A17.gnm5.ann1_6.MtrunA17Chr7g0272841	MtrunA17Chr7g0272841			medtr.A17.gnm5.MtrunA17Chr7	+	53793986	53800777	-1.35540231082653	0.324543168871173	NS	-3.11787416901255	0.000107984101679924	DOWN
DOWN	dnf2_only	medtr.A17.gnm5.ann1_6.MtrunA17Chr7g0268941	MtrunA17Chr7g0268941			medtr.A17.gnm5.MtrunA17Chr7	-	51162060	51163814	-0.569304306263999	1	NS	-3.11728195435902	0.00354824150080574	DOWN
DOWN	dnf2_only	medtr.A17.gnm5.ann1_6.MtrunA17Chr5g0404711	MtrunA17Chr5g0404711			medtr.A17.gnm5.MtrunA17Chr5	+	8088902	8094030	-0.282341606228436	1	NS	-3.11710717157925	5.77573828661286e-06	DOWN
DOWN	dnf2_only	medtr.A17.gnm5.ann1_6.MtrunA17Chr2g0283411	MtrunA17Chr2g0283411			medtr.A17.gnm5.MtrunA17Chr2	-	4613275	4616388	-0.115624087064842	1	NS	-3.11475649786628	4.39214044407887e-05	DOWN
DOWN	dnf2_only	medtr.A17.gnm5.ann1_6.MtrunA17Chr5g0442301	MtrunA17Chr5g0442301			medtr.A17.gnm5.MtrunA17Chr5	-	40494151	40494455	2.02865599945441	0.00665978014296096	UP	-3.11467234021109	0.000759243365352916	DOWN
DOWN	dnf2_only	medtr.A17.gnm5.ann1_6.MtrunA17Chr5g0401401	MtrunA17Chr5g0401401			medtr.A17.gnm5.MtrunA17Chr5	+	5583252	5596556	0.242895115453594	1	NS	-3.1113242954716	0.000212605853449703	DOWN
DOWN	dnf2_only	medtr.A17.gnm5.ann1_6.MtrunA17Chr7g0233991	MtrunA17Chr7g0233991	MtNCR350	Nodule-specific Cysteine-Rich peptide	medtr.A17.gnm5.MtrunA17Chr7	+	24439379	24441156	-0.0675059391888558	1	NS	-3.11078086133782	0.000477632417705701	DOWN
DOWN	dnf2_only	medtr.A17.gnm5.ann1_6.MtrunA17Chr1g0192861	MtrunA17Chr1g0192861			medtr.A17.gnm5.MtrunA17Chr1	-	41420017	41420562	-0.526366581621136	1	NS	-3.10855685204604	0.00136628351021278	DOWN
DOWN	dnf2_only	medtr.A17.gnm5.ann1_6.MtrunA17Chr4g0034801	MtrunA17Chr4g0034801			medtr.A17.gnm5.MtrunA17Chr4	+	34360292	34361679	-1.54592044099209	0.461903473269832	NS	-3.10739679712186	0.0304484272467654	DOWN
DOWN	dnf2_only	medtr.A17.gnm5.ann1_6.MtrunA17Chr5g0424921	MtrunA17Chr5g0424921	MtNCR656	Nodule-specific Cysteine-Rich peptide	medtr.A17.gnm5.MtrunA17Chr5	+	26967109	26967842	-1.4430419035855	0.257422282203238	NS	-3.10666769761914	0.00019359262448224	DOWN
DOWN	dnf2_only	medtr.A17.gnm5.ann1_6.MtrunA17Chr3g0108891	MtrunA17Chr3g0108891			medtr.A17.gnm5.MtrunA17Chr3	-	32009608	32010864	1.23395764487541	0.597466022863095	NS	-3.1052912500721	0.0295554666838495	DOWN
DOWN	dnf2_only	medtr.A17.gnm5.ann1_6.MtrunA17Chr2g0309591	MtrunA17Chr2g0309591	MtNCR160	Nodule-specific Cysteine-Rich peptide	medtr.A17.gnm5.MtrunA17Chr2	+	32287271	32288486	-0.211828115113265	1	NS	-3.10507860827705	0.000210682614958742	DOWN
DOWN	dnf2_only	medtr.A17.gnm5.ann1_6.MtrunA17Chr2g0290301	MtrunA17Chr2g0290301			medtr.A17.gnm5.MtrunA17Chr2	+	9588701	9590422	-0.38332394286568	1	NS	-3.10253312481849	0.00424179780941793	DOWN
DOWN	dnf2_only	medtr.A17.gnm5.ann1_6.MtrunA17Chr2g0307591	MtrunA17Chr2g0307591	MtNCR177	Nodule-specific Cysteine-Rich peptide	medtr.A17.gnm5.MtrunA17Chr2	+	30089311	30090185	-1.54383110404103	0.0760272891139166	NS	-3.10224958071867	1.16471335217244e-05	DOWN
DOWN	dnf2_only	medtr.A17.gnm5.ann1_6.MtrunA17Chr7g0251331	MtrunA17Chr7g0251331	MtMATE30	multidrug and toxic compound extrusion family	medtr.A17.gnm5.MtrunA17Chr7	-	38518681	38523396	-1.13383120528135	0.6255528972109	NS	-3.09577003432537	5.9495422770235e-05	DOWN
DOWN	dnf2_only	medtr.A17.gnm5.ann1_6.MtrunA17Chr8g0372181	MtrunA17Chr8g0372181			medtr.A17.gnm5.MtrunA17Chr8	+	34733814	34736599	-0.201518932207249	1	NS	-3.09423216178859	0.00038022773951581	DOWN
DOWN	dnf2_only	medtr.A17.gnm5.ann1_6.MtrunA17Chr2g0308571	MtrunA17Chr2g0308571			medtr.A17.gnm5.MtrunA17Chr2	-	31428760	31434359	-0.353867272021649	1	NS	-3.09054731303146	7.7232001291971e-05	DOWN
DOWN	dnf2_only	medtr.A17.gnm5.ann1_6.MtrunA17Chr7g0259021	MtrunA17Chr7g0259021			medtr.A17.gnm5.MtrunA17Chr7	-	44145539	44147853	-0.132219703897854	1	NS	-3.08675532600309	0.00513223120809633	DOWN
DOWN	dnf2_only	medtr.A17.gnm5.ann1_6.MtrunA17Chr4g0033791	MtrunA17Chr4g0033791	MtNLP2	NIN-like protein 2  (MtNLP2|PMID:24987011)	medtr.A17.gnm5.MtrunA17Chr4	+	33670322	33676312	-1.16846757936792	0.650576917777411	NS	-3.0851938508106	0.00086932774253455	DOWN
DOWN	dnf2_only	medtr.A17.gnm5.ann1_6.MtrunA17Chr6g0467541	MtrunA17Chr6g0467541			medtr.A17.gnm5.MtrunA17Chr6	-	16518840	16519902	-2.18697385252254	0.0611845448103648	NS	-3.08329753839171	0.00314711007142198	DOWN
DOWN	dnf2_only	medtr.A17.gnm5.ann1_6.MtrunA17Chr2g0308621	MtrunA17Chr2g0308621	MtNCR277	Nodule-specific Cysteine-Rich peptide	medtr.A17.gnm5.MtrunA17Chr2	-	31485384	31487215	-0.719037350377313	1	NS	-3.08129354936981	0.000164197735076158	DOWN
DOWN	dnf2_only	medtr.A17.gnm5.ann1_6.MtrunA17Chr4g0054291	MtrunA17Chr4g0054291			medtr.A17.gnm5.MtrunA17Chr4	+	48081883	48083030	-1.53639473638839	0.0942212053773734	NS	-3.07985694800116	2.18914883896029e-05	DOWN
DOWN	dnf2_only	medtr.A17.gnm5.ann1_6.MtrunA17Chr1g0146151	MtrunA17Chr1g0146151			medtr.A17.gnm5.MtrunA17Chr1	+	71788	76701	0.185805195854214	1	NS	-3.07854000470904	0.000239002074640919	DOWN
DOWN	dnf2_only	medtr.A17.gnm5.ann1_6.MtrunA17Chr3g0100521	MtrunA17Chr3g0100521			medtr.A17.gnm5.MtrunA17Chr3	+	25066945	25067384	-1.71377005284409	0.158550431487609	NS	-3.07575991368492	0.00173263822914058	DOWN
DOWN	dnf2_only	medtr.A17.gnm5.ann1_6.MtrunA17Chr1g0174931	MtrunA17Chr1g0174931			medtr.A17.gnm5.MtrunA17Chr1	-	26273700	26282433	-1.12452536836878	0.785725111932595	NS	-3.07437339873578	0.0157827886120841	DOWN
DOWN	dnf2_only	medtr.A17.gnm5.ann1_6.MtrunA17Chr5g0425491	MtrunA17Chr5g0425491	MtNCR439	Nodule-specific Cysteine-Rich peptide	medtr.A17.gnm5.MtrunA17Chr5	+	27491366	27492644	-1.41974570393162	0.357665527548265	NS	-3.07368498546585	0.00108252177857841	DOWN
DOWN	dnf2_only	medtr.A17.gnm5.ann1_6.MtrunA17Chr6g0487411	MtrunA17Chr6g0487411			medtr.A17.gnm5.MtrunA17Chr6	+	41693021	41693879	-0.442295660302421	1	NS	-3.07322101816328	0.0226093493622923	DOWN
DOWN	dnf2_only	medtr.A17.gnm5.ann1_6.MtrunA17Chr6g0475011	MtrunA17Chr6g0475011	MtNCR004	Nodule-specific Cysteine-Rich peptide	medtr.A17.gnm5.MtrunA17Chr6	+	29178915	29182906	-1.09350240367662	0.751100076326464	NS	-3.07119435718458	0.000761686540590889	DOWN
DOWN	dnf2_only	medtr.A17.gnm5.ann1_6.MtrunA17Chr4g0053911	MtrunA17Chr4g0053911			medtr.A17.gnm5.MtrunA17Chr4	-	47802314	47803961	-0.0424782555101056	1	NS	-3.0684465031327	7.81593448815732e-06	DOWN
DOWN	dnf2_only	medtr.A17.gnm5.ann1_6.MtrunA17Chr3g0086761	MtrunA17Chr3g0086761	MtNCR413	Nodule-specific Cysteine-Rich peptide	medtr.A17.gnm5.MtrunA17Chr3	+	8263555	8266247	0.0786934375651206	1	NS	-3.06697031294342	4.92292305501838e-05	DOWN
DOWN	dnf2_only	medtr.A17.gnm5.ann1_6.MtrunA17Chr8g0372161	MtrunA17Chr8g0372161			medtr.A17.gnm5.MtrunA17Chr8	-	34724757	34725598	-0.0654851955749087	1	NS	-3.06559184037894	2.31544989533648e-05	DOWN
DOWN	dnf2_only	medtr.A17.gnm5.ann1_6.MtrunA17Chr7g0240311	MtrunA17Chr7g0240311			medtr.A17.gnm5.MtrunA17Chr7	-	30170142	30172370	0.482187868016321	1	NS	-3.06284801883641	4.43473602911673e-05	DOWN
DOWN	dnf2_only	medtr.A17.gnm5.ann1_6.MtrunA17Chr5g0424951	MtrunA17Chr5g0424951	MtNCR657	Nodule-specific Cysteine-Rich peptide	medtr.A17.gnm5.MtrunA17Chr5	-	27011513	27013741	-0.102302183615176	1	NS	-3.06071238885454	2.67242754876847e-05	DOWN
DOWN	dnf2_only	medtr.A17.gnm5.ann1_6.MtrunA17Chr3g0125921	MtrunA17Chr3g0125921			medtr.A17.gnm5.MtrunA17Chr3	+	44336994	44337743	-1.51655039227015	0.422147097544961	NS	-3.05983245938025	0.0159503880500724	DOWN
DOWN	dnf2_only	medtr.A17.gnm5.ann1_6.MtrunA17Chr1g0167681	MtrunA17Chr1g0167681			medtr.A17.gnm5.MtrunA17Chr1	-	16539145	16539829	-0.803636561350702	1	NS	-3.0582076552785	9.88246905443286e-06	DOWN
DOWN	dnf2_only	medtr.A17.gnm5.ann1_6.MtrunA17Chr7g0252671	MtrunA17Chr7g0252671	MtNCR387	Nodule-specific Cysteine-Rich peptide	medtr.A17.gnm5.MtrunA17Chr7	+	39503694	39504603	0.249007861672198	1	NS	-3.05710671035693	0.00160043192414117	DOWN
DOWN	dnf2_only	medtr.A17.gnm5.ann1_6.MtrunA17Chr4g0007351	MtrunA17Chr4g0007351	MtNCR-new29	Nodule-specific Cysteine-Rich peptide	medtr.A17.gnm5.MtrunA17Chr4	+	5794880	5798920	0.110898996371594	1	NS	-3.05455095649795	0.000164905956703921	DOWN
DOWN	dnf2_only	medtr.A17.gnm5.ann1_6.MtrunA17Chr6g0450521	MtrunA17Chr6g0450521	MtNCR215b	Nodule-specific Cysteine-Rich peptide	medtr.A17.gnm5.MtrunA17Chr6	+	1198310	1199199	0.181927956842771	1	NS	-3.05288186992161	0.000543666176923377	DOWN
DOWN	dnf2_only	medtr.A17.gnm5.ann1_6.MtrunA17Chr5g0426761	MtrunA17Chr5g0426761			medtr.A17.gnm5.MtrunA17Chr5	+	28604201	28605454	0.494483658803362	1	NS	-3.05214649413332	0.0065623490320198	DOWN
DOWN	dnf2_only	medtr.A17.gnm5.ann1_6.MtrunA17Chr7g0259781	MtrunA17Chr7g0259781			medtr.A17.gnm5.MtrunA17Chr7	-	44721419	44722904	-1.50442492410834	0.315854024727846	NS	-3.04045795477121	0.00321132107448296	DOWN
DOWN	dnf2_only	medtr.A17.gnm5.ann1_6.MtrunA17Chr4g0027921	MtrunA17Chr4g0027921			medtr.A17.gnm5.MtrunA17Chr4	-	28988872	28989781	-0.304196222405112	1	NS	-3.03945292323935	0.00346704740247157	DOWN
DOWN	dnf2_only	medtr.A17.gnm5.ann1_6.MtrunA17Chr7g0240591	MtrunA17Chr7g0240591			medtr.A17.gnm5.MtrunA17Chr7	-	30382339	30383488	-1.97578440932573	0.134074623803831	NS	-3.03623741670337	0.00757753210474024	DOWN
DOWN	dnf2_only	medtr.A17.gnm5.ann1_6.MtrunA17Chr3g0119321	MtrunA17Chr3g0119321			medtr.A17.gnm5.MtrunA17Chr3	-	39718170	39718543	1.33845472574303	0.268824639459526	NS	-3.03131362559007	0.00060897219929557	DOWN
DOWN	dnf2_only	medtr.A17.gnm5.ann1_6.MtrunA17Chr3g0083211	MtrunA17Chr3g0083211			medtr.A17.gnm5.MtrunA17Chr3	-	4863408	4865364	-1.20514535216018	0.450910553470272	NS	-3.02947172981949	1.9280513989591e-05	DOWN
DOWN	dnf2_only	medtr.A17.gnm5.ann1_6.MtrunA17Chr5g0446381	MtrunA17Chr5g0446381	MtNCR175	Nodule-specific Cysteine-Rich peptide	medtr.A17.gnm5.MtrunA17Chr5	+	42983364	42984354	-1.57775242511068	0.124475284907636	NS	-3.02832848705996	0.000113165724391812	DOWN
DOWN	dnf2_only	medtr.A17.gnm5.ann1_6.MtrunA17Chr7g0249971	MtrunA17Chr7g0249971			medtr.A17.gnm5.MtrunA17Chr7	-	37605211	37605964	0.102343673155415	1	NS	-3.02453517861195	0.00022223966372404	DOWN
DOWN	dnf2_only	medtr.A17.gnm5.ann1_6.MtrunA17Chr3g0141481	MtrunA17Chr3g0141481			medtr.A17.gnm5.MtrunA17Chr3	+	55703918	55706101	0.769569734048061	1	NS	-3.02220111212476	0.00932167765711651	DOWN
DOWN	dnf2_only	medtr.A17.gnm5.ann1_6.MtrunA17Chr8g0348451	MtrunA17Chr8g0348451			medtr.A17.gnm5.MtrunA17Chr8	+	11086468	11090313	-0.823660496608866	1	NS	-3.02160104192359	8.85402145586349e-06	DOWN
DOWN	dnf2_only	medtr.A17.gnm5.ann1_6.MtrunA17Chr6g0487611	MtrunA17Chr6g0487611			medtr.A17.gnm5.MtrunA17Chr6	-	41944401	41944897	0.951472436946608	0.957675542379046	NS	-3.01866469686367	0.0286271498067952	DOWN
DOWN	dnf2_only	medtr.A17.gnm5.ann1_6.MtrunA17Chr7g0253811	MtrunA17Chr7g0253811			medtr.A17.gnm5.MtrunA17Chr7	-	40252563	40253219	0.892888283970623	1	NS	-3.0178867638752	0.0018130175713053	DOWN
DOWN	dnf2_only	medtr.A17.gnm5.ann1_6.MtrunA17Chr6g0477551	MtrunA17Chr6g0477551	MtNCR008	Nodule-specific Cysteine-Rich peptide	medtr.A17.gnm5.MtrunA17Chr6	-	32341610	32342711	-0.399584553873586	1	NS	-3.01632757827034	0.000132874422976601	DOWN
DOWN	dnf2_only	medtr.A17.gnm5.ann1_6.MtrunA17Chr7g0250751	MtrunA17Chr7g0250751			medtr.A17.gnm5.MtrunA17Chr7	+	38212380	38213694	-1.36735065149072	0.516918216858974	NS	-3.01345150418537	0.0128621075217303	DOWN
DOWN	dnf2_only	medtr.A17.gnm5.ann1_6.MtrunA17Chr5g0423641	MtrunA17Chr5g0423641	MtNCR307	Nodule-specific Cysteine-Rich peptide	medtr.A17.gnm5.MtrunA17Chr5	+	25395498	25397326	-0.0417520453886287	1	NS	-3.01055425482387	9.17273097576451e-05	DOWN
DOWN	dnf2_only	medtr.A17.gnm5.ann1_6.MtrunA17Chr7g0233461	MtrunA17Chr7g0233461			medtr.A17.gnm5.MtrunA17Chr7	-	23948411	23949544	1.55472184455311	0.238917207086943	NS	-3.01035321605401	0.0204622507287596	DOWN
DOWN	dnf2_only	medtr.A17.gnm5.ann1_6.MtrunA17Chr1g0193121	MtrunA17Chr1g0193121			medtr.A17.gnm5.MtrunA17Chr1	-	41602963	41606995	-0.802517410767159	1	NS	-3.00129616692745	0.00162110125618955	DOWN
DOWN	dnf2_only	medtr.A17.gnm5.ann1_6.MtrunA17Chr7g0229931	MtrunA17Chr7g0229931	MtNCR169	Nodule-specific Cysteine-Rich peptide (corresponds to dnf7 mutation)	medtr.A17.gnm5.MtrunA17Chr7	-	17712671	17717025	-0.113712810329411	1	NS	-3.00100425138605	0.000366364539914807	DOWN
DOWN	dnf2_only	medtr.A17.gnm5.ann1_6.MtrunA17Chr3g0081471	MtrunA17Chr3g0081471			medtr.A17.gnm5.MtrunA17Chr3	+	3437729	3439238	-0.00332796708251082	1	NS	-2.99436506962269	0.00820273702787203	DOWN
DOWN	dnf2_only	medtr.A17.gnm5.ann1_6.MtrunA17Chr8g0357551	MtrunA17Chr8g0357551	MtNCR-new81	Nodule-specific Cysteine-Rich peptide	medtr.A17.gnm5.MtrunA17Chr8	-	19516694	19517983	-0.55654418931068	1	NS	-2.99420598612173	0.000590390002301627	DOWN
DOWN	dnf2_only	medtr.A17.gnm5.ann1_6.MtrunA17Chr2g0314081	MtrunA17Chr2g0314081			medtr.A17.gnm5.MtrunA17Chr2	+	36680235	36681856	-1.68147353179226	0.0669949295975065	NS	-2.9940056267469	8.34737406259623e-05	DOWN
DOWN	dnf2_only	medtr.A17.gnm5.ann1_6.MtrunA17Chr3g0100561	MtrunA17Chr3g0100561	MtCaML2	calmodulin-like 2	medtr.A17.gnm5.MtrunA17Chr3	-	25082384	25086428	-1.20429311525942	0.565067247543773	NS	-2.99072576073187	0.000437962132514812	DOWN
DOWN	dnf2_only	medtr.A17.gnm5.ann1_6.MtrunA17Chr8g0365091	MtrunA17Chr8g0365091	MtNCR182	Nodule-specific Cysteine-Rich peptide	medtr.A17.gnm5.MtrunA17Chr8	+	29319314	29319884	0.234413050170478	1	NS	-2.98539250136179	0.00037648646685733	DOWN
DOWN	dnf2_only	medtr.A17.gnm5.ann1_6.MtrunA17Chr3g0083221	MtrunA17Chr3g0083221			medtr.A17.gnm5.MtrunA17Chr3	+	4864539	4865110	-1.13091815315454	0.578165404410598	NS	-2.98249880693733	1.5050923712231e-05	DOWN
DOWN	dnf2_only	medtr.A17.gnm5.ann1_6.MtrunA17Chr3g0095301	MtrunA17Chr3g0095301			medtr.A17.gnm5.MtrunA17Chr3	-	18683766	18685024	-0.858302720205768	1	NS	-2.98143214023998	0.000494301738667894	DOWN
DOWN	dnf2_only	medtr.A17.gnm5.ann1_6.MtrunA17Chr8g0347211	MtrunA17Chr8g0347211			medtr.A17.gnm5.MtrunA17Chr8	+	10193836	10194431	-0.775318555694872	1	NS	-2.98031384113067	0.00299318877764077	DOWN
DOWN	dnf2_only	medtr.A17.gnm5.ann1_6.MtrunA17Chr7g0243601	MtrunA17Chr7g0243601	MtNCR459	Nodule-specific Cysteine-Rich peptide	medtr.A17.gnm5.MtrunA17Chr7	+	32839661	32844872	-0.877863426609327	1	NS	-2.97970317603014	0.000262577969129368	DOWN
DOWN	dnf2_only	medtr.A17.gnm5.ann1_6.MtrunA17Chr5g0393421	MtrunA17Chr5g0393421			medtr.A17.gnm5.MtrunA17Chr5	-	67135	68265	-0.947042690108491	0.977173415321375	NS	-2.97815517899521	0.000231998324569462	DOWN
DOWN	dnf2_only	medtr.A17.gnm5.ann1_6.MtrunA17Chr4g0059811	MtrunA17Chr4g0059811			medtr.A17.gnm5.MtrunA17Chr4	+	52383490	52385448	-1.40917843462089	0.278894574156384	NS	-2.97553969262829	0.000271447011863981	DOWN
DOWN	dnf2_only	medtr.A17.gnm5.ann1_6.MtrunA17Chr8g0383381	MtrunA17Chr8g0383381			medtr.A17.gnm5.MtrunA17Chr8	-	42682720	42686318	0.375773309415694	1	NS	-2.97517384858142	0.0330834120493423	DOWN
DOWN	dnf2_only	medtr.A17.gnm5.ann1_6.MtrunA17Chr3g0142131	MtrunA17Chr3g0142131			medtr.A17.gnm5.MtrunA17Chr3	-	56147608	56152984	-0.337958837565621	1	NS	-2.96991085175417	0.00330085662923851	DOWN
DOWN	dnf2_only	medtr.A17.gnm5.ann1_6.MtrunA17Chr3g0081481	MtrunA17Chr3g0081481	MtNCR120	Nodule-specific Cysteine-Rich peptide	medtr.A17.gnm5.MtrunA17Chr3	-	3439080	3441361	-0.207591694761024	1	NS	-2.96188128884379	0.000486957418980665	DOWN
DOWN	dnf2_only	medtr.A17.gnm5.ann1_6.MtrunA17Chr1g0157251	MtrunA17Chr1g0157251			medtr.A17.gnm5.MtrunA17Chr1	+	8522102	8528240	-0.447129505894232	1	NS	-2.960679363077	1.34012059832605e-05	DOWN
DOWN	dnf2_only	medtr.A17.gnm5.ann1_6.MtrunA17Chr7g0246091	MtrunA17Chr7g0246091			medtr.A17.gnm5.MtrunA17Chr7	+	34975129	34977325	1.19775613882965	0.363308292046045	NS	-2.96015993991252	6.3596211840229e-06	DOWN
DOWN	dnf2_only	medtr.A17.gnm5.ann1_6.MtrunA17Chr8g0355201	MtrunA17Chr8g0355201			medtr.A17.gnm5.MtrunA17Chr8	-	16749879	16757501	-0.933808105065602	1	NS	-2.95730600382269	2.35530025441387e-05	DOWN
DOWN	dnf2_only	medtr.A17.gnm5.ann1_6.MtrunA17Chr1g0183881	MtrunA17Chr1g0183881			medtr.A17.gnm5.MtrunA17Chr1	+	34522858	34525095	-0.6472328876198	1	NS	-2.95725903663227	0.00419217411475967	DOWN
DOWN	dnf2_only	medtr.A17.gnm5.ann1_6.MtrunA17Chr6g0474451	MtrunA17Chr6g0474451	MtNCR015	Nodule-specific Cysteine-Rich peptide	medtr.A17.gnm5.MtrunA17Chr6	-	28345867	28346899	-0.362305767418329	1	NS	-2.95399604755262	0.000252518148562752	DOWN
DOWN	dnf2_only	medtr.A17.gnm5.ann1_6.MtrunA17Chr8g0360871	MtrunA17Chr8g0360871			medtr.A17.gnm5.MtrunA17Chr8	+	25166987	25182400	-1.27985333859697	0.397876703717515	NS	-2.95364452432788	0.000133968630820665	DOWN
DOWN	dnf2_only	medtr.A17.gnm5.ann1_6.MtrunA17Chr4g0023601	MtrunA17Chr4g0023601			medtr.A17.gnm5.MtrunA17Chr4	+	24238143	24241081	-0.966117450567492	0.936471968667292	NS	-2.95279583127459	0.0014120784353498	DOWN
DOWN	dnf2_only	medtr.A17.gnm5.ann1_6.MtrunA17Chr5g0400901	MtrunA17Chr5g0400901			medtr.A17.gnm5.MtrunA17Chr5	-	5193615	5194995	-1.51128201865773	0.179159730073831	NS	-2.95258011653126	0.000200566547362153	DOWN
DOWN	dnf2_only	medtr.A17.gnm5.ann1_6.MtrunA17Chr4g0027661	MtrunA17Chr4g0027661			medtr.A17.gnm5.MtrunA17Chr4	+	28704074	28705022	-1.12394025832003	0.671363114858026	NS	-2.94849393537785	0.000699813038158442	DOWN
DOWN	dnf2_only	medtr.A17.gnm5.ann1_6.MtrunA17Chr2g0310671	MtrunA17Chr2g0310671			medtr.A17.gnm5.MtrunA17Chr2	+	33619816	33621810	0.0632392868483569	1	NS	-2.94628119913332	0.000455076472930704	DOWN
DOWN	dnf2_only	medtr.A17.gnm5.ann1_6.MtrunA17Chr3g0108751	MtrunA17Chr3g0108751	MtNCR506	Nodule-specific Cysteine-Rich peptide	medtr.A17.gnm5.MtrunA17Chr3	+	31912608	31914269	-0.542024139915786	1	NS	-2.93954078775101	0.000141688967363657	DOWN
DOWN	dnf2_only	medtr.A17.gnm5.ann1_6.MtrunA17Chr7g0233841	MtrunA17Chr7g0233841			medtr.A17.gnm5.MtrunA17Chr7	-	24286768	24288086	-0.519557440493216	1	NS	-2.93834182200014	0.0186324675677091	DOWN
DOWN	dnf2_only	medtr.A17.gnm5.ann1_6.MtrunA17Chr3g0078221	MtrunA17Chr3g0078221	MtNCR098	Nodule-specific Cysteine-Rich peptide	medtr.A17.gnm5.MtrunA17Chr3	+	828606	830906	0.513382963819111	1	NS	-2.93804068688242	0.00212134198420962	DOWN
DOWN	dnf2_only	medtr.A17.gnm5.ann1_6.MtrunA17Chr3g0110941	MtrunA17Chr3g0110941			medtr.A17.gnm5.MtrunA17Chr3	+	33349449	33352159	-0.209000798310499	1	NS	-2.93320377170927	0.00684914835435345	DOWN
DOWN	dnf2_only	medtr.A17.gnm5.ann1_6.MtrunA17Chr5g0422771	MtrunA17Chr5g0422771			medtr.A17.gnm5.MtrunA17Chr5	+	24649255	24653153	-0.149411025713012	1	NS	-2.93094840789474	5.8043899653016e-05	DOWN
DOWN	dnf2_only	medtr.A17.gnm5.ann1_6.MtrunA17Chr4g0061761	MtrunA17Chr4g0061761			medtr.A17.gnm5.MtrunA17Chr4	-	53791605	53793106	-2.31240806158591	0.0793554694560763	NS	-2.92813984146536	0.0137501378808195	DOWN
DOWN	dnf2_only	medtr.A17.gnm5.ann1_6.MtrunA17Chr8g0339541	MtrunA17Chr8g0339541			medtr.A17.gnm5.MtrunA17Chr8	+	3662934	3663751	-0.778733240695355	1	NS	-2.92800575620362	0.000424608776837524	DOWN
DOWN	dnf2_only	medtr.A17.gnm5.ann1_6.MtrunA17Chr7g0236321	MtrunA17Chr7g0236321	MtLP7	LEED..PEED family	medtr.A17.gnm5.MtrunA17Chr7	+	26532563	26533918	-0.153122858467406	1	NS	-2.92712512489519	0.00189233677117039	DOWN
DOWN	dnf2_only	medtr.A17.gnm5.ann1_6.MtrunA17Chr5g0420901	MtrunA17Chr5g0420901			medtr.A17.gnm5.MtrunA17Chr5	-	21441947	21445495	-1.4647362551874	0.184603087588717	NS	-2.92626171325251	0.00011559906325007	DOWN
DOWN	dnf2_only	medtr.A17.gnm5.ann1_6.MtrunA17Chr1g0180641	MtrunA17Chr1g0180641			medtr.A17.gnm5.MtrunA17Chr1	+	31796152	31798691	-0.456768656696089	1	NS	-2.92560389041942	0.0198243378190583	DOWN
DOWN	dnf2_only	medtr.A17.gnm5.ann1_6.MtrunA17Chr6g0450411	MtrunA17Chr6g0450411	MtNCR663	Nodule-specific Cysteine-Rich peptide	medtr.A17.gnm5.MtrunA17Chr6	+	1161832	1167583	-0.465709516294686	1	NS	-2.9254050625276	0.0011003264260325	DOWN
DOWN	dnf2_only	medtr.A17.gnm5.ann1_6.MtrunA17Chr4g0046441	MtrunA17Chr4g0046441	MtNCR116	Nodule-specific Cysteine-Rich peptide	medtr.A17.gnm5.MtrunA17Chr4	+	42803062	42805627	-0.121865858056883	1	NS	-2.92479059041565	0.000717314349305555	DOWN
DOWN	dnf2_only	medtr.A17.gnm5.ann1_6.MtrunA17Chr8g0346681	MtrunA17Chr8g0346681			medtr.A17.gnm5.MtrunA17Chr8	+	9704284	9706891	1.26111062986033	0.424493138784076	NS	-2.92447004227905	0.000489982951803154	DOWN
DOWN	dnf2_only	medtr.A17.gnm5.ann1_6.MtrunA17Chr6g0479921	MtrunA17Chr6g0479921			medtr.A17.gnm5.MtrunA17Chr6	-	34646050	34649471	-1.02988901760823	0.894138143725756	NS	-2.91234455798528	0.030757727579365	DOWN
DOWN	dnf2_only	medtr.A17.gnm5.ann1_6.MtrunA17Chr2g0283731	MtrunA17Chr2g0283731			medtr.A17.gnm5.MtrunA17Chr2	-	4790391	4791152	-0.499996891539012	1	NS	-2.91179328477023	0.0006090242547694	DOWN
DOWN	dnf2_only	medtr.A17.gnm5.ann1_6.MtrunA17Chr3g0124081	MtrunA17Chr3g0124081			medtr.A17.gnm5.MtrunA17Chr3	+	43012305	43015748	0.693950167607321	1	NS	-2.91168698920605	4.65544797575677e-06	DOWN
DOWN	dnf2_only	medtr.A17.gnm5.ann1_6.MtrunA17Chr4g0059371	MtrunA17Chr4g0059371			medtr.A17.gnm5.MtrunA17Chr4	-	52058557	52060921	-0.69187545525315	1	NS	-2.91068215959436	0.0131425756317575	DOWN
DOWN	dnf2_only	medtr.A17.gnm5.ann1_6.MtrunA17Chr4g0004951	MtrunA17Chr4g0004951			medtr.A17.gnm5.MtrunA17Chr4	+	3876045	3878194	-1.44663693458468	0.232508385884696	NS	-2.90923381429962	0.000241935763211313	DOWN
DOWN	dnf2_only	medtr.A17.gnm5.ann1_6.MtrunA17Chr3g0083281	MtrunA17Chr3g0083281	MtNCR136	Nodule-specific Cysteine-Rich peptide	medtr.A17.gnm5.MtrunA17Chr3	-	4894799	4897074	-0.701231923830728	1	NS	-2.90803635182533	0.000226863651839624	DOWN
DOWN	dnf2_only	medtr.A17.gnm5.ann1_6.MtrunA17Chr7g0271281	MtrunA17Chr7g0271281			medtr.A17.gnm5.MtrunA17Chr7	+	52761564	52763699	-1.04136025197374	0.807307305251652	NS	-2.9050850458378	0.000193025962364857	DOWN
DOWN	dnf2_only	medtr.A17.gnm5.ann1_6.MtrunA17Chr4g0070141	MtrunA17Chr4g0070141			medtr.A17.gnm5.MtrunA17Chr4	+	59886578	59887805	2.12947827249308	0.00184501256834749	UP	-2.90262230825953	2.71502518142581e-05	DOWN
DOWN	dnf2_only	medtr.A17.gnm5.ann1_6.MtrunA17Chr5g0425301	MtrunA17Chr5g0425301			medtr.A17.gnm5.MtrunA17Chr5	+	27310751	27311789	-0.0277873747258634	1	NS	-2.90253393825704	0.00666397116999325	DOWN
DOWN	dnf2_only	medtr.A17.gnm5.ann1_6.MtrunA17Chr5g0428911	MtrunA17Chr5g0428911			medtr.A17.gnm5.MtrunA17Chr5	-	30469161	30469640	-0.466185528533913	1	NS	-2.90025012310535	2.42929645467167e-05	DOWN
DOWN	dnf2_only	medtr.A17.gnm5.ann1_6.MtrunA17Chr5g0417631	MtrunA17Chr5g0417631	MtLb5	leghemoglobin5	medtr.A17.gnm5.MtrunA17Chr5	+	18195254	18197566	-0.912463028998942	1	NS	-2.89689629260571	0.0030048985489492	DOWN
DOWN	dnf2_only	medtr.A17.gnm5.ann1_6.MtrunA17Chr5g0429841	MtrunA17Chr5g0429841	MtNCR217	Nodule-specific Cysteine-Rich peptide	medtr.A17.gnm5.MtrunA17Chr5	+	31074114	31075994	-1.02049296735444	0.855978506223915	NS	-2.89561704782878	0.000926841055540117	DOWN
DOWN	dnf2_only	medtr.A17.gnm5.ann1_6.MtrunA17Chr1g0207861	MtrunA17Chr1g0207861			medtr.A17.gnm5.MtrunA17Chr1	+	52302231	52304383	1.7995382124377	0.0535876269292777	NS	-2.89144559781869	0.00127507425358317	DOWN
DOWN	dnf2_only	medtr.A17.gnm5.ann1_6.MtrunA17Chr6g0475841	MtrunA17Chr6g0475841			medtr.A17.gnm5.MtrunA17Chr6	+	30465158	30466693	-1.10377931726614	0.848105366113789	NS	-2.88970244835244	0.0468092534683686	DOWN
DOWN	dnf2_only	medtr.A17.gnm5.ann1_6.MtrunA17Chr1g0167631	MtrunA17Chr1g0167631	MtNCR054	Nodule-specific Cysteine-Rich peptide	medtr.A17.gnm5.MtrunA17Chr1	-	16488052	16490703	-0.944743344022702	0.992499593224408	NS	-2.88831967045273	7.81397666356531e-05	DOWN
DOWN	dnf2_only	medtr.A17.gnm5.ann1_6.MtrunA17Chr5g0409811	MtrunA17Chr5g0409811			medtr.A17.gnm5.MtrunA17Chr5	+	11494488	11495156	-1.44686284762995	0.527143083659774	NS	-2.88418363589727	0.0408698339497885	DOWN
DOWN	dnf2_only	medtr.A17.gnm5.ann1_6.MtrunA17Chr1g0185781	MtrunA17Chr1g0185781			medtr.A17.gnm5.MtrunA17Chr1	-	36119089	36120268	-0.0564351545569249	1	NS	-2.88048871371715	0.000946032990465195	DOWN
DOWN	dnf2_only	medtr.A17.gnm5.ann1_6.MtrunA17Chr4g0007901	MtrunA17Chr4g0007901	MtNCR170	Nodule-specific Cysteine-Rich peptide	medtr.A17.gnm5.MtrunA17Chr4	+	6165779	6166841	-0.791708638051064	1	NS	-2.87968955736338	0.0014762569710954	DOWN
DOWN	dnf2_only	medtr.A17.gnm5.ann1_6.MtrunA17Chr2g0301791	MtrunA17Chr2g0301791			medtr.A17.gnm5.MtrunA17Chr2	-	19475549	19477755	-1.08022491273182	0.73172467369317	NS	-2.87866256528814	0.000167242962147061	DOWN
DOWN	dnf2_only	medtr.A17.gnm5.ann1_6.MtrunA17Chr2g0314641	MtrunA17Chr2g0314641			medtr.A17.gnm5.MtrunA17Chr2	+	37062308	37066325	0.488158215586413	1	NS	-2.8779862063807	0.00479171980261705	DOWN
DOWN	dnf2_only	medtr.A17.gnm5.ann1_6.MtrunA17Chr7g0236281	MtrunA17Chr7g0236281			medtr.A17.gnm5.MtrunA17Chr7	-	26518134	26522735	-1.23449956892437	0.561574739469106	NS	-2.87413510810348	0.00176546913253298	DOWN
DOWN	dnf2_only	medtr.A17.gnm5.ann1_6.MtrunA17Chr2g0283721	MtrunA17Chr2g0283721			medtr.A17.gnm5.MtrunA17Chr2	+	4788557	4788871	-0.319224943447715	1	NS	-2.87322768851795	0.00930467451588973	DOWN
DOWN	dnf2_only	medtr.A17.gnm5.ann1_6.MtrunA17Chr4g0000251	MtrunA17Chr4g0000251			medtr.A17.gnm5.MtrunA17Chr4	-	215125	215900	1.36296867776739	0.411394368284782	NS	-2.87196904595786	0.0217372239203025	DOWN
DOWN	dnf2_only	medtr.A17.gnm5.ann1_6.MtrunA17Chr5g0436961	MtrunA17Chr5g0436961			medtr.A17.gnm5.MtrunA17Chr5	-	36639557	36648974	-0.486022836575452	1	NS	-2.86865606290047	0.000106668394710968	DOWN
DOWN	dnf2_only	medtr.A17.gnm5.ann1_6.MtrunA17Chr5g0435981	MtrunA17Chr5g0435981	MtLb7|MtLb10	leghemoglobin7	medtr.A17.gnm5.MtrunA17Chr5	+	35876659	35878677	-0.00873614855003245	1	NS	-2.86847093483862	0.00166187416074951	DOWN
DOWN	dnf2_only	medtr.A17.gnm5.ann1_6.MtrunA17Chr2g0330871	MtrunA17Chr2g0330871			medtr.A17.gnm5.MtrunA17Chr2	-	49410427	49415475	-0.061192987213768	1	NS	-2.86719790036759	1.08743784531869e-05	DOWN
DOWN	dnf2_only	medtr.A17.gnm5.ann1_6.MtrunA17Chr1g0159231	MtrunA17Chr1g0159231	MtNCR523	Nodule-specific Cysteine-Rich peptide	medtr.A17.gnm5.MtrunA17Chr1	-	9950297	9951415	-0.639434523524949	1	NS	-2.86614972823896	0.000137753240472241	DOWN
DOWN	dnf2_only	medtr.A17.gnm5.ann1_6.MtrunA17Chr2g0306411	MtrunA17Chr2g0306411	MtNCR550	Nodule-specific Cysteine-Rich peptide	medtr.A17.gnm5.MtrunA17Chr2	+	27927029	27930011	-0.859022090791758	1	NS	-2.86518793466637	0.00110997935973718	DOWN
DOWN	dnf2_only	medtr.A17.gnm5.ann1_6.MtrunA17Chr6g0461071	MtrunA17Chr6g0461071			medtr.A17.gnm5.MtrunA17Chr6	-	10272443	10273109	-0.692233270079315	1	NS	-2.86421866382171	0.00146619351125565	DOWN
DOWN	dnf2_only	medtr.A17.gnm5.ann1_6.MtrunA17Chr7g0240781	MtrunA17Chr7g0240781			medtr.A17.gnm5.MtrunA17Chr7	+	30508710	30511213	-0.574677245490407	1	NS	-2.86256403995901	4.46035994306783e-05	DOWN
DOWN	dnf2_only	medtr.A17.gnm5.ann1_6.MtrunA17Chr2g0301501	MtrunA17Chr2g0301501			medtr.A17.gnm5.MtrunA17Chr2	+	19237569	19240385	-1.27795713682095	0.397293352302799	NS	-2.86232256365255	0.000173011934619828	DOWN
DOWN	dnf2_only	medtr.A17.gnm5.ann1_6.MtrunA17Chr4g0035461	MtrunA17Chr4g0035461			medtr.A17.gnm5.MtrunA17Chr4	-	34858514	34867926	-1.00591113003384	0.869207499219578	NS	-2.86051083724255	0.000701130291541803	DOWN
DOWN	dnf2_only	medtr.A17.gnm5.ann1_6.MtrunA17Chr8g0384111	MtrunA17Chr8g0384111			medtr.A17.gnm5.MtrunA17Chr8	+	43163123	43165017	0.0845351251733841	1	NS	-2.85632653236546	0.00345171357401444	DOWN
DOWN	dnf2_only	medtr.A17.gnm5.ann1_6.MtrunA17Chr1g0188091	MtrunA17Chr1g0188091			medtr.A17.gnm5.MtrunA17Chr1	-	37949873	37951781	-0.220962560312446	1	NS	-2.85505912811031	0.000832569854775814	DOWN
DOWN	dnf2_only	medtr.A17.gnm5.ann1_6.MtrunA17Chr7g0232801	MtrunA17Chr7g0232801			medtr.A17.gnm5.MtrunA17Chr7	+	23041739	23043798	1.15045942941526	0.518183098856121	NS	-2.85469083000346	8.30963835162599e-05	DOWN
DOWN	dnf2_only	medtr.A17.gnm5.ann1_6.MtrunA17Chr2g0305411	MtrunA17Chr2g0305411			medtr.A17.gnm5.MtrunA17Chr2	+	24591004	24593052	0.468951161991224	1	NS	-2.85456913930753	0.0072336825322066	DOWN
DOWN	dnf2_only	medtr.A17.gnm5.ann1_6.MtrunA17Chr8g0335231	MtrunA17Chr8g0335231			medtr.A17.gnm5.MtrunA17Chr8	-	796048	797840	0.77602485228181	1	NS	-2.85342810032669	0.0245231664712336	DOWN
DOWN	dnf2_only	medtr.A17.gnm5.ann1_6.MtrunA17Chr4g0060691	MtrunA17Chr4g0060691			medtr.A17.gnm5.MtrunA17Chr4	+	52997935	53000096	1.58735072987817	0.245189890025959	NS	-2.85161005109341	0.0448788442211352	DOWN
DOWN	dnf2_only	medtr.A17.gnm5.ann1_6.MtrunA17Chr7g0247541	MtrunA17Chr7g0247541	MtBBPI12	Bowman-Birk peptidase Inhibitor	medtr.A17.gnm5.MtrunA17Chr7	-	35899804	35900444	3.90079171933217	0.00109991418094146	UP	-2.85093720073594	0.0311230687786694	DOWN
DOWN	dnf2_only	medtr.A17.gnm5.ann1_6.MtrunA17Chr7g0231281	MtrunA17Chr7g0231281			medtr.A17.gnm5.MtrunA17Chr7	+	20915044	20919454	-0.455111511984516	1	NS	-2.84592483271862	0.000555840895855214	DOWN
DOWN	dnf2_only	medtr.A17.gnm5.ann1_6.MtrunA17Chr4g0024051	MtrunA17Chr4g0024051			medtr.A17.gnm5.MtrunA17Chr4	+	24636424	24640440	-0.703885363488227	1	NS	-2.84557155051697	0.000149440155235412	DOWN
DOWN	dnf2_only	medtr.A17.gnm5.ann1_6.MtrunA17Chr7g0214811	MtrunA17Chr7g0214811			medtr.A17.gnm5.MtrunA17Chr7	+	1062144	1062769	-0.920641777344496	1	NS	-2.84520612871925	0.000447942148903898	DOWN
DOWN	dnf2_only	medtr.A17.gnm5.ann1_6.MtrunA17Chr4g0029641	MtrunA17Chr4g0029641	MtNCR428	Nodule-specific Cysteine-Rich peptide	medtr.A17.gnm5.MtrunA17Chr4	+	30394546	30398245	-0.94328223891066	0.976280388332602	NS	-2.84355156863506	0.000601579994029159	DOWN
DOWN	dnf2_only	medtr.A17.gnm5.ann1_6.MtrunA17Chr6g0487921	MtrunA17Chr6g0487921	MtNCR159	Nodule-specific Cysteine-Rich peptide	medtr.A17.gnm5.MtrunA17Chr6	+	42061264	42064073	0.220335166286713	1	NS	-2.84191022648847	0.000749614552640171	DOWN
DOWN	dnf2_only	medtr.A17.gnm5.ann1_6.MtrunA17Chr2g0276881	MtrunA17Chr2g0276881			medtr.A17.gnm5.MtrunA17Chr2	+	159571	164816	1.66740498818321	0.158085653725653	NS	-2.84113026888463	0.00272455902735421	DOWN
DOWN	dnf2_only	medtr.A17.gnm5.ann1_6.MtrunA17Chr1g0200291	MtrunA17Chr1g0200291			medtr.A17.gnm5.MtrunA17Chr1	+	46852126	46853649	0.154558042781504	1	NS	-2.84059691047136	0.000233596539525106	DOWN
DOWN	dnf2_only	medtr.A17.gnm5.ann1_6.MtrunA17Chr1g0149721	MtrunA17Chr1g0149721			medtr.A17.gnm5.MtrunA17Chr1	-	2850408	2854931	0.314610880167696	1	NS	-2.8394545287561	0.000281376577888909	DOWN
DOWN	dnf2_only	medtr.A17.gnm5.ann1_6.MtrunA17Chr5g0428901	MtrunA17Chr5g0428901	MtNCR147	Nodule-specific Cysteine-Rich peptide	medtr.A17.gnm5.MtrunA17Chr5	+	30467540	30470212	-0.536362141343394	1	NS	-2.83933182258999	2.01684669746705e-05	DOWN
DOWN	dnf2_only	medtr.A17.gnm5.ann1_6.MtrunA17Chr7g0273971	MtrunA17Chr7g0273971			medtr.A17.gnm5.MtrunA17Chr7	-	54465310	54465970	-0.618066815265278	1	NS	-2.83431674423038	3.78442256306139e-05	DOWN
DOWN	dnf2_only	medtr.A17.gnm5.ann1_6.MtrunA17Chr1g0206581	MtrunA17Chr1g0206581			medtr.A17.gnm5.MtrunA17Chr1	+	51478395	51480410	0.384189217028497	1	NS	-2.83291523646878	0.00956468776840709	DOWN
DOWN	dnf2_only	medtr.A17.gnm5.ann1_6.MtrunA17Chr5g0403641	MtrunA17Chr5g0403641			medtr.A17.gnm5.MtrunA17Chr5	+	7417794	7419739	0.494083264096141	1	NS	-2.83260693007346	0.000162468847620471	DOWN
DOWN	dnf2_only	medtr.A17.gnm5.ann1_6.MtrunA17Chr3g0094101	MtrunA17Chr3g0094101	MtNCR281	Nodule-specific Cysteine-Rich peptide	medtr.A17.gnm5.MtrunA17Chr3	+	16568133	16568872	-0.678954685595829	1	NS	-2.83256023286662	0.000212647582356151	DOWN
DOWN	dnf2_only	medtr.A17.gnm5.ann1_6.MtrunA17Chr4g0066071	MtrunA17Chr4g0066071			medtr.A17.gnm5.MtrunA17Chr4	+	57009434	57013214	-1.19933791492615	0.683572517967446	NS	-2.83254409560428	0.0225449484976911	DOWN
DOWN	dnf2_only	medtr.A17.gnm5.ann1_6.MtrunA17Chr3g0088081	MtrunA17Chr3g0088081			medtr.A17.gnm5.MtrunA17Chr3	+	9545835	9546575	-2.30783692789251	0.0854498037282427	NS	-2.83092923472416	0.0215617010161323	DOWN
DOWN	dnf2_only	medtr.A17.gnm5.ann1_6.MtrunA17Chr5g0424471	MtrunA17Chr5g0424471			medtr.A17.gnm5.MtrunA17Chr5	+	26525540	26526432	-2.63272159249586	0.0669962406357343	NS	-2.83058245965436	0.025714913182717	DOWN
DOWN	dnf2_only	medtr.A17.gnm5.ann1_6.MtrunA17Chr4g0007771	MtrunA17Chr4g0007771			medtr.A17.gnm5.MtrunA17Chr4	+	6063487	6063909	-0.768861377550989	1	NS	-2.82799732148381	0.00579395851696611	DOWN
DOWN	dnf2_only	medtr.A17.gnm5.ann1_6.MtrunA17Chr6g0474591	MtrunA17Chr6g0474591	MtNCR683	Nodule-specific Cysteine-Rich peptide	medtr.A17.gnm5.MtrunA17Chr6	+	28516931	28517645	-1.90189935523177	0.109306632587998	NS	-2.82050386969205	0.00480438722088856	DOWN
DOWN	dnf2_only	medtr.A17.gnm5.ann1_6.MtrunA17Chr2g0321101	MtrunA17Chr2g0321101			medtr.A17.gnm5.MtrunA17Chr2	+	42193023	42199704	-0.864897126468094	1	NS	-2.81122383198875	0.000323603747505734	DOWN
DOWN	dnf2_only	medtr.A17.gnm5.ann1_6.MtrunA17Chr1g0156451	MtrunA17Chr1g0156451			medtr.A17.gnm5.MtrunA17Chr1	-	7975762	7977268	-1.14182375719252	0.67492533558612	NS	-2.80899251852103	0.00514516657014521	DOWN
DOWN	dnf2_only	medtr.A17.gnm5.ann1_6.MtrunA17Chr4g0012741	MtrunA17Chr4g0012741			medtr.A17.gnm5.MtrunA17Chr4	-	10155157	10158335	0.844907110175591	1	NS	-2.80690034742614	0.00708537942824971	DOWN
DOWN	dnf2_only	medtr.A17.gnm5.ann1_6.MtrunA17Chr2g0307031	MtrunA17Chr2g0307031			medtr.A17.gnm5.MtrunA17Chr2	+	29286280	29288650	-2.49666279747485	0.0553042505958326	NS	-2.80455929381092	0.0157496280074229	DOWN
DOWN	dnf2_only	medtr.A17.gnm5.ann1_6.MtrunA17Chr2g0317781	MtrunA17Chr2g0317781	MtNCR072	Nodule-specific Cysteine-Rich peptide	medtr.A17.gnm5.MtrunA17Chr2	+	39574626	39576527	0.225422818198484	1	NS	-2.80373557711206	0.00114642939776401	DOWN
DOWN	dnf2_only	medtr.A17.gnm5.ann1_6.MtrunA17Chr4g0026151	MtrunA17Chr4g0026151			medtr.A17.gnm5.MtrunA17Chr4	+	27143127	27144463	-1.57665116143551	0.327792545539083	NS	-2.80325021204712	0.0141337065745734	DOWN
DOWN	dnf2_only	medtr.A17.gnm5.ann1_6.MtrunA17Chr6g0453951	MtrunA17Chr6g0453951			medtr.A17.gnm5.MtrunA17Chr6	+	4197209	4199058	-1.13889965213995	0.668603204726015	NS	-2.80287042454858	0.0013589852148754	DOWN
DOWN	dnf2_only	medtr.A17.gnm5.ann1_6.MtrunA17Chr7g0216341	MtrunA17Chr7g0216341			medtr.A17.gnm5.MtrunA17Chr7	+	2027224	2027802	-1.56591042532624	0.403553106661791	NS	-2.79990768009248	0.0312774490254556	DOWN
DOWN	dnf2_only	medtr.A17.gnm5.ann1_6.MtrunA17Chr4g0012481	MtrunA17Chr4g0012481	MtNCR043	Nodule-specific Cysteine-Rich peptide	medtr.A17.gnm5.MtrunA17Chr4	-	9848215	9849244	-1.90472973446247	0.0785660165111038	NS	-2.79964055532001	0.00244329343405177	DOWN
DOWN	dnf2_only	medtr.A17.gnm5.ann1_6.MtrunA17Chr5g0429071	MtrunA17Chr5g0429071			medtr.A17.gnm5.MtrunA17Chr5	-	30568270	30569029	-1.50356325161542	0.352444520375038	NS	-2.79837905928847	0.0106136695961481	DOWN
DOWN	dnf2_only	medtr.A17.gnm5.ann1_6.MtrunA17Chr3g0112361	MtrunA17Chr3g0112361			medtr.A17.gnm5.MtrunA17Chr3	+	34380229	34381059	0.188828214722141	1	NS	-2.79826809754024	0.0438558624026856	DOWN
DOWN	dnf2_only	medtr.A17.gnm5.ann1_6.MtrunA17Chr3g0081461	MtrunA17Chr3g0081461			medtr.A17.gnm5.MtrunA17Chr3	-	3433030	3438279	-0.0697422516823037	1	NS	-2.79824784493353	0.00205673142544075	DOWN
DOWN	dnf2_only	medtr.A17.gnm5.ann1_6.MtrunA17Chr7g0240761	MtrunA17Chr7g0240761			medtr.A17.gnm5.MtrunA17Chr7	+	30451055	30452147	0.818647109075248	1	NS	-2.79703278318514	0.0400679444342253	DOWN
DOWN	dnf2_only	medtr.A17.gnm5.ann1_6.MtrunA17Chr4g0041281	MtrunA17Chr4g0041281			medtr.A17.gnm5.MtrunA17Chr4	-	38991990	38996014	0.869407211299734	1	NS	-2.7943409923372	4.30974670771594e-05	DOWN
DOWN	dnf2_only	medtr.A17.gnm5.ann1_6.MtrunA17Chr6g0465921	MtrunA17Chr6g0465921			medtr.A17.gnm5.MtrunA17Chr6	+	15078370	15081313	0.0161224049387615	1	NS	-2.79250931221938	0.00263071091213735	DOWN
DOWN	dnf2_only	medtr.A17.gnm5.ann1_6.MtrunA17Chr4g0029571	MtrunA17Chr4g0029571	MtNCR261	Nodule-specific Cysteine-Rich peptide	medtr.A17.gnm5.MtrunA17Chr4	-	30334884	30341354	-1.49302164360332	0.105586878984829	NS	-2.79176649445581	3.84632610055858e-05	DOWN
DOWN	dnf2_only	medtr.A17.gnm5.ann1_6.MtrunA17Chr6g0469161	MtrunA17Chr6g0469161	MtNCR079	Nodule-specific Cysteine-Rich peptide	medtr.A17.gnm5.MtrunA17Chr6	-	18847149	18848587	-0.795030606284379	1	NS	-2.79129381147504	0.000139328075106387	DOWN
DOWN	dnf2_only	medtr.A17.gnm5.ann1_6.MtrunA17Chr1g0174621	MtrunA17Chr1g0174621	MtNCR259	Nodule-specific Cysteine-Rich peptide	medtr.A17.gnm5.MtrunA17Chr1	+	25817405	25820858	-0.738148670875765	1	NS	-2.78953366639005	0.000139328075106387	DOWN
DOWN	dnf2_only	medtr.A17.gnm5.ann1_6.MtrunA17Chr8g0361621	MtrunA17Chr8g0361621	MtNCR104	Nodule-specific Cysteine-Rich peptide	medtr.A17.gnm5.MtrunA17Chr8	+	26111917	26112566	-0.716376431722687	1	NS	-2.78806518357009	0.00404153146415276	DOWN
DOWN	dnf2_only	medtr.A17.gnm5.ann1_6.MtrunA17Chr2g0295231	MtrunA17Chr2g0295231	MtNCR574	Nodule-specific Cysteine-Rich peptide	medtr.A17.gnm5.MtrunA17Chr2	+	13676387	13678713	-1.30131324231229	0.536943382518117	NS	-2.78626533702434	0.00821368236730925	DOWN
DOWN	dnf2_only	medtr.A17.gnm5.ann1_6.MtrunA17Chr8g0358281	MtrunA17Chr8g0358281	MtNCR482	Nodule-specific Cysteine-Rich peptide	medtr.A17.gnm5.MtrunA17Chr8	+	20434707	20438611	-0.498709475394533	1	NS	-2.78482930898761	0.00131828347307062	DOWN
DOWN	dnf2_only	medtr.A17.gnm5.ann1_6.MtrunA17Chr3g0101831	MtrunA17Chr3g0101831	MtCYP71D429	Cytochrome P450 monooxygenase	medtr.A17.gnm5.MtrunA17Chr3	-	26361979	26364336	0.317407126025704	1	NS	-2.78263587828693	0.00364024564197101	DOWN
DOWN	dnf2_only	medtr.A17.gnm5.ann1_6.MtrunA17Chr5g0426841	MtrunA17Chr5g0426841			medtr.A17.gnm5.MtrunA17Chr5	+	28638157	28650839	-1.33017683116471	0.276018187141295	NS	-2.78199509669177	8.5867291988966e-05	DOWN
DOWN	dnf2_only	medtr.A17.gnm5.ann1_6.MtrunA17Chr4g0027911	MtrunA17Chr4g0027911			medtr.A17.gnm5.MtrunA17Chr4	-	28985685	28988870	-0.594788976620358	1	NS	-2.78009554474466	0.000590390002301627	DOWN
DOWN	dnf2_only	medtr.A17.gnm5.ann1_6.MtrunA17Chr1g0172441	MtrunA17Chr1g0172441	MtNCR-new4	Nodule-specific Cysteine-Rich peptide	medtr.A17.gnm5.MtrunA17Chr1	+	21375225	21377440	0.19399071662899	1	NS	-2.77938432137302	8.74674507937274e-05	DOWN
DOWN	dnf2_only	medtr.A17.gnm5.ann1_6.MtrunA17Chr1g0184571	MtrunA17Chr1g0184571			medtr.A17.gnm5.MtrunA17Chr1	-	35096970	35098356	-1.86388341502366	0.0582336884110329	NS	-2.77655110764529	0.00105518090472796	DOWN
DOWN	dnf2_only	medtr.A17.gnm5.ann1_6.MtrunA17Chr3g0088981	MtrunA17Chr3g0088981	MtNCR221	Nodule-specific Cysteine-Rich peptide	medtr.A17.gnm5.MtrunA17Chr3	-	10169592	10170444	-0.645049113175901	1	NS	-2.7763129450617	0.000281004125649741	DOWN
DOWN	dnf2_only	medtr.A17.gnm5.ann1_6.MtrunA17Chr6g0465081	MtrunA17Chr6g0465081			medtr.A17.gnm5.MtrunA17Chr6	-	14229126	14231544	-1.76986404215695	0.158401516427614	NS	-2.77252763876029	0.00583829304590945	DOWN
DOWN	dnf2_only	medtr.A17.gnm5.ann1_6.MtrunA17Chr3g0106871	MtrunA17Chr3g0106871			medtr.A17.gnm5.MtrunA17Chr3	+	30495245	30496897	-1.53046547053868	0.281596612038131	NS	-2.77206773418012	0.00362742248621929	DOWN
DOWN	dnf2_only	medtr.A17.gnm5.ann1_6.MtrunA17Chr5g0424941	MtrunA17Chr5g0424941			medtr.A17.gnm5.MtrunA17Chr5	+	27011423	27012612	0.147623732588981	1	NS	-2.77160279289115	6.04895075563279e-05	DOWN
DOWN	dnf2_only	medtr.A17.gnm5.ann1_6.MtrunA17Chr4g0029611	MtrunA17Chr4g0029611	MtNCR-new39	Nodule-specific Cysteine-Rich peptide	medtr.A17.gnm5.MtrunA17Chr4	+	30376403	30379092	-0.683338814296039	1	NS	-2.76921833519214	0.000586208367219158	DOWN
DOWN	dnf2_only	medtr.A17.gnm5.ann1_6.MtrunA17Chr4g0014761	MtrunA17Chr4g0014761	MtNCR623	Nodule-specific Cysteine-Rich peptide	medtr.A17.gnm5.MtrunA17Chr4	+	12125977	12127161	-1.142730527668	0.671761197439431	NS	-2.76539001968644	0.00167074399973502	DOWN
DOWN	dnf2_only	medtr.A17.gnm5.ann1_6.MtrunA17Chr1g0187291	MtrunA17Chr1g0187291			medtr.A17.gnm5.MtrunA17Chr1	+	37360542	37362505	-2.00996752869865	0.0540701713239193	NS	-2.75890089475035	0.00273785179667045	DOWN
DOWN	dnf2_only	medtr.A17.gnm5.ann1_6.MtrunA17Chr4g0007961	MtrunA17Chr4g0007961			medtr.A17.gnm5.MtrunA17Chr4	-	6212860	6214548	-1.41634982278222	0.491831257724768	NS	-2.75621796845049	0.0280048874168714	DOWN
DOWN	dnf2_only	medtr.A17.gnm5.ann1_6.MtrunA17Chr5g0446281	MtrunA17Chr5g0446281			medtr.A17.gnm5.MtrunA17Chr5	-	42923276	42923888	-0.599589141653519	1	NS	-2.75604646205851	0.0346870734020251	DOWN
DOWN	dnf2_only	medtr.A17.gnm5.ann1_6.MtrunA17Chr3g0102831	MtrunA17Chr3g0102831			medtr.A17.gnm5.MtrunA17Chr3	-	27330882	27331871	0.0993149419906988	1	NS	-2.75527995271658	0.0127027444489553	DOWN
DOWN	dnf2_only	medtr.A17.gnm5.ann1_6.MtrunA17Chr7g0216381	MtrunA17Chr7g0216381	MtNCR033	Nodule-specific Cysteine-Rich peptide	medtr.A17.gnm5.MtrunA17Chr7	-	2097779	2098528	-0.428584423630369	1	NS	-2.75404086438484	0.00110366951769574	DOWN
DOWN	dnf2_only	medtr.A17.gnm5.ann1_6.MtrunA17Chr5g0417431	MtrunA17Chr5g0417431			medtr.A17.gnm5.MtrunA17Chr5	-	18012287	18013138	-2.12217681526238	0.156861944298905	NS	-2.7512341341849	0.0333880723154746	DOWN
DOWN	dnf2_only	medtr.A17.gnm5.ann1_6.MtrunA17Chr3g0083011	MtrunA17Chr3g0083011	MtNCR132	Nodule-specific Cysteine-Rich peptide	medtr.A17.gnm5.MtrunA17Chr3	-	4724804	4725523	-1.09319780058479	0.71356180158468	NS	-2.74985912166214	0.000361939238557581	DOWN
DOWN	dnf2_only	medtr.A17.gnm5.ann1_6.MtrunA17Chr5g0441591	MtrunA17Chr5g0441591			medtr.A17.gnm5.MtrunA17Chr5	+	39962689	39964780	-0.620676053102336	1	NS	-2.74970629580708	0.00164282596921621	DOWN
DOWN	dnf2_only	medtr.A17.gnm5.ann1_6.MtrunA17Chr1g0211151	MtrunA17Chr1g0211151			medtr.A17.gnm5.MtrunA17Chr1	-	54744657	54747427	0.129125458507462	1	NS	-2.74900490190418	0.0160750256863223	DOWN
DOWN	dnf2_only	medtr.A17.gnm5.ann1_6.MtrunA17Chr4g0034181	MtrunA17Chr4g0034181			medtr.A17.gnm5.MtrunA17Chr4	-	33888748	33894292	-0.49249034282174	1	NS	-2.74542205195717	0.000633594060924699	DOWN
DOWN	dnf2_only	medtr.A17.gnm5.ann1_6.MtrunA17Chr5g0420911	MtrunA17Chr5g0420911			medtr.A17.gnm5.MtrunA17Chr5	+	21441987	21443630	-1.55742073076406	0.168508851234267	NS	-2.74436958263191	0.000736771479662502	DOWN
DOWN	dnf2_only	medtr.A17.gnm5.ann1_6.MtrunA17Chr7g0236241	MtrunA17Chr7g0236241	MtLP2	LEED..PEED family	medtr.A17.gnm5.MtrunA17Chr7	+	26500875	26501569	-0.747330468819876	1	NS	-2.74284191138029	0.0145350551725665	DOWN
DOWN	dnf2_only	medtr.A17.gnm5.ann1_6.MtrunA17Chr5g0428731	MtrunA17Chr5g0428731	MtNCR266	Nodule-specific Cysteine-Rich peptide	medtr.A17.gnm5.MtrunA17Chr5	-	30363804	30365869	0.0588200047334063	1	NS	-2.74079743457787	9.9691841269701e-05	DOWN
DOWN	dnf2_only	medtr.A17.gnm5.ann1_6.MtrunA17Chr6g0479141	MtrunA17Chr6g0479141	MtGS1a	cytosolic glutamine synthetase	medtr.A17.gnm5.MtrunA17Chr6	-	33758121	33763446	0.619709411227955	1	NS	-2.74076210615451	0.000176019855176548	DOWN
DOWN	dnf2_only	medtr.A17.gnm5.ann1_6.MtrunA17Chr3g0099001	MtrunA17Chr3g0099001			medtr.A17.gnm5.MtrunA17Chr3	+	23826152	23826976	-0.958975700289338	0.948128616704492	NS	-2.74060446204884	0.00244449790217032	DOWN
DOWN	dnf2_only	medtr.A17.gnm5.ann1_6.MtrunA17Chr8g0339511	MtrunA17Chr8g0339511	MtPDF8	Plant Defensin 8	medtr.A17.gnm5.MtrunA17Chr8	-	3656188	3657448	0.0386084946010692	1	NS	-2.73895045291977	6.34369493252808e-05	DOWN
DOWN	dnf2_only	medtr.A17.gnm5.ann1_6.MtrunA17Chr1g0167551	MtrunA17Chr1g0167551			medtr.A17.gnm5.MtrunA17Chr1	+	16463345	16466193	-0.878036746379218	1	NS	-2.73862943380446	0.00257503050228513	DOWN
DOWN	dnf2_only	medtr.A17.gnm5.ann1_6.MtrunA17Chr7g0231411	MtrunA17Chr7g0231411			medtr.A17.gnm5.MtrunA17Chr7	+	20952055	20953358	0.910192867387984	1	NS	-2.73755852919456	2.5084322243783e-05	DOWN
DOWN	dnf2_only	medtr.A17.gnm5.ann1_6.MtrunA17Chr4g0021181	MtrunA17Chr4g0021181			medtr.A17.gnm5.MtrunA17Chr4	+	18120354	18120546	-1.66183346554167	0.196523142158255	NS	-2.73520465130334	0.00468301872290916	DOWN
DOWN	dnf2_only	medtr.A17.gnm5.ann1_6.MtrunA17Chr1g0166801	MtrunA17Chr1g0166801			medtr.A17.gnm5.MtrunA17Chr1	-	16129330	16132976	-0.023733327662756	1	NS	-2.73508947643362	5.35840650559391e-05	DOWN
DOWN	dnf2_only	medtr.A17.gnm5.ann1_6.MtrunA17Chr6g0487341	MtrunA17Chr6g0487341			medtr.A17.gnm5.MtrunA17Chr6	+	41626664	41627378	0.0637677859276384	1	NS	-2.73472121714063	0.0412609464949906	DOWN
DOWN	dnf2_only	medtr.A17.gnm5.ann1_6.MtrunA17Chr2g0290281	MtrunA17Chr2g0290281			medtr.A17.gnm5.MtrunA17Chr2	+	9581933	9584554	0.184098607314826	1	NS	-2.73205048328425	0.0111885933447706	DOWN
DOWN	dnf2_only	medtr.A17.gnm5.ann1_6.MtrunA17Chr5g0424961	MtrunA17Chr5g0424961			medtr.A17.gnm5.MtrunA17Chr5	+	27013222	27013956	-1.04233215014044	0.818099719075414	NS	-2.72622132960717	0.00216746847883161	DOWN
DOWN	dnf2_only	medtr.A17.gnm5.ann1_6.MtrunA17Chr3g0108521	MtrunA17Chr3g0108521	MtNCR125	Nodule-specific Cysteine-Rich peptide	medtr.A17.gnm5.MtrunA17Chr3	+	31839987	31841786	-0.11932009420449	1	NS	-2.7260145030957	0.00128079258330762	DOWN
DOWN	dnf2_only	medtr.A17.gnm5.ann1_6.MtrunA17Chr8g0350901	MtrunA17Chr8g0350901			medtr.A17.gnm5.MtrunA17Chr8	+	13091631	13094351	-0.595847879210432	1	NS	-2.72582262866937	0.00562886951999787	DOWN
DOWN	dnf2_only	medtr.A17.gnm5.ann1_6.MtrunA17Chr3g0081491	MtrunA17Chr3g0081491			medtr.A17.gnm5.MtrunA17Chr3	+	3439240	3440793	-0.0887124852890061	1	NS	-2.7236887244537	0.00363678980752431	DOWN
DOWN	dnf2_only	medtr.A17.gnm5.ann1_6.MtrunA17Chr4g0023401	MtrunA17Chr4g0023401	MtNCR106	Nodule-specific Cysteine-Rich peptide	medtr.A17.gnm5.MtrunA17Chr4	-	24012213	24014935	-0.895516521102334	1	NS	-2.72353196079974	0.00201803558223499	DOWN
DOWN	dnf2_only	medtr.A17.gnm5.ann1_6.MtrunA17Chr5g0429081	MtrunA17Chr5g0429081			medtr.A17.gnm5.MtrunA17Chr5	-	30569635	30570397	-0.950966015887242	0.958840598017843	NS	-2.72323568035203	0.0108443497107876	DOWN
DOWN	dnf2_only	medtr.A17.gnm5.ann1_6.MtrunA17Chr8g0351671	MtrunA17Chr8g0351671			medtr.A17.gnm5.MtrunA17Chr8	-	13681840	13683374	0.706730860035802	1	NS	-2.72120779807364	0.000113165724391812	DOWN
DOWN	dnf2_only	medtr.A17.gnm5.ann1_6.MtrunA17Chr1g0178611	MtrunA17Chr1g0178611			medtr.A17.gnm5.MtrunA17Chr1	+	30070489	30071049	-1.4144193316669	0.497781326159682	NS	-2.71939594142997	0.0312774490254556	DOWN
DOWN	dnf2_only	medtr.A17.gnm5.ann1_6.MtrunA17Chr2g0330511	MtrunA17Chr2g0330511			medtr.A17.gnm5.MtrunA17Chr2	-	49224128	49226332	1.62921007860636	0.20356239785562	NS	-2.71774016520442	0.0118536583548983	DOWN
DOWN	dnf2_only	medtr.A17.gnm5.ann1_6.MtrunA17Chr1g0193721	MtrunA17Chr1g0193721			medtr.A17.gnm5.MtrunA17Chr1	-	42096689	42099497	-0.65975782272855	1	NS	-2.71740969378628	0.000488253488149994	DOWN
DOWN	dnf2_only	medtr.A17.gnm5.ann1_6.MtrunA17Chr5g0426861	MtrunA17Chr5g0426861			medtr.A17.gnm5.MtrunA17Chr5	-	28654305	28655239	-1.55259962130534	0.273177722786782	NS	-2.71720358424324	0.00635084239160872	DOWN
DOWN	dnf2_only	medtr.A17.gnm5.ann1_6.MtrunA17Chr4g0070381	MtrunA17Chr4g0070381			medtr.A17.gnm5.MtrunA17Chr4	+	60040879	60043637	0.0162310333723421	1	NS	-2.71108070520417	0.0394200029544231	DOWN
DOWN	dnf2_only	medtr.A17.gnm5.ann1_6.MtrunA17Chr1g0169081	MtrunA17Chr1g0169081			medtr.A17.gnm5.MtrunA17Chr1	-	17821571	17824352	0.412499261626823	1	NS	-2.70999602516795	0.00161146981708079	DOWN
DOWN	dnf2_only	medtr.A17.gnm5.ann1_6.MtrunA17Chr3g0110101	MtrunA17Chr3g0110101	MtNCR077	Nodule-specific Cysteine-Rich peptide	medtr.A17.gnm5.MtrunA17Chr3	-	32850696	32851998	-1.23076690391792	0.554445319115144	NS	-2.70882009408101	0.00273011327874928	DOWN
DOWN	dnf2_only	medtr.A17.gnm5.ann1_6.MtrunA17Chr8g0365141	MtrunA17Chr8g0365141	MtNCR059	Nodule-specific Cysteine-Rich peptide	medtr.A17.gnm5.MtrunA17Chr8	+	29348942	29349545	-0.0111505571990671	1	NS	-2.7060720654852	0.00143405148049856	DOWN
DOWN	dnf2_only	medtr.A17.gnm5.ann1_6.MtrunA17Chr7g0216231	MtrunA17Chr7g0216231	MtNCR044	Nodule-specific Cysteine-Rich peptide	medtr.A17.gnm5.MtrunA17Chr7	-	2004498	2005719	-0.911361532776285	1	NS	-2.70563335239455	0.000134801593854649	DOWN
DOWN	dnf2_only	medtr.A17.gnm5.ann1_6.MtrunA17Chr7g0259031	MtrunA17Chr7g0259031			medtr.A17.gnm5.MtrunA17Chr7	+	44147208	44150510	-0.0197530921784794	1	NS	-2.70529034053522	0.00197395253328616	DOWN
DOWN	dnf2_only	medtr.A17.gnm5.ann1_6.MtrunA17Chr7g0216221	MtrunA17Chr7g0216221			medtr.A17.gnm5.MtrunA17Chr7	-	1998810	1999852	0.578094724647869	1	NS	-2.70170555284924	0.00357974291318927	DOWN
DOWN	dnf2_only	medtr.A17.gnm5.ann1_6.MtrunA17Chr7g0252851	MtrunA17Chr7g0252851			medtr.A17.gnm5.MtrunA17Chr7	+	39657135	39658857	0.223587766588848	1	NS	-2.70155356554634	0.0184149837642688	DOWN
DOWN	dnf2_only	medtr.A17.gnm5.ann1_6.MtrunA17Chr7g0231251	MtrunA17Chr7g0231251			medtr.A17.gnm5.MtrunA17Chr7	+	20905495	20914320	-1.88402973723929	0.0554916461076996	NS	-2.70112423498933	0.00137484639056086	DOWN
DOWN	dnf2_only	medtr.A17.gnm5.ann1_6.MtrunA17Chr6g0475771	MtrunA17Chr6g0475771	MtNCR-new58	Nodule-specific Cysteine-Rich peptide	medtr.A17.gnm5.MtrunA17Chr6	-	30384163	30385502	-0.494517180288075	1	NS	-2.69449462518688	0.00352614427616704	DOWN
DOWN	dnf2_only	medtr.A17.gnm5.ann1_6.MtrunA17Chr6g0464941	MtrunA17Chr6g0464941	MtNCR-new48	Nodule-specific Cysteine-Rich peptide	medtr.A17.gnm5.MtrunA17Chr6	+	14135177	14139200	-0.424286531368751	1	NS	-2.69353575418713	0.0115981624930758	DOWN
DOWN	dnf2_only	medtr.A17.gnm5.ann1_6.MtrunA17Chr2g0319901	MtrunA17Chr2g0319901	MtPhyCys33	Phytocystatin	medtr.A17.gnm5.MtrunA17Chr2	+	41265964	41270243	0.16996318843176	1	NS	-2.69140036590815	0.00264172089772722	DOWN
DOWN	dnf2_only	medtr.A17.gnm5.ann1_6.MtrunA17Chr6g0453251	MtrunA17Chr6g0453251			medtr.A17.gnm5.MtrunA17Chr6	+	3671500	3674402	-0.399198719034968	1	NS	-2.69075603076766	0.0117052721767101	DOWN
DOWN	dnf2_only	medtr.A17.gnm5.ann1_6.MtrunA17Chr1g0204881	MtrunA17Chr1g0204881	7SL RNA-3	7SL RNA	medtr.A17.gnm5.MtrunA17Chr1	-	50283018	50283323	1.19238104302875	0.445128251874278	NS	-2.69024655431167	0.000230624925957836	DOWN
DOWN	dnf2_only	medtr.A17.gnm5.ann1_6.MtrunA17Chr2g0307351	MtrunA17Chr2g0307351			medtr.A17.gnm5.MtrunA17Chr2	-	29947900	29949614	-0.423367495671451	1	NS	-2.68860309019175	0.0488411080717313	DOWN
DOWN	dnf2_only	medtr.A17.gnm5.ann1_6.MtrunA17Chr8g0377991	MtrunA17Chr8g0377991			medtr.A17.gnm5.MtrunA17Chr8	+	39179271	39187325	-0.90596083287096	1	NS	-2.68808612753796	0.000543383563613344	DOWN
DOWN	dnf2_only	medtr.A17.gnm5.ann1_6.MtrunA17Chr4g0036891	MtrunA17Chr4g0036891			medtr.A17.gnm5.MtrunA17Chr4	+	35577029	35577938	0.353163136325188	1	NS	-2.6876807804545	0.000819461163966377	DOWN
DOWN	dnf2_only	medtr.A17.gnm5.ann1_6.MtrunA17Chr4g0020361	MtrunA17Chr4g0020361	MtNCR488	Nodule-specific Cysteine-Rich peptide	medtr.A17.gnm5.MtrunA17Chr4	+	16368182	16370227	-0.582809319732028	1	NS	-2.68751407791135	0.00040865065381795	DOWN
DOWN	dnf2_only	medtr.A17.gnm5.ann1_6.MtrunA17Chr4g0042801	MtrunA17Chr4g0042801			medtr.A17.gnm5.MtrunA17Chr4	+	40042804	40044054	1.03006552375304	0.817400481412244	NS	-2.68471681611923	0.000126361084568112	DOWN
DOWN	dnf2_only	medtr.A17.gnm5.ann1_6.MtrunA17Chr1g0153821	MtrunA17Chr1g0153821			medtr.A17.gnm5.MtrunA17Chr1	+	6173238	6176149	-1.85888035724963	0.237561987227268	NS	-2.6822818916301	0.0342122005196278	DOWN
DOWN	dnf2_only	medtr.A17.gnm5.ann1_6.MtrunA17Chr7g0239531	MtrunA17Chr7g0239531	MtNCR-new78	Nodule-specific Cysteine-Rich peptide	medtr.A17.gnm5.MtrunA17Chr7	+	29563047	29565817	-1.71036629260516	0.0671486657666434	NS	-2.68127508833798	0.000417364289560189	DOWN
DOWN	dnf2_only	medtr.A17.gnm5.ann1_6.MtrunA17Chr2g0293331	MtrunA17Chr2g0293331			medtr.A17.gnm5.MtrunA17Chr2	-	12112842	12116599	0.401585435057148	1	NS	-2.6811252813029	3.01442896259702e-05	DOWN
DOWN	dnf2_only	medtr.A17.gnm5.ann1_6.MtrunA17Chr2g0281091	MtrunA17Chr2g0281091			medtr.A17.gnm5.MtrunA17Chr2	+	2907312	2908333	0.787664798683979	1	NS	-2.6750470309631	0.00119856687956386	DOWN
DOWN	dnf2_only	medtr.A17.gnm5.ann1_6.MtrunA17Chr8g0347841	MtrunA17Chr8g0347841			medtr.A17.gnm5.MtrunA17Chr8	-	10597715	10599188	-0.870426378587039	1	NS	-2.67340330477163	0.0359296660075662	DOWN
DOWN	dnf2_only	medtr.A17.gnm5.ann1_6.MtrunA17Chr6g0458831	MtrunA17Chr6g0458831			medtr.A17.gnm5.MtrunA17Chr6	-	8107703	8109867	-0.00618519478468449	1	NS	-2.67275083814452	0.0007654616324541	DOWN
DOWN	dnf2_only	medtr.A17.gnm5.ann1_6.MtrunA17Chr4g0006311	MtrunA17Chr4g0006311			medtr.A17.gnm5.MtrunA17Chr4	-	5012795	5015652	0.936016219329439	1	NS	-2.67253582436812	0.000359881822212408	DOWN
DOWN	dnf2_only	medtr.A17.gnm5.ann1_6.MtrunA17Chr6g0458821	MtrunA17Chr6g0458821			medtr.A17.gnm5.MtrunA17Chr6	-	8106052	8107701	-0.869416676708682	1	NS	-2.67196297906052	0.00244449790217032	DOWN
DOWN	dnf2_only	medtr.A17.gnm5.ann1_6.MtrunA17Chr2g0306021	MtrunA17Chr2g0306021			medtr.A17.gnm5.MtrunA17Chr2	-	26711506	26717728	0.582944093358679	1	NS	-2.66945876671959	0.00354284086710174	DOWN
DOWN	dnf2_only	medtr.A17.gnm5.ann1_6.MtrunA17Chr6g0470771	MtrunA17Chr6g0470771	MtNCR068	Nodule-specific Cysteine-Rich peptide	medtr.A17.gnm5.MtrunA17Chr6	+	21151464	21162167	0.0190367436129122	1	NS	-2.66928391959536	0.00741355024447108	DOWN
DOWN	dnf2_only	medtr.A17.gnm5.ann1_6.MtrunA17Chr3g0078061	MtrunA17Chr3g0078061	MtNCR578	Nodule-specific Cysteine-Rich peptide	medtr.A17.gnm5.MtrunA17Chr3	+	688212	689239	-0.809369122639694	1	NS	-2.66878468084755	0.00238608185021486	DOWN
DOWN	dnf2_only	medtr.A17.gnm5.ann1_6.MtrunA17Chr2g0295991	MtrunA17Chr2g0295991			medtr.A17.gnm5.MtrunA17Chr2	+	14378734	14383661	0.144309082439926	1	NS	-2.66839778431789	2.94506428288836e-05	DOWN
DOWN	dnf2_only	medtr.A17.gnm5.ann1_6.MtrunA17Chr3g0084701	MtrunA17Chr3g0084701	MtDefNS1|MtPDF1	symbiotic defensin 1|Plant Defensin 1	medtr.A17.gnm5.MtrunA17Chr3	-	6148314	6149456	-0.398995120421004	1	NS	-2.66731610747202	2.57379959569799e-05	DOWN
DOWN	dnf2_only	medtr.A17.gnm5.ann1_6.MtrunA17Chr4g0031341	MtrunA17Chr4g0031341			medtr.A17.gnm5.MtrunA17Chr4	+	31766492	31768302	-1.24882941859201	0.432453414587072	NS	-2.6670415232738	0.000311590474553439	DOWN
DOWN	dnf2_only	medtr.A17.gnm5.ann1_6.MtrunA17Chr2g0333011	MtrunA17Chr2g0333011			medtr.A17.gnm5.MtrunA17Chr2	-	50908234	50909489	-0.543373308825725	1	NS	-2.66641580892815	0.0225356799248285	DOWN
DOWN	dnf2_only	medtr.A17.gnm5.ann1_6.MtrunA17Chr1g0170421	MtrunA17Chr1g0170421	MtRAM2	REQUIRED FOR ARBUSCULAR MYCORHIZATION 2 (Glycerol-3-phosphate acyl-transferase)	medtr.A17.gnm5.MtrunA17Chr1	+	19177608	19180874	-0.754175236445673	1	NS	-2.65403667251349	0.0331525355032361	DOWN
DOWN	dnf2_only	medtr.A17.gnm5.ann1_6.MtrunA17Chr3g0129171	MtrunA17Chr3g0129171			medtr.A17.gnm5.MtrunA17Chr3	+	46741027	46741974	-0.418708135674914	1	NS	-2.65358370857781	0.0469351075272103	DOWN
DOWN	dnf2_only	medtr.A17.gnm5.ann1_6.MtrunA17Chr1g0169221	MtrunA17Chr1g0169221	MtNCR226	Nodule-specific Cysteine-Rich peptide	medtr.A17.gnm5.MtrunA17Chr1	+	17975703	17976579	-1.95249401210287	0.0692529993022257	NS	-2.64636428617446	0.00439030561709847	DOWN
DOWN	dnf2_only	medtr.A17.gnm5.ann1_6.MtrunA17Chr3g0099521	MtrunA17Chr3g0099521			medtr.A17.gnm5.MtrunA17Chr3	+	24288777	24290405	-0.421059970336074	1	NS	-2.64350562497708	0.000692093116369379	DOWN
DOWN	dnf2_only	medtr.A17.gnm5.ann1_6.MtrunA17Chr3g0100511	MtrunA17Chr3g0100511			medtr.A17.gnm5.MtrunA17Chr3	-	25062606	25070844	-1.16565730776752	0.656266763042466	NS	-2.64152085308915	0.00396137371938868	DOWN
DOWN	dnf2_only	medtr.A17.gnm5.ann1_6.MtrunA17Chr3g0109191	MtrunA17Chr3g0109191	MtNCR-new23	Nodule-specific Cysteine-Rich peptide	medtr.A17.gnm5.MtrunA17Chr3	-	32191623	32194098	-0.684899411431669	1	NS	-2.64080348151813	0.000102161048557333	DOWN
DOWN	dnf2_only	medtr.A17.gnm5.ann1_6.MtrunA17Chr8g0357561	MtrunA17Chr8g0357561			medtr.A17.gnm5.MtrunA17Chr8	+	19518139	19518906	-1.54939105826064	0.362200856181085	NS	-2.64029555224568	0.0238117145616616	DOWN
DOWN	dnf2_only	medtr.A17.gnm5.ann1_6.MtrunA17Chr8g0341111	MtrunA17Chr8g0341111			medtr.A17.gnm5.MtrunA17Chr8	-	4794436	4802084	-1.18283701326306	0.63643678371589	NS	-2.63959370768792	0.00590662650535751	DOWN
DOWN	dnf2_only	medtr.A17.gnm5.ann1_6.MtrunA17Chr7g0233981	MtrunA17Chr7g0233981	MtNCR369	Nodule-specific Cysteine-Rich peptide	medtr.A17.gnm5.MtrunA17Chr7	-	24436643	24438684	-0.615384479215296	1	NS	-2.6363668210605	0.00108901441897677	DOWN
DOWN	dnf2_only	medtr.A17.gnm5.ann1_6.MtrunA17Chr8g0347891	MtrunA17Chr8g0347891			medtr.A17.gnm5.MtrunA17Chr8	+	10650324	10654892	-0.0749765907158045	1	NS	-2.63361342745159	0.0330177478910182	DOWN
DOWN	dnf2_only	medtr.A17.gnm5.ann1_6.MtrunA17Chr3g0126341	MtrunA17Chr3g0126341			medtr.A17.gnm5.MtrunA17Chr3	-	44688651	44692633	-2.02094265358075	0.156206407833518	NS	-2.63295957957124	0.0297673587832642	DOWN
DOWN	dnf2_only	medtr.A17.gnm5.ann1_6.MtrunA17Chr2g0283391	MtrunA17Chr2g0283391			medtr.A17.gnm5.MtrunA17Chr2	-	4604805	4606781	-0.219495294596741	1	NS	-2.6320293697541	0.000207300480874863	DOWN
DOWN	dnf2_only	medtr.A17.gnm5.ann1_6.MtrunA17Chr5g0397641	MtrunA17Chr5g0397641			medtr.A17.gnm5.MtrunA17Chr5	+	2811535	2813523	-2.16401235209913	0.0593857530998687	NS	-2.62921111041642	0.00974039408106103	DOWN
DOWN	dnf2_only	medtr.A17.gnm5.ann1_6.MtrunA17Chr4g0031381	MtrunA17Chr4g0031381	MtNCR029	Nodule-specific Cysteine-Rich peptide	medtr.A17.gnm5.MtrunA17Chr4	+	31799412	31801715	-0.824200301982731	1	NS	-2.62402302114148	0.000814934122039027	DOWN
DOWN	dnf2_only	medtr.A17.gnm5.ann1_6.MtrunA17Chr2g0299911	MtrunA17Chr2g0299911			medtr.A17.gnm5.MtrunA17Chr2	+	17743501	17746026	0.73630479007715	1	NS	-2.62381920194294	0.045606324721971	DOWN
DOWN	dnf2_only	medtr.A17.gnm5.ann1_6.MtrunA17Chr4g0026321	MtrunA17Chr4g0026321			medtr.A17.gnm5.MtrunA17Chr4	+	27264432	27268388	-1.88914890546459	0.131946369106566	NS	-2.62294913797256	0.0118813353138422	DOWN
DOWN	dnf2_only	medtr.A17.gnm5.ann1_6.MtrunA17Chr4g0073321	MtrunA17Chr4g0073321			medtr.A17.gnm5.MtrunA17Chr4	+	62256809	62261359	0.119303357267571	1	NS	-2.62268356807285	0.000274477109110539	DOWN
DOWN	dnf2_only	medtr.A17.gnm5.ann1_6.MtrunA17Chr7g0232691	MtrunA17Chr7g0232691	MtNCR424	Nodule-specific Cysteine-Rich peptide	medtr.A17.gnm5.MtrunA17Chr7	-	22940765	22942691	-0.648499971470634	1	NS	-2.62190609936147	0.000753975356768606	DOWN
DOWN	dnf2_only	medtr.A17.gnm5.ann1_6.MtrunA17Chr5g0400551	MtrunA17Chr5g0400551			medtr.A17.gnm5.MtrunA17Chr5	+	4828881	4830266	-0.643585181289747	1	NS	-2.62177130991133	5.10349666892359e-05	DOWN
DOWN	dnf2_only	medtr.A17.gnm5.ann1_6.MtrunA17Chr1g0166861	MtrunA17Chr1g0166861			medtr.A17.gnm5.MtrunA17Chr1	+	16164759	16166196	-0.396918832178764	1	NS	-2.62070505738488	0.00376657788026619	DOWN
DOWN	dnf2_only	medtr.A17.gnm5.ann1_6.MtrunA17Chr4g0054891	MtrunA17Chr4g0054891	MtNPF7.8	NRT1/ PTR FAMILY|nitrate transporter / peptide transporter	medtr.A17.gnm5.MtrunA17Chr4	+	48665797	48672207	-1.68504057282379	0.0594502463450688	NS	-2.62005482746633	0.000294167137993869	DOWN
DOWN	dnf2_only	medtr.A17.gnm5.ann1_6.MtrunA17Chr7g0215921	MtrunA17Chr7g0215921	MtNCR470	Nodule-specific Cysteine-Rich peptide	medtr.A17.gnm5.MtrunA17Chr7	-	1867594	1868528	-0.667322802267116	1	NS	-2.61940788052539	0.00208762595267821	DOWN
DOWN	dnf2_only	medtr.A17.gnm5.ann1_6.MtrunA17Chr4g0023511	MtrunA17Chr4g0023511			medtr.A17.gnm5.MtrunA17Chr4	-	24181449	24186984	-2.05953074458898	0.0569970820511376	NS	-2.6191009946127	0.00624726472096118	DOWN
DOWN	dnf2_only	medtr.A17.gnm5.ann1_6.MtrunA17Chr6g0487631	MtrunA17Chr6g0487631			medtr.A17.gnm5.MtrunA17Chr6	-	41949326	41950069	-1.27344596965967	0.480542753809093	NS	-2.61690682756639	0.00341302056724036	DOWN
DOWN	dnf2_only	medtr.A17.gnm5.ann1_6.MtrunA17Chr3g0124591	MtrunA17Chr3g0124591			medtr.A17.gnm5.MtrunA17Chr3	-	43303918	43304680	-0.0816166780439156	1	NS	-2.61310161827643	0.000218479017442991	DOWN
DOWN	dnf2_only	medtr.A17.gnm5.ann1_6.MtrunA17Chr1g0167601	MtrunA17Chr1g0167601	MtNCR053	Nodule-specific Cysteine-Rich peptide	medtr.A17.gnm5.MtrunA17Chr1	-	16476032	16477955	0.0277327183203226	1	NS	-2.6129296182936	0.000692093116369379	DOWN
DOWN	dnf2_only	medtr.A17.gnm5.ann1_6.MtrunA17Chr2g0332731	MtrunA17Chr2g0332731	MtNPD4	Nodule-specific PLAT-domain  4	medtr.A17.gnm5.MtrunA17Chr2	+	50748768	50750376	-0.543192016960947	1	NS	-2.6126862617663	3.1617829511998e-05	DOWN
DOWN	dnf2_only	medtr.A17.gnm5.ann1_6.MtrunA17Chr6g0462851	MtrunA17Chr6g0462851			medtr.A17.gnm5.MtrunA17Chr6	-	11871940	11872914	-0.792294323171552	1	NS	-2.60923521747928	0.00263396441548839	DOWN
DOWN	dnf2_only	medtr.A17.gnm5.ann1_6.MtrunA17Chr1g0185451	MtrunA17Chr1g0185451	MtNCR346a	Nodule-specific Cysteine-Rich peptide	medtr.A17.gnm5.MtrunA17Chr1	+	35875607	35879020	-1.19378765316635	0.568217466617705	NS	-2.60921645361823	0.0016113022229644	DOWN
DOWN	dnf2_only	medtr.A17.gnm5.ann1_6.MtrunA17Chr2g0325711	MtrunA17Chr2g0325711			medtr.A17.gnm5.MtrunA17Chr2	-	45536704	45540708	-0.839296536724085	1	NS	-2.60770312829957	0.000306583579216444	DOWN
DOWN	dnf2_only	medtr.A17.gnm5.ann1_6.MtrunA17Chr6g0465071	MtrunA17Chr6g0465071			medtr.A17.gnm5.MtrunA17Chr6	-	14223606	14227312	0.489874693178526	1	NS	-2.60600687117633	0.00341302056724036	DOWN
DOWN	dnf2_only	medtr.A17.gnm5.ann1_6.MtrunA17Chr5g0408291	MtrunA17Chr5g0408291			medtr.A17.gnm5.MtrunA17Chr5	-	10518839	10523408	0.145989381285987	1	NS	-2.60418783691295	0.00088228372485737	DOWN
DOWN	dnf2_only	medtr.A17.gnm5.ann1_6.MtrunA17Chr4g0059941	MtrunA17Chr4g0059941			medtr.A17.gnm5.MtrunA17Chr4	-	52490037	52490455	-1.49189763037617	0.328827556094143	NS	-2.60101194080531	0.00974039408106103	DOWN
DOWN	dnf2_only	medtr.A17.gnm5.ann1_6.MtrunA17Chr8g0349621	MtrunA17Chr8g0349621			medtr.A17.gnm5.MtrunA17Chr8	-	11931632	11937140	-1.51399855670611	0.0776788875440772	NS	-2.59643473032848	5.55028296414142e-05	DOWN
DOWN	dnf2_only	medtr.A17.gnm5.ann1_6.MtrunA17Chr5g0397771	MtrunA17Chr5g0397771			medtr.A17.gnm5.MtrunA17Chr5	-	2878009	2878755	-0.492548457407516	1	NS	-2.59598679194378	0.0298939651731655	DOWN
DOWN	dnf2_only	medtr.A17.gnm5.ann1_6.MtrunA17Chr1g0157221	MtrunA17Chr1g0157221			medtr.A17.gnm5.MtrunA17Chr1	-	8514503	8515793	0.19797821394266	1	NS	-2.59465727221412	0.000382181144206504	DOWN
DOWN	dnf2_only	medtr.A17.gnm5.ann1_6.MtrunA17Chr5g0399061	MtrunA17Chr5g0399061	MtNPF6.6	NRT1/ PTR FAMILY|nitrate transporter / peptide transporter	medtr.A17.gnm5.MtrunA17Chr5	-	3661721	3664657	1.73919643323349	0.0512193865798365	NS	-2.5932733124744	0.00165005932547926	DOWN
DOWN	dnf2_only	medtr.A17.gnm5.ann1_6.MtrunA17Chr2g0314541	MtrunA17Chr2g0314541	MtNCR071	Nodule-specific Cysteine-Rich peptide	medtr.A17.gnm5.MtrunA17Chr2	+	36967227	36968350	-0.532674125083618	1	NS	-2.59050314133543	0.00910872316434375	DOWN
DOWN	dnf2_only	medtr.A17.gnm5.ann1_6.MtrunA17Chr7g0240361	MtrunA17Chr7g0240361	MtNCR237	Nodule-specific Cysteine-Rich peptide	medtr.A17.gnm5.MtrunA17Chr7	+	30206965	30211130	-0.741287234862269	1	NS	-2.58725898342823	0.00244449790217032	DOWN
DOWN	dnf2_only	medtr.A17.gnm5.ann1_6.MtrunA17Chr4g0020371	MtrunA17Chr4g0020371			medtr.A17.gnm5.MtrunA17Chr4	-	16370357	16372153	-0.475953064185207	1	NS	-2.5871838152802	0.00119771824302475	DOWN
DOWN	dnf2_only	medtr.A17.gnm5.ann1_6.MtrunA17Chr4g0009931	MtrunA17Chr4g0009931			medtr.A17.gnm5.MtrunA17Chr4	+	7779302	7780085	-0.580574625589345	1	NS	-2.58687681824154	0.0326621898724203	DOWN
DOWN	dnf2_only	medtr.A17.gnm5.ann1_6.MtrunA17Chr6g0452111	MtrunA17Chr6g0452111	MtABAB26	ATP-Binding-Cassette (ABC) transporter typeB (P-glycoprotein (MDR/PGP/ABCB) efflux/conditional auxin transporter)	medtr.A17.gnm5.MtrunA17Chr6	+	2540992	2550241	0.94942029707084	0.964468750385004	NS	-2.58617619443546	0.00405840351593449	DOWN
DOWN	dnf2_only	medtr.A17.gnm5.ann1_6.MtrunA17Chr4g0059131	MtrunA17Chr4g0059131			medtr.A17.gnm5.MtrunA17Chr4	-	51913996	51918556	-0.55758310928516	1	NS	-2.58402781910521	0.0115682169081945	DOWN
DOWN	dnf2_only	medtr.A17.gnm5.ann1_6.MtrunA17Chr2g0322281	MtrunA17Chr2g0322281			medtr.A17.gnm5.MtrunA17Chr2	-	43064337	43065681	-0.553665235600956	1	NS	-2.57860589670204	0.000969115389842085	DOWN
DOWN	dnf2_only	medtr.A17.gnm5.ann1_6.MtrunA17Chr4g0059931	MtrunA17Chr4g0059931			medtr.A17.gnm5.MtrunA17Chr4	+	52489515	52490422	-0.502896143453869	1	NS	-2.5782684659628	0.00982954275651086	DOWN
DOWN	dnf2_only	medtr.A17.gnm5.ann1_6.MtrunA17Chr4g0027701	MtrunA17Chr4g0027701			medtr.A17.gnm5.MtrunA17Chr4	-	28773608	28780128	-1.271992781878	0.538370482675986	NS	-2.57736660960279	0.0132854862413685	DOWN
DOWN	dnf2_only	medtr.A17.gnm5.ann1_6.MtrunA17Chr1g0185371	MtrunA17Chr1g0185371	MtNCR126	Nodule-specific Cysteine-Rich peptide	medtr.A17.gnm5.MtrunA17Chr1	+	35834733	35836189	-1.09054409761904	0.730224269407368	NS	-2.57634265257869	0.00147598922523361	DOWN
DOWN	dnf2_only	medtr.A17.gnm5.ann1_6.MtrunA17Chr2g0283381	MtrunA17Chr2g0283381			medtr.A17.gnm5.MtrunA17Chr2	-	4601179	4603241	-0.547632262669306	1	NS	-2.56929981785958	0.000216711056417447	DOWN
DOWN	dnf2_only	medtr.A17.gnm5.ann1_6.MtrunA17Chr4g0023441	MtrunA17Chr4g0023441	MtNCR630	Nodule-specific Cysteine-Rich peptide	medtr.A17.gnm5.MtrunA17Chr4	-	24116852	24117403	-2.18216206777493	0.0536831001848672	NS	-2.56882295026795	0.0127312590040814	DOWN
DOWN	dnf2_only	medtr.A17.gnm5.ann1_6.MtrunA17Chr6g0475531	MtrunA17Chr6g0475531	MtNCR-new56	Nodule-specific Cysteine-Rich peptide	medtr.A17.gnm5.MtrunA17Chr6	-	29902407	29904492	-1.39332858230783	0.420199046365107	NS	-2.56477984428853	0.0107576818929451	DOWN
DOWN	dnf2_only	medtr.A17.gnm5.ann1_6.MtrunA17Chr5g0429931	MtrunA17Chr5g0429931	MtVRN1.20	VERNALIZATION1 (PcG-1 Polycomb group protein)	medtr.A17.gnm5.MtrunA17Chr5	-	31154058	31154879	-0.116662828550902	1	NS	-2.56389483669673	0.0486127440336758	DOWN
DOWN	dnf2_only	medtr.A17.gnm5.ann1_6.MtrunA17Chr7g0247871	MtrunA17Chr7g0247871			medtr.A17.gnm5.MtrunA17Chr7	+	36120799	36125461	-0.69682531629812	1	NS	-2.56356936399218	0.00132623229392203	DOWN
DOWN	dnf2_only	medtr.A17.gnm5.ann1_6.MtrunA17Chr8g0350151	MtrunA17Chr8g0350151	MtNCR441	Nodule-specific Cysteine-Rich peptide	medtr.A17.gnm5.MtrunA17Chr8	-	12289313	12290777	-1.30710948938199	0.469455019472513	NS	-2.56128946538591	0.00484490833314042	DOWN
DOWN	dnf2_only	medtr.A17.gnm5.ann1_6.MtrunA17Chr7g0240351	MtrunA17Chr7g0240351	MtNCR337	Nodule-specific Cysteine-Rich peptide	medtr.A17.gnm5.MtrunA17Chr7	+	30199072	30204585	-0.241376814509603	1	NS	-2.56083802120428	0.00185770228954029	DOWN
DOWN	dnf2_only	medtr.A17.gnm5.ann1_6.MtrunA17Chr1g0157951	MtrunA17Chr1g0157951			medtr.A17.gnm5.MtrunA17Chr1	-	9038110	9044775	-0.0414591396887866	1	NS	-2.56036540187403	0.0124957036187148	DOWN
DOWN	dnf2_only	medtr.A17.gnm5.ann1_6.MtrunA17Chr6g0487661	MtrunA17Chr6g0487661			medtr.A17.gnm5.MtrunA17Chr6	-	41956257	41956495	-1.43602335137942	0.438860981973236	NS	-2.55922543377705	0.0264758503361397	DOWN
DOWN	dnf2_only	medtr.A17.gnm5.ann1_6.MtrunA17Chr1g0160171	MtrunA17Chr1g0160171			medtr.A17.gnm5.MtrunA17Chr1	-	10678468	10684542	0.0372095394218559	1	NS	-2.55809365751835	0.00173263822914058	DOWN
DOWN	dnf2_only	medtr.A17.gnm5.ann1_6.MtrunA17Chr6g0465901	MtrunA17Chr6g0465901			medtr.A17.gnm5.MtrunA17Chr6	+	15065201	15066665	-1.06456253001036	0.825320076862153	NS	-2.55795412346436	0.0301182487285842	DOWN
DOWN	dnf2_only	medtr.A17.gnm5.ann1_6.MtrunA17Chr6g0462451	MtrunA17Chr6g0462451	MtSUT1.4	sucrose transporter	medtr.A17.gnm5.MtrunA17Chr6	+	11491114	11493857	0.471682998285778	1	NS	-2.55765606637238	0.0148333503834885	DOWN
DOWN	dnf2_only	medtr.A17.gnm5.ann1_6.MtrunA17Chr4g0035921	MtrunA17Chr4g0035921	MtCYP84A64	Cytochrome P450 monooxygenase	medtr.A17.gnm5.MtrunA17Chr4	+	35214595	35218540	-1.62549570044829	0.105797876466824	NS	-2.55699406799909	0.000900724304985887	DOWN
DOWN	dnf2_only	medtr.A17.gnm5.ann1_6.MtrunA17Chr1g0179261	MtrunA17Chr1g0179261	MtNCR207	Nodule-specific Cysteine-Rich peptide	medtr.A17.gnm5.MtrunA17Chr1	+	30610955	30611725	-1.34543278272546	0.330286334449113	NS	-2.55509412590488	0.000849011480272466	DOWN
DOWN	dnf2_only	medtr.A17.gnm5.ann1_6.MtrunA17Chr4g0007981	MtrunA17Chr4g0007981			medtr.A17.gnm5.MtrunA17Chr4	-	6224698	6225462	0.209962538690974	1	NS	-2.55480491631685	0.0308575226644442	DOWN
DOWN	dnf2_only	medtr.A17.gnm5.ann1_6.MtrunA17Chr6g0487931	MtrunA17Chr6g0487931			medtr.A17.gnm5.MtrunA17Chr6	-	42061324	42061889	-0.0356078147381135	1	NS	-2.55419077982098	0.00144273649210556	DOWN
DOWN	dnf2_only	medtr.A17.gnm5.ann1_6.MtrunA17Chr7g0235451	MtrunA17Chr7g0235451	MtNCR137	Nodule-specific Cysteine-Rich peptide	medtr.A17.gnm5.MtrunA17Chr7	-	25815748	25817227	0.795723189452354	1	NS	-2.54944048706269	0.0071584579293	DOWN
DOWN	dnf2_only	medtr.A17.gnm5.ann1_6.MtrunA17Chr3g0079261	MtrunA17Chr3g0079261	MtNCR582	Nodule-specific Cysteine-Rich peptide	medtr.A17.gnm5.MtrunA17Chr3	+	1593426	1595119	-0.604444971324702	1	NS	-2.54755788000753	0.001798495740926	DOWN
DOWN	dnf2_only	medtr.A17.gnm5.ann1_6.MtrunA17Chr5g0404201	MtrunA17Chr5g0404201			medtr.A17.gnm5.MtrunA17Chr5	+	7782650	7784062	-0.0508374239036313	1	NS	-2.54737459469675	0.00216601633700728	DOWN
DOWN	dnf2_only	medtr.A17.gnm5.ann1_6.MtrunA17Chr1g0173791	MtrunA17Chr1g0173791	MtNCR260	Nodule-specific Cysteine-Rich peptide	medtr.A17.gnm5.MtrunA17Chr1	-	24114957	24117945	-0.449847535296286	1	NS	-2.5467615935105	0.000592935471098597	DOWN
DOWN	dnf2_only	medtr.A17.gnm5.ann1_6.MtrunA17Chr5g0426821	MtrunA17Chr5g0426821	MtNCR-new44	Nodule-specific Cysteine-Rich peptide	medtr.A17.gnm5.MtrunA17Chr5	+	28621493	28624371	-0.877881710108195	1	NS	-2.54592354928597	0.0032418803459996	DOWN
DOWN	dnf2_only	medtr.A17.gnm5.ann1_6.MtrunA17Chr3g0115581	MtrunA17Chr3g0115581			medtr.A17.gnm5.MtrunA17Chr3	+	36897841	36902602	0.0905302599940683	1	NS	-2.54216514222945	9.00912116901798e-05	DOWN
DOWN	dnf2_only	medtr.A17.gnm5.ann1_6.MtrunA17Chr6g0464721	MtrunA17Chr6g0464721			medtr.A17.gnm5.MtrunA17Chr6	+	13982719	13986009	0.0841596162573701	1	NS	-2.54074814530499	0.000486821166408779	DOWN
DOWN	dnf2_only	medtr.A17.gnm5.ann1_6.MtrunA17Chr4g0032121	MtrunA17Chr4g0032121			medtr.A17.gnm5.MtrunA17Chr4	+	32362636	32364181	-0.311999943364359	1	NS	-2.54045560329177	0.000946233101364364	DOWN
DOWN	dnf2_only	medtr.A17.gnm5.ann1_6.MtrunA17Chr3g0122141	MtrunA17Chr3g0122141	MtNCR418	Nodule-specific Cysteine-Rich peptide	medtr.A17.gnm5.MtrunA17Chr3	+	41763116	41765057	-0.950114046629999	0.9653762951604	NS	-2.53888134772837	0.0101365498345388	DOWN
DOWN	dnf2_only	medtr.A17.gnm5.ann1_6.MtrunA17Chr5g0398651	MtrunA17Chr5g0398651			medtr.A17.gnm5.MtrunA17Chr5	-	3440268	3441684	-0.761403398948089	1	NS	-2.53750534007743	0.000662790346600701	DOWN
DOWN	dnf2_only	medtr.A17.gnm5.ann1_6.MtrunA17Chr5g0425871	MtrunA17Chr5g0425871	MtNCR138	Nodule-specific Cysteine-Rich peptide	medtr.A17.gnm5.MtrunA17Chr5	+	27884395	27885806	-1.05163978402491	0.803497756393327	NS	-2.53711907535185	0.00324733036726599	DOWN
DOWN	dnf2_only	medtr.A17.gnm5.ann1_6.MtrunA17Chr1g0168141	MtrunA17Chr1g0168141			medtr.A17.gnm5.MtrunA17Chr1	+	17004927	17006992	-0.229494407379969	1	NS	-2.53382238993904	0.0104929318449212	DOWN
DOWN	dnf2_only	medtr.A17.gnm5.ann1_6.MtrunA17Chr1g0196951	MtrunA17Chr1g0196951			medtr.A17.gnm5.MtrunA17Chr1	+	44328467	44330377	-1.15229420293287	0.547764515717695	NS	-2.53189980517779	0.000153491958844674	DOWN
DOWN	dnf2_only	medtr.A17.gnm5.ann1_6.MtrunA17Chr1g0170381	MtrunA17Chr1g0170381			medtr.A17.gnm5.MtrunA17Chr1	+	19114520	19125259	-0.254786268417985	1	NS	-2.52953809760745	3.6466558270792e-07	DOWN
DOWN	dnf2_only	medtr.A17.gnm5.ann1_6.MtrunA17Chr7g0216201	MtrunA17Chr7g0216201	MtNCR472	Nodule-specific Cysteine-Rich peptide	medtr.A17.gnm5.MtrunA17Chr7	-	1990300	1990822	-0.0309409269454517	1	NS	-2.52914689731896	0.00294149509534823	DOWN
DOWN	dnf2_only	medtr.A17.gnm5.ann1_6.MtrunA17Chr5g0430621	MtrunA17Chr5g0430621			medtr.A17.gnm5.MtrunA17Chr5	-	31806144	31810074	-0.789393353850693	1	NS	-2.52611716296285	9.17273097576451e-05	DOWN
DOWN	dnf2_only	medtr.A17.gnm5.ann1_6.MtrunA17Chr5g0430801	MtrunA17Chr5g0430801			medtr.A17.gnm5.MtrunA17Chr5	-	31904562	31905274	-0.308614820104103	1	NS	-2.52492052848986	0.0336908906673881	DOWN
DOWN	dnf2_only	medtr.A17.gnm5.ann1_6.MtrunA17Chr5g0428791	MtrunA17Chr5g0428791			medtr.A17.gnm5.MtrunA17Chr5	+	30400433	30401786	-1.20375518734978	0.646001299477293	NS	-2.52378308909642	0.0248050682719355	DOWN
DOWN	dnf2_only	medtr.A17.gnm5.ann1_6.MtrunA17Chr6g0464911	MtrunA17Chr6g0464911	MtNCR222	Nodule-specific Cysteine-Rich peptide	medtr.A17.gnm5.MtrunA17Chr6	+	14122364	14126858	-1.6354859181921	0.193538088885554	NS	-2.52214733461045	0.00655686563017816	DOWN
DOWN	dnf2_only	medtr.A17.gnm5.ann1_6.MtrunA17Chr3g0103061	MtrunA17Chr3g0103061			medtr.A17.gnm5.MtrunA17Chr3	+	27500531	27502313	0.966354171439406	0.931559669850904	NS	-2.52203792173169	0.0143922661433498	DOWN
DOWN	dnf2_only	medtr.A17.gnm5.ann1_6.MtrunA17Chr7g0258531	MtrunA17Chr7g0258531			medtr.A17.gnm5.MtrunA17Chr7	-	43788688	43791693	-1.23315498693914	0.523761649113049	NS	-2.52099884707181	0.0032418803459996	DOWN
DOWN	dnf2_only	medtr.A17.gnm5.ann1_6.MtrunA17Chr8g0371221	MtrunA17Chr8g0371221			medtr.A17.gnm5.MtrunA17Chr8	+	34096157	34098712	0.0967758518540863	1	NS	-2.51976631118479	0.00163611051457027	DOWN
DOWN	dnf2_only	medtr.A17.gnm5.ann1_6.MtrunA17Chr6g0487911	MtrunA17Chr6g0487911			medtr.A17.gnm5.MtrunA17Chr6	-	42060255	42060819	-1.59188060959652	0.266175295878041	NS	-2.51846944038882	0.013509032604052	DOWN
DOWN	dnf2_only	medtr.A17.gnm5.ann1_6.MtrunA17Chr4g0034791	MtrunA17Chr4g0034791			medtr.A17.gnm5.MtrunA17Chr4	-	34359286	34360337	0.648230876464417	1	NS	-2.51816587793552	0.00474226655408867	DOWN
DOWN	dnf2_only	medtr.A17.gnm5.ann1_6.MtrunA17Chr5g0430811	MtrunA17Chr5g0430811			medtr.A17.gnm5.MtrunA17Chr5	+	31904769	31905113	-1.01632786915805	0.850348319000336	NS	-2.51727192881886	0.0081860152927033	DOWN
DOWN	dnf2_only	medtr.A17.gnm5.ann1_6.MtrunA17Chr5g0436741	MtrunA17Chr5g0436741			medtr.A17.gnm5.MtrunA17Chr5	-	36455189	36459222	0.421915377070138	1	NS	-2.51245850544293	0.000267167806681205	DOWN
DOWN	dnf2_only	medtr.A17.gnm5.ann1_6.MtrunA17Chr3g0134511	MtrunA17Chr3g0134511	MtGASA8	Gibberellic Acid-Stimulated in Arabidopsis	medtr.A17.gnm5.MtrunA17Chr3	-	50766473	50768044	-1.71059377544502	0.0731284649764617	NS	-2.5117254495975	0.00106515562155669	DOWN
DOWN	dnf2_only	medtr.A17.gnm5.ann1_6.MtrunA17Chr3g0079241	MtrunA17Chr3g0079241	MtNCR581	Nodule-specific Cysteine-Rich peptide	medtr.A17.gnm5.MtrunA17Chr3	+	1590141	1590784	0.374741775093035	1	NS	-2.51143756558084	0.000613543273668433	DOWN
DOWN	dnf2_only	medtr.A17.gnm5.ann1_6.MtrunA17Chr3g0115591	MtrunA17Chr3g0115591			medtr.A17.gnm5.MtrunA17Chr3	-	36901675	36904107	0.13798326458613	1	NS	-2.51010004986957	6.73224518737439e-06	DOWN
DOWN	dnf2_only	medtr.A17.gnm5.ann1_6.MtrunA17Chr1g0200301	MtrunA17Chr1g0200301			medtr.A17.gnm5.MtrunA17Chr1	+	46859195	46862278	0.193671063577561	1	NS	-2.509507646276	0.000184940430201097	DOWN
DOWN	dnf2_only	medtr.A17.gnm5.ann1_6.MtrunA17Chr1g0167541	MtrunA17Chr1g0167541			medtr.A17.gnm5.MtrunA17Chr1	-	16456503	16462942	-0.517591245409932	1	NS	-2.50930966705024	7.97215262812498e-05	DOWN
DOWN	dnf2_only	medtr.A17.gnm5.ann1_6.MtrunA17Chr3g0092571	MtrunA17Chr3g0092571			medtr.A17.gnm5.MtrunA17Chr3	+	14115149	14116052	-0.0499826937638008	1	NS	-2.50786329823886	0.00540672803052045	DOWN
DOWN	dnf2_only	medtr.A17.gnm5.ann1_6.MtrunA17Chr6g0475741	MtrunA17Chr6g0475741	MtNCR002	Nodule-specific Cysteine-Rich peptide	medtr.A17.gnm5.MtrunA17Chr6	+	30312840	30313694	-1.8712077551263	0.150833748283343	NS	-2.50720576107033	0.0207251863788813	DOWN
DOWN	dnf2_only	medtr.A17.gnm5.ann1_6.MtrunA17Chr7g0270491	MtrunA17Chr7g0270491	MtLb1|MtLb12	leghemoglobin11	medtr.A17.gnm5.MtrunA17Chr7	-	52176092	52178861	-1.62128614375639	0.119472711884953	NS	-2.50638501357036	0.00146833165945339	DOWN
DOWN	dnf2_only	medtr.A17.gnm5.ann1_6.MtrunA17Chr5g0446251	MtrunA17Chr5g0446251			medtr.A17.gnm5.MtrunA17Chr5	-	42917720	42918642	0.0860951399963891	1	NS	-2.50610491907845	0.000387956300305865	DOWN
DOWN	dnf2_only	medtr.A17.gnm5.ann1_6.MtrunA17Chr7g0261791	MtrunA17Chr7g0261791	MtNPF5.4	NRT1/ PTR FAMILY|nitrate transporter / peptide transporter	medtr.A17.gnm5.MtrunA17Chr7	-	46116393	46121186	-0.696021420477585	1	NS	-2.50497409923156	0.000294167137993869	DOWN
DOWN	dnf2_only	medtr.A17.gnm5.ann1_6.MtrunA17Chr8g0339501	MtrunA17Chr8g0339501	MtDefNS4|MtPDF7	symbiotic defensin 4|Plant Defensin 7	medtr.A17.gnm5.MtrunA17Chr8	-	3651177	3656184	0.210989794693232	1	NS	-2.50474098687591	0.000131899151708613	DOWN
DOWN	dnf2_only	medtr.A17.gnm5.ann1_6.MtrunA17Chr2g0310711	MtrunA17Chr2g0310711	MtNCR400	Nodule-specific Cysteine-Rich peptide	medtr.A17.gnm5.MtrunA17Chr2	-	33639013	33641379	-1.52477493699326	0.228612066946621	NS	-2.50326026205906	0.00380392706589605	DOWN
DOWN	dnf2_only	medtr.A17.gnm5.ann1_6.MtrunA17Chr8g0339601	MtrunA17Chr8g0339601			medtr.A17.gnm5.MtrunA17Chr8	-	3684112	3685566	-0.180648284190721	1	NS	-2.50110942269085	0.0143264847519651	DOWN
DOWN	dnf2_only	medtr.A17.gnm5.ann1_6.MtrunA17Chr1g0181461	MtrunA17Chr1g0181461			medtr.A17.gnm5.MtrunA17Chr1	-	32544297	32547303	-0.275196637925126	1	NS	-2.49902969714684	0.000166005895740537	DOWN
DOWN	dnf2_only	medtr.A17.gnm5.ann1_6.MtrunA17Chr3g0080251	MtrunA17Chr3g0080251			medtr.A17.gnm5.MtrunA17Chr3	-	2485625	2486816	-2.03926199445695	0.141040914600152	NS	-2.4969809183893	0.032833426142212	DOWN
DOWN	dnf2_only	medtr.A17.gnm5.ann1_6.MtrunA17Chr7g0240611	MtrunA17Chr7g0240611			medtr.A17.gnm5.MtrunA17Chr7	+	30385195	30386221	-0.645049915426968	1	NS	-2.49547095424121	6.42983422165387e-05	DOWN
DOWN	dnf2_only	medtr.A17.gnm5.ann1_6.MtrunA17Chr3g0116891	MtrunA17Chr3g0116891			medtr.A17.gnm5.MtrunA17Chr3	-	37995496	37998670	-2.12541558681978	0.0942212053773734	NS	-2.49317812129785	0.0240016097437915	DOWN
DOWN	dnf2_only	medtr.A17.gnm5.ann1_6.MtrunA17Chr5g0441751	MtrunA17Chr5g0441751	7SL RNA-1	7SL RNA	medtr.A17.gnm5.MtrunA17Chr5	-	40032478	40032783	2.26917747677205	0.00418413848485793	UP	-2.49294654294246	0.0176651429742894	DOWN
DOWN	dnf2_only	medtr.A17.gnm5.ann1_6.MtrunA17Chr4g0027901	MtrunA17Chr4g0027901			medtr.A17.gnm5.MtrunA17Chr4	-	28984057	28984405	-0.318080218194512	1	NS	-2.48852024193141	0.0256735435884731	DOWN
DOWN	dnf2_only	medtr.A17.gnm5.ann1_6.MtrunA17Chr5g0424911	MtrunA17Chr5g0424911	MtNCR291	Nodule-specific Cysteine-Rich peptide	medtr.A17.gnm5.MtrunA17Chr5	+	26959385	26960329	-1.18206759849709	0.66473988249844	NS	-2.48748180532915	0.0160063638046793	DOWN
DOWN	dnf2_only	medtr.A17.gnm5.ann1_6.MtrunA17Chr8g0335261	MtrunA17Chr8g0335261			medtr.A17.gnm5.MtrunA17Chr8	+	799668	806694	-0.120263173418983	1	NS	-2.4871680549499	0.00186302088726487	DOWN
DOWN	dnf2_only	medtr.A17.gnm5.ann1_6.MtrunA17Chr5g0420681	MtrunA17Chr5g0420681			medtr.A17.gnm5.MtrunA17Chr5	-	21121140	21123404	-0.0542877783153411	1	NS	-2.48639500446779	0.0137292952614065	DOWN
DOWN	dnf2_only	medtr.A17.gnm5.ann1_6.MtrunA17Chr1g0194231	MtrunA17Chr1g0194231			medtr.A17.gnm5.MtrunA17Chr1	+	42449354	42452504	0.647620860442745	1	NS	-2.48622517589913	0.0135698494016313	DOWN
DOWN	dnf2_only	medtr.A17.gnm5.ann1_6.MtrunA17Chr1g0168921	MtrunA17Chr1g0168921	MtNCR375	Nodule-specific Cysteine-Rich peptide	medtr.A17.gnm5.MtrunA17Chr1	-	17722357	17725089	-0.485111992176121	1	NS	-2.48538560778186	4.46035994306783e-05	DOWN
DOWN	dnf2_only	medtr.A17.gnm5.ann1_6.MtrunA17Chr7g0226771	MtrunA17Chr7g0226771			medtr.A17.gnm5.MtrunA17Chr7	-	11916491	11921754	-0.381237237302475	1	NS	-2.48527861115518	0.0100689403609621	DOWN
DOWN	dnf2_only	medtr.A17.gnm5.ann1_6.MtrunA17Chr2g0300381	MtrunA17Chr2g0300381	MtNCR254	Nodule-specific Cysteine-Rich peptide	medtr.A17.gnm5.MtrunA17Chr2	+	18165120	18166765	-1.59950863165461	0.169658597131497	NS	-2.48326566768322	0.00349606018503584	DOWN
DOWN	dnf2_only	medtr.A17.gnm5.ann1_6.MtrunA17Chr4g0027881	MtrunA17Chr4g0027881	MtNCR636	Nodule-specific Cysteine-Rich peptide	medtr.A17.gnm5.MtrunA17Chr4	+	28974750	28976193	-0.308713552836663	1	NS	-2.48283157002894	0.00212882150664302	DOWN
DOWN	dnf2_only	medtr.A17.gnm5.ann1_6.MtrunA17Chr2g0321051	MtrunA17Chr2g0321051			medtr.A17.gnm5.MtrunA17Chr2	-	42149608	42150919	-0.424250771124167	1	NS	-2.48202942919078	0.0184381250745048	DOWN
DOWN	dnf2_only	medtr.A17.gnm5.ann1_6.MtrunA17Chr5g0432461	MtrunA17Chr5g0432461			medtr.A17.gnm5.MtrunA17Chr5	-	33169437	33170655	-1.26246112994255	0.43755376196788	NS	-2.47967702653193	0.00123550322818877	DOWN
DOWN	dnf2_only	medtr.A17.gnm5.ann1_6.MtrunA17Chr3g0112931	MtrunA17Chr3g0112931			medtr.A17.gnm5.MtrunA17Chr3	+	34783139	34785158	-0.826758036209482	1	NS	-2.47736162000777	0.000779038718033511	DOWN
DOWN	dnf2_only	medtr.A17.gnm5.ann1_6.MtrunA17Chr5g0424321	MtrunA17Chr5g0424321	MtNCR382	Nodule-specific Cysteine-Rich peptide	medtr.A17.gnm5.MtrunA17Chr5	+	26282802	26284347	-1.38825777630974	0.36163354403269	NS	-2.47677302208894	0.00506524767055736	DOWN
DOWN	dnf2_only	medtr.A17.gnm5.ann1_6.MtrunA17Chr3g0110631	MtrunA17Chr3g0110631	MtNCR085	Nodule-specific Cysteine-Rich peptide	medtr.A17.gnm5.MtrunA17Chr3	-	33189990	33191322	-0.303320461215348	1	NS	-2.47642165121455	0.00178926773778219	DOWN
DOWN	dnf2_only	medtr.A17.gnm5.ann1_6.MtrunA17Chr8g0381081	MtrunA17Chr8g0381081			medtr.A17.gnm5.MtrunA17Chr8	-	41236459	41239751	-1.29194802779485	0.307072041866234	NS	-2.47629276688948	0.000212605853449703	DOWN
DOWN	dnf2_only	medtr.A17.gnm5.ann1_6.MtrunA17Chr3g0083981	MtrunA17Chr3g0083981	MtNCR155	Nodule-specific Cysteine-Rich peptide	medtr.A17.gnm5.MtrunA17Chr3	+	5546514	5548206	-0.578384324340141	1	NS	-2.47589424811306	0.014674433026112	DOWN
DOWN	dnf2_only	medtr.A17.gnm5.ann1_6.MtrunA17Chr7g0219981	MtrunA17Chr7g0219981			medtr.A17.gnm5.MtrunA17Chr7	-	5328803	5330908	0.163241202252124	1	NS	-2.47370000765183	0.00308073372882844	DOWN
DOWN	dnf2_only	medtr.A17.gnm5.ann1_6.MtrunA17Chr3g0084981	MtrunA17Chr3g0084981	MtNCR188	Nodule-specific Cysteine-Rich peptide	medtr.A17.gnm5.MtrunA17Chr3	+	6361043	6361763	-1.26397775813252	0.434941535151777	NS	-2.47283631125159	0.0013080027977362	DOWN
DOWN	dnf2_only	medtr.A17.gnm5.ann1_6.MtrunA17Chr6g0475981	MtrunA17Chr6g0475981			medtr.A17.gnm5.MtrunA17Chr6	+	30665774	30666610	-1.01314676400759	0.879427956520579	NS	-2.47214838330807	0.0227618810509232	DOWN
DOWN	dnf2_only	medtr.A17.gnm5.ann1_6.MtrunA17Chr7g0244411	MtrunA17Chr7g0244411			medtr.A17.gnm5.MtrunA17Chr7	-	33615130	33621134	1.08145730511498	0.79482112627105	NS	-2.47148276449162	0.0338485227239681	DOWN
DOWN	dnf2_only	medtr.A17.gnm5.ann1_6.MtrunA17Chr2g0303801	MtrunA17Chr2g0303801			medtr.A17.gnm5.MtrunA17Chr2	-	21587789	21588324	-0.455763052589807	1	NS	-2.46838673878896	0.017161942585773	DOWN
DOWN	dnf2_only	medtr.A17.gnm5.ann1_6.MtrunA17Chr7g0220031	MtrunA17Chr7g0220031	MtNCR289	Nodule-specific Cysteine-Rich peptide	medtr.A17.gnm5.MtrunA17Chr7	-	5421961	5422954	-1.34640024976914	0.476403753712946	NS	-2.46819182837291	0.0143922661433498	DOWN
DOWN	dnf2_only	medtr.A17.gnm5.ann1_6.MtrunA17Chr3g0110091	MtrunA17Chr3g0110091			medtr.A17.gnm5.MtrunA17Chr3	-	32841278	32844019	-0.577150485783249	1	NS	-2.46809706315829	0.0123565508394769	DOWN
DOWN	dnf2_only	medtr.A17.gnm5.ann1_6.MtrunA17Chr2g0311901	MtrunA17Chr2g0311901	MtNodGRP3C	Nodule-specific Glycine-rich	medtr.A17.gnm5.MtrunA17Chr2	-	34839500	34842537	0.260457984438101	1	NS	-2.46761452164514	0.000447209018743354	DOWN
DOWN	dnf2_only	medtr.A17.gnm5.ann1_6.MtrunA17Chr2g0289591	MtrunA17Chr2g0289591			medtr.A17.gnm5.MtrunA17Chr2	-	9076821	9078325	-1.10256714111968	0.708204243233003	NS	-2.46596957252102	0.00308583825928781	DOWN
DOWN	dnf2_only	medtr.A17.gnm5.ann1_6.MtrunA17Chr1g0157241	MtrunA17Chr1g0157241			medtr.A17.gnm5.MtrunA17Chr1	-	8519634	8520517	0.333273995439673	1	NS	-2.46364196076844	2.01136652498241e-05	DOWN
DOWN	dnf2_only	medtr.A17.gnm5.ann1_6.MtrunA17Chr8g0357541	MtrunA17Chr8g0357541			medtr.A17.gnm5.MtrunA17Chr8	+	19515019	19515675	-0.676975669473005	1	NS	-2.46288738068108	0.000951252150540488	DOWN
DOWN	dnf2_only	medtr.A17.gnm5.ann1_6.MtrunA17Chr7g0225421	MtrunA17Chr7g0225421			medtr.A17.gnm5.MtrunA17Chr7	-	10488745	10491174	-0.041083288396719	1	NS	-2.46092412880259	0.000506462979807415	DOWN
DOWN	dnf2_only	medtr.A17.gnm5.ann1_6.MtrunA17Chr1g0157231	MtrunA17Chr1g0157231			medtr.A17.gnm5.MtrunA17Chr1	-	8515795	8519632	0.131615402332364	1	NS	-2.45696301056287	1.64742907371782e-05	DOWN
DOWN	dnf2_only	medtr.A17.gnm5.ann1_6.MtrunA17Chr7g0253931	MtrunA17Chr7g0253931			medtr.A17.gnm5.MtrunA17Chr7	-	40298374	40299592	-0.374302233597706	1	NS	-2.45683046379073	0.00889362307748802	DOWN
DOWN	dnf2_only	medtr.A17.gnm5.ann1_6.MtrunA17Chr1g0193711	MtrunA17Chr1g0193711			medtr.A17.gnm5.MtrunA17Chr1	+	42094192	42098069	-0.659840492713371	1	NS	-2.45649492684924	0.00146619351125565	DOWN
DOWN	dnf2_only	medtr.A17.gnm5.ann1_6.MtrunA17Chr3g0083601	MtrunA17Chr3g0083601			medtr.A17.gnm5.MtrunA17Chr3	-	5211852	5213172	-2.30801388132001	0.0598984990921192	NS	-2.45468301845328	0.0244307106957916	DOWN
DOWN	dnf2_only	medtr.A17.gnm5.ann1_6.MtrunA17Chr1g0184241	MtrunA17Chr1g0184241			medtr.A17.gnm5.MtrunA17Chr1	-	34782185	34785501	-1.54804452490565	0.132366292289645	NS	-2.45418338019427	0.000909215910235078	DOWN
DOWN	dnf2_only	medtr.A17.gnm5.ann1_6.MtrunA17Chr8g0381031	MtrunA17Chr8g0381031			medtr.A17.gnm5.MtrunA17Chr8	-	41197465	41205769	1.10745480261137	0.728543814126905	NS	-2.45251780869008	0.00632060847024606	DOWN
DOWN	dnf2_only	medtr.A17.gnm5.ann1_6.MtrunA17Chr1g0176691	MtrunA17Chr1g0176691			medtr.A17.gnm5.MtrunA17Chr1	+	28225747	28227335	-0.00318646684415786	1	NS	-2.45140481730206	0.0160750256863223	DOWN
DOWN	dnf2_only	medtr.A17.gnm5.ann1_6.MtrunA17Chr6g0475461	MtrunA17Chr6g0475461			medtr.A17.gnm5.MtrunA17Chr6	-	29728521	29729313	-1.07912704656182	0.786823737702254	NS	-2.45129602563011	0.0221747205274316	DOWN
DOWN	dnf2_only	medtr.A17.gnm5.ann1_6.MtrunA17Chr2g0311911	MtrunA17Chr2g0311911	MtNodGRP3B	Nodule-specific Glycine-rich	medtr.A17.gnm5.MtrunA17Chr2	-	34846240	34847381	0.595196070108195	1	NS	-2.45086945688585	0.00186027394095747	DOWN
DOWN	dnf2_only	medtr.A17.gnm5.ann1_6.MtrunA17Chr7g0240701	MtrunA17Chr7g0240701			medtr.A17.gnm5.MtrunA17Chr7	-	30417500	30420186	0.85153184432958	1	NS	-2.44739990804344	5.56201101472736e-05	DOWN
DOWN	dnf2_only	medtr.A17.gnm5.ann1_6.MtrunA17Chr3g0080421	MtrunA17Chr3g0080421			medtr.A17.gnm5.MtrunA17Chr3	+	2620208	2627271	-1.38538615222547	0.225082288425915	NS	-2.44665707956578	0.000413883029732737	DOWN
DOWN	dnf2_only	medtr.A17.gnm5.ann1_6.MtrunA17Chr1g0204951	MtrunA17Chr1g0204951	MtHAG4	Histone acetyltransferase of the GNAT family	medtr.A17.gnm5.MtrunA17Chr1	-	50310024	50311093	-0.304251085926369	1	NS	-2.44543586331389	0.0101924068426128	DOWN
DOWN	dnf2_only	medtr.A17.gnm5.ann1_6.MtrunA17Chr6g0475621	MtrunA17Chr6g0475621	MtNCR013	Nodule-specific Cysteine-Rich peptide	medtr.A17.gnm5.MtrunA17Chr6	-	30130625	30132274	-1.66968873328568	0.180962761124064	NS	-2.44482211919866	0.00983760218933912	DOWN
DOWN	dnf2_only	medtr.A17.gnm5.ann1_6.MtrunA17Chr7g0237541	MtrunA17Chr7g0237541	MtNCR300	Nodule-specific Cysteine-Rich peptide	medtr.A17.gnm5.MtrunA17Chr7	+	27669537	27674154	-0.226772017481704	1	NS	-2.44301228352442	0.000112783755770896	DOWN
DOWN	dnf2_only	medtr.A17.gnm5.ann1_6.MtrunA17Chr6g0473891	MtrunA17Chr6g0473891	MtNCR011	Nodule-specific Cysteine-Rich peptide	medtr.A17.gnm5.MtrunA17Chr6	-	27333308	27340936	-0.803788094835417	1	NS	-2.44280859870028	0.047455979477012	DOWN
DOWN	dnf2_only	medtr.A17.gnm5.ann1_6.MtrunA17Chr2g0303781	MtrunA17Chr2g0303781			medtr.A17.gnm5.MtrunA17Chr2	-	21584420	21587150	-1.11955173052829	0.656354000466181	NS	-2.44190743215015	0.00105518090472796	DOWN
DOWN	dnf2_only	medtr.A17.gnm5.ann1_6.MtrunA17Chr3g0141881	MtrunA17Chr3g0141881			medtr.A17.gnm5.MtrunA17Chr3	+	55971950	55973092	0.939663995452538	1	NS	-2.4409819528811	0.000808184369449936	DOWN
DOWN	dnf2_only	medtr.A17.gnm5.ann1_6.MtrunA17Chr8g0353071	MtrunA17Chr8g0353071	MtNRPE1	RNA PolV	medtr.A17.gnm5.MtrunA17Chr8	+	14824865	14844181	-0.77017186254947	1	NS	-2.43953110120802	0.000509938707776899	DOWN
DOWN	dnf2_only	medtr.A17.gnm5.ann1_6.MtrunA17Chr6g0487511	MtrunA17Chr6g0487511	MtNCR219	Nodule-specific Cysteine-Rich peptide	medtr.A17.gnm5.MtrunA17Chr6	-	41862471	41866762	-0.33658866461079	1	NS	-2.43909296704962	0.0123324445361731	DOWN
DOWN	dnf2_only	medtr.A17.gnm5.ann1_6.MtrunA17Chr8g0376611	MtrunA17Chr8g0376611			medtr.A17.gnm5.MtrunA17Chr8	-	38146671	38149721	-0.740472500930267	1	NS	-2.43726847958058	0.00185156716837254	DOWN
DOWN	dnf2_only	medtr.A17.gnm5.ann1_6.MtrunA17Chr4g0031351	MtrunA17Chr4g0031351	MtNCR107	Nodule-specific Cysteine-Rich peptide	medtr.A17.gnm5.MtrunA17Chr4	-	31767576	31769225	-1.19493013110865	0.557378684194801	NS	-2.43707532757036	0.00248060634302771	DOWN
DOWN	dnf2_only	medtr.A17.gnm5.ann1_6.MtrunA17Chr5g0425211	MtrunA17Chr5g0425211	MtNCR089	Nodule-specific Cysteine-Rich peptide	medtr.A17.gnm5.MtrunA17Chr5	+	27231805	27233796	-0.20489153708614	1	NS	-2.43500794485384	0.00242479994680187	DOWN
DOWN	dnf2_only	medtr.A17.gnm5.ann1_6.MtrunA17Chr4g0009351	MtrunA17Chr4g0009351			medtr.A17.gnm5.MtrunA17Chr4	+	7305832	7307402	-0.091925182582907	1	NS	-2.43394795214167	0.00944653190544966	DOWN
DOWN	dnf2_only	medtr.A17.gnm5.ann1_6.MtrunA17Chr3g0100401	MtrunA17Chr3g0100401			medtr.A17.gnm5.MtrunA17Chr3	+	25025680	25026063	-1.07440268632131	0.695166897531622	NS	-2.43385085601467	0.000198460722859125	DOWN
DOWN	dnf2_only	medtr.A17.gnm5.ann1_6.MtrunA17Chr6g0487861	MtrunA17Chr6g0487861			medtr.A17.gnm5.MtrunA17Chr6	+	42005622	42009091	-1.59126180357486	0.31059278672665	NS	-2.43152960442948	0.0300414062299233	DOWN
DOWN	dnf2_only	medtr.A17.gnm5.ann1_6.MtrunA17Chr2g0306111	MtrunA17Chr2g0306111			medtr.A17.gnm5.MtrunA17Chr2	-	27249972	27253490	0.089604985579555	1	NS	-2.43126320002655	0.0094020199377026	DOWN
DOWN	dnf2_only	medtr.A17.gnm5.ann1_6.MtrunA17Chr3g0083431	MtrunA17Chr3g0083431			medtr.A17.gnm5.MtrunA17Chr3	-	5010462	5011190	1.36841108563935	0.268922206301739	NS	-2.42686034191339	0.00109828014262249	DOWN
DOWN	dnf2_only	medtr.A17.gnm5.ann1_6.MtrunA17Chr5g0432691	MtrunA17Chr5g0432691			medtr.A17.gnm5.MtrunA17Chr5	-	33335188	33335878	-2.19890171303146	0.0848281044713891	NS	-2.42300694357294	0.0301041035567292	DOWN
DOWN	dnf2_only	medtr.A17.gnm5.ann1_6.MtrunA17Chr1g0170851	MtrunA17Chr1g0170851	MtLb10|MtLb2	leghemoglobin10	medtr.A17.gnm5.MtrunA17Chr1	-	19593572	19596516	-0.599873108648386	1	NS	-2.42276217102291	0.00308572246672894	DOWN
DOWN	dnf2_only	medtr.A17.gnm5.ann1_6.MtrunA17Chr4g0028551	MtrunA17Chr4g0028551	MtNRT2.1	nitrate transporter 2.1	medtr.A17.gnm5.MtrunA17Chr4	-	29478959	29481123	1.03199626868427	0.810955592837884	NS	-2.42134768688408	0.00432619607849245	DOWN
DOWN	dnf2_only	medtr.A17.gnm5.ann1_6.MtrunA17Chr6g0462041	MtrunA17Chr6g0462041			medtr.A17.gnm5.MtrunA17Chr6	-	11167003	11171674	-0.37375607105261	1	NS	-2.42125188294096	8.49705818259323e-05	DOWN
DOWN	dnf2_only	medtr.A17.gnm5.ann1_6.MtrunA17Chr3g0125861	MtrunA17Chr3g0125861	MtSWEET1b|MtSWEET1.2	sucrose transporter	medtr.A17.gnm5.MtrunA17Chr3	-	44283794	44286616	-1.42454322343448	0.283453294011466	NS	-2.42100884201	0.00321132107448296	DOWN
DOWN	dnf2_only	medtr.A17.gnm5.ann1_6.MtrunA17Chr3g0120011	MtrunA17Chr3g0120011			medtr.A17.gnm5.MtrunA17Chr3	+	40171709	40173925	-0.866620039783596	1	NS	-2.41949041110031	0.0205124334883863	DOWN
DOWN	dnf2_only	medtr.A17.gnm5.ann1_6.MtrunA17Chr3g0119071	MtrunA17Chr3g0119071	MtRTL1b	RIBONUCLEASE THREE-LIKE 1b	medtr.A17.gnm5.MtrunA17Chr3	-	39538992	39551583	-0.583467109651352	1	NS	-2.41604760920361	1.85703583466865e-06	DOWN
DOWN	dnf2_only	medtr.A17.gnm5.ann1_6.MtrunA17Chr2g0303061	MtrunA17Chr2g0303061			medtr.A17.gnm5.MtrunA17Chr2	-	20679258	20680357	-1.19025457782521	0.534535917352948	NS	-2.41590997266094	0.00142995259398796	DOWN
DOWN	dnf2_only	medtr.A17.gnm5.ann1_6.MtrunA17Chr8g0337061	MtrunA17Chr8g0337061	MtPDF40	Plant Defensin	medtr.A17.gnm5.MtrunA17Chr8	-	2092905	2095406	-0.354195473486966	1	NS	-2.41184140759074	0.0487288434079225	DOWN
DOWN	dnf2_only	medtr.A17.gnm5.ann1_6.MtrunA17Chr3g0083441	MtrunA17Chr3g0083441			medtr.A17.gnm5.MtrunA17Chr3	+	5010828	5011010	1.39357171009346	0.323514516795161	NS	-2.40967911503845	0.0057258181992465	DOWN
DOWN	dnf2_only	medtr.A17.gnm5.ann1_6.MtrunA17Chr1g0212091	MtrunA17Chr1g0212091			medtr.A17.gnm5.MtrunA17Chr1	-	55460885	55462242	-0.648216950889841	1	NS	-2.40914123803741	0.00747812896080632	DOWN
DOWN	dnf2_only	medtr.A17.gnm5.ann1_6.MtrunA17Chr2g0332671	MtrunA17Chr2g0332671	MtNPD2	Nodule-specific PLAT-domain  2	medtr.A17.gnm5.MtrunA17Chr2	+	50730278	50731880	-1.14181797126998	0.501806423267392	NS	-2.40810390656153	4.47966407561332e-05	DOWN
DOWN	dnf2_only	medtr.A17.gnm5.ann1_6.MtrunA17Chr7g0215971	MtrunA17Chr7g0215971	MtNCR692	Nodule-specific Cysteine-Rich peptide	medtr.A17.gnm5.MtrunA17Chr7	-	1893416	1895246	-1.12437434554875	0.607070766822095	NS	-2.40790833890891	0.000319382924608581	DOWN
DOWN	dnf2_only	medtr.A17.gnm5.ann1_6.MtrunA17Chr5g0420651	MtrunA17Chr5g0420651	MtNCR009	Nodule-specific Cysteine-Rich peptide	medtr.A17.gnm5.MtrunA17Chr5	+	21104934	21109512	-0.644482070812092	1	NS	-2.40615842156913	0.0106842324876419	DOWN
DOWN	dnf2_only	medtr.A17.gnm5.ann1_6.MtrunA17Chr4g0006351	MtrunA17Chr4g0006351			medtr.A17.gnm5.MtrunA17Chr4	+	5019345	5020481	0.0945603936863937	1	NS	-2.40567889442268	0.0124308069514925	DOWN
DOWN	dnf2_only	medtr.A17.gnm5.ann1_6.MtrunA17Chr5g0448241	MtrunA17Chr5g0448241			medtr.A17.gnm5.MtrunA17Chr5	-	44320166	44321169	-1.22224500699608	0.618778676642191	NS	-2.40479968082319	0.0305813906007257	DOWN
DOWN	dnf2_only	medtr.A17.gnm5.ann1_6.MtrunA17Chr4g0022531	MtrunA17Chr4g0022531			medtr.A17.gnm5.MtrunA17Chr4	+	22277074	22280488	-1.59012826546548	0.13532703236521	NS	-2.40435167106675	0.00237767154733509	DOWN
DOWN	dnf2_only	medtr.A17.gnm5.ann1_6.MtrunA17Chr8g0365171	MtrunA17Chr8g0365171	MtNCR061	Nodule-specific Cysteine-Rich peptide	medtr.A17.gnm5.MtrunA17Chr8	+	29354354	29357090	0.445364589915069	1	NS	-2.4040393997071	0.000552031839685645	DOWN
DOWN	dnf2_only	medtr.A17.gnm5.ann1_6.MtrunA17Chr3g0141661	MtrunA17Chr3g0141661			medtr.A17.gnm5.MtrunA17Chr3	+	55799001	55800164	4.18306052762566	4.47533419986364e-05	UP	-2.40159868036643	0.0493999934280298	DOWN
DOWN	dnf2_only	medtr.A17.gnm5.ann1_6.MtrunA17Chr1g0179211	MtrunA17Chr1g0179211			medtr.A17.gnm5.MtrunA17Chr1	-	30585817	30590480	-0.392430207672918	1	NS	-2.40137879462285	0.000244442119970552	DOWN
DOWN	dnf2_only	medtr.A17.gnm5.ann1_6.MtrunA17Chr7g0218511	MtrunA17Chr7g0218511			medtr.A17.gnm5.MtrunA17Chr7	-	3812192	3814745	-0.821279229728812	1	NS	-2.40136262613014	0.033759973171728	DOWN
DOWN	dnf2_only	medtr.A17.gnm5.ann1_6.MtrunA17Chr1g0157851	MtrunA17Chr1g0157851			medtr.A17.gnm5.MtrunA17Chr1	+	8984135	8992819	1.57780303367911	0.132036451234562	NS	-2.39902527828284	0.0017803251842815	DOWN
DOWN	dnf2_only	medtr.A17.gnm5.ann1_6.MtrunA17Chr2g0299691	MtrunA17Chr2g0299691	MtPrx27	peroxidase	medtr.A17.gnm5.MtrunA17Chr2	-	17580850	17585159	-0.52993180062251	1	NS	-2.39837891609378	0.032833426142212	DOWN
DOWN	dnf2_only	medtr.A17.gnm5.ann1_6.MtrunA17Chr4g0055191	MtrunA17Chr4g0055191			medtr.A17.gnm5.MtrunA17Chr4	-	48894791	48896452	-1.31739258391636	0.456817774181939	NS	-2.38837805865424	0.00905971185182313	DOWN
DOWN	dnf2_only	medtr.A17.gnm5.ann1_6.MtrunA17Chr1g0148031	MtrunA17Chr1g0148031	MtAHA8	Plasma membrane proton pump	medtr.A17.gnm5.MtrunA17Chr1	-	1525557	1534763	-0.894321860369882	1	NS	-2.38618546094316	7.20764506999693e-05	DOWN
DOWN	dnf2_only	medtr.A17.gnm5.ann1_6.MtrunA17Chr3g0083781	MtrunA17Chr3g0083781			medtr.A17.gnm5.MtrunA17Chr3	+	5347317	5352726	-0.188066572204641	1	NS	-2.38417414087727	0.00029555287149678	DOWN
DOWN	dnf2_only	medtr.A17.gnm5.ann1_6.MtrunA17Chr3g0145041	MtrunA17Chr3g0145041			medtr.A17.gnm5.MtrunA17Chr3	+	58261474	58264990	-1.15542171628943	0.53958902438119	NS	-2.37849164339938	0.000425890336600653	DOWN
DOWN	dnf2_only	medtr.A17.gnm5.ann1_6.MtrunA17Chr7g0216241	MtrunA17Chr7g0216241	MtNCR473	Nodule-specific Cysteine-Rich peptide	medtr.A17.gnm5.MtrunA17Chr7	-	2007832	2008093	-0.715642382287818	1	NS	-2.37647323613511	0.0135698494016313	DOWN
DOWN	dnf2_only	medtr.A17.gnm5.ann1_6.MtrunA17Chr3g0095761	MtrunA17Chr3g0095761			medtr.A17.gnm5.MtrunA17Chr3	+	19289999	19290481	0.463610844304368	1	NS	-2.3760155749139	0.00747812896080632	DOWN
DOWN	dnf2_only	medtr.A17.gnm5.ann1_6.MtrunA17Chr1g0204321	MtrunA17Chr1g0204321			medtr.A17.gnm5.MtrunA17Chr1	+	49858329	49861668	-0.625649794926035	1	NS	-2.3754200304819	0.0436275257557018	DOWN
DOWN	dnf2_only	medtr.A17.gnm5.ann1_6.MtrunA17Chr1g0179291	MtrunA17Chr1g0179291			medtr.A17.gnm5.MtrunA17Chr1	+	30631399	30633382	-1.79808407123518	0.0589493150983908	NS	-2.37534439558594	0.00293403194495026	DOWN
DOWN	dnf2_only	medtr.A17.gnm5.ann1_6.MtrunA17Chr6g0479931	MtrunA17Chr6g0479931	MtNCR-new59	Nodule-specific Cysteine-Rich peptide	medtr.A17.gnm5.MtrunA17Chr6	-	34673225	34676056	-1.3376489000689	0.480542753809093	NS	-2.37482448064537	0.0225077991545813	DOWN
DOWN	dnf2_only	medtr.A17.gnm5.ann1_6.MtrunA17Chr8g0393121	MtrunA17Chr8g0393121			medtr.A17.gnm5.MtrunA17Chr8	+	49504182	49510410	-0.894444198321766	1	NS	-2.37251423975389	4.29281557392225e-05	DOWN
DOWN	dnf2_only	medtr.A17.gnm5.ann1_6.MtrunA17Chr4g0019271	MtrunA17Chr4g0019271			medtr.A17.gnm5.MtrunA17Chr4	-	14594049	14597191	-0.259782062400606	1	NS	-2.37242712606873	0.00412692668841721	DOWN
DOWN	dnf2_only	medtr.A17.gnm5.ann1_6.MtrunA17Chr6g0477891	MtrunA17Chr6g0477891			medtr.A17.gnm5.MtrunA17Chr6	+	32647280	32648964	-1.03843082506054	0.828497003773133	NS	-2.37228248100345	0.030818768552332	DOWN
DOWN	dnf2_only	medtr.A17.gnm5.ann1_6.MtrunA17Chr7g0216451	MtrunA17Chr7g0216451			medtr.A17.gnm5.MtrunA17Chr7	+	2134186	2138102	-1.14951027127591	0.683827332638688	NS	-2.37057747002768	0.0130691882996102	DOWN
DOWN	dnf2_only	medtr.A17.gnm5.ann1_6.MtrunA17Chr3g0104511	MtrunA17Chr3g0104511			medtr.A17.gnm5.MtrunA17Chr3	-	28598734	28602616	-0.984650849199734	0.912026789295991	NS	-2.36917910776545	0.00950579582808954	DOWN
DOWN	dnf2_only	medtr.A17.gnm5.ann1_6.MtrunA17Chr6g0464471	MtrunA17Chr6g0464471	MtNCR069	Nodule-specific Cysteine-Rich peptide	medtr.A17.gnm5.MtrunA17Chr6	-	13669629	13674500	-1.24966050459916	0.608729451388584	NS	-2.36844671300942	0.0295249932329145	DOWN
DOWN	dnf2_only	medtr.A17.gnm5.ann1_6.MtrunA17Chr2g0304551	MtrunA17Chr2g0304551			medtr.A17.gnm5.MtrunA17Chr2	+	22968744	22969999	-0.807699909179874	1	NS	-2.36461746750216	0.0106842324876419	DOWN
DOWN	dnf2_only	medtr.A17.gnm5.ann1_6.MtrunA17Chr7g0239721	MtrunA17Chr7g0239721	MtP5CS2	Delta-1-pyrroline-5-carboxylate synthase2 (proline biosynthesis)	medtr.A17.gnm5.MtrunA17Chr7	-	29669737	29678965	-0.122109252319542	1	NS	-2.36284029371444	0.0085515491103342	DOWN
DOWN	dnf2_only	medtr.A17.gnm5.ann1_6.MtrunA17Chr2g0304451	MtrunA17Chr2g0304451			medtr.A17.gnm5.MtrunA17Chr2	-	22641482	22644746	-0.973295811495134	0.941600402525425	NS	-2.36275679459569	0.000488253488149994	DOWN
DOWN	dnf2_only	medtr.A17.gnm5.ann1_6.MtrunA17Chr2g0294121	MtrunA17Chr2g0294121			medtr.A17.gnm5.MtrunA17Chr2	+	12872010	12873030	1.82378852238899	0.11705615167785	NS	-2.36217498069925	0.0171107773225976	DOWN
DOWN	dnf2_only	medtr.A17.gnm5.ann1_6.MtrunA17Chr1g0170581	MtrunA17Chr1g0170581			medtr.A17.gnm5.MtrunA17Chr1	-	19340566	19342466	0.967457826809948	0.937371316962814	NS	-2.35846448129653	0.0119315683046174	DOWN
DOWN	dnf2_only	medtr.A17.gnm5.ann1_6.MtrunA17Chr1g0211571	MtrunA17Chr1g0211571			medtr.A17.gnm5.MtrunA17Chr1	-	55089761	55091220	-0.336951747933928	1	NS	-2.35562197370839	0.0207328366002457	DOWN
DOWN	dnf2_only	medtr.A17.gnm5.ann1_6.MtrunA17Chr3g0136031	MtrunA17Chr3g0136031			medtr.A17.gnm5.MtrunA17Chr3	-	51755907	51756724	-0.502591633239422	1	NS	-2.35560773979498	0.0330177478910182	DOWN
DOWN	dnf2_only	medtr.A17.gnm5.ann1_6.MtrunA17Chr3g0099011	MtrunA17Chr3g0099011			medtr.A17.gnm5.MtrunA17Chr3	-	23826337	23827079	-0.912893515157804	1	NS	-2.35503282546962	0.0189461633515547	DOWN
DOWN	dnf2_only	medtr.A17.gnm5.ann1_6.MtrunA17Chr5g0438391	MtrunA17Chr5g0438391	MtNodGRP1E	Nodule-specific Glycine-rich	medtr.A17.gnm5.MtrunA17Chr5	-	37555638	37556566	0.293159331775418	1	NS	-2.35385744754409	0.00947085052952938	DOWN
DOWN	dnf2_only	medtr.A17.gnm5.ann1_6.MtrunA17Chr8g0379881	MtrunA17Chr8g0379881			medtr.A17.gnm5.MtrunA17Chr8	+	40328868	40329752	-0.601166249308966	1	NS	-2.35084009585348	0.0123325755524248	DOWN
DOWN	dnf2_only	medtr.A17.gnm5.ann1_6.MtrunA17Chr4g0047721	MtrunA17Chr4g0047721			medtr.A17.gnm5.MtrunA17Chr4	-	43630885	43631713	-1.1335395393255	0.619326575463787	NS	-2.35021914133283	0.00222699638163338	DOWN
DOWN	dnf2_only	medtr.A17.gnm5.ann1_6.MtrunA17Chr1g0190891	MtrunA17Chr1g0190891			medtr.A17.gnm5.MtrunA17Chr1	-	40015457	40020048	-1.19303062284275	0.53435402194837	NS	-2.34980499345142	0.00212123831104371	DOWN
DOWN	dnf2_only	medtr.A17.gnm5.ann1_6.MtrunA17Chr7g0273231	MtrunA17Chr7g0273231			medtr.A17.gnm5.MtrunA17Chr7	+	54007034	54026184	0.133082138612284	1	NS	-2.34442079864141	6.61795970771475e-05	DOWN
DOWN	dnf2_only	medtr.A17.gnm5.ann1_6.MtrunA17Chr4g0029781	MtrunA17Chr4g0029781	MtNCR145	Nodule-specific Cysteine-Rich peptide	medtr.A17.gnm5.MtrunA17Chr4	+	30513961	30515651	-0.479079841011759	1	NS	-2.33921973530081	0.00115074299321252	DOWN
DOWN	dnf2_only	medtr.A17.gnm5.ann1_6.MtrunA17Chr6g0457071	MtrunA17Chr6g0457071			medtr.A17.gnm5.MtrunA17Chr6	+	6864420	6865415	-1.64385830589631	0.29363992511718	NS	-2.33728506922798	0.0452596795993388	DOWN
DOWN	dnf2_only	medtr.A17.gnm5.ann1_6.MtrunA17Chr5g0405631	MtrunA17Chr5g0405631			medtr.A17.gnm5.MtrunA17Chr5	+	8842941	8845164	0.996447080954871	0.88878034193469	NS	-2.33706082773496	0.00357994804584687	DOWN
DOWN	dnf2_only	medtr.A17.gnm5.ann1_6.MtrunA17Chr5g0401281	MtrunA17Chr5g0401281			medtr.A17.gnm5.MtrunA17Chr5	+	5488724	5494540	0.501348650277558	1	NS	-2.33553583154271	0.00609924306064225	DOWN
DOWN	dnf2_only	medtr.A17.gnm5.ann1_6.MtrunA17Chr6g0450371	MtrunA17Chr6g0450371			medtr.A17.gnm5.MtrunA17Chr6	+	1136801	1138558	0.389825453984733	1	NS	-2.33530900763188	0.000324498607670276	DOWN
DOWN	dnf2_only	medtr.A17.gnm5.ann1_6.MtrunA17Chr1g0197531	MtrunA17Chr1g0197531	MtLb8|MtLb4	leghemoglobin8	medtr.A17.gnm5.MtrunA17Chr1	-	44681931	44684423	-0.423527526489941	1	NS	-2.33348201698857	0.00185942851681555	DOWN
DOWN	dnf2_only	medtr.A17.gnm5.ann1_6.MtrunA17Chr2g0303071	MtrunA17Chr2g0303071	MtNCR102	Nodule-specific Cysteine-Rich peptide	medtr.A17.gnm5.MtrunA17Chr2	-	20680359	20681283	-1.01906659448963	0.845326221674496	NS	-2.33239999176715	0.0013080027977362	DOWN
DOWN	dnf2_only	medtr.A17.gnm5.ann1_6.MtrunA17Chr8g0378571	MtrunA17Chr8g0378571			medtr.A17.gnm5.MtrunA17Chr8	-	39576702	39578547	0.529875523433212	1	NS	-2.33145684310491	0.000729273459922677	DOWN
DOWN	dnf2_only	medtr.A17.gnm5.ann1_6.MtrunA17Chr2g0315891	MtrunA17Chr2g0315891			medtr.A17.gnm5.MtrunA17Chr2	+	38110596	38116554	1.37026684048175	0.179357094875835	NS	-2.33035749090843	0.000212605853449703	DOWN
DOWN	dnf2_only	medtr.A17.gnm5.ann1_6.MtrunA17Chr4g0032641	MtrunA17Chr4g0032641	MtNCR333	Nodule-specific Cysteine-Rich peptide	medtr.A17.gnm5.MtrunA17Chr4	-	32714227	32716794	-1.42287068590826	0.342323898346663	NS	-2.33019085990119	0.0111885933447706	DOWN
DOWN	dnf2_only	medtr.A17.gnm5.ann1_6.MtrunA17Chr2g0314621	MtrunA17Chr2g0314621	MtTPS4	trehalose phosphate synthase 4	medtr.A17.gnm5.MtrunA17Chr2	-	37024384	37041452	-1.52200835336194	0.139925136672687	NS	-2.32869351521056	0.00145252649350573	DOWN
DOWN	dnf2_only	medtr.A17.gnm5.ann1_6.MtrunA17Chr6g0487581	MtrunA17Chr6g0487581	MtNCR510	Nodule-specific Cysteine-Rich peptide	medtr.A17.gnm5.MtrunA17Chr6	+	41935842	41937891	-0.378675978588821	1	NS	-2.3261590906835	0.00383145055804142	DOWN
DOWN	dnf2_only	medtr.A17.gnm5.ann1_6.MtrunA17Chr6g0475751	MtrunA17Chr6g0475751	MtNCR067	Nodule-specific Cysteine-Rich peptide	medtr.A17.gnm5.MtrunA17Chr6	-	30351678	30361625	-0.272193336531389	1	NS	-2.32605104883387	0.0193564913500667	DOWN
DOWN	dnf2_only	medtr.A17.gnm5.ann1_6.MtrunA17Chr7g0226871	MtrunA17Chr7g0226871			medtr.A17.gnm5.MtrunA17Chr7	+	11978056	11980311	-0.390012003435765	1	NS	-2.3252906498325	0.0107352719737887	DOWN
DOWN	dnf2_only	medtr.A17.gnm5.ann1_6.MtrunA17Chr3g0144741	MtrunA17Chr3g0144741			medtr.A17.gnm5.MtrunA17Chr3	-	58047161	58050162	-1.25878734978824	0.509181828784653	NS	-2.32415644503313	0.00880910754592549	DOWN
DOWN	dnf2_only	medtr.A17.gnm5.ann1_6.MtrunA17Chr4g0029481	MtrunA17Chr4g0029481			medtr.A17.gnm5.MtrunA17Chr4	-	30275772	30277242	0.257275370998133	1	NS	-2.32357014306649	0.000274719128573941	DOWN
DOWN	dnf2_only	medtr.A17.gnm5.ann1_6.MtrunA17Chr5g0399241	MtrunA17Chr5g0399241			medtr.A17.gnm5.MtrunA17Chr5	+	3837942	3840901	-0.413706036168426	1	NS	-2.32104784407229	0.000181118530158306	DOWN
DOWN	dnf2_only	medtr.A17.gnm5.ann1_6.MtrunA17Chr6g0487891	MtrunA17Chr6g0487891			medtr.A17.gnm5.MtrunA17Chr6	+	42018466	42021442	-0.0608424992969317	1	NS	-2.319342167344	0.00339450874274778	DOWN
DOWN	dnf2_only	medtr.A17.gnm5.ann1_6.MtrunA17Chr1g0169241	MtrunA17Chr1g0169241	MtNCR530	Nodule-specific Cysteine-Rich peptide	medtr.A17.gnm5.MtrunA17Chr1	-	17979392	17980998	-1.02534603625181	0.841912954295573	NS	-2.31792535166702	0.00412576761914323	DOWN
DOWN	dnf2_only	medtr.A17.gnm5.ann1_6.MtrunA17Chr4g0007971	MtrunA17Chr4g0007971	MtNCR613	Nodule-specific Cysteine-Rich peptide	medtr.A17.gnm5.MtrunA17Chr4	+	6223973	6224298	-0.976662064993685	0.919008623884944	NS	-2.31492604076629	0.0262978548251734	DOWN
DOWN	dnf2_only	medtr.A17.gnm5.ann1_6.MtrunA17Chr1g0150501	MtrunA17Chr1g0150501			medtr.A17.gnm5.MtrunA17Chr1	-	3500192	3501266	-1.29594782946854	0.538485696066127	NS	-2.31173515523031	0.0366341806075963	DOWN
DOWN	dnf2_only	medtr.A17.gnm5.ann1_6.MtrunA17Chr1g0148591	MtrunA17Chr1g0148591	MtNCR518	Nodule-specific Cysteine-Rich peptide	medtr.A17.gnm5.MtrunA17Chr1	-	1986111	1988449	-1.49068626097026	0.180439098016759	NS	-2.31126795195351	0.00232936274473347	DOWN
DOWN	dnf2_only	medtr.A17.gnm5.ann1_6.MtrunA17Chr1g0197631	MtrunA17Chr1g0197631			medtr.A17.gnm5.MtrunA17Chr1	-	44763404	44770290	0.119750150846385	1	NS	-2.31117888868275	0.00093750304942894	DOWN
DOWN	dnf2_only	medtr.A17.gnm5.ann1_6.MtrunA17Chr5g0423461	MtrunA17Chr5g0423461			medtr.A17.gnm5.MtrunA17Chr5	+	25254691	25255380	-2.31297976182813	0.051232540381022	NS	-2.31109811053467	0.0306947701144495	DOWN
DOWN	dnf2_only	medtr.A17.gnm5.ann1_6.MtrunA17Chr7g0222521	MtrunA17Chr7g0222521	MtNAD1	Nodules with Activated Defense 1	medtr.A17.gnm5.MtrunA17Chr7	+	7752816	7760381	-1.1720060772328	0.463222801237539	NS	-2.31086601875858	0.000173853814308269	DOWN
DOWN	dnf2_only	medtr.A17.gnm5.ann1_6.MtrunA17Chr7g0253061	MtrunA17Chr7g0253061			medtr.A17.gnm5.MtrunA17Chr7	+	39796007	39798469	1.91430951016663	0.0253859201336797	UP	-2.30894181887425	0.0179986531726914	DOWN
DOWN	dnf2_only	medtr.A17.gnm5.ann1_6.MtrunA17Chr7g0235251	MtrunA17Chr7g0235251			medtr.A17.gnm5.MtrunA17Chr7	-	25630479	25635610	-1.00969530555464	0.854335800866733	NS	-2.30855836290773	0.000261564344475379	DOWN
DOWN	dnf2_only	medtr.A17.gnm5.ann1_6.MtrunA17Chr2g0283711	MtrunA17Chr2g0283711	MtT5L1a|MtbHLH-656	TMO5-LIKE1a (bHLH transcription factor)	medtr.A17.gnm5.MtrunA17Chr2	-	4788335	4790389	-0.617203087034772	1	NS	-2.30785027858286	0.00889362307748802	DOWN
DOWN	dnf2_only	medtr.A17.gnm5.ann1_6.MtrunA17Chr1g0185401	MtrunA17Chr1g0185401			medtr.A17.gnm5.MtrunA17Chr1	+	35858872	35859779	-0.497928071250912	1	NS	-2.30558045030402	0.0357307028352328	DOWN
DOWN	dnf2_only	medtr.A17.gnm5.ann1_6.MtrunA17Chr5g0424081	MtrunA17Chr5g0424081			medtr.A17.gnm5.MtrunA17Chr5	-	26002231	26003518	-0.640612767546219	1	NS	-2.30266888322151	0.00346207508623362	DOWN
DOWN	dnf2_only	medtr.A17.gnm5.ann1_6.MtrunA17Chr6g0473701	MtrunA17Chr6g0473701	MtMATE57	multidrug and toxic compound extrusion family	medtr.A17.gnm5.MtrunA17Chr6	-	26905582	26907725	0.338898651996237	1	NS	-2.30206502492967	0.00272882579002095	DOWN
DOWN	dnf2_only	medtr.A17.gnm5.ann1_6.MtrunA17Chr5g0423101	MtrunA17Chr5g0423101	MtNCR094	Nodule-specific Cysteine-Rich peptide	medtr.A17.gnm5.MtrunA17Chr5	-	24843552	24844766	-0.361263102053468	1	NS	-2.300353904967	0.00537975518662359	DOWN
DOWN	dnf2_only	medtr.A17.gnm5.ann1_6.MtrunA17Chr2g0313991	MtrunA17Chr2g0313991			medtr.A17.gnm5.MtrunA17Chr2	+	36615554	36618774	-0.386350213678271	1	NS	-2.29476131935009	0.00525159512204691	DOWN
DOWN	dnf2_only	medtr.A17.gnm5.ann1_6.MtrunA17Chr7g0216121	MtrunA17Chr7g0216121	MtNCR-new66	Nodule-specific Cysteine-Rich peptide	medtr.A17.gnm5.MtrunA17Chr7	-	1953593	1961245	-1.22358397457856	0.563487860188281	NS	-2.29291030337103	0.0140188062564602	DOWN
DOWN	dnf2_only	medtr.A17.gnm5.ann1_6.MtrunA17Chr4g0050931	MtrunA17Chr4g0050931			medtr.A17.gnm5.MtrunA17Chr4	+	45698573	45707319	-0.734765070348592	1	NS	-2.29112468243955	0.0201136218071359	DOWN
DOWN	dnf2_only	medtr.A17.gnm5.ann1_6.MtrunA17Chr5g0425861	MtrunA17Chr5g0425861	MtNCR316	Nodule-specific Cysteine-Rich peptide	medtr.A17.gnm5.MtrunA17Chr5	+	27867357	27868899	-1.41993051021168	0.341003904018586	NS	-2.28972211964341	0.0127608905427522	DOWN
DOWN	dnf2_only	medtr.A17.gnm5.ann1_6.MtrunA17Chr2g0313581	MtrunA17Chr2g0313581			medtr.A17.gnm5.MtrunA17Chr2	-	36268160	36269152	-1.8242999019964	0.184603087588717	NS	-2.28628178206924	0.0411245791999498	DOWN
DOWN	dnf2_only	medtr.A17.gnm5.ann1_6.MtrunA17Chr5g0424061	MtrunA17Chr5g0424061	MtNCR363	Nodule-specific Cysteine-Rich peptide	medtr.A17.gnm5.MtrunA17Chr5	-	25995241	25997668	-0.807163526621757	1	NS	-2.28364095105218	0.019463161557092	DOWN
DOWN	dnf2_only	medtr.A17.gnm5.ann1_6.MtrunA17Chr1g0169251	MtrunA17Chr1g0169251			medtr.A17.gnm5.MtrunA17Chr1	+	17980219	17980827	-0.995877033460481	0.889129621895673	NS	-2.28230590477584	0.00371239333785325	DOWN
DOWN	dnf2_only	medtr.A17.gnm5.ann1_6.MtrunA17Chr3g0092581	MtrunA17Chr3g0092581			medtr.A17.gnm5.MtrunA17Chr3	+	14116054	14118769	-0.124307104086183	1	NS	-2.28019529998211	0.00932167765711651	DOWN
DOWN	dnf2_only	medtr.A17.gnm5.ann1_6.MtrunA17Chr3g0110281	MtrunA17Chr3g0110281			medtr.A17.gnm5.MtrunA17Chr3	+	33015074	33018132	-0.146765339158735	1	NS	-2.27753589233238	0.00264613940542222	DOWN
DOWN	dnf2_only	medtr.A17.gnm5.ann1_6.MtrunA17Chr1g0199791	MtrunA17Chr1g0199791			medtr.A17.gnm5.MtrunA17Chr1	-	46491208	46492672	-0.730947751350987	1	NS	-2.27546720943069	0.0404661978826737	DOWN
DOWN	dnf2_only	medtr.A17.gnm5.ann1_6.MtrunA17Chr3g0099801	MtrunA17Chr3g0099801			medtr.A17.gnm5.MtrunA17Chr3	-	24533715	24536426	-1.26840179703531	0.538370482675986	NS	-2.27243901832178	0.02865760308436	DOWN
DOWN	dnf2_only	medtr.A17.gnm5.ann1_6.MtrunA17Chr6g0475051	MtrunA17Chr6g0475051			medtr.A17.gnm5.MtrunA17Chr6	+	29191849	29194050	0.13405678135868	1	NS	-2.27037436940029	0.00858783879353422	DOWN
DOWN	dnf2_only	medtr.A17.gnm5.ann1_6.MtrunA17Chr2g0296871	MtrunA17Chr2g0296871			medtr.A17.gnm5.MtrunA17Chr2	+	15150586	15154959	1.8849559541142	0.00355502546551673	UP	-2.26169462795841	0.00023957048497531	DOWN
DOWN	dnf2_only	medtr.A17.gnm5.ann1_6.MtrunA17Chr4g0041841	MtrunA17Chr4g0041841			medtr.A17.gnm5.MtrunA17Chr4	-	39363697	39367892	-1.36855463024627	0.174771863012917	NS	-2.25906251194135	0.000281376577888909	DOWN
DOWN	dnf2_only	medtr.A17.gnm5.ann1_6.MtrunA17Chr4g0029541	MtrunA17Chr4g0029541	MtNCR140	Nodule-specific Cysteine-Rich peptide	medtr.A17.gnm5.MtrunA17Chr4	+	30304819	30310037	0.0380156610540988	1	NS	-2.25836775822203	0.000275018338091862	DOWN
DOWN	dnf2_only	medtr.A17.gnm5.ann1_6.MtrunA17Chr4g0005761	MtrunA17Chr4g0005761	MtNCR357	Nodule-specific Cysteine-Rich peptide	medtr.A17.gnm5.MtrunA17Chr4	-	4489966	4490847	-2.10212087779461	0.0602968155177259	NS	-2.25446271537156	0.0300467351238304	DOWN
DOWN	dnf2_only	medtr.A17.gnm5.ann1_6.MtrunA17Chr1g0166701	MtrunA17Chr1g0166701			medtr.A17.gnm5.MtrunA17Chr1	+	16068861	16071273	-1.33536835862018	0.273911908414607	NS	-2.25377878500011	0.00123188085324274	DOWN
DOWN	dnf2_only	medtr.A17.gnm5.ann1_6.MtrunA17Chr7g0215181	MtrunA17Chr7g0215181	MtCYP735A28	Cytochrome P450 monooxygenase	medtr.A17.gnm5.MtrunA17Chr7	+	1341402	1346735	-0.119792664012478	1	NS	-2.25113164089684	0.0393352348191357	DOWN
DOWN	dnf2_only	medtr.A17.gnm5.ann1_6.MtrunA17Chr6g0460491	MtrunA17Chr6g0460491	MtNCR017	Nodule-specific Cysteine-Rich peptide	medtr.A17.gnm5.MtrunA17Chr6	+	9691514	9693288	-1.57821437710466	0.120950305763297	NS	-2.24976075377107	0.00306543857195982	DOWN
DOWN	dnf2_only	medtr.A17.gnm5.ann1_6.MtrunA17Chr4g0041211	MtrunA17Chr4g0041211			medtr.A17.gnm5.MtrunA17Chr4	+	38956518	38960677	1.28204760934222	0.364939066091692	NS	-2.24694025146941	0.00525855557052887	DOWN
DOWN	dnf2_only	medtr.A17.gnm5.ann1_6.MtrunA17Chr8g0375631	MtrunA17Chr8g0375631			medtr.A17.gnm5.MtrunA17Chr8	+	37391816	37403992	0.0278744335521682	1	NS	-2.24541819403025	0.00357668202295012	DOWN
DOWN	dnf2_only	medtr.A17.gnm5.ann1_6.MtrunA17Chr8g0336591	MtrunA17Chr8g0336591			medtr.A17.gnm5.MtrunA17Chr8	-	1765801	1767805	0.0932092455115419	1	NS	-2.24361410194801	2.20065795863628e-05	DOWN
DOWN	dnf2_only	medtr.A17.gnm5.ann1_6.MtrunA17Chr1g0166791	MtrunA17Chr1g0166791	MtNPF5.12	NRT1/ PTR FAMILY|nitrate transporter / peptide transporter	medtr.A17.gnm5.MtrunA17Chr1	+	16125123	16131047	-0.0263099034333131	1	NS	-2.24014781794366	0.000132874422976601	DOWN
DOWN	dnf2_only	medtr.A17.gnm5.ann1_6.MtrunA17Chr4g0029411	MtrunA17Chr4g0029411	MtNCR429	Nodule-specific Cysteine-Rich peptide	medtr.A17.gnm5.MtrunA17Chr4	-	30257497	30260164	-0.108419838165188	1	NS	-2.23804814359818	0.00093961932857016	DOWN
DOWN	dnf2_only	medtr.A17.gnm5.ann1_6.MtrunA17Chr4g0057511	MtrunA17Chr4g0057511			medtr.A17.gnm5.MtrunA17Chr4	-	50711315	50714386	0.291862101722381	1	NS	-2.23709705643128	0.00106752707881795	DOWN
DOWN	dnf2_only	medtr.A17.gnm5.ann1_6.MtrunA17Chr6g0453021	MtrunA17Chr6g0453021			medtr.A17.gnm5.MtrunA17Chr6	-	3280019	3283568	0.213404850215043	1	NS	-2.23694749768214	0.00969645526745813	DOWN
DOWN	dnf2_only	medtr.A17.gnm5.ann1_6.MtrunA17Chr5g0446191	MtrunA17Chr5g0446191			medtr.A17.gnm5.MtrunA17Chr5	-	42897779	42907914	-1.22815758705264	0.320392405648806	NS	-2.23478545490273	0.000126483027109012	DOWN
DOWN	dnf2_only	medtr.A17.gnm5.ann1_6.MtrunA17Chr7g0253891	MtrunA17Chr7g0253891			medtr.A17.gnm5.MtrunA17Chr7	+	40291372	40294386	3.1302755117159	0.00176276437893566	UP	-2.23351670349082	0.0274529970381216	DOWN
DOWN	dnf2_only	medtr.A17.gnm5.ann1_6.MtrunA17Chr6g0464951	MtrunA17Chr6g0464951			medtr.A17.gnm5.MtrunA17Chr6	-	14137695	14138665	-0.00106949175185702	1	NS	-2.23219768830471	0.0123242813997522	DOWN
DOWN	dnf2_only	medtr.A17.gnm5.ann1_6.MtrunA17Chr4g0021591	MtrunA17Chr4g0021591	MtNCR491	Nodule-specific Cysteine-Rich peptide	medtr.A17.gnm5.MtrunA17Chr4	-	19930658	19932920	0.957127594359395	0.959746986422187	NS	-2.22989402571396	0.00872313822690808	DOWN
DOWN	dnf2_only	medtr.A17.gnm5.ann1_6.MtrunA17Chr6g0475041	MtrunA17Chr6g0475041			medtr.A17.gnm5.MtrunA17Chr6	+	29189222	29191847	0.0170409679460912	1	NS	-2.22717457084138	0.00871913596640125	DOWN
DOWN	dnf2_only	medtr.A17.gnm5.ann1_6.MtrunA17Chr3g0094201	MtrunA17Chr3g0094201			medtr.A17.gnm5.MtrunA17Chr3	-	16672056	16674496	-0.533242126493085	1	NS	-2.2251752011831	0.00307403788621298	DOWN
DOWN	dnf2_only	medtr.A17.gnm5.ann1_6.MtrunA17Chr3g0083131	MtrunA17Chr3g0083131	MtNCR301	Nodule-specific Cysteine-Rich peptide	medtr.A17.gnm5.MtrunA17Chr3	-	4826894	4828195	-1.61319897967777	0.243553520740115	NS	-2.22463899190179	0.0311488587860172	DOWN
DOWN	dnf2_only	medtr.A17.gnm5.ann1_6.MtrunA17Chr7g0216051	MtrunA17Chr7g0216051	MtNCR042	Nodule-specific Cysteine-Rich peptide	medtr.A17.gnm5.MtrunA17Chr7	+	1933013	1934559	-0.346184024589461	1	NS	-2.22170884717659	0.019416455290262	DOWN
DOWN	dnf2_only	medtr.A17.gnm5.ann1_6.MtrunA17Chr4g0034551	MtrunA17Chr4g0034551			medtr.A17.gnm5.MtrunA17Chr4	-	34151920	34153327	-1.23344342377264	0.56947429811049	NS	-2.22097248428118	0.0244950834436273	DOWN
DOWN	dnf2_only	medtr.A17.gnm5.ann1_6.MtrunA17Chr4g0076511	MtrunA17Chr4g0076511			medtr.A17.gnm5.MtrunA17Chr4	+	64343245	64348102	-0.870282561800118	1	NS	-2.21875715209705	0.0469470226620376	DOWN
DOWN	dnf2_only	medtr.A17.gnm5.ann1_6.MtrunA17Chr1g0154411	MtrunA17Chr1g0154411			medtr.A17.gnm5.MtrunA17Chr1	-	6627961	6633180	-1.00275699652251	0.872604437958222	NS	-2.21777142621679	0.000132348589633815	DOWN
DOWN	dnf2_only	medtr.A17.gnm5.ann1_6.MtrunA17Chr6g0466131	MtrunA17Chr6g0466131			medtr.A17.gnm5.MtrunA17Chr6	+	15191417	15198720	-0.872391376304287	1	NS	-2.21243092542609	0.0457253799789156	DOWN
DOWN	dnf2_only	medtr.A17.gnm5.ann1_6.MtrunA17Chr1g0146591	MtrunA17Chr1g0146591			medtr.A17.gnm5.MtrunA17Chr1	-	435512	440555	0.664274664930147	1	NS	-2.20747726209462	0.000419516009931752	DOWN
DOWN	dnf2_only	medtr.A17.gnm5.ann1_6.MtrunA17Chr3g0124381	MtrunA17Chr3g0124381	MtSULTR2.1	sulfate transporter	medtr.A17.gnm5.MtrunA17Chr3	+	43198309	43205836	-0.410562256458863	1	NS	-2.20528609294657	0.00323315836809997	DOWN
DOWN	dnf2_only	medtr.A17.gnm5.ann1_6.MtrunA17Chr5g0435991	MtrunA17Chr5g0435991	MtLb9|MtLb11	leghemoglobin9	medtr.A17.gnm5.MtrunA17Chr5	+	35883836	35885764	-0.210472663632163	1	NS	-2.2048225598346	0.00199843095944569	DOWN
DOWN	dnf2_only	medtr.A17.gnm5.ann1_6.MtrunA17Chr2g0314511	MtrunA17Chr2g0314511	MtNCR179	Nodule-specific Cysteine-Rich peptide	medtr.A17.gnm5.MtrunA17Chr2	-	36942652	36944306	-1.93990449076662	0.0990134217581973	NS	-2.20421156789215	0.0348739666438369	DOWN
DOWN	dnf2_only	medtr.A17.gnm5.ann1_6.MtrunA17Chr1g0200121	MtrunA17Chr1g0200121			medtr.A17.gnm5.MtrunA17Chr1	-	46733049	46739733	0.131340407696074	1	NS	-2.19673172263174	4.22397315895648e-06	DOWN
DOWN	dnf2_only	medtr.A17.gnm5.ann1_6.MtrunA17Chr2g0302891	MtrunA17Chr2g0302891	MtNCR305b	Nodule-specific Cysteine-Rich peptide	medtr.A17.gnm5.MtrunA17Chr2	+	20521830	20523555	0.0793074802637658	1	NS	-2.19634938937074	6.72477346469876e-05	DOWN
DOWN	dnf2_only	medtr.A17.gnm5.ann1_6.MtrunA17Chr5g0415141	MtrunA17Chr5g0415141			medtr.A17.gnm5.MtrunA17Chr5	+	16070357	16072269	-0.0733568283725831	1	NS	-2.1960791963583	0.0304484272467654	DOWN
DOWN	dnf2_only	medtr.A17.gnm5.ann1_6.MtrunA17Chr1g0157101	MtrunA17Chr1g0157101			medtr.A17.gnm5.MtrunA17Chr1	-	8461050	8462597	0.788145095474469	1	NS	-2.19464965022694	0.0409659451049293	DOWN
DOWN	dnf2_only	medtr.A17.gnm5.ann1_6.MtrunA17Chr4g0054951	MtrunA17Chr4g0054951			medtr.A17.gnm5.MtrunA17Chr4	-	48701382	48707405	1.38433677076971	0.238798523636821	NS	-2.19451027762558	0.00692433827671543	DOWN
DOWN	dnf2_only	medtr.A17.gnm5.ann1_6.MtrunA17Chr3g0142261	MtrunA17Chr3g0142261			medtr.A17.gnm5.MtrunA17Chr3	+	56261805	56270140	-1.00649605502368	0.862037103602759	NS	-2.19350545945985	0.00026135046134551	DOWN
DOWN	dnf2_only	medtr.A17.gnm5.ann1_6.MtrunA17Chr3g0110861	MtrunA17Chr3g0110861			medtr.A17.gnm5.MtrunA17Chr3	+	33285468	33286847	0.368105834568102	1	NS	-2.19265060152899	0.000139328075106387	DOWN
DOWN	dnf2_only	medtr.A17.gnm5.ann1_6.MtrunA17Chr5g0424071	MtrunA17Chr5g0424071			medtr.A17.gnm5.MtrunA17Chr5	+	25999989	26003498	-1.01474845020908	0.858006029489684	NS	-2.19234593245075	0.0125083344851914	DOWN
DOWN	dnf2_only	medtr.A17.gnm5.ann1_6.MtrunA17Chr5g0425921	MtrunA17Chr5g0425921	MtNCR026	Nodule-specific Cysteine-Rich peptide	medtr.A17.gnm5.MtrunA17Chr5	+	27894834	27896202	-1.21252250847192	0.567366132336455	NS	-2.19066094082469	0.0154476905735767	DOWN
DOWN	dnf2_only	medtr.A17.gnm5.ann1_6.MtrunA17Chr6g0450531	MtrunA17Chr6g0450531			medtr.A17.gnm5.MtrunA17Chr6	+	1204435	1208140	0.973942481686631	0.937371316962814	NS	-2.18951788289461	0.00491053469989879	DOWN
DOWN	dnf2_only	medtr.A17.gnm5.ann1_6.MtrunA17Chr2g0289291	MtrunA17Chr2g0289291			medtr.A17.gnm5.MtrunA17Chr2	-	8912249	8914393	-0.975239494708061	0.921344959514678	NS	-2.18636554469476	0.0297111757123741	DOWN
DOWN	dnf2_only	medtr.A17.gnm5.ann1_6.MtrunA17Chr5g0420661	MtrunA17Chr5g0420661			medtr.A17.gnm5.MtrunA17Chr5	+	21111965	21115359	-0.219918533687896	1	NS	-2.18597189169944	0.000140520763690281	DOWN
DOWN	dnf2_only	medtr.A17.gnm5.ann1_6.MtrunA17Chr7g0214801	MtrunA17Chr7g0214801			medtr.A17.gnm5.MtrunA17Chr7	+	1054581	1062142	-0.369522734273609	1	NS	-2.18520775136215	0.000510493531729202	DOWN
DOWN	dnf2_only	medtr.A17.gnm5.ann1_6.MtrunA17Chr3g0144731	MtrunA17Chr3g0144731			medtr.A17.gnm5.MtrunA17Chr3	-	58045250	58047159	-1.30532638933466	0.200069027398199	NS	-2.17892861018455	0.000176940473404631	DOWN
DOWN	dnf2_only	medtr.A17.gnm5.ann1_6.MtrunA17Chr2g0330861	MtrunA17Chr2g0330861			medtr.A17.gnm5.MtrunA17Chr2	+	49410407	49411526	-0.0968828546015009	1	NS	-2.17776622101863	0.0031676323140436	DOWN
DOWN	dnf2_only	medtr.A17.gnm5.ann1_6.MtrunA17Chr7g0226641	MtrunA17Chr7g0226641	MtNCR-new73	Nodule-specific Cysteine-Rich peptide	medtr.A17.gnm5.MtrunA17Chr7	+	11819404	11821272	-0.414589654793351	1	NS	-2.17761425460417	0.00354196092321745	DOWN
DOWN	dnf2_only	medtr.A17.gnm5.ann1_6.MtrunA17Chr1g0167561	MtrunA17Chr1g0167561			medtr.A17.gnm5.MtrunA17Chr1	-	16466224	16467198	-1.23244459298212	0.482785821185546	NS	-2.17718828690803	0.00637833861850201	DOWN
DOWN	dnf2_only	medtr.A17.gnm5.ann1_6.MtrunA17Chr4g0009361	MtrunA17Chr4g0009361			medtr.A17.gnm5.MtrunA17Chr4	+	7307404	7310526	0.000264860665721957	1	NS	-2.16894118331011	0.00200885751921213	DOWN
DOWN	dnf2_only	medtr.A17.gnm5.ann1_6.MtrunA17Chr8g0355021	MtrunA17Chr8g0355021			medtr.A17.gnm5.MtrunA17Chr8	-	16540553	16546283	-0.0496707576351746	1	NS	-2.16763160529858	2.4831250264484e-05	DOWN
DOWN	dnf2_only	medtr.A17.gnm5.ann1_6.MtrunA17Chr3g0122801	MtrunA17Chr3g0122801	MtNCR417	Nodule-specific Cysteine-Rich peptide	medtr.A17.gnm5.MtrunA17Chr3	+	42196706	42197521	-0.603435715741767	1	NS	-2.16628915086484	0.00141398010469019	DOWN
DOWN	dnf2_only	medtr.A17.gnm5.ann1_6.MtrunA17Chr6g0455541	MtrunA17Chr6g0455541			medtr.A17.gnm5.MtrunA17Chr6	-	5623528	5625028	-1.46521552285029	0.104816258913271	NS	-2.16046005140352	0.000666701892535273	DOWN
DOWN	dnf2_only	medtr.A17.gnm5.ann1_6.MtrunA17Chr2g0308071	MtrunA17Chr2g0308071			medtr.A17.gnm5.MtrunA17Chr2	+	30669975	30670953	-0.21524655920598	1	NS	-2.15934662487739	0.0150191102126525	DOWN
DOWN	dnf2_only	medtr.A17.gnm5.ann1_6.MtrunA17Chr2g0308991	MtrunA17Chr2g0308991			medtr.A17.gnm5.MtrunA17Chr2	-	31803036	31804959	-1.54900535089413	0.209135498869331	NS	-2.15892277019983	0.0155303589514642	DOWN
DOWN	dnf2_only	medtr.A17.gnm5.ann1_6.MtrunA17Chr5g0441791	MtrunA17Chr5g0441791			medtr.A17.gnm5.MtrunA17Chr5	-	40049462	40049767	2.22627785540138	0.000860355687848102	UP	-2.15626600385442	0.00881458355427211	DOWN
DOWN	dnf2_only	medtr.A17.gnm5.ann1_6.MtrunA17Chr3g0128091	MtrunA17Chr3g0128091			medtr.A17.gnm5.MtrunA17Chr3	-	45985157	45987428	-1.71023471826535	0.0902431336388258	NS	-2.15296664185423	0.00932167765711651	DOWN
DOWN	dnf2_only	medtr.A17.gnm5.ann1_6.MtrunA17Chr4g0007911	MtrunA17Chr4g0007911	MtNCR354	Nodule-specific Cysteine-Rich peptide	medtr.A17.gnm5.MtrunA17Chr4	+	6189615	6190263	-1.49942033931481	0.336959668076478	NS	-2.15062881566062	0.0462045724513355	DOWN
DOWN	dnf2_only	medtr.A17.gnm5.ann1_6.MtrunA17Chr4g0074441	MtrunA17Chr4g0074441			medtr.A17.gnm5.MtrunA17Chr4	-	63086721	63090686	-1.31793258449163	0.122637419357244	NS	-2.14757828282872	5.02213359400635e-05	DOWN
DOWN	dnf2_only	medtr.A17.gnm5.ann1_6.MtrunA17Chr7g0231401	MtrunA17Chr7g0231401			medtr.A17.gnm5.MtrunA17Chr7	-	20951343	20960654	0.846826496751076	1	NS	-2.14706950712681	3.37128131566494e-05	DOWN
DOWN	dnf2_only	medtr.A17.gnm5.ann1_6.MtrunA17Chr2g0327581	MtrunA17Chr2g0327581			medtr.A17.gnm5.MtrunA17Chr2	-	47082366	47088741	-0.470205195537771	1	NS	-2.14503051922817	0.00465614013199544	DOWN
DOWN	dnf2_only	medtr.A17.gnm5.ann1_6.MtrunA17Chr8g0375671	MtrunA17Chr8g0375671			medtr.A17.gnm5.MtrunA17Chr8	-	37402639	37405540	-0.267472255303435	1	NS	-2.14478199753972	3.21879644667972e-05	DOWN
DOWN	dnf2_only	medtr.A17.gnm5.ann1_6.MtrunA17Chr1g0191331	MtrunA17Chr1g0191331			medtr.A17.gnm5.MtrunA17Chr1	-	40434003	40435815	-0.479093517174505	1	NS	-2.14081411034408	0.0359313724832386	DOWN
DOWN	dnf2_only	medtr.A17.gnm5.ann1_6.MtrunA17Chr6g0450351	MtrunA17Chr6g0450351	MtNCR450	Nodule-specific Cysteine-Rich peptide	medtr.A17.gnm5.MtrunA17Chr6	+	1131923	1136127	-0.141076016412148	1	NS	-2.14009105904644	0.0112790758242102	DOWN
DOWN	dnf2_only	medtr.A17.gnm5.ann1_6.MtrunA17Chr8g0377771	MtrunA17Chr8g0377771			medtr.A17.gnm5.MtrunA17Chr8	-	39015071	39018770	-0.776967966053671	1	NS	-2.13964014672205	0.0177882355987587	DOWN
DOWN	dnf2_only	medtr.A17.gnm5.ann1_6.MtrunA17Chr6g0452411	MtrunA17Chr6g0452411			medtr.A17.gnm5.MtrunA17Chr6	-	2790148	2792281	-0.530214497830101	1	NS	-2.13678165470562	0.00289131047692018	DOWN
DOWN	dnf2_only	medtr.A17.gnm5.ann1_6.MtrunA17Chr7g0225411	MtrunA17Chr7g0225411			medtr.A17.gnm5.MtrunA17Chr7	+	10488322	10489274	0.117354638944903	1	NS	-2.13471927707926	0.00234903551104923	DOWN
DOWN	dnf2_only	medtr.A17.gnm5.ann1_6.MtrunA17Chr4g0027651	MtrunA17Chr4g0027651			medtr.A17.gnm5.MtrunA17Chr4	+	28697934	28698979	-0.323326726608332	1	NS	-2.13456179475314	0.000990149589815824	DOWN
DOWN	dnf2_only	medtr.A17.gnm5.ann1_6.MtrunA17Chr7g0260311	MtrunA17Chr7g0260311			medtr.A17.gnm5.MtrunA17Chr7	-	45164929	45167895	-1.16368818306838	0.501806423267392	NS	-2.13312651106332	0.000904156042726556	DOWN
DOWN	dnf2_only	medtr.A17.gnm5.ann1_6.MtrunA17Chr4g0029421	MtrunA17Chr4g0029421			medtr.A17.gnm5.MtrunA17Chr4	+	30260422	30263235	-0.513624047641458	1	NS	-2.13037412634742	0.00157471105973164	DOWN
DOWN	dnf2_only	medtr.A17.gnm5.ann1_6.MtrunA17Chr3g0124281	MtrunA17Chr3g0124281	MtPLAT8	PLAT-domain  8	medtr.A17.gnm5.MtrunA17Chr3	-	43114481	43115826	-0.272028733124887	1	NS	-2.13000228513965	0.0171893357743653	DOWN
DOWN	dnf2_only	medtr.A17.gnm5.ann1_6.MtrunA17Chr6g0460971	MtrunA17Chr6g0460971			medtr.A17.gnm5.MtrunA17Chr6	-	10190095	10196462	2.61463581022853	0.00136633916438812	UP	-2.12820625741705	0.00947085052952938	DOWN
DOWN	dnf2_only	medtr.A17.gnm5.ann1_6.MtrunA17Chr6g0487601	MtrunA17Chr6g0487601	MtNCR511	Nodule-specific Cysteine-Rich peptide	medtr.A17.gnm5.MtrunA17Chr6	+	41943260	41944033	-0.0171796489082979	1	NS	-2.12427822112802	0.0018510218151312	DOWN
DOWN	dnf2_only	medtr.A17.gnm5.ann1_6.MtrunA17Chr3g0096101	MtrunA17Chr3g0096101			medtr.A17.gnm5.MtrunA17Chr3	+	19947467	19950989	-1.17165810086492	0.639757725424629	NS	-2.12193488432356	0.0297224143526565	DOWN
DOWN	dnf2_only	medtr.A17.gnm5.ann1_6.MtrunA17Chr3g0102491	MtrunA17Chr3g0102491	MtNodGRP21	Nodule-specific Glycine-rich	medtr.A17.gnm5.MtrunA17Chr3	+	27021272	27022348	0.725870917075369	1	NS	-2.12075494542206	0.00179759608333212	DOWN
DOWN	dnf2_only	medtr.A17.gnm5.ann1_6.MtrunA17Chr3g0110521	MtrunA17Chr3g0110521			medtr.A17.gnm5.MtrunA17Chr3	+	33155921	33157568	0.025363042605157	1	NS	-2.1202396461983	0.0156997836156152	DOWN
DOWN	dnf2_only	medtr.A17.gnm5.ann1_6.MtrunA17Chr2g0306331	MtrunA17Chr2g0306331	MtNCR-new6	Nodule-specific Cysteine-Rich peptide	medtr.A17.gnm5.MtrunA17Chr2	-	27630349	27634609	-1.16751038162976	0.657052060315866	NS	-2.11634847980895	0.0330027323561818	DOWN
DOWN	dnf2_only	medtr.A17.gnm5.ann1_6.MtrunA17Chr3g0112611	MtrunA17Chr3g0112611	MtNPF5.23	NRT1/ PTR FAMILY|nitrate transporter / peptide transporter	medtr.A17.gnm5.MtrunA17Chr3	-	34550109	34553598	-0.252137546553791	1	NS	-2.11450530586235	0.00362742248621929	DOWN
DOWN	dnf2_only	medtr.A17.gnm5.ann1_6.MtrunA17Chr4g0036351	MtrunA17Chr4g0036351			medtr.A17.gnm5.MtrunA17Chr4	+	35431382	35435440	0.311132354904161	1	NS	-2.11014514665887	0.0216663234525977	DOWN
DOWN	dnf2_only	medtr.A17.gnm5.ann1_6.MtrunA17Chr3g0081421	MtrunA17Chr3g0081421			medtr.A17.gnm5.MtrunA17Chr3	-	3407419	3416458	-0.678214684173829	1	NS	-2.10918412892517	0.00404636586991163	DOWN
DOWN	dnf2_only	medtr.A17.gnm5.ann1_6.MtrunA17Chr3g0086721	MtrunA17Chr3g0086721	MtNCR584	Nodule-specific Cysteine-Rich peptide	medtr.A17.gnm5.MtrunA17Chr3	-	8214178	8215609	-1.38776504331359	0.326388950043833	NS	-2.10803421838493	0.0155329795552471	DOWN
DOWN	dnf2_only	medtr.A17.gnm5.ann1_6.MtrunA17Chr1g0153241	MtrunA17Chr1g0153241			medtr.A17.gnm5.MtrunA17Chr1	+	5811409	5815303	-1.2332948864926	0.45892650181746	NS	-2.10410456658098	0.00651211214097997	DOWN
DOWN	dnf2_only	medtr.A17.gnm5.ann1_6.MtrunA17Chr4g0028071	MtrunA17Chr4g0028071			medtr.A17.gnm5.MtrunA17Chr4	-	29045235	29048029	-0.827226729677372	1	NS	-2.10347977832369	0.00272882579002095	DOWN
DOWN	dnf2_only	medtr.A17.gnm5.ann1_6.MtrunA17Chr6g0474431	MtrunA17Chr6g0474431	MtNCR684	Nodule-specific Cysteine-Rich peptide	medtr.A17.gnm5.MtrunA17Chr6	-	28315443	28317549	-1.66206381915005	0.12649324269577	NS	-2.10215083501489	0.0158707659662452	DOWN
DOWN	dnf2_only	medtr.A17.gnm5.ann1_6.MtrunA17Chr5g0438631	MtrunA17Chr5g0438631			medtr.A17.gnm5.MtrunA17Chr5	+	37775131	37777478	-1.59269399562183	0.11816631633786	NS	-2.09953807405208	0.00747812896080632	DOWN
DOWN	dnf2_only	medtr.A17.gnm5.ann1_6.MtrunA17Chr5g0429391	MtrunA17Chr5g0429391			medtr.A17.gnm5.MtrunA17Chr5	+	30803463	30807002	-0.249348716996156	1	NS	-2.09784718867749	0.0170975434474136	DOWN
DOWN	dnf2_only	medtr.A17.gnm5.ann1_6.MtrunA17Chr7g0273381	MtrunA17Chr7g0273381			medtr.A17.gnm5.MtrunA17Chr7	-	54084287	54086380	0.692553587579818	1	NS	-2.09760128783438	0.0408018313343029	DOWN
DOWN	dnf2_only	medtr.A17.gnm5.ann1_6.MtrunA17Chr3g0119211	MtrunA17Chr3g0119211			medtr.A17.gnm5.MtrunA17Chr3	-	39633643	39638391	1.28728232329626	0.387617866147066	NS	-2.09747876775661	0.0289403490506392	DOWN
DOWN	dnf2_only	medtr.A17.gnm5.ann1_6.MtrunA17Chr6g0475031	MtrunA17Chr6g0475031			medtr.A17.gnm5.MtrunA17Chr6	+	29186999	29189218	-0.146390070484361	1	NS	-2.0964741060862	0.0464482307501603	DOWN
DOWN	dnf2_only	medtr.A17.gnm5.ann1_6.MtrunA17Chr8g0381051	MtrunA17Chr8g0381051			medtr.A17.gnm5.MtrunA17Chr8	+	41212920	41216760	-1.51965660344814	0.305339590318824	NS	-2.09600062508801	0.04716695428407	DOWN
DOWN	dnf2_only	medtr.A17.gnm5.ann1_6.MtrunA17Chr4g0018061	MtrunA17Chr4g0018061	MtNCR306	Nodule-specific Cysteine-Rich peptide	medtr.A17.gnm5.MtrunA17Chr4	-	13202607	13206542	-0.103454880110604	1	NS	-2.09095941746393	0.00361730314956938	DOWN
DOWN	dnf2_only	medtr.A17.gnm5.ann1_6.MtrunA17Chr4g0031571	MtrunA17Chr4g0031571			medtr.A17.gnm5.MtrunA17Chr4	+	31965213	31968265	0.278107447358631	1	NS	-2.08666495153612	0.0225077991545813	DOWN
DOWN	dnf2_only	medtr.A17.gnm5.ann1_6.MtrunA17Chr8g0375801	MtrunA17Chr8g0375801			medtr.A17.gnm5.MtrunA17Chr8	-	37470827	37471293	0.746062097779311	1	NS	-2.08528189198779	0.0124666103676754	DOWN
DOWN	dnf2_only	medtr.A17.gnm5.ann1_6.MtrunA17Chr5g0431511	MtrunA17Chr5g0431511	MtCYP83G2	Cytochrome P450 monooxygenase	medtr.A17.gnm5.MtrunA17Chr5	-	32363837	32366581	-0.834041540390169	1	NS	-2.08238411541346	0.013509032604052	DOWN
DOWN	dnf2_only	medtr.A17.gnm5.ann1_6.MtrunA17Chr5g0404531	MtrunA17Chr5g0404531			medtr.A17.gnm5.MtrunA17Chr5	-	7992667	7997383	-0.328586532215017	1	NS	-2.08055935019744	0.0382578641580546	DOWN
DOWN	dnf2_only	medtr.A17.gnm5.ann1_6.MtrunA17Chr4g0031581	MtrunA17Chr4g0031581			medtr.A17.gnm5.MtrunA17Chr4	-	31967582	31968027	0.483589223196674	1	NS	-2.07910940934413	0.00611945324430396	DOWN
DOWN	dnf2_only	medtr.A17.gnm5.ann1_6.MtrunA17Chr4g0035451	MtrunA17Chr4g0035451			medtr.A17.gnm5.MtrunA17Chr4	+	34858372	34870764	-0.558117431852692	1	NS	-2.07908531435306	0.00383030193139603	DOWN
DOWN	dnf2_only	medtr.A17.gnm5.ann1_6.MtrunA17Chr2g0324891	MtrunA17Chr2g0324891			medtr.A17.gnm5.MtrunA17Chr2	-	44931662	44935910	0.698312695308379	1	NS	-2.07897315229883	0.000813766147843464	DOWN
DOWN	dnf2_only	medtr.A17.gnm5.ann1_6.MtrunA17Chr3g0107021	MtrunA17Chr3g0107021			medtr.A17.gnm5.MtrunA17Chr3	-	30609671	30612830	-0.475881054072419	1	NS	-2.07655187834874	0.000126483027109012	DOWN
DOWN	dnf2_only	medtr.A17.gnm5.ann1_6.MtrunA17Chr7g0232141	MtrunA17Chr7g0232141	MtNCR022	Nodule-specific Cysteine-Rich peptide	medtr.A17.gnm5.MtrunA17Chr7	-	21976403	21978241	-0.528959844136856	1	NS	-2.07455878275355	0.00773336645803138	DOWN
DOWN	dnf2_only	medtr.A17.gnm5.ann1_6.MtrunA17Chr4g0028081	MtrunA17Chr4g0028081			medtr.A17.gnm5.MtrunA17Chr4	+	29047019	29048027	-0.733757438521684	1	NS	-2.0686224977695	0.00319913996328212	DOWN
DOWN	dnf2_only	medtr.A17.gnm5.ann1_6.MtrunA17Chr1g0158371	MtrunA17Chr1g0158371	MtNCR522	Nodule-specific Cysteine-Rich peptide	medtr.A17.gnm5.MtrunA17Chr1	-	9334003	9335198	-0.66335661784616	1	NS	-2.06833490690389	0.00300099006547019	DOWN
DOWN	dnf2_only	medtr.A17.gnm5.ann1_6.MtrunA17Chr6g0480571	MtrunA17Chr6g0480571	MtNCR-new61	Nodule-specific Cysteine-Rich peptide	medtr.A17.gnm5.MtrunA17Chr6	+	35306683	35309903	-0.938396261387921	0.976943444553643	NS	-2.06787692021826	0.0467938815677034	DOWN
DOWN	dnf2_only	medtr.A17.gnm5.ann1_6.MtrunA17Chr4g0057881	MtrunA17Chr4g0057881			medtr.A17.gnm5.MtrunA17Chr4	+	50962844	50963624	-0.893321940480396	1	NS	-2.06361884444299	0.0237385896076362	DOWN
DOWN	dnf2_only	medtr.A17.gnm5.ann1_6.MtrunA17Chr5g0433571	MtrunA17Chr5g0433571			medtr.A17.gnm5.MtrunA17Chr5	+	33984113	33985000	-0.00437006719032004	1	NS	-2.06231058203683	0.0480064725413756	DOWN
DOWN	dnf2_only	medtr.A17.gnm5.ann1_6.MtrunA17Chr5g0425941	MtrunA17Chr5g0425941	MtNCR088	Nodule-specific Cysteine-Rich peptide	medtr.A17.gnm5.MtrunA17Chr5	+	27901645	27903522	-1.00118844209215	0.881807362613328	NS	-2.06155597430108	0.0171267296244268	DOWN
DOWN	dnf2_only	medtr.A17.gnm5.ann1_6.MtrunA17Chr1g0205231	MtrunA17Chr1g0205231			medtr.A17.gnm5.MtrunA17Chr1	-	50524636	50529866	-0.290049035627101	1	NS	-2.05115779826013	0.00357974291318927	DOWN
DOWN	dnf2_only	medtr.A17.gnm5.ann1_6.MtrunA17Chr6g0455531	MtrunA17Chr6g0455531			medtr.A17.gnm5.MtrunA17Chr6	+	5622725	5636759	-1.50388489163745	0.124068264066423	NS	-2.04937376151188	0.00395457772313092	DOWN
DOWN	dnf2_only	medtr.A17.gnm5.ann1_6.MtrunA17Chr1g0179831	MtrunA17Chr1g0179831			medtr.A17.gnm5.MtrunA17Chr1	+	31100038	31100701	0.0339253286410432	1	NS	-2.04621636511963	0.009282977088391	DOWN
DOWN	dnf2_only	medtr.A17.gnm5.ann1_6.MtrunA17Chr7g0243241	MtrunA17Chr7g0243241			medtr.A17.gnm5.MtrunA17Chr7	-	32567358	32570292	-1.10919665253932	0.633628469982193	NS	-2.04572849302692	0.00314302882195584	DOWN
DOWN	dnf2_only	medtr.A17.gnm5.ann1_6.MtrunA17Chr2g0331321	MtrunA17Chr2g0331321			medtr.A17.gnm5.MtrunA17Chr2	-	49715599	49719532	-1.52673333757845	0.0839735966799051	NS	-2.04570962944684	0.00214226370129173	DOWN
DOWN	dnf2_only	medtr.A17.gnm5.ann1_6.MtrunA17Chr2g0322451	MtrunA17Chr2g0322451			medtr.A17.gnm5.MtrunA17Chr2	-	43199906	43207501	-0.418881904601305	1	NS	-2.04225219894256	0.00287232879463	DOWN
DOWN	dnf2_only	medtr.A17.gnm5.ann1_6.MtrunA17Chr3g0108911	MtrunA17Chr3g0108911	MtNCR242	Nodule-specific Cysteine-Rich peptide	medtr.A17.gnm5.MtrunA17Chr3	-	32011120	32013860	-1.68060997626191	0.0569494708390692	NS	-2.04184550906103	0.00567874411509992	DOWN
DOWN	dnf2_only	medtr.A17.gnm5.ann1_6.MtrunA17Chr8g0393021	MtrunA17Chr8g0393021	MtTubb1	beta tubulin 1	medtr.A17.gnm5.MtrunA17Chr8	+	49453673	49456536	0.0816231786690462	1	NS	-2.03629276640255	0.00433306059245763	DOWN
DOWN	dnf2_only	medtr.A17.gnm5.ann1_6.MtrunA17Chr4g0017321	MtrunA17Chr4g0017321			medtr.A17.gnm5.MtrunA17Chr4	-	12853754	12855939	-0.269825058554301	1	NS	-2.03427466405742	0.0200503489191986	DOWN
DOWN	dnf2_only	medtr.A17.gnm5.ann1_6.MtrunA17Chr1g0196941	MtrunA17Chr1g0196941			medtr.A17.gnm5.MtrunA17Chr1	-	44321596	44324696	-0.780530186183321	1	NS	-2.03245931210102	0.000141688967363657	DOWN
DOWN	dnf2_only	medtr.A17.gnm5.ann1_6.MtrunA17Chr7g0236251	MtrunA17Chr7g0236251	MtLP3	LEED..PEED family	medtr.A17.gnm5.MtrunA17Chr7	+	26511315	26512550	-0.383209805885928	1	NS	-2.02639850988931	0.0435977017374874	DOWN
DOWN	dnf2_only	medtr.A17.gnm5.ann1_6.MtrunA17Chr4g0060091	MtrunA17Chr4g0060091			medtr.A17.gnm5.MtrunA17Chr4	+	52618553	52621848	1.07499326196081	0.584472267098737	NS	-2.02304563661586	4.80786711931319e-05	DOWN
DOWN	dnf2_only	medtr.A17.gnm5.ann1_6.MtrunA17Chr8g0354121	MtrunA17Chr8g0354121			medtr.A17.gnm5.MtrunA17Chr8	+	15798689	15802224	0.0531713931069432	1	NS	-2.02169826946853	0.027539265885451	DOWN
DOWN	dnf2_only	medtr.A17.gnm5.ann1_6.MtrunA17Chr5g0424391	MtrunA17Chr5g0424391			medtr.A17.gnm5.MtrunA17Chr5	+	26328976	26334624	-0.670932015944476	1	NS	-2.0200185599989	0.0174756203240813	DOWN
DOWN	dnf2_only	medtr.A17.gnm5.ann1_6.MtrunA17Chr7g0214051	MtrunA17Chr7g0214051	MtNCR225	Nodule-specific Cysteine-Rich peptide	medtr.A17.gnm5.MtrunA17Chr7	+	60087	61716	-1.56307149962046	0.117131181759369	NS	-2.01910968654937	0.00841693090234404	DOWN
DOWN	dnf2_only	medtr.A17.gnm5.ann1_6.MtrunA17Chr2g0331331	MtrunA17Chr2g0331331			medtr.A17.gnm5.MtrunA17Chr2	+	49716099	49717193	-1.10991466268817	0.699573395080343	NS	-2.01817491185331	0.0235079172869126	DOWN
DOWN	dnf2_only	medtr.A17.gnm5.ann1_6.MtrunA17Chr7g0268161	MtrunA17Chr7g0268161	LjTRICOT-like	AtAMP1 (ALTERED MERISTEM PROGRAM 1)-related	medtr.A17.gnm5.MtrunA17Chr7	+	50688721	50694593	-0.343476558192592	1	NS	-2.01548681947351	0.0137976693831179	DOWN
DOWN	dnf2_only	medtr.A17.gnm5.ann1_6.MtrunA17Chr2g0332281	MtrunA17Chr2g0332281			medtr.A17.gnm5.MtrunA17Chr2	-	50377315	50380068	-0.119316439437191	1	NS	-2.01509484293896	0.014651960649151	DOWN
DOWN	dnf2_only	medtr.A17.gnm5.ann1_6.MtrunA17Chr3g0089901	MtrunA17Chr3g0089901			medtr.A17.gnm5.MtrunA17Chr3	+	11113833	11116238	-0.613853132350291	1	NS	-2.01407891945862	0.000712407457444008	DOWN
DOWN	dnf2_only	medtr.A17.gnm5.ann1_6.MtrunA17Chr8g0358771	MtrunA17Chr8g0358771			medtr.A17.gnm5.MtrunA17Chr8	+	21276360	21281768	0.654620284289675	1	NS	-2.01288717103029	0.00427230735807053	DOWN
DOWN	dnf2_only	medtr.A17.gnm5.ann1_6.MtrunA17Chr2g0332721	MtrunA17Chr2g0332721			medtr.A17.gnm5.MtrunA17Chr2	+	50745150	50746048	-1.40606850703756	0.293954452256147	NS	-2.01222216930631	0.0193564913500667	DOWN
DOWN	dnf2_only	medtr.A17.gnm5.ann1_6.MtrunA17Chr4g0006301	MtrunA17Chr4g0006301	MtNCR282	Nodule-specific Cysteine-Rich peptide	medtr.A17.gnm5.MtrunA17Chr4	-	5011338	5012471	-0.954706592878453	0.956101658298913	NS	-2.01130790771597	0.0412609464949906	DOWN
DOWN	dnf2_only	medtr.A17.gnm5.ann1_6.MtrunA17Chr4g0067721	MtrunA17Chr4g0067721			medtr.A17.gnm5.MtrunA17Chr4	+	58056331	58059463	0.261551780060437	1	NS	-2.01085535681383	0.00361218277027324	DOWN
DOWN	dnf2_only	medtr.A17.gnm5.ann1_6.MtrunA17Chr3g0083841	MtrunA17Chr3g0083841			medtr.A17.gnm5.MtrunA17Chr3	-	5402447	5412326	0.66927712452646	1	NS	-2.00842600945763	0.000328612041197788	DOWN
DOWN	dnf2_only	medtr.A17.gnm5.ann1_6.MtrunA17Chr7g0216331	MtrunA17Chr7g0216331			medtr.A17.gnm5.MtrunA17Chr7	-	2025584	2028705	-0.397126292334477	1	NS	-2.006130284647	0.00184884008784279	DOWN
DOWN	dnf2_only	medtr.A17.gnm5.ann1_6.MtrunA17Chr7g0273431	MtrunA17Chr7g0273431			medtr.A17.gnm5.MtrunA17Chr7	+	54093090	54093808	-1.26578509022894	0.344840549531559	NS	-2.00531430072966	0.00376061617808163	DOWN
DOWN	dnf2_only	medtr.A17.gnm5.ann1_6.MtrunA17Chr8g0390021	MtrunA17Chr8g0390021			medtr.A17.gnm5.MtrunA17Chr8	+	47359887	47362895	-0.195274930094065	1	NS	-2.00490263742305	0.0476684841297767	DOWN
DOWN	dnf2_only	medtr.A17.gnm5.ann1_6.MtrunA17Chr2g0279081	MtrunA17Chr2g0279081			medtr.A17.gnm5.MtrunA17Chr2	-	1605349	1613053	0.446555678959633	1	NS	-2.00291180621789	0.00323339737887539	DOWN
DOWN	dnf2_only	medtr.A17.gnm5.ann1_6.MtrunA17Chr1g0166851	MtrunA17Chr1g0166851	MtNCR055	Nodule-specific Cysteine-Rich peptide	medtr.A17.gnm5.MtrunA17Chr1	-	16162775	16164591	-0.399327392304072	1	NS	-2.00104144324874	0.0219152034939084	DOWN
DOWN	dnf2_only	medtr.A17.gnm5.ann1_6.MtrunA17Chr5g0434371	MtrunA17Chr5g0434371	MtSKOR/GORK	Outward rectifying potassium channel protein	medtr.A17.gnm5.MtrunA17Chr5	-	34494245	34505624	-1.59607346922593	0.0695976195218561	NS	-2.00080462364936	0.00456378630080147	DOWN
DOWN	dnf2_only	medtr.A17.gnm5.ann1_6.MtrunA17Chr6g0450361	MtrunA17Chr6g0450361			medtr.A17.gnm5.MtrunA17Chr6	+	1136129	1136799	0.0461432293850198	1	NS	-2.0001546330538	0.00937596360229351	DOWN
DOWN	dnf2_only	medtr.A17.gnm5.ann1_6.MtrunA17Chr6g0455391	MtrunA17Chr6g0455391			medtr.A17.gnm5.MtrunA17Chr6	-	5477366	5482859	-0.746986122760678	1	NS	-1.99983795526447	0.000462400476342271	DOWN
DOWN	dnf2_only	medtr.A17.gnm5.ann1_6.MtrunA17Chr8g0362701	MtrunA17Chr8g0362701	MtCYP93A77	Cytochrome P450 monooxygenase	medtr.A17.gnm5.MtrunA17Chr8	+	27224196	27226552	0.904342948422618	1	NS	-1.9941351878459	0.000368996812590876	DOWN
DOWN	dnf2_only	medtr.A17.gnm5.ann1_6.MtrunA17Chr8g0369461	MtrunA17Chr8g0369461			medtr.A17.gnm5.MtrunA17Chr8	-	32695620	32701950	1.17056454506392	0.553148450588002	NS	-1.99335353795079	0.01776745342089	DOWN
DOWN	dnf2_only	medtr.A17.gnm5.ann1_6.MtrunA17Chr5g0428931	MtrunA17Chr5g0428931			medtr.A17.gnm5.MtrunA17Chr5	+	30474124	30478326	0.507919818178516	1	NS	-1.99180870468211	0.0468926891947279	DOWN
DOWN	dnf2_only	medtr.A17.gnm5.ann1_6.MtrunA17Chr3g0100421	MtrunA17Chr3g0100421			medtr.A17.gnm5.MtrunA17Chr3	-	25033009	25035990	-0.0458363273793426	1	NS	-1.99030904174972	0.00153670263944377	DOWN
DOWN	dnf2_only	medtr.A17.gnm5.ann1_6.MtrunA17Chr2g0300901	MtrunA17Chr2g0300901	MtNodGRP11	Nodule-specific Glycine-rich	medtr.A17.gnm5.MtrunA17Chr2	+	18646070	18647810	0.0438106487178613	1	NS	-1.98598129563327	0.00102947433523689	DOWN
DOWN	dnf2_only	medtr.A17.gnm5.ann1_6.MtrunA17Chr3g0084781	MtrunA17Chr3g0084781			medtr.A17.gnm5.MtrunA17Chr3	-	6219883	6223155	0.128286680346966	1	NS	-1.98559142462679	0.0488596109569502	DOWN
DOWN	dnf2_only	medtr.A17.gnm5.ann1_6.MtrunA17Chr4g0069201	MtrunA17Chr4g0069201			medtr.A17.gnm5.MtrunA17Chr4	+	59143923	59146416	-0.5434414712423	1	NS	-1.98392994671624	0.000631310528369556	DOWN
DOWN	dnf2_only	medtr.A17.gnm5.ann1_6.MtrunA17Chr7g0214021	MtrunA17Chr7g0214021			medtr.A17.gnm5.MtrunA17Chr7	+	12171	12708	-1.8802019700428	0.0800300960749565	NS	-1.98286576794924	0.0449490049016097	DOWN
DOWN	dnf2_only	medtr.A17.gnm5.ann1_6.MtrunA17Chr6g0465521	MtrunA17Chr6g0465521			medtr.A17.gnm5.MtrunA17Chr6	+	14808828	14810540	0.456522877575292	1	NS	-1.97958440786295	0.0321199410021017	DOWN
DOWN	dnf2_only	medtr.A17.gnm5.ann1_6.MtrunA17Chr4g0022971	MtrunA17Chr4g0022971	MtNCR230	Nodule-specific Cysteine-Rich peptide	medtr.A17.gnm5.MtrunA17Chr4	-	23348361	23351819	-0.606290825772344	1	NS	-1.97703236474892	0.0127449385546186	DOWN
DOWN	dnf2_only	medtr.A17.gnm5.ann1_6.MtrunA17Chr7g0273981	MtrunA17Chr7g0273981	MtN26-4	Nodulin26	medtr.A17.gnm5.MtrunA17Chr7	+	54465476	54469521	-0.609180364427643	1	NS	-1.97566476791566	0.00146543482327272	DOWN
DOWN	dnf2_only	medtr.A17.gnm5.ann1_6.MtrunA17Chr4g0052001	MtrunA17Chr4g0052001			medtr.A17.gnm5.MtrunA17Chr4	+	46298937	46299528	-0.250002974274976	1	NS	-1.9746113698128	0.0132021020679284	DOWN
DOWN	dnf2_only	medtr.A17.gnm5.ann1_6.MtrunA17Chr7g0216151	MtrunA17Chr7g0216151	MtNCR143	Nodule-specific Cysteine-Rich peptide	medtr.A17.gnm5.MtrunA17Chr7	-	1972037	1973061	-0.494052447929349	1	NS	-1.97251785748272	0.0116088794768974	DOWN
DOWN	dnf2_only	medtr.A17.gnm5.ann1_6.MtrunA17Chr1g0157131	MtrunA17Chr1g0157131	MtCDPK17	calcium-dependent protein kinase17	medtr.A17.gnm5.MtrunA17Chr1	+	8468458	8475552	0.533579636488286	1	NS	-1.97216749671302	0.0231693497573869	DOWN
DOWN	dnf2_only	medtr.A17.gnm5.ann1_6.MtrunA17Chr2g0314061	MtrunA17Chr2g0314061			medtr.A17.gnm5.MtrunA17Chr2	+	36675694	36679180	-0.250638028298005	1	NS	-1.97191481846398	0.0036485476083517	DOWN
DOWN	dnf2_only	medtr.A17.gnm5.ann1_6.MtrunA17Chr2g0286751	MtrunA17Chr2g0286751			medtr.A17.gnm5.MtrunA17Chr2	+	7026906	7034324	-1.76042187870454	0.0548887934992741	NS	-1.97166916099509	0.0148058855718881	DOWN
DOWN	dnf2_only	medtr.A17.gnm5.ann1_6.MtrunA17Chr3g0101841	MtrunA17Chr3g0101841			medtr.A17.gnm5.MtrunA17Chr3	-	26371297	26379476	0.502323397259454	1	NS	-1.96657466049598	0.0243531640413594	DOWN
DOWN	dnf2_only	medtr.A17.gnm5.ann1_6.MtrunA17Chr2g0328591	MtrunA17Chr2g0328591			medtr.A17.gnm5.MtrunA17Chr2	+	47841345	47842373	-0.351641634263245	1	NS	-1.96498302339083	0.0142362026034401	DOWN
DOWN	dnf2_only	medtr.A17.gnm5.ann1_6.MtrunA17Chr8g0356181	MtrunA17Chr8g0356181			medtr.A17.gnm5.MtrunA17Chr8	-	17770385	17771187	0.555677960866394	1	NS	-1.96058113728025	0.00692962016733981	DOWN
DOWN	dnf2_only	medtr.A17.gnm5.ann1_6.MtrunA17Chr2g0301511	MtrunA17Chr2g0301511	MtRbohI	RESPIRATORY BURST OXIDASE HOMOLOG I	medtr.A17.gnm5.MtrunA17Chr2	-	19240133	19248326	-0.906545465587302	1	NS	-1.9586014327602	0.0119315683046174	DOWN
DOWN	dnf2_only	medtr.A17.gnm5.ann1_6.MtrunA17Chr7g0222431	MtrunA17Chr7g0222431	MtNCR743	Nodule-specific Cysteine-Rich peptide	medtr.A17.gnm5.MtrunA17Chr7	+	7667398	7670702	0.0439610030456249	1	NS	-1.95821438499645	0.00719307030868871	DOWN
DOWN	dnf2_only	medtr.A17.gnm5.ann1_6.MtrunA17Chr3g0130791	MtrunA17Chr3g0130791			medtr.A17.gnm5.MtrunA17Chr3	+	47853358	47857515	-0.674614880698792	1	NS	-1.95798851388495	0.0088295309245538	DOWN
DOWN	dnf2_only	medtr.A17.gnm5.ann1_6.MtrunA17Chr3g0105961	MtrunA17Chr3g0105961			medtr.A17.gnm5.MtrunA17Chr3	-	29905228	29910520	-0.0384797092569626	1	NS	-1.95529609889151	0.0290300281952987	DOWN
DOWN	dnf2_only	medtr.A17.gnm5.ann1_6.MtrunA17Chr4g0062691	MtrunA17Chr4g0062691	MtTCP18	TEOSINTE BRANCHED1 (TB1), CYCLOIDEA (CYC), PROLIFERATING CELL FACTORS 1&2 (PCF1  & 2) family	medtr.A17.gnm5.MtrunA17Chr4	-	54389482	54391326	0.0797979828290914	1	NS	-1.95334191197119	0.0239499023572813	DOWN
DOWN	dnf2_only	medtr.A17.gnm5.ann1_6.MtrunA17Chr6g0479481	MtrunA17Chr6g0479481			medtr.A17.gnm5.MtrunA17Chr6	-	34171467	34172191	-0.108374218495814	1	NS	-1.95145118840528	0.0105402067837333	DOWN
DOWN	dnf2_only	medtr.A17.gnm5.ann1_6.MtrunA17Chr7g0248011	MtrunA17Chr7g0248011			medtr.A17.gnm5.MtrunA17Chr7	-	36202927	36206322	0.308058941797434	1	NS	-1.95111085098621	0.00518242446133607	DOWN
DOWN	dnf2_only	medtr.A17.gnm5.ann1_6.MtrunA17Chr8g0372291	MtrunA17Chr8g0372291			medtr.A17.gnm5.MtrunA17Chr8	-	34803155	34804871	-0.116411853603244	1	NS	-1.9510952110186	0.00684960469124812	DOWN
DOWN	dnf2_only	medtr.A17.gnm5.ann1_6.MtrunA17Chr3g0119041	MtrunA17Chr3g0119041	MtSymCRK	symbiotic cys-rich receptor-like kinase	medtr.A17.gnm5.MtrunA17Chr3	-	39529267	39533399	-0.891420897578839	1	NS	-1.95005750515361	0.00244449790217032	DOWN
DOWN	dnf2_only	medtr.A17.gnm5.ann1_6.MtrunA17Chr4g0013951	MtrunA17Chr4g0013951	MtNCR118	Nodule-specific Cysteine-Rich peptide	medtr.A17.gnm5.MtrunA17Chr4	-	11358505	11367875	0.659734931267977	1	NS	-1.94828575281009	0.00314458589332199	DOWN
DOWN	dnf2_only	medtr.A17.gnm5.ann1_6.MtrunA17Chr2g0332711	MtrunA17Chr2g0332711			medtr.A17.gnm5.MtrunA17Chr2	-	50742503	50744939	-1.39836408948344	0.318491560577305	NS	-1.94597904453601	0.0321973844098386	DOWN
DOWN	dnf2_only	medtr.A17.gnm5.ann1_6.MtrunA17Chr8g0382291	MtrunA17Chr8g0382291			medtr.A17.gnm5.MtrunA17Chr8	-	41992528	41995630	-0.651288058198928	1	NS	-1.94347906271534	0.00564024599841391	DOWN
DOWN	dnf2_only	medtr.A17.gnm5.ann1_6.MtrunA17Chr5g0409341	MtrunA17Chr5g0409341	MtIPD3	Interacting protein of DMI3	medtr.A17.gnm5.MtrunA17Chr5	+	11126167	11131033	-0.573544874439804	1	NS	-1.94047067265805	0.000635339554909364	DOWN
DOWN	dnf2_only	medtr.A17.gnm5.ann1_6.MtrunA17Chr3g0134471	MtrunA17Chr3g0134471			medtr.A17.gnm5.MtrunA17Chr3	-	50734820	50735467	-0.705612338935836	1	NS	-1.93812995146814	0.0368403932397772	DOWN
DOWN	dnf2_only	medtr.A17.gnm5.ann1_6.MtrunA17Chr5g0429871	MtrunA17Chr5g0429871			medtr.A17.gnm5.MtrunA17Chr5	+	31088707	31098192	-1.74209612090541	0.0807691045670377	NS	-1.93592270592437	0.0226093493622923	DOWN
DOWN	dnf2_only	medtr.A17.gnm5.ann1_6.MtrunA17Chr1g0157091	MtrunA17Chr1g0157091			medtr.A17.gnm5.MtrunA17Chr1	+	8460061	8460989	0.305301237576316	1	NS	-1.92963127552177	0.0442104456627762	DOWN
DOWN	dnf2_only	medtr.A17.gnm5.ann1_6.MtrunA17Chr8g0376471	MtrunA17Chr8g0376471			medtr.A17.gnm5.MtrunA17Chr8	-	38043453	38047515	-0.501780830179314	1	NS	-1.92908130974357	0.0449203830372553	DOWN
DOWN	dnf2_only	medtr.A17.gnm5.ann1_6.MtrunA17Chr6g0459491	MtrunA17Chr6g0459491	MtTML2	TOO MUCH LOVE 2	medtr.A17.gnm5.MtrunA17Chr6	+	8634516	8637944	-0.61744527981698	1	NS	-1.92600550551308	0.0298939651731655	DOWN
DOWN	dnf2_only	medtr.A17.gnm5.ann1_6.MtrunA17Chr2g0315561	MtrunA17Chr2g0315561			medtr.A17.gnm5.MtrunA17Chr2	-	37830787	37833973	-0.490234664353206	1	NS	-1.92240316093378	0.000141688967363657	DOWN
DOWN	dnf2_only	medtr.A17.gnm5.ann1_6.MtrunA17Chr4g0072011	MtrunA17Chr4g0072011			medtr.A17.gnm5.MtrunA17Chr4	+	61165761	61169925	-1.45679664470946	0.17599680895348	NS	-1.91954334093381	0.0121077591987484	DOWN
DOWN	dnf2_only	medtr.A17.gnm5.ann1_6.MtrunA17Chr3g0129201	MtrunA17Chr3g0129201			medtr.A17.gnm5.MtrunA17Chr3	+	46746680	46753935	-0.501245996656127	1	NS	-1.91694284888427	0.0012911126054525	DOWN
DOWN	dnf2_only	medtr.A17.gnm5.ann1_6.MtrunA17Chr5g0418951	MtrunA17Chr5g0418951	MtNCR265	Nodule-specific Cysteine-Rich peptide	medtr.A17.gnm5.MtrunA17Chr5	+	19332182	19333440	1.9373704782531	0.00926747266252724	UP	-1.9158933078022	0.00947532158474855	DOWN
DOWN	dnf2_only	medtr.A17.gnm5.ann1_6.MtrunA17Chr5g0424401	MtrunA17Chr5g0424401			medtr.A17.gnm5.MtrunA17Chr5	-	26328981	26334808	-0.824942816613884	1	NS	-1.9145302075916	0.0258724411011418	DOWN
DOWN	dnf2_only	medtr.A17.gnm5.ann1_6.MtrunA17Chr2g0326781	MtrunA17Chr2g0326781			medtr.A17.gnm5.MtrunA17Chr2	-	46500054	46509764	0.160140116681986	1	NS	-1.90875245019394	0.000259280866470547	DOWN
DOWN	dnf2_only	medtr.A17.gnm5.ann1_6.MtrunA17Chr5g0412191	MtrunA17Chr5g0412191			medtr.A17.gnm5.MtrunA17Chr5	-	13644332	13645056	-0.892350691581586	1	NS	-1.90563728514657	0.0274529970381216	DOWN
DOWN	dnf2_only	medtr.A17.gnm5.ann1_6.MtrunA17Chr6g0464921	MtrunA17Chr6g0464921			medtr.A17.gnm5.MtrunA17Chr6	-	14126863	14129588	-1.92450386834815	0.051200112601517	NS	-1.90219418021305	0.0458998017858893	DOWN
DOWN	dnf2_only	medtr.A17.gnm5.ann1_6.MtrunA17Chr2g0289861	MtrunA17Chr2g0289861			medtr.A17.gnm5.MtrunA17Chr2	+	9266469	9268680	-0.36310172287972	1	NS	-1.89814557176231	0.00296510078366056	DOWN
DOWN	dnf2_only	medtr.A17.gnm5.ann1_6.MtrunA17Chr6g0477681	MtrunA17Chr6g0477681			medtr.A17.gnm5.MtrunA17Chr6	+	32434206	32437934	-1.11380914726679	0.661663776324714	NS	-1.89562653410557	0.0174316084409161	DOWN
DOWN	dnf2_only	medtr.A17.gnm5.ann1_6.MtrunA17Chr1g0170321	MtrunA17Chr1g0170321			medtr.A17.gnm5.MtrunA17Chr1	-	19047906	19051191	-0.0477805255095713	1	NS	-1.89360491689151	0.0340821586263167	DOWN
DOWN	dnf2_only	medtr.A17.gnm5.ann1_6.MtrunA17Chr5g0413721	MtrunA17Chr5g0413721			medtr.A17.gnm5.MtrunA17Chr5	+	14887379	14894475	-0.182632578637224	1	NS	-1.88040311189962	0.00142798162497044	DOWN
DOWN	dnf2_only	medtr.A17.gnm5.ann1_6.MtrunA17Chr5g0428881	MtrunA17Chr5g0428881			medtr.A17.gnm5.MtrunA17Chr5	+	30461138	30465025	-1.50220362689695	0.134389927882382	NS	-1.87655994846375	0.0120625538654391	DOWN
DOWN	dnf2_only	medtr.A17.gnm5.ann1_6.MtrunA17Chr5g0417111	MtrunA17Chr5g0417111			medtr.A17.gnm5.MtrunA17Chr5	-	17756569	17763170	-0.423572788445812	1	NS	-1.87225714685513	0.0118619921508406	DOWN
DOWN	dnf2_only	medtr.A17.gnm5.ann1_6.MtrunA17Chr6g0467521	MtrunA17Chr6g0467521			medtr.A17.gnm5.MtrunA17Chr6	+	16477585	16484099	-0.361191757936892	1	NS	-1.87175495476042	0.00596781179985395	DOWN
DOWN	dnf2_only	medtr.A17.gnm5.ann1_6.MtrunA17Chr1g0148081	MtrunA17Chr1g0148081			medtr.A17.gnm5.MtrunA17Chr1	+	1585196	1587339	-0.848886739032216	1	NS	-1.8715369239232	0.0473771338556664	DOWN
DOWN	dnf2_only	medtr.A17.gnm5.ann1_6.MtrunA17Chr1g0192651	MtrunA17Chr1g0192651			medtr.A17.gnm5.MtrunA17Chr1	+	41266715	41269957	1.71058678053801	0.0139482306809895	UP	-1.86471940145382	0.00311321101526311	DOWN
DOWN	dnf2_only	medtr.A17.gnm5.ann1_6.MtrunA17Chr7g0233651	MtrunA17Chr7g0233651			medtr.A17.gnm5.MtrunA17Chr7	+	24121709	24126810	0.19407777354676	1	NS	-1.86241095596507	0.00178335699744236	DOWN
DOWN	dnf2_only	medtr.A17.gnm5.ann1_6.MtrunA17Chr4g0027771	MtrunA17Chr4g0027771			medtr.A17.gnm5.MtrunA17Chr4	-	28876164	28883893	-0.27513875456991	1	NS	-1.86186098942559	0.0458096777549359	DOWN
DOWN	dnf2_only	medtr.A17.gnm5.ann1_6.MtrunA17Chr6g0488531	MtrunA17Chr6g0488531			medtr.A17.gnm5.MtrunA17Chr6	+	42500287	42501805	-0.236077158275005	1	NS	-1.86138032027621	0.0260155073189276	DOWN
DOWN	dnf2_only	medtr.A17.gnm5.ann1_6.MtrunA17Chr5g0423081	MtrunA17Chr5g0423081			medtr.A17.gnm5.MtrunA17Chr5	-	24837374	24843269	-0.549778834018098	1	NS	-1.86116571704204	0.0141047447407033	DOWN
DOWN	dnf2_only	medtr.A17.gnm5.ann1_6.MtrunA17Chr6g0482271	MtrunA17Chr6g0482271			medtr.A17.gnm5.MtrunA17Chr6	+	36987432	36987737	-1.444061402681	0.276436119504199	NS	-1.86051972136817	0.0469351075272103	DOWN
DOWN	dnf2_only	medtr.A17.gnm5.ann1_6.MtrunA17Chr7g0239561	MtrunA17Chr7g0239561	MtNCR713	Nodule-specific Cysteine-Rich peptide	medtr.A17.gnm5.MtrunA17Chr7	+	29569573	29570919	-0.259572698664185	1	NS	-1.85694524655916	0.0176631066904156	DOWN
DOWN	dnf2_only	medtr.A17.gnm5.ann1_6.MtrunA17Chr7g0246441	MtrunA17Chr7g0246441			medtr.A17.gnm5.MtrunA17Chr7	-	35213609	35217727	-0.747009317255531	1	NS	-1.85668873455023	0.0197520159803834	DOWN
DOWN	dnf2_only	medtr.A17.gnm5.ann1_6.MtrunA17Chr3g0144331	MtrunA17Chr3g0144331			medtr.A17.gnm5.MtrunA17Chr3	+	57723468	57724291	0.0074066976457797	1	NS	-1.85612072834843	0.00754940214566032	DOWN
DOWN	dnf2_only	medtr.A17.gnm5.ann1_6.MtrunA17Chr8g0385781	MtrunA17Chr8g0385781			medtr.A17.gnm5.MtrunA17Chr8	+	44328107	44336649	-0.812702623042226	1	NS	-1.85454964511072	0.0240759628782722	DOWN
DOWN	dnf2_only	medtr.A17.gnm5.ann1_6.MtrunA17Chr4g0070921	MtrunA17Chr4g0070921			medtr.A17.gnm5.MtrunA17Chr4	-	60404874	60413937	0.0633309488886727	1	NS	-1.85259992198585	0.0176109958444351	DOWN
DOWN	dnf2_only	medtr.A17.gnm5.ann1_6.MtrunA17Chr7g0259911	MtrunA17Chr7g0259911			medtr.A17.gnm5.MtrunA17Chr7	+	44840480	44847436	-0.179240530954992	1	NS	-1.85140432830922	0.000928963057609417	DOWN
DOWN	dnf2_only	medtr.A17.gnm5.ann1_6.MtrunA17Chr1g0167531	MtrunA17Chr1g0167531	MtNCR057	Nodule-specific Cysteine-Rich peptide	medtr.A17.gnm5.MtrunA17Chr1	-	16454180	16456500	-0.970594515527829	0.943742667085894	NS	-1.8494272940891	0.0169874502564244	DOWN
DOWN	dnf2_only	medtr.A17.gnm5.ann1_6.MtrunA17Chr7g0273951	MtrunA17Chr7g0273951			medtr.A17.gnm5.MtrunA17Chr7	-	54459542	54462688	-1.03611625576442	0.79482112627105	NS	-1.8492973482227	0.00741356519260824	DOWN
DOWN	dnf2_only	medtr.A17.gnm5.ann1_6.MtrunA17Chr1g0155131	MtrunA17Chr1g0155131			medtr.A17.gnm5.MtrunA17Chr1	+	7041082	7042990	-1.28660918330817	0.400561703068912	NS	-1.84927884517793	0.0299402607666316	DOWN
DOWN	dnf2_only	medtr.A17.gnm5.ann1_6.MtrunA17Chr1g0192551	MtrunA17Chr1g0192551			medtr.A17.gnm5.MtrunA17Chr1	+	41174019	41181909	0.285460609528751	1	NS	-1.84870560570176	0.00269045785400929	DOWN
DOWN	dnf2_only	medtr.A17.gnm5.ann1_6.MtrunA17Chr4g0041111	MtrunA17Chr4g0041111			medtr.A17.gnm5.MtrunA17Chr4	+	38853259	38854357	1.04860537692988	0.740805026453358	NS	-1.84698999912479	0.00324733036726599	DOWN
DOWN	dnf2_only	medtr.A17.gnm5.ann1_6.MtrunA17Chr7g0239951	MtrunA17Chr7g0239951	MtNCR716	Nodule-specific Cysteine-Rich peptide	medtr.A17.gnm5.MtrunA17Chr7	+	29844840	29847442	-1.23783491953495	0.36163354403269	NS	-1.84234772920533	0.00694003236489151	DOWN
DOWN	dnf2_only	medtr.A17.gnm5.ann1_6.MtrunA17Chr2g0314261	MtrunA17Chr2g0314261	MtNCR185	Nodule-specific Cysteine-Rich peptide	medtr.A17.gnm5.MtrunA17Chr2	+	36749759	36752253	-0.157616650209347	1	NS	-1.84111167888839	0.00686909692729683	DOWN
DOWN	dnf2_only	medtr.A17.gnm5.ann1_6.MtrunA17Chr4g0043631	MtrunA17Chr4g0043631			medtr.A17.gnm5.MtrunA17Chr4	+	40650171	40655162	-1.01025916472247	0.859692733263925	NS	-1.84094341070748	0.0204729537322147	DOWN
DOWN	dnf2_only	medtr.A17.gnm5.ann1_6.MtrunA17Chr3g0083411	MtrunA17Chr3g0083411			medtr.A17.gnm5.MtrunA17Chr3	+	4990882	4991146	1.62593794810216	0.0489160137345222	UP	-1.83944015325621	0.0124013097016006	DOWN
DOWN	dnf2_only	medtr.A17.gnm5.ann1_6.MtrunA17Chr8g0362711	MtrunA17Chr8g0362711			medtr.A17.gnm5.MtrunA17Chr8	-	27225952	27234338	1.18812477531063	0.510083799367092	NS	-1.83890251152579	0.0199006175828179	DOWN
DOWN	dnf2_only	medtr.A17.gnm5.ann1_6.MtrunA17Chr7g0273401	MtrunA17Chr7g0273401			medtr.A17.gnm5.MtrunA17Chr7	-	54088613	54090370	-1.59097920903238	0.160421251593751	NS	-1.83822873245033	0.047953534482326	DOWN
DOWN	dnf2_only	medtr.A17.gnm5.ann1_6.MtrunA17Chr4g0026011	MtrunA17Chr4g0026011			medtr.A17.gnm5.MtrunA17Chr4	+	27009585	27013250	0.139513078235108	1	NS	-1.83659387176236	0.047413059770476	DOWN
DOWN	dnf2_only	medtr.A17.gnm5.ann1_6.MtrunA17Chr3g0143931	MtrunA17Chr3g0143931			medtr.A17.gnm5.MtrunA17Chr3	-	57411790	57429429	-0.60643422550255	1	NS	-1.83628341922572	0.00164282596921621	DOWN
DOWN	dnf2_only	medtr.A17.gnm5.ann1_6.MtrunA17Chr4g0038851	MtrunA17Chr4g0038851			medtr.A17.gnm5.MtrunA17Chr4	+	37114308	37116665	-1.59535021536317	0.158182766211323	NS	-1.83056953863735	0.0479911750909795	DOWN
DOWN	dnf2_only	medtr.A17.gnm5.ann1_6.MtrunA17Chr5g0394501	MtrunA17Chr5g0394501			medtr.A17.gnm5.MtrunA17Chr5	+	880579	893502	-0.0856181478672104	1	NS	-1.83011899556214	0.0015558259168203	DOWN
DOWN	dnf2_only	medtr.A17.gnm5.ann1_6.MtrunA17Chr4g0025481	MtrunA17Chr4g0025481			medtr.A17.gnm5.MtrunA17Chr4	-	26302849	26305929	0.0839518748387318	1	NS	-1.82823039417312	0.00961402441934761	DOWN
DOWN	dnf2_only	medtr.A17.gnm5.ann1_6.MtrunA17Chr3g0113291	MtrunA17Chr3g0113291			medtr.A17.gnm5.MtrunA17Chr3	-	35018865	35022049	-0.478739214053275	1	NS	-1.8257104959031	0.00465861843809708	DOWN
DOWN	dnf2_only	medtr.A17.gnm5.ann1_6.MtrunA17Chr3g0126581	MtrunA17Chr3g0126581			medtr.A17.gnm5.MtrunA17Chr3	+	44877069	44883392	-1.45223560094521	0.148691921072902	NS	-1.82536007152604	0.0132733706454265	DOWN
DOWN	dnf2_only	medtr.A17.gnm5.ann1_6.MtrunA17Chr7g0235221	MtrunA17Chr7g0235221	MtNCR774	Nodule-specific Cysteine-Rich peptide	medtr.A17.gnm5.MtrunA17Chr7	+	25596009	25596913	-1.02020549729509	0.849084357906189	NS	-1.82396611801587	0.0442104456627762	DOWN
DOWN	dnf2_only	medtr.A17.gnm5.ann1_6.MtrunA17Chr8g0359931	MtrunA17Chr8g0359931			medtr.A17.gnm5.MtrunA17Chr8	-	23763568	23766816	-1.05641441202773	0.775546350815359	NS	-1.81311998843036	0.0325858964453433	DOWN
DOWN	dnf2_only	medtr.A17.gnm5.ann1_6.MtrunA17Chr1g0206601	MtrunA17Chr1g0206601			medtr.A17.gnm5.MtrunA17Chr1	+	51480493	51487333	0.371326117684958	1	NS	-1.81153912134539	0.0290595268236346	DOWN
DOWN	dnf2_only	medtr.A17.gnm5.ann1_6.MtrunA17Chr1g0155701	MtrunA17Chr1g0155701	MtBGAL2	beta-galactosidase 2	medtr.A17.gnm5.MtrunA17Chr1	+	7414540	7420253	-0.376472936317696	1	NS	-1.8097939642595	0.0134077810762385	DOWN
DOWN	dnf2_only	medtr.A17.gnm5.ann1_6.MtrunA17Chr7g0216321	MtrunA17Chr7g0216321			medtr.A17.gnm5.MtrunA17Chr7	+	2025297	2025847	-0.198151111080542	1	NS	-1.80879922873508	0.0319722361661612	DOWN
DOWN	dnf2_only	medtr.A17.gnm5.ann1_6.MtrunA17Chr7g0239601	MtrunA17Chr7g0239601			medtr.A17.gnm5.MtrunA17Chr7	+	29582314	29586180	0.0323472666077353	1	NS	-1.80351480415872	0.00129259696992306	DOWN
DOWN	dnf2_only	medtr.A17.gnm5.ann1_6.MtrunA17Chr3g0105301	MtrunA17Chr3g0105301			medtr.A17.gnm5.MtrunA17Chr3	+	29259129	29263847	-0.244408215973565	1	NS	-1.80219512379916	0.0171212539808725	DOWN
DOWN	dnf2_only	medtr.A17.gnm5.ann1_6.MtrunA17Chr1g0198861	MtrunA17Chr1g0198861			medtr.A17.gnm5.MtrunA17Chr1	-	45763914	45769809	-1.28342043632492	0.395817008959344	NS	-1.79996709520434	0.0350472844691744	DOWN
DOWN	dnf2_only	medtr.A17.gnm5.ann1_6.MtrunA17Chr7g0252431	MtrunA17Chr7g0252431			medtr.A17.gnm5.MtrunA17Chr7	-	39363579	39367242	-1.37236606627794	0.0739706243018095	NS	-1.79881736247213	0.000850063375549084	DOWN
DOWN	dnf2_only	medtr.A17.gnm5.ann1_6.MtrunA17Chr5g0429381	MtrunA17Chr5g0429381	MtNCR315	Nodule-specific Cysteine-Rich peptide	medtr.A17.gnm5.MtrunA17Chr5	+	30797536	30798323	-0.678330367150833	1	NS	-1.79830605595248	0.0368180752193423	DOWN
DOWN	dnf2_only	medtr.A17.gnm5.ann1_6.MtrunA17Chr3g0130391	MtrunA17Chr3g0130391	MtGA20ox5	Gibberellin 20 oxidase|gibberellin biosynthesis	medtr.A17.gnm5.MtrunA17Chr3	-	47574361	47577250	-0.911269491577588	1	NS	-1.79481714140555	0.0472065121670696	DOWN
DOWN	dnf2_only	medtr.A17.gnm5.ann1_6.MtrunA17Chr4g0006291	MtrunA17Chr4g0006291	MtNCR421	Nodule-specific Cysteine-Rich peptide	medtr.A17.gnm5.MtrunA17Chr4	-	5006334	5007184	-0.81680807865194	1	NS	-1.79450221043211	0.0422212682899486	DOWN
DOWN	dnf2_only	medtr.A17.gnm5.ann1_6.MtrunA17Chr7g0247031	MtrunA17Chr7g0247031			medtr.A17.gnm5.MtrunA17Chr7	+	35586350	35589471	-0.922006638604309	1	NS	-1.79425328854277	0.00291972776001336	DOWN
DOWN	dnf2_only	medtr.A17.gnm5.ann1_6.MtrunA17Chr7g0227961	MtrunA17Chr7g0227961			medtr.A17.gnm5.MtrunA17Chr7	-	13104290	13108879	-1.0452258208776	0.737343144696093	NS	-1.79375374759833	0.00168009356884907	DOWN
DOWN	dnf2_only	medtr.A17.gnm5.ann1_6.MtrunA17Chr8g0380661	MtrunA17Chr8g0380661			medtr.A17.gnm5.MtrunA17Chr8	+	40940336	40943863	-0.75371869223641	1	NS	-1.79308476950588	0.00130341038458296	DOWN
DOWN	dnf2_only	medtr.A17.gnm5.ann1_6.MtrunA17Chr1g0181171	MtrunA17Chr1g0181171			medtr.A17.gnm5.MtrunA17Chr1	-	32237508	32238546	0.36162392088245	1	NS	-1.79260655121171	0.00836316800727618	DOWN
DOWN	dnf2_only	medtr.A17.gnm5.ann1_6.MtrunA17Chr6g0483331	MtrunA17Chr6g0483331	MtMATE34	multidrug and toxic compound extrusion family	medtr.A17.gnm5.MtrunA17Chr6	-	37850082	37855279	-1.07809949878896	0.699500366951023	NS	-1.79237622131774	0.0135698494016313	DOWN
DOWN	dnf2_only	medtr.A17.gnm5.ann1_6.MtrunA17Chr7g0240051	MtrunA17Chr7g0240051			medtr.A17.gnm5.MtrunA17Chr7	-	29877980	29878951	-0.887596650747453	1	NS	-1.79183399896146	0.0149407958091455	DOWN
DOWN	dnf2_only	medtr.A17.gnm5.ann1_6.MtrunA17Chr3g0145361	MtrunA17Chr3g0145361			medtr.A17.gnm5.MtrunA17Chr3	-	58482528	58484939	0.972775130039179	0.960860120321195	NS	-1.79153328921492	0.00561032142943692	DOWN
DOWN	dnf2_only	medtr.A17.gnm5.ann1_6.MtrunA17Chr7g0247011	MtrunA17Chr7g0247011			medtr.A17.gnm5.MtrunA17Chr7	+	35581534	35584801	-0.790953799820352	1	NS	-1.786572860236	0.0212303218787931	DOWN
DOWN	dnf2_only	medtr.A17.gnm5.ann1_6.MtrunA17Chr4g0069431	MtrunA17Chr4g0069431			medtr.A17.gnm5.MtrunA17Chr4	+	59352035	59362254	-0.905125159628825	1	NS	-1.78580249644146	0.00669847663438203	DOWN
DOWN	dnf2_only	medtr.A17.gnm5.ann1_6.MtrunA17Chr7g0263551	MtrunA17Chr7g0263551			medtr.A17.gnm5.MtrunA17Chr7	+	47323218	47326221	2.64927016275557	6.4357773390205e-05	UP	-1.78576711258946	0.0311230687786694	DOWN
DOWN	dnf2_only	medtr.A17.gnm5.ann1_6.MtrunA17Chr3g0117971	MtrunA17Chr3g0117971			medtr.A17.gnm5.MtrunA17Chr3	+	38767280	38768666	0.200216755084661	1	NS	-1.78382895166168	0.0422837372304062	DOWN
DOWN	dnf2_only	medtr.A17.gnm5.ann1_6.MtrunA17Chr2g0324661	MtrunA17Chr2g0324661			medtr.A17.gnm5.MtrunA17Chr2	+	44767589	44770190	-0.802878255865674	1	NS	-1.78114438090889	0.0130691882996102	DOWN
DOWN	dnf2_only	medtr.A17.gnm5.ann1_6.MtrunA17Chr1g0196531	MtrunA17Chr1g0196531			medtr.A17.gnm5.MtrunA17Chr1	-	44056677	44062056	-1.33889807244756	0.143031103671554	NS	-1.77819352525808	0.00293601555272753	DOWN
DOWN	dnf2_only	medtr.A17.gnm5.ann1_6.MtrunA17Chr1g0206591	MtrunA17Chr1g0206591			medtr.A17.gnm5.MtrunA17Chr1	-	51478740	51485218	0.348437513505117	1	NS	-1.77532297457722	0.0157527074365886	DOWN
DOWN	dnf2_only	medtr.A17.gnm5.ann1_6.MtrunA17Chr4g0001101	MtrunA17Chr4g0001101			medtr.A17.gnm5.MtrunA17Chr4	+	721252	722595	-0.0987533899561	1	NS	-1.77461904314588	0.0305707199661277	DOWN
DOWN	dnf2_only	medtr.A17.gnm5.ann1_6.MtrunA17Chr7g0236271	MtrunA17Chr7g0236271			medtr.A17.gnm5.MtrunA17Chr7	+	26516698	26519302	1.21660355978707	0.459456979570216	NS	-1.77041670009484	0.0301041035567292	DOWN
DOWN	dnf2_only	medtr.A17.gnm5.ann1_6.MtrunA17Chr4g0060261	MtrunA17Chr4g0060261			medtr.A17.gnm5.MtrunA17Chr4	-	52721504	52728841	-0.0562220868707197	1	NS	-1.76936527604192	0.00107705861922404	DOWN
DOWN	dnf2_only	medtr.A17.gnm5.ann1_6.MtrunA17Chr6g0450791	MtrunA17Chr6g0450791			medtr.A17.gnm5.MtrunA17Chr6	+	1500676	1511545	-0.405155981526231	1	NS	-1.76658879360969	0.00218748762923486	DOWN
DOWN	dnf2_only	medtr.A17.gnm5.ann1_6.MtrunA17Chr5g0404831	MtrunA17Chr5g0404831			medtr.A17.gnm5.MtrunA17Chr5	+	8153873	8156561	-0.383917200861242	1	NS	-1.76536277245046	0.0261037875138829	DOWN
DOWN	dnf2_only	medtr.A17.gnm5.ann1_6.MtrunA17Chr5g0429371	MtrunA17Chr5g0429371			medtr.A17.gnm5.MtrunA17Chr5	-	30796241	30800539	-0.705134135263378	1	NS	-1.7645308119721	0.0455965711025471	DOWN
DOWN	dnf2_only	medtr.A17.gnm5.ann1_6.MtrunA17Chr7g0224341	MtrunA17Chr7g0224341	MtNCR180	Nodule-specific Cysteine-Rich peptide	medtr.A17.gnm5.MtrunA17Chr7	-	9544213	9546914	-0.767954147851429	1	NS	-1.76158821851196	0.0468092534683686	DOWN
DOWN	dnf2_only	medtr.A17.gnm5.ann1_6.MtrunA17Chr3g0134481	MtrunA17Chr3g0134481	MtRRB1|MtRR1	type-B response regulator	medtr.A17.gnm5.MtrunA17Chr3	-	50735469	50736811	-0.844582988135173	1	NS	-1.75893874940607	0.04716695428407	DOWN
DOWN	dnf2_only	medtr.A17.gnm5.ann1_6.MtrunA17Chr2g0295411	MtrunA17Chr2g0295411	MtPLD14	phospholipase D14	medtr.A17.gnm5.MtrunA17Chr2	-	13840286	13859001	-0.906676937402029	1	NS	-1.75890960428434	0.00617922801162981	DOWN
DOWN	dnf2_only	medtr.A17.gnm5.ann1_6.MtrunA17Chr8g0352981	MtrunA17Chr8g0352981			medtr.A17.gnm5.MtrunA17Chr8	+	14755186	14755552	-0.130292252142839	1	NS	-1.750468579507	0.00212123831104371	DOWN
DOWN	dnf2_only	medtr.A17.gnm5.ann1_6.MtrunA17Chr7g0267951	MtrunA17Chr7g0267951			medtr.A17.gnm5.MtrunA17Chr7	-	50533252	50537633	0.169005076769866	1	NS	-1.75007636429755	0.00311605066876758	DOWN
DOWN	dnf2_only	medtr.A17.gnm5.ann1_6.MtrunA17Chr1g0179311	MtrunA17Chr1g0179311			medtr.A17.gnm5.MtrunA17Chr1	-	30638348	30640389	-0.173890933038422	1	NS	-1.74754076401818	0.0357940639832368	DOWN
DOWN	dnf2_only	medtr.A17.gnm5.ann1_6.MtrunA17Chr3g0140911	MtrunA17Chr3g0140911	MtSUT4-2|MtSUT4.2	sucrose transporter	medtr.A17.gnm5.MtrunA17Chr3	+	55270562	55280374	1.60019037535921	0.0141789916131557	UP	-1.74318866958309	0.00465816353111603	DOWN
DOWN	dnf2_only	medtr.A17.gnm5.ann1_6.MtrunA17Chr2g0328581	MtrunA17Chr2g0328581			medtr.A17.gnm5.MtrunA17Chr2	+	47837255	47841343	-0.037308646789203	1	NS	-1.74239184798734	0.0103040294437892	DOWN
DOWN	dnf2_only	medtr.A17.gnm5.ann1_6.MtrunA17Chr1g0149461	MtrunA17Chr1g0149461			medtr.A17.gnm5.MtrunA17Chr1	-	2602664	2606610	1.18295727979034	0.509760871703593	NS	-1.73976946421654	0.0301686286834767	DOWN
DOWN	dnf2_only	medtr.A17.gnm5.ann1_6.MtrunA17Chr8g0370921	MtrunA17Chr8g0370921			medtr.A17.gnm5.MtrunA17Chr8	+	33976175	33977782	-0.987203841648796	0.916813639574899	NS	-1.73729938677623	0.00692433827671543	DOWN
DOWN	dnf2_only	medtr.A17.gnm5.ann1_6.MtrunA17Chr6g0455641	MtrunA17Chr6g0455641			medtr.A17.gnm5.MtrunA17Chr6	+	5662181	5666219	-0.0579847753330709	1	NS	-1.73414431904225	0.00526550312375257	DOWN
DOWN	dnf2_only	medtr.A17.gnm5.ann1_6.MtrunA17Chr6g0452941	MtrunA17Chr6g0452941			medtr.A17.gnm5.MtrunA17Chr6	+	3229178	3234883	0.513091830808702	1	NS	-1.73320262556698	0.0251455952182335	DOWN
DOWN	dnf2_only	medtr.A17.gnm5.ann1_6.MtrunA17Chr7g0261851	MtrunA17Chr7g0261851	MtNPF5.5	NRT1/ PTR FAMILY|nitrate transporter / peptide transporter	medtr.A17.gnm5.MtrunA17Chr7	-	46134369	46137385	-0.533730390169201	1	NS	-1.73237757333321	0.0108443497107876	DOWN
DOWN	dnf2_only	medtr.A17.gnm5.ann1_6.MtrunA17Chr2g0325101	MtrunA17Chr2g0325101	MtROP8	Rho-related GTPase 8 (EU164777)	medtr.A17.gnm5.MtrunA17Chr2	-	45107942	45110489	-0.218738260511645	1	NS	-1.72981143671638	0.00135390361893592	DOWN
DOWN	dnf2_only	medtr.A17.gnm5.ann1_6.MtrunA17Chr5g0425141	MtrunA17Chr5g0425141			medtr.A17.gnm5.MtrunA17Chr5	+	27168709	27173979	-0.27190195307425	1	NS	-1.72925501894936	0.0182958614122555	DOWN
DOWN	dnf2_only	medtr.A17.gnm5.ann1_6.MtrunA17Chr3g0123041	MtrunA17Chr3g0123041			medtr.A17.gnm5.MtrunA17Chr3	+	42346625	42356827	-0.0562840448535086	1	NS	-1.72879576290552	0.00691949215108181	DOWN
DOWN	dnf2_only	medtr.A17.gnm5.ann1_6.MtrunA17Chr1g0203121	MtrunA17Chr1g0203121			medtr.A17.gnm5.MtrunA17Chr1	+	49026672	49036375	-1.04985956092355	0.774593465315985	NS	-1.72613801033061	0.0305565413191073	DOWN
DOWN	dnf2_only	medtr.A17.gnm5.ann1_6.MtrunA17Chr1g0194751	MtrunA17Chr1g0194751			medtr.A17.gnm5.MtrunA17Chr1	-	42838019	42840573	-0.963777012974314	0.953883541995575	NS	-1.71954963830122	0.0425670424451889	DOWN
DOWN	dnf2_only	medtr.A17.gnm5.ann1_6.MtrunA17Chr4g0065571	MtrunA17Chr4g0065571			medtr.A17.gnm5.MtrunA17Chr4	-	56629515	56633574	0.522315576870001	1	NS	-1.71932111252547	0.0241612945880298	DOWN
DOWN	dnf2_only	medtr.A17.gnm5.ann1_6.MtrunA17Chr6g0470991	MtrunA17Chr6g0470991			medtr.A17.gnm5.MtrunA17Chr6	-	21527503	21529256	0.231583225893086	1	NS	-1.71908262679045	0.0480064725413756	DOWN
DOWN	dnf2_only	medtr.A17.gnm5.ann1_6.MtrunA17Chr3g0088531	MtrunA17Chr3g0088531			medtr.A17.gnm5.MtrunA17Chr3	-	9869071	9871068	0.505591986713724	1	NS	-1.69304097078166	0.0343038849273315	DOWN
DOWN	dnf2_only	medtr.A17.gnm5.ann1_6.MtrunA17Chr3g0094081	MtrunA17Chr3g0094081			medtr.A17.gnm5.MtrunA17Chr3	-	16552318	16567806	0.683225464986426	1	NS	-1.69179743778999	0.0102675887198147	DOWN
DOWN	dnf2_only	medtr.A17.gnm5.ann1_6.MtrunA17Chr6g0462841	MtrunA17Chr6g0462841			medtr.A17.gnm5.MtrunA17Chr6	+	11870425	11874860	-0.416807827987645	1	NS	-1.69064996910993	0.0102232436116524	DOWN
DOWN	dnf2_only	medtr.A17.gnm5.ann1_6.MtrunA17Chr8g0366111	MtrunA17Chr8g0366111			medtr.A17.gnm5.MtrunA17Chr8	-	30048222	30054963	0.68239244531547	1	NS	-1.68551978720214	0.00258006560344153	DOWN
DOWN	dnf2_only	medtr.A17.gnm5.ann1_6.MtrunA17Chr1g0146421	MtrunA17Chr1g0146421			medtr.A17.gnm5.MtrunA17Chr1	-	299539	304678	-1.43766857009603	0.0674700000126194	NS	-1.6819949588425	0.00658249211271343	DOWN
DOWN	dnf2_only	medtr.A17.gnm5.ann1_6.MtrunA17Chr7g0262541	MtrunA17Chr7g0262541			medtr.A17.gnm5.MtrunA17Chr7	+	46630620	46632808	-0.549133700103085	1	NS	-1.68008479524064	0.015740970989983	DOWN
DOWN	dnf2_only	medtr.A17.gnm5.ann1_6.MtrunA17Chr2g0329091	MtrunA17Chr2g0329091			medtr.A17.gnm5.MtrunA17Chr2	+	48179680	48182408	-0.841424876733212	1	NS	-1.67971910172984	0.0324395830824689	DOWN
DOWN	dnf2_only	medtr.A17.gnm5.ann1_6.MtrunA17Chr1g0211711	MtrunA17Chr1g0211711	MtJMJ12	Histone demethylase JmjC domain-containing	medtr.A17.gnm5.MtrunA17Chr1	+	55203937	55217513	0.125782634095255	1	NS	-1.67901478618378	0.0235079172869126	DOWN
DOWN	dnf2_only	medtr.A17.gnm5.ann1_6.MtrunA17Chr5g0424851	MtrunA17Chr5g0424851			medtr.A17.gnm5.MtrunA17Chr5	-	26896104	26901047	-1.45973763408766	0.1150884381881	NS	-1.67682149124894	0.0235079172869126	DOWN
DOWN	dnf2_only	medtr.A17.gnm5.ann1_6.MtrunA17Chr5g0403421	MtrunA17Chr5g0403421			medtr.A17.gnm5.MtrunA17Chr5	+	7225011	7229691	1.17263019819568	0.500514254499681	NS	-1.67646936476263	0.0479032537785946	DOWN
DOWN	dnf2_only	medtr.A17.gnm5.ann1_6.MtrunA17Chr1g0193131	MtrunA17Chr1g0193131			medtr.A17.gnm5.MtrunA17Chr1	+	41610872	41614039	-0.00477885857022062	1	NS	-1.67589530526667	0.0136794097117598	DOWN
DOWN	dnf2_only	medtr.A17.gnm5.ann1_6.MtrunA17Chr1g0171621	MtrunA17Chr1g0171621			medtr.A17.gnm5.MtrunA17Chr1	+	20355548	20358709	-0.372383637100301	1	NS	-1.67079187314901	0.0347157208261154	DOWN
DOWN	dnf2_only	medtr.A17.gnm5.ann1_6.MtrunA17Chr7g0224701	MtrunA17Chr7g0224701	MtNCR452	Nodule-specific Cysteine-Rich peptide	medtr.A17.gnm5.MtrunA17Chr7	-	10050493	10052497	-0.662357322518048	1	NS	-1.66937096484549	0.0313314814245345	DOWN
DOWN	dnf2_only	medtr.A17.gnm5.ann1_6.MtrunA17Chr8g0336661	MtrunA17Chr8g0336661			medtr.A17.gnm5.MtrunA17Chr8	-	1830073	1840129	0.169105742801707	1	NS	-1.66724876458314	0.0318759710879189	DOWN
DOWN	dnf2_only	medtr.A17.gnm5.ann1_6.MtrunA17Chr2g0320821	MtrunA17Chr2g0320821	MtNCR571	Nodule-specific Cysteine-Rich peptide	medtr.A17.gnm5.MtrunA17Chr2	-	42019749	42021837	-1.09089961183648	0.665635038522089	NS	-1.66365399433568	0.0282490821255879	DOWN
DOWN	dnf2_only	medtr.A17.gnm5.ann1_6.MtrunA17Chr8g0393101	MtrunA17Chr8g0393101			medtr.A17.gnm5.MtrunA17Chr8	+	49489048	49490968	-0.808937344384276	1	NS	-1.66330827470504	0.0223860727258853	DOWN
DOWN	dnf2_only	medtr.A17.gnm5.ann1_6.MtrunA17Chr3g0124061	MtrunA17Chr3g0124061			medtr.A17.gnm5.MtrunA17Chr3	-	43007538	43009421	0.388885717072125	1	NS	-1.64963076236938	0.0255936560765501	DOWN
DOWN	dnf2_only	medtr.A17.gnm5.ann1_6.MtrunA17Chr5g0422621	MtrunA17Chr5g0422621			medtr.A17.gnm5.MtrunA17Chr5	+	24435748	24438365	3.0885970252835	7.21125164815562e-06	UP	-1.64855452054264	0.0238635511892642	DOWN
DOWN	dnf2_only	medtr.A17.gnm5.ann1_6.MtrunA17Chr2g0317771	MtrunA17Chr2g0317771			medtr.A17.gnm5.MtrunA17Chr2	-	39571315	39572935	0.256152369781779	1	NS	-1.64842081268742	0.00380392706589605	DOWN
DOWN	dnf2_only	medtr.A17.gnm5.ann1_6.MtrunA17Chr3g0122821	MtrunA17Chr3g0122821			medtr.A17.gnm5.MtrunA17Chr3	+	42199025	42205546	-0.247158238844355	1	NS	-1.64778758172674	0.0180416858053251	DOWN
DOWN	dnf2_only	medtr.A17.gnm5.ann1_6.MtrunA17Chr1g0198371	MtrunA17Chr1g0198371	MtNCR012	Nodule-specific Cysteine-Rich peptide	medtr.A17.gnm5.MtrunA17Chr1	+	45382231	45382863	-1.17334425274007	0.481005255654043	NS	-1.64704630079937	0.0276292208882411	DOWN
DOWN	dnf2_only	medtr.A17.gnm5.ann1_6.MtrunA17Chr3g0126811	MtrunA17Chr3g0126811			medtr.A17.gnm5.MtrunA17Chr3	-	45063029	45064765	-1.00202340132531	0.874350166163223	NS	-1.64638273430364	0.0276042906210649	DOWN
DOWN	dnf2_only	medtr.A17.gnm5.ann1_6.MtrunA17Chr6g0452711	MtrunA17Chr6g0452711			medtr.A17.gnm5.MtrunA17Chr6	+	3048344	3066449	-1.29236420983166	0.158165995624613	NS	-1.64551646653306	0.00486510891661227	DOWN
DOWN	dnf2_only	medtr.A17.gnm5.ann1_6.MtrunA17Chr2g0314491	MtrunA17Chr2g0314491			medtr.A17.gnm5.MtrunA17Chr2	-	36933447	36938431	-1.30137609226421	0.287192049639438	NS	-1.64428914476502	0.03544828355861	DOWN
DOWN	dnf2_only	medtr.A17.gnm5.ann1_6.MtrunA17Chr4g0001381	MtrunA17Chr4g0001381			medtr.A17.gnm5.MtrunA17Chr4	+	961141	964876	-1.22215526188181	0.293954452256147	NS	-1.64115088890714	0.00810550593439565	DOWN
DOWN	dnf2_only	medtr.A17.gnm5.ann1_6.MtrunA17Chr3g0118241	MtrunA17Chr3g0118241			medtr.A17.gnm5.MtrunA17Chr3	-	38931330	38931854	-0.563635294063472	1	NS	-1.63537611848509	0.00960227317791633	DOWN
DOWN	dnf2_only	medtr.A17.gnm5.ann1_6.MtrunA17Chr4g0059711	MtrunA17Chr4g0059711			medtr.A17.gnm5.MtrunA17Chr4	-	52290328	52290859	1.1828835927308	0.338833294326925	NS	-1.63362505645029	0.00681915921915843	DOWN
DOWN	dnf2_only	medtr.A17.gnm5.ann1_6.MtrunA17Chr3g0139221	MtrunA17Chr3g0139221			medtr.A17.gnm5.MtrunA17Chr3	-	53977386	53979986	0.308399527478716	1	NS	-1.62407567171839	0.0057970146948263	DOWN
DOWN	dnf2_only	medtr.A17.gnm5.ann1_6.MtrunA17Chr3g0130841	MtrunA17Chr3g0130841			medtr.A17.gnm5.MtrunA17Chr3	+	47877674	47885300	-0.971890691230515	0.968813472576368	NS	-1.6235783947077	0.00871120410116411	DOWN
DOWN	dnf2_only	medtr.A17.gnm5.ann1_6.MtrunA17Chr5g0407791	MtrunA17Chr5g0407791			medtr.A17.gnm5.MtrunA17Chr5	-	10175074	10183782	-0.340589172219416	1	NS	-1.62086025148101	0.035829564605038	DOWN
DOWN	dnf2_only	medtr.A17.gnm5.ann1_6.MtrunA17Chr4g0011481	MtrunA17Chr4g0011481			medtr.A17.gnm5.MtrunA17Chr4	-	8991157	8995512	0.0541939265744275	1	NS	-1.62033057195099	0.00721361740127418	DOWN
DOWN	dnf2_only	medtr.A17.gnm5.ann1_6.MtrunA17Chr5g0433261	MtrunA17Chr5g0433261			medtr.A17.gnm5.MtrunA17Chr5	+	33772260	33778520	-0.956000703235619	1	NS	-1.61704727893996	0.00859195126792582	DOWN
DOWN	dnf2_only	medtr.A17.gnm5.ann1_6.MtrunA17Chr3g0102531	MtrunA17Chr3g0102531			medtr.A17.gnm5.MtrunA17Chr3	-	27057289	27064471	-0.684197959824523	1	NS	-1.61626242392757	0.0317234649965148	DOWN
DOWN	dnf2_only	medtr.A17.gnm5.ann1_6.MtrunA17Chr8g0350171	MtrunA17Chr8g0350171			medtr.A17.gnm5.MtrunA17Chr8	+	12292738	12293333	-0.457175527843239	1	NS	-1.60782929747276	0.0287106944881922	DOWN
DOWN	dnf2_only	medtr.A17.gnm5.ann1_6.MtrunA17Chr2g0306721	MtrunA17Chr2g0306721	MtNCR799	Nodule-specific Cysteine-Rich peptide	medtr.A17.gnm5.MtrunA17Chr2	+	28807787	28812283	-0.745028021911838	1	NS	-1.6046541651723	0.0434114784068944	DOWN
DOWN	dnf2_only	medtr.A17.gnm5.ann1_6.MtrunA17Chr7g0258551	MtrunA17Chr7g0258551			medtr.A17.gnm5.MtrunA17Chr7	-	43800558	43803288	-0.809891628063628	1	NS	-1.60326416101137	0.0317120991244493	DOWN
DOWN	dnf2_only	medtr.A17.gnm5.ann1_6.MtrunA17Chr1g0178601	MtrunA17Chr1g0178601			medtr.A17.gnm5.MtrunA17Chr1	-	30066994	30069963	-0.952904114015528	1	NS	-1.60031104821742	0.0245231664712336	DOWN
DOWN	dnf2_only	medtr.A17.gnm5.ann1_6.MtrunA17Chr2g0296061	MtrunA17Chr2g0296061			medtr.A17.gnm5.MtrunA17Chr2	+	14448834	14455029	0.580341645029099	1	NS	-1.59458089980275	0.0330177478910182	DOWN
DOWN	dnf2_only	medtr.A17.gnm5.ann1_6.MtrunA17Chr7g0239591	MtrunA17Chr7g0239591			medtr.A17.gnm5.MtrunA17Chr7	+	29577838	29582312	0.231707484605347	1	NS	-1.59100201112597	0.0401950825898489	DOWN
DOWN	dnf2_only	medtr.A17.gnm5.ann1_6.MtrunA17Chr8g0385201	MtrunA17Chr8g0385201			medtr.A17.gnm5.MtrunA17Chr8	-	43933298	43938659	-0.929637004015099	1	NS	-1.59088968194025	0.0397003757741812	DOWN
DOWN	dnf2_only	medtr.A17.gnm5.ann1_6.MtrunA17Chr1g0207031	MtrunA17Chr1g0207031			medtr.A17.gnm5.MtrunA17Chr1	+	51724013	51728098	-0.0208479161571423	1	NS	-1.59050681891409	0.0046468860944904	DOWN
DOWN	dnf2_only	medtr.A17.gnm5.ann1_6.MtrunA17Chr7g0275321	MtrunA17Chr7g0275321			medtr.A17.gnm5.MtrunA17Chr7	+	55289961	55295672	-1.18028171260848	0.36163354403269	NS	-1.5773650504274	0.011881525243536	DOWN
DOWN	dnf2_only	medtr.A17.gnm5.ann1_6.MtrunA17Chr2g0331741	MtrunA17Chr2g0331741			medtr.A17.gnm5.MtrunA17Chr2	-	49979365	49983214	-0.455046439166205	1	NS	-1.57520380983213	0.0306989458754118	DOWN
DOWN	dnf2_only	medtr.A17.gnm5.ann1_6.MtrunA17Chr2g0296891	MtrunA17Chr2g0296891			medtr.A17.gnm5.MtrunA17Chr2	+	15160606	15166147	-0.076397298847406	1	NS	-1.57510651940702	0.0189830702885017	DOWN
DOWN	dnf2_only	medtr.A17.gnm5.ann1_6.MtrunA17Chr2g0317901	MtrunA17Chr2g0317901			medtr.A17.gnm5.MtrunA17Chr2	+	39690272	39695609	1.76593910046586	0.00686489481774873	UP	-1.57277044689864	0.0249494134370543	DOWN
DOWN	dnf2_only	medtr.A17.gnm5.ann1_6.MtrunA17Chr1g0200031	MtrunA17Chr1g0200031			medtr.A17.gnm5.MtrunA17Chr1	-	46671374	46674996	-0.55806330441395	1	NS	-1.57250959449692	0.00777120735104686	DOWN
DOWN	dnf2_only	medtr.A17.gnm5.ann1_6.MtrunA17Chr3g0144941	MtrunA17Chr3g0144941			medtr.A17.gnm5.MtrunA17Chr3	+	58193568	58194462	-1.42898594526731	0.106436285077287	NS	-1.57202094172377	0.0334999774637122	DOWN
DOWN	dnf2_only	medtr.A17.gnm5.ann1_6.MtrunA17Chr8g0391011	MtrunA17Chr8g0391011			medtr.A17.gnm5.MtrunA17Chr8	-	48018445	48021111	1.49164336529072	0.0367440287320197	UP	-1.57158735992025	0.0169084923799055	DOWN
DOWN	dnf2_only	medtr.A17.gnm5.ann1_6.MtrunA17Chr7g0218061	MtrunA17Chr7g0218061			medtr.A17.gnm5.MtrunA17Chr7	+	3474464	3480752	-1.48542657484079	0.0662398837521362	NS	-1.56729902284819	0.0306740166389484	DOWN
DOWN	dnf2_only	medtr.A17.gnm5.ann1_6.MtrunA17Chr4g0018781	MtrunA17Chr4g0018781			medtr.A17.gnm5.MtrunA17Chr4	+	14098139	14103147	-0.0427006084002554	1	NS	-1.56571321547743	0.0467938815677034	DOWN
DOWN	dnf2_only	medtr.A17.gnm5.ann1_6.MtrunA17Chr1g0149941	MtrunA17Chr1g0149941			medtr.A17.gnm5.MtrunA17Chr1	+	3029371	3032102	-1.1920300066166	0.437657060424753	NS	-1.5614285943333	0.04716695428407	DOWN
DOWN	dnf2_only	medtr.A17.gnm5.ann1_6.MtrunA17Chr8g0382451	MtrunA17Chr8g0382451			medtr.A17.gnm5.MtrunA17Chr8	+	42080183	42082711	0.701361438660215	1	NS	-1.55996851513319	0.0139284674553602	DOWN
DOWN	dnf2_only	medtr.A17.gnm5.ann1_6.MtrunA17Chr4g0059701	MtrunA17Chr4g0059701			medtr.A17.gnm5.MtrunA17Chr4	+	52288138	52290933	1.33986418008902	0.161156443395281	NS	-1.55115251702447	0.0300553855521204	DOWN
DOWN	dnf2_only	medtr.A17.gnm5.ann1_6.MtrunA17Chr1g0196081	MtrunA17Chr1g0196081			medtr.A17.gnm5.MtrunA17Chr1	+	43787701	43791427	1.45069632151548	0.0393873070195687	UP	-1.54684665679746	0.0157815962637963	DOWN
DOWN	dnf2_only	medtr.A17.gnm5.ann1_6.MtrunA17Chr3g0140611	MtrunA17Chr3g0140611			medtr.A17.gnm5.MtrunA17Chr3	+	54973828	54980000	-0.261021826381609	1	NS	-1.53917420751831	0.00457494723368847	DOWN
DOWN	dnf2_only	medtr.A17.gnm5.ann1_6.MtrunA17Chr4g0001401	MtrunA17Chr4g0001401			medtr.A17.gnm5.MtrunA17Chr4	-	966581	970001	-1.01936031105225	0.831558295064759	NS	-1.53847225212831	0.0461453063473004	DOWN
DOWN	dnf2_only	medtr.A17.gnm5.ann1_6.MtrunA17Chr3g0114521	MtrunA17Chr3g0114521			medtr.A17.gnm5.MtrunA17Chr3	-	35977989	35982516	-0.427335965221338	1	NS	-1.53243939730454	0.0381321624316708	DOWN
DOWN	dnf2_only	medtr.A17.gnm5.ann1_6.MtrunA17Chr2g0307381	MtrunA17Chr2g0307381			medtr.A17.gnm5.MtrunA17Chr2	+	29957932	29967184	-0.0243090607547103	1	NS	-1.5301804276892	0.0483581166007109	DOWN
DOWN	dnf2_only	medtr.A17.gnm5.ann1_6.MtrunA17Chr8g0382441	MtrunA17Chr8g0382441			medtr.A17.gnm5.MtrunA17Chr8	-	42079842	42083172	0.663529311565255	1	NS	-1.52493608528831	0.0142234992879494	DOWN
DOWN	dnf2_only	medtr.A17.gnm5.ann1_6.MtrunA17Chr3g0118231	MtrunA17Chr3g0118231			medtr.A17.gnm5.MtrunA17Chr3	+	38928773	38932508	-0.439191282955733	1	NS	-1.52441797907094	0.0284758921475776	DOWN
DOWN	dnf2_only	medtr.A17.gnm5.ann1_6.MtrunA17Chr2g0317761	MtrunA17Chr2g0317761			medtr.A17.gnm5.MtrunA17Chr2	+	39567911	39573662	0.16401697960976	1	NS	-1.52197449686223	0.00694003236489151	DOWN
DOWN	dnf2_only	medtr.A17.gnm5.ann1_6.MtrunA17Chr4g0060021	MtrunA17Chr4g0060021			medtr.A17.gnm5.MtrunA17Chr4	+	52571845	52574879	-0.390394010095622	1	NS	-1.51367980373862	0.0245231664712336	DOWN
DOWN	dnf2_only	medtr.A17.gnm5.ann1_6.MtrunA17Chr1g0154611	MtrunA17Chr1g0154611			medtr.A17.gnm5.MtrunA17Chr1	-	6756633	6760691	-0.363783623673254	1	NS	-1.51289142687799	0.0200204905326941	DOWN
DOWN	dnf2_only	medtr.A17.gnm5.ann1_6.MtrunA17Chr3g0080071	MtrunA17Chr3g0080071			medtr.A17.gnm5.MtrunA17Chr3	-	2358722	2366426	-0.130309579457334	1	NS	-1.49761824993476	0.00838832237806307	DOWN
DOWN	dnf2_only	medtr.A17.gnm5.ann1_6.MtrunA17Chr8g0393091	MtrunA17Chr8g0393091			medtr.A17.gnm5.MtrunA17Chr8	+	49484292	49489046	-0.765049210532937	1	NS	-1.49638435482985	0.00251756983226887	DOWN
DOWN	dnf2_only	medtr.A17.gnm5.ann1_6.MtrunA17Chr4g0031131	MtrunA17Chr4g0031131			medtr.A17.gnm5.MtrunA17Chr4	-	31637504	31642151	-0.474993457822709	1	NS	-1.46272307170826	0.0155329795552471	DOWN
DOWN	dnf2_only	medtr.A17.gnm5.ann1_6.MtrunA17Chr5g0414361	MtrunA17Chr5g0414361			medtr.A17.gnm5.MtrunA17Chr5	+	15411995	15414265	-0.654124384215618	1	NS	-1.45210551904195	0.0253302000154404	DOWN
DOWN	dnf2_only	medtr.A17.gnm5.ann1_6.MtrunA17Chr7g0233071	MtrunA17Chr7g0233071			medtr.A17.gnm5.MtrunA17Chr7	-	23517758	23527891	0.163732913057356	1	NS	-1.43713643877803	0.0368470754380489	DOWN
DOWN	dnf2_only	medtr.A17.gnm5.ann1_6.MtrunA17Chr1g0205221	MtrunA17Chr1g0205221			medtr.A17.gnm5.MtrunA17Chr1	+	50523181	50531602	0.0453974338232753	1	NS	-1.4279464071131	0.0422837372304062	DOWN
DOWN	dnf2_only	medtr.A17.gnm5.ann1_6.MtrunA17Chr2g0292961	MtrunA17Chr2g0292961			medtr.A17.gnm5.MtrunA17Chr2	+	11869602	11875591	0.145450755693068	1	NS	-1.41555997033116	0.0169331823190996	DOWN
DOWN	dnf2_only	medtr.A17.gnm5.ann1_6.MtrunA17Chr2g0316211	MtrunA17Chr2g0316211			medtr.A17.gnm5.MtrunA17Chr2	+	38412503	38419567	-0.346338619841836	1	NS	-1.40477238992026	0.0322262253479532	DOWN
DOWN	dnf2_only	medtr.A17.gnm5.ann1_6.MtrunA17Chr6g0466851	MtrunA17Chr6g0466851			medtr.A17.gnm5.MtrunA17Chr6	-	15725036	15734048	0.268954821879019	1	NS	-1.36243812360796	0.0105659637842241	DOWN
DOWN	dnf2_only	medtr.A17.gnm5.ann1_6.MtrunA17Chr8g0383511	MtrunA17Chr8g0383511			medtr.A17.gnm5.MtrunA17Chr8	-	42771516	42775216	-0.375549061925204	1	NS	-1.34680057704535	0.0403408885233739	DOWN
UP	A485_dnf2_shared	medtr.A17.gnm5.ann1_6.MtrunA17Chr2g0295061	MtrunA17Chr2g0295061			medtr.A17.gnm5.MtrunA17Chr2	+	13582042	13587810	5.30405653481755	5.03489358373468e-05	UP	10.5508138194356	5.27800957885423e-09	UP
UP	A485_dnf2_shared	medtr.A17.gnm5.ann1_6.MtrunA17Chr1g0152831	MtrunA17Chr1g0152831			medtr.A17.gnm5.MtrunA17Chr1	-	5455854	5459537	7.35650827679132	3.12604875479073e-05	UP	9.7190511686582	1.932132082003e-07	UP
UP	A485_dnf2_shared	medtr.A17.gnm5.ann1_6.MtrunA17Chr4g0066581	MtrunA17Chr4g0066581	MtESL16_2|MtESL2.3	Sugar transporter ERD6-like|early-responsive to dehydration six-like	medtr.A17.gnm5.MtrunA17Chr4	+	57270936	57274888	8.54522532617307	0.0296283417332403	UP	8.51672816161085	0.0227011779721856	UP
UP	A485_dnf2_shared	medtr.A17.gnm5.ann1_6.MtrunA17Chr4g0011771	MtrunA17Chr4g0011771			medtr.A17.gnm5.MtrunA17Chr4	+	9257830	9260536	7.68462358414137	0.00675185710204271	UP	8.40393218371582	0.000927842465870547	UP
UP	A485_dnf2_shared	medtr.A17.gnm5.ann1_6.MtrunA17Chr7g0224561	MtrunA17Chr7g0224561	MtCYP93B11	Cytochrome P450 monooxygenase	medtr.A17.gnm5.MtrunA17Chr7	-	9835836	9838308	3.84149006065504	0.00289785208879452	UP	8.11056056466969	1.1537218360087e-08	UP
UP	A485_dnf2_shared	medtr.A17.gnm5.ann1_6.MtrunA17Chr2g0295111	MtrunA17Chr2g0295111			medtr.A17.gnm5.MtrunA17Chr2	+	13608587	13610171	5.76956933542322	0.0169738360059966	UP	7.56348268871122	8.24039770445029e-05	UP
UP	A485_dnf2_shared	medtr.A17.gnm5.ann1_6.MtrunA17Chr6g0476951	MtrunA17Chr6g0476951	MtKunitz37	Kunitz-P Trypsin Inhibitor	medtr.A17.gnm5.MtrunA17Chr6	+	31679113	31679991	7.12006122763331	4.14895410270963e-05	UP	7.54490368242615	8.06645422613137e-06	UP
UP	A485_dnf2_shared	medtr.A17.gnm5.ann1_6.MtrunA17Chr6g0458171	MtrunA17Chr6g0458171			medtr.A17.gnm5.MtrunA17Chr6	+	7742920	7743822	5.34786145497892	6.91833562937451e-05	UP	7.43115483460405	1.15189761441145e-07	UP
UP	A485_dnf2_shared	medtr.A17.gnm5.ann1_6.MtrunA17Chr2g0300101	MtrunA17Chr2g0300101			medtr.A17.gnm5.MtrunA17Chr2	-	17906626	17908752	4.96358385899253	0.0228219817280231	UP	7.29613715316935	2.98679772869621e-05	UP
UP	A485_dnf2_shared	medtr.A17.gnm5.ann1_6.MtrunA17Chr1g0186401	MtrunA17Chr1g0186401	MtIDA29	Inflorescence Deficient in Abscission	medtr.A17.gnm5.MtrunA17Chr1	-	36661667	36662139	7.15714647883073	0.00327350648557695	UP	7.05059149037867	0.00224168964245778	UP
UP	A485_dnf2_shared	medtr.A17.gnm5.ann1_6.MtrunA17Chr1g0200491	MtrunA17Chr1g0200491			medtr.A17.gnm5.MtrunA17Chr1	+	47019714	47021727	4.25224541342805	0.00153616176863039	UP	6.99918962557895	6.75732264013787e-06	UP
UP	A485_dnf2_shared	medtr.A17.gnm5.ann1_6.MtrunA17Chr6g0482021	MtrunA17Chr6g0482021	MtKunitz17	Kunitz-P Trypsin Inhibitor	medtr.A17.gnm5.MtrunA17Chr6	+	36731677	36732276	5.8312123829591	0.00355664606540776	UP	6.98063905295662	9.81587615388877e-05	UP
UP	A485_dnf2_shared	medtr.A17.gnm5.ann1_6.MtrunA17Chr5g0425361	MtrunA17Chr5g0425361			medtr.A17.gnm5.MtrunA17Chr5	-	27364071	27369785	9.01911047001271	4.97475863790191e-05	UP	6.94615812094812	0.00370386959498966	UP
UP	A485_dnf2_shared	medtr.A17.gnm5.ann1_6.MtrunA17Chr7g0224551	MtrunA17Chr7g0224551	MtCYP93B10	Cytochrome P450 monooxygenase	medtr.A17.gnm5.MtrunA17Chr7	-	9818496	9820910	5.15004925818657	5.17944824404958e-05	UP	6.8858919676574	1.15189761441145e-07	UP
UP	A485_dnf2_shared	medtr.A17.gnm5.ann1_6.MtrunA17Chr5g0438441	MtrunA17Chr5g0438441	MtNodGRP39	Nodule-specific Glycine-rich	medtr.A17.gnm5.MtrunA17Chr5	-	37609474	37612950	6.29566374400229	0.00156673718713096	UP	6.8281174861819	0.000198460722859125	UP
UP	A485_dnf2_shared	medtr.A17.gnm5.ann1_6.MtrunA17Chr5g0417321	MtrunA17Chr5g0417321			medtr.A17.gnm5.MtrunA17Chr5	+	17923036	17925191	5.9403262999113	0.00537971210184771	UP	6.6939093586296	0.000518600166365331	UP
UP	A485_dnf2_shared	medtr.A17.gnm5.ann1_6.MtrunA17Chr8g0361401	MtrunA17Chr8g0361401			medtr.A17.gnm5.MtrunA17Chr8	-	25742337	25743892	5.68706927465051	0.000559631807888504	UP	6.56415965900051	8.54631983635061e-05	UP
UP	A485_dnf2_shared	medtr.A17.gnm5.ann1_6.MtrunA17Chr3g0121931	MtrunA17Chr3g0121931			medtr.A17.gnm5.MtrunA17Chr3	-	41564863	41571172	6.06992114695357	0.00968263708780865	UP	6.51902316534626	0.00179799879160886	UP
UP	A485_dnf2_shared	medtr.A17.gnm5.ann1_6.MtrunA17Chr2g0284581	MtrunA17Chr2g0284581			medtr.A17.gnm5.MtrunA17Chr2	+	5430869	5434164	7.47150813998981	0.00142387856669806	UP	6.51770035030303	0.00789927755482998	UP
UP	A485_dnf2_shared	medtr.A17.gnm5.ann1_6.MtrunA17Chr1g0187201	MtrunA17Chr1g0187201	MtSubIn4	Subtilisin inhibitor	medtr.A17.gnm5.MtrunA17Chr1	+	37302349	37302970	7.63913441576461	0.00150377986422198	UP	6.51760165488944	0.0102730398051943	UP
UP	A485_dnf2_shared	medtr.A17.gnm5.ann1_6.MtrunA17Chr6g0482041	MtrunA17Chr6g0482041	MtKunitz19	Kunitz-P Trypsin Inhibitor	medtr.A17.gnm5.MtrunA17Chr6	+	36741343	36742378	5.06220221637387	1.33609416270193e-05	UP	6.4138189587306	4.11264061670072e-07	UP
UP	A485_dnf2_shared	medtr.A17.gnm5.ann1_6.MtrunA17Chr3g0101631	MtrunA17Chr3g0101631	MtCYP71D75	Cytochrome P450 monooxygenase	medtr.A17.gnm5.MtrunA17Chr3	+	26114877	26117677	6.52625745792994	0.0387284784327537	UP	6.3695747730277	0.0366341806075963	UP
UP	A485_dnf2_shared	medtr.A17.gnm5.ann1_6.MtrunA17Chr3g0082831	MtrunA17Chr3g0082831	MtPSN1	peptide suppressing nodulation	medtr.A17.gnm5.MtrunA17Chr3	-	4592380	4593528	4.79587562298636	0.0176663619805696	UP	6.36786416735288	0.000186317381639151	UP
UP	A485_dnf2_shared	medtr.A17.gnm5.ann1_6.MtrunA17Chr2g0316031	MtrunA17Chr2g0316031			medtr.A17.gnm5.MtrunA17Chr2	-	38224440	38229706	6.13418023277895	0.0168630622666833	UP	6.32958033095855	0.00648690695827908	UP
UP	A485_dnf2_shared	medtr.A17.gnm5.ann1_6.MtrunA17Chr6g0487981	MtrunA17Chr6g0487981			medtr.A17.gnm5.MtrunA17Chr6	-	42111021	42113674	5.43236993236991	0.000131038198320314	UP	6.31125639870808	1.44110757321174e-05	UP
UP	A485_dnf2_shared	medtr.A17.gnm5.ann1_6.MtrunA17Chr8g0374141	MtrunA17Chr8g0374141			medtr.A17.gnm5.MtrunA17Chr8	-	36230263	36233267	6.47515234787697	3.10178324284569e-06	UP	6.309582507602	5.73140426106663e-07	UP
UP	A485_dnf2_shared	medtr.A17.gnm5.ann1_6.MtrunA17Chr2g0287861	MtrunA17Chr2g0287861			medtr.A17.gnm5.MtrunA17Chr2	-	7838830	7843816	5.47168632105568	0.000107304897671771	UP	6.27827354954213	1.19631057473046e-05	UP
UP	A485_dnf2_shared	medtr.A17.gnm5.ann1_6.MtrunA17Chr3g0138351	MtrunA17Chr3g0138351			medtr.A17.gnm5.MtrunA17Chr3	+	53286574	53288876	6.61946574285833	0.00500238605193934	UP	6.24363250091065	0.00667358371334783	UP
UP	A485_dnf2_shared	medtr.A17.gnm5.ann1_6.MtrunA17Chr4g0014931	MtrunA17Chr4g0014931			medtr.A17.gnm5.MtrunA17Chr4	-	12302248	12304323	3.46841580845166	0.023495425882006	UP	6.13055461999518	5.00350497632278e-06	UP
UP	A485_dnf2_shared	medtr.A17.gnm5.ann1_6.MtrunA17Chr8g0355961	MtrunA17Chr8g0355961	MtCYP76F70	Cytochrome P450 monooxygenase	medtr.A17.gnm5.MtrunA17Chr8	+	17552551	17555515	3.97840505542529	0.0080108757057182	UP	6.08935637709539	4.18322168323589e-05	UP
UP	A485_dnf2_shared	medtr.A17.gnm5.ann1_6.MtrunA17Chr4g0033201	MtrunA17Chr4g0033201			medtr.A17.gnm5.MtrunA17Chr4	+	33136611	33140846	4.75452784646592	5.48065917805312e-05	UP	5.93489049083653	2.51317627897906e-06	UP
UP	A485_dnf2_shared	medtr.A17.gnm5.ann1_6.MtrunA17Chr5g0442701	MtrunA17Chr5g0442701			medtr.A17.gnm5.MtrunA17Chr5	-	40736490	40738265	7.5453225224804	0.00152472584493173	UP	5.92839479560703	0.023579920863586	UP
UP	A485_dnf2_shared	medtr.A17.gnm5.ann1_6.MtrunA17Chr2g0295371	MtrunA17Chr2g0295371	AtPR-1-like|MtCAPE12	pathogenesis-related protein 1 (SA-inducible in Mt)|CAP-derived peptide 12	medtr.A17.gnm5.MtrunA17Chr2	+	13812283	13813324	7.92695029481764	7.69404301608052e-06	UP	5.87995971331143	2.50925241207306e-05	UP
UP	A485_dnf2_shared	medtr.A17.gnm5.ann1_6.MtrunA17Chr3g0125611	MtrunA17Chr3g0125611			medtr.A17.gnm5.MtrunA17Chr3	+	44116337	44121774	7.66135275982152	0.000967126802321884	UP	5.8220929754405	0.0233467332119611	UP
UP	A485_dnf2_shared	medtr.A17.gnm5.ann1_6.MtrunA17Chr7g0222871	MtrunA17Chr7g0222871			medtr.A17.gnm5.MtrunA17Chr7	-	8151202	8152176	6.51231441387522	0.000204591728043779	UP	5.71533394060523	0.000417364289560189	UP
UP	A485_dnf2_shared	medtr.A17.gnm5.ann1_6.MtrunA17Chr1g0189071	MtrunA17Chr1g0189071			medtr.A17.gnm5.MtrunA17Chr1	+	38685672	38689932	5.76637357716774	8.87758178237555e-06	UP	5.66112564581058	2.77348433420669e-06	UP
UP	A485_dnf2_shared	medtr.A17.gnm5.ann1_6.MtrunA17Chr6g0462311	MtrunA17Chr6g0462311			medtr.A17.gnm5.MtrunA17Chr6	-	11346663	11347548	4.56425841041103	0.00351358390020613	UP	5.65114442316276	8.77372887200102e-05	UP
UP	A485_dnf2_shared	medtr.A17.gnm5.ann1_6.MtrunA17Chr2g0280291	MtrunA17Chr2g0280291			medtr.A17.gnm5.MtrunA17Chr2	+	2466972	2472207	3.50257333429927	0.0260678084804002	UP	5.6385874667821	3.90336625852582e-05	UP
UP	A485_dnf2_shared	medtr.A17.gnm5.ann1_6.MtrunA17Chr7g0222171	MtrunA17Chr7g0222171			medtr.A17.gnm5.MtrunA17Chr7	-	7399831	7402652	4.12172315960572	2.63198820303407e-05	UP	5.62971165596913	5.34766600723608e-07	UP
UP	A485_dnf2_shared	medtr.A17.gnm5.ann1_6.MtrunA17Chr2g0285141	MtrunA17Chr2g0285141	MtS40	Putative senescence regulator S40	medtr.A17.gnm5.MtrunA17Chr2	+	5762763	5763663	5.73108768846041	0.000991329167914514	UP	5.62694120401263	0.000652163835972774	UP
UP	A485_dnf2_shared	medtr.A17.gnm5.ann1_6.MtrunA17Chr1g0150461	MtrunA17Chr1g0150461			medtr.A17.gnm5.MtrunA17Chr1	-	3484401	3485638	5.0043254039463	0.0275815732965291	UP	5.52685645693602	0.00504098406040923	UP
UP	A485_dnf2_shared	medtr.A17.gnm5.ann1_6.MtrunA17Chr7g0239691	MtrunA17Chr7g0239691			medtr.A17.gnm5.MtrunA17Chr7	+	29652035	29652418	3.62170085608518	0.0456824323062533	UP	5.50973951644086	5.65976159980052e-05	UP
UP	A485_dnf2_shared	medtr.A17.gnm5.ann1_6.MtrunA17Chr2g0315821	MtrunA17Chr2g0315821			medtr.A17.gnm5.MtrunA17Chr2	-	38044215	38045670	4.70682539010435	0.0340300797382704	UP	5.46845737618053	0.0037151364578783	UP
UP	A485_dnf2_shared	medtr.A17.gnm5.ann1_6.MtrunA17Chr4g0014461	MtrunA17Chr4g0014461	MtT2SPI2	Potato type II proteinase inhibitor	medtr.A17.gnm5.MtrunA17Chr4	-	11846769	11848361	3.23237087811182	0.00800693592646741	UP	5.43976352836509	1.01009182368666e-05	UP
UP	A485_dnf2_shared	medtr.A17.gnm5.ann1_6.MtrunA17Chr7g0245641	MtrunA17Chr7g0245641	MtVRC2	vestitone reductase cluster gene 2	medtr.A17.gnm5.MtrunA17Chr7	+	34640863	34644399	3.12635150633123	0.0432397308826027	UP	5.40792534764401	0.000197094578494853	UP
UP	A485_dnf2_shared	medtr.A17.gnm5.ann1_6.MtrunA17Chr8g0391091	MtrunA17Chr8g0391091			medtr.A17.gnm5.MtrunA17Chr8	-	48050655	48052385	6.71022934519568	0.000281985078659765	UP	5.38595125528302	0.00438048983063479	UP
UP	A485_dnf2_shared	medtr.A17.gnm5.ann1_6.MtrunA17Chr2g0314911	MtrunA17Chr2g0314911			medtr.A17.gnm5.MtrunA17Chr2	-	37273184	37281807	4.52577210876329	0.00353844714832282	UP	5.37039348528131	0.000132348755657655	UP
UP	A485_dnf2_shared	medtr.A17.gnm5.ann1_6.MtrunA17Chr3g0117991	MtrunA17Chr3g0117991			medtr.A17.gnm5.MtrunA17Chr3	+	38778043	38781452	5.28915696495296	0.0025311255501125	UP	5.31876353920464	0.00106193437254582	UP
UP	A485_dnf2_shared	medtr.A17.gnm5.ann1_6.MtrunA17Chr6g0458151	MtrunA17Chr6g0458151			medtr.A17.gnm5.MtrunA17Chr6	+	7737844	7738344	3.19164259272432	0.019338645266988	UP	5.28934388903965	1.44984266660229e-05	UP
UP	A485_dnf2_shared	medtr.A17.gnm5.ann1_6.MtrunA17Chr3g0083371	MtrunA17Chr3g0083371			medtr.A17.gnm5.MtrunA17Chr3	-	4975246	4975970	7.98889960833519	1.00540501673144e-05	UP	5.27868790658723	0.00217663613904486	UP
UP	A485_dnf2_shared	medtr.A17.gnm5.ann1_6.MtrunA17Chr2g0307321	MtrunA17Chr2g0307321			medtr.A17.gnm5.MtrunA17Chr2	+	29850959	29853032	5.81599643623584	0.0159470703638598	UP	5.15352375591158	0.0403408885233739	UP
UP	A485_dnf2_shared	medtr.A17.gnm5.ann1_6.MtrunA17Chr1g0210281	MtrunA17Chr1g0210281			medtr.A17.gnm5.MtrunA17Chr1	+	54062832	54073351	2.89489821751245	0.0126665430718621	UP	5.03021335944681	5.84682174314148e-06	UP
UP	A485_dnf2_shared	medtr.A17.gnm5.ann1_6.MtrunA17Chr7g0222901	MtrunA17Chr7g0222901			medtr.A17.gnm5.MtrunA17Chr7	-	8163614	8164494	6.84946778437279	7.24010921030619e-05	UP	5.00799776508998	0.000698508228459349	UP
UP	A485_dnf2_shared	medtr.A17.gnm5.ann1_6.MtrunA17Chr2g0295131	MtrunA17Chr2g0295131			medtr.A17.gnm5.MtrunA17Chr2	+	13613393	13614427	4.56147754785056	5.80054355395288e-05	UP	4.99321053937251	8.98477158213498e-06	UP
UP	A485_dnf2_shared	medtr.A17.gnm5.ann1_6.MtrunA17Chr4g0028221	MtrunA17Chr4g0028221			medtr.A17.gnm5.MtrunA17Chr4	-	29178358	29181436	4.98537646307823	0.0079831928055586	UP	4.98502689178892	0.0048353440698834	UP
UP	A485_dnf2_shared	medtr.A17.gnm5.ann1_6.MtrunA17Chr4g0029961	MtrunA17Chr4g0029961			medtr.A17.gnm5.MtrunA17Chr4	+	30604961	30606107	4.17071373022076	0.0183791084927672	UP	4.88072422220392	0.00205289764688553	UP
UP	A485_dnf2_shared	medtr.A17.gnm5.ann1_6.MtrunA17Chr8g0344711	MtrunA17Chr8g0344711			medtr.A17.gnm5.MtrunA17Chr8	-	7861787	7863381	5.25538268852267	0.000120282574156164	UP	4.82977556602111	0.000169344954719	UP
UP	A485_dnf2_shared	medtr.A17.gnm5.ann1_6.MtrunA17Chr4g0053901	MtrunA17Chr4g0053901			medtr.A17.gnm5.MtrunA17Chr4	-	47754408	47756963	4.3303914274787	0.00635902650556235	UP	4.81814561347478	0.000735564073742584	UP
UP	A485_dnf2_shared	medtr.A17.gnm5.ann1_6.MtrunA17Chr8g0386351	MtrunA17Chr8g0386351			medtr.A17.gnm5.MtrunA17Chr8	-	44806694	44811664	2.70083636188714	0.00584166626787508	UP	4.80344696581638	4.93407999707943e-06	UP
UP	A485_dnf2_shared	medtr.A17.gnm5.ann1_6.MtrunA17Chr1g0202241	MtrunA17Chr1g0202241			medtr.A17.gnm5.MtrunA17Chr1	+	48478795	48480172	2.25352895926231	0.0194963843986871	UP	4.73575105458129	5.09283293312004e-06	UP
UP	A485_dnf2_shared	medtr.A17.gnm5.ann1_6.MtrunA17Chr4g0053621	MtrunA17Chr4g0053621	MtCYP81E58	Cytochrome P450 monooxygenase	medtr.A17.gnm5.MtrunA17Chr4	-	47515822	47519684	4.61846198600969	0.00162331423048456	UP	4.70118319901991	0.000668880206409745	UP
UP	A485_dnf2_shared	medtr.A17.gnm5.ann1_6.MtrunA17Chr2g0313761	MtrunA17Chr2g0313761	MtCYP72A66	Cytochrome P450 monooxygenase	medtr.A17.gnm5.MtrunA17Chr2	+	36412482	36417826	3.64688962051764	0.00675185710204271	UP	4.67785243293726	0.000181263375321929	UP
UP	A485_dnf2_shared	medtr.A17.gnm5.ann1_6.MtrunA17Chr6g0476961	MtrunA17Chr6g0476961	MtKunitz36	Kunitz-P Trypsin Inhibitor	medtr.A17.gnm5.MtrunA17Chr6	+	31711383	31712299	2.96803334029314	0.00127470353332729	UP	4.60841335832166	7.75451339801133e-06	UP
UP	A485_dnf2_shared	medtr.A17.gnm5.ann1_6.MtrunA17Chr4g0048001	MtrunA17Chr4g0048001			medtr.A17.gnm5.MtrunA17Chr4	-	43832450	43835496	3.36107350530336	0.045568673147472	UP	4.5871243730558	0.00215591118045256	UP
UP	A485_dnf2_shared	medtr.A17.gnm5.ann1_6.MtrunA17Chr4g0008521	MtrunA17Chr4g0008521			medtr.A17.gnm5.MtrunA17Chr4	+	6490107	6496039	2.74661553182384	0.0197699783882452	UP	4.55909630659775	0.000150892138347146	UP
UP	A485_dnf2_shared	medtr.A17.gnm5.ann1_6.MtrunA17Chr4g0006261	MtrunA17Chr4g0006261	MtGT-21	trihelix transcription factor (GT) 21	medtr.A17.gnm5.MtrunA17Chr4	-	4991107	4993356	4.30778718616425	0.00591422926464147	UP	4.53470590076667	0.00200967752790226	UP
UP	A485_dnf2_shared	medtr.A17.gnm5.ann1_6.MtrunA17Chr8g0374511	MtrunA17Chr8g0374511			medtr.A17.gnm5.MtrunA17Chr8	+	36436700	36441869	3.11122783621882	0.0146259065306146	UP	4.47937129727015	0.000233565713146498	UP
UP	A485_dnf2_shared	medtr.A17.gnm5.ann1_6.MtrunA17Chr8g0339681	MtrunA17Chr8g0339681	MtPDF58	Plant Defensin	medtr.A17.gnm5.MtrunA17Chr8	-	3712007	3713973	5.59536024662487	0.000203362772017185	UP	4.46003131654422	0.00301206336379751	UP
UP	A485_dnf2_shared	medtr.A17.gnm5.ann1_6.MtrunA17Chr3g0107731	MtrunA17Chr3g0107731			medtr.A17.gnm5.MtrunA17Chr3	+	31269455	31271099	4.39591280983792	0.000297348433337536	UP	4.42933593994891	0.000145548010258011	UP
UP	A485_dnf2_shared	medtr.A17.gnm5.ann1_6.MtrunA17Chr8g0353131	MtrunA17Chr8g0353131			medtr.A17.gnm5.MtrunA17Chr8	-	14903063	14905242	2.99647222828478	0.0153502176138009	UP	4.42711367662531	6.95417739626985e-05	UP
UP	A485_dnf2_shared	medtr.A17.gnm5.ann1_6.MtrunA17Chr7g0239341	MtrunA17Chr7g0239341			medtr.A17.gnm5.MtrunA17Chr7	-	29378870	29380530	5.37504543956763	0.00238002026139206	UP	4.37294321920603	0.0184171146020755	UP
UP	A485_dnf2_shared	medtr.A17.gnm5.ann1_6.MtrunA17Chr8g0336811	MtrunA17Chr8g0336811			medtr.A17.gnm5.MtrunA17Chr8	-	1897708	1898859	4.19776276118417	0.0236294304210041	UP	4.37190094654143	0.00858783879353422	UP
UP	A485_dnf2_shared	medtr.A17.gnm5.ann1_6.MtrunA17Chr7g0252971	MtrunA17Chr7g0252971			medtr.A17.gnm5.MtrunA17Chr7	+	39730385	39732560	4.7959165926635	0.000157311999370393	UP	4.3468671505371	0.000226166891321593	UP
UP	A485_dnf2_shared	medtr.A17.gnm5.ann1_6.MtrunA17Chr5g0446921	MtrunA17Chr5g0446921			medtr.A17.gnm5.MtrunA17Chr5	+	43346223	43348950	3.77828106181593	0.00221202322677423	UP	4.33091975313246	0.000222057347201996	UP
UP	A485_dnf2_shared	medtr.A17.gnm5.ann1_6.MtrunA17Chr8g0374491	MtrunA17Chr8g0374491			medtr.A17.gnm5.MtrunA17Chr8	+	36422979	36426592	2.95769475269249	0.0150407752786065	UP	4.31398144102917	3.96860748049103e-05	UP
UP	A485_dnf2_shared	medtr.A17.gnm5.ann1_6.MtrunA17Chr7g0265041	MtrunA17Chr7g0265041			medtr.A17.gnm5.MtrunA17Chr7	+	48455964	48457746	2.87721459161306	0.0150054134218492	UP	4.30408663820998	0.000108260592954072	UP
UP	A485_dnf2_shared	medtr.A17.gnm5.ann1_6.MtrunA17Chr3g0145981	MtrunA17Chr3g0145981	MtPR3	pathogenesis related protein 3 (defense response-activated chitinase)	medtr.A17.gnm5.MtrunA17Chr3	+	58826926	58831767	4.46547321315795	1.00540501673144e-05	UP	4.25923727187008	5.09283293312004e-06	UP
UP	A485_dnf2_shared	medtr.A17.gnm5.ann1_6.MtrunA17Chr1g0190651	MtrunA17Chr1g0190651	MtPR4	pathogenesis-related protein 4, SA-inducible	medtr.A17.gnm5.MtrunA17Chr1	-	39826923	39827947	4.65860398714135	3.66801572736437e-05	UP	4.21060232058787	5.10349666892359e-05	UP
UP	A485_dnf2_shared	medtr.A17.gnm5.ann1_6.MtrunA17Chr2g0299161	MtrunA17Chr2g0299161	MtBGAL3	beta-galactosidase 3	medtr.A17.gnm5.MtrunA17Chr2	+	17157211	17163803	2.86411934459041	8.49635600220968e-05	UP	4.17697710989456	5.73140426106663e-07	UP
UP	A485_dnf2_shared	medtr.A17.gnm5.ann1_6.MtrunA17Chr4g0019001	MtrunA17Chr4g0019001			medtr.A17.gnm5.MtrunA17Chr4	-	14349964	14350876	4.57701773591112	0.000349193110838985	UP	4.16694502379536	0.000599683613026008	UP
UP	A485_dnf2_shared	medtr.A17.gnm5.ann1_6.MtrunA17Chr2g0316021	MtrunA17Chr2g0316021			medtr.A17.gnm5.MtrunA17Chr2	+	38222228	38224774	3.15837866732399	0.0321800881883988	UP	4.14232301161285	0.00107339502885059	UP
UP	A485_dnf2_shared	medtr.A17.gnm5.ann1_6.MtrunA17Chr5g0411621	MtrunA17Chr5g0411621	MtSTR2	stunted arbuscule 2	medtr.A17.gnm5.MtrunA17Chr5	+	13142126	13146251	3.89087900689041	0.00108953749123908	UP	4.13539065184891	0.000258119695335324	UP
UP	A485_dnf2_shared	medtr.A17.gnm5.ann1_6.MtrunA17Chr5g0396571	MtrunA17Chr5g0396571			medtr.A17.gnm5.MtrunA17Chr5	-	2139232	2143352	3.01277101314524	0.0218795338555534	UP	4.12272851511812	0.000324840357496165	UP
UP	A485_dnf2_shared	medtr.A17.gnm5.ann1_6.MtrunA17Chr3g0132531	MtrunA17Chr3g0132531	MtMATE16	multidrug and toxic compound extrusion family	medtr.A17.gnm5.MtrunA17Chr3	-	49159436	49163873	3.16087823458366	0.0125364257970073	UP	4.05625674518638	0.000479327563339107	UP
UP	A485_dnf2_shared	medtr.A17.gnm5.ann1_6.MtrunA17Chr1g0192371	MtrunA17Chr1g0192371			medtr.A17.gnm5.MtrunA17Chr1	-	41042556	41047362	5.82014579658578	0.000408655082783983	UP	3.94916207367428	0.0275040100068743	UP
UP	A485_dnf2_shared	medtr.A17.gnm5.ann1_6.MtrunA17Chr5g0431501	MtrunA17Chr5g0431501	MtCYP83G1v1b	Cytochrome P450 monooxygenase	medtr.A17.gnm5.MtrunA17Chr5	-	32344821	32346891	2.02268215459406	0.0322731455502942	UP	3.94448829030144	7.29871894647424e-06	UP
UP	A485_dnf2_shared	medtr.A17.gnm5.ann1_6.MtrunA17Chr5g0394211	MtrunA17Chr5g0394211			medtr.A17.gnm5.MtrunA17Chr5	-	667009	668313	3.41738509645894	0.0108049233320527	UP	3.93666223481526	0.00114815166582744	UP
UP	A485_dnf2_shared	medtr.A17.gnm5.ann1_6.MtrunA17Chr1g0167761	MtrunA17Chr1g0167761	MtPT2	phosphate transporter	medtr.A17.gnm5.MtrunA17Chr1	+	16627043	16631223	4.04394691720771	0.00141345264351164	UP	3.91314577257714	0.00114563075810766	UP
UP	A485_dnf2_shared	medtr.A17.gnm5.ann1_6.MtrunA17Chr3g0078521	MtrunA17Chr3g0078521			medtr.A17.gnm5.MtrunA17Chr3	+	1096401	1101566	4.79424743235905	0.00758896557554529	UP	3.85777985180971	0.0472283665529394	UP
UP	A485_dnf2_shared	medtr.A17.gnm5.ann1_6.MtrunA17Chr5g0396771	MtrunA17Chr5g0396771			medtr.A17.gnm5.MtrunA17Chr5	-	2278567	2280279	4.20966386862047	0.00495814823829112	UP	3.84141435912263	0.00792626274131509	UP
UP	A485_dnf2_shared	medtr.A17.gnm5.ann1_6.MtrunA17Chr7g0223501	MtrunA17Chr7g0223501			medtr.A17.gnm5.MtrunA17Chr7	+	8743747	8745154	3.72681844401581	0.00354562139604333	UP	3.83591062462642	0.00157813018176631	UP
UP	A485_dnf2_shared	medtr.A17.gnm5.ann1_6.MtrunA17Chr4g0041481	MtrunA17Chr4g0041481	MtCP8	cystein protease 8	medtr.A17.gnm5.MtrunA17Chr4	-	39141087	39143010	3.68347259305329	0.0443223489434614	UP	3.82718863497973	0.0300467351238304	UP
UP	A485_dnf2_shared	medtr.A17.gnm5.ann1_6.MtrunA17Chr6g0477281	MtrunA17Chr6g0477281	MtKunitz44	Kunitz-P Trypsin Inhibitor	medtr.A17.gnm5.MtrunA17Chr6	-	32063763	32064606	3.82779592762939	0.0313670579947086	UP	3.7533686609003	0.0287106944881922	UP
UP	A485_dnf2_shared	medtr.A17.gnm5.ann1_6.MtrunA17Chr3g0111221	MtrunA17Chr3g0111221	MtLegin34	Leginsulin 34	medtr.A17.gnm5.MtrunA17Chr3	-	33590078	33592776	5.65514693105607	0.000524438989985879	UP	3.73871942029713	0.0364367866061551	UP
UP	A485_dnf2_shared	medtr.A17.gnm5.ann1_6.MtrunA17Chr5g0427341	MtrunA17Chr5g0427341			medtr.A17.gnm5.MtrunA17Chr5	-	29178618	29182142	4.12743486502913	0.00872100009182254	UP	3.69980289532839	0.0156835690141447	UP
UP	A485_dnf2_shared	medtr.A17.gnm5.ann1_6.MtrunA17Chr7g0251551	MtrunA17Chr7g0251551			medtr.A17.gnm5.MtrunA17Chr7	-	38705144	38706046	3.37424369775803	0.0151987101886723	UP	3.68737116916543	0.00360628389643155	UP
UP	A485_dnf2_shared	medtr.A17.gnm5.ann1_6.MtrunA17Chr5g0424211	MtrunA17Chr5g0424211			medtr.A17.gnm5.MtrunA17Chr5	+	26144019	26149762	4.37154735081066	0.000510310678587432	UP	3.66808389584556	0.00212123831104371	UP
UP	A485_dnf2_shared	medtr.A17.gnm5.ann1_6.MtrunA17Chr6g0461211	MtrunA17Chr6g0461211			medtr.A17.gnm5.MtrunA17Chr6	+	10469534	10474679	4.80548901776898	0.000133783628234684	UP	3.66694980330787	0.00146833165945339	UP
UP	A485_dnf2_shared	medtr.A17.gnm5.ann1_6.MtrunA17Chr8g0360241	MtrunA17Chr8g0360241			medtr.A17.gnm5.MtrunA17Chr8	-	24276834	24280652	3.27749997270313	0.00137188913071755	UP	3.65114255215688	0.000258975270673025	UP
UP	A485_dnf2_shared	medtr.A17.gnm5.ann1_6.MtrunA17Chr5g0421001	MtrunA17Chr5g0421001			medtr.A17.gnm5.MtrunA17Chr5	-	21650712	21652922	2.68889846816173	0.00121090781273412	UP	3.6431859968918	2.54931266385734e-05	UP
UP	A485_dnf2_shared	medtr.A17.gnm5.ann1_6.MtrunA17Chr1g0166591	MtrunA17Chr1g0166591			medtr.A17.gnm5.MtrunA17Chr1	+	15955765	15956750	3.474512273279	0.0105741688388093	UP	3.62787958578978	0.00334041945352754	UP
UP	A485_dnf2_shared	medtr.A17.gnm5.ann1_6.MtrunA17Chr1g0187221	MtrunA17Chr1g0187221	MtSubIn5	Subtilisin inhibitor	medtr.A17.gnm5.MtrunA17Chr1	+	37320598	37321864	4.59077082566209	0.00277072447928682	UP	3.62013990177218	0.0192659355053414	UP
UP	A485_dnf2_shared	medtr.A17.gnm5.ann1_6.MtrunA17Chr4g0046631	MtrunA17Chr4g0046631	MtCYP82D94	Cytochrome P450 monooxygenase	medtr.A17.gnm5.MtrunA17Chr4	+	42962651	42970663	3.35726555520249	0.00074009746684188	UP	3.58239874340199	0.00018552241373278	UP
UP	A485_dnf2_shared	medtr.A17.gnm5.ann1_6.MtrunA17Chr3g0125201	MtrunA17Chr3g0125201			medtr.A17.gnm5.MtrunA17Chr3	+	43743662	43745761	2.61919152166988	0.0118326350449789	UP	3.55471065604433	0.000302460829634713	UP
UP	A485_dnf2_shared	medtr.A17.gnm5.ann1_6.MtrunA17Chr5g0435311	MtrunA17Chr5g0435311			medtr.A17.gnm5.MtrunA17Chr5	-	35403877	35405510	2.96404163755961	0.0141789916131557	UP	3.54923388383141	0.00198871801280906	UP
UP	A485_dnf2_shared	medtr.A17.gnm5.ann1_6.MtrunA17Chr5g0406281	MtrunA17Chr5g0406281			medtr.A17.gnm5.MtrunA17Chr5	-	9232502	9235166	7.03176092215256	1.00540501673144e-05	UP	3.53974276568666	0.00837154672728478	UP
UP	A485_dnf2_shared	medtr.A17.gnm5.ann1_6.MtrunA17Chr3g0135321	MtrunA17Chr3g0135321			medtr.A17.gnm5.MtrunA17Chr3	-	51301516	51312749	6.27640307299912	1.00540501673144e-05	UP	3.5235048885342	0.00137114092948076	UP
UP	A485_dnf2_shared	medtr.A17.gnm5.ann1_6.MtrunA17Chr2g0313811	MtrunA17Chr2g0313811	MtCYP72A59v1	Cytochrome P450 monooxygenase	medtr.A17.gnm5.MtrunA17Chr2	+	36478005	36482376	2.9848512578588	0.000390805972544457	UP	3.50667031049196	3.90336625852582e-05	UP
UP	A485_dnf2_shared	medtr.A17.gnm5.ann1_6.MtrunA17Chr3g0121141	MtrunA17Chr3g0121141			medtr.A17.gnm5.MtrunA17Chr3	+	41085662	41087649	1.72454312084176	0.0424224920533678	UP	3.47839491937949	5.75470532254711e-06	UP
UP	A485_dnf2_shared	medtr.A17.gnm5.ann1_6.MtrunA17Chr2g0291191	MtrunA17Chr2g0291191			medtr.A17.gnm5.MtrunA17Chr2	-	10446142	10448846	4.19802349301128	1.20909701751405e-05	UP	3.46263801550121	4.46035994306783e-05	UP
UP	A485_dnf2_shared	medtr.A17.gnm5.ann1_6.MtrunA17Chr3g0129061	MtrunA17Chr3g0129061			medtr.A17.gnm5.MtrunA17Chr3	+	46656032	46657836	4.70220009789831	0.000294508323451864	UP	3.45401068000778	0.00960227317791633	UP
UP	A485_dnf2_shared	medtr.A17.gnm5.ann1_6.MtrunA17Chr4g0042141	MtrunA17Chr4g0042141			medtr.A17.gnm5.MtrunA17Chr4	-	39570750	39572693	3.64245939017874	0.000349193110838985	UP	3.43709177111126	0.000332225902592657	UP
UP	A485_dnf2_shared	medtr.A17.gnm5.ann1_6.MtrunA17Chr7g0243451	MtrunA17Chr7g0243451			medtr.A17.gnm5.MtrunA17Chr7	-	32693075	32695806	3.16301503533879	0.000158624210211229	UP	3.39427841373265	3.01442896259702e-05	UP
UP	A485_dnf2_shared	medtr.A17.gnm5.ann1_6.MtrunA17Chr4g0019011	MtrunA17Chr4g0019011			medtr.A17.gnm5.MtrunA17Chr4	+	14350239	14364027	4.35059646981645	0.000235783242254904	UP	3.37285098734546	0.00231577020934724	UP
UP	A485_dnf2_shared	medtr.A17.gnm5.ann1_6.MtrunA17Chr8g0346271	MtrunA17Chr8g0346271			medtr.A17.gnm5.MtrunA17Chr8	-	9420263	9427054	2.90125934388415	0.00719930964388054	UP	3.3581144434466	0.000731244608369435	UP
UP	A485_dnf2_shared	medtr.A17.gnm5.ann1_6.MtrunA17Chr5g0431461	MtrunA17Chr5g0431461			medtr.A17.gnm5.MtrunA17Chr5	-	32326712	32333423	2.42421716820402	0.0132125297285099	UP	3.35758890650854	0.00035114500343776	UP
UP	A485_dnf2_shared	medtr.A17.gnm5.ann1_6.MtrunA17Chr6g0451481	MtrunA17Chr6g0451481	MtGASA17	Gibberellic Acid-Stimulated in Arabidopsis	medtr.A17.gnm5.MtrunA17Chr6	+	2051319	2054094	4.78729871518289	1.00540501673144e-05	UP	3.35430125641279	0.000239238725413991	UP
UP	A485_dnf2_shared	medtr.A17.gnm5.ann1_6.MtrunA17Chr5g0421011	MtrunA17Chr5g0421011			medtr.A17.gnm5.MtrunA17Chr5	+	21651457	21655202	2.48383359580503	0.000104845557743151	UP	3.35315372274855	1.5922336668768e-06	UP
UP	A485_dnf2_shared	medtr.A17.gnm5.ann1_6.MtrunA17Chr2g0296671	MtrunA17Chr2g0296671			medtr.A17.gnm5.MtrunA17Chr2	+	15047368	15053652	2.98876961484179	2.50574491685705e-05	UP	3.33697526325781	3.28200505354313e-06	UP
UP	A485_dnf2_shared	medtr.A17.gnm5.ann1_6.MtrunA17Chr5g0402571	MtrunA17Chr5g0402571	MtPrx52	peroxidase	medtr.A17.gnm5.MtrunA17Chr5	-	6608418	6610280	2.75239248086191	0.000811283838379659	UP	3.33637418859962	4.16088684273624e-05	UP
UP	A485_dnf2_shared	medtr.A17.gnm5.ann1_6.MtrunA17Chr4g0032181	MtrunA17Chr4g0032181			medtr.A17.gnm5.MtrunA17Chr4	+	32384335	32386739	2.64163123296272	0.000782002181851517	UP	3.33368506271902	3.49181553769141e-05	UP
UP	A485_dnf2_shared	medtr.A17.gnm5.ann1_6.MtrunA17Chr5g0397831	MtrunA17Chr5g0397831			medtr.A17.gnm5.MtrunA17Chr5	-	2907079	2908300	2.23633561706004	0.0391844492168309	UP	3.33131537761698	0.000961061744425764	UP
UP	A485_dnf2_shared	medtr.A17.gnm5.ann1_6.MtrunA17Chr1g0193861	MtrunA17Chr1g0193861			medtr.A17.gnm5.MtrunA17Chr1	+	42208238	42209650	2.76085501521013	0.0451692983395973	UP	3.32068560362418	0.00499292588868603	UP
UP	A485_dnf2_shared	medtr.A17.gnm5.ann1_6.MtrunA17Chr5g0401681	MtrunA17Chr5g0401681	MtCYP81E7-like|MtCYP81E8v2	Isoflavone 2'-hydroxylase-like|Cytochrome P450 monooxygenase	medtr.A17.gnm5.MtrunA17Chr5	+	5891647	5894621	2.71610007754984	0.00537971210184771	UP	3.30578928098642	0.000514794677763022	UP
UP	A485_dnf2_shared	medtr.A17.gnm5.ann1_6.MtrunA17Chr5g0417341	MtrunA17Chr5g0417341			medtr.A17.gnm5.MtrunA17Chr5	+	17930362	17932333	2.77052282648975	0.00897526763369135	UP	3.29941885903618	0.00132471801620866	UP
UP	A485_dnf2_shared	medtr.A17.gnm5.ann1_6.MtrunA17Chr3g0115741	MtrunA17Chr3g0115741			medtr.A17.gnm5.MtrunA17Chr3	+	37094660	37097605	3.2713257699501	0.00183651388076565	UP	3.27855225022305	0.000989053194777099	UP
UP	A485_dnf2_shared	medtr.A17.gnm5.ann1_6.MtrunA17Chr8g0347101	MtrunA17Chr8g0347101			medtr.A17.gnm5.MtrunA17Chr8	+	10084109	10088250	4.58323170702604	0.000815392536933489	UP	3.25478603104931	0.0216599380899806	UP
UP	A485_dnf2_shared	medtr.A17.gnm5.ann1_6.MtrunA17Chr2g0280381	MtrunA17Chr2g0280381			medtr.A17.gnm5.MtrunA17Chr2	-	2500742	2502635	4.49453151068304	0.00188123056563703	UP	3.24315424494621	0.0434161987887135	UP
UP	A485_dnf2_shared	medtr.A17.gnm5.ann1_6.MtrunA17Chr4g0066221	MtrunA17Chr4g0066221			medtr.A17.gnm5.MtrunA17Chr4	-	57087355	57089403	2.9177330959789	0.00500608753240471	UP	3.20308979016849	0.00107907593070699	UP
UP	A485_dnf2_shared	medtr.A17.gnm5.ann1_6.MtrunA17Chr1g0185231	MtrunA17Chr1g0185231	MtSULTR3.1	sulfate transporter	medtr.A17.gnm5.MtrunA17Chr1	+	35661833	35669187	2.06820295426308	0.030955681068493	UP	3.18516978596009	0.000203495104368939	UP
UP	A485_dnf2_shared	medtr.A17.gnm5.ann1_6.MtrunA17Chr6g0462551	MtrunA17Chr6g0462551			medtr.A17.gnm5.MtrunA17Chr6	+	11577679	11579537	2.39914718488274	0.0274665062952883	UP	3.13890365910114	0.00211412191963322	UP
UP	A485_dnf2_shared	medtr.A17.gnm5.ann1_6.MtrunA17Chr7g0260011	MtrunA17Chr7g0260011			medtr.A17.gnm5.MtrunA17Chr7	-	44923156	44926363	2.30526432450584	0.0308159078780766	UP	3.13315636803539	0.00103899693423737	UP
UP	A485_dnf2_shared	medtr.A17.gnm5.ann1_6.MtrunA17Chr7g0232411	MtrunA17Chr7g0232411			medtr.A17.gnm5.MtrunA17Chr7	-	22610781	22612429	3.03529955894989	0.0032507479728748	UP	3.13288374781673	0.00154819383210695	UP
UP	A485_dnf2_shared	medtr.A17.gnm5.ann1_6.MtrunA17Chr4g0042051	MtrunA17Chr4g0042051			medtr.A17.gnm5.MtrunA17Chr4	-	39500162	39502735	2.18102453726051	0.014279282449324	UP	3.1254743016156	7.7232001291971e-05	UP
UP	A485_dnf2_shared	medtr.A17.gnm5.ann1_6.MtrunA17Chr7g0246221	MtrunA17Chr7g0246221	MtCYP76E22	Cytochrome P450 monooxygenase	medtr.A17.gnm5.MtrunA17Chr7	-	35029826	35033661	3.59346440709157	0.00820353597557725	UP	3.12136081950031	0.0202558848814668	UP
UP	A485_dnf2_shared	medtr.A17.gnm5.ann1_6.MtrunA17Chr5g0417011	MtrunA17Chr5g0417011			medtr.A17.gnm5.MtrunA17Chr5	+	17706529	17708128	2.45335020127401	0.00511103107116233	UP	3.10373700500475	0.000153130034613248	UP
UP	A485_dnf2_shared	medtr.A17.gnm5.ann1_6.MtrunA17Chr2g0294591	MtrunA17Chr2g0294591	MtBG16	beta-1,3-Glucanase 16	medtr.A17.gnm5.MtrunA17Chr2	-	13223977	13225734	3.69966806565083	4.62718163140538e-05	UP	3.09542714974269	0.000137753240472241	UP
UP	A485_dnf2_shared	medtr.A17.gnm5.ann1_6.MtrunA17Chr1g0167741	MtrunA17Chr1g0167741	MtPT1	phosphate transporter	medtr.A17.gnm5.MtrunA17Chr1	+	16589071	16591700	5.601531350822	4.14895410270963e-05	UP	3.05645276268055	0.0199994575452373	UP
UP	A485_dnf2_shared	medtr.A17.gnm5.ann1_6.MtrunA17Chr7g0273321	MtrunA17Chr7g0273321	MtHPT8	Histidine PhosphoTransfer protein 8	medtr.A17.gnm5.MtrunA17Chr7	+	54060624	54063478	5.13903090746651	9.7433749676864e-05	UP	3.04994104711644	0.0103009799775177	UP
UP	A485_dnf2_shared	medtr.A17.gnm5.ann1_6.MtrunA17Chr2g0280391	MtrunA17Chr2g0280391			medtr.A17.gnm5.MtrunA17Chr2	-	2504015	2505647	3.39116264850311	0.0042056449032829	UP	3.04665234548444	0.00798675416357137	UP
UP	A485_dnf2_shared	medtr.A17.gnm5.ann1_6.MtrunA17Chr3g0109121	MtrunA17Chr3g0109121			medtr.A17.gnm5.MtrunA17Chr3	+	32184705	32186102	2.12560392169764	0.0262304812632798	UP	3.02174828860971	0.000233596539525106	UP
UP	A485_dnf2_shared	medtr.A17.gnm5.ann1_6.MtrunA17Chr7g0258571	MtrunA17Chr7g0258571			medtr.A17.gnm5.MtrunA17Chr7	+	43812826	43813713	1.88619784302981	0.0383113497956151	UP	3.01324738774466	8.11984605784014e-05	UP
UP	A485_dnf2_shared	medtr.A17.gnm5.ann1_6.MtrunA17Chr7g0249261	MtrunA17Chr7g0249261			medtr.A17.gnm5.MtrunA17Chr7	-	37120283	37121663	3.33204393611211	0.00319735598940092	UP	3.0024933830236	0.00552281003427842	UP
UP	A485_dnf2_shared	medtr.A17.gnm5.ann1_6.MtrunA17Chr8g0369601	MtrunA17Chr8g0369601			medtr.A17.gnm5.MtrunA17Chr8	+	32806375	32808337	3.90462416613941	0.000548577615249727	UP	2.99379725996422	0.00685591549310403	UP
UP	A485_dnf2_shared	medtr.A17.gnm5.ann1_6.MtrunA17Chr1g0197281	MtrunA17Chr1g0197281			medtr.A17.gnm5.MtrunA17Chr1	+	44525632	44527478	3.84005236097158	0.00527913073183017	UP	2.98885712572744	0.0382578641580546	UP
UP	A485_dnf2_shared	medtr.A17.gnm5.ann1_6.MtrunA17Chr4g0050881	MtrunA17Chr4g0050881			medtr.A17.gnm5.MtrunA17Chr4	-	45669614	45674187	2.90621045854061	0.00221876539210952	UP	2.96385370043351	0.00101534345562345	UP
UP	A485_dnf2_shared	medtr.A17.gnm5.ann1_6.MtrunA17Chr2g0293161	MtrunA17Chr2g0293161			medtr.A17.gnm5.MtrunA17Chr2	+	12017360	12019057	3.73260855671782	0.00179078040182534	UP	2.95960430236445	0.00861697472666792	UP
UP	A485_dnf2_shared	medtr.A17.gnm5.ann1_6.MtrunA17Chr8g0356421	MtrunA17Chr8g0356421			medtr.A17.gnm5.MtrunA17Chr8	+	18022504	18029758	2.79790378661179	0.0406314976421992	UP	2.95405075398432	0.0177662974741434	UP
UP	A485_dnf2_shared	medtr.A17.gnm5.ann1_6.MtrunA17Chr1g0151671	MtrunA17Chr1g0151671			medtr.A17.gnm5.MtrunA17Chr1	-	4461117	4461266	3.53867988226253	0.00599962670623212	UP	2.9047705025104	0.0245228240310226	UP
UP	A485_dnf2_shared	medtr.A17.gnm5.ann1_6.MtrunA17Chr6g0482721	MtrunA17Chr6g0482721			medtr.A17.gnm5.MtrunA17Chr6	-	37329286	37333557	2.93532852810765	0.00161483333749731	UP	2.90346165549521	0.00100277520837807	UP
UP	A485_dnf2_shared	medtr.A17.gnm5.ann1_6.MtrunA17Chr3g0107741	MtrunA17Chr3g0107741			medtr.A17.gnm5.MtrunA17Chr3	+	31272545	31275038	1.99416129696742	0.0204957431623499	UP	2.88266598632877	0.000194544800495723	UP
UP	A485_dnf2_shared	medtr.A17.gnm5.ann1_6.MtrunA17Chr2g0279051	MtrunA17Chr2g0279051			medtr.A17.gnm5.MtrunA17Chr2	+	1593254	1593679	3.25129864362019	0.00629858063562314	UP	2.88044025471384	0.0130354868012406	UP
UP	A485_dnf2_shared	medtr.A17.gnm5.ann1_6.MtrunA17Chr3g0111211	MtrunA17Chr3g0111211			medtr.A17.gnm5.MtrunA17Chr3	+	33588925	33592779	4.26408244726234	0.00180051641218591	UP	2.87283611764617	0.0449414638718358	UP
UP	A485_dnf2_shared	medtr.A17.gnm5.ann1_6.MtrunA17Chr4g0066711	MtrunA17Chr4g0066711			medtr.A17.gnm5.MtrunA17Chr4	-	57361650	57364083	4.70269107529325	1.8920981572795e-05	UP	2.86981035468452	0.00116203744081874	UP
UP	A485_dnf2_shared	medtr.A17.gnm5.ann1_6.MtrunA17Chr4g0013171	MtrunA17Chr4g0013171	MtPrx81	MtRip8|peroxidase	medtr.A17.gnm5.MtrunA17Chr4	-	10629934	10632305	2.40215767408889	0.00350283356972727	UP	2.86490172623535	0.000221237931480498	UP
UP	A485_dnf2_shared	medtr.A17.gnm5.ann1_6.MtrunA17Chr2g0314441	MtrunA17Chr2g0314441	MtKunitz6	Kunitz-P Trypsin Inhibitor	medtr.A17.gnm5.MtrunA17Chr2	-	36895119	36896564	2.43781118920016	0.00251783070027598	UP	2.85978535276921	0.000159735239544533	UP
UP	A485_dnf2_shared	medtr.A17.gnm5.ann1_6.MtrunA17Chr5g0417351	MtrunA17Chr5g0417351			medtr.A17.gnm5.MtrunA17Chr5	-	17930880	17936505	2.31460459738015	0.037089456801315	UP	2.8469407632096	0.0052921095304382	UP
UP	A485_dnf2_shared	medtr.A17.gnm5.ann1_6.MtrunA17Chr5g0395431	MtrunA17Chr5g0395431	Mt4CL-2	4-coumarate--CoA ligase 2	medtr.A17.gnm5.MtrunA17Chr5	+	1457821	1464238	2.00389904819909	0.0311093941594844	UP	2.84349205290813	0.000579604965901558	UP
UP	A485_dnf2_shared	medtr.A17.gnm5.ann1_6.MtrunA17Chr2g0295081	MtrunA17Chr2g0295081			medtr.A17.gnm5.MtrunA17Chr2	+	13591608	13593791	2.59455875869894	0.000362287444154131	UP	2.81903888749474	7.08624130338781e-05	UP
UP	A485_dnf2_shared	medtr.A17.gnm5.ann1_6.MtrunA17Chr4g0036021	MtrunA17Chr4g0036021	MtPMT5_3|MtPLT1.3	Sorbitol-like transporter, polyol transporter|polyol/monosaccharide transporter	medtr.A17.gnm5.MtrunA17Chr4	+	35295056	35297538	2.38621457546331	0.0410025740351427	UP	2.8189406671119	0.0053397786335072	UP
UP	A485_dnf2_shared	medtr.A17.gnm5.ann1_6.MtrunA17Chr8g0387641	MtrunA17Chr8g0387641			medtr.A17.gnm5.MtrunA17Chr8	-	45726156	45732916	3.72440124367496	4.62718163140538e-05	UP	2.81498605768054	0.000411192212223188	UP
UP	A485_dnf2_shared	medtr.A17.gnm5.ann1_6.MtrunA17Chr2g0294601	MtrunA17Chr2g0294601	MtBG15	beta-1,3-Glucanase 15	medtr.A17.gnm5.MtrunA17Chr2	+	13230866	13233683	4.6903844697096	6.90849451788114e-06	UP	2.80652165768446	0.000249372826803563	UP
UP	A485_dnf2_shared	medtr.A17.gnm5.ann1_6.MtrunA17Chr2g0284051	MtrunA17Chr2g0284051			medtr.A17.gnm5.MtrunA17Chr2	-	5022434	5023387	1.95513267863452	0.0167861064653968	UP	2.80396751719912	6.76452787512874e-05	UP
UP	A485_dnf2_shared	medtr.A17.gnm5.ann1_6.MtrunA17Chr8g0348861	MtrunA17Chr8g0348861			medtr.A17.gnm5.MtrunA17Chr8	+	11451403	11453378	3.05271442220685	0.00518683425131499	UP	2.78878989906262	0.00760980705154217	UP
UP	A485_dnf2_shared	medtr.A17.gnm5.ann1_6.MtrunA17Chr7g0216961	MtrunA17Chr7g0216961			medtr.A17.gnm5.MtrunA17Chr7	+	2490037	2494855	3.44183078818085	0.00137350128977201	UP	2.77408512412141	0.00726636661045483	UP
UP	A485_dnf2_shared	medtr.A17.gnm5.ann1_6.MtrunA17Chr2g0295001	MtrunA17Chr2g0295001	MtPR10-1	Pathogenesis-related protein 10-1 (Y08641.1 GENBANK)	medtr.A17.gnm5.MtrunA17Chr2	+	13556005	13559289	3.21783739586644	4.5955300470195e-05	UP	2.76636338175712	9.9691841269701e-05	UP
UP	A485_dnf2_shared	medtr.A17.gnm5.ann1_6.MtrunA17Chr2g0284321	MtrunA17Chr2g0284321			medtr.A17.gnm5.MtrunA17Chr2	+	5210315	5212311	1.87825894921225	0.0183329039086532	UP	2.73730454251944	9.65509956365886e-05	UP
UP	A485_dnf2_shared	medtr.A17.gnm5.ann1_6.MtrunA17Chr4g0011791	MtrunA17Chr4g0011791			medtr.A17.gnm5.MtrunA17Chr4	+	9279431	9283333	3.46532131657014	4.7876840986443e-05	UP	2.73482635990028	0.000274477109110539	UP
UP	A485_dnf2_shared	medtr.A17.gnm5.ann1_6.MtrunA17Chr2g0302391	MtrunA17Chr2g0302391			medtr.A17.gnm5.MtrunA17Chr2	+	19932552	19936804	1.92500879126277	0.0211845818224349	UP	2.72964802648705	0.000153130034613248	UP
UP	A485_dnf2_shared	medtr.A17.gnm5.ann1_6.MtrunA17Chr6g0467131	MtrunA17Chr6g0467131			medtr.A17.gnm5.MtrunA17Chr6	+	16018948	16021908	4.41772870401188	1.91519176554572e-05	UP	2.68995013890463	0.00111667295242262	UP
UP	A485_dnf2_shared	medtr.A17.gnm5.ann1_6.MtrunA17Chr7g0251541	MtrunA17Chr7g0251541			medtr.A17.gnm5.MtrunA17Chr7	+	38704972	38715159	2.49794923247306	0.00705771956444506	UP	2.68060747816615	0.0020340155529623	UP
UP	A485_dnf2_shared	medtr.A17.gnm5.ann1_6.MtrunA17Chr4g0019021	MtrunA17Chr4g0019021			medtr.A17.gnm5.MtrunA17Chr4	-	14363521	14364214	4.67706077333918	0.000104067363628005	UP	2.68020167096362	0.0277729643916974	UP
UP	A485_dnf2_shared	medtr.A17.gnm5.ann1_6.MtrunA17Chr2g0279041	MtrunA17Chr2g0279041	MtPrx06	peroxidase	medtr.A17.gnm5.MtrunA17Chr2	-	1593162	1595024	2.92377995276445	0.00465584049704842	UP	2.66169395768834	0.00758939326884631	UP
UP	A485_dnf2_shared	medtr.A17.gnm5.ann1_6.MtrunA17Chr6g0467121	MtrunA17Chr6g0467121	MtPrx48	peroxidase	medtr.A17.gnm5.MtrunA17Chr6	-	16018049	16022961	4.43110689966929	1.00540501673144e-05	UP	2.65877887006362	0.00057899149290139	UP
UP	A485_dnf2_shared	medtr.A17.gnm5.ann1_6.MtrunA17Chr2g0283451	MtrunA17Chr2g0283451	MtTAX2	Taximin 2	medtr.A17.gnm5.MtrunA17Chr2	+	4631635	4632561	2.78134957786482	0.000534320769694669	UP	2.65679928635427	0.000510316543768613	UP
UP	A485_dnf2_shared	medtr.A17.gnm5.ann1_6.MtrunA17Chr8g0372501	MtrunA17Chr8g0372501			medtr.A17.gnm5.MtrunA17Chr8	-	34986127	34986740	2.32192358231927	0.00140752572903687	UP	2.64644967731559	0.000125967966679609	UP
UP	A485_dnf2_shared	medtr.A17.gnm5.ann1_6.MtrunA17Chr8g0350881	MtrunA17Chr8g0350881			medtr.A17.gnm5.MtrunA17Chr8	+	13071660	13073614	2.66424283000561	0.0228219817280231	UP	2.63317940912516	0.0190972935211093	UP
UP	A485_dnf2_shared	medtr.A17.gnm5.ann1_6.MtrunA17Chr2g0327351	MtrunA17Chr2g0327351	MtMYB066	Myeloblastosis (MYB) transcription factor 66	medtr.A17.gnm5.MtrunA17Chr2	-	46924236	46925971	2.86620721143529	0.000547804998841533	UP	2.62351265066607	0.00088170878464661	UP
UP	A485_dnf2_shared	medtr.A17.gnm5.ann1_6.MtrunA17Chr3g0118711	MtrunA17Chr3g0118711			medtr.A17.gnm5.MtrunA17Chr3	-	39297503	39300891	3.70864894808687	0.000256775972274186	UP	2.62082382895544	0.00646589490337816	UP
UP	A485_dnf2_shared	medtr.A17.gnm5.ann1_6.MtrunA17Chr7g0241481	MtrunA17Chr7g0241481			medtr.A17.gnm5.MtrunA17Chr7	-	31046983	31053284	2.77008575532459	0.0131629181956513	UP	2.59990902702614	0.0160734745162288	UP
UP	A485_dnf2_shared	medtr.A17.gnm5.ann1_6.MtrunA17Chr1g0187051	MtrunA17Chr1g0187051			medtr.A17.gnm5.MtrunA17Chr1	-	37221634	37227841	2.61039645963998	0.0177967496360604	UP	2.5952191930336	0.011881525243536	UP
UP	A485_dnf2_shared	medtr.A17.gnm5.ann1_6.MtrunA17Chr6g0482711	MtrunA17Chr6g0482711			medtr.A17.gnm5.MtrunA17Chr6	+	37320251	37327952	2.26696707571266	0.00227714700801753	UP	2.58889114935702	0.000222057347201996	UP
UP	A485_dnf2_shared	medtr.A17.gnm5.ann1_6.MtrunA17Chr8g0350941	MtrunA17Chr8g0350941	MtTCP9	TEOSINTE BRANCHED1 (TB1), CYCLOIDEA (CYC), PROLIFERATING CELL FACTORS 1&2 (PCF1  & 2) family	medtr.A17.gnm5.MtrunA17Chr8	+	13113153	13114835	4.5499668904302	0.000255932877667292	UP	2.58382392450661	0.0294148102269937	UP
UP	A485_dnf2_shared	medtr.A17.gnm5.ann1_6.MtrunA17Chr8g0367981	MtrunA17Chr8g0367981			medtr.A17.gnm5.MtrunA17Chr8	+	31548729	31554007	1.9127337776572	0.0112402557559325	UP	2.57629107405865	0.000126361084568112	UP
UP	A485_dnf2_shared	medtr.A17.gnm5.ann1_6.MtrunA17Chr1g0183141	MtrunA17Chr1g0183141			medtr.A17.gnm5.MtrunA17Chr1	-	33969222	33969500	2.96602517550363	9.64560020434045e-05	UP	2.57393887374688	0.000300229830262987	UP
UP	A485_dnf2_shared	medtr.A17.gnm5.ann1_6.MtrunA17Chr7g0219241	MtrunA17Chr7g0219241	MtMAT3	isoflavonoid malonyl transferase 3	medtr.A17.gnm5.MtrunA17Chr7	+	4473008	4474797	1.68580502007762	0.0385164787287324	UP	2.56996530168658	0.000105035725896241	UP
UP	A485_dnf2_shared	medtr.A17.gnm5.ann1_6.MtrunA17Chr7g0239331	MtrunA17Chr7g0239331	MtLRK	Lectin Receptor Kinase (orthologue of defense-induced Arabidopsis LRK,TC104767)	medtr.A17.gnm5.MtrunA17Chr7	-	29367790	29370365	2.21590941504664	0.0128593672416816	UP	2.5622640203076	0.00154334763004962	UP
UP	A485_dnf2_shared	medtr.A17.gnm5.ann1_6.MtrunA17Chr4g0013381	MtrunA17Chr4g0013381			medtr.A17.gnm5.MtrunA17Chr4	-	10810019	10814831	2.28343828356402	0.00059049988757764	UP	2.55617969573604	7.16320240375736e-05	UP
UP	A485_dnf2_shared	medtr.A17.gnm5.ann1_6.MtrunA17Chr3g0126121	MtrunA17Chr3g0126121			medtr.A17.gnm5.MtrunA17Chr3	-	44489302	44492161	2.33511920504361	0.00355400430175194	UP	2.55390915879496	0.000600359511954614	UP
UP	A485_dnf2_shared	medtr.A17.gnm5.ann1_6.MtrunA17Chr5g0441261	MtrunA17Chr5g0441261	MtPhyCys32	Phytocystatin	medtr.A17.gnm5.MtrunA17Chr5	-	39735901	39737537	3.16480766157663	0.000379157301929686	UP	2.549125450776	0.00222298673388259	UP
UP	A485_dnf2_shared	medtr.A17.gnm5.ann1_6.MtrunA17Chr5g0399811	MtrunA17Chr5g0399811			medtr.A17.gnm5.MtrunA17Chr5	-	4268262	4270475	3.89100053293314	0.00041583766388834	UP	2.50032365138058	0.0163245548385074	UP
UP	A485_dnf2_shared	medtr.A17.gnm5.ann1_6.MtrunA17Chr4g0013391	MtrunA17Chr4g0013391			medtr.A17.gnm5.MtrunA17Chr4	+	10813843	10815106	2.1748375551086	0.00148800162405975	UP	2.48532157190193	0.000139328075106387	UP
UP	A485_dnf2_shared	medtr.A17.gnm5.ann1_6.MtrunA17Chr1g0146861	MtrunA17Chr1g0146861			medtr.A17.gnm5.MtrunA17Chr1	+	625290	628828	2.28791761166	0.0029086446114329	UP	2.46508824448981	0.000669807662770383	UP
UP	A485_dnf2_shared	medtr.A17.gnm5.ann1_6.MtrunA17Chr1g0146871	MtrunA17Chr1g0146871			medtr.A17.gnm5.MtrunA17Chr1	-	626739	627618	2.03036406680325	0.0271636809385206	UP	2.45188942877022	0.00272882579002095	UP
UP	A485_dnf2_shared	medtr.A17.gnm5.ann1_6.MtrunA17Chr1g0166401	MtrunA17Chr1g0166401	MtN26-1	Nodulin26	medtr.A17.gnm5.MtrunA17Chr1	-	15845803	15849823	2.13110091542859	0.0348522987355208	UP	2.44325028572138	0.00559450053644504	UP
UP	A485_dnf2_shared	medtr.A17.gnm5.ann1_6.MtrunA17Chr4g0042561	MtrunA17Chr4g0042561	MtNAC969	NAC domain containing protein 969	medtr.A17.gnm5.MtrunA17Chr4	-	39827608	39829478	3.14006536328094	0.000429270141627861	UP	2.4429041422008	0.00377197214284668	UP
UP	A485_dnf2_shared	medtr.A17.gnm5.ann1_6.MtrunA17Chr8g0390881	MtrunA17Chr8g0390881	MtCYP736A142	Cytochrome P450 monooxygenase	medtr.A17.gnm5.MtrunA17Chr8	+	47938547	47946800	3.61507378685572	0.000738657463278923	UP	2.43544180673908	0.0328178963921628	UP
UP	A485_dnf2_shared	medtr.A17.gnm5.ann1_6.MtrunA17Chr4g0076471	MtrunA17Chr4g0076471			medtr.A17.gnm5.MtrunA17Chr4	+	64330230	64332371	2.40344456134043	0.0186513328739034	UP	2.43455979330577	0.0112786667433054	UP
UP	A485_dnf2_shared	medtr.A17.gnm5.ann1_6.MtrunA17Chr5g0410031	MtrunA17Chr5g0410031			medtr.A17.gnm5.MtrunA17Chr5	+	11696842	11700968	2.14349739090039	0.0191783430581905	UP	2.42313911479135	0.00314711007142198	UP
UP	A485_dnf2_shared	medtr.A17.gnm5.ann1_6.MtrunA17Chr4g0068541	MtrunA17Chr4g0068541			medtr.A17.gnm5.MtrunA17Chr4	+	58660331	58662647	2.68655062925225	0.00833609893201184	UP	2.4217597299509	0.0155884602530131	UP
UP	A485_dnf2_shared	medtr.A17.gnm5.ann1_6.MtrunA17Chr3g0084201	MtrunA17Chr3g0084201			medtr.A17.gnm5.MtrunA17Chr3	+	5672882	5674910	3.35921078712488	9.7433749676864e-05	UP	2.41972733392339	0.00257763694824086	UP
UP	A485_dnf2_shared	medtr.A17.gnm5.ann1_6.MtrunA17Chr5g0442841	MtrunA17Chr5g0442841			medtr.A17.gnm5.MtrunA17Chr5	+	40862688	40866380	3.47372931542649	0.000334089199657002	UP	2.41910504330933	0.00660429891447886	UP
UP	A485_dnf2_shared	medtr.A17.gnm5.ann1_6.MtrunA17Chr8g0372491	MtrunA17Chr8g0372491			medtr.A17.gnm5.MtrunA17Chr8	+	34984944	34987113	2.1507307367182	0.000458933468874457	UP	2.41697411658675	3.90336625852582e-05	UP
UP	A485_dnf2_shared	medtr.A17.gnm5.ann1_6.MtrunA17Chr4g0075091	MtrunA17Chr4g0075091			medtr.A17.gnm5.MtrunA17Chr4	-	63484635	63487387	2.02927638937829	0.024447345711595	UP	2.40990591348856	0.00209994788247056	UP
UP	A485_dnf2_shared	medtr.A17.gnm5.ann1_6.MtrunA17Chr2g0315841	MtrunA17Chr2g0315841			medtr.A17.gnm5.MtrunA17Chr2	+	38047499	38049782	3.58293138876864	1.65875517776237e-05	UP	2.40575523659178	0.000583283581368105	UP
UP	A485_dnf2_shared	medtr.A17.gnm5.ann1_6.MtrunA17Chr4g0013371	MtrunA17Chr4g0013371			medtr.A17.gnm5.MtrunA17Chr4	+	10787449	10789231	2.49590572789099	0.000619846763434132	UP	2.40564120650545	0.000568857231473052	UP
UP	A485_dnf2_shared	medtr.A17.gnm5.ann1_6.MtrunA17Chr4g0064551	MtrunA17Chr4g0064551			medtr.A17.gnm5.MtrunA17Chr4	+	55930347	55931757	2.17667172438444	0.00136633916438812	UP	2.40153661452871	0.000180261537291803	UP
UP	A485_dnf2_shared	medtr.A17.gnm5.ann1_6.MtrunA17Chr4g0064561	MtrunA17Chr4g0064561			medtr.A17.gnm5.MtrunA17Chr4	-	55930399	55931450	2.37981611554129	0.000969279233811031	UP	2.38976317851404	0.000489657404999153	UP
UP	A485_dnf2_shared	medtr.A17.gnm5.ann1_6.MtrunA17Chr2g0294751	MtrunA17Chr2g0294751			medtr.A17.gnm5.MtrunA17Chr2	+	13369420	13375957	3.06554487171652	0.000614451399868903	UP	2.37930578636801	0.00513223120809633	UP
UP	A485_dnf2_shared	medtr.A17.gnm5.ann1_6.MtrunA17Chr6g0486651	MtrunA17Chr6g0486651			medtr.A17.gnm5.MtrunA17Chr6	+	40957765	40960024	2.25279557724162	0.00365908389575569	UP	2.37141275636545	0.00114340557314742	UP
UP	A485_dnf2_shared	medtr.A17.gnm5.ann1_6.MtrunA17Chr7g0274181	MtrunA17Chr7g0274181	MtPR-4	pathogenesis related protein 4 (hevein-like)	medtr.A17.gnm5.MtrunA17Chr7	+	54616364	54617545	2.04965879905895	0.00214527419298896	UP	2.3708064443413	0.000152746908352234	UP
UP	A485_dnf2_shared	medtr.A17.gnm5.ann1_6.MtrunA17Chr3g0121001	MtrunA17Chr3g0121001			medtr.A17.gnm5.MtrunA17Chr3	-	40960626	40963032	2.59183710903875	0.00383004913711273	UP	2.34068112104847	0.007271972429874	UP
UP	A485_dnf2_shared	medtr.A17.gnm5.ann1_6.MtrunA17Chr5g0432441	MtrunA17Chr5g0432441	MtPrx29	peroxidase	medtr.A17.gnm5.MtrunA17Chr5	+	33147715	33152009	2.70029500847419	0.0035455515529751	UP	2.3331999248444	0.00998267241890511	UP
UP	A485_dnf2_shared	medtr.A17.gnm5.ann1_6.MtrunA17Chr3g0109431	MtrunA17Chr3g0109431			medtr.A17.gnm5.MtrunA17Chr3	+	32330134	32335211	3.41963637449175	0.000436607410181272	UP	2.32705040162934	0.0165737697427849	UP
UP	A485_dnf2_shared	medtr.A17.gnm5.ann1_6.MtrunA17Chr7g0240991	MtrunA17Chr7g0240991			medtr.A17.gnm5.MtrunA17Chr7	+	30727353	30731205	3.61512487448191	1.00540501673144e-05	UP	2.32462958913148	0.000779038718033511	UP
UP	A485_dnf2_shared	medtr.A17.gnm5.ann1_6.MtrunA17Chr4g0047631	MtrunA17Chr4g0047631	MtCYP71AU56	Cytochrome P450 monooxygenase	medtr.A17.gnm5.MtrunA17Chr4	+	43583761	43586477	1.83599103006072	0.012066454049786	UP	2.32126393389835	0.000274991563266808	UP
UP	A485_dnf2_shared	medtr.A17.gnm5.ann1_6.MtrunA17Chr8g0355831	MtrunA17Chr8g0355831			medtr.A17.gnm5.MtrunA17Chr8	-	17405173	17412034	3.25750524277266	0.000436607410181272	UP	2.3168287133235	0.0100259111519905	UP
UP	A485_dnf2_shared	medtr.A17.gnm5.ann1_6.MtrunA17Chr1g0152931	MtrunA17Chr1g0152931			medtr.A17.gnm5.MtrunA17Chr1	-	5536182	5538669	2.15914445905854	0.00103768257655572	UP	2.30874223901782	0.000223044156229563	UP
UP	A485_dnf2_shared	medtr.A17.gnm5.ann1_6.MtrunA17Chr1g0196661	MtrunA17Chr1g0196661			medtr.A17.gnm5.MtrunA17Chr1	-	44161101	44162374	2.79190511697036	0.00201130426523212	UP	2.30285963129046	0.00914888843867215	UP
UP	A485_dnf2_shared	medtr.A17.gnm5.ann1_6.MtrunA17Chr5g0448091	MtrunA17Chr5g0448091			medtr.A17.gnm5.MtrunA17Chr5	+	44191301	44195290	3.53668448729152	3.66013356783798e-05	UP	2.29485995885651	0.00216952202163107	UP
UP	A485_dnf2_shared	medtr.A17.gnm5.ann1_6.MtrunA17Chr6g0479131	MtrunA17Chr6g0479131			medtr.A17.gnm5.MtrunA17Chr6	+	33745164	33746247	3.46517137715154	0.000411066242922126	UP	2.24877299969153	0.0197857403893958	UP
UP	A485_dnf2_shared	medtr.A17.gnm5.ann1_6.MtrunA17Chr8g0339191	MtrunA17Chr8g0339191	MtBG37	beta-1,3-Glucanase 37	medtr.A17.gnm5.MtrunA17Chr8	+	3444170	3448057	2.213905814403	0.00709835294023693	UP	2.23978957155549	0.00377347000135139	UP
UP	A485_dnf2_shared	medtr.A17.gnm5.ann1_6.MtrunA17Chr4g0040611	MtrunA17Chr4g0040611			medtr.A17.gnm5.MtrunA17Chr4	-	38506878	38512900	4.05316043753405	1.91519176554572e-05	UP	2.23970036929642	0.0143627131135285	UP
UP	A485_dnf2_shared	medtr.A17.gnm5.ann1_6.MtrunA17Chr1g0183131	MtrunA17Chr1g0183131			medtr.A17.gnm5.MtrunA17Chr1	+	33966804	33970986	2.51105738328263	0.000133032092399032	UP	2.23251442075724	0.000360557765411956	UP
UP	A485_dnf2_shared	medtr.A17.gnm5.ann1_6.MtrunA17Chr3g0114431	MtrunA17Chr3g0114431			medtr.A17.gnm5.MtrunA17Chr3	-	35913089	35914277	3.18565868896319	0.000639091084971896	UP	2.22980722805308	0.013509032604052	UP
UP	A485_dnf2_shared	medtr.A17.gnm5.ann1_6.MtrunA17Chr8g0336411	MtrunA17Chr8g0336411			medtr.A17.gnm5.MtrunA17Chr8	-	1647515	1651305	2.33145409360777	0.0312744735267284	UP	2.21639885183101	0.0356490877361945	UP
UP	A485_dnf2_shared	medtr.A17.gnm5.ann1_6.MtrunA17Chr8g0389961	MtrunA17Chr8g0389961			medtr.A17.gnm5.MtrunA17Chr8	-	47338274	47343380	1.60300452481316	0.00392820181828332	UP	2.21068895603116	7.60159406982696e-06	UP
UP	A485_dnf2_shared	medtr.A17.gnm5.ann1_6.MtrunA17Chr3g0115611	MtrunA17Chr3g0115611			medtr.A17.gnm5.MtrunA17Chr3	+	36926024	36931515	3.06882644829152	1.00540501673144e-05	UP	2.20712574639197	0.000262577969129368	UP
UP	A485_dnf2_shared	medtr.A17.gnm5.ann1_6.MtrunA17Chr4g0034161	MtrunA17Chr4g0034161	MtCOR413	COLD-REGULATED 413	medtr.A17.gnm5.MtrunA17Chr4	+	33882305	33884977	3.00067263759717	5.17944824404958e-05	UP	2.18776426636462	0.0018130175713053	UP
UP	A485_dnf2_shared	medtr.A17.gnm5.ann1_6.MtrunA17Chr1g0161751	MtrunA17Chr1g0161751			medtr.A17.gnm5.MtrunA17Chr1	+	11855654	11860640	1.89987685356306	0.0100486554987799	UP	2.18302417142896	0.00111667295242262	UP
UP	A485_dnf2_shared	medtr.A17.gnm5.ann1_6.MtrunA17Chr7g0227301	MtrunA17Chr7g0227301			medtr.A17.gnm5.MtrunA17Chr7	-	12470438	12475511	2.30359158043894	0.000932167200978254	UP	2.17125751912571	0.00111749476777238	UP
UP	A485_dnf2_shared	medtr.A17.gnm5.ann1_6.MtrunA17Chr4g0043091	MtrunA17Chr4g0043091			medtr.A17.gnm5.MtrunA17Chr4	-	40231022	40237490	3.11859618111921	0.00266037628328682	UP	2.16161619883302	0.0417248137330044	UP
UP	A485_dnf2_shared	medtr.A17.gnm5.ann1_6.MtrunA17Chr2g0291501	MtrunA17Chr2g0291501			medtr.A17.gnm5.MtrunA17Chr2	+	10672423	10678715	3.62910300280904	0.000155464583522067	UP	2.16116481423194	0.0232014507757981	UP
UP	A485_dnf2_shared	medtr.A17.gnm5.ann1_6.MtrunA17Chr5g0415631	MtrunA17Chr5g0415631			medtr.A17.gnm5.MtrunA17Chr5	-	16404836	16406623	2.8812898084049	0.00100816024667043	UP	2.15510932840789	0.0157221262872351	UP
UP	A485_dnf2_shared	medtr.A17.gnm5.ann1_6.MtrunA17Chr8g0348921	MtrunA17Chr8g0348921	MtRopGEF2	Rop guanine nucleotide exchange factor 2	medtr.A17.gnm5.MtrunA17Chr8	-	11523501	11527711	3.35178782841896	0.00039823469390743	UP	2.15375240390551	0.039661301802109	UP
UP	A485_dnf2_shared	medtr.A17.gnm5.ann1_6.MtrunA17Chr8g0336751	MtrunA17Chr8g0336751			medtr.A17.gnm5.MtrunA17Chr8	+	1881770	1883718	2.97707570128485	0.00013302652990158	UP	2.12802965945977	0.00559014407403438	UP
UP	A485_dnf2_shared	medtr.A17.gnm5.ann1_6.MtrunA17Chr5g0432871	MtrunA17Chr5g0432871			medtr.A17.gnm5.MtrunA17Chr5	-	33482782	33491711	2.16679410084718	0.024447345711595	UP	2.12000475361687	0.0222508317826399	UP
UP	A485_dnf2_shared	medtr.A17.gnm5.ann1_6.MtrunA17Chr6g0462051	MtrunA17Chr6g0462051			medtr.A17.gnm5.MtrunA17Chr6	-	11173127	11179843	2.42242105275717	0.000622336235639553	UP	2.1185124684086	0.00221766271325499	UP
UP	A485_dnf2_shared	medtr.A17.gnm5.ann1_6.MtrunA17Chr4g0034601	MtrunA17Chr4g0034601			medtr.A17.gnm5.MtrunA17Chr4	-	34173165	34175841	2.00845547995629	0.00679142361170421	UP	2.10747713494317	0.00238150948129425	UP
UP	A485_dnf2_shared	medtr.A17.gnm5.ann1_6.MtrunA17Chr7g0262901	MtrunA17Chr7g0262901			medtr.A17.gnm5.MtrunA17Chr7	+	46908419	46914712	2.78248903435522	0.000398035762733632	UP	2.08869967273868	0.00801182705376494	UP
UP	A485_dnf2_shared	medtr.A17.gnm5.ann1_6.MtrunA17Chr4g0042831	MtrunA17Chr4g0042831			medtr.A17.gnm5.MtrunA17Chr4	-	40064174	40068100	1.9103905236729	0.00297343116958332	UP	2.08488407515055	0.000437712770876298	UP
UP	A485_dnf2_shared	medtr.A17.gnm5.ann1_6.MtrunA17Chr2g0315131	MtrunA17Chr2g0315131			medtr.A17.gnm5.MtrunA17Chr2	+	37432522	37439004	2.2420137501065	0.00611540691793065	UP	2.07935481954518	0.00945952622207104	UP
UP	A485_dnf2_shared	medtr.A17.gnm5.ann1_6.MtrunA17Chr7g0244451	MtrunA17Chr7g0244451	MtPrx33	peroxidase	medtr.A17.gnm5.MtrunA17Chr7	+	33676514	33682247	2.06586793917356	0.014031572828802	UP	2.0648705775299	0.0102137055937767	UP
UP	A485_dnf2_shared	medtr.A17.gnm5.ann1_6.MtrunA17Chr3g0125731	MtrunA17Chr3g0125731			medtr.A17.gnm5.MtrunA17Chr3	-	44184386	44185836	2.53346587718786	4.97475863790191e-05	UP	2.03825929651844	0.000699813038158442	UP
UP	A485_dnf2_shared	medtr.A17.gnm5.ann1_6.MtrunA17Chr4g0010271	MtrunA17Chr4g0010271	MtVAMP721a	vesicle-associated membrane protein 721a	medtr.A17.gnm5.MtrunA17Chr4	-	8055990	8061728	2.6093615414835	0.000499728162925914	UP	2.03499313700978	0.00733321777716984	UP
UP	A485_dnf2_shared	medtr.A17.gnm5.ann1_6.MtrunA17Chr5g0410621	MtrunA17Chr5g0410621			medtr.A17.gnm5.MtrunA17Chr5	+	12205288	12209599	2.10166592258268	0.00188123056563703	UP	2.02766986109579	0.00189233677117039	UP
UP	A485_dnf2_shared	medtr.A17.gnm5.ann1_6.MtrunA17Chr7g0271211	MtrunA17Chr7g0271211			medtr.A17.gnm5.MtrunA17Chr7	-	52661234	52663253	1.82298105845993	0.00479632660886556	UP	1.99540502227898	0.000766161289603235	UP
UP	A485_dnf2_shared	medtr.A17.gnm5.ann1_6.MtrunA17Chr8g0378931	MtrunA17Chr8g0378931			medtr.A17.gnm5.MtrunA17Chr8	+	39788614	39796278	2.44176355692594	0.000640844151012204	UP	1.97724496909281	0.00615361999527108	UP
UP	A485_dnf2_shared	medtr.A17.gnm5.ann1_6.MtrunA17Chr5g0423341	MtrunA17Chr5g0423341			medtr.A17.gnm5.MtrunA17Chr5	-	25175286	25177790	3.95729326799637	3.66801572736437e-05	UP	1.94701133319482	0.039649330421148	UP
UP	A485_dnf2_shared	medtr.A17.gnm5.ann1_6.MtrunA17Chr4g0039311	MtrunA17Chr4g0039311			medtr.A17.gnm5.MtrunA17Chr4	+	37524843	37528356	1.83900483214082	0.00939556633139062	UP	1.94676817461183	0.00294404502691879	UP
UP	A485_dnf2_shared	medtr.A17.gnm5.ann1_6.MtrunA17Chr7g0235131	MtrunA17Chr7g0235131			medtr.A17.gnm5.MtrunA17Chr7	+	25530568	25532727	3.66394180860793	0.000114290000765441	UP	1.94670611789435	0.0369675314320442	UP
UP	A485_dnf2_shared	medtr.A17.gnm5.ann1_6.MtrunA17Chr4g0004201	MtrunA17Chr4g0004201			medtr.A17.gnm5.MtrunA17Chr4	+	3248537	3250840	2.3209583873945	0.000775762915790477	UP	1.94099857341349	0.00529242480566908	UP
UP	A485_dnf2_shared	medtr.A17.gnm5.ann1_6.MtrunA17Chr8g0390631	MtrunA17Chr8g0390631			medtr.A17.gnm5.MtrunA17Chr8	+	47747397	47755324	2.58803744842336	0.00130898743698955	UP	1.91096185117023	0.0280453854119271	UP
UP	A485_dnf2_shared	medtr.A17.gnm5.ann1_6.MtrunA17Chr2g0301621	MtrunA17Chr2g0301621			medtr.A17.gnm5.MtrunA17Chr2	-	19341886	19349484	3.29226939143316	0.000324369846323268	UP	1.90494334244292	0.0437322234473426	UP
UP	A485_dnf2_shared	medtr.A17.gnm5.ann1_6.MtrunA17Chr6g0461331	MtrunA17Chr6g0461331			medtr.A17.gnm5.MtrunA17Chr6	+	10539527	10542070	1.77085927214558	0.0248721676925521	UP	1.90389942465841	0.00780464479591712	UP
UP	A485_dnf2_shared	medtr.A17.gnm5.ann1_6.MtrunA17Chr8g0388831	MtrunA17Chr8g0388831			medtr.A17.gnm5.MtrunA17Chr8	+	46491062	46495099	2.84978965798963	0.000747560799132109	UP	1.89304149055748	0.0453389028600165	UP
UP	A485_dnf2_shared	medtr.A17.gnm5.ann1_6.MtrunA17Chr1g0201671	MtrunA17Chr1g0201671			medtr.A17.gnm5.MtrunA17Chr1	-	47974409	47977554	3.30535034285747	4.44404224550204e-05	UP	1.88145389764359	0.0174348934236767	UP
UP	A485_dnf2_shared	medtr.A17.gnm5.ann1_6.MtrunA17Chr1g0200811	MtrunA17Chr1g0200811	MtSUT1-1|MtSUT1.1	sucrose transporter	medtr.A17.gnm5.MtrunA17Chr1	-	47317676	47322375	3.75903158517366	1.00540501673144e-05	UP	1.86178030018387	0.0140806097079795	UP
UP	A485_dnf2_shared	medtr.A17.gnm5.ann1_6.MtrunA17Chr1g0201681	MtrunA17Chr1g0201681			medtr.A17.gnm5.MtrunA17Chr1	+	47975159	47975671	3.16669932446893	4.14895410270963e-05	UP	1.83532621617587	0.0184593055059032	UP
UP	A485_dnf2_shared	medtr.A17.gnm5.ann1_6.MtrunA17Chr4g0034311	MtrunA17Chr4g0034311	MtPhytogb1.2|MtGlb1-2	non-symbiotic hemoglobin (ns-Hb)	medtr.A17.gnm5.MtrunA17Chr4	-	33990561	33994050	2.41343496653642	0.000158624210211229	UP	1.79234007290398	0.007271972429874	UP
UP	A485_dnf2_shared	medtr.A17.gnm5.ann1_6.MtrunA17Chr7g0245631	MtrunA17Chr7g0245631	MtVRC1	vestitone reductase cluster gene 1	medtr.A17.gnm5.MtrunA17Chr7	+	34626335	34629079	2.76275890010626	9.03015996890222e-05	UP	1.78760153698712	0.0150112058572387	UP
UP	A485_dnf2_shared	medtr.A17.gnm5.ann1_6.MtrunA17Chr5g0402851	MtrunA17Chr5g0402851			medtr.A17.gnm5.MtrunA17Chr5	-	6817518	6822367	2.46537191435954	6.8390277552601e-05	UP	1.76770878880284	0.00521578668053759	UP
UP	A485_dnf2_shared	medtr.A17.gnm5.ann1_6.MtrunA17Chr2g0324061	MtrunA17Chr2g0324061			medtr.A17.gnm5.MtrunA17Chr2	-	44377957	44381806	1.61543755022709	0.0495705586503587	UP	1.74561468511397	0.0164640559070639	UP
UP	A485_dnf2_shared	medtr.A17.gnm5.ann1_6.MtrunA17Chr6g0484351	MtrunA17Chr6g0484351			medtr.A17.gnm5.MtrunA17Chr6	-	38932047	38936536	2.09821421788357	0.00722016261611823	UP	1.74457630591067	0.0405465023481467	UP
UP	A485_dnf2_shared	medtr.A17.gnm5.ann1_6.MtrunA17Chr4g0055451	MtrunA17Chr4g0055451			medtr.A17.gnm5.MtrunA17Chr4	+	49053325	49057232	1.96447182105463	0.00284301167175433	UP	1.72838168428522	0.01104707350877	UP
UP	A485_dnf2_shared	medtr.A17.gnm5.ann1_6.MtrunA17Chr8g0386481	MtrunA17Chr8g0386481			medtr.A17.gnm5.MtrunA17Chr8	-	44883411	44892022	1.67769408296792	0.0210201505601091	UP	1.71767938420575	0.0107701753751672	UP
UP	A485_dnf2_shared	medtr.A17.gnm5.ann1_6.MtrunA17Chr1g0190681	MtrunA17Chr1g0190681			medtr.A17.gnm5.MtrunA17Chr1	+	39841225	39841837	2.93557415901876	0.000140102210402533	UP	1.71130222921907	0.045791826726105	UP
UP	A485_dnf2_shared	medtr.A17.gnm5.ann1_6.MtrunA17Chr2g0282561	MtrunA17Chr2g0282561			medtr.A17.gnm5.MtrunA17Chr2	-	4004981	4007359	2.912964911494	0.000173013283501586	UP	1.70866833697284	0.0489297833315806	UP
UP	A485_dnf2_shared	medtr.A17.gnm5.ann1_6.MtrunA17Chr1g0185711	MtrunA17Chr1g0185711			medtr.A17.gnm5.MtrunA17Chr1	-	36077347	36080184	1.6133879945005	0.0268826394173227	UP	1.70187416891434	0.00961300377208228	UP
UP	A485_dnf2_shared	medtr.A17.gnm5.ann1_6.MtrunA17Chr4g0006971	MtrunA17Chr4g0006971			medtr.A17.gnm5.MtrunA17Chr4	-	5498350	5504249	1.63756675980096	0.0220733823515614	UP	1.64570492333711	0.0156427591581514	UP
UP	A485_dnf2_shared	medtr.A17.gnm5.ann1_6.MtrunA17Chr8g0354571	MtrunA17Chr8g0354571	MtCYP72A62v1	Cytochrome P450 monooxygenase	medtr.A17.gnm5.MtrunA17Chr8	-	16093761	16097249	1.71963615203753	0.0263090011182209	UP	1.64377446053359	0.0341883299369923	UP
UP	A485_dnf2_shared	medtr.A17.gnm5.ann1_6.MtrunA17Chr2g0297291	MtrunA17Chr2g0297291			medtr.A17.gnm5.MtrunA17Chr2	+	15451933	15457316	1.71940513448497	0.0196023076982228	UP	1.64043459583024	0.0266093360333238	UP
UP	A485_dnf2_shared	medtr.A17.gnm5.ann1_6.MtrunA17Chr3g0144691	MtrunA17Chr3g0144691			medtr.A17.gnm5.MtrunA17Chr3	-	58037717	58039929	1.8925188703323	0.00318379733073628	UP	1.63606501128163	0.0168796753804217	UP
UP	A485_dnf2_shared	medtr.A17.gnm5.ann1_6.MtrunA17Chr5g0400081	MtrunA17Chr5g0400081			medtr.A17.gnm5.MtrunA17Chr5	+	4506566	4516598	1.46365736513688	0.0221047599913485	UP	1.60600170312265	0.00327618205189453	UP
UP	A485_dnf2_shared	medtr.A17.gnm5.ann1_6.MtrunA17Chr5g0443521	MtrunA17Chr5g0443521			medtr.A17.gnm5.MtrunA17Chr5	+	41307786	41312476	1.52888943592108	0.0211062110418931	UP	1.60486533510196	0.00679890469682208	UP
UP	A485_dnf2_shared	medtr.A17.gnm5.ann1_6.MtrunA17Chr3g0144421	MtrunA17Chr3g0144421			medtr.A17.gnm5.MtrunA17Chr3	-	57828528	57830214	2.09491481537405	0.000171102593550154	UP	1.52811189934671	0.0177872534907104	UP
UP	A485_dnf2_shared	medtr.A17.gnm5.ann1_6.MtrunA17Chr5g0419251	MtrunA17Chr5g0419251			medtr.A17.gnm5.MtrunA17Chr5	+	19545636	19550120	1.53643845207273	0.0104325033367716	UP	1.38020661458085	0.0434161987887135	UP
UP	A485_only	medtr.A17.gnm5.ann1_6.MtrunA17Chr4g0062741	MtrunA17Chr4g0062741			medtr.A17.gnm5.MtrunA17Chr4	+	54435630	54437625	2.48866167009796	0.0015141371939283	UP	-6.85128225477892	0.0002941381967851	DOWN
UP	A485_only	medtr.A17.gnm5.ann1_6.MtrunA17Chr1g0197981	MtrunA17Chr1g0197981			medtr.A17.gnm5.MtrunA17Chr1	+	45044702	45045825	6.80123479855364	0.0400358567214336	UP	6.10906175441014	0.0891565381890927	NS
UP	A485_only	medtr.A17.gnm5.ann1_6.MtrunA17Chr3g0102941	MtrunA17Chr3g0102941			medtr.A17.gnm5.MtrunA17Chr3	+	27432648	27441261	2.21439507586049	0.00552450319720551	UP	-6.0620515480207	7.06388382412981e-07	DOWN
UP	A485_only	medtr.A17.gnm5.ann1_6.MtrunA17Chr3g0095361	MtrunA17Chr3g0095361			medtr.A17.gnm5.MtrunA17Chr3	+	18700057	18702226	4.2216218691012	0.000534320769694669	UP	-5.82972037492838	0.0633128973839304	NS
UP	A485_only	medtr.A17.gnm5.ann1_6.MtrunA17Chr8g0336711	MtrunA17Chr8g0336711			medtr.A17.gnm5.MtrunA17Chr8	-	1872608	1873556	7.41653541284926	0.0128775771402011	UP	5.60268779067126	0.170357642435607	NS
UP	A485_only	medtr.A17.gnm5.ann1_6.MtrunA17Chr3g0095351	MtrunA17Chr3g0095351			medtr.A17.gnm5.MtrunA17Chr3	+	18696195	18699670	4.7238397291128	0.00843477563366886	UP	-5.5364273668258	0.488428856899549	NS
UP	A485_only	medtr.A17.gnm5.ann1_6.MtrunA17Chr5g0408431	MtrunA17Chr5g0408431			medtr.A17.gnm5.MtrunA17Chr5	+	10582932	10586099	7.05860246818297	0.0103867565426763	UP	5.30446167913649	0.128857626684049	NS
UP	A485_only	medtr.A17.gnm5.ann1_6.MtrunA17Chr7g0240691	MtrunA17Chr7g0240691			medtr.A17.gnm5.MtrunA17Chr7	-	30407851	30412503	5.2791583625564	0.000206977326263872	UP	-5.04506184233371	0.270104409366115	NS
UP	A485_only	medtr.A17.gnm5.ann1_6.MtrunA17Chr5g0442291	MtrunA17Chr5g0442291	MtSubIn11	Subtilisin inhibitor	medtr.A17.gnm5.MtrunA17Chr5	-	40490384	40491086	6.9123442601329	0.00296517012282783	UP	5.03146429304782	0.0809909818961188	NS
UP	A485_only	medtr.A17.gnm5.ann1_6.MtrunA17Chr5g0409771	MtrunA17Chr5g0409771			medtr.A17.gnm5.MtrunA17Chr5	-	11472737	11475956	2.4827462288928	0.0114449385508245	UP	-4.90677526790764	0.000212605853449703	DOWN
UP	A485_only	medtr.A17.gnm5.ann1_6.MtrunA17Chr3g0140921	MtrunA17Chr3g0140921			medtr.A17.gnm5.MtrunA17Chr3	-	55279312	55280445	2.16136451169077	0.00856352330876052	UP	-4.70959250276274	2.61728210865403e-05	DOWN
UP	A485_only	medtr.A17.gnm5.ann1_6.MtrunA17Chr8g0357511	MtrunA17Chr8g0357511	MtSTIG/GRI_20	Stigma1 / GRI	medtr.A17.gnm5.MtrunA17Chr8	-	19503094	19503495	2.58069616395062	0.0440443269461338	UP	-4.63927378131799	0.118539642156439	NS
UP	A485_only	medtr.A17.gnm5.ann1_6.MtrunA17Chr5g0442131	MtrunA17Chr5g0442131			medtr.A17.gnm5.MtrunA17Chr5	-	40370788	40374595	5.60838012985914	0.00599224368904105	UP	4.38767341292582	0.0559429638425208	NS
UP	A485_only	medtr.A17.gnm5.ann1_6.MtrunA17Chr3g0095321	MtrunA17Chr3g0095321			medtr.A17.gnm5.MtrunA17Chr3	+	18688126	18691384	5.14451381338926	0.000254562969877198	UP	-4.29621149848202	0.390486215336368	NS
UP	A485_only	medtr.A17.gnm5.ann1_6.MtrunA17Chr6g0452841	MtrunA17Chr6g0452841			medtr.A17.gnm5.MtrunA17Chr6	+	3148917	3149435	2.86196439092775	0.0271089449695783	UP	-4.29351993827908	0.178151529539299	NS
UP	A485_only	medtr.A17.gnm5.ann1_6.MtrunA17Chr8g0336721	MtrunA17Chr8g0336721			medtr.A17.gnm5.MtrunA17Chr8	-	1873563	1874173	6.75791310588789	0.00848176000985549	UP	4.25808355823326	0.295141972983798	NS
UP	A485_only	medtr.A17.gnm5.ann1_6.MtrunA17Chr8g0373961	MtrunA17Chr8g0373961			medtr.A17.gnm5.MtrunA17Chr8	-	36077867	36080316	8.06892905844913	0.0009443099216155	UP	4.25770919530658	0.429538545269068	NS
UP	A485_only	medtr.A17.gnm5.ann1_6.MtrunA17Chr3g0120071	MtrunA17Chr3g0120071	MtLOX2	lipoxygenase 2 (TC100141)	medtr.A17.gnm5.MtrunA17Chr3	+	40212778	40216628	4.59664030091583	0.00227679917782888	UP	-4.1290790953542	0.0202558848814668	DOWN
UP	A485_only	medtr.A17.gnm5.ann1_6.MtrunA17Chr7g0228701	MtrunA17Chr7g0228701			medtr.A17.gnm5.MtrunA17Chr7	+	14231202	14231390	2.58670285168554	0.0421517458413951	UP	-4.08415316395085	0.136926045973663	NS
UP	A485_only	medtr.A17.gnm5.ann1_6.MtrunA17Chr3g0124101	MtrunA17Chr3g0124101			medtr.A17.gnm5.MtrunA17Chr3	+	43016699	43018307	2.6281303289867	0.0030336677712507	UP	-4.05004031619773	0.0154393162940786	DOWN
UP	A485_only	medtr.A17.gnm5.ann1_6.MtrunA17Chr2g0299261	MtrunA17Chr2g0299261			medtr.A17.gnm5.MtrunA17Chr2	+	17217865	17219130	2.56332620648271	0.00394721943372235	UP	-3.95966225367976	8.43025372600705e-05	DOWN
UP	A485_only	medtr.A17.gnm5.ann1_6.MtrunA17Chr5g0431571	MtrunA17Chr5g0431571	MtTPS10	terpene synthase 10	medtr.A17.gnm5.MtrunA17Chr5	+	32450501	32454752	6.38020867606571	0.00184211619689733	UP	3.91896644725261	0.165774562756592	NS
UP	A485_only	medtr.A17.gnm5.ann1_6.MtrunA17Chr8g0362611	MtrunA17Chr8g0362611			medtr.A17.gnm5.MtrunA17Chr8	-	27148515	27150067	7.00030836525279	0.000698275784689078	UP	3.91879762992429	0.247612919010456	NS
UP	A485_only	medtr.A17.gnm5.ann1_6.MtrunA17Chr3g0112251	MtrunA17Chr3g0112251			medtr.A17.gnm5.MtrunA17Chr3	-	34267774	34272085	5.68317225498914	0.0475340568347543	UP	3.86726213194425	0.415627281690933	NS
UP	A485_only	medtr.A17.gnm5.ann1_6.MtrunA17Chr1g0169971	MtrunA17Chr1g0169971			medtr.A17.gnm5.MtrunA17Chr1	+	18620787	18621879	5.53678583388335	0.00961815894215313	UP	3.85600996686429	0.177581468788647	NS
UP	A485_only	medtr.A17.gnm5.ann1_6.MtrunA17Chr2g0293131	MtrunA17Chr2g0293131			medtr.A17.gnm5.MtrunA17Chr2	-	12010638	12013299	6.62574171086944	0.0361797524992481	UP	3.62454623682403	0.745801794396615	NS
UP	A485_only	medtr.A17.gnm5.ann1_6.MtrunA17Chr7g0264401	MtrunA17Chr7g0264401			medtr.A17.gnm5.MtrunA17Chr7	-	47955707	47956237	5.9967235741296	0.00775622927069866	UP	3.62419606223849	0.314418298845046	NS
UP	A485_only	medtr.A17.gnm5.ann1_6.MtrunA17Chr8g0334821	MtrunA17Chr8g0334821			medtr.A17.gnm5.MtrunA17Chr8	+	496257	501050	4.32670084414774	0.0292558540211455	UP	3.5296756405217	0.108195126338617	NS
UP	A485_only	medtr.A17.gnm5.ann1_6.MtrunA17Chr6g0453731	MtrunA17Chr6g0453731			medtr.A17.gnm5.MtrunA17Chr6	-	4018243	4022588	3.87156211737668	1.0018983371297e-05	UP	-3.45277209052779	0.000592512625483077	DOWN
UP	A485_only	medtr.A17.gnm5.ann1_6.MtrunA17Chr5g0401411	MtrunA17Chr5g0401411			medtr.A17.gnm5.MtrunA17Chr5	+	5600202	5600978	3.07647780528078	0.00828314733966821	UP	-3.44523918439386	0.132142185417109	NS
UP	A485_only	medtr.A17.gnm5.ann1_6.MtrunA17Chr1g0167851	MtrunA17Chr1g0167851			medtr.A17.gnm5.MtrunA17Chr1	-	16772179	16773045	3.03367025565706	0.000261338164310364	UP	-3.43758886630232	0.00115074299321252	DOWN
UP	A485_only	medtr.A17.gnm5.ann1_6.MtrunA17Chr1g0167861	MtrunA17Chr1g0167861			medtr.A17.gnm5.MtrunA17Chr1	+	16772890	16775057	3.11019029310912	0.00052824311701194	UP	-3.3894167040219	0.00211541780801186	DOWN
UP	A485_only	medtr.A17.gnm5.ann1_6.MtrunA17Chr8g0352951	MtrunA17Chr8g0352951			medtr.A17.gnm5.MtrunA17Chr8	+	14728356	14728851	2.77936202055793	0.000481609244983466	UP	-3.37453457436614	0.00981473532740688	DOWN
UP	A485_only	medtr.A17.gnm5.ann1_6.MtrunA17Chr2g0299211	MtrunA17Chr2g0299211			medtr.A17.gnm5.MtrunA17Chr2	+	17207433	17208982	3.0630408582862	0.00193526792300724	UP	-3.35001688396087	0.0132607248086905	DOWN
UP	A485_only	medtr.A17.gnm5.ann1_6.MtrunA17Chr4g0030371	MtrunA17Chr4g0030371			medtr.A17.gnm5.MtrunA17Chr4	-	31016408	31017101	8.01555515223136	7.24010921030619e-05	UP	3.33156651938691	0.420465500229393	NS
UP	A485_only	medtr.A17.gnm5.ann1_6.MtrunA17Chr1g0203781	MtrunA17Chr1g0203781			medtr.A17.gnm5.MtrunA17Chr1	-	49483969	49484430	6.42956549268238	0.00552450319720551	UP	3.3313806443204	0.517154228881367	NS
UP	A485_only	medtr.A17.gnm5.ann1_6.MtrunA17Chr8g0350091	MtrunA17Chr8g0350091			medtr.A17.gnm5.MtrunA17Chr8	-	12250176	12253707	7.68009262856679	0.00306341364637403	UP	3.33123084784279	0.837818982072814	NS
UP	A485_only	medtr.A17.gnm5.ann1_6.MtrunA17Chr3g0104591	MtrunA17Chr3g0104591	MtKunitz28	Kunitz-P Trypsin Inhibitor	medtr.A17.gnm5.MtrunA17Chr3	-	28687687	28688410	7.05992354283341	0.000434444469656141	UP	3.33121281933768	0.409018801125501	NS
UP	A485_only	medtr.A17.gnm5.ann1_6.MtrunA17Chr7g0267101	MtrunA17Chr7g0267101			medtr.A17.gnm5.MtrunA17Chr7	+	49949190	49950332	7.12191831294877	0.0127777068664053	UP	3.33067340607521	0.905563569949908	NS
UP	A485_only	medtr.A17.gnm5.ann1_6.MtrunA17Chr7g0239431	MtrunA17Chr7g0239431			medtr.A17.gnm5.MtrunA17Chr7	-	29444096	29444422	4.68060089514926	0.00422370529314677	UP	-3.16811292252625	0.769726619892765	NS
UP	A485_only	medtr.A17.gnm5.ann1_6.MtrunA17Chr4g0058721	MtrunA17Chr4g0058721			medtr.A17.gnm5.MtrunA17Chr4	-	51652820	51653084	2.31456541764973	0.0255207074194542	UP	-3.14832930357027	0.0748244103550812	NS
UP	A485_only	medtr.A17.gnm5.ann1_6.MtrunA17Chr5g0409781	MtrunA17Chr5g0409781			medtr.A17.gnm5.MtrunA17Chr5	-	11477470	11480566	1.84989719503209	0.00345093774696514	UP	-3.1465366600988	8.06645422613137e-06	DOWN
UP	A485_only	medtr.A17.gnm5.ann1_6.MtrunA17Chr7g0222421	MtrunA17Chr7g0222421			medtr.A17.gnm5.MtrunA17Chr7	+	7665587	7666062	2.72027740863302	0.0044923847135484	UP	-3.14474751307791	0.0751663793806214	NS
UP	A485_only	medtr.A17.gnm5.ann1_6.MtrunA17Chr5g0442301	MtrunA17Chr5g0442301			medtr.A17.gnm5.MtrunA17Chr5	-	40494151	40494455	2.02865599945441	0.00665978014296096	UP	-3.11467234021109	0.000759243365352916	DOWN
UP	A485_only	medtr.A17.gnm5.ann1_6.MtrunA17Chr1g0195501	MtrunA17Chr1g0195501			medtr.A17.gnm5.MtrunA17Chr1	+	43399587	43406814	5.31036851185856	0.00825561245199842	UP	3.07518259286608	0.380802282706973	NS
UP	A485_only	medtr.A17.gnm5.ann1_6.MtrunA17Chr3g0084081	MtrunA17Chr3g0084081			medtr.A17.gnm5.MtrunA17Chr3	-	5625755	5629449	4.70423464692618	0.0211062110418931	UP	3.05645233790994	0.323252692619278	NS
UP	A485_only	medtr.A17.gnm5.ann1_6.MtrunA17Chr8g0339051	MtrunA17Chr8g0339051			medtr.A17.gnm5.MtrunA17Chr8	-	3334311	3336056	8.40401792908791	4.87622186293458e-05	UP	2.97458991882757	0.44839901962223	NS
UP	A485_only	medtr.A17.gnm5.ann1_6.MtrunA17Chr4g0063721	MtrunA17Chr4g0063721			medtr.A17.gnm5.MtrunA17Chr4	-	55186098	55197637	8.34384755062135	6.85831253502957e-05	UP	2.96281034886073	0.773471601628103	NS
UP	A485_only	medtr.A17.gnm5.ann1_6.MtrunA17Chr8g0392881	MtrunA17Chr8g0392881			medtr.A17.gnm5.MtrunA17Chr8	-	49341059	49342436	5.00500376144628	0.0142289725858245	UP	2.94468613359113	0.414042758448548	NS
UP	A485_only	medtr.A17.gnm5.ann1_6.MtrunA17Chr3g0111181	MtrunA17Chr3g0111181			medtr.A17.gnm5.MtrunA17Chr3	-	33576494	33580782	6.65697900014084	0.000120718759714718	UP	2.94399615299975	0.283930938668457	NS
UP	A485_only	medtr.A17.gnm5.ann1_6.MtrunA17Chr3g0095331	MtrunA17Chr3g0095331			medtr.A17.gnm5.MtrunA17Chr3	+	18691386	18694111	4.32262153849338	0.00757933815453789	UP	-2.93415907599351	0.816140920439694	NS
UP	A485_only	medtr.A17.gnm5.ann1_6.MtrunA17Chr8g0377241	MtrunA17Chr8g0377241			medtr.A17.gnm5.MtrunA17Chr8	-	38602379	38605124	5.46063235198995	0.00230818717760901	UP	2.93387649605829	0.112584926457283	NS
UP	A485_only	medtr.A17.gnm5.ann1_6.MtrunA17Chr4g0070141	MtrunA17Chr4g0070141			medtr.A17.gnm5.MtrunA17Chr4	+	59886578	59887805	2.12947827249308	0.00184501256834749	UP	-2.90262230825953	2.71502518142581e-05	DOWN
UP	A485_only	medtr.A17.gnm5.ann1_6.MtrunA17Chr7g0247541	MtrunA17Chr7g0247541	MtBBPI12	Bowman-Birk peptidase Inhibitor	medtr.A17.gnm5.MtrunA17Chr7	-	35899804	35900444	3.90079171933217	0.00109991418094146	UP	-2.85093720073594	0.0311230687786694	DOWN
UP	A485_only	medtr.A17.gnm5.ann1_6.MtrunA17Chr2g0299221	MtrunA17Chr2g0299221			medtr.A17.gnm5.MtrunA17Chr2	-	17209769	17210354	3.7699213743519	0.000179144080482747	UP	-2.84804924921482	0.0808786813670058	NS
UP	A485_only	medtr.A17.gnm5.ann1_6.MtrunA17Chr6g0475701	MtrunA17Chr6g0475701			medtr.A17.gnm5.MtrunA17Chr6	+	30191577	30192246	2.32117602581737	0.0291751069631856	UP	-2.80315239370999	0.109674974029424	NS
UP	A485_only	medtr.A17.gnm5.ann1_6.MtrunA17Chr7g0250991	MtrunA17Chr7g0250991			medtr.A17.gnm5.MtrunA17Chr7	+	38336232	38337157	4.17726024912212	0.0363051416362367	UP	2.80264968964249	0.360847311859661	NS
UP	A485_only	medtr.A17.gnm5.ann1_6.MtrunA17Chr1g0158761	MtrunA17Chr1g0158761			medtr.A17.gnm5.MtrunA17Chr1	-	9552626	9556027	3.54614517384745	0.015390188953357	UP	2.79470022777235	0.0822961234374237	NS
UP	A485_only	medtr.A17.gnm5.ann1_6.MtrunA17Chr3g0120341	MtrunA17Chr3g0120341	MtZIP3	Zinc-Iron Permease 3	medtr.A17.gnm5.MtrunA17Chr3	+	40408458	40411756	3.40938881362884	0.0132341034939346	UP	2.78108513066237	0.055220033833553	NS
UP	A485_only	medtr.A17.gnm5.ann1_6.MtrunA17Chr1g0198611	MtrunA17Chr1g0198611			medtr.A17.gnm5.MtrunA17Chr1	-	45584974	45585212	2.80024150111606	0.0242061299359163	UP	-2.77080517308879	0.391068554903052	NS
UP	A485_only	medtr.A17.gnm5.ann1_6.MtrunA17Chr1g0209701	MtrunA17Chr1g0209701			medtr.A17.gnm5.MtrunA17Chr1	+	53566509	53567398	4.24337053375492	0.0125364945216918	UP	2.74704992485115	0.223304120683472	NS
UP	A485_only	medtr.A17.gnm5.ann1_6.MtrunA17Chr2g0318761	MtrunA17Chr2g0318761			medtr.A17.gnm5.MtrunA17Chr2	-	40221401	40222215	4.20285154299441	0.0401988500307297	UP	2.73732866468071	0.407241394760329	NS
UP	A485_only	medtr.A17.gnm5.ann1_6.MtrunA17Chr2g0287431	MtrunA17Chr2g0287431			medtr.A17.gnm5.MtrunA17Chr2	+	7453540	7455296	2.91765514078765	0.0418143665008547	UP	2.71522145959031	0.0547393987599652	NS
UP	A485_only	medtr.A17.gnm5.ann1_6.MtrunA17Chr3g0111231	MtrunA17Chr3g0111231			medtr.A17.gnm5.MtrunA17Chr3	+	33596299	33597533	5.80330403224045	0.000115407175163532	UP	2.69964777708431	0.0876641186444499	NS
UP	A485_only	medtr.A17.gnm5.ann1_6.MtrunA17Chr1g0177051	MtrunA17Chr1g0177051			medtr.A17.gnm5.MtrunA17Chr1	-	28578261	28579030	3.48876816737399	0.0137916537726403	UP	2.66532515129438	0.0730121635473494	NS
UP	A485_only	medtr.A17.gnm5.ann1_6.MtrunA17Chr1g0184081	MtrunA17Chr1g0184081			medtr.A17.gnm5.MtrunA17Chr1	-	34661908	34662480	5.30108641848905	0.001877604543579	UP	-2.66087565366678	0.955534659863621	NS
UP	A485_only	medtr.A17.gnm5.ann1_6.MtrunA17Chr7g0235121	MtrunA17Chr7g0235121			medtr.A17.gnm5.MtrunA17Chr7	-	25528628	25528923	3.960802898453	0.00391623760605799	UP	-2.66087565366678	0.535521690666675	NS
UP	A485_only	medtr.A17.gnm5.ann1_6.MtrunA17Chr6g0483131	MtrunA17Chr6g0483131			medtr.A17.gnm5.MtrunA17Chr6	-	37681284	37684398	5.23680535586933	0.00820353597557725	UP	2.64438533564763	0.577885704243418	NS
UP	A485_only	medtr.A17.gnm5.ann1_6.MtrunA17Chr8g0379931	MtrunA17Chr8g0379931			medtr.A17.gnm5.MtrunA17Chr8	+	40356427	40367488	5.25564440217209	0.000547804998841533	UP	2.61280264277819	0.259509607722329	NS
UP	A485_only	medtr.A17.gnm5.ann1_6.MtrunA17Chr4g0012291	MtrunA17Chr4g0012291			medtr.A17.gnm5.MtrunA17Chr4	+	9757757	9767171	3.35034917157853	0.0110543547425205	UP	2.60673654226528	0.0680010306877819	NS
UP	A485_only	medtr.A17.gnm5.ann1_6.MtrunA17Chr4g0029921	MtrunA17Chr4g0029921			medtr.A17.gnm5.MtrunA17Chr4	-	30570969	30573586	3.99803463446579	0.00867078040350968	UP	-2.58838630165037	0.849469692103244	NS
UP	A485_only	medtr.A17.gnm5.ann1_6.MtrunA17Chr1g0192851	MtrunA17Chr1g0192851			medtr.A17.gnm5.MtrunA17Chr1	+	41418538	41420005	2.9666051502605	0.0374188244044137	UP	2.5710946241911	0.0756409524157759	NS
UP	A485_only	medtr.A17.gnm5.ann1_6.MtrunA17Chr4g0047221	MtrunA17Chr4g0047221			medtr.A17.gnm5.MtrunA17Chr4	-	43307322	43309658	4.62482722315923	0.0032499781230552	UP	2.568310083473	0.173510280291794	NS
UP	A485_only	medtr.A17.gnm5.ann1_6.MtrunA17Chr5g0432351	MtrunA17Chr5g0432351	MtPrx70	peroxidase	medtr.A17.gnm5.MtrunA17Chr5	-	33060542	33062658	5.21741294868458	9.99602200153189e-05	UP	2.52024845331081	0.0876100507274106	NS
UP	A485_only	medtr.A17.gnm5.ann1_6.MtrunA17Chr2g0318341	MtrunA17Chr2g0318341	MtRC6	Root Cap 6	medtr.A17.gnm5.MtrunA17Chr2	-	39984994	39986971	5.88515885220466	0.000448941987893498	UP	2.50131235685517	0.489857321703204	NS
UP	A485_only	medtr.A17.gnm5.ann1_6.MtrunA17Chr5g0441751	MtrunA17Chr5g0441751	7SL RNA-1	7SL RNA	medtr.A17.gnm5.MtrunA17Chr5	-	40032478	40032783	2.26917747677205	0.00418413848485793	UP	-2.49294654294246	0.0176651429742894	DOWN
UP	A485_only	medtr.A17.gnm5.ann1_6.MtrunA17Chr5g0399371	MtrunA17Chr5g0399371			medtr.A17.gnm5.MtrunA17Chr5	+	3951145	3953693	6.62434513663323	0.00460303690044085	UP	2.46839088999173	0.981402442979145	NS
UP	A485_only	medtr.A17.gnm5.ann1_6.MtrunA17Chr1g0195511	MtrunA17Chr1g0195511			medtr.A17.gnm5.MtrunA17Chr1	-	43405821	43406427	4.93565662052814	0.00207370676862032	UP	2.4683054040786	0.395559264603836	NS
UP	A485_only	medtr.A17.gnm5.ann1_6.MtrunA17Chr1g0168471	MtrunA17Chr1g0168471			medtr.A17.gnm5.MtrunA17Chr1	-	17333851	17335521	6.13320868803576	0.0239296503855125	UP	2.46802987684911	1	NS
UP	A485_only	medtr.A17.gnm5.ann1_6.MtrunA17Chr2g0288931	MtrunA17Chr2g0288931	MtSTIG/GRI_5	Stigma1 / GRI	medtr.A17.gnm5.MtrunA17Chr2	-	8574507	8575110	9.04073692926029	1.00540501673144e-05	UP	2.46802987684911	0.827083255163676	NS
UP	A485_only	medtr.A17.gnm5.ann1_6.MtrunA17Chr3g0095341	MtrunA17Chr3g0095341			medtr.A17.gnm5.MtrunA17Chr3	+	18694357	18695844	4.23137720240396	0.00445754837501209	UP	-2.45237151811534	0.848761707669962	NS
UP	A485_only	medtr.A17.gnm5.ann1_6.MtrunA17Chr2g0279831	MtrunA17Chr2g0279831			medtr.A17.gnm5.MtrunA17Chr2	-	2129520	2130131	3.65125463348928	0.00355664606540776	UP	-2.44968345273044	0.60256443436468	NS
UP	A485_only	medtr.A17.gnm5.ann1_6.MtrunA17Chr5g0438491	MtrunA17Chr5g0438491			medtr.A17.gnm5.MtrunA17Chr5	-	37666394	37667381	6.11434746462001	6.91833562937451e-05	UP	2.44887429877002	0.17351780496258	NS
UP	A485_only	medtr.A17.gnm5.ann1_6.MtrunA17Chr4g0063501	MtrunA17Chr4g0063501			medtr.A17.gnm5.MtrunA17Chr4	-	55063623	55064658	5.07757871480582	0.000191471947339009	UP	2.4469286740817	0.178541113964152	NS
UP	A485_only	medtr.A17.gnm5.ann1_6.MtrunA17Chr8g0339061	MtrunA17Chr8g0339061			medtr.A17.gnm5.MtrunA17Chr8	+	3335188	3335799	7.81014191118237	1.72266113543276e-05	UP	2.41605427974007	0.57559884317749	NS
UP	A485_only	medtr.A17.gnm5.ann1_6.MtrunA17Chr3g0141661	MtrunA17Chr3g0141661			medtr.A17.gnm5.MtrunA17Chr3	+	55799001	55800164	4.18306052762566	4.47533419986364e-05	UP	-2.40159868036643	0.0493999934280298	DOWN
UP	A485_only	medtr.A17.gnm5.ann1_6.MtrunA17Chr7g0216931	MtrunA17Chr7g0216931			medtr.A17.gnm5.MtrunA17Chr7	-	2467802	2471298	3.71601816065018	0.00108953749123908	UP	2.37862792283102	0.0603202552539391	NS
UP	A485_only	medtr.A17.gnm5.ann1_6.MtrunA17Chr3g0130601	MtrunA17Chr3g0130601			medtr.A17.gnm5.MtrunA17Chr3	+	47723261	47725612	4.17968668182015	0.00686489481774873	UP	2.37153630502622	0.335351988691555	NS
UP	A485_only	medtr.A17.gnm5.ann1_6.MtrunA17Chr1g0187161	MtrunA17Chr1g0187161	MtSubIn3	Subtilisin inhibitor	medtr.A17.gnm5.MtrunA17Chr1	+	37276866	37277492	6.25681168358771	0.000107304897671771	UP	2.33728689698326	0.186177048480538	NS
UP	A485_only	medtr.A17.gnm5.ann1_6.MtrunA17Chr5g0407321	MtrunA17Chr5g0407321			medtr.A17.gnm5.MtrunA17Chr5	-	9916063	9922022	3.62020053157148	0.00665978014296096	UP	2.33395826810274	0.103100632372883	NS
UP	A485_only	medtr.A17.gnm5.ann1_6.MtrunA17Chr7g0253501	MtrunA17Chr7g0253501			medtr.A17.gnm5.MtrunA17Chr7	+	40088910	40090603	2.71125841865452	0.0321800881883988	UP	2.32537642871123	0.0706876614900418	NS
UP	A485_only	medtr.A17.gnm5.ann1_6.MtrunA17Chr7g0253061	MtrunA17Chr7g0253061			medtr.A17.gnm5.MtrunA17Chr7	+	39796007	39798469	1.91430951016663	0.0253859201336797	UP	-2.30894181887425	0.0179986531726914	DOWN
UP	A485_only	medtr.A17.gnm5.ann1_6.MtrunA17Chr3g0124581	MtrunA17Chr3g0124581			medtr.A17.gnm5.MtrunA17Chr3	+	43302930	43303474	4.121251680778	0.00353844714832282	UP	2.30849580658112	0.26939465721633	NS
UP	A485_only	medtr.A17.gnm5.ann1_6.MtrunA17Chr7g0214201	MtrunA17Chr7g0214201			medtr.A17.gnm5.MtrunA17Chr7	+	371027	372446	2.95651176941351	0.0224027562231741	UP	2.30700983421277	0.102177702878425	NS
UP	A485_only	medtr.A17.gnm5.ann1_6.MtrunA17Chr7g0247461	MtrunA17Chr7g0247461	MtBBPI4	Bowman-Birk peptidase Inhibitor	medtr.A17.gnm5.MtrunA17Chr7	-	35855603	35856302	5.89443063092778	9.2726571904183e-05	UP	2.29397356946519	0.445520674165414	NS
UP	A485_only	medtr.A17.gnm5.ann1_6.MtrunA17Chr8g0371891	MtrunA17Chr8g0371891			medtr.A17.gnm5.MtrunA17Chr8	+	34507788	34508586	6.03484500689215	0.000340788791312232	UP	2.29055939545943	0.65909277476478	NS
UP	A485_only	medtr.A17.gnm5.ann1_6.MtrunA17Chr1g0184061	MtrunA17Chr1g0184061			medtr.A17.gnm5.MtrunA17Chr1	-	34635995	34636660	2.05665523004909	0.0466800500226873	UP	-2.26422035015241	0.14797404511874	NS
UP	A485_only	medtr.A17.gnm5.ann1_6.MtrunA17Chr2g0296871	MtrunA17Chr2g0296871			medtr.A17.gnm5.MtrunA17Chr2	+	15150586	15154959	1.8849559541142	0.00355502546551673	UP	-2.26169462795841	0.00023957048497531	DOWN
UP	A485_only	medtr.A17.gnm5.ann1_6.MtrunA17Chr5g0422311	MtrunA17Chr5g0422311			medtr.A17.gnm5.MtrunA17Chr5	-	23917680	23917892	3.89876462186542	0.00532897562142973	UP	2.25871661236094	0.235019485067572	NS
UP	A485_only	medtr.A17.gnm5.ann1_6.MtrunA17Chr2g0302201	MtrunA17Chr2g0302201			medtr.A17.gnm5.MtrunA17Chr2	-	19821878	19823436	4.10054615881373	0.000246655495975745	UP	2.25626433392944	0.0512721861423084	NS
UP	A485_only	medtr.A17.gnm5.ann1_6.MtrunA17Chr7g0253891	MtrunA17Chr7g0253891			medtr.A17.gnm5.MtrunA17Chr7	+	40291372	40294386	3.1302755117159	0.00176276437893566	UP	-2.23351670349082	0.0274529970381216	DOWN
UP	A485_only	medtr.A17.gnm5.ann1_6.MtrunA17Chr3g0078531	MtrunA17Chr3g0078531			medtr.A17.gnm5.MtrunA17Chr3	+	1121807	1129112	3.82348895711525	0.0044923847135484	UP	2.22264816494734	0.217402876423202	NS
UP	A485_only	medtr.A17.gnm5.ann1_6.MtrunA17Chr5g0418381	MtrunA17Chr5g0418381			medtr.A17.gnm5.MtrunA17Chr5	+	18954609	18957863	3.02322468334494	0.00828314733966821	UP	2.17802983359897	0.0891704172027917	NS
UP	A485_only	medtr.A17.gnm5.ann1_6.MtrunA17Chr6g0467761	MtrunA17Chr6g0467761	MtKunitz33	Kunitz-P Trypsin Inhibitor	medtr.A17.gnm5.MtrunA17Chr6	-	16728979	16729889	2.77181969140018	0.040716999126485	UP	-2.16752716877167	0.497241371452038	NS
UP	A485_only	medtr.A17.gnm5.ann1_6.MtrunA17Chr3g0117691	MtrunA17Chr3g0117691			medtr.A17.gnm5.MtrunA17Chr3	+	38599522	38602068	2.66129111846883	0.0407232082089924	UP	2.16309815065575	0.129805283949991	NS
UP	A485_only	medtr.A17.gnm5.ann1_6.MtrunA17Chr5g0441791	MtrunA17Chr5g0441791			medtr.A17.gnm5.MtrunA17Chr5	-	40049462	40049767	2.22627785540138	0.000860355687848102	UP	-2.15626600385442	0.00881458355427211	DOWN
UP	A485_only	medtr.A17.gnm5.ann1_6.MtrunA17Chr7g0240581	MtrunA17Chr7g0240581			medtr.A17.gnm5.MtrunA17Chr7	-	30374266	30375840	3.03493897197509	0.0181664034657748	UP	2.14506176007076	0.131084878087146	NS
UP	A485_only	medtr.A17.gnm5.ann1_6.MtrunA17Chr3g0109411	MtrunA17Chr3g0109411			medtr.A17.gnm5.MtrunA17Chr3	+	32320999	32327831	3.42851576295529	0.00136045770912659	UP	2.1405999840309	0.0509513555755514	NS
UP	A485_only	medtr.A17.gnm5.ann1_6.MtrunA17Chr3g0103721	MtrunA17Chr3g0103721			medtr.A17.gnm5.MtrunA17Chr3	-	28035749	28035822	4.11562461030601	0.0312699031022163	UP	2.13724653451729	0.70128802779846	NS
UP	A485_only	medtr.A17.gnm5.ann1_6.MtrunA17Chr3g0104011	MtrunA17Chr3g0104011			medtr.A17.gnm5.MtrunA17Chr3	-	28281829	28285804	3.40497707767587	0.0021326563636864	UP	2.13299172548597	0.059618763255167	NS
UP	A485_only	medtr.A17.gnm5.ann1_6.MtrunA17Chr6g0460971	MtrunA17Chr6g0460971			medtr.A17.gnm5.MtrunA17Chr6	-	10190095	10196462	2.61463581022853	0.00136633916438812	UP	-2.12820625741705	0.00947085052952938	DOWN
UP	A485_only	medtr.A17.gnm5.ann1_6.MtrunA17Chr1g0205701	MtrunA17Chr1g0205701	MtPCY39|MtSC2	Plantacyanin/Chemocyanin|stellacyanin 2	medtr.A17.gnm5.MtrunA17Chr1	+	50884998	50886726	2.36517856879845	0.0471857779969435	UP	2.12565395865925	0.0813170848717398	NS
UP	A485_only	medtr.A17.gnm5.ann1_6.MtrunA17Chr4g0024771	MtrunA17Chr4g0024771	MtCYP71D417	Cytochrome P450 monooxygenase	medtr.A17.gnm5.MtrunA17Chr4	-	25600915	25602842	2.47265205928054	0.0287308190713242	UP	2.10769738014214	0.0757007190175429	NS
UP	A485_only	medtr.A17.gnm5.ann1_6.MtrunA17Chr6g0453131	MtrunA17Chr6g0453131			medtr.A17.gnm5.MtrunA17Chr6	+	3486710	3491081	4.29869339895806	0.000340012221237505	UP	2.09678817057706	0.0785094508530566	NS
UP	A485_only	medtr.A17.gnm5.ann1_6.MtrunA17Chr5g0426531	MtrunA17Chr5g0426531			medtr.A17.gnm5.MtrunA17Chr5	-	28455921	28457590	5.84748408120576	6.90849451788114e-06	UP	-2.08003571630809	0.290456050527994	NS
UP	A485_only	medtr.A17.gnm5.ann1_6.MtrunA17Chr7g0237591	MtrunA17Chr7g0237591			medtr.A17.gnm5.MtrunA17Chr7	-	27712218	27713589	2.92573438193132	0.0233404054654249	UP	2.07375038361178	0.188708350276832	NS
UP	A485_only	medtr.A17.gnm5.ann1_6.MtrunA17Chr6g0451711	MtrunA17Chr6g0451711	MtTPS13	terpene synthase 13	medtr.A17.gnm5.MtrunA17Chr6	+	2251368	2255015	6.83765733837859	1.20909701751405e-05	UP	2.06964791547692	0.534797852036891	NS
UP	A485_only	medtr.A17.gnm5.ann1_6.MtrunA17Chr4g0038281	MtrunA17Chr4g0038281			medtr.A17.gnm5.MtrunA17Chr4	+	36646478	36646921	3.95061705463157	0.00284301167175433	UP	2.06529359855588	0.305120019228663	NS
UP	A485_only	medtr.A17.gnm5.ann1_6.MtrunA17Chr8g0345631	MtrunA17Chr8g0345631			medtr.A17.gnm5.MtrunA17Chr8	-	8619203	8622174	3.67107016219827	0.0366657438210652	UP	2.05259552533733	0.601185973028118	NS
UP	A485_only	medtr.A17.gnm5.ann1_6.MtrunA17Chr0c04g0492031	MtrunA17Chr0c04g0492031			medtr.A17.gnm5.MtrunA17Chr0c04	-	120573	123281	5.26804406366252	0.000988910057922671	UP	2.05026173434918	0.698838262894108	NS
UP	A485_only	medtr.A17.gnm5.ann1_6.MtrunA17Chr4g0031561	MtrunA17Chr4g0031561			medtr.A17.gnm5.MtrunA17Chr4	+	31961390	31964343	3.01607921848821	0.00296517012282783	UP	2.04142621002646	0.0651329364603072	NS
UP	A485_only	medtr.A17.gnm5.ann1_6.MtrunA17Chr7g0243431	MtrunA17Chr7g0243431			medtr.A17.gnm5.MtrunA17Chr7	-	32670602	32673383	4.72920999504524	0.0049693044231228	UP	2.03586522482825	0.715570729926637	NS
UP	A485_only	medtr.A17.gnm5.ann1_6.MtrunA17Chr1g0158021	MtrunA17Chr1g0158021			medtr.A17.gnm5.MtrunA17Chr1	+	9111557	9113796	5.81143941498137	0.0115240725799695	UP	2.03389231964024	1	NS
UP	A485_only	medtr.A17.gnm5.ann1_6.MtrunA17Chr8g0354351	MtrunA17Chr8g0354351			medtr.A17.gnm5.MtrunA17Chr8	-	15949085	15953046	3.3844386675189	0.00273132987403346	UP	2.02788305948615	0.143846515211746	NS
UP	A485_only	medtr.A17.gnm5.ann1_6.MtrunA17Chr1g0187781	MtrunA17Chr1g0187781			medtr.A17.gnm5.MtrunA17Chr1	+	37672979	37673233	2.23468924723546	0.0310778712540479	UP	-2.0108723222544	0.293851713313805	NS
UP	A485_only	medtr.A17.gnm5.ann1_6.MtrunA17Chr7g0269881	MtrunA17Chr7g0269881			medtr.A17.gnm5.MtrunA17Chr7	-	51737587	51738781	2.73801808758908	0.0168844390535059	UP	1.994126282493	0.136210990059951	NS
UP	A485_only	medtr.A17.gnm5.ann1_6.MtrunA17Chr2g0304591	MtrunA17Chr2g0304591			medtr.A17.gnm5.MtrunA17Chr2	+	22988318	22990374	3.83267732193059	0.00086301438061398	UP	-1.98551644275175	0.309033996312267	NS
UP	A485_only	medtr.A17.gnm5.ann1_6.MtrunA17Chr1g0176621	MtrunA17Chr1g0176621			medtr.A17.gnm5.MtrunA17Chr1	-	28149316	28151619	3.18497169919992	0.0457772896059303	UP	1.98125742628382	0.391233955986748	NS
UP	A485_only	medtr.A17.gnm5.ann1_6.MtrunA17Chr5g0439751	MtrunA17Chr5g0439751			medtr.A17.gnm5.MtrunA17Chr5	-	38526976	38527270	2.06921596923042	0.0444476693094231	UP	-1.9791310097301	0.169844016845045	NS
UP	A485_only	medtr.A17.gnm5.ann1_6.MtrunA17Chr4g0073041	MtrunA17Chr4g0073041	MtTPS8	trehalose phosphate synthase 8	medtr.A17.gnm5.MtrunA17Chr4	-	62018754	62022838	2.71491990477859	0.00582183443843304	UP	1.9689869694317	0.0644888460475834	NS
UP	A485_only	medtr.A17.gnm5.ann1_6.MtrunA17Chr4g0075801	MtrunA17Chr4g0075801			medtr.A17.gnm5.MtrunA17Chr4	+	63904966	63909696	3.57625396108101	0.00224826114253179	UP	1.9611426641841	0.130148678064636	NS
UP	A485_only	medtr.A17.gnm5.ann1_6.MtrunA17Chr4g0011901	MtrunA17Chr4g0011901	MtCYP83E41	Cytochrome P450 monooxygenase	medtr.A17.gnm5.MtrunA17Chr4	+	9464010	9467470	3.12892232226631	0.0274706969156167	UP	1.95079089722179	0.344361350579816	NS
UP	A485_only	medtr.A17.gnm5.ann1_6.MtrunA17Chr4g0009511	MtrunA17Chr4g0009511			medtr.A17.gnm5.MtrunA17Chr4	+	7406043	7407109	2.53477506760087	0.00901546111839028	UP	1.94042828315997	0.070303680284257	NS
UP	A485_only	medtr.A17.gnm5.ann1_6.MtrunA17Chr2g0320231	MtrunA17Chr2g0320231			medtr.A17.gnm5.MtrunA17Chr2	+	41503626	41508710	3.1945029145752	0.00705771956444506	UP	1.93278521169855	0.222242221183329	NS
UP	A485_only	medtr.A17.gnm5.ann1_6.MtrunA17Chr6g0453161	MtrunA17Chr6g0453161			medtr.A17.gnm5.MtrunA17Chr6	+	3501076	3507323	3.83652076716557	0.0230951120420214	UP	1.92424249102363	0.633429273587183	NS
UP	A485_only	medtr.A17.gnm5.ann1_6.MtrunA17Chr1g0184031	MtrunA17Chr1g0184031			medtr.A17.gnm5.MtrunA17Chr1	-	34615240	34615911	7.05870648336003	7.69404301608052e-06	UP	1.91695776429154	0.32121295741821	NS
UP	A485_only	medtr.A17.gnm5.ann1_6.MtrunA17Chr5g0418951	MtrunA17Chr5g0418951	MtNCR265	Nodule-specific Cysteine-Rich peptide	medtr.A17.gnm5.MtrunA17Chr5	+	19332182	19333440	1.9373704782531	0.00926747266252724	UP	-1.9158933078022	0.00947532158474855	DOWN
UP	A485_only	medtr.A17.gnm5.ann1_6.MtrunA17Chr2g0324581	MtrunA17Chr2g0324581			medtr.A17.gnm5.MtrunA17Chr2	+	44749789	44752437	2.77590508993314	0.00773179985728906	UP	1.8985791778829	0.13336276251323	NS
UP	A485_only	medtr.A17.gnm5.ann1_6.MtrunA17Chr7g0232551	MtrunA17Chr7g0232551			medtr.A17.gnm5.MtrunA17Chr7	-	22874891	22876041	4.83940397516404	0.0363051416362367	UP	-1.87231770230701	1	NS
UP	A485_only	medtr.A17.gnm5.ann1_6.MtrunA17Chr2g0299251	MtrunA17Chr2g0299251			medtr.A17.gnm5.MtrunA17Chr2	-	17215982	17217334	4.79591178333701	0.0366930028980339	UP	-1.87087361116826	1	NS
UP	A485_only	medtr.A17.gnm5.ann1_6.MtrunA17Chr7g0227311	MtrunA17Chr7g0227311			medtr.A17.gnm5.MtrunA17Chr7	+	12470646	12471123	2.41433148391835	0.00715843284443871	UP	1.86590635880852	0.0642233617649052	NS
UP	A485_only	medtr.A17.gnm5.ann1_6.MtrunA17Chr1g0192651	MtrunA17Chr1g0192651			medtr.A17.gnm5.MtrunA17Chr1	+	41266715	41269957	1.71058678053801	0.0139482306809895	UP	-1.86471940145382	0.00311321101526311	DOWN
UP	A485_only	medtr.A17.gnm5.ann1_6.MtrunA17Chr3g0111241	MtrunA17Chr3g0111241	MtLegin7	Leginsulin 7	medtr.A17.gnm5.MtrunA17Chr3	-	33596413	33597541	4.44655020388634	0.00102181411598956	UP	1.86346487077747	0.31423192044623	NS
UP	A485_only	medtr.A17.gnm5.ann1_6.MtrunA17Chr8g0341421	MtrunA17Chr8g0341421			medtr.A17.gnm5.MtrunA17Chr8	-	5018881	5021147	2.45308050000603	0.00911336418201786	UP	-1.86026576199759	0.251130593027046	NS
UP	A485_only	medtr.A17.gnm5.ann1_6.MtrunA17Chr4g0007621	MtrunA17Chr4g0007621			medtr.A17.gnm5.MtrunA17Chr4	-	5936081	5938398	2.86168318727393	0.0030810259138549	UP	1.85472398947939	0.115751569526366	NS
UP	A485_only	medtr.A17.gnm5.ann1_6.MtrunA17Chr1g0151661	MtrunA17Chr1g0151661			medtr.A17.gnm5.MtrunA17Chr1	+	4460891	4461808	2.48063590300575	0.0234728981174785	UP	1.85207425108472	0.150870188755907	NS
UP	A485_only	medtr.A17.gnm5.ann1_6.MtrunA17Chr3g0083411	MtrunA17Chr3g0083411			medtr.A17.gnm5.MtrunA17Chr3	+	4990882	4991146	1.62593794810216	0.0489160137345222	UP	-1.83944015325621	0.0124013097016006	DOWN
UP	A485_only	medtr.A17.gnm5.ann1_6.MtrunA17Chr7g0218101	MtrunA17Chr7g0218101			medtr.A17.gnm5.MtrunA17Chr7	+	3516539	3519241	3.08714741552235	0.000303740023425426	UP	1.83697889765706	0.0540994610016817	NS
UP	A485_only	medtr.A17.gnm5.ann1_6.MtrunA17Chr4g0043181	MtrunA17Chr4g0043181			medtr.A17.gnm5.MtrunA17Chr4	-	40298623	40298900	4.3856052193032	0.00977834148550381	UP	-1.83515089097101	1	NS
UP	A485_only	medtr.A17.gnm5.ann1_6.MtrunA17Chr3g0131601	MtrunA17Chr3g0131601			medtr.A17.gnm5.MtrunA17Chr3	-	48458608	48460794	4.80153858955459	0.00115187528531951	UP	-1.83507685634512	1	NS
UP	A485_only	medtr.A17.gnm5.ann1_6.MtrunA17Chr3g0128391	MtrunA17Chr3g0128391	MtABAB11|MtABCB20	ATP-Binding-Cassette (ABC) transporter typeB (P-glycoprotein (MDR/PGP/ABCB) efflux/conditional auxin transporter)	medtr.A17.gnm5.MtrunA17Chr3	-	46152046	46154805	3.6491041864062	0.0218664827830563	UP	-1.83244993002599	1	NS
UP	A485_only	medtr.A17.gnm5.ann1_6.MtrunA17Chr3g0122261	MtrunA17Chr3g0122261			medtr.A17.gnm5.MtrunA17Chr3	+	41851109	41853558	5.17938315681045	1.91519176554572e-05	UP	1.82974735763616	0.116187304028359	NS
UP	A485_only	medtr.A17.gnm5.ann1_6.MtrunA17Chr1g0161151	MtrunA17Chr1g0161151			medtr.A17.gnm5.MtrunA17Chr1	-	11443516	11446174	2.53249423097883	0.00323588134477238	UP	1.8257739546711	0.0571246885433369	NS
UP	A485_only	medtr.A17.gnm5.ann1_6.MtrunA17Chr5g0441681	MtrunA17Chr5g0441681			medtr.A17.gnm5.MtrunA17Chr5	+	39991071	39991375	2.32026296964365	0.00153531384761966	UP	-1.82390691919306	0.0798513531858628	NS
UP	A485_only	medtr.A17.gnm5.ann1_6.MtrunA17Chr4g0021211	MtrunA17Chr4g0021211			medtr.A17.gnm5.MtrunA17Chr4	+	18301138	18305353	3.65434121412335	0.00135186274222134	UP	1.81786363487153	0.184638982525214	NS
UP	A485_only	medtr.A17.gnm5.ann1_6.MtrunA17Chr2g0292121	MtrunA17Chr2g0292121			medtr.A17.gnm5.MtrunA17Chr2	-	11195111	11195704	3.08122109162364	0.00306947018876065	UP	1.80940007669063	0.162194999556931	NS
UP	A485_only	medtr.A17.gnm5.ann1_6.MtrunA17Chr2g0330581	MtrunA17Chr2g0330581			medtr.A17.gnm5.MtrunA17Chr2	-	49275955	49276708	3.10785129612774	0.000167679130123877	UP	1.80352548297368	0.0513204835706603	NS
UP	A485_only	medtr.A17.gnm5.ann1_6.MtrunA17Chr1g0201901	MtrunA17Chr1g0201901			medtr.A17.gnm5.MtrunA17Chr1	+	48151934	48153107	3.50850783085424	0.0030810259138549	UP	1.78950613141045	0.323252692619278	NS
UP	A485_only	medtr.A17.gnm5.ann1_6.MtrunA17Chr3g0101231	MtrunA17Chr3g0101231			medtr.A17.gnm5.MtrunA17Chr3	-	25657184	25660815	2.9996515934581	0.00464786603741613	UP	1.78628317918231	0.202568924970821	NS
UP	A485_only	medtr.A17.gnm5.ann1_6.MtrunA17Chr7g0263551	MtrunA17Chr7g0263551			medtr.A17.gnm5.MtrunA17Chr7	+	47323218	47326221	2.64927016275557	6.4357773390205e-05	UP	-1.78576711258946	0.0311230687786694	DOWN
UP	A485_only	medtr.A17.gnm5.ann1_6.MtrunA17Chr2g0311841	MtrunA17Chr2g0311841			medtr.A17.gnm5.MtrunA17Chr2	+	34813256	34813738	2.1654286093072	0.0196872596064729	UP	1.7794909300855	0.0850771018637095	NS
UP	A485_only	medtr.A17.gnm5.ann1_6.MtrunA17Chr7g0247451	MtrunA17Chr7g0247451			medtr.A17.gnm5.MtrunA17Chr7	-	35842946	35850207	2.33716953647998	0.00731089134497326	UP	1.7778207186019	0.0720572384718023	NS
UP	A485_only	medtr.A17.gnm5.ann1_6.MtrunA17Chr3g0101581	MtrunA17Chr3g0101581	MtCYP71D70	Cytochrome P450 monooxygenase	medtr.A17.gnm5.MtrunA17Chr3	+	26077016	26081271	2.83988027249637	0.00048783967372911	UP	1.77717450939696	0.0626184116916503	NS
UP	A485_only	medtr.A17.gnm5.ann1_6.MtrunA17Chr6g0479451	MtrunA17Chr6g0479451			medtr.A17.gnm5.MtrunA17Chr6	+	34116855	34122476	2.12341079347752	0.0156335501691253	UP	-1.7699979134769	0.148227894083968	NS
UP	A485_only	medtr.A17.gnm5.ann1_6.MtrunA17Chr4g0073641	MtrunA17Chr4g0073641			medtr.A17.gnm5.MtrunA17Chr4	+	62498614	62502206	3.62820572971827	0.0132500071655984	UP	1.76755168423637	0.562107536065095	NS
UP	A485_only	medtr.A17.gnm5.ann1_6.MtrunA17Chr2g0292111	MtrunA17Chr2g0292111	MtPrx17	peroxidase	medtr.A17.gnm5.MtrunA17Chr2	+	11193189	11196114	3.3826401636501	0.0019351256585182	UP	1.76533825391545	0.205298046646605	NS
UP	A485_only	medtr.A17.gnm5.ann1_6.MtrunA17Chr4g0074681	MtrunA17Chr4g0074681	MtSUT1.3	sucrose transporter	medtr.A17.gnm5.MtrunA17Chr4	+	63253077	63256196	6.03849459864329	0.0002049002660876	UP	1.75976486905962	0.734747695392141	NS
UP	A485_only	medtr.A17.gnm5.ann1_6.MtrunA17Chr4g0065341	MtrunA17Chr4g0065341	MtSTP7_4	Sugar transport protein 7 (Hexose transporter)	medtr.A17.gnm5.MtrunA17Chr4	+	56479545	56481399	2.53460883223223	0.0278896403202812	UP	1.75190177612203	0.243094268194783	NS
UP	A485_only	medtr.A17.gnm5.ann1_6.MtrunA17Chr3g0145591	MtrunA17Chr3g0145591			medtr.A17.gnm5.MtrunA17Chr3	-	58593453	58596730	2.30194089615017	0.044654568062169	UP	1.75112600525319	0.206741226560811	NS
UP	A485_only	medtr.A17.gnm5.ann1_6.MtrunA17Chr3g0140911	MtrunA17Chr3g0140911	MtSUT4-2|MtSUT4.2	sucrose transporter	medtr.A17.gnm5.MtrunA17Chr3	+	55270562	55280374	1.60019037535921	0.0141789916131557	UP	-1.74318866958309	0.00465816353111603	DOWN
UP	A485_only	medtr.A17.gnm5.ann1_6.MtrunA17Chr2g0323141	MtrunA17Chr2g0323141			medtr.A17.gnm5.MtrunA17Chr2	-	43729208	43729900	3.54973847543704	0.00554572723974092	UP	1.74187693723095	0.396821154887969	NS
UP	A485_only	medtr.A17.gnm5.ann1_6.MtrunA17Chr2g0298551	MtrunA17Chr2g0298551			medtr.A17.gnm5.MtrunA17Chr2	+	16482815	16486151	2.9519959954144	0.000235783242254904	UP	1.74094761977657	0.0595768525531882	NS
UP	A485_only	medtr.A17.gnm5.ann1_6.MtrunA17Chr2g0278931	MtrunA17Chr2g0278931	MtSULTR1.1	sulfate transporter	medtr.A17.gnm5.MtrunA17Chr2	+	1501481	1506244	2.0574505615974	0.0356780826282971	UP	-1.73645467521553	0.19079073033731	NS
UP	A485_only	medtr.A17.gnm5.ann1_6.MtrunA17Chr8g0368741	MtrunA17Chr8g0368741	MtPHO1.3	Phosphate transporter1.1 (export)	medtr.A17.gnm5.MtrunA17Chr8	-	32105757	32112892	2.95678714779488	0.0031326976299981	UP	1.72709928691899	0.175947357095176	NS
UP	A485_only	medtr.A17.gnm5.ann1_6.MtrunA17Chr5g0393881	MtrunA17Chr5g0393881			medtr.A17.gnm5.MtrunA17Chr5	+	394928	399969	2.34752404987375	0.00558285120840471	UP	-1.72531681962234	0.148970012061942	NS
UP	A485_only	medtr.A17.gnm5.ann1_6.MtrunA17Chr4g0045491	MtrunA17Chr4g0045491			medtr.A17.gnm5.MtrunA17Chr4	-	42107391	42109511	4.8619965074913	1.30552198567768e-05	UP	1.72515193869585	0.141773375143741	NS
UP	A485_only	medtr.A17.gnm5.ann1_6.MtrunA17Chr1g0197291	MtrunA17Chr1g0197291			medtr.A17.gnm5.MtrunA17Chr1	-	44526570	44527290	2.93869707838303	0.00764882513900602	UP	1.72354155291181	0.283397777203608	NS
UP	A485_only	medtr.A17.gnm5.ann1_6.MtrunA17Chr5g0410321	MtrunA17Chr5g0410321			medtr.A17.gnm5.MtrunA17Chr5	+	11916257	11919984	7.41855608924258	0.00161483333749731	UP	1.70790196563593	1	NS
UP	A485_only	medtr.A17.gnm5.ann1_6.MtrunA17Chr7g0232571	MtrunA17Chr7g0232571			medtr.A17.gnm5.MtrunA17Chr7	+	22877151	22877753	6.06720606849941	0.0245604904016468	UP	1.70753724595322	1	NS
UP	A485_only	medtr.A17.gnm5.ann1_6.MtrunA17Chr4g0066301	MtrunA17Chr4g0066301			medtr.A17.gnm5.MtrunA17Chr4	+	57114332	57117753	2.25308244230389	0.0137256109844968	UP	1.70341042342217	0.120241011883094	NS
UP	A485_only	medtr.A17.gnm5.ann1_6.MtrunA17Chr2g0280691	MtrunA17Chr2g0280691			medtr.A17.gnm5.MtrunA17Chr2	+	2677501	2681937	2.45544758851136	0.0067734032767879	UP	1.70210860085424	0.123695349711627	NS
UP	A485_only	medtr.A17.gnm5.ann1_6.MtrunA17Chr2g0321431	MtrunA17Chr2g0321431			medtr.A17.gnm5.MtrunA17Chr2	+	42419853	42427071	2.17456023966802	0.00849602871504737	UP	1.68938535208003	0.0782221923869325	NS
UP	A485_only	medtr.A17.gnm5.ann1_6.MtrunA17Chr1g0190671	MtrunA17Chr1g0190671	MtHEL-2	hevein-like protein 2 (TC94004, Ethylene pathway)	medtr.A17.gnm5.MtrunA17Chr1	-	39840058	39841526	3.01396507438022	0.0001544384564415	UP	1.68364543393923	0.0627073463436923	NS
UP	A485_only	medtr.A17.gnm5.ann1_6.MtrunA17Chr1g0205371	MtrunA17Chr1g0205371	MtCYP76F77	Cytochrome P450 monooxygenase	medtr.A17.gnm5.MtrunA17Chr1	+	50604857	50606851	4.80995508090677	0.00148800162405975	UP	1.68201433591739	0.731405716462474	NS
UP	A485_only	medtr.A17.gnm5.ann1_6.MtrunA17Chr7g0253071	MtrunA17Chr7g0253071			medtr.A17.gnm5.MtrunA17Chr7	-	39796440	39796660	2.37988411321925	0.0214071951044868	UP	-1.67855632210363	0.490235419318775	NS
UP	A485_only	medtr.A17.gnm5.ann1_6.MtrunA17Chr8g0348951	MtrunA17Chr8g0348951			medtr.A17.gnm5.MtrunA17Chr8	-	11542666	11544925	2.65616514441886	0.0226385227385794	UP	1.67782522397894	0.318641217723016	NS
UP	A485_only	medtr.A17.gnm5.ann1_6.MtrunA17Chr2g0325041	MtrunA17Chr2g0325041			medtr.A17.gnm5.MtrunA17Chr2	+	45028523	45029062	2.51436637430286	0.0498874011879283	UP	1.67740749292691	0.370052810587466	NS
UP	A485_only	medtr.A17.gnm5.ann1_6.MtrunA17Chr2g0325051	MtrunA17Chr2g0325051			medtr.A17.gnm5.MtrunA17Chr2	+	45043654	45046052	2.23111361479957	0.0379625491960445	UP	-1.67704959924819	0.412067891892996	NS
UP	A485_only	medtr.A17.gnm5.ann1_6.MtrunA17Chr2g0282271	MtrunA17Chr2g0282271			medtr.A17.gnm5.MtrunA17Chr2	+	3747151	3749789	2.33882344532864	0.00132846181303449	UP	1.67339256305024	0.050926976738953	NS
UP	A485_only	medtr.A17.gnm5.ann1_6.MtrunA17Chr5g0422621	MtrunA17Chr5g0422621			medtr.A17.gnm5.MtrunA17Chr5	+	24435748	24438365	3.0885970252835	7.21125164815562e-06	UP	-1.64855452054264	0.0238635511892642	DOWN
UP	A485_only	medtr.A17.gnm5.ann1_6.MtrunA17Chr4g0032461	MtrunA17Chr4g0032461			medtr.A17.gnm5.MtrunA17Chr4	-	32564127	32566635	2.89920872263816	0.00686489481774873	UP	1.64266093590513	0.272572193697962	NS
UP	A485_only	medtr.A17.gnm5.ann1_6.MtrunA17Chr2g0291511	MtrunA17Chr2g0291511			medtr.A17.gnm5.MtrunA17Chr2	-	10678360	10680311	2.48516204564178	0.0104669995498114	UP	1.63288539639186	0.217982140135954	NS
UP	A485_only	medtr.A17.gnm5.ann1_6.MtrunA17Chr7g0230671	MtrunA17Chr7g0230671			medtr.A17.gnm5.MtrunA17Chr7	-	19809171	19819442	3.36104390978155	0.0029086446114329	UP	1.62287628871464	0.321151534117922	NS
UP	A485_only	medtr.A17.gnm5.ann1_6.MtrunA17Chr6g0464351	MtrunA17Chr6g0464351			medtr.A17.gnm5.MtrunA17Chr6	-	13516742	13518402	3.01966887354762	0.000470240578665118	UP	1.62030791591072	0.145515342287834	NS
UP	A485_only	medtr.A17.gnm5.ann1_6.MtrunA17Chr2g0298561	MtrunA17Chr2g0298561			medtr.A17.gnm5.MtrunA17Chr2	-	16482997	16490884	2.27248096635868	0.00391604045263477	UP	1.61812443387397	0.0948762975790421	NS
UP	A485_only	medtr.A17.gnm5.ann1_6.MtrunA17Chr3g0102551	MtrunA17Chr3g0102551			medtr.A17.gnm5.MtrunA17Chr3	-	27084062	27090152	1.75538063228424	0.0351569562338674	UP	1.61519285211402	0.0674829011711154	NS
UP	A485_only	medtr.A17.gnm5.ann1_6.MtrunA17Chr3g0118871	MtrunA17Chr3g0118871			medtr.A17.gnm5.MtrunA17Chr3	+	39395842	39397098	2.90627772430842	0.0455975120969765	UP	-1.61338897745926	1	NS
UP	A485_only	medtr.A17.gnm5.ann1_6.MtrunA17Chr1g0182041	MtrunA17Chr1g0182041			medtr.A17.gnm5.MtrunA17Chr1	-	33041287	33043259	3.71222726575424	0.0108291042323485	UP	1.61258853667918	0.568379824036554	NS
UP	A485_only	medtr.A17.gnm5.ann1_6.MtrunA17Chr3g0101221	MtrunA17Chr3g0101221			medtr.A17.gnm5.MtrunA17Chr3	-	25650734	25654748	2.68191434553903	0.00629858063562314	UP	1.6102557743662	0.24604754256962	NS
UP	A485_only	medtr.A17.gnm5.ann1_6.MtrunA17Chr7g0235141	MtrunA17Chr7g0235141			medtr.A17.gnm5.MtrunA17Chr7	-	25530756	25537908	3.24526534844585	0.000140892473976937	UP	1.60865909558488	0.112798675369349	NS
UP	A485_only	medtr.A17.gnm5.ann1_6.MtrunA17Chr4g0051731	MtrunA17Chr4g0051731			medtr.A17.gnm5.MtrunA17Chr4	-	46139286	46141958	2.17989434956578	0.0136085728574671	UP	1.6055533254721	0.144180914130977	NS
UP	A485_only	medtr.A17.gnm5.ann1_6.MtrunA17Chr7g0246181	MtrunA17Chr7g0246181	MtCYP76E1	Cytochrome P450 monooxygenase	medtr.A17.gnm5.MtrunA17Chr7	-	35020586	35023115	3.25079618637648	0.000156850257607326	UP	1.59866163483277	0.132382974994325	NS
UP	A485_only	medtr.A17.gnm5.ann1_6.MtrunA17Chr3g0078321	MtrunA17Chr3g0078321			medtr.A17.gnm5.MtrunA17Chr3	+	938358	940411	3.64671091733137	0.00917861520256211	UP	-1.59336571014363	1	NS
UP	A485_only	medtr.A17.gnm5.ann1_6.MtrunA17Chr5g0397261	MtrunA17Chr5g0397261	MtMAPK5	MAP kinase	medtr.A17.gnm5.MtrunA17Chr5	+	2620715	2623427	3.61200221483512	4.7876840986443e-05	UP	1.59170462053402	0.14163510135981	NS
UP	A485_only	medtr.A17.gnm5.ann1_6.MtrunA17Chr3g0119181	MtrunA17Chr3g0119181			medtr.A17.gnm5.MtrunA17Chr3	-	39620439	39625091	3.91695256996956	0.000565448388878111	UP	-1.58974921567901	0.583133350764413	NS
UP	A485_only	medtr.A17.gnm5.ann1_6.MtrunA17Chr8g0340761	MtrunA17Chr8g0340761			medtr.A17.gnm5.MtrunA17Chr8	+	4504448	4507702	2.25218486307385	0.0430028524840799	UP	1.58783403661074	0.304503593085799	NS
UP	A485_only	medtr.A17.gnm5.ann1_6.MtrunA17Chr2g0332161	MtrunA17Chr2g0332161			medtr.A17.gnm5.MtrunA17Chr2	-	50275736	50280375	2.50331853097173	0.000969279233811031	UP	1.58251635045932	0.103380664760793	NS
UP	A485_only	medtr.A17.gnm5.ann1_6.MtrunA17Chr1g0187961	MtrunA17Chr1g0187961	AtSHY2-like	suppressor of HY2-like (Auxin-responsive protein IAA3, in situ hybridization PMID 24483147)	medtr.A17.gnm5.MtrunA17Chr1	+	37796836	37798452	3.19894915256331	6.91833562937451e-05	UP	1.57685228357566	0.111557152754801	NS
UP	A485_only	medtr.A17.gnm5.ann1_6.MtrunA17Chr6g0463941	MtrunA17Chr6g0463941	MtGT-29	trihelix transcription factor (GT) 29	medtr.A17.gnm5.MtrunA17Chr6	+	13125431	13129101	2.02366599470169	0.0171783785967663	UP	1.57458237510827	0.131274451537277	NS
UP	A485_only	medtr.A17.gnm5.ann1_6.MtrunA17Chr6g0461461	MtrunA17Chr6g0461461			medtr.A17.gnm5.MtrunA17Chr6	+	10627895	10632029	3.52335288900465	0.00911336418201786	UP	1.57426082669569	0.481104841544667	NS
UP	A485_only	medtr.A17.gnm5.ann1_6.MtrunA17Chr2g0317901	MtrunA17Chr2g0317901			medtr.A17.gnm5.MtrunA17Chr2	+	39690272	39695609	1.76593910046586	0.00686489481774873	UP	-1.57277044689864	0.0249494134370543	DOWN
UP	A485_only	medtr.A17.gnm5.ann1_6.MtrunA17Chr8g0391011	MtrunA17Chr8g0391011			medtr.A17.gnm5.MtrunA17Chr8	-	48018445	48021111	1.49164336529072	0.0367440287320197	UP	-1.57158735992025	0.0169084923799055	DOWN
UP	A485_only	medtr.A17.gnm5.ann1_6.MtrunA17Chr7g0225591	MtrunA17Chr7g0225591			medtr.A17.gnm5.MtrunA17Chr7	+	10682284	10687639	1.6205822083905	0.0481642624554008	UP	1.56642353509754	0.0597638259683126	NS
UP	A485_only	medtr.A17.gnm5.ann1_6.MtrunA17Chr2g0331091	MtrunA17Chr2g0331091			medtr.A17.gnm5.MtrunA17Chr2	-	49588755	49589640	2.53886137049821	0.0158689323547496	UP	1.56202269664766	0.329323171250239	NS
UP	A485_only	medtr.A17.gnm5.ann1_6.MtrunA17Chr2g0315081	MtrunA17Chr2g0315081			medtr.A17.gnm5.MtrunA17Chr2	-	37397019	37405738	1.78501583004222	0.0487213405297395	UP	1.55988504303722	0.131164372825807	NS
UP	A485_only	medtr.A17.gnm5.ann1_6.MtrunA17Chr5g0403701	MtrunA17Chr5g0403701			medtr.A17.gnm5.MtrunA17Chr5	+	7474246	7476158	3.01697906575728	0.0120252655976329	UP	1.55716279238842	0.490278790631436	NS
UP	A485_only	medtr.A17.gnm5.ann1_6.MtrunA17Chr5g0418961	MtrunA17Chr5g0418961			medtr.A17.gnm5.MtrunA17Chr5	+	19333442	19336120	2.38365025212523	0.000484397841232506	UP	-1.55679639444542	0.0712573914422106	NS
UP	A485_only	medtr.A17.gnm5.ann1_6.MtrunA17Chr8g0358591	MtrunA17Chr8g0358591			medtr.A17.gnm5.MtrunA17Chr8	+	21043163	21054689	2.77517125534981	0.00934071371301788	UP	1.54685924275803	0.378379135945591	NS
UP	A485_only	medtr.A17.gnm5.ann1_6.MtrunA17Chr1g0196081	MtrunA17Chr1g0196081			medtr.A17.gnm5.MtrunA17Chr1	+	43787701	43791427	1.45069632151548	0.0393873070195687	UP	-1.54684665679746	0.0157815962637963	DOWN
UP	A485_only	medtr.A17.gnm5.ann1_6.MtrunA17Chr5g0426201	MtrunA17Chr5g0426201			medtr.A17.gnm5.MtrunA17Chr5	+	28104180	28105183	3.02099139001488	0.00244271703829333	UP	-1.54163555570207	0.578243262637225	NS
UP	A485_only	medtr.A17.gnm5.ann1_6.MtrunA17Chr8g0348311	MtrunA17Chr8g0348311			medtr.A17.gnm5.MtrunA17Chr8	-	10975238	10977716	3.45921560404443	0.00126475013558555	UP	1.53878351133055	0.38381455854141	NS
UP	A485_only	medtr.A17.gnm5.ann1_6.MtrunA17Chr6g0478661	MtrunA17Chr6g0478661			medtr.A17.gnm5.MtrunA17Chr6	+	33311852	33313077	2.9268921680024	0.0262304812632798	UP	1.53822764217087	0.543744144292468	NS
UP	A485_only	medtr.A17.gnm5.ann1_6.MtrunA17Chr2g0283481	MtrunA17Chr2g0283481			medtr.A17.gnm5.MtrunA17Chr2	+	4651667	4656788	2.91523684602851	0.000202105161091012	UP	1.53797045417135	0.149205503887866	NS
UP	A485_only	medtr.A17.gnm5.ann1_6.MtrunA17Chr6g0462571	MtrunA17Chr6g0462571			medtr.A17.gnm5.MtrunA17Chr6	+	11620678	11622755	3.20683208562577	8.29119398579954e-05	UP	1.53726664525381	0.140376184691592	NS
UP	A485_only	medtr.A17.gnm5.ann1_6.MtrunA17Chr1g0198601	MtrunA17Chr1g0198601			medtr.A17.gnm5.MtrunA17Chr1	-	45578025	45580662	2.41667150005298	0.0001544384564415	UP	-1.53606267499262	0.0547393987599652	NS
UP	A485_only	medtr.A17.gnm5.ann1_6.MtrunA17Chr1g0178641	MtrunA17Chr1g0178641			medtr.A17.gnm5.MtrunA17Chr1	-	30085890	30086798	2.77723125652053	0.00273132987403346	UP	-1.53350441905222	0.516127172290315	NS
UP	A485_only	medtr.A17.gnm5.ann1_6.MtrunA17Chr3g0096471	MtrunA17Chr3g0096471			medtr.A17.gnm5.MtrunA17Chr3	+	20576109	20577378	2.55658464401351	0.0173229493956935	UP	1.53288785957084	0.370496474640856	NS
UP	A485_only	medtr.A17.gnm5.ann1_6.MtrunA17Chr8g0361021	MtrunA17Chr8g0361021			medtr.A17.gnm5.MtrunA17Chr8	-	25326980	25327841	2.63769596046291	0.000503233960839576	UP	1.53232181219756	0.144149947869867	NS
UP	A485_only	medtr.A17.gnm5.ann1_6.MtrunA17Chr6g0478161	MtrunA17Chr6g0478161	MtCYP720A1	Cytochrome P450 monooxygenase	medtr.A17.gnm5.MtrunA17Chr6	-	32809153	32813672	3.50321557253104	0.0365983260388787	UP	1.53008532057553	0.93540272127375	NS
UP	A485_only	medtr.A17.gnm5.ann1_6.MtrunA17Chr7g0260831	MtrunA17Chr7g0260831	MtCYP94A52	Cytochrome P450 monooxygenase	medtr.A17.gnm5.MtrunA17Chr7	+	45523072	45525054	2.24301022202213	0.0378727540349396	UP	1.52197888167638	0.326227738771692	NS
UP	A485_only	medtr.A17.gnm5.ann1_6.MtrunA17Chr1g0184671	MtrunA17Chr1g0184671			medtr.A17.gnm5.MtrunA17Chr1	-	35148429	35149755	1.84616213060261	0.0275815732965291	UP	1.5202917782794	0.133149099285904	NS
UP	A485_only	medtr.A17.gnm5.ann1_6.MtrunA17Chr4g0012631	MtrunA17Chr4g0012631			medtr.A17.gnm5.MtrunA17Chr4	-	10036718	10040154	3.52828144761358	0.0291254822930522	UP	1.51823552087795	0.827816293311717	NS
UP	A485_only	medtr.A17.gnm5.ann1_6.MtrunA17Chr3g0111111	MtrunA17Chr3g0111111	MtLegin4	Leginsulin 4	medtr.A17.gnm5.MtrunA17Chr3	-	33547077	33549563	4.31547487897758	3.66013356783798e-05	UP	1.51375509910626	0.241958831531354	NS
UP	A485_only	medtr.A17.gnm5.ann1_6.MtrunA17Chr2g0309471	MtrunA17Chr2g0309471			medtr.A17.gnm5.MtrunA17Chr2	-	32201996	32206229	2.05283387658962	0.0128593672416816	UP	1.50464071128605	0.166652721285501	NS
UP	A485_only	medtr.A17.gnm5.ann1_6.MtrunA17Chr3g0135351	MtrunA17Chr3g0135351			medtr.A17.gnm5.MtrunA17Chr3	+	51346028	51348086	4.92138216466164	0.000212287525055683	UP	-1.50146415572775	0.469814997825233	NS
UP	A485_only	medtr.A17.gnm5.ann1_6.MtrunA17Chr4g0022111	MtrunA17Chr4g0022111			medtr.A17.gnm5.MtrunA17Chr4	-	21496907	21502374	1.80722214596771	0.0192146365351398	UP	1.49719183869576	0.106482309442346	NS
UP	A485_only	medtr.A17.gnm5.ann1_6.MtrunA17Chr6g0476871	MtrunA17Chr6g0476871	MtKunitz39	Kunitz-P Trypsin Inhibitor	medtr.A17.gnm5.MtrunA17Chr6	-	31636707	31637662	4.40443609002848	0.000730060255032574	UP	1.49364289973824	0.591873787565118	NS
UP	A485_only	medtr.A17.gnm5.ann1_6.MtrunA17Chr4g0068531	MtrunA17Chr4g0068531			medtr.A17.gnm5.MtrunA17Chr4	-	58660119	58665204	1.79102276890473	0.0430028524840799	UP	1.49323652822217	0.16582306701522	NS
UP	A485_only	medtr.A17.gnm5.ann1_6.MtrunA17Chr2g0322341	MtrunA17Chr2g0322341			medtr.A17.gnm5.MtrunA17Chr2	-	43112622	43117438	3.18323894915147	0.0335387921187759	UP	1.49281520157749	0.626579235943998	NS
UP	A485_only	medtr.A17.gnm5.ann1_6.MtrunA17Chr6g0456681	MtrunA17Chr6g0456681			medtr.A17.gnm5.MtrunA17Chr6	-	6527664	6530996	2.24592930161771	0.0405905019662266	UP	-1.48672941936097	0.592050457400788	NS
UP	A485_only	medtr.A17.gnm5.ann1_6.MtrunA17Chr5g0413331	MtrunA17Chr5g0413331			medtr.A17.gnm5.MtrunA17Chr5	-	14567175	14573320	1.97419558888502	0.00639406096307589	UP	1.48552119523234	0.109546166823946	NS
UP	A485_only	medtr.A17.gnm5.ann1_6.MtrunA17Chr2g0279871	MtrunA17Chr2g0279871			medtr.A17.gnm5.MtrunA17Chr2	-	2178842	2185920	2.40910516533684	0.000158466638797726	UP	1.48481334081551	0.0704758297756833	NS
UP	A485_only	medtr.A17.gnm5.ann1_6.MtrunA17Chr5g0433241	MtrunA17Chr5g0433241			medtr.A17.gnm5.MtrunA17Chr5	-	33764929	33767183	2.84797096739124	0.000547804998841533	UP	1.4816238183948	0.211692746929595	NS
UP	A485_only	medtr.A17.gnm5.ann1_6.MtrunA17Chr7g0222381	MtrunA17Chr7g0222381			medtr.A17.gnm5.MtrunA17Chr7	+	7605850	7615269	3.70562856482442	6.66291085398962e-05	UP	1.47907416220313	0.23646124470002	NS
UP	A485_only	medtr.A17.gnm5.ann1_6.MtrunA17Chr1g0187971	MtrunA17Chr1g0187971			medtr.A17.gnm5.MtrunA17Chr1	-	37796980	37798246	2.96087121589923	0.000252628150727118	UP	1.47546096531972	0.208601164791061	NS
UP	A485_only	medtr.A17.gnm5.ann1_6.MtrunA17Chr1g0213011	MtrunA17Chr1g0213011	MtCHI-2	chalcone isomerase	medtr.A17.gnm5.MtrunA17Chr1	+	56024184	56025882	1.854861993519	0.034972033304152	UP	1.47305631363619	0.195628739073562	NS
UP	A485_only	medtr.A17.gnm5.ann1_6.MtrunA17Chr1g0211361	MtrunA17Chr1g0211361	PP2AB'1	protein phosphatase 2A 57 kDa regulatory subunit B' (KC859637)	medtr.A17.gnm5.MtrunA17Chr1	-	54932186	54934155	3.58981118302071	0.00750631935523132	UP	1.46938058978154	0.714912548273426	NS
UP	A485_only	medtr.A17.gnm5.ann1_6.MtrunA17Chr5g0433251	MtrunA17Chr5g0433251			medtr.A17.gnm5.MtrunA17Chr5	+	33765188	33767405	2.87382393443681	0.000202105161091012	UP	1.46906214264557	0.176432196803587	NS
UP	A485_only	medtr.A17.gnm5.ann1_6.MtrunA17Chr1g0208811	MtrunA17Chr1g0208811			medtr.A17.gnm5.MtrunA17Chr1	-	52872435	52880065	2.22054658549407	0.010990229139478	UP	1.4653995419169	0.254107596242782	NS
UP	A485_only	medtr.A17.gnm5.ann1_6.MtrunA17Chr8g0337991	MtrunA17Chr8g0337991			medtr.A17.gnm5.MtrunA17Chr8	+	2662926	2665360	2.70636829416832	0.0319500262898029	UP	1.46140398771531	0.538756006198581	NS
UP	A485_only	medtr.A17.gnm5.ann1_6.MtrunA17Chr2g0279841	MtrunA17Chr2g0279841			medtr.A17.gnm5.MtrunA17Chr2	-	2138006	2138932	3.60179337503178	0.000387059968317294	UP	-1.46079865968527	0.710486257924672	NS
UP	A485_only	medtr.A17.gnm5.ann1_6.MtrunA17Chr8g0345641	MtrunA17Chr8g0345641			medtr.A17.gnm5.MtrunA17Chr8	+	8619223	8620622	4.60892445572267	0.00438888707668517	UP	1.46071094070379	1	NS
UP	A485_only	medtr.A17.gnm5.ann1_6.MtrunA17Chr1g0187691	MtrunA17Chr1g0187691			medtr.A17.gnm5.MtrunA17Chr1	-	37617247	37617866	3.66870256712794	0.0323783313089939	UP	-1.46045888327808	1	NS
UP	A485_only	medtr.A17.gnm5.ann1_6.MtrunA17Chr5g0411481	MtrunA17Chr5g0411481			medtr.A17.gnm5.MtrunA17Chr5	+	12981784	12982826	3.05313755255897	0.0211845818224349	UP	1.46038657347943	0.60356949251768	NS
UP	A485_only	medtr.A17.gnm5.ann1_6.MtrunA17Chr3g0112771	MtrunA17Chr3g0112771			medtr.A17.gnm5.MtrunA17Chr3	+	34700249	34704008	3.48891623068485	2.63198820303407e-05	UP	1.46014732847641	0.200023816409142	NS
UP	A485_only	medtr.A17.gnm5.ann1_6.MtrunA17Chr5g0436711	MtrunA17Chr5g0436711			medtr.A17.gnm5.MtrunA17Chr5	+	36429425	36430248	2.21774848060052	0.0032499781230552	UP	1.45463746577962	0.173510280291794	NS
UP	A485_only	medtr.A17.gnm5.ann1_6.MtrunA17Chr1g0155221	MtrunA17Chr1g0155221	MtESL6_1|MtESL3.3	early-responsive to dehydration six-like (Sugar transporter)	medtr.A17.gnm5.MtrunA17Chr1	-	7114418	7118899	2.79385522717556	0.00328809155614281	UP	1.4472474149092	0.351837351710768	NS
UP	A485_only	medtr.A17.gnm5.ann1_6.MtrunA17Chr7g0252181	MtrunA17Chr7g0252181			medtr.A17.gnm5.MtrunA17Chr7	+	39159685	39160562	2.00586799644339	0.00378122382995608	UP	1.43980279504857	0.129805283949991	NS
UP	A485_only	medtr.A17.gnm5.ann1_6.MtrunA17Chr4g0003061	MtrunA17Chr4g0003061			medtr.A17.gnm5.MtrunA17Chr4	+	2258346	2263757	3.50485046519385	0.000178598066433205	UP	1.43074623821623	0.308129186003589	NS
UP	A485_only	medtr.A17.gnm5.ann1_6.MtrunA17Chr8g0346011	MtrunA17Chr8g0346011			medtr.A17.gnm5.MtrunA17Chr8	+	9017326	9020485	2.22218182183501	0.0173522234125598	UP	1.42637204057807	0.334224666281968	NS
UP	A485_only	medtr.A17.gnm5.ann1_6.MtrunA17Chr2g0302421	MtrunA17Chr2g0302421			medtr.A17.gnm5.MtrunA17Chr2	-	19949927	19954503	1.58327804237971	0.025807116354839	UP	1.42447091290978	0.0750034786625724	NS
UP	A485_only	medtr.A17.gnm5.ann1_6.MtrunA17Chr1g0159471	MtrunA17Chr1g0159471			medtr.A17.gnm5.MtrunA17Chr1	+	10174362	10175865	1.7482725067142	0.026979285833838	UP	1.42323208531821	0.16167587599348	NS
UP	A485_only	medtr.A17.gnm5.ann1_6.MtrunA17Chr8g0343771	MtrunA17Chr8g0343771			medtr.A17.gnm5.MtrunA17Chr8	+	7103826	7105749	4.30291155812753	0.000259697573360948	UP	-1.42237332269207	0.955111142793263	NS
UP	A485_only	medtr.A17.gnm5.ann1_6.MtrunA17Chr6g0451681	MtrunA17Chr6g0451681	MtCYP82A6	Cytochrome P450 monooxygenase	medtr.A17.gnm5.MtrunA17Chr6	+	2216329	2219628	3.07469050629345	0.00317969741635495	UP	1.41909910331516	0.417577043531755	NS
UP	A485_only	medtr.A17.gnm5.ann1_6.MtrunA17Chr4g0013921	MtrunA17Chr4g0013921			medtr.A17.gnm5.MtrunA17Chr4	+	11343081	11345505	1.9279169650306	0.0258033538120519	UP	-1.41766841686315	0.328562191668893	NS
UP	A485_only	medtr.A17.gnm5.ann1_6.MtrunA17Chr5g0442871	MtrunA17Chr5g0442871			medtr.A17.gnm5.MtrunA17Chr5	+	40872685	40873343	4.92928627147817	0.001865879455724	UP	1.41687485751672	1	NS
UP	A485_only	medtr.A17.gnm5.ann1_6.MtrunA17Chr7g0255191	MtrunA17Chr7g0255191			medtr.A17.gnm5.MtrunA17Chr7	+	41215691	41222293	2.66221659312168	0.00132846181303449	UP	1.41315668694873	0.284340729454208	NS
UP	A485_only	medtr.A17.gnm5.ann1_6.MtrunA17Chr3g0141651	MtrunA17Chr3g0141651			medtr.A17.gnm5.MtrunA17Chr3	-	55796919	55801273	4.48166601966326	8.63682658517288e-05	UP	-1.41309233442796	0.522239499871148	NS
UP	A485_only	medtr.A17.gnm5.ann1_6.MtrunA17Chr5g0420011	MtrunA17Chr5g0420011			medtr.A17.gnm5.MtrunA17Chr5	+	20359771	20365016	2.64195806710128	0.00224826114253179	UP	1.4076824121225	0.332185626838252	NS
UP	A485_only	medtr.A17.gnm5.ann1_6.MtrunA17Chr8g0344381	MtrunA17Chr8g0344381			medtr.A17.gnm5.MtrunA17Chr8	-	7499530	7502646	2.52481251227255	0.00354340254533581	UP	1.40489750652214	0.322026220992353	NS
UP	A485_only	medtr.A17.gnm5.ann1_6.MtrunA17Chr8g0345561	MtrunA17Chr8g0345561			medtr.A17.gnm5.MtrunA17Chr8	-	8580158	8584013	2.24438477450623	0.000346525222848345	UP	1.39991611808203	0.119750172364916	NS
UP	A485_only	medtr.A17.gnm5.ann1_6.MtrunA17Chr3g0140421	MtrunA17Chr3g0140421			medtr.A17.gnm5.MtrunA17Chr3	+	54806494	54807590	3.89137300946047	0.0186186201316424	UP	1.39757870843268	1	NS
UP	A485_only	medtr.A17.gnm5.ann1_6.MtrunA17Chr2g0315431	MtrunA17Chr2g0315431			medtr.A17.gnm5.MtrunA17Chr2	+	37709589	37719551	2.31191616607062	0.00136633916438812	UP	1.39640089001772	0.212090103788038	NS
UP	A485_only	medtr.A17.gnm5.ann1_6.MtrunA17Chr4g0032471	MtrunA17Chr4g0032471			medtr.A17.gnm5.MtrunA17Chr4	+	32564589	32566745	2.78166519534716	0.0230123179635729	UP	1.39582769177256	0.56133402453492	NS
UP	A485_only	medtr.A17.gnm5.ann1_6.MtrunA17Chr3g0140811	MtrunA17Chr3g0140811			medtr.A17.gnm5.MtrunA17Chr3	+	55141896	55147289	2.25473540688599	0.00177965924730836	UP	1.39455446133944	0.215494974611286	NS
UP	A485_only	medtr.A17.gnm5.ann1_6.MtrunA17Chr4g0065351	MtrunA17Chr4g0065351	MtSTP7.1	sugar transport protein	medtr.A17.gnm5.MtrunA17Chr4	+	56481401	56483548	2.02755383064872	0.00355664606540776	UP	1.39304961276654	0.176122849326813	NS
UP	A485_only	medtr.A17.gnm5.ann1_6.MtrunA17Chr2g0302331	MtrunA17Chr2g0302331			medtr.A17.gnm5.MtrunA17Chr2	-	19901142	19901914	2.65471796992866	0.0148304846137868	UP	-1.39116767975239	0.778822847165093	NS
UP	A485_only	medtr.A17.gnm5.ann1_6.MtrunA17Chr5g0412711	MtrunA17Chr5g0412711			medtr.A17.gnm5.MtrunA17Chr5	-	14109705	14111076	3.67191559258446	2.63198820303407e-05	UP	1.38817227433328	0.321358383143769	NS
UP	A485_only	medtr.A17.gnm5.ann1_6.MtrunA17Chr5g0422161	MtrunA17Chr5g0422161			medtr.A17.gnm5.MtrunA17Chr5	-	23824230	23825447	2.19281727577648	0.0169738360059966	UP	1.38730158986546	0.36757897391835	NS
UP	A485_only	medtr.A17.gnm5.ann1_6.MtrunA17Chr4g0069601	MtrunA17Chr4g0069601			medtr.A17.gnm5.MtrunA17Chr4	-	59490327	59492226	3.11826991590089	0.0470167294203096	UP	1.38193647165348	0.917853625595342	NS
UP	A485_only	medtr.A17.gnm5.ann1_6.MtrunA17Chr7g0230401	MtrunA17Chr7g0230401			medtr.A17.gnm5.MtrunA17Chr7	+	19080705	19081374	3.31648941500522	0.0103642833889743	UP	1.37355091105302	0.75039492188966	NS
UP	A485_only	medtr.A17.gnm5.ann1_6.MtrunA17Chr8g0361011	MtrunA17Chr8g0361011			medtr.A17.gnm5.MtrunA17Chr8	+	25326852	25328754	2.32099672474675	0.000779087814245937	UP	1.36430708819215	0.22436893300418	NS
UP	A485_only	medtr.A17.gnm5.ann1_6.MtrunA17Chr4g0034081	MtrunA17Chr4g0034081			medtr.A17.gnm5.MtrunA17Chr4	+	33824509	33825492	3.54742180178039	6.90849451788114e-06	UP	1.35742527396677	0.178151529539299	NS
UP	A485_only	medtr.A17.gnm5.ann1_6.MtrunA17Chr7g0267161	MtrunA17Chr7g0267161			medtr.A17.gnm5.MtrunA17Chr7	+	49992220	49994276	1.89939802304297	0.0311093941594844	UP	-1.35143615085037	0.461692560364025	NS
UP	A485_only	medtr.A17.gnm5.ann1_6.MtrunA17Chr7g0274141	MtrunA17Chr7g0274141			medtr.A17.gnm5.MtrunA17Chr7	+	54559970	54563826	5.03118793777587	0.00019760916761427	UP	1.34914591882896	0.599042032134797	NS
UP	A485_only	medtr.A17.gnm5.ann1_6.MtrunA17Chr5g0411471	MtrunA17Chr5g0411471			medtr.A17.gnm5.MtrunA17Chr5	-	12978799	12986414	2.95681017965535	0.000503233960839576	UP	1.34798226985871	0.376778801511997	NS
UP	A485_only	medtr.A17.gnm5.ann1_6.MtrunA17Chr7g0230011	MtrunA17Chr7g0230011			medtr.A17.gnm5.MtrunA17Chr7	-	17960602	17966511	1.95261597760663	0.0171811439589985	UP	1.34685661120309	0.312481489618134	NS
UP	A485_only	medtr.A17.gnm5.ann1_6.MtrunA17Chr4g0050331	MtrunA17Chr4g0050331			medtr.A17.gnm5.MtrunA17Chr4	+	45300132	45304285	2.84108212484238	0.0196208888893367	UP	-1.33801652192319	0.939859539417571	NS
UP	A485_only	medtr.A17.gnm5.ann1_6.MtrunA17Chr7g0249611	MtrunA17Chr7g0249611			medtr.A17.gnm5.MtrunA17Chr7	+	37368575	37377002	2.53850206999321	0.000362287444154131	UP	1.3362815033523	0.272761956174729	NS
UP	A485_only	medtr.A17.gnm5.ann1_6.MtrunA17Chr5g0436701	MtrunA17Chr5g0436701	MtPIP1;1	Plasma membrane intrinsic protein 1|1 (aquaporin)	medtr.A17.gnm5.MtrunA17Chr5	-	36427185	36429934	1.99740008411015	0.00095825119441259	UP	1.33602762649385	0.148348335088029	NS
UP	A485_only	medtr.A17.gnm5.ann1_6.MtrunA17Chr4g0035261	MtrunA17Chr4g0035261			medtr.A17.gnm5.MtrunA17Chr4	-	34716165	34717379	4.18045267966779	0.000252628150727118	UP	1.33542842908792	0.622850250310836	NS
UP	A485_only	medtr.A17.gnm5.ann1_6.MtrunA17Chr3g0114351	MtrunA17Chr3g0114351			medtr.A17.gnm5.MtrunA17Chr3	+	35887986	35891143	3.30464227017209	1.91519176554572e-05	UP	1.33291034869531	0.269110622009712	NS
UP	A485_only	medtr.A17.gnm5.ann1_6.MtrunA17Chr6g0453741	MtrunA17Chr6g0453741			medtr.A17.gnm5.MtrunA17Chr6	-	4059056	4076637	2.65556629927968	0.00121161469217692	UP	1.33179429497969	0.409555321229444	NS
UP	A485_only	medtr.A17.gnm5.ann1_6.MtrunA17Chr5g0397621	MtrunA17Chr5g0397621			medtr.A17.gnm5.MtrunA17Chr5	-	2787887	2796842	2.91768875962489	0.00628062134220305	UP	1.33007862810586	0.599295478051433	NS
UP	A485_only	medtr.A17.gnm5.ann1_6.MtrunA17Chr6g0476831	MtrunA17Chr6g0476831	MtKunitz40	Kunitz-P Trypsin Inhibitor	medtr.A17.gnm5.MtrunA17Chr6	-	31618357	31619903	3.13880152695974	0.000293183883648412	UP	1.32510838417579	0.409167997445225	NS
UP	A485_only	medtr.A17.gnm5.ann1_6.MtrunA17Chr4g0051941	MtrunA17Chr4g0051941			medtr.A17.gnm5.MtrunA17Chr4	+	46259331	46260284	3.22951223894961	0.000827602150885692	UP	-1.32134856122154	0.534977008785717	NS
UP	A485_only	medtr.A17.gnm5.ann1_6.MtrunA17Chr8g0334651	MtrunA17Chr8g0334651			medtr.A17.gnm5.MtrunA17Chr8	+	340554	343214	2.06204432086773	0.0338494065512329	UP	-1.31963593713823	0.574145032854597	NS
UP	A485_only	medtr.A17.gnm5.ann1_6.MtrunA17Chr4g0030211	MtrunA17Chr4g0030211			medtr.A17.gnm5.MtrunA17Chr4	+	30859748	30863055	3.27044416506375	0.00162254654420327	UP	1.31732987280087	0.558645664525193	NS
UP	A485_only	medtr.A17.gnm5.ann1_6.MtrunA17Chr4g0048411	MtrunA17Chr4g0048411	MtSTP1|MtSTP1.2	Sugar transport protein 1	medtr.A17.gnm5.MtrunA17Chr4	+	44139816	44143782	1.53364798996056	0.0285385861445945	UP	1.30580921002128	0.162568429327195	NS
UP	A485_only	medtr.A17.gnm5.ann1_6.MtrunA17Chr2g0323131	MtrunA17Chr2g0323131	MtTPS6	terpene synthase 6	medtr.A17.gnm5.MtrunA17Chr2	+	43725494	43730152	3.55974095115294	0.00507321643859472	UP	1.30387874928125	0.720533250170817	NS
UP	A485_only	medtr.A17.gnm5.ann1_6.MtrunA17Chr6g0487481	MtrunA17Chr6g0487481			medtr.A17.gnm5.MtrunA17Chr6	+	41813679	41816306	3.32034986056918	4.31050573622333e-05	UP	1.29903647323215	0.358166825430412	NS
UP	A485_only	medtr.A17.gnm5.ann1_6.MtrunA17Chr1g0158771	MtrunA17Chr1g0158771			medtr.A17.gnm5.MtrunA17Chr1	+	9557968	9560918	3.74288326102226	0.0080758130421697	UP	1.29865365053416	0.971557151889845	NS
UP	A485_only	medtr.A17.gnm5.ann1_6.MtrunA17Chr7g0260891	MtrunA17Chr7g0260891			medtr.A17.gnm5.MtrunA17Chr7	-	45551666	45554866	2.24411638059451	0.00115476323437631	UP	1.29821641770591	0.305647267104848	NS
UP	A485_only	medtr.A17.gnm5.ann1_6.MtrunA17Chr3g0102091	MtrunA17Chr3g0102091			medtr.A17.gnm5.MtrunA17Chr3	-	26548532	26551329	2.67387918766035	0.0327535756883185	UP	1.29791846499357	0.716367446872821	NS
UP	A485_only	medtr.A17.gnm5.ann1_6.MtrunA17Chr3g0128381	MtrunA17Chr3g0128381			medtr.A17.gnm5.MtrunA17Chr3	-	46149868	46151968	3.080170332606	0.00987478093934017	UP	-1.29449496050222	1	NS
UP	A485_only	medtr.A17.gnm5.ann1_6.MtrunA17Chr6g0451991	MtrunA17Chr6g0451991			medtr.A17.gnm5.MtrunA17Chr6	-	2439055	2441793	2.48184763197515	0.0423002799689986	UP	-1.28906816418499	0.94860665585284	NS
UP	A485_only	medtr.A17.gnm5.ann1_6.MtrunA17Chr8g0384171	MtrunA17Chr8g0384171			medtr.A17.gnm5.MtrunA17Chr8	+	43230880	43237112	3.18081658868762	0.0125420089512429	UP	1.28881746727359	0.831334593912201	NS
UP	A485_only	medtr.A17.gnm5.ann1_6.MtrunA17Chr2g0295011	MtrunA17Chr2g0295011			medtr.A17.gnm5.MtrunA17Chr2	-	13558015	13564541	1.53000719353624	0.024681263239343	UP	1.28869553335148	0.169844016845045	NS
UP	A485_only	medtr.A17.gnm5.ann1_6.MtrunA17Chr8g0361451	MtrunA17Chr8g0361451			medtr.A17.gnm5.MtrunA17Chr8	+	25803307	25805228	2.96614811520091	0.0188411762900161	UP	1.28858864269898	0.741380750930816	NS
UP	A485_only	medtr.A17.gnm5.ann1_6.MtrunA17Chr2g0330591	MtrunA17Chr2g0330591			medtr.A17.gnm5.MtrunA17Chr2	+	49277622	49283663	2.39177419978806	0.00129896976084054	UP	1.28842723361587	0.389098645778939	NS
UP	A485_only	medtr.A17.gnm5.ann1_6.MtrunA17Chr3g0119291	MtrunA17Chr3g0119291			medtr.A17.gnm5.MtrunA17Chr3	-	39694492	39695899	2.47996407334235	0.00109493287917962	UP	-1.28829619718278	0.499432153542221	NS
UP	A485_only	medtr.A17.gnm5.ann1_6.MtrunA17Chr4g0002831	MtrunA17Chr4g0002831			medtr.A17.gnm5.MtrunA17Chr4	-	2007076	2010616	2.11627024227864	0.0289385448559407	UP	1.28645284371953	0.514215082477391	NS
UP	A485_only	medtr.A17.gnm5.ann1_6.MtrunA17Chr7g0255621	MtrunA17Chr7g0255621			medtr.A17.gnm5.MtrunA17Chr7	-	41553402	41558965	1.74927279053795	0.0275815732965291	UP	1.27995657041496	0.343919702891444	NS
UP	A485_only	medtr.A17.gnm5.ann1_6.MtrunA17Chr2g0278581	MtrunA17Chr2g0278581			medtr.A17.gnm5.MtrunA17Chr2	-	1259780	1263788	4.09611776151924	2.29074552298738e-05	UP	1.27820590033127	0.498637461065713	NS
UP	A485_only	medtr.A17.gnm5.ann1_6.MtrunA17Chr8g0341721	MtrunA17Chr8g0341721			medtr.A17.gnm5.MtrunA17Chr8	+	5248134	5249751	4.10792746835975	0.0006850539884639	UP	1.27725889147703	0.707736660639827	NS
UP	A485_only	medtr.A17.gnm5.ann1_6.MtrunA17Chr7g0230681	MtrunA17Chr7g0230681			medtr.A17.gnm5.MtrunA17Chr7	+	19810773	19813576	3.17079413542358	0.0040242362790648	UP	1.27382513426847	0.692307502578351	NS
UP	A485_only	medtr.A17.gnm5.ann1_6.MtrunA17Chr4g0011821	MtrunA17Chr4g0011821			medtr.A17.gnm5.MtrunA17Chr4	-	9336321	9337670	2.22096048895094	0.0104996908188911	UP	1.27353841355036	0.481104841544667	NS
UP	A485_only	medtr.A17.gnm5.ann1_6.MtrunA17Chr3g0101321	MtrunA17Chr3g0101321			medtr.A17.gnm5.MtrunA17Chr3	-	25802047	25805699	2.38794304257844	0.00935848373655373	UP	1.27212817129665	0.537207328948594	NS
UP	A485_only	medtr.A17.gnm5.ann1_6.MtrunA17Chr6g0488511	MtrunA17Chr6g0488511			medtr.A17.gnm5.MtrunA17Chr6	+	42487478	42489078	3.23646631635717	4.53109272579214e-05	UP	1.26997694044159	0.389849144426512	NS
UP	A485_only	medtr.A17.gnm5.ann1_6.MtrunA17Chr4g0074061	MtrunA17Chr4g0074061			medtr.A17.gnm5.MtrunA17Chr4	-	62790099	62791527	2.91298591571857	0.000683712652136296	UP	1.2681803448281	0.506676440979665	NS
UP	A485_only	medtr.A17.gnm5.ann1_6.MtrunA17Chr3g0084271	MtrunA17Chr3g0084271			medtr.A17.gnm5.MtrunA17Chr3	-	5707519	5709158	2.45124397140805	0.0320300313088759	UP	1.26669546361018	0.646787087229709	NS
UP	A485_only	medtr.A17.gnm5.ann1_6.MtrunA17Chr7g0265101	MtrunA17Chr7g0265101			medtr.A17.gnm5.MtrunA17Chr7	+	48481596	48483550	2.47433912033482	0.00278975131578042	UP	1.26591440271153	0.486859746827461	NS
UP	A485_only	medtr.A17.gnm5.ann1_6.MtrunA17Chr8g0346561	MtrunA17Chr8g0346561	MtMYB041	Myeloblastosis (MYB) transcription factor 41	medtr.A17.gnm5.MtrunA17Chr8	+	9612205	9613947	2.15801544508011	0.0468240481675774	UP	1.26547915503323	0.59282536985714	NS
UP	A485_only	medtr.A17.gnm5.ann1_6.MtrunA17Chr7g0241521	MtrunA17Chr7g0241521			medtr.A17.gnm5.MtrunA17Chr7	+	31092825	31097294	2.48422937258668	0.0104996908188911	UP	1.26420892465753	0.570563552968296	NS
UP	A485_only	medtr.A17.gnm5.ann1_6.MtrunA17Chr4g0060701	MtrunA17Chr4g0060701			medtr.A17.gnm5.MtrunA17Chr4	+	53000584	53001608	2.08902454552735	0.0259188098867682	UP	-1.26331865947487	0.639615164574335	NS
UP	A485_only	medtr.A17.gnm5.ann1_6.MtrunA17Chr8g0349341	MtrunA17Chr8g0349341			medtr.A17.gnm5.MtrunA17Chr8	+	11826908	11830906	2.22740539248474	0.0102985512355539	UP	1.26302492484722	0.498932971337456	NS
UP	A485_only	medtr.A17.gnm5.ann1_6.MtrunA17Chr3g0117901	MtrunA17Chr3g0117901			medtr.A17.gnm5.MtrunA17Chr3	+	38730846	38731971	2.45494232137704	0.000396331204071586	UP	1.2625506284406	0.375899822082935	NS
UP	A485_only	medtr.A17.gnm5.ann1_6.MtrunA17Chr3g0137781	MtrunA17Chr3g0137781			medtr.A17.gnm5.MtrunA17Chr3	-	52955220	52959939	3.01785656171854	4.60926638326074e-05	UP	1.26071069014402	0.38341836197102	NS
UP	A485_only	medtr.A17.gnm5.ann1_6.MtrunA17Chr8g0390141	MtrunA17Chr8g0390141	MtSTP14_3|MtSTP14.3	sugar transport protein	medtr.A17.gnm5.MtrunA17Chr8	-	47446472	47450773	2.00292322981306	0.00216235522111036	UP	1.25998703236849	0.307089414340584	NS
UP	A485_only	medtr.A17.gnm5.ann1_6.MtrunA17Chr4g0034321	MtrunA17Chr4g0034321			medtr.A17.gnm5.MtrunA17Chr4	+	33990633	33992560	1.89675374609246	0.00916381011233098	UP	1.25994064189772	0.364599127270867	NS
UP	A485_only	medtr.A17.gnm5.ann1_6.MtrunA17Chr3g0129541	MtrunA17Chr3g0129541			medtr.A17.gnm5.MtrunA17Chr3	-	47022686	47023959	2.62760443418313	0.00793374562926824	UP	1.25719556692549	0.608468881424093	NS
UP	A485_only	medtr.A17.gnm5.ann1_6.MtrunA17Chr1g0147611	MtrunA17Chr1g0147611			medtr.A17.gnm5.MtrunA17Chr1	+	1238768	1249675	2.48014755617024	0.000280772399480158	UP	1.25625334430097	0.366557704319666	NS
UP	A485_only	medtr.A17.gnm5.ann1_6.MtrunA17Chr6g0468841	MtrunA17Chr6g0468841			medtr.A17.gnm5.MtrunA17Chr6	-	18096089	18101455	2.69564924118808	0.00017758670723671	UP	1.25582343265672	0.398866674129613	NS
UP	A485_only	medtr.A17.gnm5.ann1_6.MtrunA17Chr5g0422811	MtrunA17Chr5g0422811			medtr.A17.gnm5.MtrunA17Chr5	+	24664517	24664851	3.31388018437376	0.00422370529314677	UP	1.25553770427401	0.774719039852711	NS
UP	A485_only	medtr.A17.gnm5.ann1_6.MtrunA17Chr3g0125311	MtrunA17Chr3g0125311			medtr.A17.gnm5.MtrunA17Chr3	+	43842469	43844428	2.30892451901354	0.00321290771206461	UP	-1.25294826795273	0.474282099594984	NS
UP	A485_only	medtr.A17.gnm5.ann1_6.MtrunA17Chr2g0308921	MtrunA17Chr2g0308921			medtr.A17.gnm5.MtrunA17Chr2	-	31771098	31771931	3.88735971977787	0.00420002696767936	UP	1.25215493750855	1	NS
UP	A485_only	medtr.A17.gnm5.ann1_6.MtrunA17Chr8g0350081	MtrunA17Chr8g0350081			medtr.A17.gnm5.MtrunA17Chr8	-	12247293	12250174	5.77381537795571	0.000358254215262931	UP	1.25181729999351	1	NS
UP	A485_only	medtr.A17.gnm5.ann1_6.MtrunA17Chr5g0422101	MtrunA17Chr5g0422101			medtr.A17.gnm5.MtrunA17Chr5	+	23811993	23812196	2.7204021280345	0.0137049871418386	UP	1.2512026384702	0.683695432606713	NS
UP	A485_only	medtr.A17.gnm5.ann1_6.MtrunA17Chr5g0414821	MtrunA17Chr5g0414821			medtr.A17.gnm5.MtrunA17Chr5	+	15747473	15748933	4.56942044946252	0.00014046671651889	UP	1.24995639406181	0.637849009337049	NS
UP	A485_only	medtr.A17.gnm5.ann1_6.MtrunA17Chr3g0138951	MtrunA17Chr3g0138951			medtr.A17.gnm5.MtrunA17Chr3	-	53764951	53769906	1.52077697816161	0.0195345219246761	UP	1.24822125508129	0.20322584818655	NS
UP	A485_only	medtr.A17.gnm5.ann1_6.MtrunA17Chr4g0011121	MtrunA17Chr4g0011121			medtr.A17.gnm5.MtrunA17Chr4	+	8714977	8716730	2.35548924665711	0.0295742479532263	UP	-1.24802010233826	0.795189796613783	NS
UP	A485_only	medtr.A17.gnm5.ann1_6.MtrunA17Chr8g0382821	MtrunA17Chr8g0382821			medtr.A17.gnm5.MtrunA17Chr8	-	42316469	42318691	2.3329392340153	0.00558153456276786	UP	-1.24044913085048	0.518050154061145	NS
UP	A485_only	medtr.A17.gnm5.ann1_6.MtrunA17Chr4g0013051	MtrunA17Chr4g0013051			medtr.A17.gnm5.MtrunA17Chr4	+	10473140	10480012	1.72132936465018	0.0327389954074085	UP	1.24043391438498	0.410263094962587	NS
UP	A485_only	medtr.A17.gnm5.ann1_6.MtrunA17Chr8g0341701	MtrunA17Chr8g0341701	MtDMPP910	2,3-diketo-5-methylthio-1-phosphopentane phosphatase	medtr.A17.gnm5.MtrunA17Chr8	+	5227925	5230812	2.66630583603988	0.00684316712940151	UP	-1.24039915348003	0.618245914162564	NS
UP	A485_only	medtr.A17.gnm5.ann1_6.MtrunA17Chr7g0261101	MtrunA17Chr7g0261101			medtr.A17.gnm5.MtrunA17Chr7	+	45678383	45678980	2.66776471636318	0.00296517012282783	UP	-1.23885064872776	0.636608919944602	NS
UP	A485_only	medtr.A17.gnm5.ann1_6.MtrunA17Chr1g0190341	MtrunA17Chr1g0190341			medtr.A17.gnm5.MtrunA17Chr1	+	39589331	39592675	1.94045625068096	0.00870053110614457	UP	1.23757824563181	0.416081433103081	NS
UP	A485_only	medtr.A17.gnm5.ann1_6.MtrunA17Chr3g0139391	MtrunA17Chr3g0139391	MtPhytogb3.1|MtGlb3-1	truncated hemoglobin (tr-Hb)	medtr.A17.gnm5.MtrunA17Chr3	+	54084596	54086618	2.83143879683337	0.000142616133002152	UP	1.22864629507355	0.461010978730497	NS
UP	A485_only	medtr.A17.gnm5.ann1_6.MtrunA17Chr4g0004571	MtrunA17Chr4g0004571			medtr.A17.gnm5.MtrunA17Chr4	+	3611399	3614262	2.23132976194772	0.00754978382400482	UP	1.22794331829379	0.533843659544394	NS
UP	A485_only	medtr.A17.gnm5.ann1_6.MtrunA17Chr2g0282871	MtrunA17Chr2g0282871			medtr.A17.gnm5.MtrunA17Chr2	+	4252205	4255265	2.78726105689457	0.0014443278146885	UP	1.22715363370838	0.57525722371548	NS
UP	A485_only	medtr.A17.gnm5.ann1_6.MtrunA17Chr4g0046321	MtrunA17Chr4g0046321	MtCYP93C27	Cytochrome P450 monooxygenase	medtr.A17.gnm5.MtrunA17Chr4	-	42714234	42716398	1.83056083260256	0.02319109041522	UP	1.22358996560625	0.467873299010412	NS
UP	A485_only	medtr.A17.gnm5.ann1_6.MtrunA17Chr2g0332241	MtrunA17Chr2g0332241	MtABCG10	ATP-binding cassette (ABC) transporter type G (XM_003597771)	medtr.A17.gnm5.MtrunA17Chr2	-	50345354	50352777	2.31048124914282	0.0475219350088155	UP	1.22303931324845	0.68861943167966	NS
UP	A485_only	medtr.A17.gnm5.ann1_6.MtrunA17Chr1g0186341	MtrunA17Chr1g0186341			medtr.A17.gnm5.MtrunA17Chr1	-	36607690	36609429	1.72261080270717	0.0309811421105134	UP	1.22147367272996	0.441019264881111	NS
UP	A485_only	medtr.A17.gnm5.ann1_6.MtrunA17Chr4g0055371	MtrunA17Chr4g0055371			medtr.A17.gnm5.MtrunA17Chr4	-	49015259	49020469	4.62872953788575	9.2726571904183e-05	UP	1.21957454112329	0.716353158024942	NS
UP	A485_only	medtr.A17.gnm5.ann1_6.MtrunA17Chr3g0085401	MtrunA17Chr3g0085401			medtr.A17.gnm5.MtrunA17Chr3	+	6746767	6747649	2.67690790742859	0.000252628150727118	UP	-1.21881967889491	0.564202843821249	NS
UP	A485_only	medtr.A17.gnm5.ann1_6.MtrunA17Chr2g0321351	MtrunA17Chr2g0321351			medtr.A17.gnm5.MtrunA17Chr2	+	42383585	42386242	2.25196538565939	0.0312744735267284	UP	1.21569919219402	0.652185056004236	NS
UP	A485_only	medtr.A17.gnm5.ann1_6.MtrunA17Chr3g0085391	MtrunA17Chr3g0085391			medtr.A17.gnm5.MtrunA17Chr3	+	6738297	6739835	3.10767400357383	0.0112998816500734	UP	-1.21534905414882	1	NS
UP	A485_only	medtr.A17.gnm5.ann1_6.MtrunA17Chr4g0006181	MtrunA17Chr4g0006181			medtr.A17.gnm5.MtrunA17Chr4	-	4937886	4940705	2.07825935575017	0.042714084674619	UP	-1.20988926332612	0.744051079587001	NS
UP	A485_only	medtr.A17.gnm5.ann1_6.MtrunA17Chr2g0277481	MtrunA17Chr2g0277481			medtr.A17.gnm5.MtrunA17Chr2	-	533802	534779	4.25278159036269	0.00583194708846165	UP	1.20832696576963	1	NS
UP	A485_only	medtr.A17.gnm5.ann1_6.MtrunA17Chr8g0344501	MtrunA17Chr8g0344501			medtr.A17.gnm5.MtrunA17Chr8	-	7660923	7664559	2.08419992146525	0.000927141013475305	UP	-1.20796978883184	0.412067891892996	NS
UP	A485_only	medtr.A17.gnm5.ann1_6.MtrunA17Chr2g0288451	MtrunA17Chr2g0288451			medtr.A17.gnm5.MtrunA17Chr2	+	8233158	8234652	4.28882109277303	0.00445754837501209	UP	1.20692288189079	1	NS
UP	A485_only	medtr.A17.gnm5.ann1_6.MtrunA17Chr8g0382021	MtrunA17Chr8g0382021			medtr.A17.gnm5.MtrunA17Chr8	+	41821072	41822760	2.84918508182093	0.0177967496360604	UP	1.20510470681157	0.773721833033322	NS
UP	A485_only	medtr.A17.gnm5.ann1_6.MtrunA17Chr1g0184011	MtrunA17Chr1g0184011			medtr.A17.gnm5.MtrunA17Chr1	-	34597343	34598020	3.46591373407389	0.00221591859242401	UP	-1.19955606063867	0.841608377084887	NS
UP	A485_only	medtr.A17.gnm5.ann1_6.MtrunA17Chr4g0063331	MtrunA17Chr4g0063331	MtENOD93	early nodulin 93	medtr.A17.gnm5.MtrunA17Chr4	+	54957010	54958169	2.80367107243772	0.000613800271836882	UP	1.19395395111473	0.578228185511061	NS
UP	A485_only	medtr.A17.gnm5.ann1_6.MtrunA17Chr7g0270761	MtrunA17Chr7g0270761			medtr.A17.gnm5.MtrunA17Chr7	-	52341595	52344386	1.94110922687	0.0174820813710529	UP	1.19232852046003	0.551468112741846	NS
UP	A485_only	medtr.A17.gnm5.ann1_6.MtrunA17Chr6g0483921	MtrunA17Chr6g0483921			medtr.A17.gnm5.MtrunA17Chr6	+	38406790	38409190	2.21582887770117	0.0109911284945649	UP	1.18645432698643	0.618245914162564	NS
UP	A485_only	medtr.A17.gnm5.ann1_6.MtrunA17Chr4g0027161	MtrunA17Chr4g0027161			medtr.A17.gnm5.MtrunA17Chr4	+	28217967	28219118	1.96366159930002	0.028913050399762	UP	1.18375668669607	0.608398942273165	NS
UP	A485_only	medtr.A17.gnm5.ann1_6.MtrunA17Chr2g0296351	MtrunA17Chr2g0296351			medtr.A17.gnm5.MtrunA17Chr2	+	14677135	14678918	1.88200715156895	0.00697323167270491	UP	-1.18276368559812	0.501021563688391	NS
UP	A485_only	medtr.A17.gnm5.ann1_6.MtrunA17Chr1g0208601	MtrunA17Chr1g0208601			medtr.A17.gnm5.MtrunA17Chr1	+	52763992	52770348	3.47844713217113	1.07490858015863e-05	UP	1.18184632601485	0.521136393238075	NS
UP	A485_only	medtr.A17.gnm5.ann1_6.MtrunA17Chr8g0379151	MtrunA17Chr8g0379151	MtCP77	cystein protease 77 (papain family)	medtr.A17.gnm5.MtrunA17Chr8	+	39954419	39956383	4.07807176887886	0.000303740023425426	UP	-1.17954810170938	0.770463865634231	NS
UP	A485_only	medtr.A17.gnm5.ann1_6.MtrunA17Chr3g0140601	MtrunA17Chr3g0140601			medtr.A17.gnm5.MtrunA17Chr3	-	54970224	54972340	2.29684137029368	0.00306341364637403	UP	1.17917445557908	0.586951552191562	NS
UP	A485_only	medtr.A17.gnm5.ann1_6.MtrunA17Chr7g0255631	MtrunA17Chr7g0255631			medtr.A17.gnm5.MtrunA17Chr7	+	41554727	41555490	1.6412632732829	0.0114449385508245	UP	1.17858913018917	0.395343258580539	NS
UP	A485_only	medtr.A17.gnm5.ann1_6.MtrunA17Chr8g0392901	MtrunA17Chr8g0392901			medtr.A17.gnm5.MtrunA17Chr8	+	49347139	49349778	1.85936017020654	0.00549519646928927	UP	1.17490238585307	0.474284054900674	NS
UP	A485_only	medtr.A17.gnm5.ann1_6.MtrunA17Chr8g0358781	MtrunA17Chr8g0358781			medtr.A17.gnm5.MtrunA17Chr8	-	21282291	21290576	1.6129400444041	0.00686489481774873	UP	1.17363396600662	0.348063472023498	NS
UP	A485_only	medtr.A17.gnm5.ann1_6.MtrunA17Chr4g0019091	MtrunA17Chr4g0019091			medtr.A17.gnm5.MtrunA17Chr4	+	14462318	14468028	1.61202864655154	0.0125420089512429	UP	1.17265728965072	0.396656329503038	NS
UP	A485_only	medtr.A17.gnm5.ann1_6.MtrunA17Chr5g0439631	MtrunA17Chr5g0439631	MtLYK3	LysM domain-containing receptor-like kinase 3	medtr.A17.gnm5.MtrunA17Chr5	+	38435127	38439943	1.92161703584486	0.0448744968998436	UP	1.17240413465324	0.645138444417442	NS
UP	A485_only	medtr.A17.gnm5.ann1_6.MtrunA17Chr4g0030891	MtrunA17Chr4g0030891			medtr.A17.gnm5.MtrunA17Chr4	+	31511228	31515699	2.36724129727851	0.00392820181828332	UP	1.17070592257063	0.631396641523265	NS
UP	A485_only	medtr.A17.gnm5.ann1_6.MtrunA17Chr1g0181871	MtrunA17Chr1g0181871			medtr.A17.gnm5.MtrunA17Chr1	+	32855096	32855949	1.99656256765436	0.0157481582965869	UP	1.17044354756356	0.599295478051433	NS
UP	A485_only	medtr.A17.gnm5.ann1_6.MtrunA17Chr4g0003841	MtrunA17Chr4g0003841			medtr.A17.gnm5.MtrunA17Chr4	+	2940067	2950880	2.4559576554471	0.00284301167175433	UP	1.16418292142654	0.639039460925466	NS
UP	A485_only	medtr.A17.gnm5.ann1_6.MtrunA17Chr2g0332251	MtrunA17Chr2g0332251			medtr.A17.gnm5.MtrunA17Chr2	+	50345560	50346317	2.22784804706973	0.0105698420833291	UP	1.15610183336491	0.661012701878698	NS
UP	A485_only	medtr.A17.gnm5.ann1_6.MtrunA17Chr8g0350321	MtrunA17Chr8g0350321			medtr.A17.gnm5.MtrunA17Chr8	-	12414014	12420696	2.77212498560653	0.0246451987803345	UP	1.14955972648135	0.88843071491568	NS
UP	A485_only	medtr.A17.gnm5.ann1_6.MtrunA17Chr4g0020341	MtrunA17Chr4g0020341			medtr.A17.gnm5.MtrunA17Chr4	-	16293102	16293922	1.68883556578636	0.00449907423504474	UP	1.14943941917259	0.435343870069885	NS
UP	A485_only	medtr.A17.gnm5.ann1_6.MtrunA17Chr2g0303771	MtrunA17Chr2g0303771			medtr.A17.gnm5.MtrunA17Chr2	+	21578353	21584919	1.58908126256493	0.0196023076982228	UP	-1.14607618425773	0.487309275830969	NS
UP	A485_only	medtr.A17.gnm5.ann1_6.MtrunA17Chr3g0127161	MtrunA17Chr3g0127161			medtr.A17.gnm5.MtrunA17Chr3	+	45312021	45313330	1.63511089793154	0.039160395229251	UP	1.14490345752601	0.568230622078595	NS
UP	A485_only	medtr.A17.gnm5.ann1_6.MtrunA17Chr4g0045231	MtrunA17Chr4g0045231			medtr.A17.gnm5.MtrunA17Chr4	+	41907385	41909581	2.39087855330898	0.0248679861384054	UP	1.14188874600319	0.761182836037505	NS
UP	A485_only	medtr.A17.gnm5.ann1_6.MtrunA17Chr4g0019041	MtrunA17Chr4g0019041			medtr.A17.gnm5.MtrunA17Chr4	-	14369755	14373091	3.0179991408949	0.0104352886848584	UP	1.14172581458555	0.834944244120602	NS
UP	A485_only	medtr.A17.gnm5.ann1_6.MtrunA17Chr5g0441461	MtrunA17Chr5g0441461			medtr.A17.gnm5.MtrunA17Chr5	-	39909140	39914235	2.19673811820788	0.0023349829928465	UP	1.13640776397102	0.625794018473104	NS
UP	A485_only	medtr.A17.gnm5.ann1_6.MtrunA17Chr4g0038311	MtrunA17Chr4g0038311			medtr.A17.gnm5.MtrunA17Chr4	+	36664370	36671422	2.45343560511384	0.000524438989985879	UP	1.13640324931299	0.627138559497487	NS
UP	A485_only	medtr.A17.gnm5.ann1_6.MtrunA17Chr5g0401021	MtrunA17Chr5g0401021			medtr.A17.gnm5.MtrunA17Chr5	-	5273454	5277325	3.323078894911	9.37466573418019e-05	UP	1.12407519868816	0.698710719032024	NS
UP	A485_only	medtr.A17.gnm5.ann1_6.MtrunA17Chr3g0126401	MtrunA17Chr3g0126401			medtr.A17.gnm5.MtrunA17Chr3	+	44728740	44733944	3.5311604641393	0.0405101366726813	UP	-1.1240145021617	1	NS
UP	A485_only	medtr.A17.gnm5.ann1_6.MtrunA17Chr4g0069831	MtrunA17Chr4g0069831			medtr.A17.gnm5.MtrunA17Chr4	-	59625725	59634968	1.94406459926192	0.00844779760625392	UP	1.12212508450151	0.646787087229709	NS
UP	A485_only	medtr.A17.gnm5.ann1_6.MtrunA17Chr1g0184051	MtrunA17Chr1g0184051			medtr.A17.gnm5.MtrunA17Chr1	+	34630911	34636808	2.71586891515928	0.00157780616889738	UP	-1.11900107387412	0.792051663399535	NS
UP	A485_only	medtr.A17.gnm5.ann1_6.MtrunA17Chr4g0042981	MtrunA17Chr4g0042981			medtr.A17.gnm5.MtrunA17Chr4	+	40176256	40186215	2.92158809939387	0.0457564575024802	UP	-1.11175571897151	1	NS
UP	A485_only	medtr.A17.gnm5.ann1_6.MtrunA17Chr7g0268841	MtrunA17Chr7g0268841			medtr.A17.gnm5.MtrunA17Chr7	+	51093457	51094091	2.24089613407268	0.0146194334474082	UP	-1.10944646664438	0.82637182464651	NS
UP	A485_only	medtr.A17.gnm5.ann1_6.MtrunA17Chr5g0403231	MtrunA17Chr5g0403231			medtr.A17.gnm5.MtrunA17Chr5	-	7032015	7036939	1.58364120632774	0.0355818470644167	UP	1.10175403309929	0.642417145823914	NS
UP	A485_only	medtr.A17.gnm5.ann1_6.MtrunA17Chr0c01g0489101	MtrunA17Chr0c01g0489101			medtr.A17.gnm5.MtrunA17Chr0c01	-	101901	104679	1.88916161272303	0.00179203871070501	UP	1.09964306978526	0.619967385234373	NS
UP	A485_only	medtr.A17.gnm5.ann1_6.MtrunA17Chr8g0386331	MtrunA17Chr8g0386331			medtr.A17.gnm5.MtrunA17Chr8	-	44792666	44796646	4.64295549030577	1.11129199703892e-05	UP	1.09825460381083	0.770463865634231	NS
UP	A485_only	medtr.A17.gnm5.ann1_6.MtrunA17Chr5g0402081	MtrunA17Chr5g0402081			medtr.A17.gnm5.MtrunA17Chr5	-	6219422	6224193	1.57540288966958	0.00439686804029991	UP	1.09127529795777	0.55300530699329	NS
UP	A485_only	medtr.A17.gnm5.ann1_6.MtrunA17Chr5g0442721	MtrunA17Chr5g0442721			medtr.A17.gnm5.MtrunA17Chr5	-	40769433	40771370	3.9761194272154	0.0451068705178356	UP	1.09120715856136	1	NS
UP	A485_only	medtr.A17.gnm5.ann1_6.MtrunA17Chr4g0040171	MtrunA17Chr4g0040171			medtr.A17.gnm5.MtrunA17Chr4	+	38147790	38149469	1.95448936106973	0.00808867995221658	UP	-1.08548602327217	0.73296302958513	NS
UP	A485_only	medtr.A17.gnm5.ann1_6.MtrunA17Chr4g0070001	MtrunA17Chr4g0070001			medtr.A17.gnm5.MtrunA17Chr4	-	59755137	59762310	2.62033264499665	0.00045294067885545	UP	-1.08490425453148	0.761043673712059	NS
UP	A485_only	medtr.A17.gnm5.ann1_6.MtrunA17Chr6g0460901	MtrunA17Chr6g0460901			medtr.A17.gnm5.MtrunA17Chr6	-	10145986	10151042	3.6789192925142	0.00676926878062731	UP	1.08410960757778	1	NS
UP	A485_only	medtr.A17.gnm5.ann1_6.MtrunA17Chr4g0062241	MtrunA17Chr4g0062241			medtr.A17.gnm5.MtrunA17Chr4	-	54076508	54078047	1.90848083512654	0.00758896557554529	UP	1.0827806445233	0.72326298889451	NS
UP	A485_only	medtr.A17.gnm5.ann1_6.MtrunA17Chr5g0405491	MtrunA17Chr5g0405491			medtr.A17.gnm5.MtrunA17Chr5	+	8715604	8716949	2.35889675139475	0.000979929146324461	UP	1.08188880277354	0.743729499207955	NS
UP	A485_only	medtr.A17.gnm5.ann1_6.MtrunA17Chr3g0135361	MtrunA17Chr3g0135361			medtr.A17.gnm5.MtrunA17Chr3	+	51355964	51361366	2.40799681017516	3.66801572736437e-05	UP	1.08134399792213	0.663794393982875	NS
UP	A485_only	medtr.A17.gnm5.ann1_6.MtrunA17Chr8g0364481	MtrunA17Chr8g0364481			medtr.A17.gnm5.MtrunA17Chr8	+	28890363	28897863	1.62836806711635	0.0224665631036153	UP	-1.08105091526025	0.698838262894108	NS
UP	A485_only	medtr.A17.gnm5.ann1_6.MtrunA17Chr3g0087771	MtrunA17Chr3g0087771			medtr.A17.gnm5.MtrunA17Chr3	-	9203747	9207691	2.63489974836688	4.62718163140538e-05	UP	-1.07875212752932	0.712116855926292	NS
UP	A485_only	medtr.A17.gnm5.ann1_6.MtrunA17Chr4g0048581	MtrunA17Chr4g0048581			medtr.A17.gnm5.MtrunA17Chr4	+	44227676	44231648	3.04072667993699	0.00407496087293373	UP	1.07407402491122	0.860470315628787	NS
UP	A485_only	medtr.A17.gnm5.ann1_6.MtrunA17Chr8g0384661	MtrunA17Chr8g0384661			medtr.A17.gnm5.MtrunA17Chr8	-	43557497	43560376	3.73785624933378	0.00371875447112488	UP	-1.07369486948189	1	NS
UP	A485_only	medtr.A17.gnm5.ann1_6.MtrunA17Chr3g0119201	MtrunA17Chr3g0119201			medtr.A17.gnm5.MtrunA17Chr3	-	39630118	39633321	3.44777522402312	0.00734534517427392	UP	-1.0720996094293	1	NS
UP	A485_only	medtr.A17.gnm5.ann1_6.MtrunA17Chr3g0115151	MtrunA17Chr3g0115151	MtNR1	nitrate reductase	medtr.A17.gnm5.MtrunA17Chr3	-	36480115	36483877	3.03768592357	0.000202105161091012	UP	-1.0692643471224	0.801352398016037	NS
UP	A485_only	medtr.A17.gnm5.ann1_6.MtrunA17Chr1g0153831	MtrunA17Chr1g0153831			medtr.A17.gnm5.MtrunA17Chr1	-	6175761	6186574	2.6940807000067	0.000101799183097329	UP	-1.06550168748897	0.77168564804393	NS
UP	A485_only	medtr.A17.gnm5.ann1_6.MtrunA17Chr4g0054941	MtrunA17Chr4g0054941			medtr.A17.gnm5.MtrunA17Chr4	-	48695376	48700204	3.40959846399051	0.00190219000137624	UP	-1.05335407441867	1	NS
UP	A485_only	medtr.A17.gnm5.ann1_6.MtrunA17Chr1g0188731	MtrunA17Chr1g0188731			medtr.A17.gnm5.MtrunA17Chr1	+	38427759	38432488	2.80719437834598	0.0363040324765509	UP	-1.0520737560634	1	NS
UP	A485_only	medtr.A17.gnm5.ann1_6.MtrunA17Chr3g0132261	MtrunA17Chr3g0132261			medtr.A17.gnm5.MtrunA17Chr3	+	48972396	48974080	2.76919023298445	0.0019045743885711	UP	1.05080242850403	0.860063489488195	NS
UP	A485_only	medtr.A17.gnm5.ann1_6.MtrunA17Chr5g0396281	MtrunA17Chr5g0396281			medtr.A17.gnm5.MtrunA17Chr5	-	1919565	1922580	2.04779911704915	0.0027655354031577	UP	-1.04440385418772	0.826436113244771	NS
UP	A485_only	medtr.A17.gnm5.ann1_6.MtrunA17Chr1g0181861	MtrunA17Chr1g0181861			medtr.A17.gnm5.MtrunA17Chr1	-	32852898	32855953	1.94093901667961	0.0118529264607725	UP	1.04268456730532	0.841608377084887	NS
UP	A485_only	medtr.A17.gnm5.ann1_6.MtrunA17Chr7g0257551	MtrunA17Chr7g0257551			medtr.A17.gnm5.MtrunA17Chr7	+	43086430	43088557	2.23647176900534	0.0423597429364976	UP	1.04157117378788	0.899379338759889	NS
UP	A485_only	medtr.A17.gnm5.ann1_6.MtrunA17Chr5g0421861	MtrunA17Chr5g0421861			medtr.A17.gnm5.MtrunA17Chr5	-	23567540	23569692	1.96401281587015	0.00552450319720551	UP	-1.03154775854596	0.847164321976169	NS
UP	A485_only	medtr.A17.gnm5.ann1_6.MtrunA17Chr4g0074051	MtrunA17Chr4g0074051			medtr.A17.gnm5.MtrunA17Chr4	+	62789628	62791917	2.62943042883876	0.00384666986574646	UP	1.03076044333382	0.897325976594785	NS
UP	A485_only	medtr.A17.gnm5.ann1_6.MtrunA17Chr3g0133841	MtrunA17Chr3g0133841			medtr.A17.gnm5.MtrunA17Chr3	-	50225275	50225996	2.74677165669059	0.0270533334227876	UP	1.02596055867527	1	NS
UP	A485_only	medtr.A17.gnm5.ann1_6.MtrunA17Chr7g0228211	MtrunA17Chr7g0228211			medtr.A17.gnm5.MtrunA17Chr7	+	13408522	13415320	1.83185344172018	0.00709007912626001	UP	1.02456512167518	0.8664621161692	NS
UP	A485_only	medtr.A17.gnm5.ann1_6.MtrunA17Chr4g0075021	MtrunA17Chr4g0075021			medtr.A17.gnm5.MtrunA17Chr4	-	63445920	63448792	2.44294964015746	0.00273132987403346	UP	1.02307948085754	0.895174759804961	NS
UP	A485_only	medtr.A17.gnm5.ann1_6.MtrunA17Chr4g0045701	MtrunA17Chr4g0045701			medtr.A17.gnm5.MtrunA17Chr4	+	42301834	42302463	3.64816428732878	0.0432397308826027	UP	1.02059643307798	1	NS
UP	A485_only	medtr.A17.gnm5.ann1_6.MtrunA17Chr4g0059831	MtrunA17Chr4g0059831			medtr.A17.gnm5.MtrunA17Chr4	-	52398263	52401578	1.43602707102257	0.0387009865878397	UP	1.02044682630749	0.858702179625474	NS
UP	A485_only	medtr.A17.gnm5.ann1_6.MtrunA17Chr3g0100111	MtrunA17Chr3g0100111			medtr.A17.gnm5.MtrunA17Chr3	-	24792508	24801219	2.03953436000313	0.00322001982479333	UP	1.01876429965132	0.890308280385479	NS
UP	A485_only	medtr.A17.gnm5.ann1_6.MtrunA17Chr3g0084191	MtrunA17Chr3g0084191			medtr.A17.gnm5.MtrunA17Chr3	-	5665573	5669369	1.88647935344949	0.0110543547425205	UP	1.01860923466809	0.894688504823196	NS
UP	A485_only	medtr.A17.gnm5.ann1_6.MtrunA17Chr7g0219071	MtrunA17Chr7g0219071	MtGBP2	beta-glucan-binding protein 2 (DQ190941)	medtr.A17.gnm5.MtrunA17Chr7	-	4282626	4284887	1.91750703914631	0.0433642777894255	UP	1.0159745632096	0.914870897795138	NS
UP	A485_only	medtr.A17.gnm5.ann1_6.MtrunA17Chr7g0260901	MtrunA17Chr7g0260901			medtr.A17.gnm5.MtrunA17Chr7	+	45552253	45553366	1.63370071049913	0.0191343540601485	UP	1.01500554883985	0.887655299406061	NS
UP	A485_only	medtr.A17.gnm5.ann1_6.MtrunA17Chr8g0366581	MtrunA17Chr8g0366581			medtr.A17.gnm5.MtrunA17Chr8	-	30379075	30382933	1.99294218962491	0.00573369316166063	UP	1.01473186012525	0.904526532406363	NS
UP	A485_only	medtr.A17.gnm5.ann1_6.MtrunA17Chr5g0422321	MtrunA17Chr5g0422321			medtr.A17.gnm5.MtrunA17Chr5	-	23918780	23919526	2.67210226592637	0.000307309639796753	UP	1.01402838237145	0.907250848564729	NS
UP	A485_only	medtr.A17.gnm5.ann1_6.MtrunA17Chr1g0185631	MtrunA17Chr1g0185631			medtr.A17.gnm5.MtrunA17Chr1	-	36021105	36025008	2.40576397224098	0.000153093759544878	UP	1.01200981444934	0.9021734127536	NS
UP	A485_only	medtr.A17.gnm5.ann1_6.MtrunA17Chr5g0441721	MtrunA17Chr5g0441721			medtr.A17.gnm5.MtrunA17Chr5	-	40010648	40016470	2.32197793433339	0.00136633916438812	UP	1.01083186016481	0.914993792052988	NS
UP	A485_only	medtr.A17.gnm5.ann1_6.MtrunA17Chr8g0343381	MtrunA17Chr8g0343381			medtr.A17.gnm5.MtrunA17Chr8	+	6806951	6808985	3.09305246378124	0.000109757851418205	UP	1.0075330727373	0.926036518459603	NS
UP	A485_only	medtr.A17.gnm5.ann1_6.MtrunA17Chr1g0155521	MtrunA17Chr1g0155521			medtr.A17.gnm5.MtrunA17Chr1	-	7276879	7282770	1.55302022240766	0.032129434567919	UP	1.00305694159032	0.932889149559926	NS
UP	A485_only	medtr.A17.gnm5.ann1_6.MtrunA17Chr4g0069361	MtrunA17Chr4g0069361	MtABAB16	ATP-Binding-Cassette (ABC) transporter typeB (P-glycoprotein (MDR/PGP/ABCB) efflux/conditional auxin transporter)	medtr.A17.gnm5.MtrunA17Chr4	+	59277927	59284316	3.92037865339388	4.5955300470195e-05	UP	1.00134939885728	0.943503261389953	NS
UP	A485_only	medtr.A17.gnm5.ann1_6.MtrunA17Chr2g0328861	MtrunA17Chr2g0328861			medtr.A17.gnm5.MtrunA17Chr2	-	47990100	47991851	1.70690866396124	0.0323840331214984	UP	1.00018027289854	0.940528114332912	NS
UP	A485_only	medtr.A17.gnm5.ann1_6.MtrunA17Chr8g0358821	MtrunA17Chr8g0358821			medtr.A17.gnm5.MtrunA17Chr8	-	21356352	21370110	2.05412653925915	0.020574098342358	UP	0.999850728108593	0.945233621454086	NS
UP	A485_only	medtr.A17.gnm5.ann1_6.MtrunA17Chr4g0020331	MtrunA17Chr4g0020331			medtr.A17.gnm5.MtrunA17Chr4	+	16290767	16294177	1.60287845651862	0.00624990024437348	UP	0.99644120888544	0.954844065811756	NS
UP	A485_only	medtr.A17.gnm5.ann1_6.MtrunA17Chr1g0155531	MtrunA17Chr1g0155531			medtr.A17.gnm5.MtrunA17Chr1	-	7285237	7289537	1.50186823511933	0.0310098187527436	UP	0.994869815216593	0.958559807134455	NS
UP	A485_only	medtr.A17.gnm5.ann1_6.MtrunA17Chr3g0139011	MtrunA17Chr3g0139011			medtr.A17.gnm5.MtrunA17Chr3	-	53812282	53814654	3.68297823520867	8.51422325435652e-05	UP	0.993201121748983	0.95734442861182	NS
UP	A485_only	medtr.A17.gnm5.ann1_6.MtrunA17Chr3g0111191	MtrunA17Chr3g0111191	MtLegin6	Leginsulin 6	medtr.A17.gnm5.MtrunA17Chr3	-	33580785	33581800	6.16107378297608	3.66013356783798e-05	UP	0.988351759672543	1	NS
UP	A485_only	medtr.A17.gnm5.ann1_6.MtrunA17Chr1g0185461	MtrunA17Chr1g0185461			medtr.A17.gnm5.MtrunA17Chr1	+	35879509	35880610	3.655305660034	0.0381997461985873	UP	0.988246179350538	1	NS
UP	A485_only	medtr.A17.gnm5.ann1_6.MtrunA17Chr4g0004041	MtrunA17Chr4g0004041			medtr.A17.gnm5.MtrunA17Chr4	+	3056420	3059755	1.82881905086928	0.0151987101886723	UP	0.987778355345693	0.965821825011995	NS
UP	A485_only	medtr.A17.gnm5.ann1_6.MtrunA17Chr8g0348551	MtrunA17Chr8g0348551			medtr.A17.gnm5.MtrunA17Chr8	+	11185244	11186053	2.18185783361017	0.00262666649847323	UP	0.984017820085689	0.9740916901776	NS
UP	A485_only	medtr.A17.gnm5.ann1_6.MtrunA17Chr2g0325911	MtrunA17Chr2g0325911			medtr.A17.gnm5.MtrunA17Chr2	+	45750387	45754976	2.82375953887811	0.000207370122837996	UP	0.983090031966083	0.975444971158504	NS
UP	A485_only	medtr.A17.gnm5.ann1_6.MtrunA17Chr7g0233351	MtrunA17Chr7g0233351			medtr.A17.gnm5.MtrunA17Chr7	-	23826973	23831926	1.76971992218872	0.0455882003097572	UP	0.98231186682855	0.977136300298521	NS
UP	A485_only	medtr.A17.gnm5.ann1_6.MtrunA17Chr1g0184021	MtrunA17Chr1g0184021			medtr.A17.gnm5.MtrunA17Chr1	+	34606384	34625892	5.4483817914239	4.5955300470195e-05	UP	0.97827048718835	1	NS
UP	A485_only	medtr.A17.gnm5.ann1_6.MtrunA17Chr7g0222891	MtrunA17Chr7g0222891			medtr.A17.gnm5.MtrunA17Chr7	+	8156074	8156281	2.72583399559042	0.0294453999076852	UP	0.97777517533797	1	NS
UP	A485_only	medtr.A17.gnm5.ann1_6.MtrunA17Chr1g0181451	MtrunA17Chr1g0181451			medtr.A17.gnm5.MtrunA17Chr1	-	32537466	32538355	2.27645254322671	0.0029513937787765	UP	0.974565538586511	0.996706981551443	NS
UP	A485_only	medtr.A17.gnm5.ann1_6.MtrunA17Chr5g0430731	MtrunA17Chr5g0430731			medtr.A17.gnm5.MtrunA17Chr5	-	31856596	31861897	3.13473286400791	0.000799574039343537	UP	-0.973409133909542	1	NS
UP	A485_only	medtr.A17.gnm5.ann1_6.MtrunA17Chr1g0181441	MtrunA17Chr1g0181441			medtr.A17.gnm5.MtrunA17Chr1	+	32537248	32538523	2.22610480108452	0.00323274378390235	UP	0.973075908551136	1	NS
UP	A485_only	medtr.A17.gnm5.ann1_6.MtrunA17Chr5g0406071	MtrunA17Chr5g0406071			medtr.A17.gnm5.MtrunA17Chr5	-	9129762	9132879	1.91260176325132	0.00188915411668093	UP	0.969136123636771	1	NS
UP	A485_only	medtr.A17.gnm5.ann1_6.MtrunA17Chr4g0066241	MtrunA17Chr4g0066241			medtr.A17.gnm5.MtrunA17Chr4	-	57091933	57093046	3.3418577450588	0.0119804994342052	UP	0.96491587020281	1	NS
UP	A485_only	medtr.A17.gnm5.ann1_6.MtrunA17Chr5g0446141	MtrunA17Chr5g0446141			medtr.A17.gnm5.MtrunA17Chr5	+	42835275	42835769	4.01093380982972	0.0104352886848584	UP	0.963627565745507	1	NS
UP	A485_only	medtr.A17.gnm5.ann1_6.MtrunA17Chr7g0269871	MtrunA17Chr7g0269871			medtr.A17.gnm5.MtrunA17Chr7	-	51722080	51729694	1.61181326074702	0.00263888272524739	UP	0.960007774665786	1	NS
UP	A485_only	medtr.A17.gnm5.ann1_6.MtrunA17Chr4g0056441	MtrunA17Chr4g0056441			medtr.A17.gnm5.MtrunA17Chr4	-	49834632	49846023	1.63105534311872	0.00410457787804656	UP	0.959955394268913	1	NS
UP	A485_only	medtr.A17.gnm5.ann1_6.MtrunA17Chr4g0055931	MtrunA17Chr4g0055931			medtr.A17.gnm5.MtrunA17Chr4	+	49447848	49451476	1.73966596489462	0.000730060255032574	UP	0.959945754186746	1	NS
UP	A485_only	medtr.A17.gnm5.ann1_6.MtrunA17Chr8g0379441	MtrunA17Chr8g0379441			medtr.A17.gnm5.MtrunA17Chr8	+	40108412	40109464	2.1440075584031	0.0134126666584326	UP	-0.957647816229005	1	NS
UP	A485_only	medtr.A17.gnm5.ann1_6.MtrunA17Chr4g0057591	MtrunA17Chr4g0057591			medtr.A17.gnm5.MtrunA17Chr4	+	50763597	50764501	2.02053672383842	0.0185183898344919	UP	-0.955945015110717	0.999854085337484	NS
UP	A485_only	medtr.A17.gnm5.ann1_6.MtrunA17Chr4g0001971	MtrunA17Chr4g0001971			medtr.A17.gnm5.MtrunA17Chr4	+	1409456	1412252	2.53741892345872	8.29119398579954e-05	UP	0.955927875281069	1	NS
UP	A485_only	medtr.A17.gnm5.ann1_6.MtrunA17Chr1g0207461	MtrunA17Chr1g0207461			medtr.A17.gnm5.MtrunA17Chr1	+	51955143	51960859	2.4864725210387	0.00612005699727165	UP	0.955851645227099	1	NS
UP	A485_only	medtr.A17.gnm5.ann1_6.MtrunA17Chr2g0302101	MtrunA17Chr2g0302101			medtr.A17.gnm5.MtrunA17Chr2	+	19786489	19788743	2.39346101333788	0.0030336677712507	UP	0.955648306780379	1	NS
UP	A485_only	medtr.A17.gnm5.ann1_6.MtrunA17Chr4g0028121	MtrunA17Chr4g0028121			medtr.A17.gnm5.MtrunA17Chr4	+	29067964	29073220	2.82935376719018	0.0350015142929557	UP	0.952640620031374	1	NS
UP	A485_only	medtr.A17.gnm5.ann1_6.MtrunA17Chr2g0296361	MtrunA17Chr2g0296361			medtr.A17.gnm5.MtrunA17Chr2	-	14677243	14678864	1.86781968632042	0.00458896523375052	UP	-0.951939859266236	1	NS
UP	A485_only	medtr.A17.gnm5.ann1_6.MtrunA17Chr3g0139251	MtrunA17Chr3g0139251			medtr.A17.gnm5.MtrunA17Chr3	-	53991885	53993412	4.32626159860799	0.0098180128820858	UP	-0.950506331533282	1	NS
UP	A485_only	medtr.A17.gnm5.ann1_6.MtrunA17Chr3g0104681	MtrunA17Chr3g0104681			medtr.A17.gnm5.MtrunA17Chr3	-	28743847	28748335	2.82971372487078	2.50574491685705e-05	UP	0.947980089325533	1	NS
UP	A485_only	medtr.A17.gnm5.ann1_6.MtrunA17Chr7g0239121	MtrunA17Chr7g0239121			medtr.A17.gnm5.MtrunA17Chr7	-	29249015	29251438	2.20132732815506	0.040716999126485	UP	0.946677926659427	1	NS
UP	A485_only	medtr.A17.gnm5.ann1_6.MtrunA17Chr8g0345251	MtrunA17Chr8g0345251			medtr.A17.gnm5.MtrunA17Chr8	+	8307557	8312872	2.2185847747789	0.00445754837501209	UP	0.946563274854356	1	NS
UP	A485_only	medtr.A17.gnm5.ann1_6.MtrunA17Chr7g0261151	MtrunA17Chr7g0261151			medtr.A17.gnm5.MtrunA17Chr7	+	45691383	45691799	3.13721134137278	0.00734259563160406	UP	-0.945690040206807	1	NS
UP	A485_only	medtr.A17.gnm5.ann1_6.MtrunA17Chr8g0387501	MtrunA17Chr8g0387501			medtr.A17.gnm5.MtrunA17Chr8	+	45590166	45591748	2.77047617448328	0.00284301167175433	UP	0.945131163337795	1	NS
UP	A485_only	medtr.A17.gnm5.ann1_6.MtrunA17Chr1g0203791	MtrunA17Chr1g0203791	MtMATE58	multidrug and toxic compound extrusion family	medtr.A17.gnm5.MtrunA17Chr1	-	49490368	49492416	2.32293662975276	0.00273132987403346	UP	0.938796512551984	1	NS
UP	A485_only	medtr.A17.gnm5.ann1_6.MtrunA17Chr3g0094861	MtrunA17Chr3g0094861			medtr.A17.gnm5.MtrunA17Chr3	-	18095146	18099895	2.49745388658325	3.07095378058642e-05	UP	-0.938768696515481	1	NS
UP	A485_only	medtr.A17.gnm5.ann1_6.MtrunA17Chr3g0133051	MtrunA17Chr3g0133051			medtr.A17.gnm5.MtrunA17Chr3	+	49653390	49654744	2.91335246244672	5.17944824404958e-05	UP	0.937861502902683	1	NS
UP	A485_only	medtr.A17.gnm5.ann1_6.MtrunA17Chr1g0208821	MtrunA17Chr1g0208821	MtMATE27	multidrug and toxic compound extrusion family	medtr.A17.gnm5.MtrunA17Chr1	+	52877122	52883023	1.75321276900632	0.0120324909505524	UP	0.937467425430971	1	NS
UP	A485_only	medtr.A17.gnm5.ann1_6.MtrunA17Chr2g0282621	MtrunA17Chr2g0282621			medtr.A17.gnm5.MtrunA17Chr2	+	4053586	4055600	1.57349928364892	0.04606679742954	UP	-0.935428214921158	1	NS
UP	A485_only	medtr.A17.gnm5.ann1_6.MtrunA17Chr6g0450811	MtrunA17Chr6g0450811			medtr.A17.gnm5.MtrunA17Chr6	+	1511547	1515144	2.7460656864092	0.000565448388878111	UP	0.928606004083305	1	NS
UP	A485_only	medtr.A17.gnm5.ann1_6.MtrunA17Chr7g0271101	MtrunA17Chr7g0271101			medtr.A17.gnm5.MtrunA17Chr7	+	52601088	52601598	3.12593368678703	0.0476217975481645	UP	0.927916751681192	1	NS
UP	A485_only	medtr.A17.gnm5.ann1_6.MtrunA17Chr3g0098861	MtrunA17Chr3g0098861			medtr.A17.gnm5.MtrunA17Chr3	-	23619435	23620425	3.4243508091573	0.00567367448124752	UP	0.926468327287074	1	NS
UP	A485_only	medtr.A17.gnm5.ann1_6.MtrunA17Chr4g0001981	MtrunA17Chr4g0001981			medtr.A17.gnm5.MtrunA17Chr4	-	1412523	1417032	2.72750441029763	0.000189503904493811	UP	0.92513944049581	1	NS
UP	A485_only	medtr.A17.gnm5.ann1_6.MtrunA17Chr8g0392891	MtrunA17Chr8g0392891			medtr.A17.gnm5.MtrunA17Chr8	+	49341676	49342828	2.83132417330459	0.00793374562926824	UP	-0.919668181269165	1	NS
UP	A485_only	medtr.A17.gnm5.ann1_6.MtrunA17Chr4g0065661	MtrunA17Chr4g0065661			medtr.A17.gnm5.MtrunA17Chr4	-	56723934	56726301	1.5455147661011	0.0361797524992481	UP	0.915432973743104	1	NS
UP	A485_only	medtr.A17.gnm5.ann1_6.MtrunA17Chr5g0401891	MtrunA17Chr5g0401891	MtAP2b	APETALA 2b	medtr.A17.gnm5.MtrunA17Chr5	+	6070823	6075129	1.57834640026941	0.035102081717387	UP	0.913752176058753	1	NS
UP	A485_only	medtr.A17.gnm5.ann1_6.MtrunA17Chr3g0084171	MtrunA17Chr3g0084171			medtr.A17.gnm5.MtrunA17Chr3	+	5654298	5669310	1.8237119392754	0.0273002279546099	UP	0.913008105982563	1	NS
UP	A485_only	medtr.A17.gnm5.ann1_6.MtrunA17Chr1g0191211	MtrunA17Chr1g0191211			medtr.A17.gnm5.MtrunA17Chr1	+	40314277	40316861	3.27519467275202	0.00679142361170421	UP	0.910001098701602	1	NS
UP	A485_only	medtr.A17.gnm5.ann1_6.MtrunA17Chr3g0129691	MtrunA17Chr3g0129691	MtATG13b	Autophagy related gene	medtr.A17.gnm5.MtrunA17Chr3	-	47133218	47139912	1.77052263327139	0.0209034255869308	UP	0.90933987529371	1	NS
UP	A485_only	medtr.A17.gnm5.ann1_6.MtrunA17Chr4g0008651	MtrunA17Chr4g0008651			medtr.A17.gnm5.MtrunA17Chr4	-	6613202	6618307	2.09249029498045	0.0299182171687882	UP	0.90918495957781	1	NS
UP	A485_only	medtr.A17.gnm5.ann1_6.MtrunA17Chr2g0328851	MtrunA17Chr2g0328851			medtr.A17.gnm5.MtrunA17Chr2	+	47987598	48000830	1.60895111861001	0.0196023076982228	UP	0.908220029339447	1	NS
UP	A485_only	medtr.A17.gnm5.ann1_6.MtrunA17Chr4g0040751	MtrunA17Chr4g0040751			medtr.A17.gnm5.MtrunA17Chr4	-	38572019	38578853	1.57311645830933	0.0159470703638598	UP	0.904127229562874	1	NS
UP	A485_only	medtr.A17.gnm5.ann1_6.MtrunA17Chr2g0288321	MtrunA17Chr2g0288321			medtr.A17.gnm5.MtrunA17Chr2	-	8087880	8089165	3.13988576664681	0.00720446181181278	UP	0.903832630526669	1	NS
UP	A485_only	medtr.A17.gnm5.ann1_6.MtrunA17Chr1g0195661	MtrunA17Chr1g0195661			medtr.A17.gnm5.MtrunA17Chr1	-	43486150	43488719	1.99570960668264	0.00138276802370244	UP	-0.899817227967471	1	NS
UP	A485_only	medtr.A17.gnm5.ann1_6.MtrunA17Chr6g0476771	MtrunA17Chr6g0476771			medtr.A17.gnm5.MtrunA17Chr6	+	31580769	31582982	2.73873936629836	0.00282690348807658	UP	0.898724537331841	1	NS
UP	A485_only	medtr.A17.gnm5.ann1_6.MtrunA17Chr8g0389241	MtrunA17Chr8g0389241			medtr.A17.gnm5.MtrunA17Chr8	-	46861657	46863866	3.07828622107718	0.000687197033429698	UP	-0.897578838975212	1	NS
UP	A485_only	medtr.A17.gnm5.ann1_6.MtrunA17Chr3g0085831	MtrunA17Chr3g0085831			medtr.A17.gnm5.MtrunA17Chr3	+	7232326	7236349	1.98970058197524	0.00839967693078738	UP	0.896412917921206	1	NS
UP	A485_only	medtr.A17.gnm5.ann1_6.MtrunA17Chr8g0359651	MtrunA17Chr8g0359651			medtr.A17.gnm5.MtrunA17Chr8	-	23376041	23386483	1.76378612413888	0.00262278553529881	UP	0.893036163845923	1	NS
UP	A485_only	medtr.A17.gnm5.ann1_6.MtrunA17Chr5g0426431	MtrunA17Chr5g0426431			medtr.A17.gnm5.MtrunA17Chr5	-	28279093	28284449	2.06787083487151	0.00392656026576868	UP	0.891910759788868	1	NS
UP	A485_only	medtr.A17.gnm5.ann1_6.MtrunA17Chr4g0060271	MtrunA17Chr4g0060271			medtr.A17.gnm5.MtrunA17Chr4	+	52738412	52742908	2.3661242298487	0.0153105503335354	UP	0.888273931575409	1	NS
UP	A485_only	medtr.A17.gnm5.ann1_6.MtrunA17Chr7g0257541	MtrunA17Chr7g0257541			medtr.A17.gnm5.MtrunA17Chr7	+	43082898	43086428	2.47350308275337	0.0178789228512554	UP	0.886482767915753	1	NS
UP	A485_only	medtr.A17.gnm5.ann1_6.MtrunA17Chr2g0324591	MtrunA17Chr2g0324591			medtr.A17.gnm5.MtrunA17Chr2	+	44753729	44756694	4.43444030148757	0.00014046671651889	UP	0.886181945533524	1	NS
UP	A485_only	medtr.A17.gnm5.ann1_6.MtrunA17Chr1g0168611	MtrunA17Chr1g0168611			medtr.A17.gnm5.MtrunA17Chr1	+	17465074	17469178	2.43705271711862	9.7433749676864e-05	UP	-0.885587991467818	1	NS
UP	A485_only	medtr.A17.gnm5.ann1_6.MtrunA17Chr1g0159531	MtrunA17Chr1g0159531			medtr.A17.gnm5.MtrunA17Chr1	-	10197985	10200736	3.88743215749189	8.83391499664596e-05	UP	0.885352509833906	1	NS
UP	A485_only	medtr.A17.gnm5.ann1_6.MtrunA17Chr4g0029681	MtrunA17Chr4g0029681			medtr.A17.gnm5.MtrunA17Chr4	-	30449888	30456054	3.46574370238829	4.75990998112769e-05	UP	0.882457225116889	1	NS
UP	A485_only	medtr.A17.gnm5.ann1_6.MtrunA17Chr3g0140051	MtrunA17Chr3g0140051			medtr.A17.gnm5.MtrunA17Chr3	+	54531963	54535360	4.64014451414116	0.00823683346863713	UP	0.879977657555487	1	NS
UP	A485_only	medtr.A17.gnm5.ann1_6.MtrunA17Chr7g0273301	MtrunA17Chr7g0273301			medtr.A17.gnm5.MtrunA17Chr7	+	54046416	54047988	3.41083103744389	0.026872669740894	UP	0.878959597843333	1	NS
UP	A485_only	medtr.A17.gnm5.ann1_6.MtrunA17Chr2g0281181	MtrunA17Chr2g0281181			medtr.A17.gnm5.MtrunA17Chr2	+	2968261	2975379	1.54042515916323	0.0307792341972169	UP	0.878002997601494	1	NS
UP	A485_only	medtr.A17.gnm5.ann1_6.MtrunA17Chr3g0125671	MtrunA17Chr3g0125671			medtr.A17.gnm5.MtrunA17Chr3	+	44149046	44152698	1.75334985631771	0.00150288515691076	UP	0.876956091333784	1	NS
UP	A485_only	medtr.A17.gnm5.ann1_6.MtrunA17Chr4g0074561	MtrunA17Chr4g0074561			medtr.A17.gnm5.MtrunA17Chr4	+	63175408	63182317	2.00462843716727	0.00673399706389807	UP	0.876663135484741	1	NS
UP	A485_only	medtr.A17.gnm5.ann1_6.MtrunA17Chr7g0275331	MtrunA17Chr7g0275331			medtr.A17.gnm5.MtrunA17Chr7	+	55303953	55307668	2.50788673467207	8.29119398579954e-05	UP	0.874998396307743	1	NS
UP	A485_only	medtr.A17.gnm5.ann1_6.MtrunA17Chr7g0222881	MtrunA17Chr7g0222881			medtr.A17.gnm5.MtrunA17Chr7	-	8155449	8156403	2.69562082998604	0.0360856697509475	UP	0.871455779558131	1	NS
UP	A485_only	medtr.A17.gnm5.ann1_6.MtrunA17Chr7g0247891	MtrunA17Chr7g0247891			medtr.A17.gnm5.MtrunA17Chr7	-	36132185	36135511	1.54062079821894	0.0158611317042822	UP	0.865952735193265	1	NS
UP	A485_only	medtr.A17.gnm5.ann1_6.MtrunA17Chr7g0254831	MtrunA17Chr7g0254831			medtr.A17.gnm5.MtrunA17Chr7	+	40963300	40964935	3.12730191397434	0.0408346796092525	UP	0.865399878418881	1	NS
UP	A485_only	medtr.A17.gnm5.ann1_6.MtrunA17Chr6g0452101	MtrunA17Chr6g0452101			medtr.A17.gnm5.MtrunA17Chr6	-	2531034	2531983	2.55146875915163	0.0311093941594844	UP	-0.865227391214338	1	NS
UP	A485_only	medtr.A17.gnm5.ann1_6.MtrunA17Chr6g0487561	MtrunA17Chr6g0487561			medtr.A17.gnm5.MtrunA17Chr6	+	41909678	41912071	2.15335064276808	0.00582183443843304	UP	0.865002986817324	1	NS
UP	A485_only	medtr.A17.gnm5.ann1_6.MtrunA17Chr3g0081701	MtrunA17Chr3g0081701			medtr.A17.gnm5.MtrunA17Chr3	-	3720352	3721860	2.34416311021051	0.0311593710410956	UP	0.858326541438887	1	NS
UP	A485_only	medtr.A17.gnm5.ann1_6.MtrunA17Chr1g0210461	MtrunA17Chr1g0210461			medtr.A17.gnm5.MtrunA17Chr1	-	54211908	54216086	2.45900217599853	0.00221495750643765	UP	-0.858197247418413	1	NS
UP	A485_only	medtr.A17.gnm5.ann1_6.MtrunA17Chr3g0124921	MtrunA17Chr3g0124921			medtr.A17.gnm5.MtrunA17Chr3	+	43525678	43529352	1.59205381938327	0.0159596866803611	UP	0.84951689149186	1	NS
UP	A485_only	medtr.A17.gnm5.ann1_6.MtrunA17Chr5g0437361	MtrunA17Chr5g0437361			medtr.A17.gnm5.MtrunA17Chr5	-	36970132	36971148	2.14480652969679	0.0401589173818641	UP	0.848386941910253	1	NS
UP	A485_only	medtr.A17.gnm5.ann1_6.MtrunA17Chr5g0415981	MtrunA17Chr5g0415981			medtr.A17.gnm5.MtrunA17Chr5	-	16759592	16766034	1.65311263288276	0.0270533334227876	UP	-0.848288763928768	1	NS
UP	A485_only	medtr.A17.gnm5.ann1_6.MtrunA17Chr1g0196181	MtrunA17Chr1g0196181			medtr.A17.gnm5.MtrunA17Chr1	-	43825510	43828824	1.76053069550211	0.02030384481132	UP	0.842739440823827	1	NS
UP	A485_only	medtr.A17.gnm5.ann1_6.MtrunA17Chr2g0323381	MtrunA17Chr2g0323381			medtr.A17.gnm5.MtrunA17Chr2	+	43947398	43951914	1.83155876176138	0.0100467725821309	UP	0.84256091720622	1	NS
UP	A485_only	medtr.A17.gnm5.ann1_6.MtrunA17Chr3g0144461	MtrunA17Chr3g0144461			medtr.A17.gnm5.MtrunA17Chr3	+	57860561	57862851	2.04187577274112	0.0469987315307896	UP	-0.841698544694224	1	NS
UP	A485_only	medtr.A17.gnm5.ann1_6.MtrunA17Chr4g0064941	MtrunA17Chr4g0064941			medtr.A17.gnm5.MtrunA17Chr4	+	56164702	56176500	1.78459549310102	0.00238480626320525	UP	0.839481725350971	1	NS
UP	A485_only	medtr.A17.gnm5.ann1_6.MtrunA17Chr3g0090571	MtrunA17Chr3g0090571	MtLegin13	Leginsulin	medtr.A17.gnm5.MtrunA17Chr3	+	11963206	11964482	4.17054729284134	0.003450419831749	UP	-0.838971571022292	1	NS
UP	A485_only	medtr.A17.gnm5.ann1_6.MtrunA17Chr7g0268091	MtrunA17Chr7g0268091			medtr.A17.gnm5.MtrunA17Chr7	-	50644345	50647373	3.90484837504635	0.000359594035197565	UP	0.838808504124482	1	NS
UP	A485_only	medtr.A17.gnm5.ann1_6.MtrunA17Chr2g0302531	MtrunA17Chr2g0302531	MtPHO1.6	Phosphate transporter1.1 (export)	medtr.A17.gnm5.MtrunA17Chr2	+	20068888	20075815	5.04237018076713	2.28350336008198e-05	UP	-0.83655286581034	1	NS
UP	A485_only	medtr.A17.gnm5.ann1_6.MtrunA17Chr7g0237421	MtrunA17Chr7g0237421			medtr.A17.gnm5.MtrunA17Chr7	-	27606141	27615450	1.75090004663411	0.0114677762899163	UP	-0.835949601876818	1	NS
UP	A485_only	medtr.A17.gnm5.ann1_6.MtrunA17Chr5g0406301	MtrunA17Chr5g0406301			medtr.A17.gnm5.MtrunA17Chr5	+	9242350	9244321	3.39092931835317	1.40722346500108e-05	UP	0.835358446208062	1	NS
UP	A485_only	medtr.A17.gnm5.ann1_6.MtrunA17Chr7g0234651	MtrunA17Chr7g0234651			medtr.A17.gnm5.MtrunA17Chr7	+	25163298	25168572	2.78132264881204	0.000104500234136888	UP	0.833391711243911	1	NS
UP	A485_only	medtr.A17.gnm5.ann1_6.MtrunA17Chr5g0405521	MtrunA17Chr5g0405521			medtr.A17.gnm5.MtrunA17Chr5	+	8746635	8747789	2.71393763473806	0.00116662757547975	UP	0.831571526148959	1	NS
UP	A485_only	medtr.A17.gnm5.ann1_6.MtrunA17Chr4g0034101	MtrunA17Chr4g0034101			medtr.A17.gnm5.MtrunA17Chr4	-	33841501	33841529	2.39795973005655	0.00241069698530752	UP	-0.819666425070338	1	NS
UP	A485_only	medtr.A17.gnm5.ann1_6.MtrunA17Chr6g0461011	MtrunA17Chr6g0461011			medtr.A17.gnm5.MtrunA17Chr6	+	10259542	10262218	1.53063878311518	0.0479483692061476	UP	0.817753323178697	1	NS
UP	A485_only	medtr.A17.gnm5.ann1_6.MtrunA17Chr1g0210231	MtrunA17Chr1g0210231			medtr.A17.gnm5.MtrunA17Chr1	+	54014956	54019678	3.53377843469076	6.4357773390205e-05	UP	0.815123035929347	1	NS
UP	A485_only	medtr.A17.gnm5.ann1_6.MtrunA17Chr4g0063801	MtrunA17Chr4g0063801			medtr.A17.gnm5.MtrunA17Chr4	-	55249977	55250991	2.31108216656087	0.000174529962235328	UP	0.812764542303796	1	NS
UP	A485_only	medtr.A17.gnm5.ann1_6.MtrunA17Chr5g0420841	MtrunA17Chr5g0420841	MtSTP1_6|MtSTP1.4	sugar transport protein	medtr.A17.gnm5.MtrunA17Chr5	-	21370377	21373766	2.09851191721263	0.00129896976084054	UP	0.811918111261524	1	NS
UP	A485_only	medtr.A17.gnm5.ann1_6.MtrunA17Chr8g0370701	MtrunA17Chr8g0370701			medtr.A17.gnm5.MtrunA17Chr8	+	33781649	33785958	2.77040791592522	0.00255739145260036	UP	0.811142876033606	1	NS
UP	A485_only	medtr.A17.gnm5.ann1_6.MtrunA17Chr8g0360411	MtrunA17Chr8g0360411			medtr.A17.gnm5.MtrunA17Chr8	+	24538858	24544523	1.45395730266077	0.0238537252955182	UP	0.808005973353994	1	NS
UP	A485_only	medtr.A17.gnm5.ann1_6.MtrunA17Chr7g0264971	MtrunA17Chr7g0264971			medtr.A17.gnm5.MtrunA17Chr7	+	48363958	48368628	2.13147434688452	0.0025934590146896	UP	0.807310342054277	1	NS
UP	A485_only	medtr.A17.gnm5.ann1_6.MtrunA17Chr8g0347381	MtrunA17Chr8g0347381			medtr.A17.gnm5.MtrunA17Chr8	-	10297121	10302452	2.25706396265431	0.00250275062541742	UP	0.80113578667241	1	NS
UP	A485_only	medtr.A17.gnm5.ann1_6.MtrunA17Chr1g0173921	MtrunA17Chr1g0173921			medtr.A17.gnm5.MtrunA17Chr1	-	24509251	24517612	1.46880582710903	0.0435992407777605	UP	0.799034476739537	1	NS
UP	A485_only	medtr.A17.gnm5.ann1_6.MtrunA17Chr1g0149621	MtrunA17Chr1g0149621	MtRDN3	ROOT DETERMINED NODULATION 3	medtr.A17.gnm5.MtrunA17Chr1	-	2764559	2770045	1.34131827103652	0.0405101366726813	UP	0.797015317849767	1	NS
UP	A485_only	medtr.A17.gnm5.ann1_6.MtrunA17Chr1g0173561	MtrunA17Chr1g0173561			medtr.A17.gnm5.MtrunA17Chr1	+	23450493	23451136	2.52182988008528	0.00041583766388834	UP	0.795391768773701	1	NS
UP	A485_only	medtr.A17.gnm5.ann1_6.MtrunA17Chr1g0161891	MtrunA17Chr1g0161891			medtr.A17.gnm5.MtrunA17Chr1	+	11949125	11951717	2.37077973936926	0.0250551987092997	UP	0.79466871717114	1	NS
UP	A485_only	medtr.A17.gnm5.ann1_6.MtrunA17Chr4g0064311	MtrunA17Chr4g0064311			medtr.A17.gnm5.MtrunA17Chr4	-	55733342	55737711	3.19900025346383	0.00481692166952875	UP	0.790951887253919	1	NS
UP	A485_only	medtr.A17.gnm5.ann1_6.MtrunA17Chr5g0393891	MtrunA17Chr5g0393891			medtr.A17.gnm5.MtrunA17Chr5	-	395126	395551	4.25550234090236	5.17944824404958e-05	UP	-0.790926575442217	1	NS
UP	A485_only	medtr.A17.gnm5.ann1_6.MtrunA17Chr2g0297871	MtrunA17Chr2g0297871			medtr.A17.gnm5.MtrunA17Chr2	+	15882467	15886232	1.83562394266801	0.0131773109059214	UP	0.790518341627567	1	NS
UP	A485_only	medtr.A17.gnm5.ann1_6.MtrunA17Chr7g0244521	MtrunA17Chr7g0244521			medtr.A17.gnm5.MtrunA17Chr7	+	33731410	33735051	2.95044492579475	6.01723079349332e-05	UP	0.790085547153921	1	NS
UP	A485_only	medtr.A17.gnm5.ann1_6.MtrunA17Chr3g0130311	MtrunA17Chr3g0130311			medtr.A17.gnm5.MtrunA17Chr3	-	47520566	47524011	2.2862906996094	0.000480716888180601	UP	0.786618119431491	1	NS
UP	A485_only	medtr.A17.gnm5.ann1_6.MtrunA17Chr1g0190771	MtrunA17Chr1g0190771			medtr.A17.gnm5.MtrunA17Chr1	+	39908935	39912842	4.00131816070897	1.26083979866799e-05	UP	0.782601994788722	1	NS
UP	A485_only	medtr.A17.gnm5.ann1_6.MtrunA17Chr2g0290101	MtrunA17Chr2g0290101	MtPhyCys5	Phytocystatin	medtr.A17.gnm5.MtrunA17Chr2	+	9441153	9443615	2.47542648213315	0.000648647314835361	UP	0.782365300007479	1	NS
UP	A485_only	medtr.A17.gnm5.ann1_6.MtrunA17Chr7g0248021	MtrunA17Chr7g0248021			medtr.A17.gnm5.MtrunA17Chr7	+	36225142	36229289	2.66615118407766	0.000496779180157807	UP	0.780298293508333	1	NS
UP	A485_only	medtr.A17.gnm5.ann1_6.MtrunA17Chr8g0389591	MtrunA17Chr8g0389591			medtr.A17.gnm5.MtrunA17Chr8	+	47086339	47089257	3.39456343281455	0.0105796578933075	UP	-0.778932073061842	1	NS
UP	A485_only	medtr.A17.gnm5.ann1_6.MtrunA17Chr6g0487221	MtrunA17Chr6g0487221			medtr.A17.gnm5.MtrunA17Chr6	-	41517626	41519921	4.78599371049347	0.00035619443724406	UP	0.77705685727532	1	NS
UP	A485_only	medtr.A17.gnm5.ann1_6.MtrunA17Chr4g0059351	MtrunA17Chr4g0059351			medtr.A17.gnm5.MtrunA17Chr4	-	52041305	52041738	1.5876938001607	0.02030384481132	UP	0.775649956214956	1	NS
UP	A485_only	medtr.A17.gnm5.ann1_6.MtrunA17Chr2g0281901	MtrunA17Chr2g0281901			medtr.A17.gnm5.MtrunA17Chr2	+	3494332	3497799	3.93214387148611	3.52881545825605e-05	UP	0.774408063774871	1	NS
UP	A485_only	medtr.A17.gnm5.ann1_6.MtrunA17Chr1g0167941	MtrunA17Chr1g0167941			medtr.A17.gnm5.MtrunA17Chr1	+	16831844	16833352	2.18754795008744	0.0049693044231228	UP	0.772217398793469	1	NS
UP	A485_only	medtr.A17.gnm5.ann1_6.MtrunA17Chr4g0065171	MtrunA17Chr4g0065171			medtr.A17.gnm5.MtrunA17Chr4	+	56363367	56368598	3.30832546836993	4.72282540658586e-05	UP	0.769045885498801	1	NS
UP	A485_only	medtr.A17.gnm5.ann1_6.MtrunA17Chr1g0189151	MtrunA17Chr1g0189151			medtr.A17.gnm5.MtrunA17Chr1	-	38759913	38764750	1.9378114018975	0.00221876539210952	UP	-0.766220621880614	1	NS
UP	A485_only	medtr.A17.gnm5.ann1_6.MtrunA17Chr4g0009631	MtrunA17Chr4g0009631			medtr.A17.gnm5.MtrunA17Chr4	-	7477819	7483768	2.34054671166643	0.000524438989985879	UP	0.765921015985517	1	NS
UP	A485_only	medtr.A17.gnm5.ann1_6.MtrunA17Chr4g0044751	MtrunA17Chr4g0044751			medtr.A17.gnm5.MtrunA17Chr4	-	41548551	41552382	2.98165706165067	0.000130290317153566	UP	0.765419774617394	1	NS
UP	A485_only	medtr.A17.gnm5.ann1_6.MtrunA17Chr7g0264961	MtrunA17Chr7g0264961	MtTIP1b	tonoplast intrinsic protein 1a (aquaporin 1) (AJ251652)	medtr.A17.gnm5.MtrunA17Chr7	-	48362790	48364857	2.07851266416184	0.00117355378970946	UP	0.760919058605098	1	NS
UP	A485_only	medtr.A17.gnm5.ann1_6.MtrunA17Chr1g0189161	MtrunA17Chr1g0189161			medtr.A17.gnm5.MtrunA17Chr1	+	38760881	38761680	1.87049893229922	0.00169313017124484	UP	-0.75911579993655	1	NS
UP	A485_only	medtr.A17.gnm5.ann1_6.MtrunA17Chr1g0167721	MtrunA17Chr1g0167721			medtr.A17.gnm5.MtrunA17Chr1	+	16575077	16579828	2.30110906579473	5.17944824404958e-05	UP	-0.756857322080645	1	NS
UP	A485_only	medtr.A17.gnm5.ann1_6.MtrunA17Chr8g0350221	MtrunA17Chr8g0350221			medtr.A17.gnm5.MtrunA17Chr8	+	12342891	12344527	2.08586363381104	0.0124667487849871	UP	0.756692723840147	1	NS
UP	A485_only	medtr.A17.gnm5.ann1_6.MtrunA17Chr4g0064711	MtrunA17Chr4g0064711			medtr.A17.gnm5.MtrunA17Chr4	-	56017745	56021271	3.01824722832997	2.21858637466016e-05	UP	0.75607180035122	1	NS
UP	A485_only	medtr.A17.gnm5.ann1_6.MtrunA17Chr2g0278731	MtrunA17Chr2g0278731			medtr.A17.gnm5.MtrunA17Chr2	-	1363383	1370706	2.71180802838481	0.0139543847734799	UP	0.755939889566726	1	NS
UP	A485_only	medtr.A17.gnm5.ann1_6.MtrunA17Chr4g0059581	MtrunA17Chr4g0059581			medtr.A17.gnm5.MtrunA17Chr4	-	52195707	52198838	3.72988845982408	0.0236294304210041	UP	-0.755505333482473	1	NS
UP	A485_only	medtr.A17.gnm5.ann1_6.MtrunA17Chr8g0336691	MtrunA17Chr8g0336691			medtr.A17.gnm5.MtrunA17Chr8	-	1864175	1872606	3.59629671093311	0.00121161469217692	UP	0.754410685815835	1	NS
UP	A485_only	medtr.A17.gnm5.ann1_6.MtrunA17Chr4g0053311	MtrunA17Chr4g0053311			medtr.A17.gnm5.MtrunA17Chr4	+	47231995	47234932	2.31507866035473	0.03733660205606	UP	-0.753303890586582	1	NS
UP	A485_only	medtr.A17.gnm5.ann1_6.MtrunA17Chr7g0273511	MtrunA17Chr7g0273511			medtr.A17.gnm5.MtrunA17Chr7	+	54138994	54139818	3.68805862209069	0.000517614811490852	UP	0.750161073271713	1	NS
UP	A485_only	medtr.A17.gnm5.ann1_6.MtrunA17Chr5g0443941	MtrunA17Chr5g0443941			medtr.A17.gnm5.MtrunA17Chr5	+	41574437	41576948	4.28853877295002	0.000470240578665118	UP	0.746711969536462	1	NS
UP	A485_only	medtr.A17.gnm5.ann1_6.MtrunA17Chr4g0020881	MtrunA17Chr4g0020881			medtr.A17.gnm5.MtrunA17Chr4	-	17503751	17506931	2.81967600219268	0.00015368946210041	UP	-0.7466046215815	1	NS
UP	A485_only	medtr.A17.gnm5.ann1_6.MtrunA17Chr7g0252171	MtrunA17Chr7g0252171			medtr.A17.gnm5.MtrunA17Chr7	-	39154839	39164519	1.50140174344777	0.0176663619805696	UP	0.746499676463531	1	NS
UP	A485_only	medtr.A17.gnm5.ann1_6.MtrunA17Chr3g0089161	MtrunA17Chr3g0089161			medtr.A17.gnm5.MtrunA17Chr3	-	10331922	10334289	4.00233227134959	0.015542087460812	UP	0.746424187417536	1	NS
UP	A485_only	medtr.A17.gnm5.ann1_6.MtrunA17Chr4g0063791	MtrunA17Chr4g0063791			medtr.A17.gnm5.MtrunA17Chr4	+	55249885	55251522	2.17368546277935	0.000194936282270734	UP	0.744872120112281	1	NS
UP	A485_only	medtr.A17.gnm5.ann1_6.MtrunA17Chr7g0265111	MtrunA17Chr7g0265111			medtr.A17.gnm5.MtrunA17Chr7	+	48490181	48492060	2.81000403652581	0.0320371544092325	UP	0.744612601143082	1	NS
UP	A485_only	medtr.A17.gnm5.ann1_6.MtrunA17Chr8g0385761	MtrunA17Chr8g0385761			medtr.A17.gnm5.MtrunA17Chr8	-	44312181	44314545	3.58956529328074	0.000252628150727118	UP	0.743910666644354	1	NS
UP	A485_only	medtr.A17.gnm5.ann1_6.MtrunA17Chr1g0208611	MtrunA17Chr1g0208611			medtr.A17.gnm5.MtrunA17Chr1	-	52765901	52768849	3.57502191640961	2.63223965220987e-05	UP	0.742601292410384	1	NS
UP	A485_only	medtr.A17.gnm5.ann1_6.MtrunA17Chr1g0152761	MtrunA17Chr1g0152761			medtr.A17.gnm5.MtrunA17Chr1	+	5417985	5422692	2.76535312067505	2.7629793459753e-05	UP	0.739991872664481	1	NS
UP	A485_only	medtr.A17.gnm5.ann1_6.MtrunA17Chr1g0153651	MtrunA17Chr1g0153651			medtr.A17.gnm5.MtrunA17Chr1	-	6043027	6050187	3.47991472221831	8.87758178237555e-06	UP	0.73989195067622	1	NS
UP	A485_only	medtr.A17.gnm5.ann1_6.MtrunA17Chr8g0335621	MtrunA17Chr8g0335621			medtr.A17.gnm5.MtrunA17Chr8	-	1113535	1117049	5.66066649918418	0.000235783242254904	UP	-0.739510015031728	1	NS
UP	A485_only	medtr.A17.gnm5.ann1_6.MtrunA17Chr8g0342001	MtrunA17Chr8g0342001	MtBGAL23	beta-galactosidase 23	medtr.A17.gnm5.MtrunA17Chr8	+	5429554	5436110	2.1864593828349	0.015366841104127	UP	0.738474985228139	1	NS
UP	A485_only	medtr.A17.gnm5.ann1_6.MtrunA17Chr8g0345091	MtrunA17Chr8g0345091			medtr.A17.gnm5.MtrunA17Chr8	-	8194231	8196180	3.35207856193236	5.07931455146148e-05	UP	0.734955296961282	1	NS
UP	A485_only	medtr.A17.gnm5.ann1_6.MtrunA17Chr8g0363741	MtrunA17Chr8g0363741			medtr.A17.gnm5.MtrunA17Chr8	+	28366770	28367708	1.5126039130124	0.0469172546742362	UP	0.732851513954376	1	NS
UP	A485_only	medtr.A17.gnm5.ann1_6.MtrunA17Chr7g0240631	MtrunA17Chr7g0240631			medtr.A17.gnm5.MtrunA17Chr7	-	30386855	30388409	3.06917363027976	0.0227234418387097	UP	-0.730543928208398	1	NS
UP	A485_only	medtr.A17.gnm5.ann1_6.MtrunA17Chr2g0298651	MtrunA17Chr2g0298651	MtRasGAP	GTPase-Activating Protein	medtr.A17.gnm5.MtrunA17Chr2	+	16580587	16586175	1.98502029405717	0.0307792341972169	UP	0.730092374179948	1	NS
UP	A485_only	medtr.A17.gnm5.ann1_6.MtrunA17Chr7g0242641	MtrunA17Chr7g0242641			medtr.A17.gnm5.MtrunA17Chr7	+	32102156	32106233	2.06696535770012	0.00036332127087742	UP	0.729605279183321	1	NS
UP	A485_only	medtr.A17.gnm5.ann1_6.MtrunA17Chr7g0252951	MtrunA17Chr7g0252951			medtr.A17.gnm5.MtrunA17Chr7	-	39718444	39718966	2.65130623740145	0.00574238421439115	UP	0.729308916332347	1	NS
UP	A485_only	medtr.A17.gnm5.ann1_6.MtrunA17Chr5g0414781	MtrunA17Chr5g0414781			medtr.A17.gnm5.MtrunA17Chr5	-	15730525	15731771	3.82227398684359	0.00343210525498979	UP	0.726015481332143	1	NS
UP	A485_only	medtr.A17.gnm5.ann1_6.MtrunA17Chr5g0395041	MtrunA17Chr5g0395041			medtr.A17.gnm5.MtrunA17Chr5	+	1187560	1193822	1.56829481686682	0.00577408600501749	UP	0.724236122012934	1	NS
UP	A485_only	medtr.A17.gnm5.ann1_6.MtrunA17Chr8g0336701	MtrunA17Chr8g0336701			medtr.A17.gnm5.MtrunA17Chr8	+	1872051	1879028	3.17571851868347	0.000224921588518422	UP	0.720151953041192	1	NS
UP	A485_only	medtr.A17.gnm5.ann1_6.MtrunA17Chr3g0146001	MtrunA17Chr3g0146001			medtr.A17.gnm5.MtrunA17Chr3	-	58836258	58839737	3.17302138218797	0.000839312078254375	UP	0.719487840400149	1	NS
UP	A485_only	medtr.A17.gnm5.ann1_6.MtrunA17Chr2g0322671	MtrunA17Chr2g0322671	MtMATE8	multidrug and toxic compound extrusion family	medtr.A17.gnm5.MtrunA17Chr2	+	43367256	43372029	1.88343364274748	0.0197410988910179	UP	0.71936229426615	1	NS
UP	A485_only	medtr.A17.gnm5.ann1_6.MtrunA17Chr5g0446491	MtrunA17Chr5g0446491	MtNF-YB17	nuclear factor Y subunit B17	medtr.A17.gnm5.MtrunA17Chr5	+	43058730	43059701	3.66439200566229	0.00689075227281119	UP	0.717168289001561	1	NS
UP	A485_only	medtr.A17.gnm5.ann1_6.MtrunA17Chr7g0220581	MtrunA17Chr7g0220581			medtr.A17.gnm5.MtrunA17Chr7	+	6009647	6013595	1.56202515535072	0.0268950675737748	UP	0.71232834504085	1	NS
UP	A485_only	medtr.A17.gnm5.ann1_6.MtrunA17Chr4g0011241	MtrunA17Chr4g0011241			medtr.A17.gnm5.MtrunA17Chr4	-	8780417	8782689	4.05963772027596	3.4617243518622e-05	UP	0.711889006319368	1	NS
UP	A485_only	medtr.A17.gnm5.ann1_6.MtrunA17Chr1g0155341	MtrunA17Chr1g0155341			medtr.A17.gnm5.MtrunA17Chr1	+	7186514	7188207	2.83437360672886	0.00016932850781212	UP	0.711099269446815	1	NS
UP	A485_only	medtr.A17.gnm5.ann1_6.MtrunA17Chr3g0109691	MtrunA17Chr3g0109691			medtr.A17.gnm5.MtrunA17Chr3	+	32466118	32469121	2.10309221013072	0.0214071951044868	UP	-0.709950612225457	1	NS
UP	A485_only	medtr.A17.gnm5.ann1_6.MtrunA17Chr6g0451751	MtrunA17Chr6g0451751	MtCYP82A9	Cytochrome P450 monooxygenase	medtr.A17.gnm5.MtrunA17Chr6	+	2274534	2278230	2.01701664038434	0.00800350505806528	UP	0.709808163635237	1	NS
UP	A485_only	medtr.A17.gnm5.ann1_6.MtrunA17Chr1g0184041	MtrunA17Chr1g0184041			medtr.A17.gnm5.MtrunA17Chr1	-	34616734	34625321	5.16255167983966	2.21858637466016e-05	UP	0.709462501525434	1	NS
UP	A485_only	medtr.A17.gnm5.ann1_6.MtrunA17Chr7g0258201	MtrunA17Chr7g0258201			medtr.A17.gnm5.MtrunA17Chr7	-	43588305	43589778	2.87686495156652	0.000307309639796753	UP	0.706966303761027	1	NS
UP	A485_only	medtr.A17.gnm5.ann1_6.MtrunA17Chr5g0398681	MtrunA17Chr5g0398681			medtr.A17.gnm5.MtrunA17Chr5	+	3454215	3457319	4.53991973203979	0.000470240578665118	UP	0.701511660623819	1	NS
UP	A485_only	medtr.A17.gnm5.ann1_6.MtrunA17Chr2g0301421	MtrunA17Chr2g0301421			medtr.A17.gnm5.MtrunA17Chr2	+	19169789	19170817	5.11079200099701	0.0012422717258453	UP	-0.698503509781946	1	NS
UP	A485_only	medtr.A17.gnm5.ann1_6.MtrunA17Chr4g0036901	MtrunA17Chr4g0036901			medtr.A17.gnm5.MtrunA17Chr4	-	35577845	35589925	4.08927501352221	1.66682441970736e-05	UP	-0.698080531594329	1	NS
UP	A485_only	medtr.A17.gnm5.ann1_6.MtrunA17Chr4g0037251	MtrunA17Chr4g0037251			medtr.A17.gnm5.MtrunA17Chr4	-	35879753	35881861	1.94140688163961	0.0108049233320527	UP	0.696846617615121	1	NS
UP	A485_only	medtr.A17.gnm5.ann1_6.MtrunA17Chr4g0020161	MtrunA17Chr4g0020161			medtr.A17.gnm5.MtrunA17Chr4	-	16108171	16111166	2.11659404545755	0.0213404298486372	UP	0.696417767785208	1	NS
UP	A485_only	medtr.A17.gnm5.ann1_6.MtrunA17Chr2g0326311	MtrunA17Chr2g0326311			medtr.A17.gnm5.MtrunA17Chr2	+	46102604	46103165	4.67036746501287	6.90849451788114e-06	UP	-0.695119062464936	1	NS
UP	A485_only	medtr.A17.gnm5.ann1_6.MtrunA17Chr4g0034821	MtrunA17Chr4g0034821			medtr.A17.gnm5.MtrunA17Chr4	-	34371991	34373464	2.03549038719091	0.00809958444085934	UP	0.685358066470157	1	NS
UP	A485_only	medtr.A17.gnm5.ann1_6.MtrunA17Chr3g0107031	MtrunA17Chr3g0107031			medtr.A17.gnm5.MtrunA17Chr3	-	30614347	30617519	1.69143470701281	0.00720446181181278	UP	0.685207864657243	1	NS
UP	A485_only	medtr.A17.gnm5.ann1_6.MtrunA17Chr8g0345621	MtrunA17Chr8g0345621			medtr.A17.gnm5.MtrunA17Chr8	+	8614786	8618834	1.74877914600732	0.000933616623588025	UP	0.684917944108935	1	NS
UP	A485_only	medtr.A17.gnm5.ann1_6.MtrunA17Chr1g0167931	MtrunA17Chr1g0167931			medtr.A17.gnm5.MtrunA17Chr1	-	16830567	16833569	2.08501336418875	0.00338880985411943	UP	0.682577338716935	1	NS
UP	A485_only	medtr.A17.gnm5.ann1_6.MtrunA17Chr5g0428711	MtrunA17Chr5g0428711			medtr.A17.gnm5.MtrunA17Chr5	-	30353200	30359670	2.06062258222739	0.0311093941594844	UP	0.682279608571167	1	NS
UP	A485_only	medtr.A17.gnm5.ann1_6.MtrunA17Chr3g0094371	MtrunA17Chr3g0094371			medtr.A17.gnm5.MtrunA17Chr3	-	16953600	16953815	1.71062774616152	0.022310574506276	UP	-0.682106587785342	1	NS
UP	A485_only	medtr.A17.gnm5.ann1_6.MtrunA17Chr4g0014341	MtrunA17Chr4g0014341			medtr.A17.gnm5.MtrunA17Chr4	+	11746780	11754801	1.970369746379	0.0134126666584326	UP	0.679639020130955	1	NS
UP	A485_only	medtr.A17.gnm5.ann1_6.MtrunA17Chr3g0079031	MtrunA17Chr3g0079031	MtPUB20	Plant U-box protein 20	medtr.A17.gnm5.MtrunA17Chr3	-	1448155	1454195	1.77914535499298	0.0243890882520912	UP	0.677379047719736	1	NS
UP	A485_only	medtr.A17.gnm5.ann1_6.MtrunA17Chr3g0116051	MtrunA17Chr3g0116051			medtr.A17.gnm5.MtrunA17Chr3	+	37342719	37349454	1.96168555363504	0.0383113497956151	UP	0.675627397513104	1	NS
UP	A485_only	medtr.A17.gnm5.ann1_6.MtrunA17Chr8g0376561	MtrunA17Chr8g0376561			medtr.A17.gnm5.MtrunA17Chr8	+	38097163	38102942	1.67088391195603	0.0161216341522966	UP	0.673399525900318	1	NS
UP	A485_only	medtr.A17.gnm5.ann1_6.MtrunA17Chr2g0278741	MtrunA17Chr2g0278741			medtr.A17.gnm5.MtrunA17Chr2	+	1367999	1372205	2.56076044344412	0.00350896048234859	UP	0.672311397274403	1	NS
UP	A485_only	medtr.A17.gnm5.ann1_6.MtrunA17Chr3g0130671	MtrunA17Chr3g0130671			medtr.A17.gnm5.MtrunA17Chr3	-	47768106	47772942	2.36191149006019	0.0158512662296473	UP	0.665720311650626	1	NS
UP	A485_only	medtr.A17.gnm5.ann1_6.MtrunA17Chr4g0059341	MtrunA17Chr4g0059341			medtr.A17.gnm5.MtrunA17Chr4	-	52039337	52039845	1.63462328746169	0.0397968568626178	UP	0.665353508460498	1	NS
UP	A485_only	medtr.A17.gnm5.ann1_6.MtrunA17Chr4g0038661	MtrunA17Chr4g0038661			medtr.A17.gnm5.MtrunA17Chr4	+	36908039	36916482	2.46888251051733	0.0198623712069399	UP	0.663552858467713	1	NS
UP	A485_only	medtr.A17.gnm5.ann1_6.MtrunA17Chr1g0146891	MtrunA17Chr1g0146891			medtr.A17.gnm5.MtrunA17Chr1	-	638822	639530	5.79562352968963	1.40722346500108e-05	UP	-0.663510238946988	1	NS
UP	A485_only	medtr.A17.gnm5.ann1_6.MtrunA17Chr5g0445001	MtrunA17Chr5g0445001			medtr.A17.gnm5.MtrunA17Chr5	-	42237410	42242329	1.47287998232017	0.0462563513335313	UP	0.663059864194773	1	NS
UP	A485_only	medtr.A17.gnm5.ann1_6.MtrunA17Chr7g0273311	MtrunA17Chr7g0273311			medtr.A17.gnm5.MtrunA17Chr7	+	54049127	54051798	3.08699512406846	0.0110624079762205	UP	0.662776356478225	1	NS
UP	A485_only	medtr.A17.gnm5.ann1_6.MtrunA17Chr5g0423021	MtrunA17Chr5g0423021			medtr.A17.gnm5.MtrunA17Chr5	-	24786559	24787406	2.28700563420527	0.00124809520225672	UP	-0.655986421602266	1	NS
UP	A485_only	medtr.A17.gnm5.ann1_6.MtrunA17Chr2g0298891	MtrunA17Chr2g0298891			medtr.A17.gnm5.MtrunA17Chr2	+	16857342	16860854	2.80849214671355	0.00273132987403346	UP	0.654885319626892	1	NS
UP	A485_only	medtr.A17.gnm5.ann1_6.MtrunA17Chr3g0114241	MtrunA17Chr3g0114241			medtr.A17.gnm5.MtrunA17Chr3	+	35823784	35830329	2.55332451214547	0.000214311792267177	UP	0.650833507209225	1	NS
UP	A485_only	medtr.A17.gnm5.ann1_6.MtrunA17Chr7g0257741	MtrunA17Chr7g0257741			medtr.A17.gnm5.MtrunA17Chr7	-	43237298	43239192	2.46872619715137	0.00964011293528204	UP	0.648349157697199	1	NS
UP	A485_only	medtr.A17.gnm5.ann1_6.MtrunA17Chr4g0001611	MtrunA17Chr4g0001611			medtr.A17.gnm5.MtrunA17Chr4	-	1101327	1104873	2.68181259018638	0.000156850257607326	UP	0.647450111809066	1	NS
UP	A485_only	medtr.A17.gnm5.ann1_6.MtrunA17Chr1g0188421	MtrunA17Chr1g0188421			medtr.A17.gnm5.MtrunA17Chr1	+	38221325	38227121	1.79201128538949	0.00447340574252977	UP	0.64702753447303	1	NS
UP	A485_only	medtr.A17.gnm5.ann1_6.MtrunA17Chr5g0410581	MtrunA17Chr5g0410581			medtr.A17.gnm5.MtrunA17Chr5	-	12159046	12164801	2.29570069682654	0.013874429337966	UP	0.645109323996722	1	NS
UP	A485_only	medtr.A17.gnm5.ann1_6.MtrunA17Chr2g0324421	MtrunA17Chr2g0324421			medtr.A17.gnm5.MtrunA17Chr2	+	44608123	44631813	1.8970023892288	0.00103267636852046	UP	0.644492300194636	1	NS
UP	A485_only	medtr.A17.gnm5.ann1_6.MtrunA17Chr1g0211141	MtrunA17Chr1g0211141			medtr.A17.gnm5.MtrunA17Chr1	-	54740594	54743998	2.86147061802163	0.0196023076982228	UP	-0.641925328778784	1	NS
UP	A485_only	medtr.A17.gnm5.ann1_6.MtrunA17Chr5g0403121	MtrunA17Chr5g0403121			medtr.A17.gnm5.MtrunA17Chr5	+	6969229	6971507	3.03814007778279	0.0035116942455126	UP	0.641532517264901	1	NS
UP	A485_only	medtr.A17.gnm5.ann1_6.MtrunA17Chr8g0355041	MtrunA17Chr8g0355041	MtSUN AET02575.1	Sad1/UNC-84 (SUN) protein (AET02575.1)	medtr.A17.gnm5.MtrunA17Chr8	+	16567067	16573202	2.55157417483777	0.0067403221465679	UP	-0.637488201287929	1	NS
UP	A485_only	medtr.A17.gnm5.ann1_6.MtrunA17Chr7g0257731	MtrunA17Chr7g0257731			medtr.A17.gnm5.MtrunA17Chr7	-	43233381	43237296	2.29647419720499	1.91519176554572e-05	UP	0.637294655339267	1	NS
UP	A485_only	medtr.A17.gnm5.ann1_6.MtrunA17Chr5g0422041	MtrunA17Chr5g0422041			medtr.A17.gnm5.MtrunA17Chr5	-	23801133	23802754	1.75227476732019	0.0136085728574671	UP	0.636279418301585	1	NS
UP	A485_only	medtr.A17.gnm5.ann1_6.MtrunA17Chr1g0213291	MtrunA17Chr1g0213291			medtr.A17.gnm5.MtrunA17Chr1	-	56200876	56206036	1.45548011158574	0.00911336418201786	UP	0.634695587825423	1	NS
UP	A485_only	medtr.A17.gnm5.ann1_6.MtrunA17Chr2g0305131	MtrunA17Chr2g0305131			medtr.A17.gnm5.MtrunA17Chr2	-	23772228	23773420	2.22256125478017	0.0378727540349396	UP	0.629640341729581	1	NS
UP	A485_only	medtr.A17.gnm5.ann1_6.MtrunA17Chr7g0275651	MtrunA17Chr7g0275651			medtr.A17.gnm5.MtrunA17Chr7	+	55549362	55561676	1.93542594618977	0.0249263734612477	UP	0.6283168184864	1	NS
UP	A485_only	medtr.A17.gnm5.ann1_6.MtrunA17Chr4g0060981	MtrunA17Chr4g0060981			medtr.A17.gnm5.MtrunA17Chr4	-	53176777	53180090	1.89743428056154	0.0170238836475497	UP	0.627607303895256	1	NS
UP	A485_only	medtr.A17.gnm5.ann1_6.MtrunA17Chr4g0014061	MtrunA17Chr4g0014061			medtr.A17.gnm5.MtrunA17Chr4	+	11508137	11510006	2.2841039406392	0.0138526451062048	UP	0.624259007113858	1	NS
UP	A485_only	medtr.A17.gnm5.ann1_6.MtrunA17Chr4g0039651	MtrunA17Chr4g0039651	MtVGT2_1|MtVGT1.1	vacuolar glucose transporter	medtr.A17.gnm5.MtrunA17Chr4	+	37777040	37784621	1.65326799396416	0.00344846720313224	UP	0.622660151437692	1	NS
UP	A485_only	medtr.A17.gnm5.ann1_6.MtrunA17Chr4g0050291	MtrunA17Chr4g0050291			medtr.A17.gnm5.MtrunA17Chr4	-	45265437	45269647	2.9269111156954	0.0260665763293514	UP	0.621784281028245	1	NS
UP	A485_only	medtr.A17.gnm5.ann1_6.MtrunA17Chr2g0314411	MtrunA17Chr2g0314411			medtr.A17.gnm5.MtrunA17Chr2	-	36853323	36860903	2.78127687169574	0.00638295007924388	UP	0.621500190345447	1	NS
UP	A485_only	medtr.A17.gnm5.ann1_6.MtrunA17Chr8g0336731	MtrunA17Chr8g0336731			medtr.A17.gnm5.MtrunA17Chr8	-	1874181	1877877	3.61510422360115	0.000140102210402533	UP	0.620370237403792	1	NS
UP	A485_only	medtr.A17.gnm5.ann1_6.MtrunA17Chr1g0211831	MtrunA17Chr1g0211831			medtr.A17.gnm5.MtrunA17Chr1	+	55261800	55268422	1.76803243940172	0.00028447585006783	UP	0.618445643858132	1	NS
UP	A485_only	medtr.A17.gnm5.ann1_6.MtrunA17Chr1g0184661	MtrunA17Chr1g0184661	MtH1.2	Histone H1	medtr.A17.gnm5.MtrunA17Chr1	-	35143376	35144627	2.21922193753987	0.00849154162812242	UP	0.615185425892599	1	NS
UP	A485_only	medtr.A17.gnm5.ann1_6.MtrunA17Chr3g0102121	MtrunA17Chr3g0102121			medtr.A17.gnm5.MtrunA17Chr3	-	26590562	26595829	2.62875443743974	0.00136045770912659	UP	0.611762203147307	1	NS
UP	A485_only	medtr.A17.gnm5.ann1_6.MtrunA17Chr2g0329541	MtrunA17Chr2g0329541			medtr.A17.gnm5.MtrunA17Chr2	+	48526680	48535206	2.62039778876665	0.000374382419168557	UP	-0.61107258344393	1	NS
UP	A485_only	medtr.A17.gnm5.ann1_6.MtrunA17Chr1g0149301	MtrunA17Chr1g0149301			medtr.A17.gnm5.MtrunA17Chr1	-	2509120	2513221	2.07528145979491	0.000496774069020457	UP	-0.609314353427178	1	NS
UP	A485_only	medtr.A17.gnm5.ann1_6.MtrunA17Chr3g0123531	MtrunA17Chr3g0123531			medtr.A17.gnm5.MtrunA17Chr3	+	42689728	42695365	1.62447002742774	0.0266243774675502	UP	0.607435211289507	1	NS
UP	A485_only	medtr.A17.gnm5.ann1_6.MtrunA17Chr1g0153991	MtrunA17Chr1g0153991			medtr.A17.gnm5.MtrunA17Chr1	+	6326704	6331181	1.75118021685912	0.0423425313196683	UP	0.606213958744925	1	NS
UP	A485_only	medtr.A17.gnm5.ann1_6.MtrunA17Chr4g0021951	MtrunA17Chr4g0021951			medtr.A17.gnm5.MtrunA17Chr4	+	21037638	21038567	1.90596802683055	0.0051652167775076	UP	-0.603357887754873	1	NS
UP	A485_only	medtr.A17.gnm5.ann1_6.MtrunA17Chr4g0004901	MtrunA17Chr4g0004901			medtr.A17.gnm5.MtrunA17Chr4	+	3858736	3863555	1.82486688803683	0.0226187467559319	UP	-0.60179272709978	1	NS
UP	A485_only	medtr.A17.gnm5.ann1_6.MtrunA17Chr1g0213611	MtrunA17Chr1g0213611	MtINT1_3|MtINT1.1	inositol transporter	medtr.A17.gnm5.MtrunA17Chr1	-	56470573	56474243	3.13169201450727	0.000698275784689078	UP	0.59867213978722	1	NS
UP	A485_only	medtr.A17.gnm5.ann1_6.MtrunA17Chr3g0123241	MtrunA17Chr3g0123241			medtr.A17.gnm5.MtrunA17Chr3	+	42451375	42452034	3.34273540878088	3.1492581863638e-05	UP	-0.597803237217148	1	NS
UP	A485_only	medtr.A17.gnm5.ann1_6.MtrunA17Chr5g0422301	MtrunA17Chr5g0422301			medtr.A17.gnm5.MtrunA17Chr5	-	23916371	23916847	2.28669509919797	1.07490858015863e-05	UP	0.594218989324563	1	NS
UP	A485_only	medtr.A17.gnm5.ann1_6.MtrunA17Chr6g0470751	MtrunA17Chr6g0470751			medtr.A17.gnm5.MtrunA17Chr6	-	21102277	21103882	1.8604611548568	0.0120280717397252	UP	-0.592749329112848	1	NS
UP	A485_only	medtr.A17.gnm5.ann1_6.MtrunA17Chr2g0323761	MtrunA17Chr2g0323761			medtr.A17.gnm5.MtrunA17Chr2	+	44198724	44200043	1.84294724032925	0.0259729811940758	UP	0.592700700977761	1	NS
UP	A485_only	medtr.A17.gnm5.ann1_6.MtrunA17Chr8g0377531	MtrunA17Chr8g0377531			medtr.A17.gnm5.MtrunA17Chr8	-	38847274	38850455	2.08993918219126	0.00537971210184771	UP	0.592661121149026	1	NS
UP	A485_only	medtr.A17.gnm5.ann1_6.MtrunA17Chr7g0253841	MtrunA17Chr7g0253841	MtCAS15	COLD ACCLIMATION SPECIFIC 15	medtr.A17.gnm5.MtrunA17Chr7	-	40258002	40259927	4.445830481552	7.21125164815562e-06	UP	0.590455248201249	1	NS
UP	A485_only	medtr.A17.gnm5.ann1_6.MtrunA17Chr3g0084221	MtrunA17Chr3g0084221			medtr.A17.gnm5.MtrunA17Chr3	+	5680542	5681847	3.2363282365804	0.0345838631382369	UP	0.589934548235155	1	NS
UP	A485_only	medtr.A17.gnm5.ann1_6.MtrunA17Chr3g0099661	MtrunA17Chr3g0099661			medtr.A17.gnm5.MtrunA17Chr3	-	24426776	24432786	1.57457289186267	0.00826660617290505	UP	0.588286938189912	1	NS
UP	A485_only	medtr.A17.gnm5.ann1_6.MtrunA17Chr4g0004831	MtrunA17Chr4g0004831			medtr.A17.gnm5.MtrunA17Chr4	+	3790392	3794291	1.88140908834463	0.0212202021657258	UP	0.587383008181281	1	NS
UP	A485_only	medtr.A17.gnm5.ann1_6.MtrunA17Chr5g0398501	MtrunA17Chr5g0398501			medtr.A17.gnm5.MtrunA17Chr5	+	3315874	3322404	2.01817098169747	0.00355664606540776	UP	-0.587254676469168	1	NS
UP	A485_only	medtr.A17.gnm5.ann1_6.MtrunA17Chr2g0300081	MtrunA17Chr2g0300081			medtr.A17.gnm5.MtrunA17Chr2	+	17891761	17895200	4.13937997625927	0.00552450319720551	UP	-0.58653807566147	1	NS
UP	A485_only	medtr.A17.gnm5.ann1_6.MtrunA17Chr5g0440281	MtrunA17Chr5g0440281			medtr.A17.gnm5.MtrunA17Chr5	+	39088185	39091385	2.44115094813982	0.000346525222848345	UP	0.582095667029858	1	NS
UP	A485_only	medtr.A17.gnm5.ann1_6.MtrunA17Chr8g0383021	MtrunA17Chr8g0383021			medtr.A17.gnm5.MtrunA17Chr8	-	42443035	42449286	1.4675391812429	0.00917861520256211	UP	0.58152329396045	1	NS
UP	A485_only	medtr.A17.gnm5.ann1_6.MtrunA17Chr1g0168621	MtrunA17Chr1g0168621			medtr.A17.gnm5.MtrunA17Chr1	-	17468085	17469228	2.48651918439645	0.000858093007591235	UP	-0.580428707718887	1	NS
UP	A485_only	medtr.A17.gnm5.ann1_6.MtrunA17Chr5g0403131	MtrunA17Chr5g0403131			medtr.A17.gnm5.MtrunA17Chr5	-	6970502	6971374	3.01078782304941	0.00676926878062731	UP	0.576936105181084	1	NS
UP	A485_only	medtr.A17.gnm5.ann1_6.MtrunA17Chr6g0474191	MtrunA17Chr6g0474191			medtr.A17.gnm5.MtrunA17Chr6	-	27903911	27904378	3.03429023604241	0.0400931341819947	UP	-0.576441515885052	1	NS
UP	A485_only	medtr.A17.gnm5.ann1_6.MtrunA17Chr7g0225971	MtrunA17Chr7g0225971			medtr.A17.gnm5.MtrunA17Chr7	-	11080815	11085614	1.9445506350363	0.0366040727108036	UP	-0.575965433581821	1	NS
UP	A485_only	medtr.A17.gnm5.ann1_6.MtrunA17Chr8g0336741	MtrunA17Chr8g0336741			medtr.A17.gnm5.MtrunA17Chr8	-	1877879	1880382	2.71427035506568	0.000997141438979661	UP	0.575886310883976	1	NS
UP	A485_only	medtr.A17.gnm5.ann1_6.MtrunA17Chr4g0058021	MtrunA17Chr4g0058021			medtr.A17.gnm5.MtrunA17Chr4	-	51056049	51060589	2.10692024176283	0.000419790789543395	UP	0.571149761140091	1	NS
UP	A485_only	medtr.A17.gnm5.ann1_6.MtrunA17Chr4g0021321	MtrunA17Chr4g0021321			medtr.A17.gnm5.MtrunA17Chr4	+	18712006	18715066	3.93806754367095	0.000683712652136296	UP	0.570806842511203	1	NS
UP	A485_only	medtr.A17.gnm5.ann1_6.MtrunA17Chr7g0220221	MtrunA17Chr7g0220221			medtr.A17.gnm5.MtrunA17Chr7	+	5568628	5574505	1.58528518315012	0.0214648019860354	UP	0.568618627121012	1	NS
UP	A485_only	medtr.A17.gnm5.ann1_6.MtrunA17Chr1g0184001	MtrunA17Chr1g0184001			medtr.A17.gnm5.MtrunA17Chr1	+	34595027	34595860	3.75668391991388	0.0128593672416816	UP	-0.568340744477894	1	NS
UP	A485_only	medtr.A17.gnm5.ann1_6.MtrunA17Chr5g0422291	MtrunA17Chr5g0422291			medtr.A17.gnm5.MtrunA17Chr5	+	23915965	23923083	2.39984170534537	2.21858637466016e-05	UP	0.568292807419941	1	NS
UP	A485_only	medtr.A17.gnm5.ann1_6.MtrunA17Chr4g0041271	MtrunA17Chr4g0041271			medtr.A17.gnm5.MtrunA17Chr4	-	38989280	38991987	3.40480929504806	0.022310574506276	UP	-0.568213311050119	1	NS
UP	A485_only	medtr.A17.gnm5.ann1_6.MtrunA17Chr4g0044761	MtrunA17Chr4g0044761			medtr.A17.gnm5.MtrunA17Chr4	+	41552667	41556215	4.07344983372079	0.000274226291656117	UP	0.567114028554916	1	NS
UP	A485_only	medtr.A17.gnm5.ann1_6.MtrunA17Chr2g0278751	MtrunA17Chr2g0278751			medtr.A17.gnm5.MtrunA17Chr2	-	1371624	1375613	2.22307405106786	0.00715843284443871	UP	0.565650991458171	1	NS
UP	A485_only	medtr.A17.gnm5.ann1_6.MtrunA17Chr8g0374711	MtrunA17Chr8g0374711			medtr.A17.gnm5.MtrunA17Chr8	-	36606997	36609624	2.35884143188261	0.0232312851678565	UP	-0.565311275559234	1	NS
UP	A485_only	medtr.A17.gnm5.ann1_6.MtrunA17Chr8g0339841	MtrunA17Chr8g0339841			medtr.A17.gnm5.MtrunA17Chr8	-	3856202	3860451	1.64500084619924	0.0117930283346806	UP	0.563468651099355	1	NS
UP	A485_only	medtr.A17.gnm5.ann1_6.MtrunA17Chr5g0411391	MtrunA17Chr5g0411391			medtr.A17.gnm5.MtrunA17Chr5	-	12914067	12915443	1.82701674993157	0.0209062296250997	UP	0.556154178122354	1	NS
UP	A485_only	medtr.A17.gnm5.ann1_6.MtrunA17Chr7g0255931	MtrunA17Chr7g0255931			medtr.A17.gnm5.MtrunA17Chr7	-	41830489	41837181	1.7904837921918	0.0113184482457432	UP	0.552144968228166	1	NS
UP	A485_only	medtr.A17.gnm5.ann1_6.MtrunA17Chr7g0234671	MtrunA17Chr7g0234671	MtPUB50	Plant U-box protein 50	medtr.A17.gnm5.MtrunA17Chr7	-	25175333	25178660	1.84895678633644	0.00820353597557725	UP	-0.550691049456886	1	NS
UP	A485_only	medtr.A17.gnm5.ann1_6.MtrunA17Chr3g0099881	MtrunA17Chr3g0099881			medtr.A17.gnm5.MtrunA17Chr3	+	24587406	24594194	1.6736480771799	0.00156699872088663	UP	0.546231587174257	1	NS
UP	A485_only	medtr.A17.gnm5.ann1_6.MtrunA17Chr3g0131711	MtrunA17Chr3g0131711			medtr.A17.gnm5.MtrunA17Chr3	+	48554870	48562433	1.65289688225671	0.0360041079036794	UP	0.545456122806353	1	NS
UP	A485_only	medtr.A17.gnm5.ann1_6.MtrunA17Chr8g0388651	MtrunA17Chr8g0388651			medtr.A17.gnm5.MtrunA17Chr8	-	46383384	46387053	1.61377424275828	0.00293426300386083	UP	0.545182137017606	1	NS
UP	A485_only	medtr.A17.gnm5.ann1_6.MtrunA17Chr8g0375761	MtrunA17Chr8g0375761			medtr.A17.gnm5.MtrunA17Chr8	-	37449537	37454639	1.77017611794215	0.0358384362302877	UP	0.543738419614058	1	NS
UP	A485_only	medtr.A17.gnm5.ann1_6.MtrunA17Chr3g0104651	MtrunA17Chr3g0104651			medtr.A17.gnm5.MtrunA17Chr3	+	28732068	28736785	2.61207703203252	0.000346525222848345	UP	0.54270409028962	1	NS
UP	A485_only	medtr.A17.gnm5.ann1_6.MtrunA17Chr4g0072851	MtrunA17Chr4g0072851			medtr.A17.gnm5.MtrunA17Chr4	+	61791581	61798408	4.07574551812363	2.28350336008198e-05	UP	0.539987053727129	1	NS
UP	A485_only	medtr.A17.gnm5.ann1_6.MtrunA17Chr2g0322331	MtrunA17Chr2g0322331			medtr.A17.gnm5.MtrunA17Chr2	-	43110192	43112620	2.19304189586982	0.0239296503855125	UP	0.538653399495896	1	NS
UP	A485_only	medtr.A17.gnm5.ann1_6.MtrunA17Chr3g0136041	MtrunA17Chr3g0136041			medtr.A17.gnm5.MtrunA17Chr3	-	51764704	51766563	1.58980172694899	0.0233833963513552	UP	-0.536823428124339	1	NS
UP	A485_only	medtr.A17.gnm5.ann1_6.MtrunA17Chr7g0272091	MtrunA17Chr7g0272091			medtr.A17.gnm5.MtrunA17Chr7	+	53320611	53323046	3.00545861087143	0.00120840077276467	UP	0.536791203699785	1	NS
UP	A485_only	medtr.A17.gnm5.ann1_6.MtrunA17Chr5g0422261	MtrunA17Chr5g0422261			medtr.A17.gnm5.MtrunA17Chr5	-	23906582	23916369	2.7367826251182	0.00123463253134832	UP	0.536675080228939	1	NS
UP	A485_only	medtr.A17.gnm5.ann1_6.MtrunA17Chr8g0387541	MtrunA17Chr8g0387541			medtr.A17.gnm5.MtrunA17Chr8	-	45635142	45639803	1.73130665788122	0.00162143539954601	UP	0.527532055941245	1	NS
UP	A485_only	medtr.A17.gnm5.ann1_6.MtrunA17Chr2g0312521	MtrunA17Chr2g0312521			medtr.A17.gnm5.MtrunA17Chr2	-	35370264	35372770	1.77618821486804	0.040716999126485	UP	-0.527526321300839	1	NS
UP	A485_only	medtr.A17.gnm5.ann1_6.MtrunA17Chr2g0303101	MtrunA17Chr2g0303101	MtJMJ17	Histone demethylase, JmjC domain-containing	medtr.A17.gnm5.MtrunA17Chr2	-	20695504	20701897	1.56634539216644	0.00799946519173007	UP	-0.526246658746584	1	NS
UP	A485_only	medtr.A17.gnm5.ann1_6.MtrunA17Chr8g0346101	MtrunA17Chr8g0346101			medtr.A17.gnm5.MtrunA17Chr8	+	9084796	9087068	2.08229021139547	0.0462007810604389	UP	0.52607917439039	1	NS
UP	A485_only	medtr.A17.gnm5.ann1_6.MtrunA17Chr3g0114541	MtrunA17Chr3g0114541			medtr.A17.gnm5.MtrunA17Chr3	-	35986034	35990562	1.80974353572123	0.0030336677712507	UP	0.525150892891027	1	NS
UP	A485_only	medtr.A17.gnm5.ann1_6.MtrunA17Chr6g0471381	MtrunA17Chr6g0471381			medtr.A17.gnm5.MtrunA17Chr6	+	22400303	22406326	1.62360681206047	0.0351569562338674	UP	0.523934750415206	1	NS
UP	A485_only	medtr.A17.gnm5.ann1_6.MtrunA17Chr2g0333831	MtrunA17Chr2g0333831			medtr.A17.gnm5.MtrunA17Chr2	+	51525876	51526530	2.25201841342968	0.0238992311847047	UP	0.521600014340204	1	NS
UP	A485_only	medtr.A17.gnm5.ann1_6.MtrunA17Chr8g0386311	MtrunA17Chr8g0386311			medtr.A17.gnm5.MtrunA17Chr8	+	44783278	44789188	2.41774088186054	0.00151863517732637	UP	-0.520873949214139	1	NS
UP	A485_only	medtr.A17.gnm5.ann1_6.MtrunA17Chr4g0033631	MtrunA17Chr4g0033631			medtr.A17.gnm5.MtrunA17Chr4	+	33551082	33554931	2.16590558111117	0.00188851015000012	UP	0.513905483878601	1	NS
UP	A485_only	medtr.A17.gnm5.ann1_6.MtrunA17Chr7g0244501	MtrunA17Chr7g0244501			medtr.A17.gnm5.MtrunA17Chr7	+	33711660	33714989	1.92487094237359	0.00351369346960986	UP	0.512782093856546	1	NS
UP	A485_only	medtr.A17.gnm5.ann1_6.MtrunA17Chr6g0487211	MtrunA17Chr6g0487211			medtr.A17.gnm5.MtrunA17Chr6	+	41505432	41516729	2.05629115156881	0.000547804998841533	UP	0.512370143525792	1	NS
UP	A485_only	medtr.A17.gnm5.ann1_6.MtrunA17Chr7g0223351	MtrunA17Chr7g0223351	MtHAG39	Histone acetyltransferase of the GNAT family	medtr.A17.gnm5.MtrunA17Chr7	-	8593874	8597466	2.35773020093603	0.0136813411013462	UP	0.51045541483421	1	NS
UP	A485_only	medtr.A17.gnm5.ann1_6.MtrunA17Chr4g0034041	MtrunA17Chr4g0034041			medtr.A17.gnm5.MtrunA17Chr4	-	33792097	33792359	2.71939818391343	0.0147224515471342	UP	0.510311305166274	1	NS
UP	A485_only	medtr.A17.gnm5.ann1_6.MtrunA17Chr2g0279431	MtrunA17Chr2g0279431			medtr.A17.gnm5.MtrunA17Chr2	+	1875545	1877186	1.91129443151302	0.000649775879892035	UP	-0.509867692253744	1	NS
UP	A485_only	medtr.A17.gnm5.ann1_6.MtrunA17Chr5g0427801	MtrunA17Chr5g0427801			medtr.A17.gnm5.MtrunA17Chr5	-	29522612	29528227	3.57570529785738	0.000165596727416941	UP	-0.509045718244626	1	NS
UP	A485_only	medtr.A17.gnm5.ann1_6.MtrunA17Chr5g0406291	MtrunA17Chr5g0406291			medtr.A17.gnm5.MtrunA17Chr5	+	9235358	9239091	1.83495875935364	0.00293426300386083	UP	0.507607922136552	1	NS
UP	A485_only	medtr.A17.gnm5.ann1_6.MtrunA17Chr5g0407431	MtrunA17Chr5g0407431			medtr.A17.gnm5.MtrunA17Chr5	+	9960640	9962044	1.74400669022445	0.00351942463996071	UP	-0.507357603393827	1	NS
UP	A485_only	medtr.A17.gnm5.ann1_6.MtrunA17Chr8g0343031	MtrunA17Chr8g0343031			medtr.A17.gnm5.MtrunA17Chr8	-	6492403	6496361	4.54425380253456	0.00396727540531358	UP	-0.507089434203098	1	NS
UP	A485_only	medtr.A17.gnm5.ann1_6.MtrunA17Chr4g0004841	MtrunA17Chr4g0004841			medtr.A17.gnm5.MtrunA17Chr4	+	3794293	3800873	1.90344678336143	0.0080758130421697	UP	0.506862841195381	1	NS
UP	A485_only	medtr.A17.gnm5.ann1_6.MtrunA17Chr1g0192831	MtrunA17Chr1g0192831			medtr.A17.gnm5.MtrunA17Chr1	-	41401214	41407486	2.58594305859455	0.00306341364637403	UP	0.502630836848013	1	NS
UP	A485_only	medtr.A17.gnm5.ann1_6.MtrunA17Chr1g0189551	MtrunA17Chr1g0189551			medtr.A17.gnm5.MtrunA17Chr1	+	39037277	39041599	1.75635696242449	0.0466153185655538	UP	0.500760383382557	1	NS
UP	A485_only	medtr.A17.gnm5.ann1_6.MtrunA17Chr3g0105421	MtrunA17Chr3g0105421			medtr.A17.gnm5.MtrunA17Chr3	+	29377190	29387416	1.81912250034122	0.0103802109269765	UP	0.500659648756948	1	NS
UP	A485_only	medtr.A17.gnm5.ann1_6.MtrunA17Chr8g0369421	MtrunA17Chr8g0369421			medtr.A17.gnm5.MtrunA17Chr8	+	32651377	32653523	3.18838564575907	0.000191818219691584	UP	0.500547445875573	1	NS
UP	A485_only	medtr.A17.gnm5.ann1_6.MtrunA17Chr2g0280411	MtrunA17Chr2g0280411			medtr.A17.gnm5.MtrunA17Chr2	-	2515479	2517982	1.79373983858988	0.00439524831041479	UP	0.500019976493583	1	NS
UP	A485_only	medtr.A17.gnm5.ann1_6.MtrunA17Chr1g0195971	MtrunA17Chr1g0195971	Glutaredoxin-9	Glutaredoxin family protein	medtr.A17.gnm5.MtrunA17Chr1	+	43682373	43683052	2.87687020773234	0.0274606674309614	UP	-0.498016959344581	1	NS
UP	A485_only	medtr.A17.gnm5.ann1_6.MtrunA17Chr2g0317331	MtrunA17Chr2g0317331			medtr.A17.gnm5.MtrunA17Chr2	+	39253904	39254994	1.63470073390402	0.0274009108927681	UP	-0.497708998287239	1	NS
UP	A485_only	medtr.A17.gnm5.ann1_6.MtrunA17Chr1g0186091	MtrunA17Chr1g0186091			medtr.A17.gnm5.MtrunA17Chr1	+	36385878	36392639	2.62349126626511	0.0133385217482828	UP	0.49579985491759	1	NS
UP	A485_only	medtr.A17.gnm5.ann1_6.MtrunA17Chr2g0300621	MtrunA17Chr2g0300621	MtHAG7	Histone acetyltransferase of the GNAT family	medtr.A17.gnm5.MtrunA17Chr2	-	18375033	18379067	3.01365338592597	4.89996186101102e-05	UP	-0.493484409683617	1	NS
UP	A485_only	medtr.A17.gnm5.ann1_6.MtrunA17Chr8g0389171	MtrunA17Chr8g0389171			medtr.A17.gnm5.MtrunA17Chr8	+	46813393	46814564	2.49546833537199	0.00832725081409038	UP	0.493304436641081	1	NS
UP	A485_only	medtr.A17.gnm5.ann1_6.MtrunA17Chr2g0333771	MtrunA17Chr2g0333771	MtNIP4	NOD26-like intrinsic protein 4 (aquaporin|AY605123)	medtr.A17.gnm5.MtrunA17Chr2	-	51490109	51492470	1.75974688570727	0.017943202174539	UP	-0.491984020224493	1	NS
UP	A485_only	medtr.A17.gnm5.ann1_6.MtrunA17Chr4g0034941	MtrunA17Chr4g0034941			medtr.A17.gnm5.MtrunA17Chr4	+	34475761	34479833	1.79513091543832	0.00203190838265702	UP	0.486274657512804	1	NS
UP	A485_only	medtr.A17.gnm5.ann1_6.MtrunA17Chr1g0198921	MtrunA17Chr1g0198921			medtr.A17.gnm5.MtrunA17Chr1	+	45825380	45833768	2.6974997845721	1.61495553090724e-05	UP	0.486062763332317	1	NS
UP	A485_only	medtr.A17.gnm5.ann1_6.MtrunA17Chr7g0273841	MtrunA17Chr7g0273841			medtr.A17.gnm5.MtrunA17Chr7	+	54377191	54382952	2.62562220143803	0.000185120877102899	UP	0.48485176844154	1	NS
UP	A485_only	medtr.A17.gnm5.ann1_6.MtrunA17Chr4g0062491	MtrunA17Chr4g0062491			medtr.A17.gnm5.MtrunA17Chr4	-	54272392	54275455	1.94832300410107	0.032416344756013	UP	0.484174605653943	1	NS
UP	A485_only	medtr.A17.gnm5.ann1_6.MtrunA17Chr1g0185251	MtrunA17Chr1g0185251			medtr.A17.gnm5.MtrunA17Chr1	+	35701665	35711016	2.45947489957429	0.000129860059538613	UP	0.482029320087604	1	NS
UP	A485_only	medtr.A17.gnm5.ann1_6.MtrunA17Chr2g0279441	MtrunA17Chr2g0279441			medtr.A17.gnm5.MtrunA17Chr2	-	1876306	1877143	1.85587651314694	0.00136045770912659	UP	-0.480942365583963	1	NS
UP	A485_only	medtr.A17.gnm5.ann1_6.MtrunA17Chr7g0231881	MtrunA17Chr7g0231881			medtr.A17.gnm5.MtrunA17Chr7	-	21466020	21467311	2.62568029733392	0.00263034341126118	UP	0.480528508671922	1	NS
UP	A485_only	medtr.A17.gnm5.ann1_6.MtrunA17Chr4g0049221	MtrunA17Chr4g0049221			medtr.A17.gnm5.MtrunA17Chr4	-	44616646	44618300	3.50193131099911	0.00616702898294439	UP	-0.472233592991261	1	NS
UP	A485_only	medtr.A17.gnm5.ann1_6.MtrunA17Chr2g0317491	MtrunA17Chr2g0317491			medtr.A17.gnm5.MtrunA17Chr2	-	39350756	39356228	1.84202202759923	0.00503977910035182	UP	-0.470635187686124	1	NS
UP	A485_only	medtr.A17.gnm5.ann1_6.MtrunA17Chr4g0020051	MtrunA17Chr4g0020051			medtr.A17.gnm5.MtrunA17Chr4	+	15692912	15699115	1.6741991588548	0.0306128876437949	UP	0.469736161050954	1	NS
UP	A485_only	medtr.A17.gnm5.ann1_6.MtrunA17Chr4g0055381	MtrunA17Chr4g0055381			medtr.A17.gnm5.MtrunA17Chr4	+	49016763	49017261	3.82563159747358	6.4357773390205e-05	UP	0.468763924512232	1	NS
UP	A485_only	medtr.A17.gnm5.ann1_6.MtrunA17Chr3g0136821	MtrunA17Chr3g0136821			medtr.A17.gnm5.MtrunA17Chr3	-	52284633	52285182	2.42467125122989	0.0006850539884639	UP	0.467772244975283	1	NS
UP	A485_only	medtr.A17.gnm5.ann1_6.MtrunA17Chr1g0183051	MtrunA17Chr1g0183051			medtr.A17.gnm5.MtrunA17Chr1	+	33887042	33892543	2.22098647279274	0.00142387856669806	UP	0.467144862271217	1	NS
UP	A485_only	medtr.A17.gnm5.ann1_6.MtrunA17Chr4g0059331	MtrunA17Chr4g0059331			medtr.A17.gnm5.MtrunA17Chr4	+	52035425	52042661	1.52348769793501	0.0329414183810438	UP	0.463917122524548	1	NS
UP	A485_only	medtr.A17.gnm5.ann1_6.MtrunA17Chr6g0449641	MtrunA17Chr6g0449641			medtr.A17.gnm5.MtrunA17Chr6	+	598082	599859	2.49879510668415	0.0463894897687646	UP	-0.463402976225162	1	NS
UP	A485_only	medtr.A17.gnm5.ann1_6.MtrunA17Chr8g0389761	MtrunA17Chr8g0389761			medtr.A17.gnm5.MtrunA17Chr8	+	47207125	47208045	1.78855577457013	0.017502932665615	UP	-0.458409340889349	1	NS
UP	A485_only	medtr.A17.gnm5.ann1_6.MtrunA17Chr3g0128871	MtrunA17Chr3g0128871			medtr.A17.gnm5.MtrunA17Chr3	+	46485626	46490954	1.44815311623491	0.0269327563121937	UP	-0.458170979978328	1	NS
UP	A485_only	medtr.A17.gnm5.ann1_6.MtrunA17Chr3g0096561	MtrunA17Chr3g0096561			medtr.A17.gnm5.MtrunA17Chr3	-	20730433	20738984	1.81088440780064	0.0198862385410253	UP	0.45772713191241	1	NS
UP	A485_only	medtr.A17.gnm5.ann1_6.MtrunA17Chr8g0384181	MtrunA17Chr8g0384181			medtr.A17.gnm5.MtrunA17Chr8	+	43239778	43242933	2.79755794755473	0.032587550043074	UP	0.457723459712214	1	NS
UP	A485_only	medtr.A17.gnm5.ann1_6.MtrunA17Chr1g0162491	MtrunA17Chr1g0162491			medtr.A17.gnm5.MtrunA17Chr1	+	12403874	12404182	4.30918245387805	0.00224826114253179	UP	-0.457434406796449	1	NS
UP	A485_only	medtr.A17.gnm5.ann1_6.MtrunA17Chr4g0034091	MtrunA17Chr4g0034091			medtr.A17.gnm5.MtrunA17Chr4	+	33841294	33842125	2.54034554096926	0.000733894038941544	UP	-0.456150703534437	1	NS
UP	A485_only	medtr.A17.gnm5.ann1_6.MtrunA17Chr2g0291021	MtrunA17Chr2g0291021			medtr.A17.gnm5.MtrunA17Chr2	+	10286416	10294910	2.01920219333708	0.00613920816222338	UP	0.454168646558325	1	NS
UP	A485_only	medtr.A17.gnm5.ann1_6.MtrunA17Chr3g0113261	MtrunA17Chr3g0113261	ASA-2	anthranilate synthase  (auxin biosynthesis)	medtr.A17.gnm5.MtrunA17Chr3	+	34994704	35000385	2.50490842238168	0.0208962175733042	UP	0.452165582762057	1	NS
UP	A485_only	medtr.A17.gnm5.ann1_6.MtrunA17Chr2g0311861	MtrunA17Chr2g0311861			medtr.A17.gnm5.MtrunA17Chr2	-	34819887	34822405	2.3383648536357	0.00416745313933895	UP	0.449732529336092	1	NS
UP	A485_only	medtr.A17.gnm5.ann1_6.MtrunA17Chr4g0019051	MtrunA17Chr4g0019051	MtPEP	Plant Elicitor Peptide	medtr.A17.gnm5.MtrunA17Chr4	-	14383561	14385804	2.55052001111881	0.0173446274725349	UP	0.44873029375703	1	NS
UP	A485_only	medtr.A17.gnm5.ann1_6.MtrunA17Chr4g0022431	MtrunA17Chr4g0022431			medtr.A17.gnm5.MtrunA17Chr4	+	22143463	22151768	2.16967114944223	0.00530112114218358	UP	0.444837890017134	1	NS
UP	A485_only	medtr.A17.gnm5.ann1_6.MtrunA17Chr7g0223331	MtrunA17Chr7g0223331			medtr.A17.gnm5.MtrunA17Chr7	+	8586660	8588878	2.48855613352235	0.00150377986422198	UP	0.440972955263169	1	NS
UP	A485_only	medtr.A17.gnm5.ann1_6.MtrunA17Chr1g0147931	MtrunA17Chr1g0147931			medtr.A17.gnm5.MtrunA17Chr1	+	1445986	1452920	1.54996070325352	0.032129434567919	UP	0.440350713337351	1	NS
UP	A485_only	medtr.A17.gnm5.ann1_6.MtrunA17Chr4g0052411	MtrunA17Chr4g0052411			medtr.A17.gnm5.MtrunA17Chr4	-	46580760	46584231	1.71163149145181	0.00957036480747281	UP	0.439419277913363	1	NS
UP	A485_only	medtr.A17.gnm5.ann1_6.MtrunA17Chr7g0254781	MtrunA17Chr7g0254781			medtr.A17.gnm5.MtrunA17Chr7	+	40933893	40938657	2.56577410014599	0.0311093941594844	UP	0.433373546083524	1	NS
UP	A485_only	medtr.A17.gnm5.ann1_6.MtrunA17Chr8g0344911	MtrunA17Chr8g0344911			medtr.A17.gnm5.MtrunA17Chr8	-	8024024	8036719	1.90057581380386	0.00813188195963581	UP	-0.430524661262756	1	NS
UP	A485_only	medtr.A17.gnm5.ann1_6.MtrunA17Chr1g0206811	MtrunA17Chr1g0206811			medtr.A17.gnm5.MtrunA17Chr1	+	51588403	51591867	1.58751298687284	0.025807116354839	UP	0.428569071877702	1	NS
UP	A485_only	medtr.A17.gnm5.ann1_6.MtrunA17Chr3g0090471	MtrunA17Chr3g0090471			medtr.A17.gnm5.MtrunA17Chr3	+	11838607	11843888	3.47541656220753	0.0146161725552253	UP	-0.426897593745426	1	NS
UP	A485_only	medtr.A17.gnm5.ann1_6.MtrunA17Chr4g0034301	MtrunA17Chr4g0034301	MtPhytogb1.1|MtGlb1-1	non-symbiotic hemoglobin (ns-Hb)	medtr.A17.gnm5.MtrunA17Chr4	-	33987777	33989880	1.81093618629868	0.0424224920533678	UP	0.422732107795528	1	NS
UP	A485_only	medtr.A17.gnm5.ann1_6.MtrunA17Chr2g0330551	MtrunA17Chr2g0330551			medtr.A17.gnm5.MtrunA17Chr2	+	49255808	49259183	2.14897693652659	0.0143492833470666	UP	0.419678596254018	1	NS
UP	A485_only	medtr.A17.gnm5.ann1_6.MtrunA17Chr2g0292551	MtrunA17Chr2g0292551			medtr.A17.gnm5.MtrunA17Chr2	+	11514901	11517418	2.67419529800403	0.00202123323756125	UP	-0.419098513853495	1	NS
UP	A485_only	medtr.A17.gnm5.ann1_6.MtrunA17Chr4g0003201	MtrunA17Chr4g0003201			medtr.A17.gnm5.MtrunA17Chr4	+	2371654	2374820	2.0624162471057	0.00284301167175433	UP	0.418713606874658	1	NS
UP	A485_only	medtr.A17.gnm5.ann1_6.MtrunA17Chr4g0031541	MtrunA17Chr4g0031541			medtr.A17.gnm5.MtrunA17Chr4	+	31956371	31959196	2.9375126671703	0.000259697573360948	UP	0.417889109133181	1	NS
UP	A485_only	medtr.A17.gnm5.ann1_6.MtrunA17Chr3g0121681	MtrunA17Chr3g0121681			medtr.A17.gnm5.MtrunA17Chr3	-	41460470	41462004	2.7712486483856	0.000191471947339009	UP	0.417439154522023	1	NS
UP	A485_only	medtr.A17.gnm5.ann1_6.MtrunA17Chr3g0113901	MtrunA17Chr3g0113901			medtr.A17.gnm5.MtrunA17Chr3	-	35532711	35541083	1.45373374902719	0.0488139406794281	UP	0.410989890488672	1	NS
UP	A485_only	medtr.A17.gnm5.ann1_6.MtrunA17Chr8g0373571	MtrunA17Chr8g0373571			medtr.A17.gnm5.MtrunA17Chr8	-	35677672	35684145	2.20500975258535	0.00331165256165378	UP	0.410340158548721	1	NS
UP	A485_only	medtr.A17.gnm5.ann1_6.MtrunA17Chr1g0173551	MtrunA17Chr1g0173551			medtr.A17.gnm5.MtrunA17Chr1	-	23445612	23453692	2.00613483533355	0.000782002181851517	UP	0.409539978377039	1	NS
UP	A485_only	medtr.A17.gnm5.ann1_6.MtrunA17Chr3g0114121	MtrunA17Chr3g0114121			medtr.A17.gnm5.MtrunA17Chr3	-	35699406	35701038	2.78583601091883	0.0150054134218492	UP	0.408745596799518	1	NS
UP	A485_only	medtr.A17.gnm5.ann1_6.MtrunA17Chr2g0317321	MtrunA17Chr2g0317321			medtr.A17.gnm5.MtrunA17Chr2	-	39253032	39255150	1.61604902786861	0.0304716259235063	UP	-0.40845910939695	1	NS
UP	A485_only	medtr.A17.gnm5.ann1_6.MtrunA17Chr3g0134161	MtrunA17Chr3g0134161			medtr.A17.gnm5.MtrunA17Chr3	-	50490339	50491619	2.30800703975915	0.0157851834459833	UP	0.402780155688981	1	NS
UP	A485_only	medtr.A17.gnm5.ann1_6.MtrunA17Chr8g0387381	MtrunA17Chr8g0387381			medtr.A17.gnm5.MtrunA17Chr8	-	45455168	45455744	2.29684221845767	0.0383478016156218	UP	-0.400257473216697	1	NS
UP	A485_only	medtr.A17.gnm5.ann1_6.MtrunA17Chr8g0389741	MtrunA17Chr8g0389741	MtBG7	beta-1,3-Glucanase 7	medtr.A17.gnm5.MtrunA17Chr8	-	47191820	47195480	1.71919283649717	0.0110543547425205	UP	0.399162428427644	1	NS
UP	A485_only	medtr.A17.gnm5.ann1_6.MtrunA17Chr7g0255271	MtrunA17Chr7g0255271			medtr.A17.gnm5.MtrunA17Chr7	-	41273224	41274142	1.85378251810375	0.0211463255223135	UP	0.397367062442528	1	NS
UP	A485_only	medtr.A17.gnm5.ann1_6.MtrunA17Chr5g0437861	MtrunA17Chr5g0437861			medtr.A17.gnm5.MtrunA17Chr5	+	37303875	37305860	2.43053344090033	0.000683114407536612	UP	-0.3971592322287	1	NS
UP	A485_only	medtr.A17.gnm5.ann1_6.MtrunA17Chr7g0230391	MtrunA17Chr7g0230391			medtr.A17.gnm5.MtrunA17Chr7	-	19080471	19081385	2.83326398531616	0.0233163205818852	UP	0.395294932235963	1	NS
UP	A485_only	medtr.A17.gnm5.ann1_6.MtrunA17Chr7g0235551	MtrunA17Chr7g0235551	MtCYP93E2	Cytochrome P450 monooxygenase	medtr.A17.gnm5.MtrunA17Chr7	-	25947250	25950515	2.14746034496822	0.0217199037765394	UP	0.394997247303921	1	NS
UP	A485_only	medtr.A17.gnm5.ann1_6.MtrunA17Chr2g0333821	MtrunA17Chr2g0333821			medtr.A17.gnm5.MtrunA17Chr2	-	51523898	51527942	2.21685777765817	0.0448744968998436	UP	0.394933688324887	1	NS
UP	A485_only	medtr.A17.gnm5.ann1_6.MtrunA17Chr4g0053871	MtrunA17Chr4g0053871	MtPrx38	peroxidase	medtr.A17.gnm5.MtrunA17Chr4	+	47731440	47734679	2.91011304829264	0.000390805972544457	UP	0.394693203726636	1	NS
UP	A485_only	medtr.A17.gnm5.ann1_6.MtrunA17Chr2g0325061	MtrunA17Chr2g0325061			medtr.A17.gnm5.MtrunA17Chr2	+	45046133	45047636	3.26571319690546	0.00100816024667043	UP	0.392794117242421	1	NS
UP	A485_only	medtr.A17.gnm5.ann1_6.MtrunA17Chr2g0295401	MtrunA17Chr2g0295401			medtr.A17.gnm5.MtrunA17Chr2	-	13831390	13836308	2.91556865098497	0.000142544185289858	UP	0.389451716231911	1	NS
UP	A485_only	medtr.A17.gnm5.ann1_6.MtrunA17Chr7g0261181	MtrunA17Chr7g0261181			medtr.A17.gnm5.MtrunA17Chr7	-	45708696	45709110	3.41712618826163	0.0273536410654953	UP	-0.389307916679947	1	NS
UP	A485_only	medtr.A17.gnm5.ann1_6.MtrunA17Chr8g0343011	MtrunA17Chr8g0343011	MtLOX4	lipoxygenase (TC100162)	medtr.A17.gnm5.MtrunA17Chr8	-	6459187	6463721	4.02189245228943	0.000303740023425426	UP	0.385466395905362	1	NS
UP	A485_only	medtr.A17.gnm5.ann1_6.MtrunA17Chr5g0423001	MtrunA17Chr5g0423001			medtr.A17.gnm5.MtrunA17Chr5	-	24782246	24786557	1.56379016306407	0.034972033304152	UP	-0.384274891846454	1	NS
UP	A485_only	medtr.A17.gnm5.ann1_6.MtrunA17Chr7g0263011	MtrunA17Chr7g0263011			medtr.A17.gnm5.MtrunA17Chr7	-	47013765	47017076	1.40133670229614	0.0437355693344701	UP	0.383058603279407	1	NS
UP	A485_only	medtr.A17.gnm5.ann1_6.MtrunA17Chr1g0183991	MtrunA17Chr1g0183991			medtr.A17.gnm5.MtrunA17Chr1	+	34591294	34592788	4.29352231733682	0.00223489031700596	UP	-0.383001494692748	1	NS
UP	A485_only	medtr.A17.gnm5.ann1_6.MtrunA17Chr2g0279001	MtrunA17Chr2g0279001			medtr.A17.gnm5.MtrunA17Chr2	+	1562241	1563821	2.83894398063285	0.00127470353332729	UP	0.380339079703471	1	NS
UP	A485_only	medtr.A17.gnm5.ann1_6.MtrunA17Chr8g0349011	MtrunA17Chr8g0349011			medtr.A17.gnm5.MtrunA17Chr8	-	11597205	11602123	2.04448734630813	0.00744347937309607	UP	0.37978460760278	1	NS
UP	A485_only	medtr.A17.gnm5.ann1_6.MtrunA17Chr8g0386321	MtrunA17Chr8g0386321			medtr.A17.gnm5.MtrunA17Chr8	-	44789798	44791038	2.98016526217466	0.0029086446114329	UP	0.379123998687763	1	NS
UP	A485_only	medtr.A17.gnm5.ann1_6.MtrunA17Chr5g0411011	MtrunA17Chr5g0411011			medtr.A17.gnm5.MtrunA17Chr5	-	12611250	12612894	2.20385152378929	0.00874235490257813	UP	0.37802871131358	1	NS
UP	A485_only	medtr.A17.gnm5.ann1_6.MtrunA17Chr2g0330971	MtrunA17Chr2g0330971			medtr.A17.gnm5.MtrunA17Chr2	-	49479252	49482112	1.42776435116164	0.015424822468204	UP	-0.37702479599757	1	NS
UP	A485_only	medtr.A17.gnm5.ann1_6.MtrunA17Chr8g0375311	MtrunA17Chr8g0375311			medtr.A17.gnm5.MtrunA17Chr8	+	37187015	37192437	1.66683805323324	0.00782927680770974	UP	0.376424780888563	1	NS
UP	A485_only	medtr.A17.gnm5.ann1_6.MtrunA17Chr5g0411051	MtrunA17Chr5g0411051			medtr.A17.gnm5.MtrunA17Chr5	-	12630163	12632459	3.48187077340463	7.57471214289315e-06	UP	0.375361117690965	1	NS
UP	A485_only	medtr.A17.gnm5.ann1_6.MtrunA17Chr8g0346541	MtrunA17Chr8g0346541			medtr.A17.gnm5.MtrunA17Chr8	-	9571587	9577762	1.77081053458236	0.00586206807118648	UP	0.37465687341543	1	NS
UP	A485_only	medtr.A17.gnm5.ann1_6.MtrunA17Chr6g0488521	MtrunA17Chr6g0488521			medtr.A17.gnm5.MtrunA17Chr6	-	42489045	42492532	2.82430624393196	0.00947959980303024	UP	0.367381763596281	1	NS
UP	A485_only	medtr.A17.gnm5.ann1_6.MtrunA17Chr7g0236371	MtrunA17Chr7g0236371			medtr.A17.gnm5.MtrunA17Chr7	-	26553568	26555664	2.56678606018615	0.000644068717708071	UP	-0.366322274084518	1	NS
UP	A485_only	medtr.A17.gnm5.ann1_6.MtrunA17Chr5g0411151	MtrunA17Chr5g0411151			medtr.A17.gnm5.MtrunA17Chr5	-	12713192	12716049	1.65668381538837	0.0366657438210652	UP	-0.363523387543394	1	NS
UP	A485_only	medtr.A17.gnm5.ann1_6.MtrunA17Chr4g0028541	MtrunA17Chr4g0028541	MtNRT2.2	nitrate transporter 2.2	medtr.A17.gnm5.MtrunA17Chr4	+	29465496	29467668	3.31015775577032	0.00287982134678449	UP	-0.362798441271016	1	NS
UP	A485_only	medtr.A17.gnm5.ann1_6.MtrunA17Chr4g0014771	MtrunA17Chr4g0014771			medtr.A17.gnm5.MtrunA17Chr4	-	12127960	12132496	2.12689117223396	0.00570756230331724	UP	0.360433432392946	1	NS
UP	A485_only	medtr.A17.gnm5.ann1_6.MtrunA17Chr1g0170471	MtrunA17Chr1g0170471			medtr.A17.gnm5.MtrunA17Chr1	+	19212448	19214827	3.0679964197031	0.000158624210211229	UP	-0.359226510308406	1	NS
UP	A485_only	medtr.A17.gnm5.ann1_6.MtrunA17Chr7g0233831	MtrunA17Chr7g0233831			medtr.A17.gnm5.MtrunA17Chr7	+	24282568	24284927	2.71055656804628	0.0213200770123312	UP	0.358070040002715	1	NS
UP	A485_only	medtr.A17.gnm5.ann1_6.MtrunA17Chr8g0356911	MtrunA17Chr8g0356911			medtr.A17.gnm5.MtrunA17Chr8	-	18622112	18624343	1.54716260020962	0.0370034281848247	UP	-0.357128176277011	1	NS
UP	A485_only	medtr.A17.gnm5.ann1_6.MtrunA17Chr4g0063471	MtrunA17Chr4g0063471			medtr.A17.gnm5.MtrunA17Chr4	+	55042567	55044481	1.4296911441026	0.034478592164121	UP	0.354613091912468	1	NS
UP	A485_only	medtr.A17.gnm5.ann1_6.MtrunA17Chr2g0319741	MtrunA17Chr2g0319741			medtr.A17.gnm5.MtrunA17Chr2	+	41115734	41124424	1.82149650757944	0.0350015142929557	UP	0.352106997901881	1	NS
UP	A485_only	medtr.A17.gnm5.ann1_6.MtrunA17Chr1g0199441	MtrunA17Chr1g0199441			medtr.A17.gnm5.MtrunA17Chr1	+	46172635	46174376	1.55650540034936	0.0464874233713469	UP	-0.350733029666913	1	NS
UP	A485_only	medtr.A17.gnm5.ann1_6.MtrunA17Chr2g0324241	MtrunA17Chr2g0324241			medtr.A17.gnm5.MtrunA17Chr2	+	44488923	44492290	2.19218248722942	0.000530428170294125	UP	-0.348129359199612	1	NS
UP	A485_only	medtr.A17.gnm5.ann1_6.MtrunA17Chr1g0147921	MtrunA17Chr1g0147921			medtr.A17.gnm5.MtrunA17Chr1	+	1440667	1443374	2.15635075995985	0.000252628150727118	UP	-0.34545351609594	1	NS
UP	A485_only	medtr.A17.gnm5.ann1_6.MtrunA17Chr4g0067551	MtrunA17Chr4g0067551			medtr.A17.gnm5.MtrunA17Chr4	-	57962758	57963367	3.14968521637211	0.00445754837501209	UP	0.344369451462664	1	NS
UP	A485_only	medtr.A17.gnm5.ann1_6.MtrunA17Chr7g0233781	MtrunA17Chr7g0233781			medtr.A17.gnm5.MtrunA17Chr7	-	24231870	24234677	2.85382463818511	4.7876840986443e-05	UP	0.343920298841112	1	NS
UP	A485_only	medtr.A17.gnm5.ann1_6.MtrunA17Chr7g0275981	MtrunA17Chr7g0275981			medtr.A17.gnm5.MtrunA17Chr7	-	55753934	55754952	2.83447026496565	0.00121622319336662	UP	0.343619563477867	1	NS
UP	A485_only	medtr.A17.gnm5.ann1_6.MtrunA17Chr3g0081651	MtrunA17Chr3g0081651			medtr.A17.gnm5.MtrunA17Chr3	+	3688984	3691733	3.0919874182974	0.000542246550218977	UP	0.342268568262979	1	NS
UP	A485_only	medtr.A17.gnm5.ann1_6.MtrunA17Chr8g0389751	MtrunA17Chr8g0389751			medtr.A17.gnm5.MtrunA17Chr8	+	47201782	47204874	4.15985753112502	0.000534320769694669	UP	0.34022457600405	1	NS
UP	A485_only	medtr.A17.gnm5.ann1_6.MtrunA17Chr2g0302351	MtrunA17Chr2g0302351			medtr.A17.gnm5.MtrunA17Chr2	+	19905205	19907955	5.17318586566718	2.21858637466016e-05	UP	-0.337729141179308	1	NS
UP	A485_only	medtr.A17.gnm5.ann1_6.MtrunA17Chr2g0280401	MtrunA17Chr2g0280401			medtr.A17.gnm5.MtrunA17Chr2	+	2512444	2516112	1.73473894719483	0.00584966873800477	UP	0.33693983712876	1	NS
UP	A485_only	medtr.A17.gnm5.ann1_6.MtrunA17Chr3g0137431	MtrunA17Chr3g0137431			medtr.A17.gnm5.MtrunA17Chr3	+	52724966	52731056	1.97918633444962	0.0460697750507613	UP	0.32754287803054	1	NS
UP	A485_only	medtr.A17.gnm5.ann1_6.MtrunA17Chr3g0102981	MtrunA17Chr3g0102981			medtr.A17.gnm5.MtrunA17Chr3	+	27465571	27473168	2.51050344232944	0.00116346341589825	UP	0.326070590793286	1	NS
UP	A485_only	medtr.A17.gnm5.ann1_6.MtrunA17Chr4g0010051	MtrunA17Chr4g0010051			medtr.A17.gnm5.MtrunA17Chr4	-	7833502	7839455	1.80162770183535	0.0337535757393997	UP	0.325880872865031	1	NS
UP	A485_only	medtr.A17.gnm5.ann1_6.MtrunA17Chr3g0096571	MtrunA17Chr3g0096571			medtr.A17.gnm5.MtrunA17Chr3	+	20730666	20733525	1.67761389408911	0.0064199511490826	UP	0.325569219516309	1	NS
UP	A485_only	medtr.A17.gnm5.ann1_6.MtrunA17Chr3g0125941	MtrunA17Chr3g0125941			medtr.A17.gnm5.MtrunA17Chr3	+	44350477	44354272	2.89363616979665	0.00808637206975637	UP	-0.320693817625638	1	NS
UP	A485_only	medtr.A17.gnm5.ann1_6.MtrunA17Chr4g0034241	MtrunA17Chr4g0034241			medtr.A17.gnm5.MtrunA17Chr4	+	33935615	33938392	2.12538742709729	0.0274032446543721	UP	-0.320544927879176	1	NS
UP	A485_only	medtr.A17.gnm5.ann1_6.MtrunA17Chr8g0341291	MtrunA17Chr8g0341291			medtr.A17.gnm5.MtrunA17Chr8	+	4885614	4886065	3.54947403479959	0.000113732784944069	UP	0.319855940747353	1	NS
UP	A485_only	medtr.A17.gnm5.ann1_6.MtrunA17Chr2g0284231	MtrunA17Chr2g0284231			medtr.A17.gnm5.MtrunA17Chr2	-	5152865	5164035	3.03496249980611	0.000926024792450561	UP	0.319356816996751	1	NS
UP	A485_only	medtr.A17.gnm5.ann1_6.MtrunA17Chr4g0051111	MtrunA17Chr4g0051111			medtr.A17.gnm5.MtrunA17Chr4	+	45789729	45790373	1.98353541785564	0.0430879245797025	UP	-0.315007243825788	1	NS
UP	A485_only	medtr.A17.gnm5.ann1_6.MtrunA17Chr7g0270051	MtrunA17Chr7g0270051			medtr.A17.gnm5.MtrunA17Chr7	+	51864840	51867413	2.4059279521789	0.00428178137701189	UP	0.313976032350492	1	NS
UP	A485_only	medtr.A17.gnm5.ann1_6.MtrunA17Chr6g0453291	MtrunA17Chr6g0453291			medtr.A17.gnm5.MtrunA17Chr6	-	3694676	3703978	1.46401185653205	0.0354565476301724	UP	-0.312647162635823	1	NS
UP	A485_only	medtr.A17.gnm5.ann1_6.MtrunA17Chr4g0005971	MtrunA17Chr4g0005971			medtr.A17.gnm5.MtrunA17Chr4	-	4710232	4716376	3.52429593791594	1.00540501673144e-05	UP	0.311317280585505	1	NS
UP	A485_only	medtr.A17.gnm5.ann1_6.MtrunA17Chr7g0271001	MtrunA17Chr7g0271001			medtr.A17.gnm5.MtrunA17Chr7	-	52521328	52528549	3.50945080348221	0.00177931232544515	UP	0.310888445453059	1	NS
UP	A485_only	medtr.A17.gnm5.ann1_6.MtrunA17Chr6g0454031	MtrunA17Chr6g0454031			medtr.A17.gnm5.MtrunA17Chr6	+	4292459	4297171	1.85662640436347	0.00793374562926824	UP	0.310862088775396	1	NS
UP	A485_only	medtr.A17.gnm5.ann1_6.MtrunA17Chr7g0242081	MtrunA17Chr7g0242081			medtr.A17.gnm5.MtrunA17Chr7	+	31639327	31641070	2.98952214922097	0.0150449962957314	UP	0.308676543473846	1	NS
UP	A485_only	medtr.A17.gnm5.ann1_6.MtrunA17Chr1g0205581	MtrunA17Chr1g0205581			medtr.A17.gnm5.MtrunA17Chr1	+	50785992	50789236	2.66443853530573	0.00127868700483114	UP	-0.307159285145772	1	NS
UP	A485_only	medtr.A17.gnm5.ann1_6.MtrunA17Chr5g0400591	MtrunA17Chr5g0400591			medtr.A17.gnm5.MtrunA17Chr5	-	4858593	4862598	2.35633850643183	1.40722346500108e-05	UP	0.306040028819576	1	NS
UP	A485_only	medtr.A17.gnm5.ann1_6.MtrunA17Chr7g0253041	MtrunA17Chr7g0253041			medtr.A17.gnm5.MtrunA17Chr7	-	39778066	39781323	2.76781908700063	0.011524494005313	UP	0.305339598958152	1	NS
UP	A485_only	medtr.A17.gnm5.ann1_6.MtrunA17Chr4g0021551	MtrunA17Chr4g0021551			medtr.A17.gnm5.MtrunA17Chr4	+	19777227	19777926	2.50908298815071	0.00423397787502625	UP	-0.305007475948595	1	NS
UP	A485_only	medtr.A17.gnm5.ann1_6.MtrunA17Chr5g0422091	MtrunA17Chr5g0422091			medtr.A17.gnm5.MtrunA17Chr5	+	23810623	23811096	2.31764782581673	6.4357773390205e-05	UP	0.304205866916511	1	NS
UP	A485_only	medtr.A17.gnm5.ann1_6.MtrunA17Chr7g0254351	MtrunA17Chr7g0254351			medtr.A17.gnm5.MtrunA17Chr7	+	40649252	40652449	2.08538018810248	0.0035116942455126	UP	0.303843865685954	1	NS
UP	A485_only	medtr.A17.gnm5.ann1_6.MtrunA17Chr3g0121671	MtrunA17Chr3g0121671	MtINT1_4|MtINT1.4	inositol transporter	medtr.A17.gnm5.MtrunA17Chr3	-	41457359	41460468	2.61579299425741	0.000174529962235328	UP	0.300244848589859	1	NS
UP	A485_only	medtr.A17.gnm5.ann1_6.MtrunA17Chr4g0059601	MtrunA17Chr4g0059601			medtr.A17.gnm5.MtrunA17Chr4	-	52200762	52202725	2.49959757035535	3.14879616554578e-05	UP	0.300169890738207	1	NS
UP	A485_only	medtr.A17.gnm5.ann1_6.MtrunA17Chr4g0031101	MtrunA17Chr4g0031101			medtr.A17.gnm5.MtrunA17Chr4	-	31618271	31623784	1.92124171411511	0.00638830468146871	UP	-0.295910224384657	1	NS
UP	A485_only	medtr.A17.gnm5.ann1_6.MtrunA17Chr3g0137421	MtrunA17Chr3g0137421	MtKunitz9|MtPI	Kunitz-P Trypsin Inhibitor|proteinase inhibitor (TC100490)	medtr.A17.gnm5.MtrunA17Chr3	-	52723494	52725271	2.04050057768262	0.0262304812632798	UP	0.292311732948671	1	NS
UP	A485_only	medtr.A17.gnm5.ann1_6.MtrunA17Chr1g0213271	MtrunA17Chr1g0213271			medtr.A17.gnm5.MtrunA17Chr1	+	56191822	56195937	2.55198408127617	1.21559563690714e-05	UP	0.28958872508889	1	NS
UP	A485_only	medtr.A17.gnm5.ann1_6.MtrunA17Chr7g0223211	MtrunA17Chr7g0223211			medtr.A17.gnm5.MtrunA17Chr7	-	8465807	8471384	2.41410991075996	3.61232451427039e-05	UP	0.288580696499963	1	NS
UP	A485_only	medtr.A17.gnm5.ann1_6.MtrunA17Chr7g0233771	MtrunA17Chr7g0233771			medtr.A17.gnm5.MtrunA17Chr7	+	24230832	24233290	2.84590243640654	9.7433749676864e-05	UP	0.281674500351381	1	NS
UP	A485_only	medtr.A17.gnm5.ann1_6.MtrunA17Chr5g0427811	MtrunA17Chr5g0427811			medtr.A17.gnm5.MtrunA17Chr5	-	29528229	29532255	3.7640639594965	0.00380576983886482	UP	-0.280889473447278	1	NS
UP	A485_only	medtr.A17.gnm5.ann1_6.MtrunA17Chr7g0276331	MtrunA17Chr7g0276331			medtr.A17.gnm5.MtrunA17Chr7	+	55897200	55898361	2.169797505696	0.0395992488939184	UP	-0.280539024317958	1	NS
UP	A485_only	medtr.A17.gnm5.ann1_6.MtrunA17Chr3g0094361	MtrunA17Chr3g0094361			medtr.A17.gnm5.MtrunA17Chr3	+	16952656	16955096	1.68186385490672	0.0144152610186894	UP	-0.280099194824707	1	NS
UP	A485_only	medtr.A17.gnm5.ann1_6.MtrunA17Chr8g0344421	MtrunA17Chr8g0344421			medtr.A17.gnm5.MtrunA17Chr8	+	7565463	7568879	1.77164961549379	0.026655011915916	UP	0.277989307590976	1	NS
UP	A485_only	medtr.A17.gnm5.ann1_6.MtrunA17Chr1g0202261	MtrunA17Chr1g0202261			medtr.A17.gnm5.MtrunA17Chr1	+	48482447	48484611	2.75481402847129	0.00960515783419347	UP	0.276087007451882	1	NS
UP	A485_only	medtr.A17.gnm5.ann1_6.MtrunA17Chr4g0029671	MtrunA17Chr4g0029671	MtARF12|MtARF4a	auxin response factor 12	medtr.A17.gnm5.MtrunA17Chr4	+	30443504	30450441	1.89257112091503	0.00809958444085934	UP	-0.275471068470758	1	NS
UP	A485_only	medtr.A17.gnm5.ann1_6.MtrunA17Chr3g0141671	MtrunA17Chr3g0141671			medtr.A17.gnm5.MtrunA17Chr3	+	55805388	55809286	4.70269057401682	6.90849451788114e-06	UP	0.274714003274194	1	NS
UP	A485_only	medtr.A17.gnm5.ann1_6.MtrunA17Chr5g0396251	MtrunA17Chr5g0396251			medtr.A17.gnm5.MtrunA17Chr5	+	1894860	1909161	1.73909382734799	0.00444083412412463	UP	0.274613988586655	1	NS
UP	A485_only	medtr.A17.gnm5.ann1_6.MtrunA17Chr5g0441011	MtrunA17Chr5g0441011			medtr.A17.gnm5.MtrunA17Chr5	-	39527588	39534318	1.81187881342897	0.00338694735642209	UP	-0.27346996448454	1	NS
UP	A485_only	medtr.A17.gnm5.ann1_6.MtrunA17Chr7g0253051	MtrunA17Chr7g0253051			medtr.A17.gnm5.MtrunA17Chr7	+	39785876	39788860	1.80470278795369	0.0271636809385206	UP	-0.272865839788839	1	NS
UP	A485_only	medtr.A17.gnm5.ann1_6.MtrunA17Chr7g0258181	MtrunA17Chr7g0258181			medtr.A17.gnm5.MtrunA17Chr7	+	43566586	43570076	2.16883673298435	0.00200843936026486	UP	-0.268362029752668	1	NS
UP	A485_only	medtr.A17.gnm5.ann1_6.MtrunA17Chr8g0341281	MtrunA17Chr8g0341281			medtr.A17.gnm5.MtrunA17Chr8	-	4882909	4888219	3.54057610178168	9.37466573418019e-05	UP	0.268215107474062	1	NS
UP	A485_only	medtr.A17.gnm5.ann1_6.MtrunA17Chr4g0034021	MtrunA17Chr4g0034021			medtr.A17.gnm5.MtrunA17Chr4	+	33790055	33791850	2.64674895176898	0.0307767393509173	UP	0.267620622007636	1	NS
UP	A485_only	medtr.A17.gnm5.ann1_6.MtrunA17Chr2g0291831	MtrunA17Chr2g0291831			medtr.A17.gnm5.MtrunA17Chr2	-	10921851	10933337	1.45213593244725	0.0102552581092134	UP	-0.266087367437618	1	NS
UP	A485_only	medtr.A17.gnm5.ann1_6.MtrunA17Chr7g0222861	MtrunA17Chr7g0222861			medtr.A17.gnm5.MtrunA17Chr7	-	8137618	8138701	2.76768212161269	0.0317604634815171	UP	-0.264167509542424	1	NS
UP	A485_only	medtr.A17.gnm5.ann1_6.MtrunA17Chr5g0440861	MtrunA17Chr5g0440861			medtr.A17.gnm5.MtrunA17Chr5	+	39468141	39473899	2.17171576441889	0.00018017588444823	UP	0.264111636683617	1	NS
UP	A485_only	medtr.A17.gnm5.ann1_6.MtrunA17Chr3g0123461	MtrunA17Chr3g0123461			medtr.A17.gnm5.MtrunA17Chr3	+	42620282	42627010	2.60292624523697	1.00540501673144e-05	UP	0.262371029745049	1	NS
UP	A485_only	medtr.A17.gnm5.ann1_6.MtrunA17Chr2g0280241	MtrunA17Chr2g0280241			medtr.A17.gnm5.MtrunA17Chr2	+	2424888	2430169	1.45570706863504	0.0396242456420001	UP	0.261661027224335	1	NS
UP	A485_only	medtr.A17.gnm5.ann1_6.MtrunA17Chr4g0069881	MtrunA17Chr4g0069881			medtr.A17.gnm5.MtrunA17Chr4	+	59669578	59671931	2.68133232120576	0.000242292036165065	UP	0.261445860247295	1	NS
UP	A485_only	medtr.A17.gnm5.ann1_6.MtrunA17Chr4g0060791	MtrunA17Chr4g0060791			medtr.A17.gnm5.MtrunA17Chr4	-	53063805	53066674	1.66106297554359	0.042714084674619	UP	-0.261045364073976	1	NS
UP	A485_only	medtr.A17.gnm5.ann1_6.MtrunA17Chr1g0149781	MtrunA17Chr1g0149781			medtr.A17.gnm5.MtrunA17Chr1	+	2887588	2889835	1.85688093518208	0.0120226226117239	UP	0.259642660668507	1	NS
UP	A485_only	medtr.A17.gnm5.ann1_6.MtrunA17Chr2g0300071	MtrunA17Chr2g0300071			medtr.A17.gnm5.MtrunA17Chr2	-	17891697	17899468	4.38234260066308	0.0036867551747264	UP	-0.259522578704802	1	NS
UP	A485_only	medtr.A17.gnm5.ann1_6.MtrunA17Chr3g0107311	MtrunA17Chr3g0107311			medtr.A17.gnm5.MtrunA17Chr3	-	30942579	30944877	2.66127275867899	4.35209007467607e-05	UP	0.257686367931275	1	NS
UP	A485_only	medtr.A17.gnm5.ann1_6.MtrunA17Chr8g0347191	MtrunA17Chr8g0347191			medtr.A17.gnm5.MtrunA17Chr8	+	10184324	10187157	1.55168435550024	0.0108920957233253	UP	-0.255534519568604	1	NS
UP	A485_only	medtr.A17.gnm5.ann1_6.MtrunA17Chr5g0413871	MtrunA17Chr5g0413871			medtr.A17.gnm5.MtrunA17Chr5	-	15046494	15049325	1.68813198141031	0.0358401061103304	UP	0.254350340678395	1	NS
UP	A485_only	medtr.A17.gnm5.ann1_6.MtrunA17Chr6g0481291	MtrunA17Chr6g0481291			medtr.A17.gnm5.MtrunA17Chr6	+	36196277	36205000	2.18680579261891	0.000761066125110182	UP	0.250496122487856	1	NS
UP	A485_only	medtr.A17.gnm5.ann1_6.MtrunA17Chr1g0201691	MtrunA17Chr1g0201691			medtr.A17.gnm5.MtrunA17Chr1	-	47982551	47983427	2.45334936151366	0.0153504413986199	UP	0.249836905295647	1	NS
UP	A485_only	medtr.A17.gnm5.ann1_6.MtrunA17Chr6g0467611	MtrunA17Chr6g0467611	MtKunitz31	Kunitz-P Trypsin Inhibitor	medtr.A17.gnm5.MtrunA17Chr6	+	16546202	16547182	1.82384925991169	0.0349357074161286	UP	0.246200897498031	1	NS
UP	A485_only	medtr.A17.gnm5.ann1_6.MtrunA17Chr1g0149961	MtrunA17Chr1g0149961			medtr.A17.gnm5.MtrunA17Chr1	+	3052314	3056651	1.79914179401209	0.0346233961713488	UP	0.242712078128506	1	NS
UP	A485_only	medtr.A17.gnm5.ann1_6.MtrunA17Chr1g0174271	MtrunA17Chr1g0174271			medtr.A17.gnm5.MtrunA17Chr1	+	25254129	25258137	2.84761159592797	0.000570576362197329	UP	-0.239688071338255	1	NS
UP	A485_only	medtr.A17.gnm5.ann1_6.MtrunA17Chr7g0256681	MtrunA17Chr7g0256681			medtr.A17.gnm5.MtrunA17Chr7	+	42461752	42462538	2.07596412920406	0.00275385468442583	UP	0.239314284803626	1	NS
UP	A485_only	medtr.A17.gnm5.ann1_6.MtrunA17Chr5g0409821	MtrunA17Chr5g0409821			medtr.A17.gnm5.MtrunA17Chr5	-	11504122	11507780	3.57472883653995	9.37712403876679e-05	UP	-0.232362480831132	1	NS
UP	A485_only	medtr.A17.gnm5.ann1_6.MtrunA17Chr6g0485021	MtrunA17Chr6g0485021			medtr.A17.gnm5.MtrunA17Chr6	-	39548004	39552473	2.34696715105228	0.00538218864663762	UP	0.231048343597638	1	NS
UP	A485_only	medtr.A17.gnm5.ann1_6.MtrunA17Chr3g0130661	MtrunA17Chr3g0130661			medtr.A17.gnm5.MtrunA17Chr3	-	47766893	47768104	1.97300575562112	0.00740831275259407	UP	0.228625343806487	1	NS
UP	A485_only	medtr.A17.gnm5.ann1_6.MtrunA17Chr8g0390571	MtrunA17Chr8g0390571			medtr.A17.gnm5.MtrunA17Chr8	-	47717834	47718448	2.22083188407328	0.0304958372936544	UP	-0.228102912679354	1	NS
UP	A485_only	medtr.A17.gnm5.ann1_6.MtrunA17Chr1g0193651	MtrunA17Chr1g0193651			medtr.A17.gnm5.MtrunA17Chr1	-	42049965	42050421	2.1890108964119	0.0327207481414897	UP	-0.224728466662343	1	NS
UP	A485_only	medtr.A17.gnm5.ann1_6.MtrunA17Chr3g0079021	MtrunA17Chr3g0079021			medtr.A17.gnm5.MtrunA17Chr3	+	1439700	1447989	2.19189522988103	0.00121796039066545	UP	0.224277822082992	1	NS
UP	A485_only	medtr.A17.gnm5.ann1_6.MtrunA17Chr8g0352251	MtrunA17Chr8g0352251	MtNF-YA7	nuclear factor Y subunit A7	medtr.A17.gnm5.MtrunA17Chr8	+	14200057	14205585	2.14910826948069	0.000359594035197565	UP	-0.224160550662964	1	NS
UP	A485_only	medtr.A17.gnm5.ann1_6.MtrunA17Chr7g0256731	MtrunA17Chr7g0256731			medtr.A17.gnm5.MtrunA17Chr7	+	42509216	42512996	1.78419457575745	0.000747560799132109	UP	-0.221429124592921	1	NS
UP	A485_only	medtr.A17.gnm5.ann1_6.MtrunA17Chr5g0407981	MtrunA17Chr5g0407981			medtr.A17.gnm5.MtrunA17Chr5	-	10290456	10294167	1.56012766998414	0.00692715171376599	UP	0.219850483329849	1	NS
UP	A485_only	medtr.A17.gnm5.ann1_6.MtrunA17Chr7g0223161	MtrunA17Chr7g0223161			medtr.A17.gnm5.MtrunA17Chr7	-	8403846	8410347	1.84034772367688	0.000565448388878111	UP	0.219725830726639	1	NS
UP	A485_only	medtr.A17.gnm5.ann1_6.MtrunA17Chr2g0323541	MtrunA17Chr2g0323541			medtr.A17.gnm5.MtrunA17Chr2	+	44089787	44091026	2.29296191614741	0.0111014135242073	UP	-0.219622518108757	1	NS
UP	A485_only	medtr.A17.gnm5.ann1_6.MtrunA17Chr0c04g0492001	MtrunA17Chr0c04g0492001			medtr.A17.gnm5.MtrunA17Chr0c04	+	44875	47702	3.5541885785769	0.0112617798349354	UP	-0.219054516343261	1	NS
UP	A485_only	medtr.A17.gnm5.ann1_6.MtrunA17Chr3g0125961	MtrunA17Chr3g0125961			medtr.A17.gnm5.MtrunA17Chr3	+	44355119	44358154	2.02857430867545	0.0128593672416816	UP	-0.217258373936987	1	NS
UP	A485_only	medtr.A17.gnm5.ann1_6.MtrunA17Chr6g0487201	MtrunA17Chr6g0487201			medtr.A17.gnm5.MtrunA17Chr6	-	41504713	41505790	2.26807745998246	0.0051856190090336	UP	0.21645313420201	1	NS
UP	A485_only	medtr.A17.gnm5.ann1_6.MtrunA17Chr4g0057571	MtrunA17Chr4g0057571			medtr.A17.gnm5.MtrunA17Chr4	-	50748832	50752080	3.53791614684644	1.18207026022946e-06	UP	0.216156252377152	1	NS
UP	A485_only	medtr.A17.gnm5.ann1_6.MtrunA17Chr5g0443931	MtrunA17Chr5g0443931			medtr.A17.gnm5.MtrunA17Chr5	+	41564171	41566416	5.16594432951376	0.000259697573360948	UP	0.215919375204954	1	NS
UP	A485_only	medtr.A17.gnm5.ann1_6.MtrunA17Chr1g0149311	MtrunA17Chr1g0149311			medtr.A17.gnm5.MtrunA17Chr1	+	2510210	2511425	2.13375527539099	0.00139966505517283	UP	-0.215691896662671	1	NS
UP	A485_only	medtr.A17.gnm5.ann1_6.MtrunA17Chr1g0204971	MtrunA17Chr1g0204971	MtHAG5	Histone acetyltransferase of the GNAT family	medtr.A17.gnm5.MtrunA17Chr1	-	50318097	50319411	4.1174901930129	0.000101072977369345	UP	-0.215090153430919	1	NS
UP	A485_only	medtr.A17.gnm5.ann1_6.MtrunA17Chr1g0151071	MtrunA17Chr1g0151071			medtr.A17.gnm5.MtrunA17Chr1	-	4039533	4042625	2.71739345334478	0.00693618195031647	UP	0.214764735865825	1	NS
UP	A485_only	medtr.A17.gnm5.ann1_6.MtrunA17Chr2g0278531	MtrunA17Chr2g0278531	MtTHL30	Thionin-like	medtr.A17.gnm5.MtrunA17Chr2	-	1219939	1221516	2.22512005001427	0.00131885978892329	UP	0.213601279508343	1	NS
UP	A485_only	medtr.A17.gnm5.ann1_6.MtrunA17Chr5g0422171	MtrunA17Chr5g0422171			medtr.A17.gnm5.MtrunA17Chr5	+	23825368	23825796	2.73177830177999	0.00740831275259407	UP	0.211600875264823	1	NS
UP	A485_only	medtr.A17.gnm5.ann1_6.MtrunA17Chr1g0173761	MtrunA17Chr1g0173761			medtr.A17.gnm5.MtrunA17Chr1	-	23855911	23867181	2.57639677376497	0.0494484577777568	UP	0.210975514844909	1	NS
UP	A485_only	medtr.A17.gnm5.ann1_6.MtrunA17Chr8g0346531	MtrunA17Chr8g0346531			medtr.A17.gnm5.MtrunA17Chr8	+	9571526	9578461	1.75107358745993	0.00654207124459759	UP	0.21023707095549	1	NS
UP	A485_only	medtr.A17.gnm5.ann1_6.MtrunA17Chr8g0366891	MtrunA17Chr8g0366891			medtr.A17.gnm5.MtrunA17Chr8	+	30707385	30708681	2.3299961637508	0.0351481830875399	UP	0.209838122435395	1	NS
UP	A485_only	medtr.A17.gnm5.ann1_6.MtrunA17Chr8g0389561	MtrunA17Chr8g0389561			medtr.A17.gnm5.MtrunA17Chr8	-	47058296	47060474	2.32689025508959	0.00010572468747135	UP	-0.209049906269349	1	NS
UP	A485_only	medtr.A17.gnm5.ann1_6.MtrunA17Chr3g0136811	MtrunA17Chr3g0136811			medtr.A17.gnm5.MtrunA17Chr3	+	52284571	52289931	2.34433947981277	7.76988168647254e-05	UP	0.208364591123973	1	NS
UP	A485_only	medtr.A17.gnm5.ann1_6.MtrunA17Chr6g0449141	MtrunA17Chr6g0449141			medtr.A17.gnm5.MtrunA17Chr6	+	226729	228794	3.60381122046534	0.0387009865878397	UP	0.208152591774585	1	NS
UP	A485_only	medtr.A17.gnm5.ann1_6.MtrunA17Chr4g0065911	MtrunA17Chr4g0065911			medtr.A17.gnm5.MtrunA17Chr4	-	56879938	56881410	3.55893396286753	0.000460531217170494	UP	-0.207617014410548	1	NS
UP	A485_only	medtr.A17.gnm5.ann1_6.MtrunA17Chr5g0443881	MtrunA17Chr5g0443881			medtr.A17.gnm5.MtrunA17Chr5	-	41523129	41526502	1.52804617382214	0.0277665865997031	UP	0.206887334924066	1	NS
UP	A485_only	medtr.A17.gnm5.ann1_6.MtrunA17Chr2g0333761	MtrunA17Chr2g0333761			medtr.A17.gnm5.MtrunA17Chr2	+	51487337	51493440	1.75261840383922	0.00902960249193881	UP	-0.204284745799308	1	NS
UP	A485_only	medtr.A17.gnm5.ann1_6.MtrunA17Chr7g0255601	MtrunA17Chr7g0255601	MtNPF3.3	NRT1/ PTR FAMILY|nitrate transporter / peptide transporter	medtr.A17.gnm5.MtrunA17Chr7	-	41534934	41539433	2.3297886100715	0.00616702898294439	UP	0.201723146324763	1	NS
UP	A485_only	medtr.A17.gnm5.ann1_6.MtrunA17Chr3g0081401	MtrunA17Chr3g0081401	MtCYP727B11	Cytochrome P450 monooxygenase	medtr.A17.gnm5.MtrunA17Chr3	-	3398971	3402032	2.16304560688415	0.000818938279300278	UP	0.201380246861202	1	NS
UP	A485_only	medtr.A17.gnm5.ann1_6.MtrunA17Chr4g0031821	MtrunA17Chr4g0031821			medtr.A17.gnm5.MtrunA17Chr4	+	32138227	32144351	1.59332353708938	0.00826660617290505	UP	0.201232814080007	1	NS
UP	A485_only	medtr.A17.gnm5.ann1_6.MtrunA17Chr1g0146931	MtrunA17Chr1g0146931			medtr.A17.gnm5.MtrunA17Chr1	-	659057	663705	2.75319435265866	0.00074009746684188	UP	0.201232153909832	1	NS
UP	A485_only	medtr.A17.gnm5.ann1_6.MtrunA17Chr4g0069371	MtrunA17Chr4g0069371			medtr.A17.gnm5.MtrunA17Chr4	-	59282040	59284516	2.47781796094165	0.00160650670958783	UP	0.200895959527758	1	NS
UP	A485_only	medtr.A17.gnm5.ann1_6.MtrunA17Chr5g0422051	MtrunA17Chr5g0422051			medtr.A17.gnm5.MtrunA17Chr5	-	23802756	23804929	2.46308393086605	0.000240976772330645	UP	-0.199763810817874	1	NS
UP	A485_only	medtr.A17.gnm5.ann1_6.MtrunA17Chr5g0422081	MtrunA17Chr5g0422081			medtr.A17.gnm5.MtrunA17Chr5	-	23809951	23813612	2.21007352459839	8.63682658517288e-05	UP	0.19968997819267	1	NS
UP	A485_only	medtr.A17.gnm5.ann1_6.MtrunA17Chr3g0078241	MtrunA17Chr3g0078241			medtr.A17.gnm5.MtrunA17Chr3	-	844858	851066	1.51719284670871	0.0216120805202673	UP	0.198587111810786	1	NS
UP	A485_only	medtr.A17.gnm5.ann1_6.MtrunA17Chr8g0369081	MtrunA17Chr8g0369081			medtr.A17.gnm5.MtrunA17Chr8	+	32399259	32405803	3.78422656049031	9.87927064054251e-05	UP	0.189175748810947	1	NS
UP	A485_only	medtr.A17.gnm5.ann1_6.MtrunA17Chr5g0442621	MtrunA17Chr5g0442621			medtr.A17.gnm5.MtrunA17Chr5	+	40687431	40688331	1.69214838946546	0.0472114179651066	UP	0.187425120687456	1	NS
UP	A485_only	medtr.A17.gnm5.ann1_6.MtrunA17Chr4g0048031	MtrunA17Chr4g0048031			medtr.A17.gnm5.MtrunA17Chr4	+	43852469	43854459	3.44871954130851	0.00514795906144392	UP	0.186193949601577	1	NS
UP	A485_only	medtr.A17.gnm5.ann1_6.MtrunA17Chr5g0437611	MtrunA17Chr5g0437611			medtr.A17.gnm5.MtrunA17Chr5	-	37146156	37148381	2.13598700130512	0.0157534773835678	UP	0.184666040147464	1	NS
UP	A485_only	medtr.A17.gnm5.ann1_6.MtrunA17Chr7g0233801	MtrunA17Chr7g0233801			medtr.A17.gnm5.MtrunA17Chr7	+	24268834	24270652	2.868522051836	0.00306341364637403	UP	0.179531898624505	1	NS
UP	A485_only	medtr.A17.gnm5.ann1_6.MtrunA17Chr1g0150841	MtrunA17Chr1g0150841			medtr.A17.gnm5.MtrunA17Chr1	+	3829670	3830501	3.08863227893486	0.00449907423504474	UP	0.179082865914959	1	NS
UP	A485_only	medtr.A17.gnm5.ann1_6.MtrunA17Chr6g0458311	MtrunA17Chr6g0458311			medtr.A17.gnm5.MtrunA17Chr6	-	7860226	7876777	1.5708758199644	0.0287778900317273	UP	-0.178719072844002	1	NS
UP	A485_only	medtr.A17.gnm5.ann1_6.MtrunA17Chr3g0098851	MtrunA17Chr3g0098851			medtr.A17.gnm5.MtrunA17Chr3	+	23619160	23620691	4.32586517094049	8.29119398579954e-05	UP	0.178212777715581	1	NS
UP	A485_only	medtr.A17.gnm5.ann1_6.MtrunA17Chr7g0239651	MtrunA17Chr7g0239651			medtr.A17.gnm5.MtrunA17Chr7	+	29621610	29623268	3.30937932033769	0.00629858063562314	UP	0.17672629664267	1	NS
UP	A485_only	medtr.A17.gnm5.ann1_6.MtrunA17Chr2g0292181	MtrunA17Chr2g0292181	MtPrx10	peroxidase	medtr.A17.gnm5.MtrunA17Chr2	+	11219596	11222424	2.81579996394601	4.35209007467607e-05	UP	0.175747294005261	1	NS
UP	A485_only	medtr.A17.gnm5.ann1_6.MtrunA17Chr1g0170481	MtrunA17Chr1g0170481			medtr.A17.gnm5.MtrunA17Chr1	-	19212578	19213441	3.15139581970192	0.000128570960296813	UP	-0.174793009232228	1	NS
UP	A485_only	medtr.A17.gnm5.ann1_6.MtrunA17Chr3g0127211	MtrunA17Chr3g0127211			medtr.A17.gnm5.MtrunA17Chr3	-	45361180	45366661	1.88080478414025	0.00359515647748805	UP	0.174289628898889	1	NS
UP	A485_only	medtr.A17.gnm5.ann1_6.MtrunA17Chr8g0389871	MtrunA17Chr8g0389871			medtr.A17.gnm5.MtrunA17Chr8	+	47284796	47292720	2.10323218571594	0.00102932528493055	UP	0.173698448262195	1	NS
UP	A485_only	medtr.A17.gnm5.ann1_6.MtrunA17Chr4g0068661	MtrunA17Chr4g0068661			medtr.A17.gnm5.MtrunA17Chr4	+	58717774	58724536	1.40253272980022	0.0302051743684114	UP	0.171443057969153	1	NS
UP	A485_only	medtr.A17.gnm5.ann1_6.MtrunA17Chr7g0222331	MtrunA17Chr7g0222331			medtr.A17.gnm5.MtrunA17Chr7	-	7532157	7538364	1.42343727546477	0.0431904621216801	UP	-0.171429531285524	1	NS
UP	A485_only	medtr.A17.gnm5.ann1_6.MtrunA17Chr8g0339201	MtrunA17Chr8g0339201			medtr.A17.gnm5.MtrunA17Chr8	-	3448417	3452143	1.3626505421433	0.0448744968998436	UP	0.170173467427661	1	NS
UP	A485_only	medtr.A17.gnm5.ann1_6.MtrunA17Chr5g0405611	MtrunA17Chr5g0405611			medtr.A17.gnm5.MtrunA17Chr5	+	8829644	8831686	4.17537657645422	0.00247555341705268	UP	0.167451411490704	1	NS
UP	A485_only	medtr.A17.gnm5.ann1_6.MtrunA17Chr3g0125971	MtrunA17Chr3g0125971			medtr.A17.gnm5.MtrunA17Chr3	-	44356199	44357518	2.03975509517096	0.0150449962957314	UP	-0.166568860452169	1	NS
UP	A485_only	medtr.A17.gnm5.ann1_6.MtrunA17Chr7g0221571	MtrunA17Chr7g0221571			medtr.A17.gnm5.MtrunA17Chr7	+	7113167	7115850	1.78363973732135	0.00052993296573824	UP	0.164281406230677	1	NS
UP	A485_only	medtr.A17.gnm5.ann1_6.MtrunA17Chr6g0483911	MtrunA17Chr6g0483911			medtr.A17.gnm5.MtrunA17Chr6	+	38403655	38404557	4.53413236784744	0.00144332806956966	UP	0.162671358353171	1	NS
UP	A485_only	medtr.A17.gnm5.ann1_6.MtrunA17Chr4g0062731	MtrunA17Chr4g0062731			medtr.A17.gnm5.MtrunA17Chr4	+	54423541	54431388	1.59020634716158	0.02319109041522	UP	0.161499343232832	1	NS
UP	A485_only	medtr.A17.gnm5.ann1_6.MtrunA17Chr1g0181991	MtrunA17Chr1g0181991			medtr.A17.gnm5.MtrunA17Chr1	+	32972081	32979716	1.84197997336759	0.00441019205978586	UP	-0.158561029338949	1	NS
UP	A485_only	medtr.A17.gnm5.ann1_6.MtrunA17Chr5g0406251	MtrunA17Chr5g0406251			medtr.A17.gnm5.MtrunA17Chr5	+	9221626	9230500	2.02305518195463	0.00843477563366886	UP	0.155792985227434	1	NS
UP	A485_only	medtr.A17.gnm5.ann1_6.MtrunA17Chr3g0141451	MtrunA17Chr3g0141451			medtr.A17.gnm5.MtrunA17Chr3	-	55672148	55676432	2.41738364536287	0.00161483333749731	UP	0.155488767574268	1	NS
UP	A485_only	medtr.A17.gnm5.ann1_6.MtrunA17Chr3g0094481	MtrunA17Chr3g0094481			medtr.A17.gnm5.MtrunA17Chr3	+	17333380	17336767	2.8162726664187	1.21559563690714e-05	UP	-0.155000986378649	1	NS
UP	A485_only	medtr.A17.gnm5.ann1_6.MtrunA17Chr7g0253131	MtrunA17Chr7g0253131			medtr.A17.gnm5.MtrunA17Chr7	-	39865297	39869732	1.40585376109476	0.0312577632515235	UP	-0.149187093368556	1	NS
UP	A485_only	medtr.A17.gnm5.ann1_6.MtrunA17Chr2g0281821	MtrunA17Chr2g0281821			medtr.A17.gnm5.MtrunA17Chr2	-	3446348	3453756	1.76231645631788	0.00799949654544002	UP	0.148661405313601	1	NS
UP	A485_only	medtr.A17.gnm5.ann1_6.MtrunA17Chr2g0278551	MtrunA17Chr2g0278551			medtr.A17.gnm5.MtrunA17Chr2	-	1233500	1236505	2.15734751731563	0.0109912612907283	UP	-0.147239060934567	1	NS
UP	A485_only	medtr.A17.gnm5.ann1_6.MtrunA17Chr6g0476761	MtrunA17Chr6g0476761			medtr.A17.gnm5.MtrunA17Chr6	-	31580399	31581365	2.24530590004794	0.00761147779952816	UP	0.144313995353441	1	NS
UP	A485_only	medtr.A17.gnm5.ann1_6.MtrunA17Chr3g0114921	MtrunA17Chr3g0114921			medtr.A17.gnm5.MtrunA17Chr3	-	36269866	36273758	1.87087611464681	0.0098180128820858	UP	0.144132600374972	1	NS
UP	A485_only	medtr.A17.gnm5.ann1_6.MtrunA17Chr4g0067561	MtrunA17Chr4g0067561			medtr.A17.gnm5.MtrunA17Chr4	+	57962802	57968177	2.09324049483238	0.0028611767970927	UP	-0.142580766391046	1	NS
UP	A485_only	medtr.A17.gnm5.ann1_6.MtrunA17Chr8g0351151	MtrunA17Chr8g0351151			medtr.A17.gnm5.MtrunA17Chr8	-	13341169	13348049	1.39324847836487	0.024117135955613	UP	0.139853452581254	1	NS
UP	A485_only	medtr.A17.gnm5.ann1_6.MtrunA17Chr3g0118181	MtrunA17Chr3g0118181			medtr.A17.gnm5.MtrunA17Chr3	-	38893924	38896073	1.4442915011542	0.0150054134218492	UP	-0.137759633910987	1	NS
UP	A485_only	medtr.A17.gnm5.ann1_6.MtrunA17Chr3g0127901	MtrunA17Chr3g0127901			medtr.A17.gnm5.MtrunA17Chr3	-	45824924	45827855	2.35943986587949	0.00212204454988519	UP	0.135287196419761	1	NS
UP	A485_only	medtr.A17.gnm5.ann1_6.MtrunA17Chr7g0253611	MtrunA17Chr7g0253611			medtr.A17.gnm5.MtrunA17Chr7	-	40130821	40140125	1.63133490993667	0.0300993372052255	UP	-0.134862082907815	1	NS
UP	A485_only	medtr.A17.gnm5.ann1_6.MtrunA17Chr4g0000051	MtrunA17Chr4g0000051			medtr.A17.gnm5.MtrunA17Chr4	-	67966	68770	2.09084198613243	0.0229348561294058	UP	0.132920299148909	1	NS
UP	A485_only	medtr.A17.gnm5.ann1_6.MtrunA17Chr7g0245031	MtrunA17Chr7g0245031			medtr.A17.gnm5.MtrunA17Chr7	+	34169498	34174178	1.97059016255188	0.000742928794429711	UP	-0.130299708226769	1	NS
UP	A485_only	medtr.A17.gnm5.ann1_6.MtrunA17Chr4g0003691	MtrunA17Chr4g0003691			medtr.A17.gnm5.MtrunA17Chr4	+	2780496	2786545	1.4814888796727	0.0429060271387902	UP	0.129354729820969	1	NS
UP	A485_only	medtr.A17.gnm5.ann1_6.MtrunA17Chr4g0006201	MtrunA17Chr4g0006201			medtr.A17.gnm5.MtrunA17Chr4	-	4949170	4953714	2.18454913390417	0.00699241661033113	UP	0.125718164278937	1	NS
UP	A485_only	medtr.A17.gnm5.ann1_6.MtrunA17Chr4g0000041	MtrunA17Chr4g0000041			medtr.A17.gnm5.MtrunA17Chr4	+	62801	69340	2.13083978238371	0.00266037628328682	UP	0.124840482508377	1	NS
UP	A485_only	medtr.A17.gnm5.ann1_6.MtrunA17Chr8g0393041	MtrunA17Chr8g0393041			medtr.A17.gnm5.MtrunA17Chr8	+	49462408	49469223	1.48025851008165	0.0431016416350289	UP	-0.123161188066436	1	NS
UP	A485_only	medtr.A17.gnm5.ann1_6.MtrunA17Chr1g0192401	MtrunA17Chr1g0192401	MtPLD15	phospholipase D15	medtr.A17.gnm5.MtrunA17Chr1	+	41058901	41069773	4.22808082972602	3.12604875479073e-05	UP	-0.122966872724237	1	NS
UP	A485_only	medtr.A17.gnm5.ann1_6.MtrunA17Chr3g0137931	MtrunA17Chr3g0137931	MtPNP1	Plant Natriuretic Peptide	medtr.A17.gnm5.MtrunA17Chr3	-	53034686	53035715	5.61979509879681	0.000107734552774974	UP	0.122134234162081	1	NS
UP	A485_only	medtr.A17.gnm5.ann1_6.MtrunA17Chr4g0056211	MtrunA17Chr4g0056211			medtr.A17.gnm5.MtrunA17Chr4	+	49648784	49650232	3.03424077319373	0.0274665062952883	UP	0.121724029847893	1	NS
UP	A485_only	medtr.A17.gnm5.ann1_6.MtrunA17Chr8g0342951	MtrunA17Chr8g0342951			medtr.A17.gnm5.MtrunA17Chr8	-	6387171	6393137	2.85188778367016	0.00309687586503352	UP	0.12137567695379	1	NS
UP	A485_only	medtr.A17.gnm5.ann1_6.MtrunA17Chr5g0447051	MtrunA17Chr5g0447051			medtr.A17.gnm5.MtrunA17Chr5	+	43442934	43446950	1.69039463450848	0.0460249344694185	UP	-0.120914125586898	1	NS
UP	A485_only	medtr.A17.gnm5.ann1_6.MtrunA17Chr3g0141441	MtrunA17Chr3g0141441			medtr.A17.gnm5.MtrunA17Chr3	-	55665662	55672146	2.11525108936725	0.000191285254426089	UP	0.11927145967337	1	NS
UP	A485_only	medtr.A17.gnm5.ann1_6.MtrunA17Chr5g0398611	MtrunA17Chr5g0398611			medtr.A17.gnm5.MtrunA17Chr5	+	3408962	3410577	2.11425583003036	0.0335387921187759	UP	-0.117923354267917	1	NS
UP	A485_only	medtr.A17.gnm5.ann1_6.MtrunA17Chr4g0034051	MtrunA17Chr4g0034051			medtr.A17.gnm5.MtrunA17Chr4	+	33792103	33792709	2.52221847827117	0.031725758526318	UP	0.116856004727033	1	NS
UP	A485_only	medtr.A17.gnm5.ann1_6.MtrunA17Chr7g0273501	MtrunA17Chr7g0273501			medtr.A17.gnm5.MtrunA17Chr7	-	54138308	54143882	3.41808298657159	0.000132809971039585	UP	0.111230039349557	1	NS
UP	A485_only	medtr.A17.gnm5.ann1_6.MtrunA17Chr6g0482071	MtrunA17Chr6g0482071			medtr.A17.gnm5.MtrunA17Chr6	+	36757593	36762182	1.72502893844424	0.0196729271191448	UP	-0.111120825691212	1	NS
UP	A485_only	medtr.A17.gnm5.ann1_6.MtrunA17Chr7g0255611	MtrunA17Chr7g0255611	MtNPF3.2	NRT1/ PTR FAMILY|nitrate transporter / peptide transporter	medtr.A17.gnm5.MtrunA17Chr7	-	41547968	41553400	2.09793583287251	0.0131401455047245	UP	-0.108577783235117	1	NS
UP	A485_only	medtr.A17.gnm5.ann1_6.MtrunA17Chr5g0403801	MtrunA17Chr5g0403801			medtr.A17.gnm5.MtrunA17Chr5	+	7545153	7545348	2.49375645790288	0.0368422737719924	UP	-0.106649748564099	1	NS
UP	A485_only	medtr.A17.gnm5.ann1_6.MtrunA17Chr4g0063731	MtrunA17Chr4g0063731			medtr.A17.gnm5.MtrunA17Chr4	-	55200396	55202927	4.97433938739684	7.69404301608052e-06	UP	-0.106273065268392	1	NS
UP	A485_only	medtr.A17.gnm5.ann1_6.MtrunA17Chr3g0125951	MtrunA17Chr3g0125951			medtr.A17.gnm5.MtrunA17Chr3	-	44351549	44351701	3.17793043763803	0.00676877403477723	UP	-0.106192701905584	1	NS
UP	A485_only	medtr.A17.gnm5.ann1_6.MtrunA17Chr5g0406211	MtrunA17Chr5g0406211			medtr.A17.gnm5.MtrunA17Chr5	+	9200320	9204633	2.39437983349786	0.00121090781273412	UP	0.103611632179366	1	NS
UP	A485_only	medtr.A17.gnm5.ann1_6.MtrunA17Chr1g0189201	MtrunA17Chr1g0189201			medtr.A17.gnm5.MtrunA17Chr1	-	38783601	38788341	2.1614513801836	0.0342901935500723	UP	0.103191033519042	1	NS
UP	A485_only	medtr.A17.gnm5.ann1_6.MtrunA17Chr4g0059591	MtrunA17Chr4g0059591			medtr.A17.gnm5.MtrunA17Chr4	-	52198840	52200760	2.38453289045018	0.0114454684043873	UP	-0.102254572584995	1	NS
UP	A485_only	medtr.A17.gnm5.ann1_6.MtrunA17Chr3g0135201	MtrunA17Chr3g0135201			medtr.A17.gnm5.MtrunA17Chr3	+	51240823	51246327	2.61204770264747	0.000412010720698649	UP	0.0997330743677212	1	NS
UP	A485_only	medtr.A17.gnm5.ann1_6.MtrunA17Chr5g0420771	MtrunA17Chr5g0420771			medtr.A17.gnm5.MtrunA17Chr5	-	21254710	21257895	1.77229493135556	0.00948562011097697	UP	0.0971157060266043	1	NS
UP	A485_only	medtr.A17.gnm5.ann1_6.MtrunA17Chr1g0164011	MtrunA17Chr1g0164011			medtr.A17.gnm5.MtrunA17Chr1	+	13848357	13872856	2.1312956025671	0.0457271244072469	UP	0.0927883960633011	1	NS
UP	A485_only	medtr.A17.gnm5.ann1_6.MtrunA17Chr1g0152421	MtrunA17Chr1g0152421			medtr.A17.gnm5.MtrunA17Chr1	+	5172129	5174642	2.0508261814863	0.00103768257655572	UP	-0.0909272511174654	1	NS
UP	A485_only	medtr.A17.gnm5.ann1_6.MtrunA17Chr7g0251591	MtrunA17Chr7g0251591			medtr.A17.gnm5.MtrunA17Chr7	-	38750457	38758384	1.4500756253426	0.0427781252995286	UP	-0.0864487107517615	1	NS
UP	A485_only	medtr.A17.gnm5.ann1_6.MtrunA17Chr5g0422271	MtrunA17Chr5g0422271			medtr.A17.gnm5.MtrunA17Chr5	+	23906866	23913028	1.85604670989234	0.0105796578933075	UP	-0.0839753361773391	1	NS
UP	A485_only	medtr.A17.gnm5.ann1_6.MtrunA17Chr4g0013831	MtrunA17Chr4g0013831	MtETR1	ethylene receptor-like 1	medtr.A17.gnm5.MtrunA17Chr4	+	11203087	11207932	1.67344853335313	0.0287590629019879	UP	-0.0834173807003002	1	NS
UP	A485_only	medtr.A17.gnm5.ann1_6.MtrunA17Chr7g0271851	MtrunA17Chr7g0271851			medtr.A17.gnm5.MtrunA17Chr7	-	53168774	53172517	2.00317611563061	0.000334089199657002	UP	-0.0826371389188608	1	NS
UP	A485_only	medtr.A17.gnm5.ann1_6.MtrunA17Chr8g0347201	MtrunA17Chr8g0347201			medtr.A17.gnm5.MtrunA17Chr8	-	10186211	10191075	1.53804060215898	0.0404359771806576	UP	-0.0807869467117332	1	NS
UP	A485_only	medtr.A17.gnm5.ann1_6.MtrunA17Chr4g0030001	MtrunA17Chr4g0030001	MtLBD11	LOB Domain protein 11	medtr.A17.gnm5.MtrunA17Chr4	-	30635626	30637885	2.44156424751675	0.0119662778212492	UP	-0.0779891091473195	1	NS
UP	A485_only	medtr.A17.gnm5.ann1_6.MtrunA17Chr3g0130681	MtrunA17Chr3g0130681			medtr.A17.gnm5.MtrunA17Chr3	+	47775125	47780194	1.87176040005425	0.00432487527244067	UP	0.0761401645847041	1	NS
UP	A485_only	medtr.A17.gnm5.ann1_6.MtrunA17Chr8g0341741	MtrunA17Chr8g0341741			medtr.A17.gnm5.MtrunA17Chr8	-	5254874	5256455	4.71868632290969	0.000262922403473194	UP	0.0740209794373488	1	NS
UP	A485_only	medtr.A17.gnm5.ann1_6.MtrunA17Chr7g0250251	MtrunA17Chr7g0250251			medtr.A17.gnm5.MtrunA17Chr7	+	37766138	37771843	1.77345740982175	0.0184341523619364	UP	0.0702903709607244	1	NS
UP	A485_only	medtr.A17.gnm5.ann1_6.MtrunA17Chr8g0387531	MtrunA17Chr8g0387531			medtr.A17.gnm5.MtrunA17Chr8	-	45627088	45628661	3.17806780579759	0.00188915411668093	UP	0.0694254242993388	1	NS
UP	A485_only	medtr.A17.gnm5.ann1_6.MtrunA17Chr2g0311871	MtrunA17Chr2g0311871			medtr.A17.gnm5.MtrunA17Chr2	+	34820216	34820960	2.03443176056205	0.0131773109059214	UP	0.0589570860901977	1	NS
UP	A485_only	medtr.A17.gnm5.ann1_6.MtrunA17Chr8g0342961	MtrunA17Chr8g0342961			medtr.A17.gnm5.MtrunA17Chr8	+	6387656	6387967	2.61528871825526	0.000324369846323268	UP	-0.0553724935053942	1	NS
UP	A485_only	medtr.A17.gnm5.ann1_6.MtrunA17Chr4g0071991	MtrunA17Chr4g0071991			medtr.A17.gnm5.MtrunA17Chr4	-	61131489	61139610	2.05116803789789	0.039975312696402	UP	0.0525141163368421	1	NS
UP	A485_only	medtr.A17.gnm5.ann1_6.MtrunA17Chr8g0387441	MtrunA17Chr8g0387441			medtr.A17.gnm5.MtrunA17Chr8	+	45510047	45511605	1.66362943645299	0.00129896976084054	UP	0.0495833999204355	1	NS
UP	A485_only	medtr.A17.gnm5.ann1_6.MtrunA17Chr7g0255181	MtrunA17Chr7g0255181	MtSDG61	Histone methyltransferase SDG subfamily	medtr.A17.gnm5.MtrunA17Chr7	-	41202340	41207760	1.61651397690145	0.0108049233320527	UP	-0.0494058998668725	1	NS
UP	A485_only	medtr.A17.gnm5.ann1_6.MtrunA17Chr2g0320061	MtrunA17Chr2g0320061	MtPrx28	peroxidase 28	medtr.A17.gnm5.MtrunA17Chr2	-	41393765	41395923	2.85112059483652	0.00527913073183017	UP	0.0425946521132296	1	NS
UP	A485_only	medtr.A17.gnm5.ann1_6.MtrunA17Chr2g0286071	MtrunA17Chr2g0286071			medtr.A17.gnm5.MtrunA17Chr2	+	6518271	6521302	2.15969852416596	0.0211463255223135	UP	-0.0418190868732949	1	NS
UP	A485_only	medtr.A17.gnm5.ann1_6.MtrunA17Chr8g0372671	MtrunA17Chr8g0372671			medtr.A17.gnm5.MtrunA17Chr8	-	35096803	35099596	3.88640535059021	0.000649775879892035	UP	-0.0394725631466494	1	NS
UP	A485_only	medtr.A17.gnm5.ann1_6.MtrunA17Chr4g0049351	MtrunA17Chr4g0049351			medtr.A17.gnm5.MtrunA17Chr4	-	44702452	44712851	1.35245452293616	0.0490882863595795	UP	0.0394064143701242	1	NS
UP	A485_only	medtr.A17.gnm5.ann1_6.MtrunA17Chr1g0160791	MtrunA17Chr1g0160791			medtr.A17.gnm5.MtrunA17Chr1	-	11153271	11157474	2.69714451587798	0.000156850257607326	UP	0.0387941470980316	1	NS
UP	A485_only	medtr.A17.gnm5.ann1_6.MtrunA17Chr1g0167711	MtrunA17Chr1g0167711			medtr.A17.gnm5.MtrunA17Chr1	-	16568140	16570148	2.53106331127013	0.010990229139478	UP	-0.03764570467742	1	NS
UP	A485_only	medtr.A17.gnm5.ann1_6.MtrunA17Chr8g0343021	MtrunA17Chr8g0343021	MtLOX3	lipoxygenase (TC100155)	medtr.A17.gnm5.MtrunA17Chr8	-	6485866	6491306	3.15297138398065	0.00048783967372911	UP	-0.0371473576366421	1	NS
UP	A485_only	medtr.A17.gnm5.ann1_6.MtrunA17Chr2g0309341	MtrunA17Chr2g0309341			medtr.A17.gnm5.MtrunA17Chr2	+	32111121	32118670	4.02110158916224	9.12825337396404e-05	UP	0.0349079761854973	1	NS
UP	A485_only	medtr.A17.gnm5.ann1_6.MtrunA17Chr2g0300051	MtrunA17Chr2g0300051			medtr.A17.gnm5.MtrunA17Chr2	-	17866213	17868632	5.16975739389701	0.00690042549136241	UP	0.034433087371895	1	NS
UP	A485_only	medtr.A17.gnm5.ann1_6.MtrunA17Chr1g0177521	MtrunA17Chr1g0177521			medtr.A17.gnm5.MtrunA17Chr1	-	29066437	29067405	2.48523714838057	0.00718410034811355	UP	-0.0339541629310517	1	NS
UP	A485_only	medtr.A17.gnm5.ann1_6.MtrunA17Chr6g0484641	MtrunA17Chr6g0484641			medtr.A17.gnm5.MtrunA17Chr6	+	39184241	39186789	1.92224215923964	0.00289228231170755	UP	0.0328950510287494	1	NS
UP	A485_only	medtr.A17.gnm5.ann1_6.MtrunA17Chr7g0251681	MtrunA17Chr7g0251681			medtr.A17.gnm5.MtrunA17Chr7	-	38842953	38846631	4.76385418248338	2.95549120316337e-05	UP	0.0299123223394227	1	NS
UP	A485_only	medtr.A17.gnm5.ann1_6.MtrunA17Chr2g0289341	MtrunA17Chr2g0289341			medtr.A17.gnm5.MtrunA17Chr2	+	8959120	8961511	2.85726006982846	0.00127731650569632	UP	-0.0287562870995949	1	NS
UP	A485_only	medtr.A17.gnm5.ann1_6.MtrunA17Chr3g0085431	MtrunA17Chr3g0085431			medtr.A17.gnm5.MtrunA17Chr3	+	6760268	6761931	3.21732309780679	0.0443223489434614	UP	0.0280439796059622	1	NS
UP	A485_only	medtr.A17.gnm5.ann1_6.MtrunA17Chr4g0068821	MtrunA17Chr4g0068821			medtr.A17.gnm5.MtrunA17Chr4	-	58831569	58832374	5.00499927979853	7.32739498692944e-06	UP	0.0242348186958202	1	NS
UP	A485_only	medtr.A17.gnm5.ann1_6.MtrunA17Chr5g0412281	MtrunA17Chr5g0412281			medtr.A17.gnm5.MtrunA17Chr5	+	13724469	13725184	1.81727081835712	0.0451692983395973	UP	-0.0222997501098001	1	NS
UP	A485_only	medtr.A17.gnm5.ann1_6.MtrunA17Chr2g0286331	MtrunA17Chr2g0286331	MtMIEL1	MYB30-INTERACTING E3 LIGASE 1	medtr.A17.gnm5.MtrunA17Chr2	+	6712925	6717103	1.79355467463319	0.00112115493971219	UP	-0.0222426688675226	1	NS
UP	A485_only	medtr.A17.gnm5.ann1_6.MtrunA17Chr8g0339211	MtrunA17Chr8g0339211			medtr.A17.gnm5.MtrunA17Chr8	+	3456670	3460179	3.47711254791822	2.28350336008198e-05	UP	0.0217504118840358	1	NS
UP	A485_only	medtr.A17.gnm5.ann1_6.MtrunA17Chr5g0396271	MtrunA17Chr5g0396271			medtr.A17.gnm5.MtrunA17Chr5	+	1912016	1919002	1.97210614682236	0.00136045770912659	UP	-0.0174124791167179	1	NS
UP	A485_only	medtr.A17.gnm5.ann1_6.MtrunA17Chr4g0044601	MtrunA17Chr4g0044601			medtr.A17.gnm5.MtrunA17Chr4	+	41431222	41437636	1.47423480822159	0.0195561088202928	UP	-0.0171420559280566	1	NS
UP	A485_only	medtr.A17.gnm5.ann1_6.MtrunA17Chr5g0420221	MtrunA17Chr5g0420221			medtr.A17.gnm5.MtrunA17Chr5	-	20626323	20630634	1.4625873232243	0.0301468064842393	UP	-0.0139659271209749	1	NS
UP	A485_only	medtr.A17.gnm5.ann1_6.MtrunA17Chr2g0286081	MtrunA17Chr2g0286081			medtr.A17.gnm5.MtrunA17Chr2	+	6521304	6525098	2.46306571000866	0.000359594035197565	UP	-0.0101238560019638	1	NS
UP	A485_only	medtr.A17.gnm5.ann1_6.MtrunA17Chr2g0298671	MtrunA17Chr2g0298671			medtr.A17.gnm5.MtrunA17Chr2	+	16604227	16609130	1.70205104532498	0.00262022039974838	UP	-0.00560828256282218	1	NS
UP	A485_only	medtr.A17.gnm5.ann1_6.MtrunA17Chr5g0411031	MtrunA17Chr5g0411031			medtr.A17.gnm5.MtrunA17Chr5	+	12615759	12619548	2.2088772199896	0.000490666414986837	UP	-0.00510949272965619	1	NS
UP	A485_only	medtr.A17.gnm5.ann1_6.MtrunA17Chr4g0035031	MtrunA17Chr4g0035031			medtr.A17.gnm5.MtrunA17Chr4	+	34534746	34536679	2.85662937679075	2.17731064646371e-05	UP	0.00337533599740391	1	NS
UP	A485_only	medtr.A17.gnm5.ann1_6.MtrunA17Chr1g0182001	MtrunA17Chr1g0182001			medtr.A17.gnm5.MtrunA17Chr1	+	32982145	32987237	6.42748781299623	0.0376896229424813	UP	0	1	NS
UP	A485_only	medtr.A17.gnm5.ann1_6.MtrunA17Chr1g0204671	MtrunA17Chr1g0204671			medtr.A17.gnm5.MtrunA17Chr1	+	50112659	50114138	6.98640654064266	0.0131401455047245	UP	0	1	NS
UP	A485_only	medtr.A17.gnm5.ann1_6.MtrunA17Chr7g0276301	MtrunA17Chr7g0276301			medtr.A17.gnm5.MtrunA17Chr7	-	55885297	55888744	7.33569790471373	0.0350015142929557	UP	0	1	NS
UP	dnf2_only	medtr.A17.gnm5.ann1_6.MtrunA17Chr7g0245741	MtrunA17Chr7g0245741	MtVRC6	vestitone reductase cluster gene 6	medtr.A17.gnm5.MtrunA17Chr7	+	34709390	34712996	2.05224729608182	1	NS	9.89924461177953	0.000243598404466553	UP
UP	dnf2_only	medtr.A17.gnm5.ann1_6.MtrunA17Chr6g0472041	MtrunA17Chr6g0472041			medtr.A17.gnm5.MtrunA17Chr6	-	23530454	23533531	6.13939534591018	0.11473093415384	NS	9.7835982517328	0.00029590932696283	UP
UP	dnf2_only	medtr.A17.gnm5.ann1_6.MtrunA17Chr3g0107101	MtrunA17Chr3g0107101			medtr.A17.gnm5.MtrunA17Chr3	-	30675702	30679243	0	1	NS	9.61597462884991	0.00055251404009447	UP
UP	dnf2_only	medtr.A17.gnm5.ann1_6.MtrunA17Chr3g0096601	MtrunA17Chr3g0096601			medtr.A17.gnm5.MtrunA17Chr3	+	20769399	20772910	0	1	NS	9.45884939844337	0.000347467532355403	UP
UP	dnf2_only	medtr.A17.gnm5.ann1_6.MtrunA17Chr1g0161041	MtrunA17Chr1g0161041			medtr.A17.gnm5.MtrunA17Chr1	-	11354569	11356921	4.7120141334413	0.212275676196585	NS	9.41429328521674	2.3835748789439e-06	UP
UP	dnf2_only	medtr.A17.gnm5.ann1_6.MtrunA17Chr3g0131951	MtrunA17Chr3g0131951	MtSWEET13	sucrose transporter	medtr.A17.gnm5.MtrunA17Chr3	+	48762734	48764718	0	1	NS	8.41568456598087	0.00110997935973718	UP
UP	dnf2_only	medtr.A17.gnm5.ann1_6.MtrunA17Chr4g0056601	MtrunA17Chr4g0056601			medtr.A17.gnm5.MtrunA17Chr4	-	50039811	50044252	5.6805242433418	0.176358949919773	NS	8.28190872458063	0.0018510218151312	UP
UP	dnf2_only	medtr.A17.gnm5.ann1_6.MtrunA17Chr7g0245731	MtrunA17Chr7g0245731			medtr.A17.gnm5.MtrunA17Chr7	+	34692943	34704774	4.71266610781527	0.22982836338571	NS	8.07984531176753	0.000660393290740857	UP
UP	dnf2_only	medtr.A17.gnm5.ann1_6.MtrunA17Chr6g0485311	MtrunA17Chr6g0485311			medtr.A17.gnm5.MtrunA17Chr6	+	39824325	39829673	3.38456032583301	0.486388098248735	NS	8.04311402126289	2.56223618037216e-05	UP
UP	dnf2_only	medtr.A17.gnm5.ann1_6.MtrunA17Chr8g0370591	MtrunA17Chr8g0370591			medtr.A17.gnm5.MtrunA17Chr8	+	33687761	33688333	5.68331222327453	0.0612900628506537	NS	7.9028086341595	0.000191216811670413	UP
UP	dnf2_only	medtr.A17.gnm5.ann1_6.MtrunA17Chr7g0272791	MtrunA17Chr7g0272791			medtr.A17.gnm5.MtrunA17Chr7	-	53741429	53747610	4.31246997288341	0.221899414628306	NS	7.66358156530734	7.08624130338781e-05	UP
UP	dnf2_only	medtr.A17.gnm5.ann1_6.MtrunA17Chr3g0136611	MtrunA17Chr3g0136611			medtr.A17.gnm5.MtrunA17Chr3	-	52151987	52158912	4.31348938535572	0.157615609502887	NS	7.6144647888763	8.11843719460819e-05	UP
UP	dnf2_only	medtr.A17.gnm5.ann1_6.MtrunA17Chr4g0008721	MtrunA17Chr4g0008721			medtr.A17.gnm5.MtrunA17Chr4	+	6672741	6675766	3.76416425942403	0.387089757842686	NS	7.56219787712417	8.34737406259623e-05	UP
UP	dnf2_only	medtr.A17.gnm5.ann1_6.MtrunA17Chr1g0169981	MtrunA17Chr1g0169981			medtr.A17.gnm5.MtrunA17Chr1	+	18623654	18624628	4.1958915129876	0.051563931903663	NS	7.47726542435124	2.1469191264747e-06	UP
UP	dnf2_only	medtr.A17.gnm5.ann1_6.MtrunA17Chr3g0107381	MtrunA17Chr3g0107381			medtr.A17.gnm5.MtrunA17Chr3	-	31046503	31048123	4.06428427646895	0.369775585586504	NS	7.45339537850525	0.000570888893959416	UP
UP	dnf2_only	medtr.A17.gnm5.ann1_6.MtrunA17Chr4g0070111	MtrunA17Chr4g0070111			medtr.A17.gnm5.MtrunA17Chr4	-	59857027	59858179	4.52668728815172	0.278832076407685	NS	7.31754825872795	0.00155808906874779	UP
UP	dnf2_only	medtr.A17.gnm5.ann1_6.MtrunA17Chr4g0028661	MtrunA17Chr4g0028661			medtr.A17.gnm5.MtrunA17Chr4	+	29639577	29642647	2.05208497938612	1	NS	7.29960575878277	0.00386710457990982	UP
UP	dnf2_only	medtr.A17.gnm5.ann1_6.MtrunA17Chr4g0028691	MtrunA17Chr4g0028691			medtr.A17.gnm5.MtrunA17Chr4	+	29650822	29655587	-1.87087361116826	1	NS	7.20767734528684	7.81636032777804e-06	UP
UP	dnf2_only	medtr.A17.gnm5.ann1_6.MtrunA17Chr4g0055061	MtrunA17Chr4g0055061			medtr.A17.gnm5.MtrunA17Chr4	+	48794193	48796490	4.06598476934831	0.23635469427099	NS	7.19134719313593	0.000178291780739929	UP
UP	dnf2_only	medtr.A17.gnm5.ann1_6.MtrunA17Chr5g0394381	MtrunA17Chr5g0394381			medtr.A17.gnm5.MtrunA17Chr5	-	814644	817038	2.05224729608182	1	NS	7.16769954983285	0.00164282596921621	UP
UP	dnf2_only	medtr.A17.gnm5.ann1_6.MtrunA17Chr7g0262251	MtrunA17Chr7g0262251			medtr.A17.gnm5.MtrunA17Chr7	-	46410825	46420229	0	1	NS	7.14336866877926	0.0289929621796713	UP
UP	dnf2_only	medtr.A17.gnm5.ann1_6.MtrunA17Chr8g0354061	MtrunA17Chr8g0354061			medtr.A17.gnm5.MtrunA17Chr8	-	15719494	15722961	0	1	NS	7.09864660607183	0.0491579487915829	UP
UP	dnf2_only	medtr.A17.gnm5.ann1_6.MtrunA17Chr2g0310811	MtrunA17Chr2g0310811			medtr.A17.gnm5.MtrunA17Chr2	+	33810255	33810892	0.220435655386296	1	NS	6.95672995156957	2.1469191264747e-06	UP
UP	dnf2_only	medtr.A17.gnm5.ann1_6.MtrunA17Chr5g0423191	MtrunA17Chr5g0423191			medtr.A17.gnm5.MtrunA17Chr5	+	24967737	24971366	1.80687485407084	0.2739768657192	NS	6.90929148335529	3.6466558270792e-07	UP
UP	dnf2_only	medtr.A17.gnm5.ann1_6.MtrunA17Chr1g0200151	MtrunA17Chr1g0200151			medtr.A17.gnm5.MtrunA17Chr1	+	46746268	46747249	2.1931519427156	0.696272229995187	NS	6.9022775413703	2.3835748789439e-06	UP
UP	dnf2_only	medtr.A17.gnm5.ann1_6.MtrunA17Chr3g0085201	MtrunA17Chr3g0085201			medtr.A17.gnm5.MtrunA17Chr3	-	6569646	6573629	3.40911639054944	0.093829549308555	NS	6.89320837549413	2.1469191264747e-06	UP
UP	dnf2_only	medtr.A17.gnm5.ann1_6.MtrunA17Chr4g0074541	MtrunA17Chr4g0074541			medtr.A17.gnm5.MtrunA17Chr4	+	63161590	63164226	3.61992638851693	0.33548917262029	NS	6.82088590603027	0.00040924329633741	UP
UP	dnf2_only	medtr.A17.gnm5.ann1_6.MtrunA17Chr7g0218841	MtrunA17Chr7g0218841			medtr.A17.gnm5.MtrunA17Chr7	+	4040488	4043581	4.12548198081229	0.124077599811734	NS	6.81250642147319	0.000120815920077818	UP
UP	dnf2_only	medtr.A17.gnm5.ann1_6.MtrunA17Chr1g0200201	MtrunA17Chr1g0200201			medtr.A17.gnm5.MtrunA17Chr1	-	46796151	46798028	2.60128759857424	0.263823240441012	NS	6.6195517775138	1.16498679198843e-06	UP
UP	dnf2_only	medtr.A17.gnm5.ann1_6.MtrunA17Chr2g0305231	MtrunA17Chr2g0305231			medtr.A17.gnm5.MtrunA17Chr2	-	23941505	23947403	4.52653464287691	0.424129404073358	NS	6.48234111118827	0.0236542279864179	UP
UP	dnf2_only	medtr.A17.gnm5.ann1_6.MtrunA17Chr4g0008131	MtrunA17Chr4g0008131			medtr.A17.gnm5.MtrunA17Chr4	+	6294427	6295848	3.00207155041721	0.370061819431698	NS	6.47861725034635	2.61728210865403e-05	UP
UP	dnf2_only	medtr.A17.gnm5.ann1_6.MtrunA17Chr4g0024181	MtrunA17Chr4g0024181			medtr.A17.gnm5.MtrunA17Chr4	+	24735026	24736473	2.21524205558859	0.406881180835183	NS	6.4606062365754	3.4274350359378e-06	UP
UP	dnf2_only	medtr.A17.gnm5.ann1_6.MtrunA17Chr8g0342901	MtrunA17Chr8g0342901			medtr.A17.gnm5.MtrunA17Chr8	-	6323970	6328616	2.60192677569661	0.492257689615	NS	6.40939216897789	7.01035857361146e-05	UP
UP	dnf2_only	medtr.A17.gnm5.ann1_6.MtrunA17Chr2g0331961	MtrunA17Chr2g0331961	MtFIE.7	FERTILIZATION-INDEPENDENT ENDOSPERM (Polycomb group PcG protein)	medtr.A17.gnm5.MtrunA17Chr2	+	50153131	50156834	2.99850637742983	0.0852267393371579	NS	6.39433697962175	3.87743423318779e-06	UP
UP	dnf2_only	medtr.A17.gnm5.ann1_6.MtrunA17Chr8g0344931	MtrunA17Chr8g0344931			medtr.A17.gnm5.MtrunA17Chr8	-	8056989	8059424	2.7735306745395	0.155181671007392	NS	6.30547059998426	2.1469191264747e-06	UP
UP	dnf2_only	medtr.A17.gnm5.ann1_6.MtrunA17Chr2g0315831	MtrunA17Chr2g0315831			medtr.A17.gnm5.MtrunA17Chr2	+	38044454	38046904	3.97797556107769	0.106661579873851	NS	6.29237604408373	0.00023957048497531	UP
UP	dnf2_only	medtr.A17.gnm5.ann1_6.MtrunA17Chr2g0310801	MtrunA17Chr2g0310801			medtr.A17.gnm5.MtrunA17Chr2	-	33810247	33811782	-2.16816427361391	0.683549238975119	NS	6.27738320844867	3.20271139687923e-07	UP
UP	dnf2_only	medtr.A17.gnm5.ann1_6.MtrunA17Chr3g0098111	MtrunA17Chr3g0098111			medtr.A17.gnm5.MtrunA17Chr3	+	22884935	22886533	3.28112508464219	0.369637712578016	NS	6.23317971261724	0.000379017449884863	UP
UP	dnf2_only	medtr.A17.gnm5.ann1_6.MtrunA17Chr7g0215601	MtrunA17Chr7g0215601	MtSWEET9b|MtSWEET9.2	sucrose transporter	medtr.A17.gnm5.MtrunA17Chr7	+	1570937	1573636	1.51139971674917	1	NS	6.17149584120733	0.000493067844443413	UP
UP	dnf2_only	medtr.A17.gnm5.ann1_6.MtrunA17Chr4g0024531	MtrunA17Chr4g0024531			medtr.A17.gnm5.MtrunA17Chr4	+	25213267	25214057	2.86718393332802	0.906933939846136	NS	6.15493696387326	0.0264902466701657	UP
UP	dnf2_only	medtr.A17.gnm5.ann1_6.MtrunA17Chr8g0348351	MtrunA17Chr8g0348351			medtr.A17.gnm5.MtrunA17Chr8	+	11017443	11021556	2.19317738468728	0.73276177297971	NS	6.08016992563581	0.000164197735076158	UP
UP	dnf2_only	medtr.A17.gnm5.ann1_6.MtrunA17Chr4g0069861	MtrunA17Chr4g0069861			medtr.A17.gnm5.MtrunA17Chr4	+	59653212	59655675	5.3874467954062	0.0897919489549924	NS	6.06112800951622	0.0195910839250342	UP
UP	dnf2_only	medtr.A17.gnm5.ann1_6.MtrunA17Chr1g0179891	MtrunA17Chr1g0179891			medtr.A17.gnm5.MtrunA17Chr1	-	31152450	31153169	5.02052246336109	0.218959129478471	NS	6.06049404364001	0.0379275372878659	UP
UP	dnf2_only	medtr.A17.gnm5.ann1_6.MtrunA17Chr4g0040551	MtrunA17Chr4g0040551			medtr.A17.gnm5.MtrunA17Chr4	-	38465212	38466127	2.05278329658409	1	NS	6.01010847903234	0.00805713188427656	UP
UP	dnf2_only	medtr.A17.gnm5.ann1_6.MtrunA17Chr8g0352531	MtrunA17Chr8g0352531			medtr.A17.gnm5.MtrunA17Chr8	-	14436689	14438229	-1.87087361116826	1	NS	5.95875808722515	0.00147067909157939	UP
UP	dnf2_only	medtr.A17.gnm5.ann1_6.MtrunA17Chr2g0325661	MtrunA17Chr2g0325661			medtr.A17.gnm5.MtrunA17Chr2	-	45507828	45512615	3.001921985589	0.226903964109756	NS	5.9568966394863	2.35200898561731e-05	UP
UP	dnf2_only	medtr.A17.gnm5.ann1_6.MtrunA17Chr3g0106901	MtrunA17Chr3g0106901			medtr.A17.gnm5.MtrunA17Chr3	+	30512731	30515535	2.35065911067717	0.0737955419986174	NS	5.91093911813852	4.2074319338136e-06	UP
UP	dnf2_only	medtr.A17.gnm5.ann1_6.MtrunA17Chr5g0426041	MtrunA17Chr5g0426041			medtr.A17.gnm5.MtrunA17Chr5	-	27988838	27991961	0.997001702929623	1	NS	5.72679347859787	0.000392654152108085	UP
UP	dnf2_only	medtr.A17.gnm5.ann1_6.MtrunA17Chr3g0085411	MtrunA17Chr3g0085411			medtr.A17.gnm5.MtrunA17Chr3	-	6756105	6756553	0.179955035746491	1	NS	5.70916287118706	0.000721369060782874	UP
UP	dnf2_only	medtr.A17.gnm5.ann1_6.MtrunA17Chr2g0304461	MtrunA17Chr2g0304461	MtPRP669_22	Pro-rich Protein Group 669	medtr.A17.gnm5.MtrunA17Chr2	-	22656723	22657165	1.13435782506041	1	NS	5.64242911455199	1.15579501667879e-05	UP
UP	dnf2_only	medtr.A17.gnm5.ann1_6.MtrunA17Chr2g0312871	MtrunA17Chr2g0312871	MtNAS2	nicotianamide synthase	medtr.A17.gnm5.MtrunA17Chr2	+	35605952	35607116	-0.874832129307333	1	NS	5.58407507453822	2.97401872793896e-05	UP
UP	dnf2_only	medtr.A17.gnm5.ann1_6.MtrunA17Chr5g0402471	MtrunA17Chr5g0402471	MtCEP5	C-terminally encoded peptide	medtr.A17.gnm5.MtrunA17Chr5	+	6536188	6536885	-3.16818783987667	0.821610382215908	NS	5.54754579629766	0.000143296901711854	UP
UP	dnf2_only	medtr.A17.gnm5.ann1_6.MtrunA17Chr3g0111501	MtrunA17Chr3g0111501			medtr.A17.gnm5.MtrunA17Chr3	+	33843916	33844396	2.44117168304871	0.641541215685232	NS	5.44656433923377	0.00120420323014804	UP
UP	dnf2_only	medtr.A17.gnm5.ann1_6.MtrunA17Chr5g0417741	MtrunA17Chr5g0417741			medtr.A17.gnm5.MtrunA17Chr5	-	18269138	18273220	1.88000960043066	0.130456305732047	NS	5.43919987686915	9.77247112867654e-07	UP
UP	dnf2_only	medtr.A17.gnm5.ann1_6.MtrunA17Chr7g0236561	MtrunA17Chr7g0236561			medtr.A17.gnm5.MtrunA17Chr7	+	26760218	26765771	3.00530231637952	0.184917809469954	NS	5.36448324422556	0.000189001529029071	UP
UP	dnf2_only	medtr.A17.gnm5.ann1_6.MtrunA17Chr7g0267911	MtrunA17Chr7g0267911			medtr.A17.gnm5.MtrunA17Chr7	-	50524529	50527824	2.34585878585891	0.0554916461076996	NS	5.34999364622955	2.96590461268496e-06	UP
UP	dnf2_only	medtr.A17.gnm5.ann1_6.MtrunA17Chr2g0292291	MtrunA17Chr2g0292291	MtPrx35	peroxidase	medtr.A17.gnm5.MtrunA17Chr2	-	11274490	11276789	1.19746305011038	1	NS	5.34754837028272	0.000669807662770383	UP
UP	dnf2_only	medtr.A17.gnm5.ann1_6.MtrunA17Chr3g0093751	MtrunA17Chr3g0093751			medtr.A17.gnm5.MtrunA17Chr3	-	15845163	15846926	2.2114047243849	0.6606805332671	NS	5.29543769825631	0.000382855479001189	UP
UP	dnf2_only	medtr.A17.gnm5.ann1_6.MtrunA17Chr4g0038961	MtrunA17Chr4g0038961	MtBG20|MtBGLU1	beta-1,3-Glucanase 20|beta-1,3-glucanase 1	medtr.A17.gnm5.MtrunA17Chr4	+	37200563	37202579	4.4274928325045	0.0533814730958421	NS	5.29181156831772	0.00513223120809633	UP
UP	dnf2_only	medtr.A17.gnm5.ann1_6.MtrunA17Chr6g0481961	MtrunA17Chr6g0481961	MtKunitz15	Kunitz-P Trypsin Inhibitor	medtr.A17.gnm5.MtrunA17Chr6	-	36695923	36696841	3.61936256644116	0.0854670410113682	NS	5.28609435984761	0.00198863352166822	UP
UP	dnf2_only	medtr.A17.gnm5.ann1_6.MtrunA17Chr7g0263931	MtrunA17Chr7g0263931			medtr.A17.gnm5.MtrunA17Chr7	-	47573588	47575364	1.40795102082465	0.67528163141959	NS	5.28150447882072	7.81636032777804e-06	UP
UP	dnf2_only	medtr.A17.gnm5.ann1_6.MtrunA17Chr8g0339641	MtrunA17Chr8g0339641			medtr.A17.gnm5.MtrunA17Chr8	+	3697295	3699244	-1.87087361116826	1	NS	5.24995983806285	0.00947085052952938	UP
UP	dnf2_only	medtr.A17.gnm5.ann1_6.MtrunA17Chr8g0350971	MtrunA17Chr8g0350971			medtr.A17.gnm5.MtrunA17Chr8	+	13135927	13137382	2.19317738468728	0.821332431689142	NS	5.22614934388628	0.0021896584821034	UP
UP	dnf2_only	medtr.A17.gnm5.ann1_6.MtrunA17Chr0c15g0493711	MtrunA17Chr0c15g0493711			medtr.A17.gnm5.MtrunA17Chr0c15	-	17159	17844	-1.87231770230701	1	NS	5.22553206113346	0.000382133198911979	UP
UP	dnf2_only	medtr.A17.gnm5.ann1_6.MtrunA17Chr4g0051251	MtrunA17Chr4g0051251			medtr.A17.gnm5.MtrunA17Chr4	+	45876630	45878177	-0.299958994242599	1	NS	5.21838427480854	1.19288846379159e-05	UP
UP	dnf2_only	medtr.A17.gnm5.ann1_6.MtrunA17Chr2g0300561	MtrunA17Chr2g0300561			medtr.A17.gnm5.MtrunA17Chr2	+	18346718	18347540	-2.66085044866661	0.937338680111558	NS	5.17021543176816	0.000985229592416328	UP
UP	dnf2_only	medtr.A17.gnm5.ann1_6.MtrunA17Chr2g0319001	MtrunA17Chr2g0319001			medtr.A17.gnm5.MtrunA17Chr2	-	40519734	40524592	1.94371730577462	0.199200936694711	NS	5.09720740772693	1.21834196762136e-05	UP
UP	dnf2_only	medtr.A17.gnm5.ann1_6.MtrunA17Chr6g0458141	MtrunA17Chr6g0458141			medtr.A17.gnm5.MtrunA17Chr6	+	7733714	7734038	2.05231659230337	0.781519533746948	NS	5.08192656759743	0.00157550550715684	UP
UP	dnf2_only	medtr.A17.gnm5.ann1_6.MtrunA17Chr4g0055601	MtrunA17Chr4g0055601			medtr.A17.gnm5.MtrunA17Chr4	+	49187523	49189026	3.61354309463916	0.138619876289186	NS	5.06334474156437	0.0233757666548578	UP
UP	dnf2_only	medtr.A17.gnm5.ann1_6.MtrunA17Chr1g0159551	MtrunA17Chr1g0159551			medtr.A17.gnm5.MtrunA17Chr1	+	10228783	10230238	-0.076433047023695	1	NS	4.97501907919716	9.92708478492838e-06	UP
UP	dnf2_only	medtr.A17.gnm5.ann1_6.MtrunA17Chr7g0275721	MtrunA17Chr7g0275721			medtr.A17.gnm5.MtrunA17Chr7	+	55596781	55597046	-0.673525444818774	1	NS	4.96536003121137	4.12926000260458e-05	UP
UP	dnf2_only	medtr.A17.gnm5.ann1_6.MtrunA17Chr7g0219141	MtrunA17Chr7g0219141			medtr.A17.gnm5.MtrunA17Chr7	+	4399250	4401506	1.61851847216294	0.324543168871173	NS	4.9181976398638	3.45267359120445e-06	UP
UP	dnf2_only	medtr.A17.gnm5.ann1_6.MtrunA17Chr7g0239671	MtrunA17Chr7g0239671			medtr.A17.gnm5.MtrunA17Chr7	+	29635962	29636496	2.72965661007429	0.416505168328182	NS	4.86841170170405	0.00314711007142198	UP
UP	dnf2_only	medtr.A17.gnm5.ann1_6.MtrunA17Chr6g0475131	MtrunA17Chr6g0475131			medtr.A17.gnm5.MtrunA17Chr6	+	29278799	29280676	2.61665213016859	0.336033445446596	NS	4.86676538981383	0.00071943671977916	UP
UP	dnf2_only	medtr.A17.gnm5.ann1_6.MtrunA17Chr2g0315811	MtrunA17Chr2g0315811			medtr.A17.gnm5.MtrunA17Chr2	+	38041715	38044322	0.774947392776285	1	NS	4.79758065620582	0.000341132008024123	UP
UP	dnf2_only	medtr.A17.gnm5.ann1_6.MtrunA17Chr8g0347401	MtrunA17Chr8g0347401			medtr.A17.gnm5.MtrunA17Chr8	+	10322111	10322488	0.994200607737175	1	NS	4.78253459510115	0.00499892959955038	UP
UP	dnf2_only	medtr.A17.gnm5.ann1_6.MtrunA17Chr3g0114691	MtrunA17Chr3g0114691			medtr.A17.gnm5.MtrunA17Chr3	-	36094544	36098569	1.58069658653162	0.322543134801851	NS	4.76526354833945	2.11419109953021e-05	UP
UP	dnf2_only	medtr.A17.gnm5.ann1_6.MtrunA17Chr6g0482011	MtrunA17Chr6g0482011	MtKunitz16	Kunitz-P Trypsin Inhibitor	medtr.A17.gnm5.MtrunA17Chr6	+	36728861	36729645	2.89626274482634	0.101940263354501	NS	4.76044295919904	0.00183845600861307	UP
UP	dnf2_only	medtr.A17.gnm5.ann1_6.MtrunA17Chr4g0007391	MtrunA17Chr4g0007391			medtr.A17.gnm5.MtrunA17Chr4	+	5825266	5826523	1.35920253150258	0.992499593224408	NS	4.750648208202	0.000132776918921723	UP
UP	dnf2_only	medtr.A17.gnm5.ann1_6.MtrunA17Chr8g0366971	MtrunA17Chr8g0366971			medtr.A17.gnm5.MtrunA17Chr8	+	30753665	30755069	2.2245717594639	0.303681199460753	NS	4.69217960199379	9.96765045657772e-05	UP
UP	dnf2_only	medtr.A17.gnm5.ann1_6.MtrunA17Chr1g0192251	MtrunA17Chr1g0192251			medtr.A17.gnm5.MtrunA17Chr1	+	40992072	40994318	1.86603067577327	0.848105366113789	NS	4.59645212937894	0.00265474819497229	UP
UP	dnf2_only	medtr.A17.gnm5.ann1_6.MtrunA17Chr6g0458131	MtrunA17Chr6g0458131			medtr.A17.gnm5.MtrunA17Chr6	+	7719611	7719949	2.21349197741855	0.665404371883725	NS	4.55118949251177	0.00590662650535751	UP
UP	dnf2_only	medtr.A17.gnm5.ann1_6.MtrunA17Chr4g0038941	MtrunA17Chr4g0038941			medtr.A17.gnm5.MtrunA17Chr4	+	37193716	37195006	-1.25647444724202	0.932806305116518	NS	4.54954820823421	2.3835748789439e-06	UP
UP	dnf2_only	medtr.A17.gnm5.ann1_6.MtrunA17Chr8g0374831	MtrunA17Chr8g0374831	MtCEP13	C-terminally encoded peptide	medtr.A17.gnm5.MtrunA17Chr8	-	36723317	36723985	-3.16813789457201	0.512031390602771	NS	4.47921184712671	0.000552031839685645	UP
UP	dnf2_only	medtr.A17.gnm5.ann1_6.MtrunA17Chr8g0358541	MtrunA17Chr8g0358541			medtr.A17.gnm5.MtrunA17Chr8	-	21034417	21035569	4.19682125585558	0.0653104523985861	NS	4.45684542925265	0.0251246021592899	UP
UP	dnf2_only	medtr.A17.gnm5.ann1_6.MtrunA17Chr1g0203171	MtrunA17Chr1g0203171			medtr.A17.gnm5.MtrunA17Chr1	+	49094884	49096686	0.812467029850828	1	NS	4.45171617916692	0.00014955157926015	UP
UP	dnf2_only	medtr.A17.gnm5.ann1_6.MtrunA17Chr1g0202251	MtrunA17Chr1g0202251			medtr.A17.gnm5.MtrunA17Chr1	-	48479612	48480126	1.96614839225344	0.0626396537853962	NS	4.42789069175061	9.79856371747443e-06	UP
UP	dnf2_only	medtr.A17.gnm5.ann1_6.MtrunA17Chr3g0114711	MtrunA17Chr3g0114711			medtr.A17.gnm5.MtrunA17Chr3	-	36119924	36125470	1.69480202690009	0.259693309976521	NS	4.41278272335914	5.55028296414142e-05	UP
UP	dnf2_only	medtr.A17.gnm5.ann1_6.MtrunA17Chr4g0001151	MtrunA17Chr4g0001151			medtr.A17.gnm5.MtrunA17Chr4	-	760103	762760	0.896482596751944	1	NS	4.4117983804668	0.0080476637859101	UP
UP	dnf2_only	medtr.A17.gnm5.ann1_6.MtrunA17Chr2g0284121	MtrunA17Chr2g0284121			medtr.A17.gnm5.MtrunA17Chr2	-	5091951	5096882	1.68184140121645	0.53958902438119	NS	4.40423503699271	0.000113814116858064	UP
UP	dnf2_only	medtr.A17.gnm5.ann1_6.MtrunA17Chr8g0355971	MtrunA17Chr8g0355971			medtr.A17.gnm5.MtrunA17Chr8	-	17552628	17555489	2.15758592419397	0.0605174783035221	NS	4.39156232973066	3.13753807158791e-05	UP
UP	dnf2_only	medtr.A17.gnm5.ann1_6.MtrunA17Chr1g0180411	MtrunA17Chr1g0180411			medtr.A17.gnm5.MtrunA17Chr1	+	31570813	31576121	1.14527891944262	1	NS	4.34189945862191	0.0405465023481467	UP
UP	dnf2_only	medtr.A17.gnm5.ann1_6.MtrunA17Chr8g0380811	MtrunA17Chr8g0380811			medtr.A17.gnm5.MtrunA17Chr8	-	41043082	41045912	0.207342486091723	1	NS	4.3133127483734	0.000489388713455962	UP
UP	dnf2_only	medtr.A17.gnm5.ann1_6.MtrunA17Chr1g0203531	MtrunA17Chr1g0203531	MtCLE05	CLAVATA3/EMBRYO-SURROUNDING REGION (CLE) family	medtr.A17.gnm5.MtrunA17Chr1	+	49311995	49313192	1.05048403961984	0.857153679816598	NS	4.29013444869005	1.97152976119804e-05	UP
UP	dnf2_only	medtr.A17.gnm5.ann1_6.MtrunA17Chr1g0153391	MtrunA17Chr1g0153391			medtr.A17.gnm5.MtrunA17Chr1	+	5928169	5930678	1.03680598297087	0.934218852485297	NS	4.28869573951191	0.000300375894562479	UP
UP	dnf2_only	medtr.A17.gnm5.ann1_6.MtrunA17Chr5g0408911	MtrunA17Chr5g0408911			medtr.A17.gnm5.MtrunA17Chr5	+	10842794	10844543	-3.1667730267811	1	NS	4.27036280558984	0.0277399700524416	UP
UP	dnf2_only	medtr.A17.gnm5.ann1_6.MtrunA17Chr6g0463521	MtrunA17Chr6g0463521			medtr.A17.gnm5.MtrunA17Chr6	+	12713442	12714911	2.1768962816643	0.082741909721671	NS	4.26484195452486	3.21879644667972e-05	UP
UP	dnf2_only	medtr.A17.gnm5.ann1_6.MtrunA17Chr5g0432241	MtrunA17Chr5g0432241			medtr.A17.gnm5.MtrunA17Chr5	+	32995952	32998625	1.40809696972058	1	NS	4.2344456221676	0.0271656667515765	UP
UP	dnf2_only	medtr.A17.gnm5.ann1_6.MtrunA17Chr7g0262201	MtrunA17Chr7g0262201			medtr.A17.gnm5.MtrunA17Chr7	-	46355453	46361022	0.630768803183557	1	NS	4.20627813153587	0.000629765434760754	UP
UP	dnf2_only	medtr.A17.gnm5.ann1_6.MtrunA17Chr6g0479071	MtrunA17Chr6g0479071			medtr.A17.gnm5.MtrunA17Chr6	+	33672407	33673588	2.64284361607075	0.0746128168137545	NS	4.19846183392687	0.000785601750235086	UP
UP	dnf2_only	medtr.A17.gnm5.ann1_6.MtrunA17Chr1g0205541	MtrunA17Chr1g0205541			medtr.A17.gnm5.MtrunA17Chr1	+	50756498	50760112	0.21600623497756	1	NS	4.15092920687029	0.00798178054385443	UP
UP	dnf2_only	medtr.A17.gnm5.ann1_6.MtrunA17Chr1g0152201	MtrunA17Chr1g0152201			medtr.A17.gnm5.MtrunA17Chr1	+	4974835	4975629	-1.05580393738787	0.990547898883435	NS	4.13816003438392	2.97401872793896e-05	UP
UP	dnf2_only	medtr.A17.gnm5.ann1_6.MtrunA17Chr4g0075961	MtrunA17Chr4g0075961			medtr.A17.gnm5.MtrunA17Chr4	+	63996476	63997563	0.984956406221778	1	NS	4.13737834882457	0.00499432726478054	UP
UP	dnf2_only	medtr.A17.gnm5.ann1_6.MtrunA17Chr7g0219171	MtrunA17Chr7g0219171			medtr.A17.gnm5.MtrunA17Chr7	-	4416106	4417953	1.89690540880344	0.196667949489364	NS	4.13699695415219	0.000150854974568487	UP
UP	dnf2_only	medtr.A17.gnm5.ann1_6.MtrunA17Chr5g0431481	MtrunA17Chr5g0431481			medtr.A17.gnm5.MtrunA17Chr5	+	32332940	32346752	2.32675173779384	0.378891039967292	NS	4.13313609025071	0.00318360584068559	UP
UP	dnf2_only	medtr.A17.gnm5.ann1_6.MtrunA17Chr4g0056271	MtrunA17Chr4g0056271			medtr.A17.gnm5.MtrunA17Chr4	-	49681362	49683989	1.19545079525911	0.666734458448937	NS	4.10177757706644	1.88177473854562e-05	UP
UP	dnf2_only	medtr.A17.gnm5.ann1_6.MtrunA17Chr7g0250581	MtrunA17Chr7g0250581			medtr.A17.gnm5.MtrunA17Chr7	+	38052916	38054040	1.79632220902252	0.401772931237823	NS	4.09771793430839	0.000592935471098597	UP
UP	dnf2_only	medtr.A17.gnm5.ann1_6.MtrunA17Chr2g0295051	MtrunA17Chr2g0295051	MtPR10-3	Pathogenesis-related protein 10 (TC76511)	medtr.A17.gnm5.MtrunA17Chr2	+	13580564	13582040	0.769567377461861	1	NS	4.09438322170296	3.97291926259811e-05	UP
UP	dnf2_only	medtr.A17.gnm5.ann1_6.MtrunA17Chr1g0166481	MtrunA17Chr1g0166481			medtr.A17.gnm5.MtrunA17Chr1	-	15914987	15917881	1.70783837094417	0.747570376023095	NS	4.08743132989812	0.00195687055297172	UP
UP	dnf2_only	medtr.A17.gnm5.ann1_6.MtrunA17Chr2g0323911	MtrunA17Chr2g0323911			medtr.A17.gnm5.MtrunA17Chr2	-	44282973	44283617	2.44165945428086	0.519528568790144	NS	4.08601919509381	0.0206773716101442	UP
UP	dnf2_only	medtr.A17.gnm5.ann1_6.MtrunA17Chr2g0297811	MtrunA17Chr2g0297811			medtr.A17.gnm5.MtrunA17Chr2	+	15854010	15855262	-2.03188161120177	0.780232820343751	NS	4.05326758645443	0.000184253505948815	UP
UP	dnf2_only	medtr.A17.gnm5.ann1_6.MtrunA17Chr6g0462611	MtrunA17Chr6g0462611			medtr.A17.gnm5.MtrunA17Chr6	-	11696982	11698853	1.85614453761293	0.554903164313887	NS	4.04762820683365	0.00132295533407852	UP
UP	dnf2_only	medtr.A17.gnm5.ann1_6.MtrunA17Chr2g0292271	MtrunA17Chr2g0292271	MtPrx26	peroxidase	medtr.A17.gnm5.MtrunA17Chr2	+	11260772	11263619	1.27674527636932	0.448617335287544	NS	4.04185863210509	1.43224243810042e-06	UP
UP	dnf2_only	medtr.A17.gnm5.ann1_6.MtrunA17Chr4g0043061	MtrunA17Chr4g0043061			medtr.A17.gnm5.MtrunA17Chr4	+	40214356	40216410	1.42788973575592	0.370675486246878	NS	4.04176553805606	2.96590461268496e-06	UP
UP	dnf2_only	medtr.A17.gnm5.ann1_6.MtrunA17Chr7g0219811	MtrunA17Chr7g0219811			medtr.A17.gnm5.MtrunA17Chr7	-	5125951	5130577	1.31972013488486	0.743901376707274	NS	4.02320746829497	0.000137126526996395	UP
UP	dnf2_only	medtr.A17.gnm5.ann1_6.MtrunA17Chr2g0319041	MtrunA17Chr2g0319041	MtTPS7	terpene synthase 7	medtr.A17.gnm5.MtrunA17Chr2	-	40550044	40553704	3.58359590791007	0.146214125111633	NS	4.02138532421046	0.0494168243796999	UP
UP	dnf2_only	medtr.A17.gnm5.ann1_6.MtrunA17Chr4g0062831	MtrunA17Chr4g0062831			medtr.A17.gnm5.MtrunA17Chr4	+	54528769	54529561	1.6125835343481	0.604044518190259	NS	4.00287116218843	0.000396542732456308	UP
UP	dnf2_only	medtr.A17.gnm5.ann1_6.MtrunA17Chr3g0125361	MtrunA17Chr3g0125361			medtr.A17.gnm5.MtrunA17Chr3	+	43930704	43931496	1.40375043324814	0.683023792573626	NS	3.98699663093243	0.000326949191654614	UP
UP	dnf2_only	medtr.A17.gnm5.ann1_6.MtrunA17Chr3g0111331	MtrunA17Chr3g0111331			medtr.A17.gnm5.MtrunA17Chr3	+	33657552	33658098	-2.23874766956486	0.812623752630137	NS	3.98306995724145	0.000761483963148121	UP
UP	dnf2_only	medtr.A17.gnm5.ann1_6.MtrunA17Chr4g0003751	MtrunA17Chr4g0003751			medtr.A17.gnm5.MtrunA17Chr4	+	2827901	2828805	1.98905587373659	0.494649013411957	NS	3.9816539822105	0.00192103918671445	UP
UP	dnf2_only	medtr.A17.gnm5.ann1_6.MtrunA17Chr6g0471721	MtrunA17Chr6g0471721			medtr.A17.gnm5.MtrunA17Chr6	-	23062398	23063512	0.110739834710282	1	NS	3.98153932124558	0.00257856702260645	UP
UP	dnf2_only	medtr.A17.gnm5.ann1_6.MtrunA17Chr5g0426781	MtrunA17Chr5g0426781			medtr.A17.gnm5.MtrunA17Chr5	+	28611668	28613251	-2.65944636478777	0.949498062825814	NS	3.96182022968486	0.0184106603457115	UP
UP	dnf2_only	medtr.A17.gnm5.ann1_6.MtrunA17Chr7g0219681	MtrunA17Chr7g0219681			medtr.A17.gnm5.MtrunA17Chr7	+	4981710	4984181	1.85749460771267	0.610219512818049	NS	3.95683654852559	0.00325424121801037	UP
UP	dnf2_only	medtr.A17.gnm5.ann1_6.MtrunA17Chr6g0449521	MtrunA17Chr6g0449521			medtr.A17.gnm5.MtrunA17Chr6	+	493534	498577	1.47279050415055	0.483994279989672	NS	3.93356168744775	0.000639137435749102	UP
UP	dnf2_only	medtr.A17.gnm5.ann1_6.MtrunA17Chr8g0344091	MtrunA17Chr8g0344091			medtr.A17.gnm5.MtrunA17Chr8	+	7297833	7298779	1.86399132713509	0.947824756171868	NS	3.89284637649691	0.0436078962978436	UP
UP	dnf2_only	medtr.A17.gnm5.ann1_6.MtrunA17Chr7g0251061	MtrunA17Chr7g0251061			medtr.A17.gnm5.MtrunA17Chr7	-	38367740	38370621	1.94507225494724	0.394844931293728	NS	3.89280765048933	0.00196792195705707	UP
UP	dnf2_only	medtr.A17.gnm5.ann1_6.MtrunA17Chr2g0290831	MtrunA17Chr2g0290831			medtr.A17.gnm5.MtrunA17Chr2	-	10173717	10174580	1.36254001162899	0.978392753987891	NS	3.88545565274814	0.00314302882195584	UP
UP	dnf2_only	medtr.A17.gnm5.ann1_6.MtrunA17Chr2g0309861	MtrunA17Chr2g0309861			medtr.A17.gnm5.MtrunA17Chr2	-	32637570	32640195	0.437921920122345	1	NS	3.87758861150586	0.0270333169672465	UP
UP	dnf2_only	medtr.A17.gnm5.ann1_6.MtrunA17Chr2g0280741	MtrunA17Chr2g0280741			medtr.A17.gnm5.MtrunA17Chr2	+	2702698	2705024	1.18562229168375	0.817400481412244	NS	3.87428204459169	7.01035857361146e-05	UP
UP	dnf2_only	medtr.A17.gnm5.ann1_6.MtrunA17Chr4g0018281	MtrunA17Chr4g0018281			medtr.A17.gnm5.MtrunA17Chr4	-	13487679	13488562	3.55078960919621	0.0738130336569578	NS	3.8557071369675	0.0261458986434257	UP
UP	dnf2_only	medtr.A17.gnm5.ann1_6.MtrunA17Chr6g0462291	MtrunA17Chr6g0462291			medtr.A17.gnm5.MtrunA17Chr6	-	11325589	11326510	2.53403319222475	0.370061819431698	NS	3.8553999645437	0.0225077991545813	UP
UP	dnf2_only	medtr.A17.gnm5.ann1_6.MtrunA17Chr1g0181421	MtrunA17Chr1g0181421			medtr.A17.gnm5.MtrunA17Chr1	+	32486809	32488098	1.93029673802753	0.471978319042691	NS	3.84570427616707	0.016880434151515	UP
UP	dnf2_only	medtr.A17.gnm5.ann1_6.MtrunA17Chr4g0008691	MtrunA17Chr4g0008691			medtr.A17.gnm5.MtrunA17Chr4	+	6653230	6654144	1.59893273717152	0.397570489092936	NS	3.83741983688287	0.000254980763709726	UP
UP	dnf2_only	medtr.A17.gnm5.ann1_6.MtrunA17Chr4g0055561	MtrunA17Chr4g0055561			medtr.A17.gnm5.MtrunA17Chr4	+	49175456	49177088	-2.66090085908714	0.886596394759857	NS	3.78465046509247	0.0226948960503345	UP
UP	dnf2_only	medtr.A17.gnm5.ann1_6.MtrunA17Chr3g0101621	MtrunA17Chr3g0101621	MtCYP71D74	Cytochrome P450 monooxygenase	medtr.A17.gnm5.MtrunA17Chr3	-	26107365	26109881	2.42308242853589	0.320622906801757	NS	3.77913681987579	0.00974039408106103	UP
UP	dnf2_only	medtr.A17.gnm5.ann1_6.MtrunA17Chr2g0314721	MtrunA17Chr2g0314721	MtCYP76X16	Cytochrome P450 monooxygenase	medtr.A17.gnm5.MtrunA17Chr2	+	37123408	37125964	1.96363198357728	0.367166761643035	NS	3.776901338383	0.00402456175880996	UP
UP	dnf2_only	medtr.A17.gnm5.ann1_6.MtrunA17Chr6g0451351	MtrunA17Chr6g0451351			medtr.A17.gnm5.MtrunA17Chr6	+	1922513	1924792	0.916761007297573	1	NS	3.7453266255465	0.00465614013199544	UP
UP	dnf2_only	medtr.A17.gnm5.ann1_6.MtrunA17Chr3g0116191	MtrunA17Chr3g0116191			medtr.A17.gnm5.MtrunA17Chr3	+	37477748	37481855	-1.10295118947942	0.879681995878279	NS	3.74451171277709	3.83519626566451e-05	UP
UP	dnf2_only	medtr.A17.gnm5.ann1_6.MtrunA17Chr8g0362641	MtrunA17Chr8g0362641			medtr.A17.gnm5.MtrunA17Chr8	+	27169845	27174565	1.47087065023261	0.893664419587129	NS	3.73499778584032	0.00853088230485929	UP
UP	dnf2_only	medtr.A17.gnm5.ann1_6.MtrunA17Chr5g0448361	MtrunA17Chr5g0448361	MtPAL1	phenylalanine ammonia lyase 1	medtr.A17.gnm5.MtrunA17Chr5	+	44407138	44410340	1.27101675099181	0.357710357000364	NS	3.72676409500472	2.02836867596289e-06	UP
UP	dnf2_only	medtr.A17.gnm5.ann1_6.MtrunA17Chr3g0078971	MtrunA17Chr3g0078971	MtSTP3_1|MtSTP3.1	Sugar transport protein  (Hexose carrier protein HEX6)	medtr.A17.gnm5.MtrunA17Chr3	+	1397593	1401950	0.727493245782984	1	NS	3.72602767752647	0.000785601750235086	UP
UP	dnf2_only	medtr.A17.gnm5.ann1_6.MtrunA17Chr2g0283231	MtrunA17Chr2g0283231			medtr.A17.gnm5.MtrunA17Chr2	-	4505073	4508715	2.10930923865227	0.653346852382725	NS	3.72569472383678	0.0313747782418362	UP
UP	dnf2_only	medtr.A17.gnm5.ann1_6.MtrunA17Chr2g0298031	MtrunA17Chr2g0298031	MtAHA5	(Plasma membrane proton pump, TC121827)	medtr.A17.gnm5.MtrunA17Chr2	+	15994204	16002157	0.578392134322137	1	NS	3.72531722270142	0.00544673215666974	UP
UP	dnf2_only	medtr.A17.gnm5.ann1_6.MtrunA17Chr4g0054281	MtrunA17Chr4g0054281			medtr.A17.gnm5.MtrunA17Chr4	+	48068493	48069376	-0.121704984506157	1	NS	3.71632871797886	0.00219589638116963	UP
UP	dnf2_only	medtr.A17.gnm5.ann1_6.MtrunA17Chr5g0395591	MtrunA17Chr5g0395591	MtCHS-5	Chalcone synthase 4	medtr.A17.gnm5.MtrunA17Chr5	+	1518069	1520040	-0.0625614837063962	1	NS	3.7155291605005	0.00022223966372404	UP
UP	dnf2_only	medtr.A17.gnm5.ann1_6.MtrunA17Chr5g0405671	MtrunA17Chr5g0405671			medtr.A17.gnm5.MtrunA17Chr5	-	8857586	8858738	1.47827849474259	0.903139052022306	NS	3.71474067761367	0.00742294914655336	UP
UP	dnf2_only	medtr.A17.gnm5.ann1_6.MtrunA17Chr1g0177301	MtrunA17Chr1g0177301	MtPUB5	Plant U-box protein 5	medtr.A17.gnm5.MtrunA17Chr1	-	28824449	28825834	-0.696877015643162	1	NS	3.70353626235576	0.000414155761291515	UP
UP	dnf2_only	medtr.A17.gnm5.ann1_6.MtrunA17Chr2g0298041	MtrunA17Chr2g0298041			medtr.A17.gnm5.MtrunA17Chr2	-	16001380	16002059	0.227488342240643	1	NS	3.68870654871008	0.021708416531723	UP
UP	dnf2_only	medtr.A17.gnm5.ann1_6.MtrunA17Chr3g0095191	MtrunA17Chr3g0095191			medtr.A17.gnm5.MtrunA17Chr3	-	18517399	18518937	0.622939585687265	1	NS	3.68608477130071	0.000484712820659022	UP
UP	dnf2_only	medtr.A17.gnm5.ann1_6.MtrunA17Chr4g0067951	MtrunA17Chr4g0067951	MtPR10-5	Pathogenesis-related protein 10 (TC123318, PR10.2 group)	medtr.A17.gnm5.MtrunA17Chr4	-	58201230	58202262	2.93631561789941	0.0618815804502919	NS	3.68308135005104	0.0121309230801753	UP
UP	dnf2_only	medtr.A17.gnm5.ann1_6.MtrunA17Chr1g0151801	MtrunA17Chr1g0151801	MtVPE	Chitinase, vacuole processing enzyme	medtr.A17.gnm5.MtrunA17Chr1	+	4553512	4559151	0.697302209750753	1	NS	3.66928014737239	0.000281376577888909	UP
UP	dnf2_only	medtr.A17.gnm5.ann1_6.MtrunA17Chr7g0220441	MtrunA17Chr7g0220441			medtr.A17.gnm5.MtrunA17Chr7	+	5814382	5814795	2.2207926358538	0.491971021013291	NS	3.63732282576158	0.0224435760296609	UP
UP	dnf2_only	medtr.A17.gnm5.ann1_6.MtrunA17Chr3g0142351	MtrunA17Chr3g0142351			medtr.A17.gnm5.MtrunA17Chr3	+	56330831	56333359	0.355727827954658	1	NS	3.63709540463841	0.0103567656102106	UP
UP	dnf2_only	medtr.A17.gnm5.ann1_6.MtrunA17Chr7g0261411	MtrunA17Chr7g0261411			medtr.A17.gnm5.MtrunA17Chr7	-	45883065	45888002	-1.53998609053026	1	NS	3.63273152178543	0.00471675224393996	UP
UP	dnf2_only	medtr.A17.gnm5.ann1_6.MtrunA17Chr5g0431891	MtrunA17Chr5g0431891			medtr.A17.gnm5.MtrunA17Chr5	+	32671563	32672575	1.33430084605495	0.854930397327837	NS	3.62449149742083	0.00197841543271598	UP
UP	dnf2_only	medtr.A17.gnm5.ann1_6.MtrunA17Chr7g0243151	MtrunA17Chr7g0243151			medtr.A17.gnm5.MtrunA17Chr7	+	32489176	32491228	-0.429168378749961	1	NS	3.61818165792968	0.00258864706207077	UP
UP	dnf2_only	medtr.A17.gnm5.ann1_6.MtrunA17Chr7g0231021	MtrunA17Chr7g0231021			medtr.A17.gnm5.MtrunA17Chr7	+	20567526	20569314	1.31136272077316	0.629765902745639	NS	3.58104762402565	0.000386821678485845	UP
UP	dnf2_only	medtr.A17.gnm5.ann1_6.MtrunA17Chr5g0405001	MtrunA17Chr5g0405001	MtCYP84A17	Cytochrome P450 monooxygenase	medtr.A17.gnm5.MtrunA17Chr5	+	8279144	8282648	0.780628278667661	1	NS	3.56779492245072	0.000125967966679609	UP
UP	dnf2_only	medtr.A17.gnm5.ann1_6.MtrunA17Chr7g0250571	MtrunA17Chr7g0250571			medtr.A17.gnm5.MtrunA17Chr7	-	38052808	38054180	2.18992415969372	0.139821688089285	NS	3.565629442861	0.00187732144440465	UP
UP	dnf2_only	medtr.A17.gnm5.ann1_6.MtrunA17Chr6g0477491	MtrunA17Chr6g0477491			medtr.A17.gnm5.MtrunA17Chr6	-	32289743	32292614	-0.49951028429056	1	NS	3.56377835718145	0.00472414227290976	UP
UP	dnf2_only	medtr.A17.gnm5.ann1_6.MtrunA17Chr7g0250081	MtrunA17Chr7g0250081			medtr.A17.gnm5.MtrunA17Chr7	+	37666856	37670049	1.34869766646405	1	NS	3.55102396219772	0.0449467683924834	UP
UP	dnf2_only	medtr.A17.gnm5.ann1_6.MtrunA17Chr1g0175561	MtrunA17Chr1g0175561	MtRIP4	peroxidase	medtr.A17.gnm5.MtrunA17Chr1	+	26955065	26957398	-0.822312780448409	1	NS	3.54998057481363	0.0014650464137776	UP
UP	dnf2_only	medtr.A17.gnm5.ann1_6.MtrunA17Chr5g0420811	MtrunA17Chr5g0420811			medtr.A17.gnm5.MtrunA17Chr5	-	21328489	21331368	-0.905333597730248	1	NS	3.54868662729822	0.000212257587170468	UP
UP	dnf2_only	medtr.A17.gnm5.ann1_6.MtrunA17Chr3g0079461	MtrunA17Chr3g0079461			medtr.A17.gnm5.MtrunA17Chr3	-	1803060	1809871	0.416135881524426	1	NS	3.5351422922199	0.000644524994838851	UP
UP	dnf2_only	medtr.A17.gnm5.ann1_6.MtrunA17Chr7g0259351	MtrunA17Chr7g0259351			medtr.A17.gnm5.MtrunA17Chr7	-	44376507	44377471	0.786052306611222	1	NS	3.52556795956895	0.0058639176698019	UP
UP	dnf2_only	medtr.A17.gnm5.ann1_6.MtrunA17Chr3g0091531	MtrunA17Chr3g0091531			medtr.A17.gnm5.MtrunA17Chr3	-	12845675	12847525	0.897846874776305	1	NS	3.51828040838408	0.00718951684891147	UP
UP	dnf2_only	medtr.A17.gnm5.ann1_6.MtrunA17Chr2g0319981	MtrunA17Chr2g0319981			medtr.A17.gnm5.MtrunA17Chr2	-	41327326	41331606	1.26912691396427	0.613264504955981	NS	3.49893393789179	0.000375579184200618	UP
UP	dnf2_only	medtr.A17.gnm5.ann1_6.MtrunA17Chr6g0449961	MtrunA17Chr6g0449961			medtr.A17.gnm5.MtrunA17Chr6	+	879127	883265	-0.51736739435017	1	NS	3.49826129315267	0.000250524603049591	UP
UP	dnf2_only	medtr.A17.gnm5.ann1_6.MtrunA17Chr6g0451421	MtrunA17Chr6g0451421			medtr.A17.gnm5.MtrunA17Chr6	+	1973448	1977423	0.205777788139018	1	NS	3.49406131020648	0.0106247523402029	UP
UP	dnf2_only	medtr.A17.gnm5.ann1_6.MtrunA17Chr6g0461981	MtrunA17Chr6g0461981			medtr.A17.gnm5.MtrunA17Chr6	+	11105699	11108837	1.89953877609872	0.318959116151348	NS	3.49203048755538	0.00461838949473831	UP
UP	dnf2_only	medtr.A17.gnm5.ann1_6.MtrunA17Chr3g0120541	MtrunA17Chr3g0120541			medtr.A17.gnm5.MtrunA17Chr3	-	40587849	40589467	-0.492067251864054	1	NS	3.47513101131895	0.000234600943687774	UP
UP	dnf2_only	medtr.A17.gnm5.ann1_6.MtrunA17Chr4g0049241	MtrunA17Chr4g0049241			medtr.A17.gnm5.MtrunA17Chr4	+	44635752	44639264	0.44151007716076	1	NS	3.45775888286738	6.75732264013787e-06	UP
UP	dnf2_only	medtr.A17.gnm5.ann1_6.MtrunA17Chr8g0355851	MtrunA17Chr8g0355851			medtr.A17.gnm5.MtrunA17Chr8	+	17416984	17417523	-2.7996638396235	0.253928179703711	NS	3.4471994090105	0.00134004493007276	UP
UP	dnf2_only	medtr.A17.gnm5.ann1_6.MtrunA17Chr1g0196881	MtrunA17Chr1g0196881			medtr.A17.gnm5.MtrunA17Chr1	+	44280263	44280947	2.21403441502201	0.474764891957184	NS	3.44658126616411	0.0324750160556048	UP
UP	dnf2_only	medtr.A17.gnm5.ann1_6.MtrunA17Chr3g0131391	MtrunA17Chr3g0131391			medtr.A17.gnm5.MtrunA17Chr3	-	48352527	48353092	0.227657316714563	1	NS	3.42578237897722	0.00708537942824971	UP
UP	dnf2_only	medtr.A17.gnm5.ann1_6.MtrunA17Chr3g0131381	MtrunA17Chr3g0131381	MtRbohC	RESPIRATORY BURST OXIDASE HOMOLOG C	medtr.A17.gnm5.MtrunA17Chr3	+	48342397	48347667	-0.0637339516908376	1	NS	3.42497977869127	0.00010629093718628	UP
UP	dnf2_only	medtr.A17.gnm5.ann1_6.MtrunA17Chr5g0436371	MtrunA17Chr5g0436371			medtr.A17.gnm5.MtrunA17Chr5	-	36224925	36228396	0.692296775602506	1	NS	3.42133219018846	0.000119505138114396	UP
UP	dnf2_only	medtr.A17.gnm5.ann1_6.MtrunA17Chr2g0283561	MtrunA17Chr2g0283561			medtr.A17.gnm5.MtrunA17Chr2	-	4693055	4696264	0.33814507048412	1	NS	3.42124700373375	0.00876969172480878	UP
UP	dnf2_only	medtr.A17.gnm5.ann1_6.MtrunA17Chr3g0136961	MtrunA17Chr3g0136961			medtr.A17.gnm5.MtrunA17Chr3	-	52375686	52379847	0.351765063742661	1	NS	3.41803754141942	0.00150188705891306	UP
UP	dnf2_only	medtr.A17.gnm5.ann1_6.MtrunA17Chr7g0219781	MtrunA17Chr7g0219781			medtr.A17.gnm5.MtrunA17Chr7	-	5107137	5110146	0.515536045435046	1	NS	3.41577264164559	0.0211949415889277	UP
UP	dnf2_only	medtr.A17.gnm5.ann1_6.MtrunA17Chr5g0420981	MtrunA17Chr5g0420981			medtr.A17.gnm5.MtrunA17Chr5	+	21609561	21613773	2.07633019953416	0.072763020761207	NS	3.40022987019142	0.000576461423357535	UP
UP	dnf2_only	medtr.A17.gnm5.ann1_6.MtrunA17Chr4g0018371	MtrunA17Chr4g0018371			medtr.A17.gnm5.MtrunA17Chr4	-	13571483	13573680	-1.25370332934362	1	NS	3.39385077702925	0.0122603311545663	UP
UP	dnf2_only	medtr.A17.gnm5.ann1_6.MtrunA17Chr6g0487371	MtrunA17Chr6g0487371			medtr.A17.gnm5.MtrunA17Chr6	+	41663533	41668254	-1.48806920687138	1	NS	3.38029440301466	0.00330085662923851	UP
UP	dnf2_only	medtr.A17.gnm5.ann1_6.MtrunA17Chr5g0436191	MtrunA17Chr5g0436191			medtr.A17.gnm5.MtrunA17Chr5	-	36121281	36124852	1.99371772473249	0.188038803387186	NS	3.37736821049191	0.00173263822914058	UP
UP	dnf2_only	medtr.A17.gnm5.ann1_6.MtrunA17Chr1g0159971	MtrunA17Chr1g0159971			medtr.A17.gnm5.MtrunA17Chr1	+	10557331	10561462	1.02241152650789	1	NS	3.37293888348107	0.00640996313957011	UP
UP	dnf2_only	medtr.A17.gnm5.ann1_6.MtrunA17Chr8g0387711	MtrunA17Chr8g0387711			medtr.A17.gnm5.MtrunA17Chr8	-	45811075	45811888	1.14001596211218	0.780232820343751	NS	3.36986763216622	0.000522776872061505	UP
UP	dnf2_only	medtr.A17.gnm5.ann1_6.MtrunA17Chr6g0453481	MtrunA17Chr6g0453481			medtr.A17.gnm5.MtrunA17Chr6	+	3874075	3880770	-0.471977761255445	1	NS	3.36718675086847	0.00242384895983282	UP
UP	dnf2_only	medtr.A17.gnm5.ann1_6.MtrunA17Chr7g0265881	MtrunA17Chr7g0265881			medtr.A17.gnm5.MtrunA17Chr7	-	49032546	49033405	0.446474589729561	1	NS	3.36545790516769	0.00145252649350573	UP
UP	dnf2_only	medtr.A17.gnm5.ann1_6.MtrunA17Chr7g0273481	MtrunA17Chr7g0273481			medtr.A17.gnm5.MtrunA17Chr7	-	54105976	54113824	1.73368243099938	0.355156703532863	NS	3.35190390627241	0.00125209262131175	UP
UP	dnf2_only	medtr.A17.gnm5.ann1_6.MtrunA17Chr3g0136711	MtrunA17Chr3g0136711			medtr.A17.gnm5.MtrunA17Chr3	-	52220165	52224002	2.40010108370266	0.076687021929035	NS	3.34766295475577	0.00371239333785325	UP
UP	dnf2_only	medtr.A17.gnm5.ann1_6.MtrunA17Chr5g0412721	MtrunA17Chr5g0412721			medtr.A17.gnm5.MtrunA17Chr5	-	14147091	14153450	0.229086897478449	1	NS	3.33869056294282	0.00254217732411933	UP
UP	dnf2_only	medtr.A17.gnm5.ann1_6.MtrunA17Chr3g0094461	MtrunA17Chr3g0094461			medtr.A17.gnm5.MtrunA17Chr3	+	17250181	17251110	1.31631998586501	0.854335800866733	NS	3.33179105828914	0.00624726472096118	UP
UP	dnf2_only	medtr.A17.gnm5.ann1_6.MtrunA17Chr4g0062601	MtrunA17Chr4g0062601			medtr.A17.gnm5.MtrunA17Chr4	-	54337756	54339305	-0.28794753635421	1	NS	3.32654749009407	0.000252758460439201	UP
UP	dnf2_only	medtr.A17.gnm5.ann1_6.MtrunA17Chr8g0375041	MtrunA17Chr8g0375041			medtr.A17.gnm5.MtrunA17Chr8	-	36911860	36916183	1.44946791747834	0.290821356967302	NS	3.31749889961301	4.12926000260458e-05	UP
UP	dnf2_only	medtr.A17.gnm5.ann1_6.MtrunA17Chr2g0295091	MtrunA17Chr2g0295091			medtr.A17.gnm5.MtrunA17Chr2	+	13601942	13603470	0.60393832005853	1	NS	3.31569213261977	1.9699914741373e-05	UP
UP	dnf2_only	medtr.A17.gnm5.ann1_6.MtrunA17Chr8g0337781	MtrunA17Chr8g0337781	MtPDF46	Plant Defensin	medtr.A17.gnm5.MtrunA17Chr8	+	2518882	2519640	-0.581332995076192	1	NS	3.31071781829929	0.000169774894008837	UP
UP	dnf2_only	medtr.A17.gnm5.ann1_6.MtrunA17Chr7g0270221	MtrunA17Chr7g0270221			medtr.A17.gnm5.MtrunA17Chr7	-	52009885	52015689	1.84910019176573	0.380619799093138	NS	3.30970949532318	0.00460997187767523	UP
UP	dnf2_only	medtr.A17.gnm5.ann1_6.MtrunA17Chr1g0178831	MtrunA17Chr1g0178831			medtr.A17.gnm5.MtrunA17Chr1	+	30224069	30226354	1.44974082969425	0.850148718236559	NS	3.28241227748737	0.0213276212146404	UP
UP	dnf2_only	medtr.A17.gnm5.ann1_6.MtrunA17Chr4g0039901	MtrunA17Chr4g0039901	MtCYP76F72	Cytochrome P450 monooxygenase	medtr.A17.gnm5.MtrunA17Chr4	-	37948531	37952216	-0.194228629644611	1	NS	3.27155939182838	0.000640855317575738	UP
UP	dnf2_only	medtr.A17.gnm5.ann1_6.MtrunA17Chr7g0243931	MtrunA17Chr7g0243931			medtr.A17.gnm5.MtrunA17Chr7	-	33044799	33046463	-2.24265395038731	0.806840699441746	NS	3.26668769185802	0.00886805070555997	UP
UP	dnf2_only	medtr.A17.gnm5.ann1_6.MtrunA17Chr7g0266151	MtrunA17Chr7g0266151		Purple acid phosphatase (early senescence marker gene in A17 nodules)	medtr.A17.gnm5.MtrunA17Chr7	+	49311643	49315268	0.123591266589999	1	NS	3.25105032158257	0.0292639764766443	UP
UP	dnf2_only	medtr.A17.gnm5.ann1_6.MtrunA17Chr1g0150281	MtrunA17Chr1g0150281	MtSPX	SPX domain-containing protein	medtr.A17.gnm5.MtrunA17Chr1	-	3328747	3330725	-2.18238781456076	0.310872499654876	NS	3.24742830507609	0.000634109279169072	UP
UP	dnf2_only	medtr.A17.gnm5.ann1_6.MtrunA17Chr2g0314921	MtrunA17Chr2g0314921			medtr.A17.gnm5.MtrunA17Chr2	+	37273707	37274275	3.02342080046784	0.106367380849067	NS	3.24555027749035	0.0456975531731784	UP
UP	dnf2_only	medtr.A17.gnm5.ann1_6.MtrunA17Chr3g0093961	MtrunA17Chr3g0093961			medtr.A17.gnm5.MtrunA17Chr3	+	16227988	16228284	1.61565890505321	0.725455452078065	NS	3.2418935890964	0.0204422709469413	UP
UP	dnf2_only	medtr.A17.gnm5.ann1_6.MtrunA17Chr8g0365441	MtrunA17Chr8g0365441			medtr.A17.gnm5.MtrunA17Chr8	-	29622699	29631289	1.14704951375669	0.785183725164454	NS	3.23842482914464	0.000555025185121837	UP
UP	dnf2_only	medtr.A17.gnm5.ann1_6.MtrunA17Chr2g0305681	MtrunA17Chr2g0305681			medtr.A17.gnm5.MtrunA17Chr2	-	25728234	25728547	-2.0286782619343	0.837776400426252	NS	3.23786511623452	0.0088295309245538	UP
UP	dnf2_only	medtr.A17.gnm5.ann1_6.MtrunA17Chr8g0355841	MtrunA17Chr8g0355841			medtr.A17.gnm5.MtrunA17Chr8	-	17416274	17419961	-2.41144531894672	0.22474274128491	NS	3.22512615131555	0.00421481498566591	UP
UP	dnf2_only	medtr.A17.gnm5.ann1_6.MtrunA17Chr3g0101721	MtrunA17Chr3g0101721	MtCYP71D422	Cytochrome P450 monooxygenase	medtr.A17.gnm5.MtrunA17Chr3	-	26243812	26246172	-1.01509458488681	1	NS	3.21928478475219	0.000543383563613344	UP
UP	dnf2_only	medtr.A17.gnm5.ann1_6.MtrunA17Chr2g0331721	MtrunA17Chr2g0331721			medtr.A17.gnm5.MtrunA17Chr2	+	49965385	49969996	-1.34458361549479	0.873656126707405	NS	3.21581261379784	0.0150446076599108	UP
UP	dnf2_only	medtr.A17.gnm5.ann1_6.MtrunA17Chr4g0018971	MtrunA17Chr4g0018971			medtr.A17.gnm5.MtrunA17Chr4	-	14321421	14322096	-0.253045364474742	1	NS	3.20806671310286	0.000447209018743354	UP
UP	dnf2_only	medtr.A17.gnm5.ann1_6.MtrunA17Chr1g0180121	MtrunA17Chr1g0180121	MtPR5	thaumatin-like protein (TC100682, SA-responsive)	medtr.A17.gnm5.MtrunA17Chr1	-	31322320	31324401	2.47465125272941	0.0718996692102656	NS	3.20238329440454	0.00839993819612038	UP
UP	dnf2_only	medtr.A17.gnm5.ann1_6.MtrunA17Chr7g0223421	MtrunA17Chr7g0223421			medtr.A17.gnm5.MtrunA17Chr7	-	8683588	8685191	2.47722481293426	0.181176007852006	NS	3.18517485605918	0.022634998881914	UP
UP	dnf2_only	medtr.A17.gnm5.ann1_6.MtrunA17Chr8g0370821	MtrunA17Chr8g0370821			medtr.A17.gnm5.MtrunA17Chr8	+	33895150	33898274	0.859530782097101	1	NS	3.18479593448615	0.00230936822282135	UP
UP	dnf2_only	medtr.A17.gnm5.ann1_6.MtrunA17Chr2g0314801	MtrunA17Chr2g0314801			medtr.A17.gnm5.MtrunA17Chr2	-	37156736	37162309	-0.572590036173359	1	NS	3.1812809096659	0.0334539606063677	UP
UP	dnf2_only	medtr.A17.gnm5.ann1_6.MtrunA17Chr2g0304301	MtrunA17Chr2g0304301			medtr.A17.gnm5.MtrunA17Chr2	-	22230221	22230613	-0.573492807005116	1	NS	3.18003913437324	0.000164197735076158	UP
UP	dnf2_only	medtr.A17.gnm5.ann1_6.MtrunA17Chr6g0463491	MtrunA17Chr6g0463491			medtr.A17.gnm5.MtrunA17Chr6	+	12686119	12687948	0.759539530031697	1	NS	3.17645407016493	1.88177473854562e-05	UP
UP	dnf2_only	medtr.A17.gnm5.ann1_6.MtrunA17Chr2g0291671	MtrunA17Chr2g0291671			medtr.A17.gnm5.MtrunA17Chr2	-	10800073	10800753	-0.631687971259356	1	NS	3.17526572503248	0.0174316084409161	UP
UP	dnf2_only	medtr.A17.gnm5.ann1_6.MtrunA17Chr6g0479081	MtrunA17Chr6g0479081			medtr.A17.gnm5.MtrunA17Chr6	-	33674942	33676005	0.00103651038228169	1	NS	3.17153569563551	0.0018130175713053	UP
UP	dnf2_only	medtr.A17.gnm5.ann1_6.MtrunA17Chr4g0001871	MtrunA17Chr4g0001871			medtr.A17.gnm5.MtrunA17Chr4	-	1343459	1344511	1.37694216584174	0.407180415285088	NS	3.16132652148427	0.000174906197152525	UP
UP	dnf2_only	medtr.A17.gnm5.ann1_6.MtrunA17Chr5g0432861	MtrunA17Chr5g0432861			medtr.A17.gnm5.MtrunA17Chr5	-	33472046	33474964	-0.525880476870555	1	NS	3.15782191476885	0.000126361084568112	UP
UP	dnf2_only	medtr.A17.gnm5.ann1_6.MtrunA17Chr7g0239361	MtrunA17Chr7g0239361			medtr.A17.gnm5.MtrunA17Chr7	-	29388038	29390314	0.278982010269383	1	NS	3.1467051354329	0.00093750304942894	UP
UP	dnf2_only	medtr.A17.gnm5.ann1_6.MtrunA17Chr3g0119871	MtrunA17Chr3g0119871			medtr.A17.gnm5.MtrunA17Chr3	-	40067160	40073089	0.984933760457652	1	NS	3.14521051660533	0.00581540272306472	UP
UP	dnf2_only	medtr.A17.gnm5.ann1_6.MtrunA17Chr8g0374541	MtrunA17Chr8g0374541			medtr.A17.gnm5.MtrunA17Chr8	+	36478735	36485377	0.219058733571851	1	NS	3.14407814767371	0.000256013882283118	UP
UP	dnf2_only	medtr.A17.gnm5.ann1_6.MtrunA17Chr5g0402611	MtrunA17Chr5g0402611			medtr.A17.gnm5.MtrunA17Chr5	+	6656856	6660643	0.415277977326386	1	NS	3.1403451834685	0.00349452273667305	UP
UP	dnf2_only	medtr.A17.gnm5.ann1_6.MtrunA17Chr7g0242461	MtrunA17Chr7g0242461			medtr.A17.gnm5.MtrunA17Chr7	-	31918875	31921754	0.283081140746184	1	NS	3.13234598084885	0.00651741142139216	UP
UP	dnf2_only	medtr.A17.gnm5.ann1_6.MtrunA17Chr3g0104061	MtrunA17Chr3g0104061			medtr.A17.gnm5.MtrunA17Chr3	+	28300480	28303794	0.23532947965383	1	NS	3.12853357295764	0.000529051340845594	UP
UP	dnf2_only	medtr.A17.gnm5.ann1_6.MtrunA17Chr7g0218221	MtrunA17Chr7g0218221			medtr.A17.gnm5.MtrunA17Chr7	+	3595734	3596084	-0.450955463681444	1	NS	3.11178317844202	0.0148480291427243	UP
UP	dnf2_only	medtr.A17.gnm5.ann1_6.MtrunA17Chr1g0193011	MtrunA17Chr1g0193011			medtr.A17.gnm5.MtrunA17Chr1	-	41542918	41544822	2.55348040897624	0.0584135112771641	NS	3.10829055154369	0.0101319733234401	UP
UP	dnf2_only	medtr.A17.gnm5.ann1_6.MtrunA17Chr1g0199551	MtrunA17Chr1g0199551	MtPAL2	phenylalanine ammonia lyase 2	medtr.A17.gnm5.MtrunA17Chr1	-	46259327	46266309	-0.274241905872978	1	NS	3.10809459859458	1.82303076203305e-05	UP
UP	dnf2_only	medtr.A17.gnm5.ann1_6.MtrunA17Chr4g0001861	MtrunA17Chr4g0001861			medtr.A17.gnm5.MtrunA17Chr4	+	1339187	1343768	1.10866583772488	0.662855552585651	NS	3.10478876896813	2.4831250264484e-05	UP
UP	dnf2_only	medtr.A17.gnm5.ann1_6.MtrunA17Chr8g0335631	MtrunA17Chr8g0335631			medtr.A17.gnm5.MtrunA17Chr8	-	1137601	1142309	1.19546872075025	0.627457215942587	NS	3.08567222687027	0.00036933854829069	UP
UP	dnf2_only	medtr.A17.gnm5.ann1_6.MtrunA17Chr8g0349721	MtrunA17Chr8g0349721			medtr.A17.gnm5.MtrunA17Chr8	-	11999113	12002463	-3.53738388465465	0.606449730090171	NS	3.08405208063051	0.0418503033964869	UP
UP	dnf2_only	medtr.A17.gnm5.ann1_6.MtrunA17Chr1g0177591	MtrunA17Chr1g0177591			medtr.A17.gnm5.MtrunA17Chr1	+	29156866	29161838	-2.24536554759144	0.853386990982796	NS	3.08252685454042	0.0223455952404712	UP
UP	dnf2_only	medtr.A17.gnm5.ann1_6.MtrunA17Chr4g0028931	MtrunA17Chr4g0028931			medtr.A17.gnm5.MtrunA17Chr4	+	29907447	29910552	1.98937373538977	0.442259406977551	NS	3.07854517536319	0.0323927834743071	UP
UP	dnf2_only	medtr.A17.gnm5.ann1_6.MtrunA17Chr1g0202891	MtrunA17Chr1g0202891			medtr.A17.gnm5.MtrunA17Chr1	-	48872742	48878012	0.416539755465403	1	NS	3.06642856162979	0.00377347000135139	UP
UP	dnf2_only	medtr.A17.gnm5.ann1_6.MtrunA17Chr4g0009451	MtrunA17Chr4g0009451			medtr.A17.gnm5.MtrunA17Chr4	+	7370300	7372248	-1.89010944774299	0.0509990254625104	NS	3.06396193348456	8.30963835162599e-05	UP
UP	dnf2_only	medtr.A17.gnm5.ann1_6.MtrunA17Chr5g0445161	MtrunA17Chr5g0445161			medtr.A17.gnm5.MtrunA17Chr5	+	42354675	42357629	2.20463321143648	0.101940263354501	NS	3.05950272707189	0.00596270478906299	UP
UP	dnf2_only	medtr.A17.gnm5.ann1_6.MtrunA17Chr1g0190821	MtrunA17Chr1g0190821	MtN26-2	Nodulin26	medtr.A17.gnm5.MtrunA17Chr1	-	39944539	39946554	0.374496923533911	1	NS	3.05476835617572	4.229240878554e-05	UP
UP	dnf2_only	medtr.A17.gnm5.ann1_6.MtrunA17Chr5g0443341	MtrunA17Chr5g0443341			medtr.A17.gnm5.MtrunA17Chr5	-	41164008	41165999	-0.23056888665907	1	NS	3.04529509854032	0.00809050691446976	UP
UP	dnf2_only	medtr.A17.gnm5.ann1_6.MtrunA17Chr4g0057031	MtrunA17Chr4g0057031	MtMYB125	Myeloblastosis (MYB) transcription factor 125	medtr.A17.gnm5.MtrunA17Chr4	-	50370248	50371900	-0.37161567804289	1	NS	3.04529319472936	0.000995678777644311	UP
UP	dnf2_only	medtr.A17.gnm5.ann1_6.MtrunA17Chr4g0042791	MtrunA17Chr4g0042791			medtr.A17.gnm5.MtrunA17Chr4	+	40040302	40041474	1.14920655555339	0.780232820343751	NS	3.04212667176612	0.00701824951241242	UP
UP	dnf2_only	medtr.A17.gnm5.ann1_6.MtrunA17Chr2g0287121	MtrunA17Chr2g0287121			medtr.A17.gnm5.MtrunA17Chr2	-	7241428	7243006	-0.704698966078561	1	NS	3.04169043927045	0.00105677795258761	UP
UP	dnf2_only	medtr.A17.gnm5.ann1_6.MtrunA17Chr2g0311221	MtrunA17Chr2g0311221	MtMYB015	Myeloblastosis (MYB) transcription factor 15	medtr.A17.gnm5.MtrunA17Chr2	+	34190700	34194691	2.07688611605614	0.134425538095847	NS	3.03189694758216	0.00393727249585191	UP
UP	dnf2_only	medtr.A17.gnm5.ann1_6.MtrunA17Chr2g0294531	MtrunA17Chr2g0294531			medtr.A17.gnm5.MtrunA17Chr2	+	13192605	13193348	1.2807434973946	0.720515357375231	NS	3.02698183694702	0.00514239087546242	UP
UP	dnf2_only	medtr.A17.gnm5.ann1_6.MtrunA17Chr7g0262231	MtrunA17Chr7g0262231	MtABCG37	ATP-binding cassette (ABC) transporter type G	medtr.A17.gnm5.MtrunA17Chr7	-	46385591	46394114	1.86420296068026	0.207475177659671	NS	3.01917287383266	0.00950579582808954	UP
UP	dnf2_only	medtr.A17.gnm5.ann1_6.MtrunA17Chr8g0353491	MtrunA17Chr8g0353491			medtr.A17.gnm5.MtrunA17Chr8	+	15291280	15291820	0.604827869675331	1	NS	3.01182456882312	0.00429531428361925	UP
UP	dnf2_only	medtr.A17.gnm5.ann1_6.MtrunA17Chr3g0129811	MtrunA17Chr3g0129811	MtPUB26	Plant U-box protein 26	medtr.A17.gnm5.MtrunA17Chr3	+	47202697	47204494	1.02556850747527	0.828497003773133	NS	3.01177466882422	2.38399481176488e-05	UP
UP	dnf2_only	medtr.A17.gnm5.ann1_6.MtrunA17Chr8g0359921	MtrunA17Chr8g0359921			medtr.A17.gnm5.MtrunA17Chr8	-	23750293	23752728	-1.2544970577655	0.944361216541755	NS	3.00814769043297	0.0201565446242696	UP
UP	dnf2_only	medtr.A17.gnm5.ann1_6.MtrunA17Chr3g0127511	MtrunA17Chr3g0127511			medtr.A17.gnm5.MtrunA17Chr3	-	45546308	45547950	1.57084994089606	0.102260802379839	NS	3.00487321954371	3.86622456919539e-05	UP
UP	dnf2_only	medtr.A17.gnm5.ann1_6.MtrunA17Chr5g0414371	MtrunA17Chr5g0414371			medtr.A17.gnm5.MtrunA17Chr5	+	15429374	15431433	2.23003491990973	0.135401229330968	NS	3.00311861539142	0.00947085052952938	UP
UP	dnf2_only	medtr.A17.gnm5.ann1_6.MtrunA17Chr8g0367001	MtrunA17Chr8g0367001			medtr.A17.gnm5.MtrunA17Chr8	+	30768806	30780551	0.726039581556622	1	NS	2.99275451436815	0.00742691045002805	UP
UP	dnf2_only	medtr.A17.gnm5.ann1_6.MtrunA17Chr8g0366991	MtrunA17Chr8g0366991			medtr.A17.gnm5.MtrunA17Chr8	-	30768769	30781354	1.22555697321253	0.664919098731862	NS	2.99223784570997	0.0011113653148917	UP
UP	dnf2_only	medtr.A17.gnm5.ann1_6.MtrunA17Chr4g0002121	MtrunA17Chr4g0002121			medtr.A17.gnm5.MtrunA17Chr4	+	1531650	1535712	1.84987701788111	0.252911260563146	NS	2.97969859844475	0.00660114239901396	UP
UP	dnf2_only	medtr.A17.gnm5.ann1_6.MtrunA17Chr3g0102761	MtrunA17Chr3g0102761			medtr.A17.gnm5.MtrunA17Chr3	+	27282191	27286040	1.80159986610847	0.254321163390087	NS	2.97726240918825	0.00526550312375257	UP
UP	dnf2_only	medtr.A17.gnm5.ann1_6.MtrunA17Chr1g0148811	MtrunA17Chr1g0148811	MtPDR1b	pleiotropic drug resistance protein 1b (ABC transporter)	medtr.A17.gnm5.MtrunA17Chr1	-	2188164	2196958	-0.164042452030521	1	NS	2.96895451380022	0.000786039267861047	UP
UP	dnf2_only	medtr.A17.gnm5.ann1_6.MtrunA17Chr6g0475121	MtrunA17Chr6g0475121			medtr.A17.gnm5.MtrunA17Chr6	+	29265630	29278797	1.56318634186385	0.606259806540796	NS	2.96447472608357	0.0198243378190583	UP
UP	dnf2_only	medtr.A17.gnm5.ann1_6.MtrunA17Chr7g0268651	MtrunA17Chr7g0268651			medtr.A17.gnm5.MtrunA17Chr7	+	50976337	50977107	1.49723166186733	0.24535868470827	NS	2.95967422073895	0.000132348589633815	UP
UP	dnf2_only	medtr.A17.gnm5.ann1_6.MtrunA17Chr2g0297401	MtrunA17Chr2g0297401			medtr.A17.gnm5.MtrunA17Chr2	+	15503488	15504282	0.413372228949474	1	NS	2.95898892409925	0.00361218277027324	UP
UP	dnf2_only	medtr.A17.gnm5.ann1_6.MtrunA17Chr4g0052531	MtrunA17Chr4g0052531			medtr.A17.gnm5.MtrunA17Chr4	+	46655273	46656113	1.11356754715184	1	NS	2.95750384381673	0.0275503937831623	UP
UP	dnf2_only	medtr.A17.gnm5.ann1_6.MtrunA17Chr4g0028591	MtrunA17Chr4g0028591			medtr.A17.gnm5.MtrunA17Chr4	-	29558118	29563314	0.551966346790525	1	NS	2.95747065186214	0.00318319518233106	UP
UP	dnf2_only	medtr.A17.gnm5.ann1_6.MtrunA17Chr8g0346281	MtrunA17Chr8g0346281			medtr.A17.gnm5.MtrunA17Chr8	-	9427284	9430367	2.60892189674784	0.106344905498483	NS	2.95683695144163	0.0329299330261857	UP
UP	dnf2_only	medtr.A17.gnm5.ann1_6.MtrunA17Chr4g0071121	MtrunA17Chr4g0071121	MtCKX8	cytokinin oxydase 8	medtr.A17.gnm5.MtrunA17Chr4	-	60593687	60598721	-2.41984474560687	0.735110794414321	NS	2.94593034909388	0.0294422259314065	UP
UP	dnf2_only	medtr.A17.gnm5.ann1_6.MtrunA17Chr1g0213061	MtrunA17Chr1g0213061	MtPrx39|MtRIP2	peroxidase 39	medtr.A17.gnm5.MtrunA17Chr1	-	56049459	56051794	-0.577964265722434	1	NS	2.93107274606989	0.00513169962247215	UP
UP	dnf2_only	medtr.A17.gnm5.ann1_6.MtrunA17Chr3g0140491	MtrunA17Chr3g0140491			medtr.A17.gnm5.MtrunA17Chr3	-	54873152	54875735	1.76631820181405	0.104227461921296	NS	2.93042497962233	0.000306583579216444	UP
UP	dnf2_only	medtr.A17.gnm5.ann1_6.MtrunA17Chr1g0181321	MtrunA17Chr1g0181321			medtr.A17.gnm5.MtrunA17Chr1	+	32342256	32346160	1.88525259923383	0.286712137399438	NS	2.92655502315038	0.0120752253396477	UP
UP	dnf2_only	medtr.A17.gnm5.ann1_6.MtrunA17Chr6g0468521	MtrunA17Chr6g0468521	MtMATE11	multidrug and toxic compound extrusion family	medtr.A17.gnm5.MtrunA17Chr6	-	17743419	17752223	0.0877791280467102	1	NS	2.92568360834276	0.0107403789093423	UP
UP	dnf2_only	medtr.A17.gnm5.ann1_6.MtrunA17Chr3g0093881	MtrunA17Chr3g0093881			medtr.A17.gnm5.MtrunA17Chr3	-	16124820	16127868	-0.817230013540338	1	NS	2.92552791848052	2.50925241207306e-05	UP
UP	dnf2_only	medtr.A17.gnm5.ann1_6.MtrunA17Chr2g0292091	MtrunA17Chr2g0292091	MtRip3|MtPrx111	peroxidase	medtr.A17.gnm5.MtrunA17Chr2	+	11173055	11176412	1.70595492615462	0.222303331715805	NS	2.92178486907234	0.00230264008686919	UP
UP	dnf2_only	medtr.A17.gnm5.ann1_6.MtrunA17Chr1g0164321	MtrunA17Chr1g0164321	MtCYP86B1-1|MtCYP86B18	Cytochrome P450 monooxygenase	medtr.A17.gnm5.MtrunA17Chr1	+	14190347	14193176	0.771426085709971	1	NS	2.90391033988631	0.0129653212977912	UP
UP	dnf2_only	medtr.A17.gnm5.ann1_6.MtrunA17Chr3g0085711	MtrunA17Chr3g0085711			medtr.A17.gnm5.MtrunA17Chr3	-	7152162	7154803	1.12904115160652	0.787964482806319	NS	2.90366601870968	0.00230182975855432	UP
UP	dnf2_only	medtr.A17.gnm5.ann1_6.MtrunA17Chr7g0221461	MtrunA17Chr7g0221461			medtr.A17.gnm5.MtrunA17Chr7	+	6982141	6988442	0.567586979425676	1	NS	2.89654802034229	0.0258085231465797	UP
UP	dnf2_only	medtr.A17.gnm5.ann1_6.MtrunA17Chr1g0157031	MtrunA17Chr1g0157031			medtr.A17.gnm5.MtrunA17Chr1	-	8420088	8423304	-0.19079583943132	1	NS	2.89475950086103	0.000120815920077818	UP
UP	dnf2_only	medtr.A17.gnm5.ann1_6.MtrunA17Chr6g0468981	MtrunA17Chr6g0468981			medtr.A17.gnm5.MtrunA17Chr6	-	18478354	18482007	0.160163928301697	1	NS	2.88560819256671	0.0170975434474136	UP
UP	dnf2_only	medtr.A17.gnm5.ann1_6.MtrunA17Chr4g0034471	MtrunA17Chr4g0034471			medtr.A17.gnm5.MtrunA17Chr4	+	34091151	34092750	0.944136641977221	0.9663143730099	NS	2.87073801770685	0.00143405148049856	UP
UP	dnf2_only	medtr.A17.gnm5.ann1_6.MtrunA17Chr8g0347391	MtrunA17Chr8g0347391			medtr.A17.gnm5.MtrunA17Chr8	-	10318969	10322476	-0.415635259959623	1	NS	2.87033918112137	0.0268326339326523	UP
UP	dnf2_only	medtr.A17.gnm5.ann1_6.MtrunA17Chr8g0343661	MtrunA17Chr8g0343661			medtr.A17.gnm5.MtrunA17Chr8	-	7015487	7018322	-0.169197592266074	1	NS	2.8667221278493	0.00721361740127418	UP
UP	dnf2_only	medtr.A17.gnm5.ann1_6.MtrunA17Chr1g0206501	MtrunA17Chr1g0206501			medtr.A17.gnm5.MtrunA17Chr1	+	51419439	51421401	1.38264927929675	0.53727117094185	NS	2.86304708158976	0.00394121159032248	UP
UP	dnf2_only	medtr.A17.gnm5.ann1_6.MtrunA17Chr5g0407951	MtrunA17Chr5g0407951	MtNCED4	9-cis-epoxycarotenoid dioxygenase (abscisic-acid biosynthesis)	medtr.A17.gnm5.MtrunA17Chr5	+	10274591	10276740	1.41353324478796	0.45870185050375	NS	2.84619574092551	0.00221519455134748	UP
UP	dnf2_only	medtr.A17.gnm5.ann1_6.MtrunA17Chr3g0089071	MtrunA17Chr3g0089071			medtr.A17.gnm5.MtrunA17Chr3	+	10236336	10237949	1.76799332965788	0.203446349040649	NS	2.84250258587963	0.00308162151126677	UP
UP	dnf2_only	medtr.A17.gnm5.ann1_6.MtrunA17Chr4g0013181	MtrunA17Chr4g0013181	MtPrx49	peroxidase	medtr.A17.gnm5.MtrunA17Chr4	-	10635665	10638139	1.7732268764204	0.159828219774317	NS	2.83243421358779	0.00189663540159652	UP
UP	dnf2_only	medtr.A17.gnm5.ann1_6.MtrunA17Chr3g0101601	MtrunA17Chr3g0101601	MtCYP71D72	Cytochrome P450 monooxygenase	medtr.A17.gnm5.MtrunA17Chr3	+	26089494	26093085	2.31824598594201	0.115575148796323	NS	2.83237646930357	0.0228533443132647	UP
UP	dnf2_only	medtr.A17.gnm5.ann1_6.MtrunA17Chr6g0483141	MtrunA17Chr6g0483141			medtr.A17.gnm5.MtrunA17Chr6	-	37687023	37690124	1.50881829356011	0.294196495860746	NS	2.82823141989614	0.00204229527616936	UP
UP	dnf2_only	medtr.A17.gnm5.ann1_6.MtrunA17Chr8g0355871	MtrunA17Chr8g0355871			medtr.A17.gnm5.MtrunA17Chr8	-	17459197	17461492	1.35401464670354	0.425511097900481	NS	2.82235487160166	0.000909215910235078	UP
UP	dnf2_only	medtr.A17.gnm5.ann1_6.MtrunA17Chr4g0059201	MtrunA17Chr4g0059201	MtPUB35	Plant U-box protein 35	medtr.A17.gnm5.MtrunA17Chr4	-	51958290	51960798	-1.25893882418365	0.694743246578746	NS	2.81849615738471	0.00632782338588053	UP
UP	dnf2_only	medtr.A17.gnm5.ann1_6.MtrunA17Chr7g0252891	MtrunA17Chr7g0252891	MtAPY1;3	apyrase (nucleoside triphosphatase) (AY180379)	medtr.A17.gnm5.MtrunA17Chr7	+	39684772	39688834	1.28240246861605	0.545905545131982	NS	2.81331748767396	0.00320760319145409	UP
UP	dnf2_only	medtr.A17.gnm5.ann1_6.MtrunA17Chr7g0218261	MtrunA17Chr7g0218261			medtr.A17.gnm5.MtrunA17Chr7	-	3603810	3607621	-2.59244482458765	0.576849614012252	NS	2.81158429565916	0.0225334578497758	UP
UP	dnf2_only	medtr.A17.gnm5.ann1_6.MtrunA17Chr5g0414051	MtrunA17Chr5g0414051			medtr.A17.gnm5.MtrunA17Chr5	+	15172065	15175134	0.202436538151263	1	NS	2.8039111192448	0.00637833861850201	UP
UP	dnf2_only	medtr.A17.gnm5.ann1_6.MtrunA17Chr8g0387601	MtrunA17Chr8g0387601			medtr.A17.gnm5.MtrunA17Chr8	+	45701023	45702165	0.89945042754351	1	NS	2.80129572212137	0.000601579994029159	UP
UP	dnf2_only	medtr.A17.gnm5.ann1_6.MtrunA17Chr4g0043201	MtrunA17Chr4g0043201			medtr.A17.gnm5.MtrunA17Chr4	+	40309956	40310559	0.856545822980209	1	NS	2.79922758478205	0.0292808413237282	UP
UP	dnf2_only	medtr.A17.gnm5.ann1_6.MtrunA17Chr4g0049581	MtrunA17Chr4g0049581			medtr.A17.gnm5.MtrunA17Chr4	+	44859047	44861482	0.598099215295301	1	NS	2.79365329179195	0.00678717139131093	UP
UP	dnf2_only	medtr.A17.gnm5.ann1_6.MtrunA17Chr1g0157041	MtrunA17Chr1g0157041			medtr.A17.gnm5.MtrunA17Chr1	+	8423717	8425442	-2.85045454332236	0.150858637461067	NS	2.79202881274723	0.00212882150664302	UP
UP	dnf2_only	medtr.A17.gnm5.ann1_6.MtrunA17Chr1g0187241	MtrunA17Chr1g0187241	MtNPF5.13	NRT1/ PTR FAMILY|nitrate transporter / peptide transporter	medtr.A17.gnm5.MtrunA17Chr1	-	37331561	37337930	1.27776039355019	0.271336413006532	NS	2.78498378162125	6.75732264013787e-06	UP
UP	dnf2_only	medtr.A17.gnm5.ann1_6.MtrunA17Chr1g0165651	MtrunA17Chr1g0165651			medtr.A17.gnm5.MtrunA17Chr1	-	15142439	15148770	1.51131795908974	0.500253662147592	NS	2.78429744039638	0.0200558572153704	UP
UP	dnf2_only	medtr.A17.gnm5.ann1_6.MtrunA17Chr3g0079071	MtrunA17Chr3g0079071			medtr.A17.gnm5.MtrunA17Chr3	-	1483211	1487057	0.754080573938229	1	NS	2.78199305467206	0.00525855557052887	UP
UP	dnf2_only	medtr.A17.gnm5.ann1_6.MtrunA17Chr7g0266651	MtrunA17Chr7g0266651			medtr.A17.gnm5.MtrunA17Chr7	+	49621489	49624180	1.29414271991679	0.294237709447654	NS	2.7675951901814	2.37793532210148e-05	UP
UP	dnf2_only	medtr.A17.gnm5.ann1_6.MtrunA17Chr1g0152771	MtrunA17Chr1g0152771			medtr.A17.gnm5.MtrunA17Chr1	+	5431175	5434219	0.144066312232279	1	NS	2.76404452039324	0.000309199871358465	UP
UP	dnf2_only	medtr.A17.gnm5.ann1_6.MtrunA17Chr4g0052861	MtrunA17Chr4g0052861	MtCYP81E7	Isoflavone 2'-hydroxylase|Cytochrome P450 monooxygenase	medtr.A17.gnm5.MtrunA17Chr4	+	46856059	46859089	1.43739935310535	0.196229911291387	NS	2.76371932580219	0.000128526203116156	UP
UP	dnf2_only	medtr.A17.gnm5.ann1_6.MtrunA17Chr6g0455481	MtrunA17Chr6g0455481			medtr.A17.gnm5.MtrunA17Chr6	-	5564849	5569736	1.91187771851807	0.362200856181085	NS	2.75617504816399	0.0462503191930179	UP
UP	dnf2_only	medtr.A17.gnm5.ann1_6.MtrunA17Chr3g0087431	MtrunA17Chr3g0087431			medtr.A17.gnm5.MtrunA17Chr3	-	8858572	8859104	-0.232942373068246	1	NS	2.75467726912141	0.00991648316806048	UP
UP	dnf2_only	medtr.A17.gnm5.ann1_6.MtrunA17Chr3g0091091	MtrunA17Chr3g0091091			medtr.A17.gnm5.MtrunA17Chr3	+	12331945	12339523	1.39597731308432	0.388671772078671	NS	2.74645789468374	0.00158328331663964	UP
UP	dnf2_only	medtr.A17.gnm5.ann1_6.MtrunA17Chr4g0056501	MtrunA17Chr4g0056501	MtFRUCT2	soluble acid invertase FRUCT2	medtr.A17.gnm5.MtrunA17Chr4	+	49950996	49956125	1.458320576021	0.336041959441726	NS	2.73862506937684	0.00172338468608326	UP
UP	dnf2_only	medtr.A17.gnm5.ann1_6.MtrunA17Chr8g0378551	MtrunA17Chr8g0378551			medtr.A17.gnm5.MtrunA17Chr8	+	39566262	39568179	-0.959423588348468	0.96650436316184	NS	2.72892429096595	0.00508479743665243	UP
UP	dnf2_only	medtr.A17.gnm5.ann1_6.MtrunA17Chr8g0367141	MtrunA17Chr8g0367141			medtr.A17.gnm5.MtrunA17Chr8	-	30883217	30890322	0.0305562279743873	1	NS	2.71727719958515	0.000411192212223188	UP
UP	dnf2_only	medtr.A17.gnm5.ann1_6.MtrunA17Chr1g0197991	MtrunA17Chr1g0197991			medtr.A17.gnm5.MtrunA17Chr1	-	45044856	45045585	2.01326320814907	0.212745670510659	NS	2.71716638029865	0.0207503110319746	UP
UP	dnf2_only	medtr.A17.gnm5.ann1_6.MtrunA17Chr4g0034461	MtrunA17Chr4g0034461			medtr.A17.gnm5.MtrunA17Chr4	+	34088594	34091149	0.649058031153802	1	NS	2.71459576100814	0.0041910065558468	UP
UP	dnf2_only	medtr.A17.gnm5.ann1_6.MtrunA17Chr5g0433641	MtrunA17Chr5g0433641			medtr.A17.gnm5.MtrunA17Chr5	+	34030971	34034264	0.922987188118269	1	NS	2.71051535920711	0.012584704689067	UP
UP	dnf2_only	medtr.A17.gnm5.ann1_6.MtrunA17Chr1g0157021	MtrunA17Chr1g0157021			medtr.A17.gnm5.MtrunA17Chr1	+	8419626	8421865	-0.328078708306934	1	NS	2.70845504706275	0.000124939173287588	UP
UP	dnf2_only	medtr.A17.gnm5.ann1_6.MtrunA17Chr2g0294801	MtrunA17Chr2g0294801			medtr.A17.gnm5.MtrunA17Chr2	+	13406685	13408082	-0.471917197686819	1	NS	2.70662123829818	0.0118427842459107	UP
UP	dnf2_only	medtr.A17.gnm5.ann1_6.MtrunA17Chr2g0287961	MtrunA17Chr2g0287961			medtr.A17.gnm5.MtrunA17Chr2	+	7903446	7904650	-0.72781187927579	1	NS	2.70280579581137	0.0181746981374877	UP
UP	dnf2_only	medtr.A17.gnm5.ann1_6.MtrunA17Chr4g0032171	MtrunA17Chr4g0032171			medtr.A17.gnm5.MtrunA17Chr4	+	32382725	32384333	2.03975607455264	0.146984412705913	NS	2.69978934178321	0.0159875514355248	UP
UP	dnf2_only	medtr.A17.gnm5.ann1_6.MtrunA17Chr5g0431761	MtrunA17Chr5g0431761			medtr.A17.gnm5.MtrunA17Chr5	+	32576997	32579357	-0.082686952973044	1	NS	2.6994204983395	0.00144056562526618	UP
UP	dnf2_only	medtr.A17.gnm5.ann1_6.MtrunA17Chr4g0072781	MtrunA17Chr4g0072781	MtCAPE15|MtPR-1	CAP-derived peptide|pathogenesis-related protein 1  (TC143335)	medtr.A17.gnm5.MtrunA17Chr4	+	61759010	61760162	-1.97214082946769	0.0615096494274187	NS	2.69648920607707	0.000479327563339107	UP
UP	dnf2_only	medtr.A17.gnm5.ann1_6.MtrunA17Chr3g0087681	MtrunA17Chr3g0087681			medtr.A17.gnm5.MtrunA17Chr3	+	9067099	9071741	-1.77525821029467	0.706676300116579	NS	2.69515012729734	0.0121192653877316	UP
UP	dnf2_only	medtr.A17.gnm5.ann1_6.MtrunA17Chr2g0288661	MtrunA17Chr2g0288661	MtCYP72A67v1	Cytochrome P450 monooxygenase	medtr.A17.gnm5.MtrunA17Chr2	-	8409046	8413773	0.221486181873471	1	NS	2.69476386537628	0.000194544800495723	UP
UP	dnf2_only	medtr.A17.gnm5.ann1_6.MtrunA17Chr5g0430711	MtrunA17Chr5g0430711			medtr.A17.gnm5.MtrunA17Chr5	+	31847860	31848639	2.11153490958338	0.177103158029266	NS	2.69373573772195	0.0248252443175239	UP
UP	dnf2_only	medtr.A17.gnm5.ann1_6.MtrunA17Chr2g0327661	MtrunA17Chr2g0327661			medtr.A17.gnm5.MtrunA17Chr2	+	47135878	47136601	0.0462380823047329	1	NS	2.68973479626281	0.0091777102492524	UP
UP	dnf2_only	medtr.A17.gnm5.ann1_6.MtrunA17Chr3g0140501	MtrunA17Chr3g0140501			medtr.A17.gnm5.MtrunA17Chr3	+	54887736	54893160	-1.15849708728925	0.727010663285622	NS	2.68411375939788	0.000803800741104471	UP
UP	dnf2_only	medtr.A17.gnm5.ann1_6.MtrunA17Chr7g0219801	MtrunA17Chr7g0219801	MtNCR694	Nodule-specific Cysteine-Rich peptide	medtr.A17.gnm5.MtrunA17Chr7	+	5123838	5124697	-2.86314279014725	0.427016341357991	NS	2.68395310194273	0.0222314702817878	UP
UP	dnf2_only	medtr.A17.gnm5.ann1_6.MtrunA17Chr4g0014951	MtrunA17Chr4g0014951			medtr.A17.gnm5.MtrunA17Chr4	-	12308331	12311787	1.35118578786358	0.285451444713032	NS	2.68247309952778	0.000143296901711854	UP
UP	dnf2_only	medtr.A17.gnm5.ann1_6.MtrunA17Chr1g0166601	MtrunA17Chr1g0166601			medtr.A17.gnm5.MtrunA17Chr1	+	15957683	15958472	2.64240651608222	0.0612222649803256	NS	2.68137697854299	0.0404661978826737	UP
UP	dnf2_only	medtr.A17.gnm5.ann1_6.MtrunA17Chr7g0248441	MtrunA17Chr7g0248441			medtr.A17.gnm5.MtrunA17Chr7	+	36515536	36516868	0.356889475368523	1	NS	2.67691788260592	0.030757727579365	UP
UP	dnf2_only	medtr.A17.gnm5.ann1_6.MtrunA17Chr8g0366821	MtrunA17Chr8g0366821			medtr.A17.gnm5.MtrunA17Chr8	-	30610253	30617125	-0.0379781685427487	1	NS	2.67387048066787	0.0161036347641882	UP
UP	dnf2_only	medtr.A17.gnm5.ann1_6.MtrunA17Chr1g0180311	MtrunA17Chr1g0180311			medtr.A17.gnm5.MtrunA17Chr1	-	31442504	31443839	-2.17208145422056	0.641315178278799	NS	2.67281701793852	0.0260041290557243	UP
UP	dnf2_only	medtr.A17.gnm5.ann1_6.MtrunA17Chr2g0287971	MtrunA17Chr2g0287971			medtr.A17.gnm5.MtrunA17Chr2	-	7904059	7904589	-0.832698882507498	1	NS	2.672776911513	0.00473459601174436	UP
UP	dnf2_only	medtr.A17.gnm5.ann1_6.MtrunA17Chr6g0480581	MtrunA17Chr6g0480581	MtMYB098	Myeloblastosis (MYB) transcription factor 98	medtr.A17.gnm5.MtrunA17Chr6	-	35309098	35312881	2.10768510361907	0.093829549308555	NS	2.66898188330167	0.009501674253644	UP
UP	dnf2_only	medtr.A17.gnm5.ann1_6.MtrunA17Chr7g0218181	MtrunA17Chr7g0218181			medtr.A17.gnm5.MtrunA17Chr7	-	3582254	3585705	-1.00815700541682	0.869418889207971	NS	2.66694675804043	0.000599728938609349	UP
UP	dnf2_only	medtr.A17.gnm5.ann1_6.MtrunA17Chr4g0025741	MtrunA17Chr4g0025741			medtr.A17.gnm5.MtrunA17Chr4	-	26648530	26651654	-2.06725463851099	0.156637514379646	NS	2.66481471747376	0.000570441468636032	UP
UP	dnf2_only	medtr.A17.gnm5.ann1_6.MtrunA17Chr4g0076461	MtrunA17Chr4g0076461			medtr.A17.gnm5.MtrunA17Chr4	-	64328348	64330906	2.08894217313891	0.0646600720612462	NS	2.66419454283073	0.0043830110542675	UP
UP	dnf2_only	medtr.A17.gnm5.ann1_6.MtrunA17Chr2g0296991	MtrunA17Chr2g0296991			medtr.A17.gnm5.MtrunA17Chr2	+	15229632	15235462	1.74619841876743	0.187589857628743	NS	2.65747503609976	0.00390863230812537	UP
UP	dnf2_only	medtr.A17.gnm5.ann1_6.MtrunA17Chr4g0048361	MtrunA17Chr4g0048361			medtr.A17.gnm5.MtrunA17Chr4	+	44047210	44049000	0.417231557979015	1	NS	2.65385513786869	0.00758939326884631	UP
UP	dnf2_only	medtr.A17.gnm5.ann1_6.MtrunA17Chr5g0438031	MtrunA17Chr5g0438031			medtr.A17.gnm5.MtrunA17Chr5	-	37389215	37390195	1.16586920242638	0.526305704669059	NS	2.65224716910912	6.72477346469876e-05	UP
UP	dnf2_only	medtr.A17.gnm5.ann1_6.MtrunA17Chr2g0298581	MtrunA17Chr2g0298581			medtr.A17.gnm5.MtrunA17Chr2	-	16511295	16516754	0.549647540585681	1	NS	2.65042028754768	0.00304397702701556	UP
UP	dnf2_only	medtr.A17.gnm5.ann1_6.MtrunA17Chr1g0202641	MtrunA17Chr1g0202641			medtr.A17.gnm5.MtrunA17Chr1	-	48714585	48719814	0.931872582387831	0.980979127136794	NS	2.6451561357194	0.00328062591183111	UP
UP	dnf2_only	medtr.A17.gnm5.ann1_6.MtrunA17Chr1g0166281	MtrunA17Chr1g0166281	MtCML7	Calmodulin-like 7	medtr.A17.gnm5.MtrunA17Chr1	+	15709659	15712385	-0.673966111975109	1	NS	2.6355738820178	0.00259130191764922	UP
UP	dnf2_only	medtr.A17.gnm5.ann1_6.MtrunA17Chr3g0143741	MtrunA17Chr3g0143741			medtr.A17.gnm5.MtrunA17Chr3	-	57242411	57243459	-2.58158685256872	0.402017651347186	NS	2.63533186584321	0.0275528019085559	UP
UP	dnf2_only	medtr.A17.gnm5.ann1_6.MtrunA17Chr7g0223451	MtrunA17Chr7g0223451			medtr.A17.gnm5.MtrunA17Chr7	-	8699096	8701018	0.766636165955132	1	NS	2.6348362928597	0.00119347685686733	UP
UP	dnf2_only	medtr.A17.gnm5.ann1_6.MtrunA17Chr4g0020691	MtrunA17Chr4g0020691			medtr.A17.gnm5.MtrunA17Chr4	-	17085455	17089412	-0.382192675218997	1	NS	2.63450258739459	0.000261564344475379	UP
UP	dnf2_only	medtr.A17.gnm5.ann1_6.MtrunA17Chr8g0385081	MtrunA17Chr8g0385081			medtr.A17.gnm5.MtrunA17Chr8	-	43854650	43857749	-0.485449495784622	1	NS	2.63371315941421	0.0181746981374877	UP
UP	dnf2_only	medtr.A17.gnm5.ann1_6.MtrunA17Chr5g0438021	MtrunA17Chr5g0438021	MtPrx22	peroxidase	medtr.A17.gnm5.MtrunA17Chr5	+	37387838	37390244	1.37381300939644	0.19780234603356	NS	2.6309939861972	5.09978441843731e-05	UP
UP	dnf2_only	medtr.A17.gnm5.ann1_6.MtrunA17Chr4g0029221	MtrunA17Chr4g0029221			medtr.A17.gnm5.MtrunA17Chr4	-	30138275	30143548	1.61009031968092	0.199559061943042	NS	2.62898086452506	0.00208369633816024	UP
UP	dnf2_only	medtr.A17.gnm5.ann1_6.MtrunA17Chr3g0143311	MtrunA17Chr3g0143311			medtr.A17.gnm5.MtrunA17Chr3	+	56895217	56900163	-0.111945978222597	1	NS	2.62883968748844	0.000143296901711854	UP
UP	dnf2_only	medtr.A17.gnm5.ann1_6.MtrunA17Chr4g0046331	MtrunA17Chr4g0046331	MtCYP93C19	Cytochrome P450 monooxygenase	medtr.A17.gnm5.MtrunA17Chr4	-	42721635	42724446	0.636246698406465	1	NS	2.62147424849616	6.68260567663864e-05	UP
UP	dnf2_only	medtr.A17.gnm5.ann1_6.MtrunA17Chr2g0278911	MtrunA17Chr2g0278911			medtr.A17.gnm5.MtrunA17Chr2	+	1481116	1485399	0.0842220323414854	1	NS	2.62074712875295	0.0102053574795582	UP
UP	dnf2_only	medtr.A17.gnm5.ann1_6.MtrunA17Chr5g0448351	MtrunA17Chr5g0448351			medtr.A17.gnm5.MtrunA17Chr5	-	44394016	44402139	0.335805062088673	1	NS	2.6135684182963	0.0029082886669483	UP
UP	dnf2_only	medtr.A17.gnm5.ann1_6.MtrunA17Chr1g0181091	MtrunA17Chr1g0181091	MtPAL|MtPAL2	Phenylalanine Ammonia Lyase (defense response-activated,TC106667)	medtr.A17.gnm5.MtrunA17Chr1	-	32105175	32109809	1.32968720235171	0.445128251874278	NS	2.60782195290859	0.00376061617808163	UP
UP	dnf2_only	medtr.A17.gnm5.ann1_6.MtrunA17Chr4g0023991	MtrunA17Chr4g0023991			medtr.A17.gnm5.MtrunA17Chr4	-	24550144	24553116	0.891302197359723	1	NS	2.60327882064179	0.00319683256593628	UP
UP	dnf2_only	medtr.A17.gnm5.ann1_6.MtrunA17Chr4g0049921	MtrunA17Chr4g0049921			medtr.A17.gnm5.MtrunA17Chr4	+	45102456	45103295	0.188236444430432	1	NS	2.60040138888444	0.000449372532709368	UP
UP	dnf2_only	medtr.A17.gnm5.ann1_6.MtrunA17Chr2g0328891	MtrunA17Chr2g0328891			medtr.A17.gnm5.MtrunA17Chr2	-	48010151	48014584	1.02940044729344	0.828910977226331	NS	2.5919369390724	0.00046813244899049	UP
UP	dnf2_only	medtr.A17.gnm5.ann1_6.MtrunA17Chr6g0483521	MtrunA17Chr6g0483521			medtr.A17.gnm5.MtrunA17Chr6	-	38078219	38081614	1.71762902748894	0.173082412709965	NS	2.58341535445554	0.00447279685153051	UP
UP	dnf2_only	medtr.A17.gnm5.ann1_6.MtrunA17Chr4g0032331	MtrunA17Chr4g0032331			medtr.A17.gnm5.MtrunA17Chr4	+	32456246	32458704	-0.135751163416178	1	NS	2.58141517376323	9.63987519638913e-05	UP
UP	dnf2_only	medtr.A17.gnm5.ann1_6.MtrunA17Chr2g0321801	MtrunA17Chr2g0321801			medtr.A17.gnm5.MtrunA17Chr2	-	42657380	42658843	0.147724156754715	1	NS	2.57945655697615	0.000936317916864673	UP
UP	dnf2_only	medtr.A17.gnm5.ann1_6.MtrunA17Chr1g0203601	MtrunA17Chr1g0203601			medtr.A17.gnm5.MtrunA17Chr1	+	49349611	49351190	1.94938600655578	0.0656820381849648	NS	2.57942482725397	0.00321236664269432	UP
UP	dnf2_only	medtr.A17.gnm5.ann1_6.MtrunA17Chr7g0257611	MtrunA17Chr7g0257611			medtr.A17.gnm5.MtrunA17Chr7	+	43139801	43141245	0.443656222926755	1	NS	2.57098729560863	0.0362517306107307	UP
UP	dnf2_only	medtr.A17.gnm5.ann1_6.MtrunA17Chr7g0240531	MtrunA17Chr7g0240531			medtr.A17.gnm5.MtrunA17Chr7	-	30347950	30350266	1.24041677064293	0.459811992696084	NS	2.56939928138292	0.000465289843977857	UP
UP	dnf2_only	medtr.A17.gnm5.ann1_6.MtrunA17Chr6g0480971	MtrunA17Chr6g0480971			medtr.A17.gnm5.MtrunA17Chr6	+	35736748	35745105	0.892979957086033	1	NS	2.56620413981651	0.00450823480609918	UP
UP	dnf2_only	medtr.A17.gnm5.ann1_6.MtrunA17Chr3g0078991	MtrunA17Chr3g0078991	MtSTP3_2|MtSTP3.2	Sugar transport protein  (Hexose carrier protein HEX6)	medtr.A17.gnm5.MtrunA17Chr3	+	1405539	1408243	-0.837511253253305	1	NS	2.56333967683978	0.00171441735819969	UP
UP	dnf2_only	medtr.A17.gnm5.ann1_6.MtrunA17Chr8g0350241	MtrunA17Chr8g0350241			medtr.A17.gnm5.MtrunA17Chr8	+	12349634	12350600	1.47471427969741	0.314702876939386	NS	2.56212981613673	0.00333016270493221	UP
UP	dnf2_only	medtr.A17.gnm5.ann1_6.MtrunA17Chr3g0132411	MtrunA17Chr3g0132411	MtENODL13|MtPCY5	ENOD-like 13|Plantacyanin/Chemocyanin	medtr.A17.gnm5.MtrunA17Chr3	-	49087264	49088451	0.687571551354829	1	NS	2.5604409405672	0.000380800780260899	UP
UP	dnf2_only	medtr.A17.gnm5.ann1_6.MtrunA17Chr8g0354431	MtrunA17Chr8g0354431			medtr.A17.gnm5.MtrunA17Chr8	-	16032368	16036433	-1.24062421759946	0.837933453692718	NS	2.56039027643416	0.0155303589514642	UP
UP	dnf2_only	medtr.A17.gnm5.ann1_6.MtrunA17Chr3g0136441	MtrunA17Chr3g0136441			medtr.A17.gnm5.MtrunA17Chr3	-	52014024	52015024	0.546779775481783	1	NS	2.55219760438929	0.00542277508853019	UP
UP	dnf2_only	medtr.A17.gnm5.ann1_6.MtrunA17Chr4g0044281	MtrunA17Chr4g0044281			medtr.A17.gnm5.MtrunA17Chr4	-	41135662	41136552	0.742832454606253	1	NS	2.55072779474089	0.00512716604794175	UP
UP	dnf2_only	medtr.A17.gnm5.ann1_6.MtrunA17Chr3g0117851	MtrunA17Chr3g0117851	MtPUB23	Plant U-box protein 23	medtr.A17.gnm5.MtrunA17Chr3	-	38694622	38697704	0.852834614169835	1	NS	2.53901452794962	0.0116088794768974	UP
UP	dnf2_only	medtr.A17.gnm5.ann1_6.MtrunA17Chr2g0312561	MtrunA17Chr2g0312561			medtr.A17.gnm5.MtrunA17Chr2	+	35388607	35391200	1.69218737096602	0.270912984820521	NS	2.5387404079801	0.0136641024463421	UP
UP	dnf2_only	medtr.A17.gnm5.ann1_6.MtrunA17Chr2g0314611	MtrunA17Chr2g0314611			medtr.A17.gnm5.MtrunA17Chr2	+	37021054	37023423	-2.1777633198709	0.674851701670831	NS	2.5346023014938	0.0494084794481179	UP
UP	dnf2_only	medtr.A17.gnm5.ann1_6.MtrunA17Chr8g0361301	MtrunA17Chr8g0361301			medtr.A17.gnm5.MtrunA17Chr8	+	25629443	25632605	0.177651947019165	1	NS	2.53363112761758	0.00758606839124446	UP
UP	dnf2_only	medtr.A17.gnm5.ann1_6.MtrunA17Chr1g0210291	MtrunA17Chr1g0210291			medtr.A17.gnm5.MtrunA17Chr1	+	54084863	54087066	-0.147935504598702	1	NS	2.53352248890221	0.0203535546673928	UP
UP	dnf2_only	medtr.A17.gnm5.ann1_6.MtrunA17Chr4g0053021	MtrunA17Chr4g0053021			medtr.A17.gnm5.MtrunA17Chr4	+	46987974	46990799	-0.4206729078559	1	NS	2.53165142398258	0.00207256598728626	UP
UP	dnf2_only	medtr.A17.gnm5.ann1_6.MtrunA17Chr8g0337361	MtrunA17Chr8g0337361			medtr.A17.gnm5.MtrunA17Chr8	+	2303056	2305666	0.967627287239601	0.937300143248041	NS	2.52995884103564	0.00598796161819643	UP
UP	dnf2_only	medtr.A17.gnm5.ann1_6.MtrunA17Chr4g0054191	MtrunA17Chr4g0054191			medtr.A17.gnm5.MtrunA17Chr4	-	47991326	47994831	2.24100782127825	0.0534850861299274	NS	2.52539159196485	0.0160024833695916	UP
UP	dnf2_only	medtr.A17.gnm5.ann1_6.MtrunA17Chr1g0163611	MtrunA17Chr1g0163611			medtr.A17.gnm5.MtrunA17Chr1	-	13427852	13430955	-0.609509618090149	1	NS	2.52426486659432	0.0111471103460888	UP
UP	dnf2_only	medtr.A17.gnm5.ann1_6.MtrunA17Chr7g0246151	MtrunA17Chr7g0246151	MtCYP76E21	Cytochrome P450 monooxygenase	medtr.A17.gnm5.MtrunA17Chr7	-	35007803	35012510	0.558301312237366	1	NS	2.51753599083113	0.00011559906325007	UP
UP	dnf2_only	medtr.A17.gnm5.ann1_6.MtrunA17Chr7g0248911	MtrunA17Chr7g0248911	MtLYR5	LYK (LysM domain-RLK)-related 5	medtr.A17.gnm5.MtrunA17Chr7	+	36878099	36880956	0.209828169594162	1	NS	2.51655318686902	0.0275977604822398	UP
UP	dnf2_only	medtr.A17.gnm5.ann1_6.MtrunA17Chr5g0411231	MtrunA17Chr5g0411231			medtr.A17.gnm5.MtrunA17Chr5	-	12780151	12781641	-0.28290837546123	1	NS	2.51222692817413	0.041432780935395	UP
UP	dnf2_only	medtr.A17.gnm5.ann1_6.MtrunA17Chr3g0095201	MtrunA17Chr3g0095201			medtr.A17.gnm5.MtrunA17Chr3	+	18518660	18532370	0.694501639057951	1	NS	2.51092730603611	0.00322718522591935	UP
UP	dnf2_only	medtr.A17.gnm5.ann1_6.MtrunA17Chr1g0148501	MtrunA17Chr1g0148501			medtr.A17.gnm5.MtrunA17Chr1	+	1904058	1906988	0.329516536102973	1	NS	2.50837749260917	0.00336585769789332	UP
UP	dnf2_only	medtr.A17.gnm5.ann1_6.MtrunA17Chr2g0322491	MtrunA17Chr2g0322491			medtr.A17.gnm5.MtrunA17Chr2	+	43229111	43231546	1.59825237491726	0.471090631384857	NS	2.50288002044722	0.0417403049917499	UP
UP	dnf2_only	medtr.A17.gnm5.ann1_6.MtrunA17Chr1g0161781	MtrunA17Chr1g0161781			medtr.A17.gnm5.MtrunA17Chr1	-	11866074	11870579	1.91947393896453	0.131904442987325	NS	2.50167251206313	0.0121077591987484	UP
UP	dnf2_only	medtr.A17.gnm5.ann1_6.MtrunA17Chr5g0436291	MtrunA17Chr5g0436291			medtr.A17.gnm5.MtrunA17Chr5	-	36177821	36180228	0.909842262000437	1	NS	2.49933058372289	0.0437608376696305	UP
UP	dnf2_only	medtr.A17.gnm5.ann1_6.MtrunA17Chr2g0280501	MtrunA17Chr2g0280501			medtr.A17.gnm5.MtrunA17Chr2	+	2560901	2562747	0.0319824508905131	1	NS	2.49872378304732	0.0384295744258811	UP
UP	dnf2_only	medtr.A17.gnm5.ann1_6.MtrunA17Chr6g0483741	MtrunA17Chr6g0483741			medtr.A17.gnm5.MtrunA17Chr6	-	38297405	38298916	1.71605491446005	0.169495943910904	NS	2.49631723876225	0.0048941092937144	UP
UP	dnf2_only	medtr.A17.gnm5.ann1_6.MtrunA17Chr1g0158341	MtrunA17Chr1g0158341			medtr.A17.gnm5.MtrunA17Chr1	+	9328340	9329794	1.89592951114757	0.231816404532288	NS	2.49468189237666	0.0321239906545994	UP
UP	dnf2_only	medtr.A17.gnm5.ann1_6.MtrunA17Chr4g0065281	MtrunA17Chr4g0065281			medtr.A17.gnm5.MtrunA17Chr4	-	56428356	56428954	1.06475808163758	0.837080452232368	NS	2.49137223153957	0.0101676949172449	UP
UP	dnf2_only	medtr.A17.gnm5.ann1_6.MtrunA17Chr7g0243861	MtrunA17Chr7g0243861			medtr.A17.gnm5.MtrunA17Chr7	+	32991807	32993838	-0.254694215833067	1	NS	2.48772235987817	0.00527899246062946	UP
UP	dnf2_only	medtr.A17.gnm5.ann1_6.MtrunA17Chr6g0468601	MtrunA17Chr6g0468601	MtLegin21	Leginsulin	medtr.A17.gnm5.MtrunA17Chr6	-	17862167	17863544	-0.035711242937679	1	NS	2.48704993518014	0.0379519408404618	UP
UP	dnf2_only	medtr.A17.gnm5.ann1_6.MtrunA17Chr1g0205261	MtrunA17Chr1g0205261			medtr.A17.gnm5.MtrunA17Chr1	-	50541652	50542412	1.09954509401018	0.828497003773133	NS	2.48504695890715	0.0190262974754084	UP
UP	dnf2_only	medtr.A17.gnm5.ann1_6.MtrunA17Chr7g0269541	MtrunA17Chr7g0269541			medtr.A17.gnm5.MtrunA17Chr7	+	51501526	51507281	-0.416628093013788	1	NS	2.47960209307781	0.00363678980752431	UP
UP	dnf2_only	medtr.A17.gnm5.ann1_6.MtrunA17Chr5g0431991	MtrunA17Chr5g0431991			medtr.A17.gnm5.MtrunA17Chr5	-	32707705	32709292	-1.7098456913342	0.492777966178093	NS	2.47881757664123	0.0128484419583668	UP
UP	dnf2_only	medtr.A17.gnm5.ann1_6.MtrunA17Chr3g0141361	MtrunA17Chr3g0141361			medtr.A17.gnm5.MtrunA17Chr3	-	55614145	55614835	0.141004301547985	1	NS	2.47347566314107	0.0212209053257476	UP
UP	dnf2_only	medtr.A17.gnm5.ann1_6.MtrunA17MTg0491231	MtrunA17MTg0491231			medtr.A17.gnm5.MtrunA17MT	+	172575	176839	1.04953070228841	0.794196614893974	NS	2.47196839988	0.00126139537752419	UP
UP	dnf2_only	medtr.A17.gnm5.ann1_6.MtrunA17Chr4g0003411	MtrunA17Chr4g0003411	MtPLD1	phospholipase D1	medtr.A17.gnm5.MtrunA17Chr4	-	2553411	2558407	-0.6201770010594	1	NS	2.4654942326869	0.00157813018176631	UP
UP	dnf2_only	medtr.A17.gnm5.ann1_6.MtrunA17Chr1g0161771	MtrunA17Chr1g0161771			medtr.A17.gnm5.MtrunA17Chr1	+	11865148	11869350	1.37592200179663	0.521356629295251	NS	2.45607159256311	0.0225385454432617	UP
UP	dnf2_only	medtr.A17.gnm5.ann1_6.MtrunA17Chr5g0422891	MtrunA17Chr5g0422891			medtr.A17.gnm5.MtrunA17Chr5	-	24706746	24709093	-0.691757851093344	1	NS	2.45409668623102	0.00570451099418369	UP
UP	dnf2_only	medtr.A17.gnm5.ann1_6.MtrunA17Chr2g0310441	MtrunA17Chr2g0310441			medtr.A17.gnm5.MtrunA17Chr2	-	33365677	33370822	1.05167708821473	0.939564692260419	NS	2.45304799515242	0.0414167481093237	UP
UP	dnf2_only	medtr.A17.gnm5.ann1_6.MtrunA17Chr6g0463501	MtrunA17Chr6g0463501			medtr.A17.gnm5.MtrunA17Chr6	+	12706447	12708597	0.184563904393425	1	NS	2.44994490790997	0.00362742248621929	UP
UP	dnf2_only	medtr.A17.gnm5.ann1_6.MtrunA17Chr3g0129041	MtrunA17Chr3g0129041	MtPRX1	peroxidase 1	medtr.A17.gnm5.MtrunA17Chr3	+	46641516	46643489	0.911451424564959	1	NS	2.44974279632862	0.0105659637842241	UP
UP	dnf2_only	medtr.A17.gnm5.ann1_6.MtrunA17Chr3g0087921	MtrunA17Chr3g0087921			medtr.A17.gnm5.MtrunA17Chr3	+	9459665	9460308	-0.287204414126628	1	NS	2.44322740160002	0.0283218282860171	UP
UP	dnf2_only	medtr.A17.gnm5.ann1_6.MtrunA17Chr7g0264801	MtrunA17Chr7g0264801			medtr.A17.gnm5.MtrunA17Chr7	+	48244505	48248281	0.768942353803824	1	NS	2.4423488446553	0.000350796998802478	UP
UP	dnf2_only	medtr.A17.gnm5.ann1_6.MtrunA17Chr7g0241591	MtrunA17Chr7g0241591			medtr.A17.gnm5.MtrunA17Chr7	+	31158199	31162712	1.76998863424474	0.256309637760721	NS	2.43869295918769	0.0301784868665036	UP
UP	dnf2_only	medtr.A17.gnm5.ann1_6.MtrunA17Chr2g0282691	MtrunA17Chr2g0282691			medtr.A17.gnm5.MtrunA17Chr2	-	4121463	4122678	-2.42291234641078	0.0598670167028335	NS	2.43790488699824	0.00391104863558008	UP
UP	dnf2_only	medtr.A17.gnm5.ann1_6.MtrunA17MTg0491241	MtrunA17MTg0491241			medtr.A17.gnm5.MtrunA17MT	-	174275	176425	0.989068020753396	0.900608025803319	NS	2.43410488419456	0.00127158751419596	UP
UP	dnf2_only	medtr.A17.gnm5.ann1_6.MtrunA17Chr7g0248221	MtrunA17Chr7g0248221			medtr.A17.gnm5.MtrunA17Chr7	-	36365055	36367616	-0.997734194124324	1	NS	2.43215778984606	0.0197081437392446	UP
UP	dnf2_only	medtr.A17.gnm5.ann1_6.MtrunA17Chr8g0388231	MtrunA17Chr8g0388231			medtr.A17.gnm5.MtrunA17Chr8	+	46142759	46146941	0.569535082414743	1	NS	2.4283443872763	0.00605284541241297	UP
UP	dnf2_only	medtr.A17.gnm5.ann1_6.MtrunA17Chr1g0172541	MtrunA17Chr1g0172541			medtr.A17.gnm5.MtrunA17Chr1	-	21657673	21665966	-0.297766428171111	1	NS	2.42316981654309	0.000404470269483445	UP
UP	dnf2_only	medtr.A17.gnm5.ann1_6.MtrunA17Chr2g0280991	MtrunA17Chr2g0280991			medtr.A17.gnm5.MtrunA17Chr2	+	2840841	2844587	1.11266073345514	0.7471750642886	NS	2.42291875508873	0.00961402441934761	UP
UP	dnf2_only	medtr.A17.gnm5.ann1_6.MtrunA17Chr6g0463511	MtrunA17Chr6g0463511			medtr.A17.gnm5.MtrunA17Chr6	-	12706514	12707680	0.252710481598221	1	NS	2.42147553691117	0.00692433827671543	UP
UP	dnf2_only	medtr.A17.gnm5.ann1_6.MtrunA17Chr3g0118031	MtrunA17Chr3g0118031			medtr.A17.gnm5.MtrunA17Chr3	-	38802198	38803896	2.13675137680921	0.0995895473273045	NS	2.41977518646736	0.0325731616617981	UP
UP	dnf2_only	medtr.A17.gnm5.ann1_6.MtrunA17Chr1g0188801	MtrunA17Chr1g0188801			medtr.A17.gnm5.MtrunA17Chr1	+	38496780	38498202	0.320337725788227	1	NS	2.41504302521608	0.0317003239164895	UP
UP	dnf2_only	medtr.A17.gnm5.ann1_6.MtrunA17Chr7g0238371	MtrunA17Chr7g0238371	MtRbohF	RESPIRATORY BURST OXIDASE HOMOLOG F	medtr.A17.gnm5.MtrunA17Chr7	+	28344586	28350502	0.581333992900374	1	NS	2.41504210254879	0.013460400096872	UP
UP	dnf2_only	medtr.A17.gnm5.ann1_6.MtrunA17Chr2g0304871	MtrunA17Chr2g0304871	MtCYP82D47	Cytochrome P450 monooxygenase	medtr.A17.gnm5.MtrunA17Chr2	-	23390680	23395155	1.49371939823372	0.202689109572546	NS	2.41461151624763	0.00180891097772078	UP
UP	dnf2_only	medtr.A17.gnm5.ann1_6.MtrunA17Chr6g0452381	MtrunA17Chr6g0452381			medtr.A17.gnm5.MtrunA17Chr6	-	2767120	2768262	-0.563923817380202	1	NS	2.41166601183077	0.00115074299321252	UP
UP	dnf2_only	medtr.A17.gnm5.ann1_6.MtrunA17Chr1g0203611	MtrunA17Chr1g0203611			medtr.A17.gnm5.MtrunA17Chr1	-	49350627	49351154	1.73371257722595	0.173244491881408	NS	2.41149539311922	0.00998267241890511	UP
UP	dnf2_only	medtr.A17.gnm5.ann1_6.MtrunA17Chr8g0354191	MtrunA17Chr8g0354191			medtr.A17.gnm5.MtrunA17Chr8	+	15865560	15868846	-1.29546609446097	0.766398650249949	NS	2.40717602171393	0.0133718534943141	UP
UP	dnf2_only	medtr.A17.gnm5.ann1_6.MtrunA17Chr7g0265891	MtrunA17Chr7g0265891			medtr.A17.gnm5.MtrunA17Chr7	-	49034834	49036380	-2.06149514889721	0.480208276147782	NS	2.40085356402732	0.0272568426230024	UP
UP	dnf2_only	medtr.A17.gnm5.ann1_6.MtrunA17Chr8g0379461	MtrunA17Chr8g0379461			medtr.A17.gnm5.MtrunA17Chr8	+	40143373	40145376	0.156719345421378	1	NS	2.39905209853181	0.000488253488149994	UP
UP	dnf2_only	medtr.A17.gnm5.ann1_6.MtrunA17Chr4g0049951	MtrunA17Chr4g0049951			medtr.A17.gnm5.MtrunA17Chr4	+	45110706	45111495	0.152872645007733	1	NS	2.39457027716054	0.00199383900087482	UP
UP	dnf2_only	medtr.A17.gnm5.ann1_6.MtrunA17Chr4g0042171	MtrunA17Chr4g0042171			medtr.A17.gnm5.MtrunA17Chr4	+	39594180	39598729	1.86291299449552	0.0566638967552926	NS	2.39251173372625	0.00293601555272753	UP
UP	dnf2_only	medtr.A17.gnm5.ann1_6.MtrunA17Chr2g0317701	MtrunA17Chr2g0317701	MtTRX S2	thioredoxin S2	medtr.A17.gnm5.MtrunA17Chr2	+	39523666	39524708	-0.272719773221979	1	NS	2.39242023700879	0.00314973331045405	UP
UP	dnf2_only	medtr.A17.gnm5.ann1_6.MtrunA17Chr8g0370831	MtrunA17Chr8g0370831			medtr.A17.gnm5.MtrunA17Chr8	+	33900223	33902394	0.214238048938726	1	NS	2.39218980625734	0.00785439397615547	UP
UP	dnf2_only	medtr.A17.gnm5.ann1_6.MtrunA17Chr4g0009531	MtrunA17Chr4g0009531			medtr.A17.gnm5.MtrunA17Chr4	+	7417312	7422340	1.30714267899114	0.295620528388292	NS	2.38785204786868	0.000347986812339882	UP
UP	dnf2_only	medtr.A17.gnm5.ann1_6.MtrunA17Chr6g0464771	MtrunA17Chr6g0464771			medtr.A17.gnm5.MtrunA17Chr6	+	14020367	14024894	-0.968944829229387	1	NS	2.38156707825721	0.0475480728355596	UP
UP	dnf2_only	medtr.A17.gnm5.ann1_6.MtrunA17Chr6g0470321	MtrunA17Chr6g0470321			medtr.A17.gnm5.MtrunA17Chr6	-	20306880	20312996	0.45097880228619	1	NS	2.38122302118978	0.00708427087035625	UP
UP	dnf2_only	medtr.A17.gnm5.ann1_6.MtrunA17Chr1g0180331	MtrunA17Chr1g0180331			medtr.A17.gnm5.MtrunA17Chr1	-	31473125	31477615	-1.13543214890069	0.892351898622822	NS	2.38077032563676	0.0148058855718881	UP
UP	dnf2_only	medtr.A17.gnm5.ann1_6.MtrunA17Chr7g0258701	MtrunA17Chr7g0258701			medtr.A17.gnm5.MtrunA17Chr7	+	43893181	43894218	-0.835607058720438	1	NS	2.37733363990629	0.0423947139652138	UP
UP	dnf2_only	medtr.A17.gnm5.ann1_6.MtrunA17Chr3g0139151	MtrunA17Chr3g0139151			medtr.A17.gnm5.MtrunA17Chr3	+	53926534	53926810	2.13714404156718	0.0612136561959263	NS	2.37554648862022	0.0184593055059032	UP
UP	dnf2_only	medtr.A17.gnm5.ann1_6.MtrunA17Chr3g0127671	MtrunA17Chr3g0127671			medtr.A17.gnm5.MtrunA17Chr3	-	45669643	45673331	-2.75412990546258	0.0288259448430197	DOWN	2.3735442064603	0.00228720694590447	UP
UP	dnf2_only	medtr.A17.gnm5.ann1_6.MtrunA17Chr1g0188391	MtrunA17Chr1g0188391			medtr.A17.gnm5.MtrunA17Chr1	+	38210006	38212024	1.2079104361798	0.525842264492101	NS	2.37217054538446	0.00124733284073654	UP
UP	dnf2_only	medtr.A17.gnm5.ann1_6.MtrunA17Chr3g0112391	MtrunA17Chr3g0112391			medtr.A17.gnm5.MtrunA17Chr3	+	34400337	34404654	1.64905165124672	0.0564646354923894	NS	2.37173699114423	0.00049060190398899	UP
UP	dnf2_only	medtr.A17.gnm5.ann1_6.MtrunA17Chr4g0001511	MtrunA17Chr4g0001511			medtr.A17.gnm5.MtrunA17Chr4	+	1030477	1033198	1.05475671488494	0.834493629621528	NS	2.37006474888832	0.013509032604052	UP
UP	dnf2_only	medtr.A17.gnm5.ann1_6.MtrunA17Chr5g0394031	MtrunA17Chr5g0394031			medtr.A17.gnm5.MtrunA17Chr5	-	503338	508021	-1.60440713501204	0.121496488153001	NS	2.36977429467006	0.000262577969129368	UP
UP	dnf2_only	medtr.A17.gnm5.ann1_6.MtrunA17Chr8g0365061	MtrunA17Chr8g0365061			medtr.A17.gnm5.MtrunA17Chr8	+	29298181	29299440	-0.160886801061008	1	NS	2.36750395552063	0.00300099006547019	UP
UP	dnf2_only	medtr.A17.gnm5.ann1_6.MtrunA17Chr5g0410161	MtrunA17Chr5g0410161			medtr.A17.gnm5.MtrunA17Chr5	+	11777122	11782174	1.22139808197713	0.575458688395176	NS	2.35697857026748	0.00930422689754983	UP
UP	dnf2_only	medtr.A17.gnm5.ann1_6.MtrunA17Chr3g0130361	MtrunA17Chr3g0130361			medtr.A17.gnm5.MtrunA17Chr3	+	47550437	47551856	-0.512539114139086	1	NS	2.35522154671871	0.0264346273217178	UP
UP	dnf2_only	medtr.A17.gnm5.ann1_6.MtrunA17Chr7g0240541	MtrunA17Chr7g0240541			medtr.A17.gnm5.MtrunA17Chr7	-	30352612	30355884	0.95133316383715	0.957492292202529	NS	2.34784780508883	0.0134236662361772	UP
UP	dnf2_only	medtr.A17.gnm5.ann1_6.MtrunA17Chr8g0339311	MtrunA17Chr8g0339311	MtCYP82L14	Cytochrome P450 monooxygenase	medtr.A17.gnm5.MtrunA17Chr8	+	3566164	3569676	-1.236566448482	0.667755299154898	NS	2.34583822704799	0.00652756276372379	UP
UP	dnf2_only	medtr.A17.gnm5.ann1_6.MtrunA17Chr1g0154311	MtrunA17Chr1g0154311			medtr.A17.gnm5.MtrunA17Chr1	-	6554109	6557798	-1.20617007450352	0.853846328456419	NS	2.34154769329513	0.0244950834436273	UP
UP	dnf2_only	medtr.A17.gnm5.ann1_6.MtrunA17Chr4g0014971	MtrunA17Chr4g0014971			medtr.A17.gnm5.MtrunA17Chr4	-	12315552	12317630	0.480816660250166	1	NS	2.33910798524088	0.0262996787126708	UP
UP	dnf2_only	medtr.A17.gnm5.ann1_6.MtrunA17Chr6g0484081	MtrunA17Chr6g0484081			medtr.A17.gnm5.MtrunA17Chr6	+	38632714	38634340	-2.98757168271048	0.22968813330998	NS	2.33910533354802	0.026441378098403	UP
UP	dnf2_only	medtr.A17.gnm5.ann1_6.MtrunA17Chr7g0224801	MtrunA17Chr7g0224801			medtr.A17.gnm5.MtrunA17Chr7	+	10131113	10133100	1.64132648216689	0.197674978665683	NS	2.33453431467967	0.0108715803821991	UP
UP	dnf2_only	medtr.A17.gnm5.ann1_6.MtrunA17Chr7g0266071	MtrunA17Chr7g0266071	MtLYE1		medtr.A17.gnm5.MtrunA17Chr7	-	49261388	49262352	1.25283177832416	0.523445371551422	NS	2.33425657827228	0.00502144765911804	UP
UP	dnf2_only	medtr.A17.gnm5.ann1_6.MtrunA17Chr8g0367101	MtrunA17Chr8g0367101			medtr.A17.gnm5.MtrunA17Chr8	+	30854575	30862557	-0.211715273172372	1	NS	2.32989751270589	0.00141389247561598	UP
UP	dnf2_only	medtr.A17.gnm5.ann1_6.MtrunA17Chr7g0232441	MtrunA17Chr7g0232441			medtr.A17.gnm5.MtrunA17Chr7	-	22677238	22680856	-0.0642467920608779	1	NS	2.32975184995805	0.00395300707220859	UP
UP	dnf2_only	medtr.A17.gnm5.ann1_6.MtrunA17Chr7g0242981	MtrunA17Chr7g0242981			medtr.A17.gnm5.MtrunA17Chr7	+	32398198	32401821	-3.68444636065897	0.0241768153886858	DOWN	2.32583621705973	0.00580541501898995	UP
UP	dnf2_only	medtr.A17.gnm5.ann1_6.MtrunA17Chr7g0242811	MtrunA17Chr7g0242811			medtr.A17.gnm5.MtrunA17Chr7	+	32258579	32269023	0.0343729768314504	1	NS	2.32147773170676	0.0251643345533444	UP
UP	dnf2_only	medtr.A17.gnm5.ann1_6.MtrunA17Chr8g0391221	MtrunA17Chr8g0391221			medtr.A17.gnm5.MtrunA17Chr8	+	48160924	48164269	-0.936371650603672	0.996493954768837	NS	2.31546057984319	0.0355048788711734	UP
UP	dnf2_only	medtr.A17.gnm5.ann1_6.MtrunA17Chr6g0455721	MtrunA17Chr6g0455721			medtr.A17.gnm5.MtrunA17Chr6	+	5754884	5758090	-2.34623606319205	0.0994742269495996	NS	2.31530228967237	0.00903982934857165	UP
UP	dnf2_only	medtr.A17.gnm5.ann1_6.MtrunA17Chr2g0305541	MtrunA17Chr2g0305541	MtPhytogb1.3|MtGlb1-3	non-symbiotic hemoglobin (ns-Hb)	medtr.A17.gnm5.MtrunA17Chr2	-	25296311	25298082	-2.39284250839345	0.0704871670562578	NS	2.30854323665729	0.00278004285583474	UP
UP	dnf2_only	medtr.A17.gnm5.ann1_6.MtrunA17Chr6g0466831	MtrunA17Chr6g0466831			medtr.A17.gnm5.MtrunA17Chr6	+	15667085	15669003	-0.604786017856162	1	NS	2.30538031871125	0.0307405224462482	UP
UP	dnf2_only	medtr.A17.gnm5.ann1_6.MtrunA17Chr2g0311941	MtrunA17Chr2g0311941			medtr.A17.gnm5.MtrunA17Chr2	+	34882513	34886089	-0.0305998372606512	1	NS	2.30456380671062	8.24039770445029e-05	UP
UP	dnf2_only	medtr.A17.gnm5.ann1_6.MtrunA17Chr1g0160561	MtrunA17Chr1g0160561			medtr.A17.gnm5.MtrunA17Chr1	-	11015551	11024460	1.42293707843238	0.349271716077242	NS	2.30222944297599	0.00798675416357137	UP
UP	dnf2_only	medtr.A17.gnm5.ann1_6.MtrunA17Chr4g0006131	MtrunA17Chr4g0006131			medtr.A17.gnm5.MtrunA17Chr4	-	4888416	4896812	1.0595274720336	0.743032646107864	NS	2.30133711445303	0.000413883029732737	UP
UP	dnf2_only	medtr.A17.gnm5.ann1_6.MtrunA17Chr3g0145351	MtrunA17Chr3g0145351			medtr.A17.gnm5.MtrunA17Chr3	-	58476392	58478030	1.58798411247585	0.355156703532863	NS	2.29939769652165	0.0346029910138935	UP
UP	dnf2_only	medtr.A17.gnm5.ann1_6.MtrunA17Chr4g0025751	MtrunA17Chr4g0025751			medtr.A17.gnm5.MtrunA17Chr4	-	26663501	26671408	-1.01459759501492	0.864472376290796	NS	2.29833723843531	0.0038434492830784	UP
UP	dnf2_only	medtr.A17.gnm5.ann1_6.MtrunA17Chr5g0430011	MtrunA17Chr5g0430011			medtr.A17.gnm5.MtrunA17Chr5	-	31249704	31252344	-0.120169747053674	1	NS	2.2981451564615	0.000166005895740537	UP
UP	dnf2_only	medtr.A17.gnm5.ann1_6.MtrunA17Chr1g0148401	MtrunA17Chr1g0148401			medtr.A17.gnm5.MtrunA17Chr1	-	1807333	1810309	1.21433725832379	0.629126756689279	NS	2.29356679476699	0.0147564713560169	UP
UP	dnf2_only	medtr.A17.gnm5.ann1_6.MtrunA17Chr4g0058261	MtrunA17Chr4g0058261	MtCYP71A31	Cytochrome P450 monooxygenase	medtr.A17.gnm5.MtrunA17Chr4	-	51310725	51314101	1.91401544141512	0.0805127190340321	NS	2.29038973761862	0.0146294710680073	UP
UP	dnf2_only	medtr.A17.gnm5.ann1_6.MtrunA17Chr3g0081591	MtrunA17Chr3g0081591			medtr.A17.gnm5.MtrunA17Chr3	+	3566766	3569357	-1.08609598494203	0.956303750801007	NS	2.28988506363728	0.0280405515652808	UP
UP	dnf2_only	medtr.A17.gnm5.ann1_6.MtrunA17Chr4g0020311	MtrunA17Chr4g0020311			medtr.A17.gnm5.MtrunA17Chr4	+	16277110	16278540	-0.686731468300711	1	NS	2.28722915191435	0.00970391552636556	UP
UP	dnf2_only	medtr.A17.gnm5.ann1_6.MtrunA17Chr3g0118591	MtrunA17Chr3g0118591			medtr.A17.gnm5.MtrunA17Chr3	+	39190868	39193438	-0.544640883619628	1	NS	2.28147419139327	0.0183496313818882	UP
UP	dnf2_only	medtr.A17.gnm5.ann1_6.MtrunA17Chr1g0211661	MtrunA17Chr1g0211661	MtJMJ10	Histone demethylase JmjC domain-containing	medtr.A17.gnm5.MtrunA17Chr1	+	55163049	55168257	-0.198252250083027	1	NS	2.27889888799791	0.0126664369462017	UP
UP	dnf2_only	medtr.A17.gnm5.ann1_6.MtrunA17Chr5g0398581	MtrunA17Chr5g0398581			medtr.A17.gnm5.MtrunA17Chr5	+	3381215	3384470	1.89666639904954	0.0611619333065667	NS	2.27816929856017	0.00948049536258631	UP
UP	dnf2_only	medtr.A17.gnm5.ann1_6.MtrunA17Chr8g0390031	MtrunA17Chr8g0390031			medtr.A17.gnm5.MtrunA17Chr8	-	47363244	47364330	-0.455998206454399	1	NS	2.27772966753259	0.0158797465041506	UP
UP	dnf2_only	medtr.A17.gnm5.ann1_6.MtrunA17Chr4g0049291	MtrunA17Chr4g0049291			medtr.A17.gnm5.MtrunA17Chr4	-	44666108	44671309	-0.775954412432392	1	NS	2.26909258676437	0.00508263494743543	UP
UP	dnf2_only	medtr.A17.gnm5.ann1_6.MtrunA17Chr4g0005131	MtrunA17Chr4g0005131			medtr.A17.gnm5.MtrunA17Chr4	-	4122912	4124128	1.10804100155548	0.61444449960065	NS	2.26864148125004	0.000251856972662971	UP
UP	dnf2_only	medtr.A17.gnm5.ann1_6.MtrunA17Chr7g0266141	MtrunA17Chr7g0266141			medtr.A17.gnm5.MtrunA17Chr7	-	49301020	49305759	0.924881378268596	0.992564656878768	NS	2.26805741197105	0.0207503110319746	UP
UP	dnf2_only	medtr.A17.gnm5.ann1_6.MtrunA17MTg0490141	MtrunA17MTg0490141			medtr.A17.gnm5.MtrunA17MT	+	5250	7884	0.656485907124035	1	NS	2.26296051963484	0.00278140234306294	UP
UP	dnf2_only	medtr.A17.gnm5.ann1_6.MtrunA17Chr2g0318081	MtrunA17Chr2g0318081			medtr.A17.gnm5.MtrunA17Chr2	+	39839374	39841200	1.25853052354181	0.518483952365248	NS	2.25702694478452	0.0117052721767101	UP
UP	dnf2_only	medtr.A17.gnm5.ann1_6.MtrunA17Chr2g0334111	MtrunA17Chr2g0334111			medtr.A17.gnm5.MtrunA17Chr2	-	51758044	51764017	-1.38194368615702	0.421493398434633	NS	2.25519060756787	0.0081110256939735	UP
UP	dnf2_only	medtr.A17.gnm5.ann1_6.MtrunA17Chr1g0187021	MtrunA17Chr1g0187021			medtr.A17.gnm5.MtrunA17Chr1	-	37190360	37194678	1.23387606197368	0.543118907775598	NS	2.25131753509596	0.00812623679116475	UP
UP	dnf2_only	medtr.A17.gnm5.ann1_6.MtrunA17Chr2g0297691	MtrunA17Chr2g0297691			medtr.A17.gnm5.MtrunA17Chr2	-	15719532	15726256	-0.514626326829631	1	NS	2.23978031966207	0.00131100503554287	UP
UP	dnf2_only	medtr.A17.gnm5.ann1_6.MtrunA17Chr8g0358741	MtrunA17Chr8g0358741			medtr.A17.gnm5.MtrunA17Chr8	+	21253231	21254184	-1.65201565701499	0.631905037171245	NS	2.23928256946895	0.0411682391217014	UP
UP	dnf2_only	medtr.A17.gnm5.ann1_6.MtrunA17Chr1g0161791	MtrunA17Chr1g0161791			medtr.A17.gnm5.MtrunA17Chr1	+	11878240	11879299	0.722148245220002	1	NS	2.23903771677878	0.0408983415238058	UP
UP	dnf2_only	medtr.A17.gnm5.ann1_6.MtrunA17Chr7g0218721	MtrunA17Chr7g0218721			medtr.A17.gnm5.MtrunA17Chr7	+	3951798	3956319	0.714128350199035	1	NS	2.23669350340393	0.0123048163873511	UP
UP	dnf2_only	medtr.A17.gnm5.ann1_6.MtrunA17Chr8g0370461	MtrunA17Chr8g0370461			medtr.A17.gnm5.MtrunA17Chr8	+	33605714	33610320	1.35150726737618	0.235734317170135	NS	2.2340784755884	0.000484712820659022	UP
UP	dnf2_only	medtr.A17.gnm5.ann1_6.MtrunA17Chr5g0409641	MtrunA17Chr5g0409641			medtr.A17.gnm5.MtrunA17Chr5	-	11340634	11344189	0.736623898103841	1	NS	2.23299794929908	0.000383823590284324	UP
UP	dnf2_only	medtr.A17.gnm5.ann1_6.MtrunA17Chr5g0394991	MtrunA17Chr5g0394991	MtnsLTP97	non-specific Lipid Transfer Protein	medtr.A17.gnm5.MtrunA17Chr5	-	1155360	1157065	-0.761448052936066	1	NS	2.2327708923116	0.000660393290740857	UP
UP	dnf2_only	medtr.A17.gnm5.ann1_6.MtrunA17Chr4g0034121	MtrunA17Chr4g0034121			medtr.A17.gnm5.MtrunA17Chr4	-	33844982	33847197	1.14288030867903	0.712470547421683	NS	2.23164678320387	0.0193807179692952	UP
UP	dnf2_only	medtr.A17.gnm5.ann1_6.MtrunA17Chr6g0454151	MtrunA17Chr6g0454151			medtr.A17.gnm5.MtrunA17Chr6	+	4431179	4433160	-1.76276534693043	0.502721754338445	NS	2.22884596553013	0.0354197982285161	UP
UP	dnf2_only	medtr.A17.gnm5.ann1_6.MtrunA17Chr3g0123481	MtrunA17Chr3g0123481			medtr.A17.gnm5.MtrunA17Chr3	-	42647689	42652323	0.685981039864509	1	NS	2.22769931305376	8.54631983635061e-05	UP
UP	dnf2_only	medtr.A17.gnm5.ann1_6.MtrunA17Chr4g0020071	MtrunA17Chr4g0020071			medtr.A17.gnm5.MtrunA17Chr4	-	15771944	15773528	-0.49431830910692	1	NS	2.22539339626394	0.0267571018192803	UP
UP	dnf2_only	medtr.A17.gnm5.ann1_6.MtrunA17Chr1g0165671	MtrunA17Chr1g0165671			medtr.A17.gnm5.MtrunA17Chr1	-	15172854	15176307	-0.0612690814527897	1	NS	2.22482887019678	0.00152261194496662	UP
UP	dnf2_only	medtr.A17.gnm5.ann1_6.MtrunA17Chr5g0432401	MtrunA17Chr5g0432401	MtPrx01|MtRIP1	RHIZOBIUM-INDUCED PEROXIDASE 1|peroxidase 29	medtr.A17.gnm5.MtrunA17Chr5	-	33090635	33093282	-2.3434354542857	0.0312250309819386	DOWN	2.22461597383354	0.0130924474669884	UP
UP	dnf2_only	medtr.A17.gnm5.ann1_6.MtrunA17Chr8g0378101	MtrunA17Chr8g0378101			medtr.A17.gnm5.MtrunA17Chr8	+	39252196	39253078	0.0677170807021893	1	NS	2.20502738019014	0.0195910839250342	UP
UP	dnf2_only	medtr.A17.gnm5.ann1_6.MtrunA17Chr4g0025731	MtrunA17Chr4g0025731			medtr.A17.gnm5.MtrunA17Chr4	-	26645672	26648347	-3.12583850741003	0.066871077171012	NS	2.20460934736309	0.0187160956094049	UP
UP	dnf2_only	medtr.A17.gnm5.ann1_6.MtrunA17Chr2g0327821	MtrunA17Chr2g0327821	MtMYB113	Myeloblastosis (MYB) transcription factor 113	medtr.A17.gnm5.MtrunA17Chr2	-	47279254	47281040	0.686122009396819	1	NS	2.19700840759499	0.00575154841233852	UP
UP	dnf2_only	medtr.A17.gnm5.ann1_6.MtrunA17Chr1g0178701	MtrunA17Chr1g0178701			medtr.A17.gnm5.MtrunA17Chr1	+	30119737	30121113	0.779656676158445	1	NS	2.1969662219217	0.017772571359865	UP
UP	dnf2_only	medtr.A17.gnm5.ann1_6.MtrunA17Chr4g0046341	MtrunA17Chr4g0046341			medtr.A17.gnm5.MtrunA17Chr4	+	42735417	42738114	1.20324359036294	0.544266523740757	NS	2.19435762777086	0.0072051763202899	UP
UP	dnf2_only	medtr.A17.gnm5.ann1_6.MtrunA17Chr8g0374321	MtrunA17Chr8g0374321			medtr.A17.gnm5.MtrunA17Chr8	+	36353747	36357984	-0.376473548806578	1	NS	2.19368321993694	0.00970336645248774	UP
UP	dnf2_only	medtr.A17.gnm5.ann1_6.MtrunA17Chr5g0436141	MtrunA17Chr5g0436141			medtr.A17.gnm5.MtrunA17Chr5	-	36059334	36063999	1.30233364067472	0.56190479172771	NS	2.19057780625719	0.0487586890941587	UP
UP	dnf2_only	medtr.A17.gnm5.ann1_6.MtrunA17Chr1g0204011	MtrunA17Chr1g0204011	MtPrx13	peroxidase	medtr.A17.gnm5.MtrunA17Chr1	+	49617299	49619873	0.495087487375455	1	NS	2.19013854281264	0.0251455952182335	UP
UP	dnf2_only	medtr.A17.gnm5.ann1_6.MtrunA17Chr1g0200961	MtrunA17Chr1g0200961	MtCYP76Y14	Cytochrome P450 monooxygenase	medtr.A17.gnm5.MtrunA17Chr1	-	47500771	47503967	0.601167874412104	1	NS	2.18562519538964	0.000534384387818317	UP
UP	dnf2_only	medtr.A17.gnm5.ann1_6.MtrunA17Chr4g0069351	MtrunA17Chr4g0069351	MtABAB15	ATP-Binding-Cassette (ABC) transporter typeB (P-glycoprotein (MDR/PGP/ABCB) efflux/conditional auxin transporter)	medtr.A17.gnm5.MtrunA17Chr4	+	59266659	59273476	1.43483704875872	0.26003756218486	NS	2.18255732805546	0.00673967546901764	UP
UP	dnf2_only	medtr.A17.gnm5.ann1_6.MtrunA17Chr1g0206351	MtrunA17Chr1g0206351			medtr.A17.gnm5.MtrunA17Chr1	+	51316322	51319608	-0.579264179080632	1	NS	2.17678702543236	0.000960559790264877	UP
UP	dnf2_only	medtr.A17.gnm5.ann1_6.MtrunA17Chr2g0295141	MtrunA17Chr2g0295141	MtPR10-4	Pathogenesis-related protein 10 (TC122461)	medtr.A17.gnm5.MtrunA17Chr2	+	13625957	13627436	1.01625457014069	0.850365348568412	NS	2.1755589293957	0.00258319391693483	UP
UP	dnf2_only	medtr.A17.gnm5.ann1_6.MtrunA17Chr5g0412701	MtrunA17Chr5g0412701			medtr.A17.gnm5.MtrunA17Chr5	-	14090276	14092788	0.017484929181441	1	NS	2.17341138070291	0.00518954454695113	UP
UP	dnf2_only	medtr.A17.gnm5.ann1_6.MtrunA17Chr2g0316301	MtrunA17Chr2g0316301			medtr.A17.gnm5.MtrunA17Chr2	-	38508405	38510381	0.307909635659198	1	NS	2.16775273708401	0.0292674879697324	UP
UP	dnf2_only	medtr.A17.gnm5.ann1_6.MtrunA17Chr4g0010121	MtrunA17Chr4g0010121			medtr.A17.gnm5.MtrunA17Chr4	-	7895122	7897042	-0.0683805870244428	1	NS	2.16440039399024	0.0075390508964909	UP
UP	dnf2_only	medtr.A17.gnm5.ann1_6.MtrunA17Chr3g0082031	MtrunA17Chr3g0082031			medtr.A17.gnm5.MtrunA17Chr3	-	3924728	3927825	0.893532602014767	1	NS	2.16389083713781	0.0494877119107544	UP
UP	dnf2_only	medtr.A17.gnm5.ann1_6.MtrunA17Chr5g0444921	MtrunA17Chr5g0444921			medtr.A17.gnm5.MtrunA17Chr5	-	42187279	42192238	0.0279251810262299	1	NS	2.16180952362278	0.0054562092589537	UP
UP	dnf2_only	medtr.A17.gnm5.ann1_6.MtrunA17Chr3g0125801	MtrunA17Chr3g0125801			medtr.A17.gnm5.MtrunA17Chr3	-	44207606	44209535	1.44474188580277	0.348031055345247	NS	2.16128951963784	0.0193807179692952	UP
UP	dnf2_only	medtr.A17.gnm5.ann1_6.MtrunA17Chr5g0435261	MtrunA17Chr5g0435261			medtr.A17.gnm5.MtrunA17Chr5	+	35372975	35374351	1.88326161699745	0.114311654590167	NS	2.16090303211655	0.0366341806075963	UP
UP	dnf2_only	medtr.A17.gnm5.ann1_6.MtrunA17Chr2g0280281	MtrunA17Chr2g0280281	MtCAPE1	CAP-derived peptide	medtr.A17.gnm5.MtrunA17Chr2	+	2460804	2461326	0.277949031674485	1	NS	2.15986714560222	0.0381329103946811	UP
UP	dnf2_only	medtr.A17.gnm5.ann1_6.MtrunA17Chr1g0151181	MtrunA17Chr1g0151181			medtr.A17.gnm5.MtrunA17Chr1	+	4128515	4129396	0.415424067076844	1	NS	2.15827422071968	0.0219279450417117	UP
UP	dnf2_only	medtr.A17.gnm5.ann1_6.MtrunA17Chr5g0435581	MtrunA17Chr5g0435581			medtr.A17.gnm5.MtrunA17Chr5	-	35587778	35590697	0.0494400006467437	1	NS	2.15473108663583	0.00525534694765287	UP
UP	dnf2_only	medtr.A17.gnm5.ann1_6.MtrunA17Chr8g0374901	MtrunA17Chr8g0374901			medtr.A17.gnm5.MtrunA17Chr8	-	36774344	36776185	-0.0586307916167088	1	NS	2.15409079861605	0.0060586635860912	UP
UP	dnf2_only	medtr.A17.gnm5.ann1_6.MtrunA17Chr4g0039971	MtrunA17Chr4g0039971	MtMYB049	Myeloblastosis (MYB) transcription factor 49	medtr.A17.gnm5.MtrunA17Chr4	+	37983291	37985540	0.932987484897779	0.975757730718578	NS	2.15186930438009	0.0209465472550444	UP
UP	dnf2_only	medtr.A17.gnm5.ann1_6.MtrunA17Chr1g0193941	MtrunA17Chr1g0193941			medtr.A17.gnm5.MtrunA17Chr1	+	42284977	42289193	0.440173613390144	1	NS	2.15161132696095	0.0353952979201299	UP
UP	dnf2_only	medtr.A17.gnm5.ann1_6.MtrunA17Chr5g0409141	MtrunA17Chr5g0409141			medtr.A17.gnm5.MtrunA17Chr5	+	11012601	11017779	1.12461453968341	0.660335543415824	NS	2.15056035820357	0.00525855557052887	UP
UP	dnf2_only	medtr.A17.gnm5.ann1_6.MtrunA17Chr1g0167781	MtrunA17Chr1g0167781			medtr.A17.gnm5.MtrunA17Chr1	-	16657637	16658459	-0.00732242133474139	1	NS	2.14973614731155	0.0410605674786937	UP
UP	dnf2_only	medtr.A17.gnm5.ann1_6.MtrunA17Chr4g0040201	MtrunA17Chr4g0040201			medtr.A17.gnm5.MtrunA17Chr4	+	38169581	38170716	-0.512581566068596	1	NS	2.14794483141595	0.0367980509210677	UP
UP	dnf2_only	medtr.A17.gnm5.ann1_6.MtrunA17Chr1g0161761	MtrunA17Chr1g0161761			medtr.A17.gnm5.MtrunA17Chr1	-	11855899	11856925	1.91269594591111	0.109622038450014	NS	2.14775954250018	0.0469470226620376	UP
UP	dnf2_only	medtr.A17.gnm5.ann1_6.MtrunA17Chr2g0279241	MtrunA17Chr2g0279241			medtr.A17.gnm5.MtrunA17Chr2	+	1717927	1721202	0.747550939814905	1	NS	2.14599633882412	0.00590347407941034	UP
UP	dnf2_only	medtr.A17.gnm5.ann1_6.MtrunA17Chr8g0345281	MtrunA17Chr8g0345281			medtr.A17.gnm5.MtrunA17Chr8	-	8345280	8351138	-0.901871203548217	1	NS	2.14209878655424	0.000395923105245331	UP
UP	dnf2_only	medtr.A17.gnm5.ann1_6.MtrunA17Chr2g0332261	MtrunA17Chr2g0332261			medtr.A17.gnm5.MtrunA17Chr2	+	50362320	50366187	0.0754207159254977	1	NS	2.14117847369972	0.0171591888776692	UP
UP	dnf2_only	medtr.A17.gnm5.ann1_6.MtrunA17Chr1g0196801	MtrunA17Chr1g0196801	MtENODL3|MtPCY48	ENOD-like 3|Plantacyanin/Chemocyanin 48	medtr.A17.gnm5.MtrunA17Chr1	-	44240847	44242148	0.60448417925574	1	NS	2.13702839949723	0.0367550732566463	UP
UP	dnf2_only	medtr.A17.gnm5.ann1_6.MtrunA17Chr1g0206531	MtrunA17Chr1g0206531			medtr.A17.gnm5.MtrunA17Chr1	-	51454167	51457951	0.0504040212229135	1	NS	2.13535615591338	0.00579697171479715	UP
UP	dnf2_only	medtr.A17.gnm5.ann1_6.MtrunA17Chr3g0113671	MtrunA17Chr3g0113671			medtr.A17.gnm5.MtrunA17Chr3	+	35314049	35317251	1.47033847798382	0.293965546257245	NS	2.13481978255427	0.0151920386576131	UP
UP	dnf2_only	medtr.A17.gnm5.ann1_6.MtrunA17Chr3g0120361	MtrunA17Chr3g0120361	MtZIP4	Zinc-Iron Permease 4	medtr.A17.gnm5.MtrunA17Chr3	+	40470884	40477950	1.5459356278445	0.278107429796245	NS	2.13288947197804	0.030818768552332	UP
UP	dnf2_only	medtr.A17.gnm5.ann1_6.MtrunA17Chr2g0284211	MtrunA17Chr2g0284211			medtr.A17.gnm5.MtrunA17Chr2	-	5138012	5143953	1.26077982337285	0.490779766736494	NS	2.12363865674873	0.00947532158474855	UP
UP	dnf2_only	medtr.A17.gnm5.ann1_6.MtrunA17Chr1g0175941	MtrunA17Chr1g0175941			medtr.A17.gnm5.MtrunA17Chr1	+	27450643	27457328	1.54989186144806	0.322415577861933	NS	2.12313259030968	0.0449382709217898	UP
UP	dnf2_only	medtr.A17.gnm5.ann1_6.MtrunA17Chr8g0379011	MtrunA17Chr8g0379011			medtr.A17.gnm5.MtrunA17Chr8	+	39853215	39857132	0.55715630596313	1	NS	2.12213062777841	0.000779643944283117	UP
UP	dnf2_only	medtr.A17.gnm5.ann1_6.MtrunA17Chr3g0130321	MtrunA17Chr3g0130321			medtr.A17.gnm5.MtrunA17Chr3	-	47524834	47526027	0.74230002271884	1	NS	2.12202576404058	0.0398002406633315	UP
UP	dnf2_only	medtr.A17.gnm5.ann1_6.MtrunA17Chr5g0399521	MtrunA17Chr5g0399521			medtr.A17.gnm5.MtrunA17Chr5	-	4094374	4096118	-0.133436502651536	1	NS	2.11985249895084	0.000837382023316661	UP
UP	dnf2_only	medtr.A17.gnm5.ann1_6.MtrunA17Chr5g0431581	MtrunA17Chr5g0431581			medtr.A17.gnm5.MtrunA17Chr5	-	32456533	32459734	-1.65469023974532	0.0167638860534313	DOWN	2.11904921376266	0.000113165724391812	UP
UP	dnf2_only	medtr.A17.gnm5.ann1_6.MtrunA17Chr4g0065821	MtrunA17Chr4g0065821			medtr.A17.gnm5.MtrunA17Chr4	+	56852771	56855505	-0.050576388175415	1	NS	2.11860770640467	0.00146833165945339	UP
UP	dnf2_only	medtr.A17.gnm5.ann1_6.MtrunA17Chr1g0200971	MtrunA17Chr1g0200971			medtr.A17.gnm5.MtrunA17Chr1	+	47502184	47503584	0.794932658081304	1	NS	2.1146884594644	0.0108306130824824	UP
UP	dnf2_only	medtr.A17.gnm5.ann1_6.MtrunA17Chr5g0435091	MtrunA17Chr5g0435091			medtr.A17.gnm5.MtrunA17Chr5	-	35235654	35238856	1.49672470480606	0.262594633520141	NS	2.11177151583115	0.0182396972081382	UP
UP	dnf2_only	medtr.A17.gnm5.ann1_6.MtrunA17Chr6g0452391	MtrunA17Chr6g0452391			medtr.A17.gnm5.MtrunA17Chr6	+	2767123	2768963	-1.00897826141081	0.854335800866733	NS	2.09985910989344	0.000218199424591028	UP
UP	dnf2_only	medtr.A17.gnm5.ann1_6.MtrunA17MTg0490131	MtrunA17MTg0490131			medtr.A17.gnm5.MtrunA17MT	-	4668	8447	1.52006648583612	0.193649717171915	NS	2.09807537440726	0.00853088230485929	UP
UP	dnf2_only	medtr.A17.gnm5.ann1_6.MtrunA17Chr4g0035551	MtrunA17Chr4g0035551			medtr.A17.gnm5.MtrunA17Chr4	+	34897926	34900064	0.864205427040175	1	NS	2.09662369243244	0.000586547214291337	UP
UP	dnf2_only	medtr.A17.gnm5.ann1_6.MtrunA17Chr2g0331191	MtrunA17Chr2g0331191			medtr.A17.gnm5.MtrunA17Chr2	-	49662305	49665093	-0.541610528781867	1	NS	2.0945584239611	0.00323670071262576	UP
UP	dnf2_only	medtr.A17.gnm5.ann1_6.MtrunA17Chr5g0400331	MtrunA17Chr5g0400331	MtPrx90	peroxidase	medtr.A17.gnm5.MtrunA17Chr5	+	4687207	4689327	0.30453360078039	1	NS	2.09359361506602	0.0339377070191194	UP
UP	dnf2_only	medtr.A17.gnm5.ann1_6.MtrunA17Chr2g0283811	MtrunA17Chr2g0283811	MtCDFe3	CYCLING DOF FACTOR	medtr.A17.gnm5.MtrunA17Chr2	-	4840662	4841512	1.15169827163453	0.658752847780056	NS	2.09043950603051	0.0179174204457059	UP
UP	dnf2_only	medtr.A17.gnm5.ann1_6.MtrunA17Chr2g0325821	MtrunA17Chr2g0325821			medtr.A17.gnm5.MtrunA17Chr2	-	45642865	45648403	-1.48937395741491	0.390628848029049	NS	2.088146978622	0.0130068280976736	UP
UP	dnf2_only	medtr.A17.gnm5.ann1_6.MtrunA17Chr7g0253401	MtrunA17Chr7g0253401			medtr.A17.gnm5.MtrunA17Chr7	-	40025256	40027845	1.28762327603886	0.324864349680947	NS	2.08723829432032	0.00221461672763013	UP
UP	dnf2_only	medtr.A17.gnm5.ann1_6.MtrunA17Chr1g0211041	MtrunA17Chr1g0211041			medtr.A17.gnm5.MtrunA17Chr1	-	54690644	54692375	0.0292300649975645	1	NS	2.08654534917778	0.0168796753804217	UP
UP	dnf2_only	medtr.A17.gnm5.ann1_6.MtrunA17Chr3g0080741	MtrunA17Chr3g0080741			medtr.A17.gnm5.MtrunA17Chr3	+	2821663	2825317	1.10926875100542	0.761992237736026	NS	2.08477505244817	0.0408902807614892	UP
UP	dnf2_only	medtr.A17.gnm5.ann1_6.MtrunA17Chr3g0116541	MtrunA17Chr3g0116541			medtr.A17.gnm5.MtrunA17Chr3	+	37800600	37802173	0.530213809441392	1	NS	2.08301031187526	0.026740076133227	UP
UP	dnf2_only	medtr.A17.gnm5.ann1_6.MtrunA17Chr7g0274071	MtrunA17Chr7g0274071			medtr.A17.gnm5.MtrunA17Chr7	-	54508488	54511742	0.449007234922707	1	NS	2.08182252576501	0.0186720635160456	UP
UP	dnf2_only	medtr.A17.gnm5.ann1_6.MtrunA17Chr5g0415511	MtrunA17Chr5g0415511			medtr.A17.gnm5.MtrunA17Chr5	-	16323644	16327348	-0.730895414220759	1	NS	2.08159810723216	0.0019898744255776	UP
UP	dnf2_only	medtr.A17.gnm5.ann1_6.MtrunA17Chr4g0054001	MtrunA17Chr4g0054001			medtr.A17.gnm5.MtrunA17Chr4	+	47871542	47875905	-0.434010314713493	1	NS	2.07873367267682	0.0282365434484162	UP
UP	dnf2_only	medtr.A17.gnm5.ann1_6.MtrunA17Chr8g0352571	MtrunA17Chr8g0352571			medtr.A17.gnm5.MtrunA17Chr8	-	14502646	14506425	0.677042362574344	1	NS	2.07681677300584	0.0080476637859101	UP
UP	dnf2_only	medtr.A17.gnm5.ann1_6.MtrunA17Chr8g0387701	MtrunA17Chr8g0387701			medtr.A17.gnm5.MtrunA17Chr8	-	45790641	45791566	-1.36463062722628	0.549974580851505	NS	2.07674194971634	0.0178354300256215	UP
UP	dnf2_only	medtr.A17.gnm5.ann1_6.MtrunA17Chr8g0338551	MtrunA17Chr8g0338551			medtr.A17.gnm5.MtrunA17Chr8	-	2962451	2968456	-1.00662640682691	0.922492467560995	NS	2.06977041710342	0.0318759710879189	UP
UP	dnf2_only	medtr.A17.gnm5.ann1_6.MtrunA17Chr7g0222831	MtrunA17Chr7g0222831			medtr.A17.gnm5.MtrunA17Chr7	-	8110851	8111795	1.61936471645899	0.15701826040572	NS	2.06876648534161	0.0176722906731086	UP
UP	dnf2_only	medtr.A17.gnm5.ann1_6.MtrunA17Chr4g0065231	MtrunA17Chr4g0065231			medtr.A17.gnm5.MtrunA17Chr4	+	56399232	56401454	0.930256518939699	0.987829155730841	NS	2.06587129305253	0.0110599658262253	UP
UP	dnf2_only	medtr.A17.gnm5.ann1_6.MtrunA17Chr5g0439121	MtrunA17Chr5g0439121			medtr.A17.gnm5.MtrunA17Chr5	+	38116993	38124821	0.60076262861038	1	NS	2.0624884184535	0.0229381128467969	UP
UP	dnf2_only	medtr.A17.gnm5.ann1_6.MtrunA17Chr5g0413621	MtrunA17Chr5g0413621			medtr.A17.gnm5.MtrunA17Chr5	+	14809988	14813360	0.491400480278968	1	NS	2.05922091770508	0.0276497023877349	UP
UP	dnf2_only	medtr.A17.gnm5.ann1_6.MtrunA17Chr4g0066671	MtrunA17Chr4g0066671			medtr.A17.gnm5.MtrunA17Chr4	+	57341098	57345198	-0.432721683459355	1	NS	2.05824610007715	0.0461003018304146	UP
UP	dnf2_only	medtr.A17.gnm5.ann1_6.MtrunA17Chr8g0385641	MtrunA17Chr8g0385641			medtr.A17.gnm5.MtrunA17Chr8	-	44220903	44224361	1.19230287549233	0.63643678371589	NS	2.05801732678073	0.0338042042824891	UP
UP	dnf2_only	medtr.A17.gnm5.ann1_6.MtrunA17Chr3g0145011	MtrunA17Chr3g0145011			medtr.A17.gnm5.MtrunA17Chr3	-	58243480	58247249	0.302127314031158	1	NS	2.052137078235	0.0384903777896118	UP
UP	dnf2_only	medtr.A17.gnm5.ann1_6.MtrunA17Chr3g0100611	MtrunA17Chr3g0100611			medtr.A17.gnm5.MtrunA17Chr3	-	25110704	25115707	1.42768545943562	0.280347165090622	NS	2.05031055764045	0.011914095538435	UP
UP	dnf2_only	medtr.A17.gnm5.ann1_6.MtrunA17Chr7g0250371	MtrunA17Chr7g0250371			medtr.A17.gnm5.MtrunA17Chr7	-	37826849	37832821	0.367594552046379	1	NS	2.04309222264432	0.0119315683046174	UP
UP	dnf2_only	medtr.A17.gnm5.ann1_6.MtrunA17Chr8g0386491	MtrunA17Chr8g0386491			medtr.A17.gnm5.MtrunA17Chr8	+	44883565	44891089	1.6954265377617	0.104489524815643	NS	2.03971948442429	0.0146200331869757	UP
UP	dnf2_only	medtr.A17.gnm5.ann1_6.MtrunA17Chr7g0271691	MtrunA17Chr7g0271691			medtr.A17.gnm5.MtrunA17Chr7	-	53051733	53055075	-0.450149672000537	1	NS	2.03822899859382	9.96765045657772e-05	UP
UP	dnf2_only	medtr.A17.gnm5.ann1_6.MtrunA17Chr8g0377921	MtrunA17Chr8g0377921			medtr.A17.gnm5.MtrunA17Chr8	+	39127219	39129108	0.820952292746424	1	NS	2.03742700823631	0.00957090260682545	UP
UP	dnf2_only	medtr.A17.gnm5.ann1_6.MtrunA17Chr4g0027951	MtrunA17Chr4g0027951			medtr.A17.gnm5.MtrunA17Chr4	-	29001677	29003684	0.766307457000482	1	NS	2.035226793686	0.0203535546673928	UP
UP	dnf2_only	medtr.A17.gnm5.ann1_6.MtrunA17Chr7g0249931	MtrunA17Chr7g0249931			medtr.A17.gnm5.MtrunA17Chr7	-	37580768	37583032	0.574808753391569	1	NS	2.03487370204369	0.0151714578160687	UP
UP	dnf2_only	medtr.A17.gnm5.ann1_6.MtrunA17Chr5g0426511	MtrunA17Chr5g0426511			medtr.A17.gnm5.MtrunA17Chr5	+	28440214	28447533	-0.10111960781948	1	NS	2.03201864468283	0.00191720566186908	UP
UP	dnf2_only	medtr.A17.gnm5.ann1_6.MtrunA17Chr3g0144851	MtrunA17Chr3g0144851			medtr.A17.gnm5.MtrunA17Chr3	+	58134581	58136454	0.380999605011832	1	NS	2.02703128403669	0.0405748705285527	UP
UP	dnf2_only	medtr.A17.gnm5.ann1_6.MtrunA17Chr8g0390061	MtrunA17Chr8g0390061			medtr.A17.gnm5.MtrunA17Chr8	+	47390065	47391705	1.29272443766322	0.288231279157058	NS	2.02542874863926	0.00132262960418006	UP
UP	dnf2_only	medtr.A17.gnm5.ann1_6.MtrunA17Chr3g0101441	MtrunA17Chr3g0101441			medtr.A17.gnm5.MtrunA17Chr3	-	25883842	25890821	0.737538030706011	1	NS	2.02125540296505	0.0068043355235813	UP
UP	dnf2_only	medtr.A17.gnm5.ann1_6.MtrunA17Chr4g0061721	MtrunA17Chr4g0061721			medtr.A17.gnm5.MtrunA17Chr4	-	53760240	53762606	1.29813582405529	0.369775585586504	NS	2.01836265196622	0.00674353430583509	UP
UP	dnf2_only	medtr.A17.gnm5.ann1_6.MtrunA17Chr1g0153981	MtrunA17Chr1g0153981			medtr.A17.gnm5.MtrunA17Chr1	+	6318372	6322145	-0.655574838232268	1	NS	2.01755799963491	0.000779038718033511	UP
UP	dnf2_only	medtr.A17.gnm5.ann1_6.MtrunA17Chr8g0349361	MtrunA17Chr8g0349361			medtr.A17.gnm5.MtrunA17Chr8	+	11843706	11847965	0.602625108013414	1	NS	2.01338133450798	0.000801446258898483	UP
UP	dnf2_only	medtr.A17.gnm5.ann1_6.MtrunA17Chr7g0261951	MtrunA17Chr7g0261951			medtr.A17.gnm5.MtrunA17Chr7	+	46173416	46182139	-2.09991067255243	0.0076556846928917	DOWN	2.00489341696607	0.00065598962928004	UP
UP	dnf2_only	medtr.A17.gnm5.ann1_6.MtrunA17Chr3g0144861	MtrunA17Chr3g0144861			medtr.A17.gnm5.MtrunA17Chr3	-	58135252	58136014	0.586390645762588	1	NS	2.00209566781909	0.0277273528871567	UP
UP	dnf2_only	medtr.A17.gnm5.ann1_6.MtrunA17Chr1g0152461	MtrunA17Chr1g0152461			medtr.A17.gnm5.MtrunA17Chr1	+	5198156	5199903	1.65283679573961	0.104739835910147	NS	2.00038422267476	0.0149450351039683	UP
UP	dnf2_only	medtr.A17.gnm5.ann1_6.MtrunA17Chr4g0049931	MtrunA17Chr4g0049931			medtr.A17.gnm5.MtrunA17Chr4	-	45102605	45111382	-0.543735250003255	1	NS	1.9919715039205	0.00643076118833339	UP
UP	dnf2_only	medtr.A17.gnm5.ann1_6.MtrunA17Chr1g0158781	MtrunA17Chr1g0158781			medtr.A17.gnm5.MtrunA17Chr1	+	9566789	9569827	-1.19213649873001	0.504222842734432	NS	1.9917127287211	0.00214864304343799	UP
UP	dnf2_only	medtr.A17.gnm5.ann1_6.MtrunA17Chr2g0294781	MtrunA17Chr2g0294781			medtr.A17.gnm5.MtrunA17Chr2	+	13393076	13395149	-0.0200020101713694	1	NS	1.98746702150699	0.020663399478661	UP
UP	dnf2_only	medtr.A17.gnm5.ann1_6.MtrunA17Chr5g0399301	MtrunA17Chr5g0399301			medtr.A17.gnm5.MtrunA17Chr5	-	3867967	3869358	-0.571423663053602	1	NS	1.98375211743336	0.0420061957006295	UP
UP	dnf2_only	medtr.A17.gnm5.ann1_6.MtrunA17Chr5g0399531	MtrunA17Chr5g0399531			medtr.A17.gnm5.MtrunA17Chr5	+	4094389	4096030	-0.230305011705061	1	NS	1.98312664910854	0.00395300707220859	UP
UP	dnf2_only	medtr.A17.gnm5.ann1_6.MtrunA17Chr6g0461341	MtrunA17Chr6g0461341			medtr.A17.gnm5.MtrunA17Chr6	-	10539952	10543584	1.64091229332878	0.0990017475908584	NS	1.97965719956296	0.0144608743729015	UP
UP	dnf2_only	medtr.A17.gnm5.ann1_6.MtrunA17Chr8g0356401	MtrunA17Chr8g0356401			medtr.A17.gnm5.MtrunA17Chr8	-	17993329	17993640	-0.176575804766536	1	NS	1.97954901143127	0.0316935593187944	UP
UP	dnf2_only	medtr.A17.gnm5.ann1_6.MtrunA17Chr7g0224571	MtrunA17Chr7g0224571			medtr.A17.gnm5.MtrunA17Chr7	-	9859268	9864572	0.845905522540726	1	NS	1.97900235088361	0.00707162455794241	UP
UP	dnf2_only	medtr.A17.gnm5.ann1_6.MtrunA17Chr3g0118571	MtrunA17Chr3g0118571			medtr.A17.gnm5.MtrunA17Chr3	+	39188156	39190778	-1.41016570133181	0.415377635088579	NS	1.97720868058172	0.0164724081361497	UP
UP	dnf2_only	medtr.A17.gnm5.ann1_6.MtrunA17Chr2g0313591	MtrunA17Chr2g0313591			medtr.A17.gnm5.MtrunA17Chr2	+	36270427	36289425	-0.498557385200542	1	NS	1.97278489859791	0.000909895117654853	UP
UP	dnf2_only	medtr.A17.gnm5.ann1_6.MtrunA17Chr8g0370791	MtrunA17Chr8g0370791			medtr.A17.gnm5.MtrunA17Chr8	-	33869504	33873396	0.708912321288357	1	NS	1.96977374215992	0.0119681606051806	UP
UP	dnf2_only	medtr.A17.gnm5.ann1_6.MtrunA17Chr5g0429511	MtrunA17Chr5g0429511			medtr.A17.gnm5.MtrunA17Chr5	+	30867715	30871968	-0.155280493558152	1	NS	1.96568016602082	0.0135122304568779	UP
UP	dnf2_only	medtr.A17.gnm5.ann1_6.MtrunA17Chr1g0161811	MtrunA17Chr1g0161811			medtr.A17.gnm5.MtrunA17Chr1	-	11880785	11882305	1.01910725910227	0.838900702741974	NS	1.96387762907703	0.00377197214284668	UP
UP	dnf2_only	medtr.A17.gnm5.ann1_6.MtrunA17Chr7g0240521	MtrunA17Chr7g0240521			medtr.A17.gnm5.MtrunA17Chr7	-	30343733	30345703	1.62012998489005	0.0643945848670595	NS	1.95961714449078	0.00575154841233852	UP
UP	dnf2_only	medtr.A17.gnm5.ann1_6.MtrunA17Chr1g0151221	MtrunA17Chr1g0151221	MtCYP711A10|MtMAX1b	Cytochrome P450 monooxygenase|MORE AXILLARY BRANCHES 1	medtr.A17.gnm5.MtrunA17Chr1	-	4154340	4157738	0.318803370839824	1	NS	1.95861678685548	0.00953964993115114	UP
UP	dnf2_only	medtr.A17.gnm5.ann1_6.MtrunA17Chr6g0459141	MtrunA17Chr6g0459141			medtr.A17.gnm5.MtrunA17Chr6	+	8380480	8381678	-0.611271969313528	1	NS	1.95856760161499	0.0174348934236767	UP
UP	dnf2_only	medtr.A17.gnm5.ann1_6.MtrunA17Chr7g0234861	MtrunA17Chr7g0234861			medtr.A17.gnm5.MtrunA17Chr7	+	25343993	25345127	-0.50316533667316	1	NS	1.95825915238557	0.0289426122848831	UP
UP	dnf2_only	medtr.A17.gnm5.ann1_6.MtrunA17Chr1g0180131	MtrunA17Chr1g0180131			medtr.A17.gnm5.MtrunA17Chr1	+	31334834	31337381	0.864685360824683	1	NS	1.95617734225271	0.00701814433946267	UP
UP	dnf2_only	medtr.A17.gnm5.ann1_6.MtrunA17Chr3g0126181	MtrunA17Chr3g0126181			medtr.A17.gnm5.MtrunA17Chr3	-	44517339	44521397	0.568899082600915	1	NS	1.95521301044285	0.0358406612624342	UP
UP	dnf2_only	medtr.A17.gnm5.ann1_6.MtrunA17Chr7g0253561	MtrunA17Chr7g0253561			medtr.A17.gnm5.MtrunA17Chr7	-	40117174	40121967	0.309765397387566	1	NS	1.95352277684736	0.0132910395137159	UP
UP	dnf2_only	medtr.A17.gnm5.ann1_6.MtrunA17Chr1g0166191	MtrunA17Chr1g0166191			medtr.A17.gnm5.MtrunA17Chr1	+	15595869	15599704	0.0807053986249912	1	NS	1.95244071628203	0.000443622262363985	UP
UP	dnf2_only	medtr.A17.gnm5.ann1_6.MtrunA17Chr7g0257771	MtrunA17Chr7g0257771	MtREM4.1	remorin 4.1	medtr.A17.gnm5.MtrunA17Chr7	-	43266293	43269887	-1.23577725769787	0.478243297995149	NS	1.95202854754723	0.0055612142527458	UP
UP	dnf2_only	medtr.A17.gnm5.ann1_6.MtrunA17Chr4g0071571	MtrunA17Chr4g0071571	MtPIN2	PIN-FORMED auxin efflux carrier component	medtr.A17.gnm5.MtrunA17Chr4	+	60859903	60863006	1.24238455692383	0.496892582107944	NS	1.95088992503187	0.0205540430444157	UP
UP	dnf2_only	medtr.A17.gnm5.ann1_6.MtrunA17Chr2g0302011	MtrunA17Chr2g0302011			medtr.A17.gnm5.MtrunA17Chr2	-	19679990	19684146	0.994757205042277	0.889484201661981	NS	1.94734327742221	0.0454231830873134	UP
UP	dnf2_only	medtr.A17.gnm5.ann1_6.MtrunA17Chr1g0180551	MtrunA17Chr1g0180551			medtr.A17.gnm5.MtrunA17Chr1	+	31682638	31691585	1.2303268600469	0.453238071629871	NS	1.94731549921934	0.00841790877605	UP
UP	dnf2_only	medtr.A17.gnm5.ann1_6.MtrunA17Chr8g0352831	MtrunA17Chr8g0352831			medtr.A17.gnm5.MtrunA17Chr8	+	14662518	14667729	-0.532367267902328	1	NS	1.94436514842069	0.0381649785143998	UP
UP	dnf2_only	medtr.A17.gnm5.ann1_6.MtrunA17Chr4g0005351	MtrunA17Chr4g0005351			medtr.A17.gnm5.MtrunA17Chr4	-	4265837	4270958	0.805617479019739	1	NS	1.93885004598125	0.0106041569421502	UP
UP	dnf2_only	medtr.A17.gnm5.ann1_6.MtrunA17Chr3g0114411	MtrunA17Chr3g0114411			medtr.A17.gnm5.MtrunA17Chr3	-	35909620	35911534	1.32282606784699	0.406382344528395	NS	1.93791616745008	0.0256681014301189	UP
UP	dnf2_only	medtr.A17.gnm5.ann1_6.MtrunA17Chr2g0328421	MtrunA17Chr2g0328421			medtr.A17.gnm5.MtrunA17Chr2	-	47732274	47736193	1.72532427514385	0.134708284381771	NS	1.93446525244481	0.0476684841297767	UP
UP	dnf2_only	medtr.A17.gnm5.ann1_6.MtrunA17Chr8g0361431	MtrunA17Chr8g0361431			medtr.A17.gnm5.MtrunA17Chr8	+	25779379	25784758	-2.99961379627606	0.00947221670842246	DOWN	1.9301335428505	0.00811862983692434	UP
UP	dnf2_only	medtr.A17.gnm5.ann1_6.MtrunA17Chr3g0092131	MtrunA17Chr3g0092131			medtr.A17.gnm5.MtrunA17Chr3	-	13486519	13490667	-0.137907463917476	1	NS	1.92932232440591	0.00998419277721546	UP
UP	dnf2_only	medtr.A17.gnm5.ann1_6.MtrunA17Chr2g0313541	MtrunA17Chr2g0313541			medtr.A17.gnm5.MtrunA17Chr2	+	36252990	36261807	1.45678176650525	0.318040845584266	NS	1.92768505598563	0.0482269596513	UP
UP	dnf2_only	medtr.A17.gnm5.ann1_6.MtrunA17Chr8g0342491	MtrunA17Chr8g0342491			medtr.A17.gnm5.MtrunA17Chr8	+	5921378	5926084	-0.727337465598886	1	NS	1.92275853810843	0.00837684812117944	UP
UP	dnf2_only	medtr.A17.gnm5.ann1_6.MtrunA17Chr2g0324201	MtrunA17Chr2g0324201			medtr.A17.gnm5.MtrunA17Chr2	-	44472150	44475174	-1.23617293422325	0.616527465506497	NS	1.91729490237525	0.0255429752431197	UP
UP	dnf2_only	medtr.A17.gnm5.ann1_6.MtrunA17Chr2g0284041	MtrunA17Chr2g0284041			medtr.A17.gnm5.MtrunA17Chr2	+	5022158	5026365	1.23164675122683	0.5107391137325	NS	1.91456313979912	0.0289426122848831	UP
UP	dnf2_only	medtr.A17.gnm5.ann1_6.MtrunA17Chr6g0487031	MtrunA17Chr6g0487031			medtr.A17.gnm5.MtrunA17Chr6	+	41387690	41392642	0.316229498138164	1	NS	1.91347012576459	0.0413797383393645	UP
UP	dnf2_only	medtr.A17.gnm5.ann1_6.MtrunA17Chr4g0018961	MtrunA17Chr4g0018961			medtr.A17.gnm5.MtrunA17Chr4	-	14314460	14315163	-0.840671942049614	1	NS	1.90665397833599	0.0339045038153983	UP
UP	dnf2_only	medtr.A17.gnm5.ann1_6.MtrunA17Chr4g0076311	MtrunA17Chr4g0076311	MtLAT52/POE_31	Late Anther Tomato52/Pollen Ole e 1 Allergen and Extensin	medtr.A17.gnm5.MtrunA17Chr4	-	64227019	64229591	0.823491379149686	1	NS	1.89824126483123	0.0141337065745734	UP
UP	dnf2_only	medtr.A17.gnm5.ann1_6.MtrunA17Chr2g0284311	MtrunA17Chr2g0284311			medtr.A17.gnm5.MtrunA17Chr2	-	5202198	5204469	0.637353990637527	1	NS	1.8967169377137	0.0211444049307627	UP
UP	dnf2_only	medtr.A17.gnm5.ann1_6.MtrunA17Chr7g0247271	MtrunA17Chr7g0247271			medtr.A17.gnm5.MtrunA17Chr7	+	35747138	35752917	0.577550960328905	1	NS	1.88897103320269	0.00088170878464661	UP
UP	dnf2_only	medtr.A17.gnm5.ann1_6.MtrunA17Chr4g0063431	MtrunA17Chr4g0063431			medtr.A17.gnm5.MtrunA17Chr4	-	55020532	55022309	-1.53456691652475	0.268862362586747	NS	1.88649515286986	0.0283622773055203	UP
UP	dnf2_only	medtr.A17.gnm5.ann1_6.MtrunA17Chr8g0336761	MtrunA17Chr8g0336761			medtr.A17.gnm5.MtrunA17Chr8	+	1886966	1890297	0.619122162387964	1	NS	1.88505635582892	0.0138381187968321	UP
UP	dnf2_only	medtr.A17.gnm5.ann1_6.MtrunA17Chr7g0270831	MtrunA17Chr7g0270831			medtr.A17.gnm5.MtrunA17Chr7	-	52388877	52392211	-0.983496780750308	0.906639630094764	NS	1.88497390067499	0.0216952765082395	UP
UP	dnf2_only	medtr.A17.gnm5.ann1_6.MtrunA17Chr2g0331081	MtrunA17Chr2g0331081			medtr.A17.gnm5.MtrunA17Chr2	-	49568849	49580519	0.678874604262254	1	NS	1.88467675621122	0.0159787189860038	UP
UP	dnf2_only	medtr.A17.gnm5.ann1_6.MtrunA17Chr1g0189841	MtrunA17Chr1g0189841			medtr.A17.gnm5.MtrunA17Chr1	+	39193427	39194855	0.236583014442958	1	NS	1.88301082338078	0.0108008986821325	UP
UP	dnf2_only	medtr.A17.gnm5.ann1_6.MtrunA17Chr4g0005111	MtrunA17Chr4g0005111			medtr.A17.gnm5.MtrunA17Chr4	-	4116543	4117563	-0.710724063597928	1	NS	1.88123082541421	0.0205948101414601	UP
UP	dnf2_only	medtr.A17.gnm5.ann1_6.MtrunA17Chr6g0458181	MtrunA17Chr6g0458181			medtr.A17.gnm5.MtrunA17Chr6	-	7743348	7750451	0.297200358561762	1	NS	1.87895887326257	0.00394433702670827	UP
UP	dnf2_only	medtr.A17.gnm5.ann1_6.MtrunA17Chr8g0379581	MtrunA17Chr8g0379581			medtr.A17.gnm5.MtrunA17Chr8	+	40212642	40214184	1.48580010817993	0.0635526634668299	NS	1.87228874995511	0.00230936822282135	UP
UP	dnf2_only	medtr.A17.gnm5.ann1_6.MtrunA17Chr1g0169271	MtrunA17Chr1g0169271			medtr.A17.gnm5.MtrunA17Chr1	+	17994550	18000232	-1.76507041840458	0.256890410102576	NS	1.86965018025227	0.0368470754380489	UP
UP	dnf2_only	medtr.A17.gnm5.ann1_6.MtrunA17Chr1g0153271	MtrunA17Chr1g0153271			medtr.A17.gnm5.MtrunA17Chr1	+	5831515	5835078	0.657073156089932	1	NS	1.86817947131482	0.0132854862413685	UP
UP	dnf2_only	medtr.A17.gnm5.ann1_6.MtrunA17Chr1g0203401	MtrunA17Chr1g0203401	MtREM1.1	remorin 1.1	medtr.A17.gnm5.MtrunA17Chr1	+	49236221	49238931	0.560045110863229	1	NS	1.85901043062011	0.000262577969129368	UP
UP	dnf2_only	medtr.A17.gnm5.ann1_6.MtrunA17Chr3g0108361	MtrunA17Chr3g0108361			medtr.A17.gnm5.MtrunA17Chr3	+	31730766	31738852	1.0859542185205	0.68750367316828	NS	1.85222239597222	0.00990960824754316	UP
UP	dnf2_only	medtr.A17.gnm5.ann1_6.MtrunA17Chr7g0218211	MtrunA17Chr7g0218211			medtr.A17.gnm5.MtrunA17Chr7	-	3593561	3597016	-0.540488967617077	1	NS	1.85063489679875	0.00432551667987833	UP
UP	dnf2_only	medtr.A17.gnm5.ann1_6.MtrunA17Chr7g0274061	MtrunA17Chr7g0274061			medtr.A17.gnm5.MtrunA17Chr7	-	54504967	54508164	-0.24050365691404	1	NS	1.84569656432155	0.00559014407403438	UP
UP	dnf2_only	medtr.A17.gnm5.ann1_6.MtrunA17Chr8g0348081	MtrunA17Chr8g0348081			medtr.A17.gnm5.MtrunA17Chr8	+	10825178	10828195	1.03204355002429	0.8064474998427	NS	1.84394996834785	0.00748499303936077	UP
UP	dnf2_only	medtr.A17.gnm5.ann1_6.MtrunA17Chr4g0038271	MtrunA17Chr4g0038271	MtCYP86B6	Cytochrome P450 monooxygenase	medtr.A17.gnm5.MtrunA17Chr4	-	36643833	36646755	1.45270984104628	0.181481330961649	NS	1.84300820379628	0.0169182381237912	UP
UP	dnf2_only	medtr.A17.gnm5.ann1_6.MtrunA17Chr6g0453081	MtrunA17Chr6g0453081			medtr.A17.gnm5.MtrunA17Chr6	+	3433743	3437009	0.0700063467774271	1	NS	1.84203785341006	0.0135698494016313	UP
UP	dnf2_only	medtr.A17.gnm5.ann1_6.MtrunA17Chr8g0352581	MtrunA17Chr8g0352581			medtr.A17.gnm5.MtrunA17Chr8	+	14514345	14518831	-2.02162963970398	0.0762627856651949	NS	1.8383854246608	0.0255429752431197	UP
UP	dnf2_only	medtr.A17.gnm5.ann1_6.MtrunA17Chr2g0334121	MtrunA17Chr2g0334121			medtr.A17.gnm5.MtrunA17Chr2	+	51765161	51765965	-0.486701308947575	1	NS	1.8353879913433	0.0241168772279287	UP
UP	dnf2_only	medtr.A17.gnm5.ann1_6.MtrunA17Chr4g0038641	MtrunA17Chr4g0038641			medtr.A17.gnm5.MtrunA17Chr4	+	36872486	36873992	0.666548905499644	1	NS	1.82938659088617	0.00219589638116963	UP
UP	dnf2_only	medtr.A17.gnm5.ann1_6.MtrunA17Chr2g0307301	MtrunA17Chr2g0307301	MtCYP72A68v1	Cytochrome P450 monooxygenase	medtr.A17.gnm5.MtrunA17Chr2	-	29836758	29840682	0.388042779952442	1	NS	1.82737875514334	0.00341086579912418	UP
UP	dnf2_only	medtr.A17.gnm5.ann1_6.MtrunA17Chr4g0076281	MtrunA17Chr4g0076281			medtr.A17.gnm5.MtrunA17Chr4	+	64212358	64216857	1.01369322602735	0.845837589531927	NS	1.82554102509962	0.0040071536628248	UP
UP	dnf2_only	medtr.A17.gnm5.ann1_6.MtrunA17Chr6g0484841	MtrunA17Chr6g0484841			medtr.A17.gnm5.MtrunA17Chr6	-	39360913	39365624	0.489617963455953	1	NS	1.82429972307957	0.0290227731331393	UP
UP	dnf2_only	medtr.A17.gnm5.ann1_6.MtrunA17Chr2g0319791	MtrunA17Chr2g0319791			medtr.A17.gnm5.MtrunA17Chr2	+	41137934	41139597	-0.653174943826288	1	NS	1.8236380229037	0.045955933150927	UP
UP	dnf2_only	medtr.A17.gnm5.ann1_6.MtrunA17Chr4g0014901	MtrunA17Chr4g0014901			medtr.A17.gnm5.MtrunA17Chr4	+	12280006	12284694	0.897477221375678	1	NS	1.82004170931642	0.00862971233199083	UP
UP	dnf2_only	medtr.A17.gnm5.ann1_6.MtrunA17Chr8g0368691	MtrunA17Chr8g0368691			medtr.A17.gnm5.MtrunA17Chr8	-	32044645	32055064	0.400714197171636	1	NS	1.81734050068846	0.00234063999850672	UP
UP	dnf2_only	medtr.A17.gnm5.ann1_6.MtrunA17Chr4g0055471	MtrunA17Chr4g0055471			medtr.A17.gnm5.MtrunA17Chr4	-	49057721	49062635	-1.21470062495986	0.538008302077155	NS	1.81491214869568	0.0468926891947279	UP
UP	dnf2_only	medtr.A17.gnm5.ann1_6.MtrunA17Chr4g0038631	MtrunA17Chr4g0038631			medtr.A17.gnm5.MtrunA17Chr4	-	36872171	36876165	0.904835925674164	1	NS	1.8116637672044	0.00339672733145384	UP
UP	dnf2_only	medtr.A17.gnm5.ann1_6.MtrunA17Chr3g0132031	MtrunA17Chr3g0132031			medtr.A17.gnm5.MtrunA17Chr3	-	48829867	48831451	-1.71007502424462	0.0696133586939521	NS	1.81114230664113	0.0162679117236127	UP
UP	dnf2_only	medtr.A17.gnm5.ann1_6.MtrunA17Chr7g0240551	MtrunA17Chr7g0240551			medtr.A17.gnm5.MtrunA17Chr7	-	30362313	30365495	1.11249954254105	0.657806103206535	NS	1.80872220015161	0.0228758184441996	UP
UP	dnf2_only	medtr.A17.gnm5.ann1_6.MtrunA17Chr1g0163621	MtrunA17Chr1g0163621			medtr.A17.gnm5.MtrunA17Chr1	-	13440408	13442579	-0.792308887598951	1	NS	1.80701692591487	0.0179589750802288	UP
UP	dnf2_only	medtr.A17.gnm5.ann1_6.MtrunA17Chr5g0447521	MtrunA17Chr5g0447521			medtr.A17.gnm5.MtrunA17Chr5	-	43783584	43787539	1.09684331665439	0.713441125126729	NS	1.80615877894524	0.0416910919744708	UP
UP	dnf2_only	medtr.A17.gnm5.ann1_6.MtrunA17Chr1g0207781	MtrunA17Chr1g0207781			medtr.A17.gnm5.MtrunA17Chr1	+	52212059	52213162	-0.129208931356722	1	NS	1.80533615445293	0.022122055827594	UP
UP	dnf2_only	medtr.A17.gnm5.ann1_6.MtrunA17Chr8g0349241	MtrunA17Chr8g0349241			medtr.A17.gnm5.MtrunA17Chr8	-	11757571	11763061	1.00174196551694	0.864472376290796	NS	1.80365124485158	0.0114607687808688	UP
UP	dnf2_only	medtr.A17.gnm5.ann1_6.MtrunA17Chr8g0337671	MtrunA17Chr8g0337671			medtr.A17.gnm5.MtrunA17Chr8	+	2479737	2483835	1.20718178240566	0.315142729280934	NS	1.80180424953173	0.00155582030448598	UP
UP	dnf2_only	medtr.A17.gnm5.ann1_6.MtrunA17Chr8g0365761	MtrunA17Chr8g0365761			medtr.A17.gnm5.MtrunA17Chr8	+	29760685	29763451	-0.802696867663464	1	NS	1.80136524317799	0.000194544800495723	UP
UP	dnf2_only	medtr.A17.gnm5.ann1_6.MtrunA17Chr6g0467631	MtrunA17Chr6g0467631			medtr.A17.gnm5.MtrunA17Chr6	-	16560875	16564797	-3.47523025754394	0.00151945217408829	DOWN	1.80129147234403	0.026469582898167	UP
UP	dnf2_only	medtr.A17.gnm5.ann1_6.MtrunA17Chr6g0482131	MtrunA17Chr6g0482131			medtr.A17.gnm5.MtrunA17Chr6	-	36808875	36816220	0.0771584191119664	1	NS	1.80004247681009	0.016880434151515	UP
UP	dnf2_only	medtr.A17.gnm5.ann1_6.MtrunA17Chr4g0027961	MtrunA17Chr4g0027961	MtPAO	PHEOPHORBIDE A OXYGENASE (chlorophyll degradation)	medtr.A17.gnm5.MtrunA17Chr4	+	29001688	29006770	0.449364575028709	1	NS	1.79909012839541	0.0124894379580229	UP
UP	dnf2_only	medtr.A17.gnm5.ann1_6.MtrunA17Chr6g0458931	MtrunA17Chr6g0458931			medtr.A17.gnm5.MtrunA17Chr6	-	8194360	8199914	0.792719117051032	1	NS	1.79805095467081	0.0247113339882686	UP
UP	dnf2_only	medtr.A17.gnm5.ann1_6.MtrunA17Chr1g0191671	MtrunA17Chr1g0191671			medtr.A17.gnm5.MtrunA17Chr1	+	40640484	40643339	1.16720282728898	0.471090631384857	NS	1.79483430467631	0.00529486865765467	UP
UP	dnf2_only	medtr.A17.gnm5.ann1_6.MtrunA17Chr5g0442201	MtrunA17Chr5g0442201			medtr.A17.gnm5.MtrunA17Chr5	-	40438038	40443628	-0.0127623981213721	1	NS	1.79401793384166	0.0217706633985371	UP
UP	dnf2_only	medtr.A17.gnm5.ann1_6.MtrunA17Chr5g0400411	MtrunA17Chr5g0400411	MtCYP88A13|MtKAO240|MtKAO3	Cytochrome P450 monooxygenase|Ent-kaurenoic acid oxidase	medtr.A17.gnm5.MtrunA17Chr5	+	4751820	4757539	-1.62093813231611	0.234431884951888	NS	1.79161518409243	0.0257576599013241	UP
UP	dnf2_only	medtr.A17.gnm5.ann1_6.MtrunA17Chr8g0388921	MtrunA17Chr8g0388921	MtCYP716A12	Cytochrome P450 monooxygenase	medtr.A17.gnm5.MtrunA17Chr8	-	46569321	46574678	-0.952341977893389	1	NS	1.78620932224713	0.00293601555272753	UP
UP	dnf2_only	medtr.A17.gnm5.ann1_6.MtrunA17Chr4g0037461	MtrunA17Chr4g0037461			medtr.A17.gnm5.MtrunA17Chr4	-	36072544	36073877	1.29894792916726	0.402017651347186	NS	1.7837286364127	0.0472481970135404	UP
UP	dnf2_only	medtr.A17.gnm5.ann1_6.MtrunA17Chr4g0009821	MtrunA17Chr4g0009821			medtr.A17.gnm5.MtrunA17Chr4	-	7651709	7653936	0.211373134164872	1	NS	1.78340697080804	0.000710181446032996	UP
UP	dnf2_only	medtr.A17.gnm5.ann1_6.MtrunA17Chr3g0121861	MtrunA17Chr3g0121861			medtr.A17.gnm5.MtrunA17Chr3	+	41524377	41527199	-0.06483823767438	1	NS	1.77523599124318	0.0143922661433498	UP
UP	dnf2_only	medtr.A17.gnm5.ann1_6.MtrunA17Chr4g0066571	MtrunA17Chr4g0066571			medtr.A17.gnm5.MtrunA17Chr4	-	57252124	57261802	1.17644801333683	0.423726149178771	NS	1.77432040755613	0.00435409205616053	UP
UP	dnf2_only	medtr.A17.gnm5.ann1_6.MtrunA17Chr7g0256371	MtrunA17Chr7g0256371	MtCER1-2	ECERIFERUM 1 (suberin biosynthesis)	medtr.A17.gnm5.MtrunA17Chr7	+	42240567	42247724	-1.02341044824316	0.845326221674496	NS	1.77407498290996	0.0397101726479205	UP
UP	dnf2_only	medtr.A17.gnm5.ann1_6.MtrunA17Chr4g0000511	MtrunA17Chr4g0000511			medtr.A17.gnm5.MtrunA17Chr4	+	434550	438027	-1.03420209469276	0.788425321892314	NS	1.76733394275622	0.00511164590772406	UP
UP	dnf2_only	medtr.A17.gnm5.ann1_6.MtrunA17Chr6g0477261	MtrunA17Chr6g0477261			medtr.A17.gnm5.MtrunA17Chr6	-	32026116	32032038	1.7723907109747	0.0535876269292777	NS	1.76669047201182	0.04716695428407	UP
UP	dnf2_only	medtr.A17.gnm5.ann1_6.MtrunA17Chr3g0087151	MtrunA17Chr3g0087151			medtr.A17.gnm5.MtrunA17Chr3	+	8569445	8570612	0.310253533487414	1	NS	1.76514431425377	0.00319051055581414	UP
UP	dnf2_only	medtr.A17.gnm5.ann1_6.MtrunA17Chr2g0299921	MtrunA17Chr2g0299921			medtr.A17.gnm5.MtrunA17Chr2	+	17746775	17755647	-0.575761237912504	1	NS	1.76395842170931	0.00660114239901396	UP
UP	dnf2_only	medtr.A17.gnm5.ann1_6.MtrunA17Chr2g0292701	MtrunA17Chr2g0292701			medtr.A17.gnm5.MtrunA17Chr2	+	11594734	11597170	-0.641384452337754	1	NS	1.76311107541322	0.0293003939846479	UP
UP	dnf2_only	medtr.A17.gnm5.ann1_6.MtrunA17Chr1g0209911	MtrunA17Chr1g0209911			medtr.A17.gnm5.MtrunA17Chr1	-	53808632	53812542	0.807181947869038	1	NS	1.76140240859193	0.0198768392941889	UP
UP	dnf2_only	medtr.A17.gnm5.ann1_6.MtrunA17Chr1g0185721	MtrunA17Chr1g0185721			medtr.A17.gnm5.MtrunA17Chr1	+	36078455	36079857	1.57940420778376	0.0788204062582153	NS	1.7612189936988	0.0207251863788813	UP
UP	dnf2_only	medtr.A17.gnm5.ann1_6.MtrunA17Chr3g0087231	MtrunA17Chr3g0087231			medtr.A17.gnm5.MtrunA17Chr3	-	8608210	8609674	0.0132702266635238	1	NS	1.75830576344894	0.0353345283783861	UP
UP	dnf2_only	medtr.A17.gnm5.ann1_6.MtrunA17Chr3g0130931	MtrunA17Chr3g0130931			medtr.A17.gnm5.MtrunA17Chr3	-	47976279	47978400	0.436919592822271	1	NS	1.75610809255161	0.0341615949630739	UP
UP	dnf2_only	medtr.A17.gnm5.ann1_6.MtrunA17Chr2g0279581	MtrunA17Chr2g0279581			medtr.A17.gnm5.MtrunA17Chr2	-	1946191	1950428	-0.5318239929222	1	NS	1.75344345034704	0.0357931559388118	UP
UP	dnf2_only	medtr.A17.gnm5.ann1_6.MtrunA17Chr1g0160531	MtrunA17Chr1g0160531			medtr.A17.gnm5.MtrunA17Chr1	-	11004950	11007723	0.101470808788488	1	NS	1.7528417576391	0.0268055537474763	UP
UP	dnf2_only	medtr.A17.gnm5.ann1_6.MtrunA17Chr3g0103231	MtrunA17Chr3g0103231			medtr.A17.gnm5.MtrunA17Chr3	+	27647388	27651235	1.40915392787789	0.162959569431159	NS	1.75223300210124	0.0142738909603743	UP
UP	dnf2_only	medtr.A17.gnm5.ann1_6.MtrunA17Chr1g0167501	MtrunA17Chr1g0167501			medtr.A17.gnm5.MtrunA17Chr1	+	16426413	16428344	0.371105438770962	1	NS	1.75097859061523	0.0443636055259553	UP
UP	dnf2_only	medtr.A17.gnm5.ann1_6.MtrunA17Chr8g0346461	MtrunA17Chr8g0346461			medtr.A17.gnm5.MtrunA17Chr8	-	9533056	9538261	0.0757000076214351	1	NS	1.74664989611288	0.0090256141349461	UP
UP	dnf2_only	medtr.A17.gnm5.ann1_6.MtrunA17Chr2g0322621	MtrunA17Chr2g0322621			medtr.A17.gnm5.MtrunA17Chr2	-	43316585	43317444	-0.670694552471419	1	NS	1.74306414649929	0.0163107582337797	UP
UP	dnf2_only	medtr.A17.gnm5.ann1_6.MtrunA17Chr6g0450601	MtrunA17Chr6g0450601			medtr.A17.gnm5.MtrunA17Chr6	+	1307690	1315757	0.484172455646834	1	NS	1.73546092304839	0.0214010396048284	UP
UP	dnf2_only	medtr.A17.gnm5.ann1_6.MtrunA17Chr8g0356391	MtrunA17Chr8g0356391			medtr.A17.gnm5.MtrunA17Chr8	+	17992925	18002457	-0.667158908087789	1	NS	1.73424960532248	0.0141739479190463	UP
UP	dnf2_only	medtr.A17.gnm5.ann1_6.MtrunA17Chr7g0259071	MtrunA17Chr7g0259071			medtr.A17.gnm5.MtrunA17Chr7	-	44167060	44168041	0.8098719952267	1	NS	1.72914487462486	0.0481946836948676	UP
UP	dnf2_only	medtr.A17.gnm5.ann1_6.MtrunA17Chr7g0276251	MtrunA17Chr7g0276251	MtKCS1	3-ketoacyl-CoA synthase (suberin biosynthesis)	medtr.A17.gnm5.MtrunA17Chr7	-	55868136	55870065	-0.0807777104106725	1	NS	1.72900513284588	0.0191067225565144	UP
UP	dnf2_only	medtr.A17.gnm5.ann1_6.MtrunA17Chr8g0345601	MtrunA17Chr8g0345601			medtr.A17.gnm5.MtrunA17Chr8	+	8608662	8610954	-1.39425205917594	0.277257800412367	NS	1.72806893888458	0.0480057395011972	UP
UP	dnf2_only	medtr.A17.gnm5.ann1_6.MtrunA17Chr1g0178691	MtrunA17Chr1g0178691			medtr.A17.gnm5.MtrunA17Chr1	+	30118024	30119735	-0.297106615202887	1	NS	1.71765891704893	0.0124730633541481	UP
UP	dnf2_only	medtr.A17.gnm5.ann1_6.MtrunA17Chr3g0101461	MtrunA17Chr3g0101461			medtr.A17.gnm5.MtrunA17Chr3	-	25892699	25900417	0.327116007717745	1	NS	1.7130247592813	0.0101365498345388	UP
UP	dnf2_only	medtr.A17.gnm5.ann1_6.MtrunA17Chr8g0346091	MtrunA17Chr8g0346091			medtr.A17.gnm5.MtrunA17Chr8	+	9079186	9082812	1.17918794360842	0.458483110977297	NS	1.71079685723406	0.0129682295937053	UP
UP	dnf2_only	medtr.A17.gnm5.ann1_6.MtrunA17Chr4g0071481	MtrunA17Chr4g0071481			medtr.A17.gnm5.MtrunA17Chr4	+	60805687	60809545	-0.164310562654531	1	NS	1.69965512192484	0.00671183281481192	UP
UP	dnf2_only	medtr.A17.gnm5.ann1_6.MtrunA17Chr3g0128001	MtrunA17Chr3g0128001			medtr.A17.gnm5.MtrunA17Chr3	+	45927860	45933537	-1.54135604835656	0.186337061535091	NS	1.69241652613303	0.0272416669567085	UP
UP	dnf2_only	medtr.A17.gnm5.ann1_6.MtrunA17Chr3g0117141	MtrunA17Chr3g0117141			medtr.A17.gnm5.MtrunA17Chr3	-	38186265	38189690	0.240109003562681	1	NS	1.68982957631378	0.0448788105580497	UP
UP	dnf2_only	medtr.A17.gnm5.ann1_6.MtrunA17Chr4g0053031	MtrunA17Chr4g0053031			medtr.A17.gnm5.MtrunA17Chr4	+	46993675	46997037	-0.208101625214581	1	NS	1.68305527437115	0.0135104304082902	UP
UP	dnf2_only	medtr.A17.gnm5.ann1_6.MtrunA17Chr8g0382991	MtrunA17Chr8g0382991			medtr.A17.gnm5.MtrunA17Chr8	+	42434889	42436257	0.296310589609171	1	NS	1.68125646664904	0.00852404284186161	UP
UP	dnf2_only	medtr.A17.gnm5.ann1_6.MtrunA17Chr8g0340731	MtrunA17Chr8g0340731			medtr.A17.gnm5.MtrunA17Chr8	-	4465586	4469335	1.52630596783445	0.124591706103585	NS	1.67910581181925	0.0458543582704349	UP
UP	dnf2_only	medtr.A17.gnm5.ann1_6.MtrunA17Chr8g0348491	MtrunA17Chr8g0348491			medtr.A17.gnm5.MtrunA17Chr8	-	11112435	11117223	0.186663606418444	1	NS	1.67461957262424	0.00785439397615547	UP
UP	dnf2_only	medtr.A17.gnm5.ann1_6.MtrunA17Chr1g0148421	MtrunA17Chr1g0148421			medtr.A17.gnm5.MtrunA17Chr1	-	1827211	1836149	0.651318551376337	1	NS	1.67216048331131	0.00386599499569391	UP
UP	dnf2_only	medtr.A17.gnm5.ann1_6.MtrunA17Chr4g0029341	MtrunA17Chr4g0029341			medtr.A17.gnm5.MtrunA17Chr4	+	30249032	30250285	0.813237801963134	1	NS	1.66974420207657	0.0165966784990253	UP
UP	dnf2_only	medtr.A17.gnm5.ann1_6.MtrunA17Chr2g0280421	MtrunA17Chr2g0280421			medtr.A17.gnm5.MtrunA17Chr2	-	2518967	2525863	-0.109333063962863	1	NS	1.66899502978684	0.0488741902338819	UP
UP	dnf2_only	medtr.A17.gnm5.ann1_6.MtrunA17Chr2g0281411	MtrunA17Chr2g0281411			medtr.A17.gnm5.MtrunA17Chr2	-	3139872	3145603	1.07479234601078	0.569299691743081	NS	1.65108557948931	0.000754943992088766	UP
UP	dnf2_only	medtr.A17.gnm5.ann1_6.MtrunA17Chr6g0467811	MtrunA17Chr6g0467811			medtr.A17.gnm5.MtrunA17Chr6	+	16828529	16833926	1.03428358370235	0.774593465315985	NS	1.64869926724556	0.00701814433946267	UP
UP	dnf2_only	medtr.A17.gnm5.ann1_6.MtrunA17Chr1g0155781	MtrunA17Chr1g0155781			medtr.A17.gnm5.MtrunA17Chr1	+	7468690	7472039	0.25501258576083	1	NS	1.63763624719251	0.000949799891680316	UP
UP	dnf2_only	medtr.A17.gnm5.ann1_6.MtrunA17Chr5g0404481	MtrunA17Chr5g0404481			medtr.A17.gnm5.MtrunA17Chr5	+	7973373	7975100	0.59725398232701	1	NS	1.63668248814038	0.0451649065005297	UP
UP	dnf2_only	medtr.A17.gnm5.ann1_6.MtrunA17Chr2g0307291	MtrunA17Chr2g0307291	MtCYP72A68v2	Cytochrome P450 monooxygenase	medtr.A17.gnm5.MtrunA17Chr2	+	29819860	29823522	-0.134136840698212	1	NS	1.63646265720256	0.0369127234120585	UP
UP	dnf2_only	medtr.A17.gnm5.ann1_6.MtrunA17Chr4g0076591	MtrunA17Chr4g0076591			medtr.A17.gnm5.MtrunA17Chr4	-	64388213	64390134	0.501497466183022	1	NS	1.63550540914302	0.0432454175323659	UP
UP	dnf2_only	medtr.A17.gnm5.ann1_6.MtrunA17Chr6g0485301	MtrunA17Chr6g0485301			medtr.A17.gnm5.MtrunA17Chr6	-	39804834	39815202	0.628505995308432	1	NS	1.63521213662982	0.021406528009385	UP
UP	dnf2_only	medtr.A17.gnm5.ann1_6.MtrunA17Chr1g0148821	MtrunA17Chr1g0148821			medtr.A17.gnm5.MtrunA17Chr1	+	2198626	2200898	-0.0889175826642045	1	NS	1.63202256370551	0.0216599380899806	UP
UP	dnf2_only	medtr.A17.gnm5.ann1_6.MtrunA17Chr7g0260071	MtrunA17Chr7g0260071	MtnsLTP126	non-specific Lipid Transfer Protein	medtr.A17.gnm5.MtrunA17Chr7	+	44973164	44975431	0.159789774701785	1	NS	1.62901411700434	0.0491119408505739	UP
UP	dnf2_only	medtr.A17.gnm5.ann1_6.MtrunA17Chr4g0034901	MtrunA17Chr4g0034901	MtBG10	beta-1,3-Glucanase 10	medtr.A17.gnm5.MtrunA17Chr4	-	34441489	34446427	-0.818916953770859	1	NS	1.62430014876512	0.0393645715363653	UP
UP	dnf2_only	medtr.A17.gnm5.ann1_6.MtrunA17Chr6g0486331	MtrunA17Chr6g0486331			medtr.A17.gnm5.MtrunA17Chr6	+	40739522	40744015	0.274066118663771	1	NS	1.62377179618881	0.0112270615523432	UP
UP	dnf2_only	medtr.A17.gnm5.ann1_6.MtrunA17Chr3g0108711	MtrunA17Chr3g0108711			medtr.A17.gnm5.MtrunA17Chr3	+	31904687	31907020	1.31240816447415	0.286375048353295	NS	1.62275260048375	0.0423279966481172	UP
UP	dnf2_only	medtr.A17.gnm5.ann1_6.MtrunA17Chr8g0388201	MtrunA17Chr8g0388201			medtr.A17.gnm5.MtrunA17Chr8	+	46135984	46137762	-0.03397387761615	1	NS	1.62123064260723	0.0458152327377105	UP
UP	dnf2_only	medtr.A17.gnm5.ann1_6.MtrunA17Chr2g0322371	MtrunA17Chr2g0322371			medtr.A17.gnm5.MtrunA17Chr2	-	43146746	43151140	-1.53681517944761	0.176044769357589	NS	1.61923362176925	0.0418097684282353	UP
UP	dnf2_only	medtr.A17.gnm5.ann1_6.MtrunA17Chr3g0127561	MtrunA17Chr3g0127561			medtr.A17.gnm5.MtrunA17Chr3	+	45578714	45580181	0.271948789729284	1	NS	1.61909592309475	0.0423121662213137	UP
UP	dnf2_only	medtr.A17.gnm5.ann1_6.MtrunA17Chr8g0348781	MtrunA17Chr8g0348781			medtr.A17.gnm5.MtrunA17Chr8	-	11376514	11382028	0.181083213471564	1	NS	1.61290401663739	0.0152589230827927	UP
UP	dnf2_only	medtr.A17.gnm5.ann1_6.MtrunA17Chr6g0479591	MtrunA17Chr6g0479591			medtr.A17.gnm5.MtrunA17Chr6	+	34220998	34234047	-0.553216454412832	1	NS	1.61139469090236	0.00858783879353422	UP
UP	dnf2_only	medtr.A17.gnm5.ann1_6.MtrunA17Chr2g0307091	MtrunA17Chr2g0307091			medtr.A17.gnm5.MtrunA17Chr2	-	29459443	29461257	1.40501347411074	0.0937301711448137	NS	1.60861058434728	0.0141204667568259	UP
UP	dnf2_only	medtr.A17.gnm5.ann1_6.MtrunA17Chr5g0404311	MtrunA17Chr5g0404311	MtPUB40	Plant U-box protein 40	medtr.A17.gnm5.MtrunA17Chr5	+	7892533	7897514	0.10926302409663	1	NS	1.60810823400762	0.00739335247880822	UP
UP	dnf2_only	medtr.A17.gnm5.ann1_6.MtrunA17Chr3g0090331	MtrunA17Chr3g0090331			medtr.A17.gnm5.MtrunA17Chr3	-	11681936	11690705	-0.448723961066837	1	NS	1.6041115054697	0.0401711006242133	UP
UP	dnf2_only	medtr.A17.gnm5.ann1_6.MtrunA17Chr2g0318961	MtrunA17Chr2g0318961			medtr.A17.gnm5.MtrunA17Chr2	+	40438332	40442752	0.0382812953197387	1	NS	1.59755278475545	0.00352614427616704	UP
UP	dnf2_only	medtr.A17.gnm5.ann1_6.MtrunA17Chr7g0268821	MtrunA17Chr7g0268821			medtr.A17.gnm5.MtrunA17Chr7	+	51080698	51087335	-0.342684787743242	1	NS	1.59481712019105	0.0113210032159007	UP
UP	dnf2_only	medtr.A17.gnm5.ann1_6.MtrunA17Chr7g0225221	MtrunA17Chr7g0225221	MtPrx41	peroxidase	medtr.A17.gnm5.MtrunA17Chr7	-	10385001	10389555	1.22809609011799	0.271873174991282	NS	1.58953613712358	0.0110951729082008	UP
UP	dnf2_only	medtr.A17.gnm5.ann1_6.MtrunA17Chr2g0297281	MtrunA17Chr2g0297281			medtr.A17.gnm5.MtrunA17Chr2	+	15443898	15448678	1.34486879131797	0.0561123133264852	NS	1.58916026998717	0.00248392295710177	UP
UP	dnf2_only	medtr.A17.gnm5.ann1_6.MtrunA17Chr3g0127021	MtrunA17Chr3g0127021			medtr.A17.gnm5.MtrunA17Chr3	-	45234032	45238426	0.177852304566902	1	NS	1.57652776260876	0.0417813574644604	UP
UP	dnf2_only	medtr.A17.gnm5.ann1_6.MtrunA17Chr3g0109741	MtrunA17Chr3g0109741			medtr.A17.gnm5.MtrunA17Chr3	-	32544499	32546703	-0.150951277381098	1	NS	1.57430822413057	0.00763779516053971	UP
UP	dnf2_only	medtr.A17.gnm5.ann1_6.MtrunA17Chr5g0415321	MtrunA17Chr5g0415321			medtr.A17.gnm5.MtrunA17Chr5	+	16207675	16213167	0.740948283176013	1	NS	1.56772294804843	0.0333903561658786	UP
UP	dnf2_only	medtr.A17.gnm5.ann1_6.MtrunA17Chr5g0415941	MtrunA17Chr5g0415941			medtr.A17.gnm5.MtrunA17Chr5	-	16673234	16675843	1.25751986339672	0.337950755599926	NS	1.56723562932236	0.0484278294072514	UP
UP	dnf2_only	medtr.A17.gnm5.ann1_6.MtrunA17Chr1g0202941	MtrunA17Chr1g0202941			medtr.A17.gnm5.MtrunA17Chr1	+	48893507	48894149	0.791864817816912	1	NS	1.56123827820583	0.0159093281130862	UP
UP	dnf2_only	medtr.A17.gnm5.ann1_6.MtrunA17Chr3g0144281	MtrunA17Chr3g0144281			medtr.A17.gnm5.MtrunA17Chr3	+	57678992	57680701	0.420302886343387	1	NS	1.5593521104887	0.0459254517352246	UP
UP	dnf2_only	medtr.A17.gnm5.ann1_6.MtrunA17Chr4g0015051	MtrunA17Chr4g0015051			medtr.A17.gnm5.MtrunA17Chr4	-	12357024	12362882	-1.6448645117199	0.00728913911390797	DOWN	1.55666618256723	0.00621852423039594	UP
UP	dnf2_only	medtr.A17.gnm5.ann1_6.MtrunA17Chr7g0276401	MtrunA17Chr7g0276401			medtr.A17.gnm5.MtrunA17Chr7	-	55924347	55926743	0.369826050485696	1	NS	1.55420996399577	0.024952455782897	UP
UP	dnf2_only	medtr.A17.gnm5.ann1_6.MtrunA17Chr1g0207531	MtrunA17Chr1g0207531			medtr.A17.gnm5.MtrunA17Chr1	-	52003788	52007079	0.33548767302173	1	NS	1.54680216686582	0.0280418527626141	UP
UP	dnf2_only	medtr.A17.gnm5.ann1_6.MtrunA17Chr3g0090131	MtrunA17Chr3g0090131			medtr.A17.gnm5.MtrunA17Chr3	+	11470831	11479275	0.221972963638123	1	NS	1.54635782430756	0.00349278237292796	UP
UP	dnf2_only	medtr.A17.gnm5.ann1_6.MtrunA17Chr5g0437601	MtrunA17Chr5g0437601			medtr.A17.gnm5.MtrunA17Chr5	+	37137755	37141617	-0.12487205579405	1	NS	1.53582466411855	0.0225385454432617	UP
UP	dnf2_only	medtr.A17.gnm5.ann1_6.MtrunA17Chr3g0140681	MtrunA17Chr3g0140681			medtr.A17.gnm5.MtrunA17Chr3	+	55062264	55067493	-0.58103950933056	1	NS	1.53542555271527	0.0284723897937918	UP
UP	dnf2_only	medtr.A17.gnm5.ann1_6.MtrunA17Chr3g0121951	MtrunA17Chr3g0121951			medtr.A17.gnm5.MtrunA17Chr3	-	41574897	41584600	-0.155318743430933	1	NS	1.52980233600955	0.0492509565479602	UP
UP	dnf2_only	medtr.A17.gnm5.ann1_6.MtrunA17Chr7g0249551	MtrunA17Chr7g0249551			medtr.A17.gnm5.MtrunA17Chr7	-	37324284	37329945	-0.386256154142638	1	NS	1.52118618848732	0.00545159028878596	UP
UP	dnf2_only	medtr.A17.gnm5.ann1_6.MtrunA17Chr2g0312531	MtrunA17Chr2g0312531			medtr.A17.gnm5.MtrunA17Chr2	-	35373215	35382101	0.6972177210313	1	NS	1.51950139942708	0.0382815253098849	UP
UP	dnf2_only	medtr.A17.gnm5.ann1_6.MtrunA17Chr1g0206561	MtrunA17Chr1g0206561			medtr.A17.gnm5.MtrunA17Chr1	+	51469596	51473105	0.300360646395749	1	NS	1.5083025254151	0.0201217779220273	UP
UP	dnf2_only	medtr.A17.gnm5.ann1_6.MtrunA17Chr4g0052921	MtrunA17Chr4g0052921			medtr.A17.gnm5.MtrunA17Chr4	+	46905301	46910012	0.616862271002668	1	NS	1.50010356793406	0.0479231730357497	UP
UP	dnf2_only	medtr.A17.gnm5.ann1_6.MtrunA17Chr5g0402291	MtrunA17Chr5g0402291			medtr.A17.gnm5.MtrunA17Chr5	+	6393424	6395803	-0.762578091489076	1	NS	1.49423068605196	0.0191821309200606	UP
UP	dnf2_only	medtr.A17.gnm5.ann1_6.MtrunA17Chr7g0265481	MtrunA17Chr7g0265481			medtr.A17.gnm5.MtrunA17Chr7	+	48721235	48725057	0.555369394047806	1	NS	1.46177137030392	0.0113422122863128	UP
UP	dnf2_only	medtr.A17.gnm5.ann1_6.MtrunA17Chr1g0208041	MtrunA17Chr1g0208041			medtr.A17.gnm5.MtrunA17Chr1	-	52402581	52403296	0.708738334858522	1	NS	1.44838609624821	0.0246943172596895	UP
UP	dnf2_only	medtr.A17.gnm5.ann1_6.MtrunA17Chr4g0048841	MtrunA17Chr4g0048841			medtr.A17.gnm5.MtrunA17Chr4	+	44380197	44383494	0.697204907939987	1	NS	1.43695770454379	0.00813213037750211	UP
UP	dnf2_only	medtr.A17.gnm5.ann1_6.MtrunA17Chr4g0055941	MtrunA17Chr4g0055941			medtr.A17.gnm5.MtrunA17Chr4	+	49455306	49462598	1.17777818371391	0.339212878314064	NS	1.43425525264523	0.034630508599393	UP
UP	dnf2_only	medtr.A17.gnm5.ann1_6.MtrunA17Chr5g0395951	MtrunA17Chr5g0395951			medtr.A17.gnm5.MtrunA17Chr5	+	1714147	1718453	0.700476305463356	1	NS	1.43257064102591	0.021523265888607	UP
UP	dnf2_only	medtr.A17.gnm5.ann1_6.MtrunA17Chr3g0137271	MtrunA17Chr3g0137271	MtFLOT4	Flotillin 4 (TC133140)	medtr.A17.gnm5.MtrunA17Chr3	-	52643300	52645845	0.643898430138959	1	NS	1.42578637314003	0.0286682413623494	UP
UP	dnf2_only	medtr.A17.gnm5.ann1_6.MtrunA17Chr1g0180151	MtrunA17Chr1g0180151			medtr.A17.gnm5.MtrunA17Chr1	+	31337383	31342839	0.694847991861044	1	NS	1.42463434184849	0.0299348043884607	UP
UP	dnf2_only	medtr.A17.gnm5.ann1_6.MtrunA17Chr2g0293521	MtrunA17Chr2g0293521			medtr.A17.gnm5.MtrunA17Chr2	+	12295862	12301400	0.141101184631018	1	NS	1.36565181323811	0.0170975434474136	UP
UP	dnf2_only	medtr.A17.gnm5.ann1_6.MtrunA17Chr2g0329071	MtrunA17Chr2g0329071			medtr.A17.gnm5.MtrunA17Chr2	+	48148822	48152841	0.381757312776425	1	NS	1.30679794586635	0.0485626945533908	UP
