direction	region	gene_id	gene_name	acronym	geneProduct	chr	strand	start	end	A86_logFC	A86_FDR	A86_sig	dnf2_logFC	dnf2_FDR	dnf2_sig
DOWN	A86_dnf2_shared	medtr.A17.gnm5.ann1_6.MtrunA17Chr8g0387001	MtrunA17Chr8g0387001	MtCYP86A93	Cytochrome P450 monooxygenase	medtr.A17.gnm5.MtrunA17Chr8	-	45195743	45198103	-2.92622516427467	0.0286864814214631	DOWN	-5.74092762699832	0.000203985247891049	DOWN
DOWN	A86_dnf2_shared	medtr.A17.gnm5.ann1_6.MtrunA17Chr5g0424901	MtrunA17Chr5g0424901			medtr.A17.gnm5.MtrunA17Chr5	-	26957445	26959039	-2.12856270449608	0.0270406186845687	DOWN	-5.15249428417651	3.70498520925716e-06	DOWN
DOWN	A86_dnf2_shared	medtr.A17.gnm5.ann1_6.MtrunA17Chr5g0427361	MtrunA17Chr5g0427361			medtr.A17.gnm5.MtrunA17Chr5	-	29188029	29189117	-3.17518214116141	0.00878372101116809	DOWN	-5.14788154876052	2.98679772869621e-05	DOWN
DOWN	A86_dnf2_shared	medtr.A17.gnm5.ann1_6.MtrunA17Chr3g0136211	MtrunA17Chr3g0136211			medtr.A17.gnm5.MtrunA17Chr3	-	51849093	51852903	-2.61803596811663	0.00989208217423088	DOWN	-4.99942194060247	7.81636032777804e-06	DOWN
DOWN	A86_dnf2_shared	medtr.A17.gnm5.ann1_6.MtrunA17Chr3g0107861	MtrunA17Chr3g0107861			medtr.A17.gnm5.MtrunA17Chr3	-	31320858	31321314	-3.21092780762851	0.0410380592979516	DOWN	-4.62252061974883	0.00110883670060763	DOWN
DOWN	A86_dnf2_shared	medtr.A17.gnm5.ann1_6.MtrunA17Chr2g0332651	MtrunA17Chr2g0332651			medtr.A17.gnm5.MtrunA17Chr2	-	50726335	50727010	-2.96088219867967	0.0159314219729066	DOWN	-4.57979372901123	0.000129436761193943	DOWN
DOWN	A86_dnf2_shared	medtr.A17.gnm5.ann1_6.MtrunA17Chr4g0071501	MtrunA17Chr4g0071501			medtr.A17.gnm5.MtrunA17Chr4	+	60815439	60820112	-2.27653078748645	0.0134553960375634	DOWN	-4.45309488391328	5.3414760359047e-06	DOWN
DOWN	A86_dnf2_shared	medtr.A17.gnm5.ann1_6.MtrunA17Chr1g0185751	MtrunA17Chr1g0185751	MtIPT3	isopentenyl transferase	medtr.A17.gnm5.MtrunA17Chr1	+	36099785	36101336	-3.21000627501999	0.0193567530420037	DOWN	-3.72143470854439	0.00140041086201845	DOWN
DOWN	A86_dnf2_shared	medtr.A17.gnm5.ann1_6.MtrunA17Chr4g0071511	MtrunA17Chr4g0071511			medtr.A17.gnm5.MtrunA17Chr4	-	60819104	60819987	-2.04741617418339	0.0346299542373039	DOWN	-3.63013683510789	2.48429137753879e-05	DOWN
DOWN	A86_dnf2_shared	medtr.A17.gnm5.ann1_6.MtrunA17Chr4g0058101	MtrunA17Chr4g0058101			medtr.A17.gnm5.MtrunA17Chr4	+	51175531	51177105	-3.70534444391509	0.00326111434738614	DOWN	-3.11938669268685	0.00147748851558736	DOWN
DOWN	A86_dnf2_shared	medtr.A17.gnm5.ann1_6.MtrunA17Chr5g0440601	MtrunA17Chr5g0440601			medtr.A17.gnm5.MtrunA17Chr5	+	39291593	39293390	-2.19538797806041	0.0177585557322138	DOWN	-2.99758285785548	0.000116496310906554	DOWN
DOWN	A86_dnf2_shared	medtr.A17.gnm5.ann1_6.MtrunA17Chr7g0246461	MtrunA17Chr7g0246461			medtr.A17.gnm5.MtrunA17Chr7	+	35226493	35229627	-2.67190624986015	0.00731575062130689	DOWN	-2.9308513372558	0.00040924329633741	DOWN
DOWN	A86_dnf2_shared	medtr.A17.gnm5.ann1_6.MtrunA17Chr4g0021181	MtrunA17Chr4g0021181			medtr.A17.gnm5.MtrunA17Chr4	+	18120354	18120546	-3.14118523689409	0.0123998768173608	DOWN	-2.73520465130334	0.00468301872290916	DOWN
DOWN	A86_dnf2_shared	medtr.A17.gnm5.ann1_6.MtrunA17Chr4g0025201	MtrunA17Chr4g0025201			medtr.A17.gnm5.MtrunA17Chr4	+	26014294	26020224	-2.06789481008072	0.0131030963017059	DOWN	-1.76452383956704	0.0149578723219992	DOWN
DOWN	A86_only	medtr.A17.gnm5.ann1_6.MtrunA17Chr4g0072781	MtrunA17Chr4g0072781	MtCAPE15|MtPR-1	CAP-derived peptide|pathogenesis-related protein 1  (TC143335)	medtr.A17.gnm5.MtrunA17Chr4	+	61759010	61760162	-2.48858079365682	0.0301101533056152	DOWN	2.69648920607707	0.000479327563339107	UP
DOWN	A86_only	medtr.A17.gnm5.ann1_6.MtrunA17Chr4g0025741	MtrunA17Chr4g0025741			medtr.A17.gnm5.MtrunA17Chr4	-	26648530	26651654	-3.73229773423265	0.0273677156281659	DOWN	2.66481471747376	0.000570441468636032	UP
DOWN	A86_only	medtr.A17.gnm5.ann1_6.MtrunA17Chr2g0282691	MtrunA17Chr2g0282691			medtr.A17.gnm5.MtrunA17Chr2	-	4121463	4122678	-3.0213483766992	0.0451023456226807	DOWN	2.43790488699824	0.00391104863558008	UP
DOWN	A86_only	medtr.A17.gnm5.ann1_6.MtrunA17Chr1g0147221	MtrunA17Chr1g0147221			medtr.A17.gnm5.MtrunA17Chr1	-	919953	925639	-3.36148536092658	0.0388277421661238	DOWN	-2.33708084368546	0.0587626056154756	NS
DOWN	A86_only	medtr.A17.gnm5.ann1_6.MtrunA17Chr2g0328361	MtrunA17Chr2g0328361			medtr.A17.gnm5.MtrunA17Chr2	+	47676865	47678792	-5.46453108862085	0.00625394281792412	DOWN	-2.16341275282458	0.106013216370001	NS
DOWN	A86_only	medtr.A17.gnm5.ann1_6.MtrunA17Chr5g0431581	MtrunA17Chr5g0431581			medtr.A17.gnm5.MtrunA17Chr5	-	32456533	32459734	-1.64217903355931	0.0448235729227577	DOWN	2.11904921376266	0.000113165724391812	UP
DOWN	A86_only	medtr.A17.gnm5.ann1_6.MtrunA17Chr6g0467631	MtrunA17Chr6g0467631			medtr.A17.gnm5.MtrunA17Chr6	-	16560875	16564797	-2.88104190175343	0.0126681635801467	DOWN	1.80129147234403	0.026469582898167	UP
DOWN	A86_only	medtr.A17.gnm5.ann1_6.MtrunA17Chr2g0328341	MtrunA17Chr2g0328341			medtr.A17.gnm5.MtrunA17Chr2	+	47663181	47665103	-4.55477773336297	0.0191453271035993	DOWN	-1.74027436472672	0.29132391376062	NS
DOWN	A86_only	medtr.A17.gnm5.ann1_6.MtrunA17Chr5g0434951	MtrunA17Chr5g0434951	MtCML33	Calmodulin-like 33	medtr.A17.gnm5.MtrunA17Chr5	-	35122058	35123683	-2.96240283448824	0.00228916392984746	DOWN	1.7210309468871	0.05342476260704	NS
DOWN	A86_only	medtr.A17.gnm5.ann1_6.MtrunA17Chr2g0290371	MtrunA17Chr2g0290371			medtr.A17.gnm5.MtrunA17Chr2	+	9664544	9665202	-5.68125966836691	0.0359437174131979	DOWN	1.71727941732303	0.147577437150558	NS
DOWN	A86_only	medtr.A17.gnm5.ann1_6.MtrunA17Chr8g0372861	MtrunA17Chr8g0372861			medtr.A17.gnm5.MtrunA17Chr8	-	35215030	35219319	-4.24803577656127	0.0201722393690007	DOWN	1.6522351793459	0.198805926979816	NS
DOWN	A86_only	medtr.A17.gnm5.ann1_6.MtrunA17Chr6g0488881	MtrunA17Chr6g0488881	MtN18	Mtnodulin 18	medtr.A17.gnm5.MtrunA17Chr6	-	42777365	42785598	-2.44520476884363	0.0409029583450571	DOWN	1.60191730447164	0.20307514466417	NS
DOWN	A86_only	medtr.A17.gnm5.ann1_6.MtrunA17Chr2g0301171	MtrunA17Chr2g0301171			medtr.A17.gnm5.MtrunA17Chr2	-	18835923	18839723	-4.81286472813761	0.0199090409323197	DOWN	-1.51909432095762	0.539960732922238	NS
DOWN	A86_only	medtr.A17.gnm5.ann1_6.MtrunA17Chr1g0199861	MtrunA17Chr1g0199861			medtr.A17.gnm5.MtrunA17Chr1	-	46557715	46561197	-2.84521013296975	0.0355234872663858	DOWN	-1.49119134842562	0.368472121713337	NS
DOWN	A86_only	medtr.A17.gnm5.ann1_6.MtrunA17Chr4g0005651	MtrunA17Chr4g0005651			medtr.A17.gnm5.MtrunA17Chr4	+	4427094	4428969	-2.20784575529314	0.0494547849581926	DOWN	-1.48397300671176	0.230620534680851	NS
DOWN	A86_only	medtr.A17.gnm5.ann1_6.MtrunA17Chr8g0343931	MtrunA17Chr8g0343931			medtr.A17.gnm5.MtrunA17Chr8	+	7219758	7232678	-2.07897264132495	0.0499885335555965	DOWN	1.47453244423049	0.178948206798722	NS
DOWN	A86_only	medtr.A17.gnm5.ann1_6.MtrunA17Chr1g0168661	MtrunA17Chr1g0168661	MtMYB108	Myeloblastosis (MYB) transcription factor 108	medtr.A17.gnm5.MtrunA17Chr1	-	17513303	17515202	-2.96752805446681	0.0318082414427932	DOWN	-1.44344947126704	0.41820094478629	NS
DOWN	A86_only	medtr.A17.gnm5.ann1_6.MtrunA17Chr2g0301191	MtrunA17Chr2g0301191			medtr.A17.gnm5.MtrunA17Chr2	-	18848691	18849728	-4.66421193479865	0.0174400586718032	DOWN	-1.42946662021575	0.609863337379033	NS
DOWN	A86_only	medtr.A17.gnm5.ann1_6.MtrunA17Chr1g0153171	MtrunA17Chr1g0153171	MtWOX4	wuschel-related homeobox protein 4	medtr.A17.gnm5.MtrunA17Chr1	+	5761423	5763093	-3.50718325967844	0.0268486525211067	DOWN	-1.429134605856	0.433837172476125	NS
DOWN	A86_only	medtr.A17.gnm5.ann1_6.MtrunA17Chr3g0090391	MtrunA17Chr3g0090391			medtr.A17.gnm5.MtrunA17Chr3	+	11743259	11744672	-3.91361072688294	0.0126681635801467	DOWN	-1.37403675805138	0.523299338612232	NS
DOWN	A86_only	medtr.A17.gnm5.ann1_6.MtrunA17Chr5g0398091	MtrunA17Chr5g0398091			medtr.A17.gnm5.MtrunA17Chr5	+	3053588	3054612	-5.80634994101675	0.00445977921108962	DOWN	-1.36146596740866	0.541845688280463	NS
DOWN	A86_only	medtr.A17.gnm5.ann1_6.MtrunA17Chr5g0426311	MtrunA17Chr5g0426311			medtr.A17.gnm5.MtrunA17Chr5	+	28164855	28170718	-6.634462461199	0.0181338574991531	DOWN	1.35832152438188	0.44404636871411	NS
DOWN	A86_only	medtr.A17.gnm5.ann1_6.MtrunA17Chr3g0121261	MtrunA17Chr3g0121261			medtr.A17.gnm5.MtrunA17Chr3	-	41175497	41177881	-4.05464216974099	0.000415150211214469	DOWN	-1.3294956124806	0.388854273107928	NS
DOWN	A86_only	medtr.A17.gnm5.ann1_6.MtrunA17Chr1g0151301	MtrunA17Chr1g0151301			medtr.A17.gnm5.MtrunA17Chr1	-	4201110	4204578	-2.18572803563465	0.00892720020744279	DOWN	1.31670639724364	0.217311361301592	NS
DOWN	A86_only	medtr.A17.gnm5.ann1_6.MtrunA17Chr5g0424051	MtrunA17Chr5g0424051			medtr.A17.gnm5.MtrunA17Chr5	+	25975512	25976825	-4.07907884261969	0.0480369505657088	DOWN	1.3005135911416	0.538403077823484	NS
DOWN	A86_only	medtr.A17.gnm5.ann1_6.MtrunA17Chr1g0188041	MtrunA17Chr1g0188041	MtPUB7	Plant U-box protein 7	medtr.A17.gnm5.MtrunA17Chr1	+	37884993	37889767	-2.03935729805399	0.0203977684245107	DOWN	1.24390477086136	0.400823644078449	NS
DOWN	A86_only	medtr.A17.gnm5.ann1_6.MtrunA17Chr3g0127551	MtrunA17Chr3g0127551			medtr.A17.gnm5.MtrunA17Chr3	+	45572816	45574670	-1.87823804379067	0.0432625369110734	DOWN	1.23322295394491	0.353625608468022	NS
DOWN	A86_only	medtr.A17.gnm5.ann1_6.MtrunA17Chr1g0160381	MtrunA17Chr1g0160381			medtr.A17.gnm5.MtrunA17Chr1	+	10856449	10863641	-2.57502382001735	0.00599748584511693	DOWN	1.22500769000351	0.468149485824306	NS
DOWN	A86_only	medtr.A17.gnm5.ann1_6.MtrunA17Chr1g0200471	MtrunA17Chr1g0200471			medtr.A17.gnm5.MtrunA17Chr1	-	46992813	46996658	-2.19387381752867	0.000865325868357233	DOWN	1.21166273454864	0.305059565184429	NS
DOWN	A86_only	medtr.A17.gnm5.ann1_6.MtrunA17Chr2g0320251	MtrunA17Chr2g0320251			medtr.A17.gnm5.MtrunA17Chr2	-	41519375	41522492	-3.48516813257953	0.00886464626309422	DOWN	-1.19902785752772	0.631849832161179	NS
DOWN	A86_only	medtr.A17.gnm5.ann1_6.MtrunA17Chr5g0413591	MtrunA17Chr5g0413591			medtr.A17.gnm5.MtrunA17Chr5	+	14775430	14778409	-2.29699042118066	0.00731848863487782	DOWN	-1.16343492457502	0.581602792452847	NS
DOWN	A86_only	medtr.A17.gnm5.ann1_6.MtrunA17Chr4g0055691	MtrunA17Chr4g0055691			medtr.A17.gnm5.MtrunA17Chr4	-	49257296	49259122	-4.59680064774725	0.0022633410528301	DOWN	-1.13297112483276	0.738849146964671	NS
DOWN	A86_only	medtr.A17.gnm5.ann1_6.MtrunA17Chr3g0115421	MtrunA17Chr3g0115421			medtr.A17.gnm5.MtrunA17Chr3	+	36728181	36729776	-4.90881796003788	0.00202417669986883	DOWN	1.13066114959624	0.73296302958513	NS
DOWN	A86_only	medtr.A17.gnm5.ann1_6.MtrunA17Chr4g0038751	MtrunA17Chr4g0038751			medtr.A17.gnm5.MtrunA17Chr4	+	37024232	37026810	-3.48501991497271	0.00285673103122019	DOWN	1.11758547573369	0.718325446334251	NS
DOWN	A86_only	medtr.A17.gnm5.ann1_6.MtrunA17Chr8g0350391	MtrunA17Chr8g0350391			medtr.A17.gnm5.MtrunA17Chr8	-	12490914	12498054	-2.98132796628887	0.0105413605983853	DOWN	1.10846930626894	0.706968833142797	NS
DOWN	A86_only	medtr.A17.gnm5.ann1_6.MtrunA17Chr5g0398071	MtrunA17Chr5g0398071			medtr.A17.gnm5.MtrunA17Chr5	-	3036990	3046530	-4.75892659544079	0.0240143266536584	DOWN	-1.10773081721656	0.924738095072296	NS
DOWN	A86_only	medtr.A17.gnm5.ann1_6.MtrunA17Chr7g0214211	MtrunA17Chr7g0214211	MtLAT52/POE_12	Late Anther Tomato52/Pollen Ole e 1 Allergen and Extensin	medtr.A17.gnm5.MtrunA17Chr7	-	375506	376994	-2.23042418721032	0.0488628334359247	DOWN	-1.08841606892879	0.754479612171419	NS
DOWN	A86_only	medtr.A17.gnm5.ann1_6.MtrunA17Chr5g0396941	MtrunA17Chr5g0396941			medtr.A17.gnm5.MtrunA17Chr5	-	2398290	2401463	-3.45266336953913	0.0437003724354266	DOWN	1.08092844011089	0.809502324034825	NS
DOWN	A86_only	medtr.A17.gnm5.ann1_6.MtrunA17Chr1g0195011	MtrunA17Chr1g0195011			medtr.A17.gnm5.MtrunA17Chr1	-	43044538	43045863	-4.36845969427216	0.0264392834608863	DOWN	-1.07977655629589	0.9740916901776	NS
DOWN	A86_only	medtr.A17.gnm5.ann1_6.MtrunA17Chr5g0398081	MtrunA17Chr5g0398081	MtCBF1	C-REPEAT BINDING FACTOR 1	medtr.A17.gnm5.MtrunA17Chr5	+	3045955	3047362	-4.23298476511802	0.0277724157485838	DOWN	-1.07860340536335	0.948210654579954	NS
DOWN	A86_only	medtr.A17.gnm5.ann1_6.MtrunA17Chr2g0328381	MtrunA17Chr2g0328381			medtr.A17.gnm5.MtrunA17Chr2	+	47695726	47698046	-3.88046601083521	0.0277724157485838	DOWN	-1.07804464655755	0.913926008422703	NS
DOWN	A86_only	medtr.A17.gnm5.ann1_6.MtrunA17Chr2g0301181	MtrunA17Chr2g0301181			medtr.A17.gnm5.MtrunA17Chr2	-	18840982	18842291	-5.38682505084982	0.0151001962282753	DOWN	-1.04224735125027	1	NS
DOWN	A86_only	medtr.A17.gnm5.ann1_6.MtrunA17Chr8g0355271	MtrunA17Chr8g0355271			medtr.A17.gnm5.MtrunA17Chr8	-	16808367	16815282	-1.92361914666024	0.0403100452880179	DOWN	-1.03507055591397	0.858702179625474	NS
DOWN	A86_only	medtr.A17.gnm5.ann1_6.MtrunA17Chr4g0008271	MtrunA17Chr4g0008271			medtr.A17.gnm5.MtrunA17Chr4	+	6351383	6354593	-4.72047930468108	0.0232814204978048	DOWN	-1.03272961114929	0.943599547957519	NS
DOWN	A86_only	medtr.A17.gnm5.ann1_6.MtrunA17Chr5g0417701	MtrunA17Chr5g0417701			medtr.A17.gnm5.MtrunA17Chr5	-	18224014	18226842	-2.90119123299088	0.0123208608230698	DOWN	-1.02271492859972	0.919504120734468	NS
DOWN	A86_only	medtr.A17.gnm5.ann1_6.MtrunA17Chr8g0340721	MtrunA17Chr8g0340721			medtr.A17.gnm5.MtrunA17Chr8	-	4453157	4459264	-1.90543339990843	0.0194239729304812	DOWN	-1.01410084322532	0.900861575951375	NS
DOWN	A86_only	medtr.A17.gnm5.ann1_6.MtrunA17Chr6g0476331	MtrunA17Chr6g0476331			medtr.A17.gnm5.MtrunA17Chr6	+	31269919	31273185	-2.50233151383978	0.0222238244854217	DOWN	0.981224929829857	0.97737999477766	NS
DOWN	A86_only	medtr.A17.gnm5.ann1_6.MtrunA17Chr4g0051541	MtrunA17Chr4g0051541			medtr.A17.gnm5.MtrunA17Chr4	+	46047748	46049502	-2.68117141970581	0.00711594158223578	DOWN	0.976619968579111	0.990212013790567	NS
DOWN	A86_only	medtr.A17.gnm5.ann1_6.MtrunA17Chr4g0042851	MtrunA17Chr4g0042851			medtr.A17.gnm5.MtrunA17Chr4	+	40075386	40077197	-3.4859491843854	0.00628612224308112	DOWN	0.948316859932468	1	NS
DOWN	A86_only	medtr.A17.gnm5.ann1_6.MtrunA17Chr4g0044911	MtrunA17Chr4g0044911			medtr.A17.gnm5.MtrunA17Chr4	+	41709272	41710556	-4.11768499506757	0.0139342913984071	DOWN	-0.942392907750515	1	NS
DOWN	A86_only	medtr.A17.gnm5.ann1_6.MtrunA17Chr4g0063691	MtrunA17Chr4g0063691			medtr.A17.gnm5.MtrunA17Chr4	+	55170816	55173480	-3.35960153881714	0.0229681208740669	DOWN	0.938864071285527	1	NS
DOWN	A86_only	medtr.A17.gnm5.ann1_6.MtrunA17Chr5g0403381	MtrunA17Chr5g0403381	MtLYR3	LYK (LysM domain-RLK)-related 3	medtr.A17.gnm5.MtrunA17Chr5	-	7182707	7185029	-2.65723871188771	0.0437259053925159	DOWN	0.934631614480146	1	NS
DOWN	A86_only	medtr.A17.gnm5.ann1_6.MtrunA17Chr4g0038711	MtrunA17Chr4g0038711			medtr.A17.gnm5.MtrunA17Chr4	-	36956090	36960363	-3.57710752860793	0.0403511772273869	DOWN	-0.912700098342739	1	NS
DOWN	A86_only	medtr.A17.gnm5.ann1_6.MtrunA17Chr8g0384611	MtrunA17Chr8g0384611			medtr.A17.gnm5.MtrunA17Chr8	+	43524673	43527364	-2.76767463710698	0.00856721003356347	DOWN	0.909451326208101	1	NS
DOWN	A86_only	medtr.A17.gnm5.ann1_6.MtrunA17Chr1g0208121	MtrunA17Chr1g0208121			medtr.A17.gnm5.MtrunA17Chr1	+	52448221	52452047	-3.1768695883114	0.0021388211571731	DOWN	0.907299970893265	1	NS
DOWN	A86_only	medtr.A17.gnm5.ann1_6.MtrunA17Chr3g0115991	MtrunA17Chr3g0115991			medtr.A17.gnm5.MtrunA17Chr3	-	37308573	37317046	-3.04260421343849	0.0403511772273869	DOWN	-0.899517141388625	1	NS
DOWN	A86_only	medtr.A17.gnm5.ann1_6.MtrunA17Chr4g0056411	MtrunA17Chr4g0056411	MtnsLTP84	non-specific Lipid Transfer Protein	medtr.A17.gnm5.MtrunA17Chr4	-	49795438	49796345	-2.48532451402991	0.0117377115312265	DOWN	0.876297821386711	1	NS
DOWN	A86_only	medtr.A17.gnm5.ann1_6.MtrunA17Chr4g0071161	MtrunA17Chr4g0071161			medtr.A17.gnm5.MtrunA17Chr4	-	60626361	60627535	-2.31796485544914	0.047366886068169	DOWN	0.870395105233382	1	NS
DOWN	A86_only	medtr.A17.gnm5.ann1_6.MtrunA17Chr7g0244571	MtrunA17Chr7g0244571			medtr.A17.gnm5.MtrunA17Chr7	+	33791194	33792996	-1.86321137532324	0.0241778459615835	DOWN	-0.847871062676168	1	NS
DOWN	A86_only	medtr.A17.gnm5.ann1_6.MtrunA17Chr4g0051651	MtrunA17Chr4g0051651			medtr.A17.gnm5.MtrunA17Chr4	+	46090817	46095067	-2.93893731469724	0.0117377115312265	DOWN	-0.845174322542172	1	NS
DOWN	A86_only	medtr.A17.gnm5.ann1_6.MtrunA17Chr7g0231431	MtrunA17Chr7g0231431	MtCycU2-1	Cyclin U type (BT052177.1)	medtr.A17.gnm5.MtrunA17Chr7	-	21024801	21027780	-4.75484034451243	0.00469258899739259	DOWN	-0.843778571964572	1	NS
DOWN	A86_only	medtr.A17.gnm5.ann1_6.MtrunA17Chr1g0154301	MtrunA17Chr1g0154301			medtr.A17.gnm5.MtrunA17Chr1	-	6542048	6544429	-3.0999054757544	0.0117068427024637	DOWN	0.827880986543392	1	NS
DOWN	A86_only	medtr.A17.gnm5.ann1_6.MtrunA17Chr4g0005661	MtrunA17Chr4g0005661			medtr.A17.gnm5.MtrunA17Chr4	+	4428991	4431411	-2.30648715784556	0.0199183225501128	DOWN	-0.825157493539772	1	NS
DOWN	A86_only	medtr.A17.gnm5.ann1_6.MtrunA17Chr1g0180741	MtrunA17Chr1g0180741			medtr.A17.gnm5.MtrunA17Chr1	+	31877099	31877928	-3.48000965114187	0.0314909515250656	DOWN	-0.820436516284484	1	NS
DOWN	A86_only	medtr.A17.gnm5.ann1_6.MtrunA17Chr6g0486441	MtrunA17Chr6g0486441			medtr.A17.gnm5.MtrunA17Chr6	-	40801266	40803865	-2.57087571428316	0.0163844616442755	DOWN	0.811952416285637	1	NS
DOWN	A86_only	medtr.A17.gnm5.ann1_6.MtrunA17Chr4g0054551	MtrunA17Chr4g0054551			medtr.A17.gnm5.MtrunA17Chr4	-	48334978	48337843	-4.28846037056784	0.000532065648718777	DOWN	-0.810371501569319	1	NS
DOWN	A86_only	medtr.A17.gnm5.ann1_6.MtrunA17Chr6g0482161	MtrunA17Chr6g0482161			medtr.A17.gnm5.MtrunA17Chr6	-	36828725	36834919	-2.51124887239437	0.0454534834435585	DOWN	0.808109119374044	1	NS
DOWN	A86_only	medtr.A17.gnm5.ann1_6.MtrunA17Chr6g0461151	MtrunA17Chr6g0461151			medtr.A17.gnm5.MtrunA17Chr6	+	10410008	10413599	-2.37527050908668	0.0124595156946602	DOWN	-0.795782724720685	1	NS
DOWN	A86_only	medtr.A17.gnm5.ann1_6.MtrunA17Chr5g0443381	MtrunA17Chr5g0443381			medtr.A17.gnm5.MtrunA17Chr5	-	41211956	41215128	-2.87900851791087	0.0135511710476338	DOWN	0.790270278734204	1	NS
DOWN	A86_only	medtr.A17.gnm5.ann1_6.MtrunA17Chr2g0315251	MtrunA17Chr2g0315251			medtr.A17.gnm5.MtrunA17Chr2	-	37590669	37591531	-2.57565321195154	0.0255777805038152	DOWN	-0.786126046679707	1	NS
DOWN	A86_only	medtr.A17.gnm5.ann1_6.MtrunA17Chr1g0203251	MtrunA17Chr1g0203251			medtr.A17.gnm5.MtrunA17Chr1	+	49157641	49161346	-2.40630117255918	0.0317526893101264	DOWN	0.783986608164024	1	NS
DOWN	A86_only	medtr.A17.gnm5.ann1_6.MtrunA17Chr6g0488871	MtrunA17Chr6g0488871			medtr.A17.gnm5.MtrunA17Chr6	-	42776810	42777363	-2.50098126398393	0.0390317826179989	DOWN	0.779241361347424	1	NS
DOWN	A86_only	medtr.A17.gnm5.ann1_6.MtrunA17Chr8g0343631	MtrunA17Chr8g0343631			medtr.A17.gnm5.MtrunA17Chr8	+	6984389	6988989	-3.69730757482081	0.0457572417711356	DOWN	0.778382929761582	1	NS
DOWN	A86_only	medtr.A17.gnm5.ann1_6.MtrunA17Chr4g0053411	MtrunA17Chr4g0053411			medtr.A17.gnm5.MtrunA17Chr4	-	47341822	47346213	-1.97443527871198	0.0125196675550858	DOWN	-0.776127733661969	1	NS
DOWN	A86_only	medtr.A17.gnm5.ann1_6.MtrunA17Chr1g0171351	MtrunA17Chr1g0171351			medtr.A17.gnm5.MtrunA17Chr1	+	20122145	20133297	-2.06316848833089	0.00325086622382491	DOWN	0.774433728997763	1	NS
DOWN	A86_only	medtr.A17.gnm5.ann1_6.MtrunA17Chr1g0164461	MtrunA17Chr1g0164461	MtGT-2	trihelix transcription factor (GT) 2	medtr.A17.gnm5.MtrunA17Chr1	-	14263183	14264600	-2.34168271178584	0.0376782980656923	DOWN	-0.764252206745486	1	NS
DOWN	A86_only	medtr.A17.gnm5.ann1_6.MtrunA17Chr6g0479621	MtrunA17Chr6g0479621			medtr.A17.gnm5.MtrunA17Chr6	+	34248217	34254787	-1.98499154075025	0.0252441397704612	DOWN	0.759668457747685	1	NS
DOWN	A86_only	medtr.A17.gnm5.ann1_6.MtrunA17Chr4g0013201	MtrunA17Chr4g0013201	MtPrx24	peroxidase	medtr.A17.gnm5.MtrunA17Chr4	-	10652583	10654616	-4.39661481784394	1.2388294285629e-06	DOWN	0.731485837277487	1	NS
DOWN	A86_only	medtr.A17.gnm5.ann1_6.MtrunA17Chr3g0137171	MtrunA17Chr3g0137171			medtr.A17.gnm5.MtrunA17Chr3	-	52555823	52557232	-3.55756966432816	0.0332704305479091	DOWN	0.727414054939283	1	NS
DOWN	A86_only	medtr.A17.gnm5.ann1_6.MtrunA17Chr5g0404661	MtrunA17Chr5g0404661			medtr.A17.gnm5.MtrunA17Chr5	+	8071476	8074275	-1.86947606361417	0.0285718419332608	DOWN	0.716950966687856	1	NS
DOWN	A86_only	medtr.A17.gnm5.ann1_6.MtrunA17Chr4g0054561	MtrunA17Chr4g0054561			medtr.A17.gnm5.MtrunA17Chr4	-	48349401	48352865	-4.92094561298432	0.000532065648718777	DOWN	-0.710851318103446	1	NS
DOWN	A86_only	medtr.A17.gnm5.ann1_6.MtrunA17Chr7g0249621	MtrunA17Chr7g0249621	MtPLT4|MtBBM	plethora ERF|BABYBOOM	medtr.A17.gnm5.MtrunA17Chr7	-	37380731	37385348	-2.22112417773813	0.0410380592979516	DOWN	-0.695459656429977	1	NS
DOWN	A86_only	medtr.A17.gnm5.ann1_6.MtrunA17Chr4g0044871	MtrunA17Chr4g0044871			medtr.A17.gnm5.MtrunA17Chr4	+	41677821	41678795	-5.22244023171195	0.000609342564482764	DOWN	-0.675788972256675	1	NS
DOWN	A86_only	medtr.A17.gnm5.ann1_6.MtrunA17Chr1g0154291	MtrunA17Chr1g0154291			medtr.A17.gnm5.MtrunA17Chr1	+	6536606	6540128	-2.74658352459041	0.0442660079046551	DOWN	0.658191260179171	1	NS
DOWN	A86_only	medtr.A17.gnm5.ann1_6.MtrunA17Chr5g0405191	MtrunA17Chr5g0405191			medtr.A17.gnm5.MtrunA17Chr5	+	8431164	8435625	-2.59590179543895	0.00228916392984746	DOWN	0.64552907498556	1	NS
DOWN	A86_only	medtr.A17.gnm5.ann1_6.MtrunA17Chr3g0122031	MtrunA17Chr3g0122031			medtr.A17.gnm5.MtrunA17Chr3	-	41665170	41666965	-3.78366112992603	0.00892398747494566	DOWN	-0.637104064974681	1	NS
DOWN	A86_only	medtr.A17.gnm5.ann1_6.MtrunA17Chr2g0286051	MtrunA17Chr2g0286051			medtr.A17.gnm5.MtrunA17Chr2	+	6497950	6503742	-1.90858734778894	0.0417448114488401	DOWN	-0.635277419347751	1	NS
DOWN	A86_only	medtr.A17.gnm5.ann1_6.MtrunA17Chr2g0296521	MtrunA17Chr2g0296521			medtr.A17.gnm5.MtrunA17Chr2	-	14868582	14872579	-2.92150545678719	0.0260510813087729	DOWN	0.632884978977506	1	NS
DOWN	A86_only	medtr.A17.gnm5.ann1_6.MtrunA17Chr1g0188171	MtrunA17Chr1g0188171	MtCML10	Calmodulin-like 10	medtr.A17.gnm5.MtrunA17Chr1	+	38048039	38050398	-2.32356922698832	0.0353726455519472	DOWN	0.624916493914915	1	NS
DOWN	A86_only	medtr.A17.gnm5.ann1_6.MtrunA17Chr5g0420471	MtrunA17Chr5g0420471	MtPUB43	Plant U-box protein 43	medtr.A17.gnm5.MtrunA17Chr5	+	20974319	20975971	-2.84937329450663	0.0468504063645377	DOWN	-0.600668488549623	1	NS
DOWN	A86_only	medtr.A17.gnm5.ann1_6.MtrunA17Chr5g0398831	MtrunA17Chr5g0398831	MtnsLTP62	non-specific Lipid Transfer Protein	medtr.A17.gnm5.MtrunA17Chr5	-	3548041	3549230	-3.39109824772842	0.0203977684245107	DOWN	-0.591206182365074	1	NS
DOWN	A86_only	medtr.A17.gnm5.ann1_6.MtrunA17Chr8g0387971	MtrunA17Chr8g0387971			medtr.A17.gnm5.MtrunA17Chr8	+	45979623	45981183	-2.48714741122147	0.038562611885944	DOWN	-0.589001704637899	1	NS
DOWN	A86_only	medtr.A17.gnm5.ann1_6.MtrunA17Chr2g0300751	MtrunA17Chr2g0300751			medtr.A17.gnm5.MtrunA17Chr2	+	18483084	18486880	-1.76600160903686	0.037962406287011	DOWN	0.576500035192267	1	NS
DOWN	A86_only	medtr.A17.gnm5.ann1_6.MtrunA17Chr8g0354001	MtrunA17Chr8g0354001	MtHYP6	hypothetical protein 6	medtr.A17.gnm5.MtrunA17Chr8	+	15651824	15655520	-3.43798706098018	0.0277724157485838	DOWN	-0.575794603323702	1	NS
DOWN	A86_only	medtr.A17.gnm5.ann1_6.MtrunA17Chr4g0044881	MtrunA17Chr4g0044881			medtr.A17.gnm5.MtrunA17Chr4	+	41679822	41680936	-4.27243723278656	0.00325086622382491	DOWN	-0.552959916613179	1	NS
DOWN	A86_only	medtr.A17.gnm5.ann1_6.MtrunA17Chr3g0133071	MtrunA17Chr3g0133071			medtr.A17.gnm5.MtrunA17Chr3	+	49681964	49683747	-2.78660810969919	0.000609342564482764	DOWN	-0.541115997074468	1	NS
DOWN	A86_only	medtr.A17.gnm5.ann1_6.MtrunA17Chr6g0480181	MtrunA17Chr6g0480181			medtr.A17.gnm5.MtrunA17Chr6	-	35039248	35042822	-2.11048783146253	0.0441691092462683	DOWN	0.533714955724889	1	NS
DOWN	A86_only	medtr.A17.gnm5.ann1_6.MtrunA17Chr4g0013401	MtrunA17Chr4g0013401			medtr.A17.gnm5.MtrunA17Chr4	+	10824191	10826343	-1.94219628502511	0.0113690032369573	DOWN	0.530679915689092	1	NS
DOWN	A86_only	medtr.A17.gnm5.ann1_6.MtrunA17Chr5g0423841	MtrunA17Chr5g0423841			medtr.A17.gnm5.MtrunA17Chr5	+	25730216	25736169	-2.24398389201659	0.0236145421088035	DOWN	0.527674836773179	1	NS
DOWN	A86_only	medtr.A17.gnm5.ann1_6.MtrunA17Chr6g0469591	MtrunA17Chr6g0469591			medtr.A17.gnm5.MtrunA17Chr6	-	19329593	19331566	-3.30672280367714	0.0240051114005915	DOWN	-0.52602959039085	1	NS
DOWN	A86_only	medtr.A17.gnm5.ann1_6.MtrunA17Chr3g0133081	MtrunA17Chr3g0133081			medtr.A17.gnm5.MtrunA17Chr3	-	49682871	49683512	-2.70250346839527	0.00036777767073619	DOWN	-0.516978179949901	1	NS
DOWN	A86_only	medtr.A17.gnm5.ann1_6.MtrunA17Chr7g0217801	MtrunA17Chr7g0217801	MtPHO1.4	Phosphate transporter1.1 (export)	medtr.A17.gnm5.MtrunA17Chr7	-	3249401	3256604	-4.14086268830806	0.0317526893101264	DOWN	-0.514202175420465	1	NS
DOWN	A86_only	medtr.A17.gnm5.ann1_6.MtrunA17Chr3g0089421	MtrunA17Chr3g0089421			medtr.A17.gnm5.MtrunA17Chr3	+	10573611	10578163	-2.65757149666927	0.0468504063645377	DOWN	0.500889299743994	1	NS
DOWN	A86_only	medtr.A17.gnm5.ann1_6.MtrunA17Chr7g0233251	MtrunA17Chr7g0233251			medtr.A17.gnm5.MtrunA17Chr7	-	23691401	23692737	-4.08624287857486	0.0091632354252382	DOWN	-0.497161326936955	1	NS
DOWN	A86_only	medtr.A17.gnm5.ann1_6.MtrunA17Chr7g0244581	MtrunA17Chr7g0244581			medtr.A17.gnm5.MtrunA17Chr7	-	33791640	33791952	-2.37293060533598	0.00638506528435385	DOWN	-0.490126198490832	1	NS
DOWN	A86_only	medtr.A17.gnm5.ann1_6.MtrunA17Chr1g0206061	MtrunA17Chr1g0206061			medtr.A17.gnm5.MtrunA17Chr1	-	51161611	51164285	-2.28006720295211	0.00872776678853378	DOWN	-0.489868562524047	1	NS
DOWN	A86_only	medtr.A17.gnm5.ann1_6.MtrunA17Chr6g0464221	MtrunA17Chr6g0464221			medtr.A17.gnm5.MtrunA17Chr6	+	13419789	13425300	-3.79802362366358	0.0457220917251252	DOWN	-0.489243342350208	1	NS
DOWN	A86_only	medtr.A17.gnm5.ann1_6.MtrunA17Chr8g0378761	MtrunA17Chr8g0378761			medtr.A17.gnm5.MtrunA17Chr8	-	39698765	39702522	-3.17166640753304	0.022274208602932	DOWN	0.481306896846078	1	NS
DOWN	A86_only	medtr.A17.gnm5.ann1_6.MtrunA17Chr4g0075071	MtrunA17Chr4g0075071			medtr.A17.gnm5.MtrunA17Chr4	+	63470594	63474812	-2.09870513537448	0.0109465349584551	DOWN	0.472722256508507	1	NS
DOWN	A86_only	medtr.A17.gnm5.ann1_6.MtrunA17Chr1g0185201	MtrunA17Chr1g0185201			medtr.A17.gnm5.MtrunA17Chr1	-	35623690	35627245	-1.99466973925992	0.0443405312077581	DOWN	-0.471331311020563	1	NS
DOWN	A86_only	medtr.A17.gnm5.ann1_6.MtrunA17Chr4g0017241	MtrunA17Chr4g0017241			medtr.A17.gnm5.MtrunA17Chr4	+	12810154	12812887	-2.9697405166934	0.0126681635801467	DOWN	0.46625677586008	1	NS
DOWN	A86_only	medtr.A17.gnm5.ann1_6.MtrunA17Chr4g0051621	MtrunA17Chr4g0051621			medtr.A17.gnm5.MtrunA17Chr4	+	46077168	46079427	-2.66720939000929	0.0271449616184652	DOWN	-0.464065469283172	1	NS
DOWN	A86_only	medtr.A17.gnm5.ann1_6.MtrunA17Chr2g0329371	MtrunA17Chr2g0329371	MtCML12	Calmodulin-like 12	medtr.A17.gnm5.MtrunA17Chr2	-	48446159	48448048	-2.17062713404094	0.0309213295531309	DOWN	0.459900476845947	1	NS
DOWN	A86_only	medtr.A17.gnm5.ann1_6.MtrunA17Chr1g0183761	MtrunA17Chr1g0183761			medtr.A17.gnm5.MtrunA17Chr1	-	34428944	34430884	-1.95394012288857	0.0303468148822258	DOWN	-0.459457746438825	1	NS
DOWN	A86_only	medtr.A17.gnm5.ann1_6.MtrunA17Chr1g0201811	MtrunA17Chr1g0201811			medtr.A17.gnm5.MtrunA17Chr1	-	48101456	48104714	-2.08742086268925	0.0343824537531026	DOWN	-0.450743074807783	1	NS
DOWN	A86_only	medtr.A17.gnm5.ann1_6.MtrunA17Chr6g0476611	MtrunA17Chr6g0476611			medtr.A17.gnm5.MtrunA17Chr6	-	31403978	31408774	-2.30496053832856	0.0328328317609194	DOWN	0.450276600530807	1	NS
DOWN	A86_only	medtr.A17.gnm5.ann1_6.MtrunA17Chr1g0149281	MtrunA17Chr1g0149281			medtr.A17.gnm5.MtrunA17Chr1	+	2507183	2508800	-2.38444755308667	0.0457684205358721	DOWN	-0.433892125791206	1	NS
DOWN	A86_only	medtr.A17.gnm5.ann1_6.MtrunA17Chr8g0338741	MtrunA17Chr8g0338741			medtr.A17.gnm5.MtrunA17Chr8	-	3102136	3104149	-3.65180923190967	0.00136323042287057	DOWN	0.43364258178898	1	NS
DOWN	A86_only	medtr.A17.gnm5.ann1_6.MtrunA17Chr6g0469571	MtrunA17Chr6g0469571			medtr.A17.gnm5.MtrunA17Chr6	-	19311977	19312877	-3.93723788949163	0.0456188431249104	DOWN	-0.42789345483335	1	NS
DOWN	A86_only	medtr.A17.gnm5.ann1_6.MtrunA17Chr4g0070371	MtrunA17Chr4g0070371			medtr.A17.gnm5.MtrunA17Chr4	+	60029624	60030709	-2.7291181616938	0.0290843187203362	DOWN	-0.427237599121781	1	NS
DOWN	A86_only	medtr.A17.gnm5.ann1_6.MtrunA17Chr1g0210911	MtrunA17Chr1g0210911			medtr.A17.gnm5.MtrunA17Chr1	-	54580489	54584058	-2.30906747278761	0.00701944138964227	DOWN	0.424109570518938	1	NS
DOWN	A86_only	medtr.A17.gnm5.ann1_6.MtrunA17Chr1g0172811	MtrunA17Chr1g0172811			medtr.A17.gnm5.MtrunA17Chr1	+	22020020	22024615	-1.89722702004307	0.0203977684245107	DOWN	0.415178545417345	1	NS
DOWN	A86_only	medtr.A17.gnm5.ann1_6.MtrunA17Chr6g0453921	MtrunA17Chr6g0453921	MtENODL36|MtPCY57	ENOD-like 36|Plantacyanin/Chemocyanin 57	medtr.A17.gnm5.MtrunA17Chr6	-	4177964	4180994	-2.41856186813738	0.0163680032153144	DOWN	0.401486438631956	1	NS
DOWN	A86_only	medtr.A17.gnm5.ann1_6.MtrunA17Chr2g0305061	MtrunA17Chr2g0305061			medtr.A17.gnm5.MtrunA17Chr2	+	23716226	23717514	-2.84433188904071	0.0150065124198469	DOWN	0.395079291508726	1	NS
DOWN	A86_only	medtr.A17.gnm5.ann1_6.MtrunA17Chr6g0469561	MtrunA17Chr6g0469561			medtr.A17.gnm5.MtrunA17Chr6	+	19301159	19312277	-3.35697080001868	0.0432625369110734	DOWN	-0.381685757649102	1	NS
DOWN	A86_only	medtr.A17.gnm5.ann1_6.MtrunA17Chr5g0412401	MtrunA17Chr5g0412401			medtr.A17.gnm5.MtrunA17Chr5	+	13828929	13830885	-2.11700406743172	0.0201997651679754	DOWN	0.374572421940549	1	NS
DOWN	A86_only	medtr.A17.gnm5.ann1_6.MtrunA17Chr1g0194321	MtrunA17Chr1g0194321	MtGA2OX6|MtGA2ox7	GIBBERELLIN 2-OXIDASE 6 |Gibberellin C20-GA2-oxidase 7  (GA inactivation)	medtr.A17.gnm5.MtrunA17Chr1	-	42515035	42518581	-2.32356803408776	0.0474217996549884	DOWN	-0.373906728675828	1	NS
DOWN	A86_only	medtr.A17.gnm5.ann1_6.MtrunA17Chr5g0426451	MtrunA17Chr5g0426451			medtr.A17.gnm5.MtrunA17Chr5	-	28340025	28340824	-3.14353859825059	0.0194239729304812	DOWN	0.369609644422936	1	NS
DOWN	A86_only	medtr.A17.gnm5.ann1_6.MtrunA17Chr3g0112291	MtrunA17Chr3g0112291			medtr.A17.gnm5.MtrunA17Chr3	+	34321618	34323524	-2.24295758262877	0.0317686409105276	DOWN	0.356777982089634	1	NS
DOWN	A86_only	medtr.A17.gnm5.ann1_6.MtrunA17Chr3g0116001	MtrunA17Chr3g0116001			medtr.A17.gnm5.MtrunA17Chr3	+	37308575	37309945	-2.65968129088107	0.0335173264994705	DOWN	-0.348014506471672	1	NS
DOWN	A86_only	medtr.A17.gnm5.ann1_6.MtrunA17Chr1g0165201	MtrunA17Chr1g0165201			medtr.A17.gnm5.MtrunA17Chr1	-	14867850	14870584	-2.0448033562767	0.0355234872663858	DOWN	0.341851173923358	1	NS
DOWN	A86_only	medtr.A17.gnm5.ann1_6.MtrunA17Chr4g0056371	MtrunA17Chr4g0056371	MtnsLTP80	non-specific Lipid Transfer Protein	medtr.A17.gnm5.MtrunA17Chr4	+	49768877	49770068	-2.95863329739719	0.000598120616069922	DOWN	0.33379954548454	1	NS
DOWN	A86_only	medtr.A17.gnm5.ann1_6.MtrunA17Chr4g0062911	MtrunA17Chr4g0062911			medtr.A17.gnm5.MtrunA17Chr4	+	54586481	54590550	-1.84647040547512	0.0317526893101264	DOWN	-0.317049590300226	1	NS
DOWN	A86_only	medtr.A17.gnm5.ann1_6.MtrunA17Chr3g0135711	MtrunA17Chr3g0135711			medtr.A17.gnm5.MtrunA17Chr3	+	51559451	51560735	-2.34875022400514	0.0448602603394825	DOWN	0.307253728947942	1	NS
DOWN	A86_only	medtr.A17.gnm5.ann1_6.MtrunA17Chr2g0313061	MtrunA17Chr2g0313061			medtr.A17.gnm5.MtrunA17Chr2	+	35880150	35885870	-2.15851673988791	0.049012071464196	DOWN	0.300343255190732	1	NS
DOWN	A86_only	medtr.A17.gnm5.ann1_6.MtrunA17Chr4g0056511	MtrunA17Chr4g0056511			medtr.A17.gnm5.MtrunA17Chr4	+	49961961	49966766	-1.96004622144452	0.0317526893101264	DOWN	0.297501240767095	1	NS
DOWN	A86_only	medtr.A17.gnm5.ann1_6.MtrunA17Chr8g0374341	MtrunA17Chr8g0374341			medtr.A17.gnm5.MtrunA17Chr8	+	36362958	36366478	-2.87790772625523	0.0491529906462225	DOWN	-0.274814473413632	1	NS
DOWN	A86_only	medtr.A17.gnm5.ann1_6.MtrunA17Chr4g0056391	MtrunA17Chr4g0056391	MtnsLTP82	non-specific Lipid Transfer Protein	medtr.A17.gnm5.MtrunA17Chr4	-	49781170	49782655	-2.7523100673092	0.00847779459565073	DOWN	0.272125424021653	1	NS
DOWN	A86_only	medtr.A17.gnm5.ann1_6.MtrunA17Chr6g0469551	MtrunA17Chr6g0469551			medtr.A17.gnm5.MtrunA17Chr6	-	19299924	19302178	-2.89187272147985	0.0252441397704612	DOWN	-0.270090085277978	1	NS
DOWN	A86_only	medtr.A17.gnm5.ann1_6.MtrunA17Chr2g0312651	MtrunA17Chr2g0312651			medtr.A17.gnm5.MtrunA17Chr2	+	35506196	35511526	-5.07877629382447	0.0259868071535413	DOWN	-0.268133621091801	1	NS
DOWN	A86_only	medtr.A17.gnm5.ann1_6.MtrunA17Chr4g0071871	MtrunA17Chr4g0071871			medtr.A17.gnm5.MtrunA17Chr4	+	61068183	61073730	-1.87858032064709	0.0126681635801467	DOWN	0.26035611213041	1	NS
DOWN	A86_only	medtr.A17.gnm5.ann1_6.MtrunA17Chr8g0387221	MtrunA17Chr8g0387221			medtr.A17.gnm5.MtrunA17Chr8	+	45335051	45336307	-1.82596116937666	0.0199183225501128	DOWN	-0.257753611417856	1	NS
DOWN	A86_only	medtr.A17.gnm5.ann1_6.MtrunA17Chr8g0390681	MtrunA17Chr8g0390681			medtr.A17.gnm5.MtrunA17Chr8	+	47779046	47781907	-4.65527482142334	4.56223524123242e-05	DOWN	0.254977443113604	1	NS
DOWN	A86_only	medtr.A17.gnm5.ann1_6.MtrunA17Chr4g0053221	MtrunA17Chr4g0053221			medtr.A17.gnm5.MtrunA17Chr4	-	47157734	47161749	-2.62896718363066	0.000896351408036564	DOWN	-0.254582292833407	1	NS
DOWN	A86_only	medtr.A17.gnm5.ann1_6.MtrunA17Chr2g0322861	MtrunA17Chr2g0322861	MtPrx05	MtRip5|peroxidase	medtr.A17.gnm5.MtrunA17Chr2	+	43537923	43540065	-2.08121776533321	0.0190828042157518	DOWN	0.252561205433127	1	NS
DOWN	A86_only	medtr.A17.gnm5.ann1_6.MtrunA17Chr4g0044901	MtrunA17Chr4g0044901			medtr.A17.gnm5.MtrunA17Chr4	+	41694463	41696129	-4.25603326771709	0.00316167726143827	DOWN	-0.246430132596476	1	NS
DOWN	A86_only	medtr.A17.gnm5.ann1_6.MtrunA17Chr5g0396181	MtrunA17Chr5g0396181			medtr.A17.gnm5.MtrunA17Chr5	-	1828249	1828977	-3.64300805734059	0.0182784323754129	DOWN	0.245904000292257	1	NS
DOWN	A86_only	medtr.A17.gnm5.ann1_6.MtrunA17Chr4g0063551	MtrunA17Chr4g0063551			medtr.A17.gnm5.MtrunA17Chr4	+	55091536	55095440	-1.95318853367628	0.0470401954287278	DOWN	0.245323516456389	1	NS
DOWN	A86_only	medtr.A17.gnm5.ann1_6.MtrunA17Chr5g0434591	MtrunA17Chr5g0434591	MtBG4	beta-1,3-Glucanase 4	medtr.A17.gnm5.MtrunA17Chr5	+	34714876	34718589	-3.08517801644984	0.00360600628515225	DOWN	0.237148585661005	1	NS
DOWN	A86_only	medtr.A17.gnm5.ann1_6.MtrunA17Chr3g0126321	MtrunA17Chr3g0126321			medtr.A17.gnm5.MtrunA17Chr3	+	44651299	44653603	-2.58304770961314	0.0468504063645377	DOWN	-0.227382571811418	1	NS
DOWN	A86_only	medtr.A17.gnm5.ann1_6.MtrunA17Chr1g0208501	MtrunA17Chr1g0208501			medtr.A17.gnm5.MtrunA17Chr1	+	52696614	52702144	-1.7387062293273	0.047366886068169	DOWN	-0.221882814993882	1	NS
DOWN	A86_only	medtr.A17.gnm5.ann1_6.MtrunA17Chr3g0137351	MtrunA17Chr3g0137351			medtr.A17.gnm5.MtrunA17Chr3	+	52677072	52681410	-2.97988456412693	0.0063294271425407	DOWN	0.218361455105171	1	NS
DOWN	A86_only	medtr.A17.gnm5.ann1_6.MtrunA17Chr4g0058381	MtrunA17Chr4g0058381			medtr.A17.gnm5.MtrunA17Chr4	-	51371973	51374234	-3.60895833322665	0.0216450381895054	DOWN	-0.201726255167555	1	NS
DOWN	A86_only	medtr.A17.gnm5.ann1_6.MtrunA17Chr4g0025701	MtrunA17Chr4g0025701			medtr.A17.gnm5.MtrunA17Chr4	-	26625350	26627954	-2.61852580069062	0.0191453271035993	DOWN	-0.199740415203807	1	NS
DOWN	A86_only	medtr.A17.gnm5.ann1_6.MtrunA17Chr1g0205471	MtrunA17Chr1g0205471			medtr.A17.gnm5.MtrunA17Chr1	-	50674836	50678544	-2.03674617826216	0.0263965273626759	DOWN	0.197532226678307	1	NS
DOWN	A86_only	medtr.A17.gnm5.ann1_6.MtrunA17Chr7g0252551	MtrunA17Chr7g0252551			medtr.A17.gnm5.MtrunA17Chr7	-	39436363	39437531	-3.43739128718397	0.0328328317609194	DOWN	-0.196040195192883	1	NS
DOWN	A86_only	medtr.A17.gnm5.ann1_6.MtrunA17Chr1g0187231	MtrunA17Chr1g0187231			medtr.A17.gnm5.MtrunA17Chr1	+	37326763	37327793	-3.09259583298892	0.0252441397704612	DOWN	0.194689742719442	1	NS
DOWN	A86_only	medtr.A17.gnm5.ann1_6.MtrunA17Chr4g0018171	MtrunA17Chr4g0018171			medtr.A17.gnm5.MtrunA17Chr4	+	13374358	13375821	-2.30662952324674	0.038562611885944	DOWN	0.18876352755469	1	NS
DOWN	A86_only	medtr.A17.gnm5.ann1_6.MtrunA17Chr8g0336921	MtrunA17Chr8g0336921			medtr.A17.gnm5.MtrunA17Chr8	-	1956658	1958091	-3.69895111629562	0.0388840949257558	DOWN	0.172961372665367	1	NS
DOWN	A86_only	medtr.A17.gnm5.ann1_6.MtrunA17Chr7g0244931	MtrunA17Chr7g0244931			medtr.A17.gnm5.MtrunA17Chr7	-	34061227	34065463	-2.16514846264708	0.0285718419332608	DOWN	-0.172794724252789	1	NS
DOWN	A86_only	medtr.A17.gnm5.ann1_6.MtrunA17Chr4g0022901	MtrunA17Chr4g0022901	MtMYB013	Myeloblastosis (MYB) transcription factor 13	medtr.A17.gnm5.MtrunA17Chr4	-	23089069	23090407	-3.34436399077571	0.0410380592979516	DOWN	-0.16378000475119	1	NS
DOWN	A86_only	medtr.A17.gnm5.ann1_6.MtrunA17Chr7g0231451	MtrunA17Chr7g0231451			medtr.A17.gnm5.MtrunA17Chr7	+	21119896	21121572	-2.50150463276659	0.0412018322124097	DOWN	0.158233950658028	1	NS
DOWN	A86_only	medtr.A17.gnm5.ann1_6.MtrunA17Chr1g0162561	MtrunA17Chr1g0162561			medtr.A17.gnm5.MtrunA17Chr1	-	12422584	12427974	-2.64494635012015	0.00356431496475831	DOWN	0.155346098409363	1	NS
DOWN	A86_only	medtr.A17.gnm5.ann1_6.MtrunA17Chr8g0339091	MtrunA17Chr8g0339091			medtr.A17.gnm5.MtrunA17Chr8	+	3364229	3368050	-2.51608439203612	0.00673538510816863	DOWN	0.148642199670524	1	NS
DOWN	A86_only	medtr.A17.gnm5.ann1_6.MtrunA17Chr7g0233231	MtrunA17Chr7g0233231			medtr.A17.gnm5.MtrunA17Chr7	-	23685614	23687116	-7.11523055214865	0.00018239410242904	DOWN	-0.126695140154068	1	NS
DOWN	A86_only	medtr.A17.gnm5.ann1_6.MtrunA17Chr8g0338731	MtrunA17Chr8g0338731			medtr.A17.gnm5.MtrunA17Chr8	-	3083638	3084834	-1.72362756642292	0.0414045110592752	DOWN	0.11048047297465	1	NS
DOWN	A86_only	medtr.A17.gnm5.ann1_6.MtrunA17Chr6g0484021	MtrunA17Chr6g0484021			medtr.A17.gnm5.MtrunA17Chr6	-	38569638	38573924	-1.83349532419078	0.0375030703009141	DOWN	-0.10779618526736	1	NS
DOWN	A86_only	medtr.A17.gnm5.ann1_6.MtrunA17Chr7g0276041	MtrunA17Chr7g0276041			medtr.A17.gnm5.MtrunA17Chr7	+	55774294	55775528	-2.28473762899686	0.0252441397704612	DOWN	-0.0915790479895318	1	NS
DOWN	A86_only	medtr.A17.gnm5.ann1_6.MtrunA17Chr7g0250931	MtrunA17Chr7g0250931			medtr.A17.gnm5.MtrunA17Chr7	-	38303897	38308070	-2.69087791591595	0.0362244522315216	DOWN	0.0905593115320565	1	NS
DOWN	A86_only	medtr.A17.gnm5.ann1_6.MtrunA17Chr7g0222321	MtrunA17Chr7g0222321			medtr.A17.gnm5.MtrunA17Chr7	-	7517539	7521662	-2.21880482578824	0.0332704305479091	DOWN	-0.0736810118439199	1	NS
DOWN	A86_only	medtr.A17.gnm5.ann1_6.MtrunA17Chr5g0426441	MtrunA17Chr5g0426441			medtr.A17.gnm5.MtrunA17Chr5	+	28329035	28341346	-4.21452188065905	0.0112018405956169	DOWN	0.0722544917296645	1	NS
DOWN	A86_only	medtr.A17.gnm5.ann1_6.MtrunA17Chr8g0348161	MtrunA17Chr8g0348161			medtr.A17.gnm5.MtrunA17Chr8	-	10870463	10872151	-3.54881750925648	0.0163680032153144	DOWN	-0.0600845010352335	1	NS
DOWN	A86_only	medtr.A17.gnm5.ann1_6.MtrunA17Chr1g0203101	MtrunA17Chr1g0203101			medtr.A17.gnm5.MtrunA17Chr1	+	49009699	49021313	-2.1213156592083	0.0476654606771721	DOWN	-0.0562089338989806	1	NS
DOWN	A86_only	medtr.A17.gnm5.ann1_6.MtrunA17Chr3g0112141	MtrunA17Chr3g0112141			medtr.A17.gnm5.MtrunA17Chr3	-	34184622	34188402	-3.17087764663844	0.0255777805038152	DOWN	-0.0511797741481448	1	NS
DOWN	A86_only	medtr.A17.gnm5.ann1_6.MtrunA17Chr3g0119821	MtrunA17Chr3g0119821			medtr.A17.gnm5.MtrunA17Chr3	-	40037088	40039799	-2.81134099965878	0.0273677156281659	DOWN	0.0451799348314749	1	NS
DOWN	A86_only	medtr.A17.gnm5.ann1_6.MtrunA17Chr2g0328011	MtrunA17Chr2g0328011			medtr.A17.gnm5.MtrunA17Chr2	+	47413110	47416885	-2.69616334824991	0.0148875195063729	DOWN	0.0279199441152161	1	NS
DOWN	A86_only	medtr.A17.gnm5.ann1_6.MtrunA17Chr7g0233211	MtrunA17Chr7g0233211			medtr.A17.gnm5.MtrunA17Chr7	-	23669797	23671367	-5.42237420714253	0.000865325868357233	DOWN	0.0190407909700604	1	NS
DOWN	A86_only	medtr.A17.gnm5.ann1_6.MtrunA17Chr2g0298931	MtrunA17Chr2g0298931			medtr.A17.gnm5.MtrunA17Chr2	+	16872516	16876473	-2.27600429434677	0.0439639641125058	DOWN	0.00954469747543917	1	NS
DOWN	A86_only	medtr.A17.gnm5.ann1_6.MtrunA17Chr1g0151391	MtrunA17Chr1g0151391			medtr.A17.gnm5.MtrunA17Chr1	+	4260280	4262089	-2.94467082397839	0.00543187938173382	DOWN	0.0080544076564983	1	NS
DOWN	A86_only	medtr.A17.gnm5.ann1_6.MtrunA17Chr7g0233201	MtrunA17Chr7g0233201			medtr.A17.gnm5.MtrunA17Chr7	-	23665303	23666675	-4.84398546063618	0.0165272618496189	DOWN	0.00678896266533992	1	NS
DOWN	A86_only	medtr.A17.gnm5.ann1_6.MtrunA17Chr4g0022911	MtrunA17Chr4g0022911	MtMYB014	Myeloblastosis (MYB) transcription factor 14	medtr.A17.gnm5.MtrunA17Chr4	-	23114037	23115346	-3.90325013449571	0.0049118636347384	DOWN	-0.00538369830279455	1	NS
DOWN	A86_only	medtr.A17.gnm5.ann1_6.MtrunA17Chr5g0423121	MtrunA17Chr5g0423121			medtr.A17.gnm5.MtrunA17Chr5	+	24878094	24882333	-1.96565804104354	0.0396629854935142	DOWN	-0.00510035387926425	1	NS
DOWN	A86_only	medtr.A17.gnm5.ann1_6.MtrunA17Chr3g0131071	MtrunA17Chr3g0131071			medtr.A17.gnm5.MtrunA17Chr3	+	48086182	48089579	-1.93489869010688	0.0196280377973097	DOWN	0.00383520353695641	1	NS
DOWN	dnf2_only	medtr.A17.gnm5.ann1_6.MtrunA17Chr4g0044681	MtrunA17Chr4g0044681	MtDNF2	does not fix nitrogen 2 (phosphatidylinositol phospholipase C-like)	medtr.A17.gnm5.MtrunA17Chr4	-	41512224	41516421	0.395970097238573	0.999999979788073	NS	-15.0621186881487	1.88759800680551e-10	DOWN
DOWN	dnf2_only	medtr.A17.gnm5.ann1_6.MtrunA17Chr3g0105081	MtrunA17Chr3g0105081	MtMOT1.3	Molybdate transporter	medtr.A17.gnm5.MtrunA17Chr3	-	29036049	29038987	-2.18217562366612	0.487964551040097	NS	-11.4297913486056	0.000169463206566203	DOWN
DOWN	dnf2_only	medtr.A17.gnm5.ann1_6.MtrunA17Chr1g0157821	MtrunA17Chr1g0157821			medtr.A17.gnm5.MtrunA17Chr1	-	8955837	8962178	-1.43827684925761	0.535356848653405	NS	-10.049722719822	4.03575772677182e-06	DOWN
DOWN	dnf2_only	medtr.A17.gnm5.ann1_6.MtrunA17Chr1g0184111	MtrunA17Chr1g0184111			medtr.A17.gnm5.MtrunA17Chr1	-	34670203	34676769	-2.35942522216633	0.148632170904098	NS	-10.0404507868064	0.000208174756968017	DOWN
DOWN	dnf2_only	medtr.A17.gnm5.ann1_6.MtrunA17Chr3g0096071	MtrunA17Chr3g0096071			medtr.A17.gnm5.MtrunA17Chr3	+	19892835	19895981	0.780560227250018	0.999999979788073	NS	-8.91259398944434	5.3414760359047e-06	DOWN
DOWN	dnf2_only	medtr.A17.gnm5.ann1_6.MtrunA17Chr1g0185421	MtrunA17Chr1g0185421			medtr.A17.gnm5.MtrunA17Chr1	+	35869836	35872116	0.435149373844765	0.999999979788073	NS	-8.84709360904241	1.15189761441145e-07	DOWN
DOWN	dnf2_only	medtr.A17.gnm5.ann1_6.MtrunA17Chr2g0295981	MtrunA17Chr2g0295981			medtr.A17.gnm5.MtrunA17Chr2	-	14376384	14377290	-0.777228504702302	0.999999979788073	NS	-8.84017390284762	0.000823157483592511	DOWN
DOWN	dnf2_only	medtr.A17.gnm5.ann1_6.MtrunA17Chr7g0230311	MtrunA17Chr7g0230311			medtr.A17.gnm5.MtrunA17Chr7	+	18974874	18980036	-0.115255177711356	0.999999979788073	NS	-8.82002965140036	7.06388382412981e-07	DOWN
DOWN	dnf2_only	medtr.A17.gnm5.ann1_6.MtrunA17Chr6g0457901	MtrunA17Chr6g0457901			medtr.A17.gnm5.MtrunA17Chr6	-	7541559	7545661	-0.115625001020555	0.999999979788073	NS	-8.76822193878192	0.00239341298273955	DOWN
DOWN	dnf2_only	medtr.A17.gnm5.ann1_6.MtrunA17Chr2g0314151	MtrunA17Chr2g0314151			medtr.A17.gnm5.MtrunA17Chr2	-	36701794	36702270	-0.0423802861081311	0.999999979788073	NS	-8.54777551652815	0.00014955157926015	DOWN
DOWN	dnf2_only	medtr.A17.gnm5.ann1_6.MtrunA17Chr4g0054261	MtrunA17Chr4g0054261			medtr.A17.gnm5.MtrunA17Chr4	-	48056823	48059892	0.514899927544996	0.999999979788073	NS	-8.53064433218227	0.000660393290740857	DOWN
DOWN	dnf2_only	medtr.A17.gnm5.ann1_6.MtrunA17Chr8g0362171	MtrunA17Chr8g0362171			medtr.A17.gnm5.MtrunA17Chr8	-	26778759	26779422	-0.412077695509455	0.999999979788073	NS	-8.41709259344685	4.40586324553924e-05	DOWN
DOWN	dnf2_only	medtr.A17.gnm5.ann1_6.MtrunA17Chr2g0306431	MtrunA17Chr2g0306431			medtr.A17.gnm5.MtrunA17Chr2	+	27934353	27934857	-0.484618711531862	0.999999979788073	NS	-8.40979303536675	0.000125967966679609	DOWN
DOWN	dnf2_only	medtr.A17.gnm5.ann1_6.MtrunA17Chr6g0468911	MtrunA17Chr6g0468911			medtr.A17.gnm5.MtrunA17Chr6	+	18314300	18318101	0.191587226309243	0.999999979788073	NS	-8.30086610062739	3.01087263790099e-07	DOWN
DOWN	dnf2_only	medtr.A17.gnm5.ann1_6.MtrunA17Chr4g0050671	MtrunA17Chr4g0050671			medtr.A17.gnm5.MtrunA17Chr4	-	45563506	45564511	-1.42757968047213	0.710586473822175	NS	-8.29117081871205	0.000113411692994894	DOWN
DOWN	dnf2_only	medtr.A17.gnm5.ann1_6.MtrunA17Chr1g0177931	MtrunA17Chr1g0177931			medtr.A17.gnm5.MtrunA17Chr1	-	29524915	29526550	-0.847032520636462	0.999999979788073	NS	-8.27826167183425	0.0037376869255731	DOWN
DOWN	dnf2_only	medtr.A17.gnm5.ann1_6.MtrunA17Chr4g0008041	MtrunA17Chr4g0008041			medtr.A17.gnm5.MtrunA17Chr4	-	6235877	6236624	-1.73606429001378	0.201402097455514	NS	-8.20949003376944	7.44366030706504e-06	DOWN
DOWN	dnf2_only	medtr.A17.gnm5.ann1_6.MtrunA17Chr8g0358161	MtrunA17Chr8g0358161			medtr.A17.gnm5.MtrunA17Chr8	+	20187285	20190693	-0.500706302090954	0.999999979788073	NS	-8.20086600582766	6.3596211840229e-06	DOWN
DOWN	dnf2_only	medtr.A17.gnm5.ann1_6.MtrunA17Chr5g0446291	MtrunA17Chr5g0446291			medtr.A17.gnm5.MtrunA17Chr5	+	42924156	42925321	-0.919064003885847	0.999999979788073	NS	-8.1172983426331	0.000143296901711854	DOWN
DOWN	dnf2_only	medtr.A17.gnm5.ann1_6.MtrunA17Chr6g0476571	MtrunA17Chr6g0476571	MtNCR070	Nodule-specific Cysteine-Rich peptide	medtr.A17.gnm5.MtrunA17Chr6	-	31381919	31383940	-1.13883931900319	0.999999979788073	NS	-8.10854044119903	9.57193749645373e-05	DOWN
DOWN	dnf2_only	medtr.A17.gnm5.ann1_6.MtrunA17Chr4g0047851	MtrunA17Chr4g0047851			medtr.A17.gnm5.MtrunA17Chr4	-	43726665	43727603	-0.490818340998802	0.999999979788073	NS	-8.01168263200111	0.00145466903987358	DOWN
DOWN	dnf2_only	medtr.A17.gnm5.ann1_6.MtrunA17Chr5g0437581	MtrunA17Chr5g0437581			medtr.A17.gnm5.MtrunA17Chr5	-	37128691	37129601	-0.305908023012784	0.999999979788073	NS	-8.00400932550451	9.30207767647135e-05	DOWN
DOWN	dnf2_only	medtr.A17.gnm5.ann1_6.MtrunA17Chr4g0029841	MtrunA17Chr4g0029841			medtr.A17.gnm5.MtrunA17Chr4	-	30534396	30535386	-0.81963833362775	0.999999979788073	NS	-7.85866080850846	1.15579501667879e-05	DOWN
DOWN	dnf2_only	medtr.A17.gnm5.ann1_6.MtrunA17Chr5g0402631	MtrunA17Chr5g0402631	MtNodGRP25	Nodule-specific Glycine-rich	medtr.A17.gnm5.MtrunA17Chr5	-	6681669	6683922	-1.72721011289083	0.470552853425164	NS	-7.84937947447723	0.000470386338981995	DOWN
DOWN	dnf2_only	medtr.A17.gnm5.ann1_6.MtrunA17Chr6g0481661	MtrunA17Chr6g0481661			medtr.A17.gnm5.MtrunA17Chr6	+	36487943	36489479	-0.0122666963696878	0.999999979788073	NS	-7.76392148967134	0.000286418289371046	DOWN
DOWN	dnf2_only	medtr.A17.gnm5.ann1_6.MtrunA17Chr6g0451291	MtrunA17Chr6g0451291			medtr.A17.gnm5.MtrunA17Chr6	+	1880178	1885717	-1.52456015614525	0.999999979788073	NS	-7.7600856151258	0.0115682169081945	DOWN
DOWN	dnf2_only	medtr.A17.gnm5.ann1_6.MtrunA17Chr3g0105321	MtrunA17Chr3g0105321			medtr.A17.gnm5.MtrunA17Chr3	-	29273384	29276331	-0.461834891249731	0.999999979788073	NS	-7.73185475010028	0.00277210342867383	DOWN
DOWN	dnf2_only	medtr.A17.gnm5.ann1_6.MtrunA17Chr6g0450501	MtrunA17Chr6g0450501			medtr.A17.gnm5.MtrunA17Chr6	+	1193114	1195565	-0.0705343080232434	0.999999979788073	NS	-7.67120048874254	0.00747812896080632	DOWN
DOWN	dnf2_only	medtr.A17.gnm5.ann1_6.MtrunA17Chr3g0112871	MtrunA17Chr3g0112871			medtr.A17.gnm5.MtrunA17Chr3	-	34770017	34770817	-1.09934250507884	0.999999979788073	NS	-7.66551416327972	0.000851690230443679	DOWN
DOWN	dnf2_only	medtr.A17.gnm5.ann1_6.MtrunA17Chr6g0450471	MtrunA17Chr6g0450471			medtr.A17.gnm5.MtrunA17Chr6	+	1185893	1186448	0.513742798621461	0.999999979788073	NS	-7.64453205878145	0.00376657788026619	DOWN
DOWN	dnf2_only	medtr.A17.gnm5.ann1_6.MtrunA17Chr5g0414771	MtrunA17Chr5g0414771			medtr.A17.gnm5.MtrunA17Chr5	+	15724788	15726323	-0.588202861916188	0.999999979788073	NS	-7.63679334212	7.76488058065562e-06	DOWN
DOWN	dnf2_only	medtr.A17.gnm5.ann1_6.MtrunA17Chr7g0270521	MtrunA17Chr7g0270521			medtr.A17.gnm5.MtrunA17Chr7	-	52200478	52211538	-0.969195105463721	0.999999979788073	NS	-7.57288252220537	0.000146638097357355	DOWN
DOWN	dnf2_only	medtr.A17.gnm5.ann1_6.MtrunA17Chr5g0424131	MtrunA17Chr5g0424131			medtr.A17.gnm5.MtrunA17Chr5	-	26072663	26074566	-0.361446656385964	0.999999979788073	NS	-7.5339768250232	6.42983422165387e-05	DOWN
DOWN	dnf2_only	medtr.A17.gnm5.ann1_6.MtrunA17Chr6g0476561	MtrunA17Chr6g0476561			medtr.A17.gnm5.MtrunA17Chr6	+	31373827	31375645	-0.789027755891085	0.999999979788073	NS	-7.48312164389697	3.26343608078423e-05	DOWN
DOWN	dnf2_only	medtr.A17.gnm5.ann1_6.MtrunA17Chr3g0119881	MtrunA17Chr3g0119881			medtr.A17.gnm5.MtrunA17Chr3	-	40077289	40082887	0.410849776147334	0.999999979788073	NS	-7.45584154260365	0.000208017125988287	DOWN
DOWN	dnf2_only	medtr.A17.gnm5.ann1_6.MtrunA17Chr8g0376791	MtrunA17Chr8g0376791			medtr.A17.gnm5.MtrunA17Chr8	-	38298837	38299999	0.29964869820409	0.999999979788073	NS	-7.45409120548835	0.000583030316516588	DOWN
DOWN	dnf2_only	medtr.A17.gnm5.ann1_6.MtrunA17Chr2g0325251	MtrunA17Chr2g0325251			medtr.A17.gnm5.MtrunA17Chr2	-	45258420	45260693	-0.722979594694178	0.999999979788073	NS	-7.44118608952629	9.17273097576451e-05	DOWN
DOWN	dnf2_only	medtr.A17.gnm5.ann1_6.MtrunA17Chr1g0170331	MtrunA17Chr1g0170331			medtr.A17.gnm5.MtrunA17Chr1	-	19056312	19060313	-0.096193007676901	0.999999979788073	NS	-7.43940744250377	1.88759800680551e-10	DOWN
DOWN	dnf2_only	medtr.A17.gnm5.ann1_6.MtrunA17Chr4g0044651	MtrunA17Chr4g0044651			medtr.A17.gnm5.MtrunA17Chr4	-	41490880	41495335	0.840453261190186	0.999999979788073	NS	-7.43762201530158	1.16498679198843e-06	DOWN
DOWN	dnf2_only	medtr.A17.gnm5.ann1_6.MtrunA17Chr6g0474881	MtrunA17Chr6g0474881			medtr.A17.gnm5.MtrunA17Chr6	-	29010988	29013503	0.295051288528921	0.999999979788073	NS	-7.36353753813144	5.09283293312004e-06	DOWN
DOWN	dnf2_only	medtr.A17.gnm5.ann1_6.MtrunA17Chr4g0036881	MtrunA17Chr4g0036881			medtr.A17.gnm5.MtrunA17Chr4	+	35572082	35572774	0.938785566769329	0.999999979788073	NS	-7.34048656408906	5.53467552094162e-06	DOWN
DOWN	dnf2_only	medtr.A17.gnm5.ann1_6.MtrunA17Chr8g0370481	MtrunA17Chr8g0370481			medtr.A17.gnm5.MtrunA17Chr8	-	33616799	33618501	-0.889027627535304	0.999999979788073	NS	-7.31178059360921	0.00167250163038825	DOWN
DOWN	dnf2_only	medtr.A17.gnm5.ann1_6.MtrunA17Chr1g0178571	MtrunA17Chr1g0178571			medtr.A17.gnm5.MtrunA17Chr1	-	30039059	30039841	-0.918162054367258	0.999999979788073	NS	-7.30131543196861	0.000543666176923377	DOWN
DOWN	dnf2_only	medtr.A17.gnm5.ann1_6.MtrunA17Chr5g0407731	MtrunA17Chr5g0407731	MtGAOL11	Gibberellin-oxidase like 11	medtr.A17.gnm5.MtrunA17Chr5	-	10158765	10161849	-0.808771397609391	0.999999979788073	NS	-7.28881953473478	0.0048353440698834	DOWN
DOWN	dnf2_only	medtr.A17.gnm5.ann1_6.MtrunA17Chr1g0186601	MtrunA17Chr1g0186601			medtr.A17.gnm5.MtrunA17Chr1	+	36841538	36843770	-0.796051365801286	0.999999979788073	NS	-7.27983762552133	1.57554887455577e-05	DOWN
DOWN	dnf2_only	medtr.A17.gnm5.ann1_6.MtrunA17Chr7g0230321	MtrunA17Chr7g0230321			medtr.A17.gnm5.MtrunA17Chr7	-	18978026	18980561	-0.0478792259925529	0.999999979788073	NS	-7.27481167082448	0.000233596539525106	DOWN
DOWN	dnf2_only	medtr.A17.gnm5.ann1_6.MtrunA17Chr2g0318621	MtrunA17Chr2g0318621			medtr.A17.gnm5.MtrunA17Chr2	+	40139588	40140353	-0.99505693376467	0.999999979788073	NS	-7.23186379061986	0.000204143434053757	DOWN
DOWN	dnf2_only	medtr.A17.gnm5.ann1_6.MtrunA17Chr5g0438521	MtrunA17Chr5g0438521			medtr.A17.gnm5.MtrunA17Chr5	-	37704266	37705460	0.7848852780592	0.999999979788073	NS	-7.23181405511058	0.000147087338308312	DOWN
DOWN	dnf2_only	medtr.A17.gnm5.ann1_6.MtrunA17Chr6g0474581	MtrunA17Chr6g0474581			medtr.A17.gnm5.MtrunA17Chr6	-	28515794	28516700	-0.172978790276988	0.999999979788073	NS	-7.22582163423549	2.03549537698313e-05	DOWN
DOWN	dnf2_only	medtr.A17.gnm5.ann1_6.MtrunA17Chr6g0485181	MtrunA17Chr6g0485181			medtr.A17.gnm5.MtrunA17Chr6	+	39713170	39716569	-1.36882367836772	0.585404692778138	NS	-7.20050798700578	5.73140426106663e-07	DOWN
DOWN	dnf2_only	medtr.A17.gnm5.ann1_6.MtrunA17Chr1g0179221	MtrunA17Chr1g0179221			medtr.A17.gnm5.MtrunA17Chr1	+	30590015	30591724	-1.1683845018033	0.999999979788073	NS	-7.17457490609508	0.000735564073742584	DOWN
DOWN	dnf2_only	medtr.A17.gnm5.ann1_6.MtrunA17Chr2g0301781	MtrunA17Chr2g0301781			medtr.A17.gnm5.MtrunA17Chr2	-	19473965	19474803	-0.376711059341889	0.999999979788073	NS	-7.13274114828303	0.000601579994029159	DOWN
DOWN	dnf2_only	medtr.A17.gnm5.ann1_6.MtrunA17Chr6g0471761	MtrunA17Chr6g0471761			medtr.A17.gnm5.MtrunA17Chr6	+	23154589	23162801	-0.692079272228333	0.999999979788073	NS	-7.12719356328462	1.41141747522521e-05	DOWN
DOWN	dnf2_only	medtr.A17.gnm5.ann1_6.MtrunA17Chr2g0327591	MtrunA17Chr2g0327591			medtr.A17.gnm5.MtrunA17Chr2	+	47089160	47090099	-1.01874324979224	0.999999979788073	NS	-7.080455008202	0.00286152478774173	DOWN
DOWN	dnf2_only	medtr.A17.gnm5.ann1_6.MtrunA17Chr6g0487811	MtrunA17Chr6g0487811			medtr.A17.gnm5.MtrunA17Chr6	+	41994157	41996069	-0.585621411301372	0.999999979788073	NS	-7.07786051683413	5.73140426106663e-07	DOWN
DOWN	dnf2_only	medtr.A17.gnm5.ann1_6.MtrunA17Chr3g0141591	MtrunA17Chr3g0141591			medtr.A17.gnm5.MtrunA17Chr3	-	55777983	55779821	-0.675917485381581	0.999999979788073	NS	-7.0699042163208	5.70502956064162e-07	DOWN
DOWN	dnf2_only	medtr.A17.gnm5.ann1_6.MtrunA17Chr5g0414661	MtrunA17Chr5g0414661			medtr.A17.gnm5.MtrunA17Chr5	+	15634514	15636187	-1.19789314782435	0.999999979788073	NS	-7.06077890361362	4.1901890300013e-05	DOWN
DOWN	dnf2_only	medtr.A17.gnm5.ann1_6.MtrunA17Chr2g0307611	MtrunA17Chr2g0307611			medtr.A17.gnm5.MtrunA17Chr2	-	30092059	30092866	1.11321626670848	0.999999979788073	NS	-7.04035267857037	0.000961061744425764	DOWN
DOWN	dnf2_only	medtr.A17.gnm5.ann1_6.MtrunA17Chr6g0450451	MtrunA17Chr6g0450451			medtr.A17.gnm5.MtrunA17Chr6	-	1182480	1186435	-0.00748213387197952	0.999999979788073	NS	-7.03585820270614	2.22489822865878e-05	DOWN
DOWN	dnf2_only	medtr.A17.gnm5.ann1_6.MtrunA17Chr2g0277121	MtrunA17Chr2g0277121			medtr.A17.gnm5.MtrunA17Chr2	-	361181	361692	-0.886520705978618	0.999999979788073	NS	-7.00568553317724	7.73496023034009e-05	DOWN
DOWN	dnf2_only	medtr.A17.gnm5.ann1_6.MtrunA17Chr6g0450491	MtrunA17Chr6g0450491	MtNCR664	Nodule-specific Cysteine-Rich peptide	medtr.A17.gnm5.MtrunA17Chr6	+	1190832	1192174	-0.622007870413332	0.999999979788073	NS	-7.00283825020207	0.00131027236563086	DOWN
DOWN	dnf2_only	medtr.A17.gnm5.ann1_6.MtrunA17Chr7g0231491	MtrunA17Chr7g0231491			medtr.A17.gnm5.MtrunA17Chr7	+	21141992	21145655	-1.05354328181776	0.999999979788073	NS	-6.99148422965278	0.00466087184493811	DOWN
DOWN	dnf2_only	medtr.A17.gnm5.ann1_6.MtrunA17Chr6g0452961	MtrunA17Chr6g0452961			medtr.A17.gnm5.MtrunA17Chr6	+	3239603	3240235	0.89337077427385	0.999999979788073	NS	-6.9507466736991	0.000554117352496964	DOWN
DOWN	dnf2_only	medtr.A17.gnm5.ann1_6.MtrunA17Chr6g0485221	MtrunA17Chr6g0485221			medtr.A17.gnm5.MtrunA17Chr6	-	39735052	39736659	-0.76497507563424	0.999999979788073	NS	-6.94881241709413	0.00211794268960975	DOWN
DOWN	dnf2_only	medtr.A17.gnm5.ann1_6.MtrunA17Chr4g0033171	MtrunA17Chr4g0033171	MtLOX1	lipoxygenase (TC100514)	medtr.A17.gnm5.MtrunA17Chr4	-	33098071	33101276	0.328949179659138	0.999999979788073	NS	-6.90355250306619	5.34577807278579e-05	DOWN
DOWN	dnf2_only	medtr.A17.gnm5.ann1_6.MtrunA17Chr2g0306421	MtrunA17Chr2g0306421			medtr.A17.gnm5.MtrunA17Chr2	-	27928986	27929674	-1.75965632891328	0.21837762080543	NS	-6.8807622316669	1.34012059832605e-05	DOWN
DOWN	dnf2_only	medtr.A17.gnm5.ann1_6.MtrunA17Chr8g0358291	MtrunA17Chr8g0358291			medtr.A17.gnm5.MtrunA17Chr8	-	20435289	20436054	-0.169043755647729	0.999999979788073	NS	-6.85905841160229	0.000194544800495723	DOWN
DOWN	dnf2_only	medtr.A17.gnm5.ann1_6.MtrunA17Chr4g0062741	MtrunA17Chr4g0062741			medtr.A17.gnm5.MtrunA17Chr4	+	54435630	54437625	-0.616132116123376	0.999999979788073	NS	-6.85128225477892	0.0002941381967851	DOWN
DOWN	dnf2_only	medtr.A17.gnm5.ann1_6.MtrunA17Chr7g0227051	MtrunA17Chr7g0227051			medtr.A17.gnm5.MtrunA17Chr7	+	12156008	12160573	-0.428785986587539	0.999999979788073	NS	-6.84699630776672	1.46699350100659e-06	DOWN
DOWN	dnf2_only	medtr.A17.gnm5.ann1_6.MtrunA17Chr4g0070151	MtrunA17Chr4g0070151			medtr.A17.gnm5.MtrunA17Chr4	-	59888835	59889056	-0.607842528343125	0.999999979788073	NS	-6.8464078942483	0.00412692668841721	DOWN
DOWN	dnf2_only	medtr.A17.gnm5.ann1_6.MtrunA17Chr4g0070241	MtrunA17Chr4g0070241			medtr.A17.gnm5.MtrunA17Chr4	-	59955053	59956795	0.0434008645124201	0.999999979788073	NS	-6.79073538351609	0.006649404772164	DOWN
DOWN	dnf2_only	medtr.A17.gnm5.ann1_6.MtrunA17Chr3g0114151	MtrunA17Chr3g0114151			medtr.A17.gnm5.MtrunA17Chr3	-	35734766	35736988	-1.12993661648321	0.999999979788073	NS	-6.78760263047796	0.00466043816764148	DOWN
DOWN	dnf2_only	medtr.A17.gnm5.ann1_6.MtrunA17Chr1g0170561	MtrunA17Chr1g0170561			medtr.A17.gnm5.MtrunA17Chr1	-	19302407	19302813	0.462887552008082	0.999999979788073	NS	-6.71144871857052	0.0152589230827927	DOWN
DOWN	dnf2_only	medtr.A17.gnm5.ann1_6.MtrunA17Chr2g0319651	MtrunA17Chr2g0319651			medtr.A17.gnm5.MtrunA17Chr2	+	41070580	41072170	-0.365879376194296	0.999999979788073	NS	-6.69845664687878	0.000124742457433886	DOWN
DOWN	dnf2_only	medtr.A17.gnm5.ann1_6.MtrunA17Chr1g0185431	MtrunA17Chr1g0185431			medtr.A17.gnm5.MtrunA17Chr1	-	35871983	35872742	-1.17450708102417	0.999999979788073	NS	-6.69221292534593	2.03549537698313e-05	DOWN
DOWN	dnf2_only	medtr.A17.gnm5.ann1_6.MtrunA17Chr5g0424121	MtrunA17Chr5g0424121			medtr.A17.gnm5.MtrunA17Chr5	-	26043828	26044165	-0.49240652852073	0.999999979788073	NS	-6.67295349489193	5.90762353659864e-05	DOWN
DOWN	dnf2_only	medtr.A17.gnm5.ann1_6.MtrunA17Chr2g0309021	MtrunA17Chr2g0309021			medtr.A17.gnm5.MtrunA17Chr2	+	31813694	31816701	-0.725769967285407	0.999999979788073	NS	-6.66543241370295	0.00333016270493221	DOWN
DOWN	dnf2_only	medtr.A17.gnm5.ann1_6.MtrunA17Chr6g0474601	MtrunA17Chr6g0474601			medtr.A17.gnm5.MtrunA17Chr6	-	28517696	28517952	0.0105892414335412	0.999999979788073	NS	-6.63141093831528	0.000483896383243369	DOWN
DOWN	dnf2_only	medtr.A17.gnm5.ann1_6.MtrunA17Chr1g0179951	MtrunA17Chr1g0179951			medtr.A17.gnm5.MtrunA17Chr1	-	31178445	31180794	-2.09045714169995	0.0848065032455525	NS	-6.62860462644526	5.3414760359047e-06	DOWN
DOWN	dnf2_only	medtr.A17.gnm5.ann1_6.MtrunA17Chr3g0118221	MtrunA17Chr3g0118221			medtr.A17.gnm5.MtrunA17Chr3	-	38922300	38923884	-1.92616971974014	0.1323169309932	NS	-6.62746256765426	6.73224518737439e-06	DOWN
DOWN	dnf2_only	medtr.A17.gnm5.ann1_6.MtrunA17Chr6g0473041	MtrunA17Chr6g0473041			medtr.A17.gnm5.MtrunA17Chr6	-	25583168	25583646	-0.789445454713212	0.999999979788073	NS	-6.5939385306913	0.00206575412544695	DOWN
DOWN	dnf2_only	medtr.A17.gnm5.ann1_6.MtrunA17Chr2g0328511	MtrunA17Chr2g0328511	MtZIP2	Zinc-Iron Permease 2	medtr.A17.gnm5.MtrunA17Chr2	-	47786411	47788459	-0.510879840968121	0.999999979788073	NS	-6.58081015515572	2.71502518142581e-05	DOWN
DOWN	dnf2_only	medtr.A17.gnm5.ann1_6.MtrunA17Chr7g0224331	MtrunA17Chr7g0224331			medtr.A17.gnm5.MtrunA17Chr7	+	9541444	9544139	-0.49366653387791	0.999999979788073	NS	-6.56058781565014	5.09283293312004e-06	DOWN
DOWN	dnf2_only	medtr.A17.gnm5.ann1_6.MtrunA17Chr4g0027641	MtrunA17Chr4g0027641			medtr.A17.gnm5.MtrunA17Chr4	-	28694070	28695072	0.558278675305805	0.999999979788073	NS	-6.55752116970536	0.0163588620245636	DOWN
DOWN	dnf2_only	medtr.A17.gnm5.ann1_6.MtrunA17Chr3g0083251	MtrunA17Chr3g0083251			medtr.A17.gnm5.MtrunA17Chr3	+	4869408	4870204	-0.485099838039281	0.999999979788073	NS	-6.5542667531151	0.00362742248621929	DOWN
DOWN	dnf2_only	medtr.A17.gnm5.ann1_6.MtrunA17Chr2g0324011	MtrunA17Chr2g0324011			medtr.A17.gnm5.MtrunA17Chr2	-	44361597	44370689	1.82237463555191	0.202087751324251	NS	-6.55026329337019	0.00276133963374309	DOWN
DOWN	dnf2_only	medtr.A17.gnm5.ann1_6.MtrunA17Chr2g0299241	MtrunA17Chr2g0299241			medtr.A17.gnm5.MtrunA17Chr2	+	17212698	17213583	1.59242985960117	0.486998317781156	NS	-6.51579774362264	0.00594285827461095	DOWN
DOWN	dnf2_only	medtr.A17.gnm5.ann1_6.MtrunA17Chr2g0316911	MtrunA17Chr2g0316911			medtr.A17.gnm5.MtrunA17Chr2	+	38956428	38956721	-0.784988710075217	0.999999979788073	NS	-6.51579774362264	0.00182555097577127	DOWN
DOWN	dnf2_only	medtr.A17.gnm5.ann1_6.MtrunA17Chr3g0105231	MtrunA17Chr3g0105231			medtr.A17.gnm5.MtrunA17Chr3	+	29192958	29193279	-0.34777509712797	0.999999979788073	NS	-6.4979924287396	6.75732264013787e-06	DOWN
DOWN	dnf2_only	medtr.A17.gnm5.ann1_6.MtrunA17Chr5g0405511	MtrunA17Chr5g0405511			medtr.A17.gnm5.MtrunA17Chr5	-	8732726	8733399	-0.949623217459543	0.999999979788073	NS	-6.48295439385884	8.06645422613137e-06	DOWN
DOWN	dnf2_only	medtr.A17.gnm5.ann1_6.MtrunA17Chr1g0176511	MtrunA17Chr1g0176511			medtr.A17.gnm5.MtrunA17Chr1	-	28091787	28092533	-0.187218171013615	0.999999979788073	NS	-6.4686411589355	0.00134350913821351	DOWN
DOWN	dnf2_only	medtr.A17.gnm5.ann1_6.MtrunA17Chr1g0171851	MtrunA17Chr1g0171851			medtr.A17.gnm5.MtrunA17Chr1	+	20570868	20573499	-0.60343136482094	0.999999979788073	NS	-6.46537575446993	3.6466558270792e-07	DOWN
DOWN	dnf2_only	medtr.A17.gnm5.ann1_6.MtrunA17Chr5g0429601	MtrunA17Chr5g0429601	MtNodGRP1D	Nodule-specific Glycine-rich	medtr.A17.gnm5.MtrunA17Chr5	-	30943743	30944761	-0.533332074419493	0.999999979788073	NS	-6.43930552611611	2.97401872793896e-05	DOWN
DOWN	dnf2_only	medtr.A17.gnm5.ann1_6.MtrunA17Chr8g0335821	MtrunA17Chr8g0335821			medtr.A17.gnm5.MtrunA17Chr8	+	1277225	1280580	1.39478189743367	0.840484545670537	NS	-6.42855637064424	0.0149675197925079	DOWN
DOWN	dnf2_only	medtr.A17.gnm5.ann1_6.MtrunA17Chr1g0191651	MtrunA17Chr1g0191651			medtr.A17.gnm5.MtrunA17Chr1	+	40601185	40602532	-1.40326964539333	0.585404692778138	NS	-6.42557285361177	4.93407999707943e-06	DOWN
DOWN	dnf2_only	medtr.A17.gnm5.ann1_6.MtrunA17Chr7g0231501	MtrunA17Chr7g0231501			medtr.A17.gnm5.MtrunA17Chr7	+	21145657	21147539	-0.110694959799937	0.999999979788073	NS	-6.41682217853331	0.000729273459922677	DOWN
DOWN	dnf2_only	medtr.A17.gnm5.ann1_6.MtrunA17Chr4g0029591	MtrunA17Chr4g0029591			medtr.A17.gnm5.MtrunA17Chr4	+	30372013	30374252	-0.944251286106263	0.999999979788073	NS	-6.38197043506176	0.000258975270673025	DOWN
DOWN	dnf2_only	medtr.A17.gnm5.ann1_6.MtrunA17Chr3g0103081	MtrunA17Chr3g0103081			medtr.A17.gnm5.MtrunA17Chr3	+	27504392	27504906	1.98587147460621	0.161701443388597	NS	-6.37533463745544	0.00696286835532012	DOWN
DOWN	dnf2_only	medtr.A17.gnm5.ann1_6.MtrunA17Chr7g0244221	MtrunA17Chr7g0244221			medtr.A17.gnm5.MtrunA17Chr7	+	33375772	33377191	0.178038187435901	0.999999979788073	NS	-6.325194432495	2.61728210865403e-05	DOWN
DOWN	dnf2_only	medtr.A17.gnm5.ann1_6.MtrunA17Chr4g0029851	MtrunA17Chr4g0029851			medtr.A17.gnm5.MtrunA17Chr4	+	30536781	30540228	-0.47456879222514	0.999999979788073	NS	-6.32382743529099	6.75732264013787e-06	DOWN
DOWN	dnf2_only	medtr.A17.gnm5.ann1_6.MtrunA17Chr3g0094091	MtrunA17Chr3g0094091			medtr.A17.gnm5.MtrunA17Chr3	+	16564797	16564928	-1.2684721868311	0.997347452389837	NS	-6.31833475609283	0.000554117352496964	DOWN
DOWN	dnf2_only	medtr.A17.gnm5.ann1_6.MtrunA17Chr4g0008051	MtrunA17Chr4g0008051			medtr.A17.gnm5.MtrunA17Chr4	+	6235951	6237423	-0.885459530764533	0.999999979788073	NS	-6.31630364305146	0.000207300480874863	DOWN
DOWN	dnf2_only	medtr.A17.gnm5.ann1_6.MtrunA17Chr4g0019141	MtrunA17Chr4g0019141	MtATG8b	Autophagy related gene	medtr.A17.gnm5.MtrunA17Chr4	-	14514481	14516652	-0.944603272783134	0.999999979788073	NS	-6.29434173962224	7.08624130338781e-05	DOWN
DOWN	dnf2_only	medtr.A17.gnm5.ann1_6.MtrunA17Chr8g0373061	MtrunA17Chr8g0373061			medtr.A17.gnm5.MtrunA17Chr8	-	35320720	35322573	0.144271075530382	0.999999979788073	NS	-6.28606495484851	0.00273668523769284	DOWN
DOWN	dnf2_only	medtr.A17.gnm5.ann1_6.MtrunA17Chr4g0029861	MtrunA17Chr4g0029861			medtr.A17.gnm5.MtrunA17Chr4	+	30540230	30541321	-0.117014914859904	0.999999979788073	NS	-6.25637795175545	2.51317627897906e-06	DOWN
DOWN	dnf2_only	medtr.A17.gnm5.ann1_6.MtrunA17Chr7g0216371	MtrunA17Chr7g0216371			medtr.A17.gnm5.MtrunA17Chr7	+	2097153	2097555	0.0984310068050485	0.999999979788073	NS	-6.23455937263707	0.00101365308380244	DOWN
DOWN	dnf2_only	medtr.A17.gnm5.ann1_6.MtrunA17Chr7g0259001	MtrunA17Chr7g0259001			medtr.A17.gnm5.MtrunA17Chr7	-	44139358	44143954	-0.309565015782613	0.999999979788073	NS	-6.22507231128975	9.77247112867654e-07	DOWN
DOWN	dnf2_only	medtr.A17.gnm5.ann1_6.MtrunA17Chr3g0107891	MtrunA17Chr3g0107891			medtr.A17.gnm5.MtrunA17Chr3	-	31337845	31339455	0.37490776252564	0.999999979788073	NS	-6.1934712185294	0.0290000892287145	DOWN
DOWN	dnf2_only	medtr.A17.gnm5.ann1_6.MtrunA17Chr8g0338961	MtrunA17Chr8g0338961			medtr.A17.gnm5.MtrunA17Chr8	-	3257600	3259738	-0.404850956743232	0.999999979788073	NS	-6.17507650420287	0.00821515369852166	DOWN
DOWN	dnf2_only	medtr.A17.gnm5.ann1_6.MtrunA17Chr5g0436751	MtrunA17Chr5g0436751			medtr.A17.gnm5.MtrunA17Chr5	+	36458235	36459090	-0.735674857078288	0.999999979788073	NS	-6.16968940987515	3.35639090401547e-05	DOWN
DOWN	dnf2_only	medtr.A17.gnm5.ann1_6.MtrunA17Chr2g0302911	MtrunA17Chr2g0302911			medtr.A17.gnm5.MtrunA17Chr2	+	20533043	20533757	-0.994985168451452	0.999999979788073	NS	-6.1513985564788	0.000319145818901105	DOWN
DOWN	dnf2_only	medtr.A17.gnm5.ann1_6.MtrunA17Chr7g0224601	MtrunA17Chr7g0224601			medtr.A17.gnm5.MtrunA17Chr7	+	9952717	9958672	-0.575596637526462	0.999999979788073	NS	-6.11351257325532	0.00567684470443255	DOWN
DOWN	dnf2_only	medtr.A17.gnm5.ann1_6.MtrunA17Chr6g0450461	MtrunA17Chr6g0450461	MtNCR224	Nodule-specific Cysteine-Rich peptide	medtr.A17.gnm5.MtrunA17Chr6	+	1184117	1185211	0.216679772798204	0.999999979788073	NS	-6.10372203097837	5.09283293312004e-06	DOWN
DOWN	dnf2_only	medtr.A17.gnm5.ann1_6.MtrunA17Chr1g0168751	MtrunA17Chr1g0168751			medtr.A17.gnm5.MtrunA17Chr1	-	17643134	17643757	-0.514888943403779	0.999999979788073	NS	-6.09873605879281	9.92708478492838e-06	DOWN
DOWN	dnf2_only	medtr.A17.gnm5.ann1_6.MtrunA17Chr4g0033221	MtrunA17Chr4g0033221	MtNCR645	Nodule-specific Cysteine-Rich peptide	medtr.A17.gnm5.MtrunA17Chr4	+	33148283	33150881	-0.137866106863349	0.999999979788073	NS	-6.09658542717493	5.73140426106663e-07	DOWN
DOWN	dnf2_only	medtr.A17.gnm5.ann1_6.MtrunA17Chr3g0119061	MtrunA17Chr3g0119061			medtr.A17.gnm5.MtrunA17Chr3	-	39536350	39537304	0.28612223447745	0.999999979788073	NS	-6.08319714500587	6.40172093171794e-05	DOWN
DOWN	dnf2_only	medtr.A17.gnm5.ann1_6.MtrunA17Chr3g0141601	MtrunA17Chr3g0141601			medtr.A17.gnm5.MtrunA17Chr3	+	55779098	55779962	-0.389813623208199	0.999999979788073	NS	-6.08014232688578	4.12973473854558e-06	DOWN
DOWN	dnf2_only	medtr.A17.gnm5.ann1_6.MtrunA17Chr4g0029771	MtrunA17Chr4g0029771	MtNCR313b	Nodule-specific Cysteine-Rich peptide	medtr.A17.gnm5.MtrunA17Chr4	+	30509483	30513747	-0.831559296830058	0.999999979788073	NS	-6.0766766648032	1.84650909947916e-06	DOWN
DOWN	dnf2_only	medtr.A17.gnm5.ann1_6.MtrunA17Chr3g0102941	MtrunA17Chr3g0102941			medtr.A17.gnm5.MtrunA17Chr3	+	27432648	27441261	1.09217114257425	0.999999979788073	NS	-6.0620515480207	7.06388382412981e-07	DOWN
DOWN	dnf2_only	medtr.A17.gnm5.ann1_6.MtrunA17Chr3g0107781	MtrunA17Chr3g0107781	MtNCR-new19	Nodule-specific Cysteine-Rich peptide	medtr.A17.gnm5.MtrunA17Chr3	-	31283072	31283925	-0.402687518747128	0.999999979788073	NS	-6.05441571932169	2.1469191264747e-06	DOWN
DOWN	dnf2_only	medtr.A17.gnm5.ann1_6.MtrunA17Chr3g0140931	MtrunA17Chr3g0140931	MtMATE54	multidrug and toxic compound extrusion family	medtr.A17.gnm5.MtrunA17Chr3	+	55281103	55283748	0.559976175189216	0.999999979788073	NS	-6.05197213492508	1.20779854963071e-05	DOWN
DOWN	dnf2_only	medtr.A17.gnm5.ann1_6.MtrunA17Chr4g0062941	MtrunA17Chr4g0062941			medtr.A17.gnm5.MtrunA17Chr4	+	54632563	54642936	0.505246484535978	0.999999979788073	NS	-6.02734705523954	1.88438562497955e-05	DOWN
DOWN	dnf2_only	medtr.A17.gnm5.ann1_6.MtrunA17Chr4g0017351	MtrunA17Chr4g0017351			medtr.A17.gnm5.MtrunA17Chr4	+	12863760	12864418	-0.212953748566629	0.999999979788073	NS	-6.02157215500224	0.0373557884199702	DOWN
DOWN	dnf2_only	medtr.A17.gnm5.ann1_6.MtrunA17Chr5g0428061	MtrunA17Chr5g0428061			medtr.A17.gnm5.MtrunA17Chr5	-	29725376	29726045	-1.68357835194837	0.445934076636901	NS	-5.98471376458285	0.000252518148562752	DOWN
DOWN	dnf2_only	medtr.A17.gnm5.ann1_6.MtrunA17Chr7g0232711	MtrunA17Chr7g0232711			medtr.A17.gnm5.MtrunA17Chr7	+	22965473	22965775	0.764881668813185	0.999999979788073	NS	-5.95955019324197	0.0215194753651928	DOWN
DOWN	dnf2_only	medtr.A17.gnm5.ann1_6.MtrunA17Chr8g0360901	MtrunA17Chr8g0360901			medtr.A17.gnm5.MtrunA17Chr8	+	25187995	25188688	-0.654781041917158	0.999999979788073	NS	-5.95134674586069	1.16498679198843e-06	DOWN
DOWN	dnf2_only	medtr.A17.gnm5.ann1_6.MtrunA17Chr3g0122161	MtrunA17Chr3g0122161			medtr.A17.gnm5.MtrunA17Chr3	-	41770848	41775327	0.436550203906142	0.999999979788073	NS	-5.94929382754041	0.0449414638718358	DOWN
DOWN	dnf2_only	medtr.A17.gnm5.ann1_6.MtrunA17Chr4g0035281	MtrunA17Chr4g0035281			medtr.A17.gnm5.MtrunA17Chr4	+	34729915	34731070	0.52894304578223	0.999999979788073	NS	-5.88573357067707	0.000722812275068855	DOWN
DOWN	dnf2_only	medtr.A17.gnm5.ann1_6.MtrunA17Chr3g0100451	MtrunA17Chr3g0100451			medtr.A17.gnm5.MtrunA17Chr3	-	25042342	25042857	-1.70289738795992	0.298069710730945	NS	-5.87907205523305	2.36085258001846e-05	DOWN
DOWN	dnf2_only	medtr.A17.gnm5.ann1_6.MtrunA17Chr8g0358351	MtrunA17Chr8g0358351	MtNCR504	Nodule-specific Cysteine-Rich peptide	medtr.A17.gnm5.MtrunA17Chr8	-	20529209	20531317	-0.574070676888244	0.999999979788073	NS	-5.85874935022475	2.07186145804508e-06	DOWN
DOWN	dnf2_only	medtr.A17.gnm5.ann1_6.MtrunA17Chr2g0314131	MtrunA17Chr2g0314131			medtr.A17.gnm5.MtrunA17Chr2	-	36698994	36700517	-0.377902286783348	0.999999979788073	NS	-5.84569051771793	4.33675912149889e-06	DOWN
DOWN	dnf2_only	medtr.A17.gnm5.ann1_6.MtrunA17Chr3g0124121	MtrunA17Chr3g0124121			medtr.A17.gnm5.MtrunA17Chr3	+	43019503	43020864	0.554732211574452	0.999999979788073	NS	-5.83216592983144	0.0391562487343926	DOWN
DOWN	dnf2_only	medtr.A17.gnm5.ann1_6.MtrunA17Chr7g0216161	MtrunA17Chr7g0216161			medtr.A17.gnm5.MtrunA17Chr7	-	1977409	1978234	0.293175087790001	0.999999979788073	NS	-5.82978426672691	0.0057970146948263	DOWN
DOWN	dnf2_only	medtr.A17.gnm5.ann1_6.MtrunA17Chr5g0440201	MtrunA17Chr5g0440201			medtr.A17.gnm5.MtrunA17Chr5	-	39021529	39024591	-1.9641408142141	0.443230750738253	NS	-5.8271806994818	0.00279488102763816	DOWN
DOWN	dnf2_only	medtr.A17.gnm5.ann1_6.MtrunA17Chr5g0420611	MtrunA17Chr5g0420611			medtr.A17.gnm5.MtrunA17Chr5	+	21088105	21091372	-0.4716593890246	0.999999979788073	NS	-5.81135500582106	2.47347976083026e-05	DOWN
DOWN	dnf2_only	medtr.A17.gnm5.ann1_6.MtrunA17Chr6g0476841	MtrunA17Chr6g0476841			medtr.A17.gnm5.MtrunA17Chr6	-	31621455	31623256	-0.833849359196363	0.999999979788073	NS	-5.79973093848192	1.22455788632472e-05	DOWN
DOWN	dnf2_only	medtr.A17.gnm5.ann1_6.MtrunA17Chr6g0452951	MtrunA17Chr6g0452951			medtr.A17.gnm5.MtrunA17Chr6	-	3237225	3238863	0.12910889580307	0.999999979788073	NS	-5.79919494562363	1.08743784531869e-05	DOWN
DOWN	dnf2_only	medtr.A17.gnm5.ann1_6.MtrunA17Chr2g0293991	MtrunA17Chr2g0293991			medtr.A17.gnm5.MtrunA17Chr2	-	12816521	12817222	-1.1158197675633	0.999999979788073	NS	-5.79801685147638	2.98679772869621e-05	DOWN
DOWN	dnf2_only	medtr.A17.gnm5.ann1_6.MtrunA17Chr3g0102411	MtrunA17Chr3g0102411			medtr.A17.gnm5.MtrunA17Chr3	+	26938733	26941708	-0.311270329853772	0.999999979788073	NS	-5.78340236005788	3.01442896259702e-05	DOWN
DOWN	dnf2_only	medtr.A17.gnm5.ann1_6.MtrunA17Chr2g0324021	MtrunA17Chr2g0324021			medtr.A17.gnm5.MtrunA17Chr2	+	44364996	44366152	1.0901057754118	0.999999979788073	NS	-5.76874074121804	0.0384898035323093	DOWN
DOWN	dnf2_only	medtr.A17.gnm5.ann1_6.MtrunA17Chr7g0220261	MtrunA17Chr7g0220261	MtLAT52/POE_2	Late Anther Tomato52/Pollen Ole e 1 Allergen and Extensin	medtr.A17.gnm5.MtrunA17Chr7	+	5608794	5610389	-0.33434182450536	0.999999979788073	NS	-5.73892232811075	0.00284608601187624	DOWN
DOWN	dnf2_only	medtr.A17.gnm5.ann1_6.MtrunA17Chr3g0105251	MtrunA17Chr3g0105251			medtr.A17.gnm5.MtrunA17Chr3	+	29207273	29207840	0.145377298635129	0.999999979788073	NS	-5.69328140170806	2.36085258001846e-05	DOWN
DOWN	dnf2_only	medtr.A17.gnm5.ann1_6.MtrunA17Chr6g0484741	MtrunA17Chr6g0484741	MtNCR191	Nodule-specific Cysteine-Rich peptide	medtr.A17.gnm5.MtrunA17Chr6	-	39262667	39264921	-0.546809086982091	0.999999979788073	NS	-5.69075749156436	7.14032992209181e-06	DOWN
DOWN	dnf2_only	medtr.A17.gnm5.ann1_6.MtrunA17Chr3g0083611	MtrunA17Chr3g0083611			medtr.A17.gnm5.MtrunA17Chr3	-	5213905	5214323	-1.25321476036572	0.999999979788073	NS	-5.67503001002098	0.00439596196740187	DOWN
DOWN	dnf2_only	medtr.A17.gnm5.ann1_6.MtrunA17Chr2g0314141	MtrunA17Chr2g0314141			medtr.A17.gnm5.MtrunA17Chr2	-	36700941	36701519	-0.169399205734163	0.999999979788073	NS	-5.6686287618911	0.000141688967363657	DOWN
DOWN	dnf2_only	medtr.A17.gnm5.ann1_6.MtrunA17Chr8g0348771	MtrunA17Chr8g0348771			medtr.A17.gnm5.MtrunA17Chr8	+	11374167	11375321	1.2252784088519	0.977611264135164	NS	-5.63958321602182	0.000918491881518834	DOWN
DOWN	dnf2_only	medtr.A17.gnm5.ann1_6.MtrunA17Chr7g0228691	MtrunA17Chr7g0228691			medtr.A17.gnm5.MtrunA17Chr7	-	14228010	14231273	0.199054523975977	0.999999979788073	NS	-5.60668853053264	0.0228167879414508	DOWN
DOWN	dnf2_only	medtr.A17.gnm5.ann1_6.MtrunA17Chr3g0085231	MtrunA17Chr3g0085231			medtr.A17.gnm5.MtrunA17Chr3	+	6589904	6592380	-1.81278576403771	0.164472230180779	NS	-5.59300677913268	5.09283293312004e-06	DOWN
DOWN	dnf2_only	medtr.A17.gnm5.ann1_6.MtrunA17Chr3g0108581	MtrunA17Chr3g0108581	MtNCR023	Nodule-specific Cysteine-Rich peptide	medtr.A17.gnm5.MtrunA17Chr3	-	31871087	31872184	-0.134541760632769	0.999999979788073	NS	-5.57380011020974	2.48061943951521e-05	DOWN
DOWN	dnf2_only	medtr.A17.gnm5.ann1_6.MtrunA17Chr1g0179961	MtrunA17Chr1g0179961			medtr.A17.gnm5.MtrunA17Chr1	+	31178498	31180288	-2.36133374018521	0.0527888069803971	NS	-5.54292738824206	2.98679772869621e-05	DOWN
DOWN	dnf2_only	medtr.A17.gnm5.ann1_6.MtrunA17Chr8g0373071	MtrunA17Chr8g0373071			medtr.A17.gnm5.MtrunA17Chr8	-	35322575	35325087	0.751336444368564	0.999999979788073	NS	-5.53291816056571	0.0163227171380142	DOWN
DOWN	dnf2_only	medtr.A17.gnm5.ann1_6.MtrunA17Chr7g0228671	MtrunA17Chr7g0228671	MtNCR348	Nodule-specific Cysteine-Rich peptide	medtr.A17.gnm5.MtrunA17Chr7	-	14123422	14124105	-0.309890627894924	0.999999979788073	NS	-5.52385734084601	1.92547004072259e-06	DOWN
DOWN	dnf2_only	medtr.A17.gnm5.ann1_6.MtrunA17Chr3g0140941	MtrunA17Chr3g0140941			medtr.A17.gnm5.MtrunA17Chr3	-	55281158	55281496	-0.419546389729302	0.999999979788073	NS	-5.49053406186122	3.56811279573741e-05	DOWN
DOWN	dnf2_only	medtr.A17.gnm5.ann1_6.MtrunA17Chr1g0159351	MtrunA17Chr1g0159351			medtr.A17.gnm5.MtrunA17Chr1	-	10049150	10051354	-1.97768504280311	0.308152144512312	NS	-5.44854405298934	0.000525060946690957	DOWN
DOWN	dnf2_only	medtr.A17.gnm5.ann1_6.MtrunA17Chr1g0179231	MtrunA17Chr1g0179231			medtr.A17.gnm5.MtrunA17Chr1	-	30598189	30599735	-1.32656386961719	0.926912117651209	NS	-5.44600959842475	0.000587345618738262	DOWN
DOWN	dnf2_only	medtr.A17.gnm5.ann1_6.MtrunA17Chr1g0184441	MtrunA17Chr1g0184441			medtr.A17.gnm5.MtrunA17Chr1	-	35024249	35028545	-0.00303351086517482	0.999999979788073	NS	-5.4434089712803	0.000170822916638297	DOWN
DOWN	dnf2_only	medtr.A17.gnm5.ann1_6.MtrunA17Chr6g0487721	MtrunA17Chr6g0487721	MtNCR172	Nodule-specific Cysteine-Rich peptide	medtr.A17.gnm5.MtrunA17Chr6	+	41969388	41972737	-0.112260248763246	0.999999979788073	NS	-5.43788085136172	7.81593448815732e-06	DOWN
DOWN	dnf2_only	medtr.A17.gnm5.ann1_6.MtrunA17Chr4g0059731	MtrunA17Chr4g0059731			medtr.A17.gnm5.MtrunA17Chr4	+	52295562	52297334	-1.00373630164555	0.999999979788073	NS	-5.42821795015574	1.5548591168599e-05	DOWN
DOWN	dnf2_only	medtr.A17.gnm5.ann1_6.MtrunA17Chr3g0132221	MtrunA17Chr3g0132221			medtr.A17.gnm5.MtrunA17Chr3	+	48934068	48935045	-0.603250415676504	0.999999979788073	NS	-5.39078419697096	3.33719836647447e-05	DOWN
DOWN	dnf2_only	medtr.A17.gnm5.ann1_6.MtrunA17Chr6g0452831	MtrunA17Chr6g0452831			medtr.A17.gnm5.MtrunA17Chr6	-	3148707	3150267	-0.301372110984573	0.999999979788073	NS	-5.390336560641	0.010419733737919	DOWN
DOWN	dnf2_only	medtr.A17.gnm5.ann1_6.MtrunA17Chr5g0409431	MtrunA17Chr5g0409431			medtr.A17.gnm5.MtrunA17Chr5	-	11205705	11207676	-0.42763042055449	0.999999979788073	NS	-5.38934460190152	2.51317627897906e-06	DOWN
DOWN	dnf2_only	medtr.A17.gnm5.ann1_6.MtrunA17Chr3g0108501	MtrunA17Chr3g0108501	MtNCR-new20	Nodule-specific Cysteine-Rich peptide	medtr.A17.gnm5.MtrunA17Chr3	+	31834707	31837529	-0.75705866197281	0.999999979788073	NS	-5.37874431803673	3.4786379435748e-07	DOWN
DOWN	dnf2_only	medtr.A17.gnm5.ann1_6.MtrunA17Chr1g0191321	MtrunA17Chr1g0191321			medtr.A17.gnm5.MtrunA17Chr1	-	40432023	40432776	-0.57298696022118	0.999999979788073	NS	-5.36822945653345	4.71157739217943e-05	DOWN
DOWN	dnf2_only	medtr.A17.gnm5.ann1_6.MtrunA17Chr6g0477601	MtrunA17Chr6g0477601			medtr.A17.gnm5.MtrunA17Chr6	+	32357251	32358619	-0.124494898884246	0.999999979788073	NS	-5.3584244883478	0.00147309879856993	DOWN
DOWN	dnf2_only	medtr.A17.gnm5.ann1_6.MtrunA17Chr3g0097741	MtrunA17Chr3g0097741			medtr.A17.gnm5.MtrunA17Chr3	-	22415032	22421346	-2.722508099628	0.0657807184907317	NS	-5.35433796437813	0.00033752924514271	DOWN
DOWN	dnf2_only	medtr.A17.gnm5.ann1_6.MtrunA17Chr6g0475441	MtrunA17Chr6g0475441			medtr.A17.gnm5.MtrunA17Chr6	+	29691742	29694529	-0.829494460899988	0.999999979788073	NS	-5.35319447212813	1.68161381097664e-05	DOWN
DOWN	dnf2_only	medtr.A17.gnm5.ann1_6.MtrunA17Chr6g0450481	MtrunA17Chr6g0450481			medtr.A17.gnm5.MtrunA17Chr6	-	1189551	1190166	-0.121625458469942	0.999999979788073	NS	-5.34195331833105	0.00751839594572216	DOWN
DOWN	dnf2_only	medtr.A17.gnm5.ann1_6.MtrunA17Chr2g0309581	MtrunA17Chr2g0309581			medtr.A17.gnm5.MtrunA17Chr2	-	32283466	32285086	-0.644123475924475	0.999999979788073	NS	-5.32228482658665	7.79439580237597e-06	DOWN
DOWN	dnf2_only	medtr.A17.gnm5.ann1_6.MtrunA17Chr8g0365131	MtrunA17Chr8g0365131	MtNCR733	Nodule-specific Cysteine-Rich peptide	medtr.A17.gnm5.MtrunA17Chr8	+	29343482	29348542	0.300523572204594	0.999999979788073	NS	-5.30553571593402	2.01684669746705e-05	DOWN
DOWN	dnf2_only	medtr.A17.gnm5.ann1_6.MtrunA17Chr4g0022231	MtrunA17Chr4g0022231			medtr.A17.gnm5.MtrunA17Chr4	+	21656947	21673004	-0.173720420741091	0.999999979788073	NS	-5.28752483415593	3.01087263790099e-07	DOWN
DOWN	dnf2_only	medtr.A17.gnm5.ann1_6.MtrunA17Chr2g0326881	MtrunA17Chr2g0326881			medtr.A17.gnm5.MtrunA17Chr2	-	46621734	46622501	-0.92710511025432	0.999999979788073	NS	-5.27968283213377	0.000276953868798176	DOWN
DOWN	dnf2_only	medtr.A17.gnm5.ann1_6.MtrunA17Chr3g0085221	MtrunA17Chr3g0085221			medtr.A17.gnm5.MtrunA17Chr3	+	6587720	6588359	-0.911703380613556	0.999999979788073	NS	-5.26818370088428	0.00474226655408867	DOWN
DOWN	dnf2_only	medtr.A17.gnm5.ann1_6.MtrunA17Chr2g0332581	MtrunA17Chr2g0332581			medtr.A17.gnm5.MtrunA17Chr2	+	50690658	50694664	-1.50314529593508	0.613248268670151	NS	-5.24786445869703	0.000152145144566203	DOWN
DOWN	dnf2_only	medtr.A17.gnm5.ann1_6.MtrunA17Chr8g0365151	MtrunA17Chr8g0365151	MtLP18	LEED..PEED family	medtr.A17.gnm5.MtrunA17Chr8	+	29349547	29350842	0.286556406105762	0.999999979788073	NS	-5.23865460817108	2.06801984600293e-06	DOWN
DOWN	dnf2_only	medtr.A17.gnm5.ann1_6.MtrunA17Chr8g0358151	MtrunA17Chr8g0358151			medtr.A17.gnm5.MtrunA17Chr8	+	20185558	20186824	0.0060295069586296	0.999999979788073	NS	-5.23063223456906	0.00504311376724984	DOWN
DOWN	dnf2_only	medtr.A17.gnm5.ann1_6.MtrunA17Chr4g0035331	MtrunA17Chr4g0035331			medtr.A17.gnm5.MtrunA17Chr4	+	34754902	34755999	0.247552252818955	0.999999979788073	NS	-5.21806091398793	0.00844304676448515	DOWN
DOWN	dnf2_only	medtr.A17.gnm5.ann1_6.MtrunA17Chr5g0423661	MtrunA17Chr5g0423661			medtr.A17.gnm5.MtrunA17Chr5	+	25422052	25422780	-1.04255237992313	0.999999979788073	NS	-5.21330023152911	0.00075724372905932	DOWN
DOWN	dnf2_only	medtr.A17.gnm5.ann1_6.MtrunA17Chr4g0013941	MtrunA17Chr4g0013941			medtr.A17.gnm5.MtrunA17Chr4	-	11353728	11358245	-0.479260422436806	0.999999979788073	NS	-5.20065557236496	0.00172338468608326	DOWN
DOWN	dnf2_only	medtr.A17.gnm5.ann1_6.MtrunA17Chr1g0205381	MtrunA17Chr1g0205381			medtr.A17.gnm5.MtrunA17Chr1	-	50607735	50610237	-1.03243348351907	0.999999979788073	NS	-5.20050034329981	0.00783395405649289	DOWN
DOWN	dnf2_only	medtr.A17.gnm5.ann1_6.MtrunA17Chr8g0361871	MtrunA17Chr8g0361871	MtNCR093	Nodule-specific Cysteine-Rich peptide	medtr.A17.gnm5.MtrunA17Chr8	+	26432253	26435959	-0.123359986983182	0.999999979788073	NS	-5.1961353143633	3.16514282315572e-06	DOWN
DOWN	dnf2_only	medtr.A17.gnm5.ann1_6.MtrunA17Chr1g0178591	MtrunA17Chr1g0178591			medtr.A17.gnm5.MtrunA17Chr1	-	30053848	30058240	-0.189613858043217	0.999999979788073	NS	-5.18989245274671	8.46567519509264e-06	DOWN
DOWN	dnf2_only	medtr.A17.gnm5.ann1_6.MtrunA17Chr4g0029831	MtrunA17Chr4g0029831	MtNCR062	Nodule-specific Cysteine-Rich peptide	medtr.A17.gnm5.MtrunA17Chr4	+	30531249	30536779	0.224999251698378	0.999999979788073	NS	-5.1843734238737	1.6984287948724e-05	DOWN
DOWN	dnf2_only	medtr.A17.gnm5.ann1_6.MtrunA17Chr3g0083181	MtrunA17Chr3g0083181			medtr.A17.gnm5.MtrunA17Chr3	-	4843169	4844486	0.156005687797666	0.999999979788073	NS	-5.17653368687059	2.62410449879941e-05	DOWN
DOWN	dnf2_only	medtr.A17.gnm5.ann1_6.MtrunA17Chr3g0084011	MtrunA17Chr3g0084011			medtr.A17.gnm5.MtrunA17Chr3	+	5564312	5565470	-0.542578936119661	0.999999979788073	NS	-5.17104644748651	0.00129259696992306	DOWN
DOWN	dnf2_only	medtr.A17.gnm5.ann1_6.MtrunA17Chr4g0059721	MtrunA17Chr4g0059721			medtr.A17.gnm5.MtrunA17Chr4	+	52291284	52293039	-1.30015488597664	0.66361487733719	NS	-5.16669914460138	5.53467552094162e-06	DOWN
DOWN	dnf2_only	medtr.A17.gnm5.ann1_6.MtrunA17Chr5g0431081	MtrunA17Chr5g0431081	MtNCR-new46	Nodule-specific Cysteine-Rich peptide	medtr.A17.gnm5.MtrunA17Chr5	+	32082843	32083976	-0.963496996383804	0.999999979788073	NS	-5.15234904995671	3.91979720979737e-05	DOWN
DOWN	dnf2_only	medtr.A17.gnm5.ann1_6.MtrunA17Chr4g0027891	MtrunA17Chr4g0027891			medtr.A17.gnm5.MtrunA17Chr4	+	28976195	28992670	-0.739330573251858	0.999999979788073	NS	-5.1502511799856	1.84650909947916e-06	DOWN
DOWN	dnf2_only	medtr.A17.gnm5.ann1_6.MtrunA17Chr3g0105311	MtrunA17Chr3g0105311			medtr.A17.gnm5.MtrunA17Chr3	-	29263770	29269751	-0.134905307015765	0.999999979788073	NS	-5.14647472767056	0.000203495104368939	DOWN
DOWN	dnf2_only	medtr.A17.gnm5.ann1_6.MtrunA17Chr7g0227061	MtrunA17Chr7g0227061			medtr.A17.gnm5.MtrunA17Chr7	+	12160857	12161787	-0.504984162065281	0.999999979788073	NS	-5.14427866415489	0.000226269152004553	DOWN
DOWN	dnf2_only	medtr.A17.gnm5.ann1_6.MtrunA17Chr6g0477581	MtrunA17Chr6g0477581			medtr.A17.gnm5.MtrunA17Chr6	+	32351835	32356361	-0.993925806841331	0.999999979788073	NS	-5.12952870533221	3.45267359120445e-06	DOWN
DOWN	dnf2_only	medtr.A17.gnm5.ann1_6.MtrunA17Chr7g0242341	MtrunA17Chr7g0242341			medtr.A17.gnm5.MtrunA17Chr7	-	31815971	31817346	-1.39498198360965	0.69098902055623	NS	-5.12379304137663	0.000113165724391812	DOWN
DOWN	dnf2_only	medtr.A17.gnm5.ann1_6.MtrunA17Chr7g0231361	MtrunA17Chr7g0231361			medtr.A17.gnm5.MtrunA17Chr7	-	20939882	20940355	-1.42839222393648	0.908340710332715	NS	-5.12091568352482	0.0062295432650346	DOWN
DOWN	dnf2_only	medtr.A17.gnm5.ann1_6.MtrunA17Chr7g0224291	MtrunA17Chr7g0224291	MtNCR158	Nodule-specific Cysteine-Rich peptide	medtr.A17.gnm5.MtrunA17Chr7	-	9500360	9501660	-0.0392385388118108	0.999999979788073	NS	-5.09606458731264	2.21211351595072e-05	DOWN
DOWN	dnf2_only	medtr.A17.gnm5.ann1_6.MtrunA17Chr8g0352881	MtrunA17Chr8g0352881			medtr.A17.gnm5.MtrunA17Chr8	+	14697756	14700172	-0.491894796236371	0.999999979788073	NS	-5.07616647869351	0.00525855557052887	DOWN
DOWN	dnf2_only	medtr.A17.gnm5.ann1_6.MtrunA17Chr1g0146141	MtrunA17Chr1g0146141			medtr.A17.gnm5.MtrunA17Chr1	+	67979	68350	-0.910021590306662	0.999999979788073	NS	-5.07591437113798	0.00381827769243951	DOWN
DOWN	dnf2_only	medtr.A17.gnm5.ann1_6.MtrunA17Chr2g0320851	MtrunA17Chr2g0320851			medtr.A17.gnm5.MtrunA17Chr2	+	42035659	42036728	-0.458087784643876	0.999999979788073	NS	-5.06948097185034	1.0269546036524e-05	DOWN
DOWN	dnf2_only	medtr.A17.gnm5.ann1_6.MtrunA17Chr6g0476851	MtrunA17Chr6g0476851			medtr.A17.gnm5.MtrunA17Chr6	+	31622042	31623536	-0.684085038205364	0.999999979788073	NS	-5.06352236309456	2.72675292956593e-05	DOWN
DOWN	dnf2_only	medtr.A17.gnm5.ann1_6.MtrunA17Chr4g0014031	MtrunA17Chr4g0014031			medtr.A17.gnm5.MtrunA17Chr4	+	11471190	11472036	-1.14362296153119	0.999999979788073	NS	-5.06053761964319	0.000284066273829037	DOWN
DOWN	dnf2_only	medtr.A17.gnm5.ann1_6.MtrunA17Chr7g0224321	MtrunA17Chr7g0224321	MtNCR287	Nodule-specific Cysteine-Rich peptide	medtr.A17.gnm5.MtrunA17Chr7	-	9538365	9539983	-0.197234513556963	0.999999979788073	NS	-5.05156519378534	6.97543533855878e-06	DOWN
DOWN	dnf2_only	medtr.A17.gnm5.ann1_6.MtrunA17Chr4g0024011	MtrunA17Chr4g0024011			medtr.A17.gnm5.MtrunA17Chr4	+	24574231	24574744	-0.105650405150656	0.999999979788073	NS	-5.03806884721131	0.00392269314388733	DOWN
DOWN	dnf2_only	medtr.A17.gnm5.ann1_6.MtrunA17Chr6g0475821	MtrunA17Chr6g0475821	MtNCR250	Nodule-specific Cysteine-Rich peptide	medtr.A17.gnm5.MtrunA17Chr6	+	30449400	30450120	-0.770315355395655	0.999999979788073	NS	-5.02187549108383	3.4274350359378e-06	DOWN
DOWN	dnf2_only	medtr.A17.gnm5.ann1_6.MtrunA17Chr4g0050981	MtrunA17Chr4g0050981			medtr.A17.gnm5.MtrunA17Chr4	-	45717451	45719665	-1.33677470650598	0.697567899997318	NS	-5.01174605560731	3.01442896259702e-05	DOWN
DOWN	dnf2_only	medtr.A17.gnm5.ann1_6.MtrunA17Chr1g0175391	MtrunA17Chr1g0175391			medtr.A17.gnm5.MtrunA17Chr1	-	26806306	26810075	-2.05103352056912	0.105526470891244	NS	-5.0071071845406	4.46035994306783e-05	DOWN
DOWN	dnf2_only	medtr.A17.gnm5.ann1_6.MtrunA17Chr5g0413231	MtrunA17Chr5g0413231			medtr.A17.gnm5.MtrunA17Chr5	-	14488632	14492072	-0.801132886222567	0.999999979788073	NS	-4.99764571112504	0.000222057347201996	DOWN
DOWN	dnf2_only	medtr.A17.gnm5.ann1_6.MtrunA17Chr3g0102031	MtrunA17Chr3g0102031	MtNCR-new17	Nodule-specific Cysteine-Rich peptide	medtr.A17.gnm5.MtrunA17Chr3	+	26511741	26515605	-0.754574493749185	0.999999979788073	NS	-4.99605427810752	6.31368374731679e-05	DOWN
DOWN	dnf2_only	medtr.A17.gnm5.ann1_6.MtrunA17Chr6g0462461	MtrunA17Chr6g0462461			medtr.A17.gnm5.MtrunA17Chr6	+	11496686	11498022	-0.601933340453449	0.999999979788073	NS	-4.97284266412706	7.08624130338781e-05	DOWN
DOWN	dnf2_only	medtr.A17.gnm5.ann1_6.MtrunA17Chr7g0240711	MtrunA17Chr7g0240711			medtr.A17.gnm5.MtrunA17Chr7	+	30422113	30430120	-0.667281007160585	0.999999979788073	NS	-4.94085787226727	6.81713782626274e-07	DOWN
DOWN	dnf2_only	medtr.A17.gnm5.ann1_6.MtrunA17Chr5g0417091	MtrunA17Chr5g0417091			medtr.A17.gnm5.MtrunA17Chr5	-	17729591	17736766	-0.246368781385359	0.999999979788073	NS	-4.94024463692446	0.00468549476535849	DOWN
DOWN	dnf2_only	medtr.A17.gnm5.ann1_6.MtrunA17Chr3g0129181	MtrunA17Chr3g0129181			medtr.A17.gnm5.MtrunA17Chr3	-	46745068	46745420	-1.15278306766796	0.999999979788073	NS	-4.93420411409169	0.000262577969129368	DOWN
DOWN	dnf2_only	medtr.A17.gnm5.ann1_6.MtrunA17Chr8g0349101	MtrunA17Chr8g0349101			medtr.A17.gnm5.MtrunA17Chr8	+	11665931	11666936	1.09624302085257	0.999999979788073	NS	-4.92648824336532	0.000571679301786681	DOWN
DOWN	dnf2_only	medtr.A17.gnm5.ann1_6.MtrunA17Chr1g0201791	MtrunA17Chr1g0201791			medtr.A17.gnm5.MtrunA17Chr1	+	48089282	48091725	-0.452150994935657	0.999999979788073	NS	-4.92599559480074	0.014984422426615	DOWN
DOWN	dnf2_only	medtr.A17.gnm5.ann1_6.MtrunA17Chr5g0409771	MtrunA17Chr5g0409771			medtr.A17.gnm5.MtrunA17Chr5	-	11472737	11475956	1.70658734729317	0.330359996856362	NS	-4.90677526790764	0.000212605853449703	DOWN
DOWN	dnf2_only	medtr.A17.gnm5.ann1_6.MtrunA17Chr2g0301471	MtrunA17Chr2g0301471			medtr.A17.gnm5.MtrunA17Chr2	+	19226174	19232004	-1.99300960300158	0.218793005221596	NS	-4.89697771478087	0.000356819972700656	DOWN
DOWN	dnf2_only	medtr.A17.gnm5.ann1_6.MtrunA17Chr4g0033211	MtrunA17Chr4g0033211			medtr.A17.gnm5.MtrunA17Chr4	-	33141053	33145914	0.0136052063191273	0.999999979788073	NS	-4.88986071259997	0.00204007396799025	DOWN
DOWN	dnf2_only	medtr.A17.gnm5.ann1_6.MtrunA17Chr7g0214881	MtrunA17Chr7g0214881			medtr.A17.gnm5.MtrunA17Chr7	+	1099917	1102702	-0.0273863862821532	0.999999979788073	NS	-4.87944108105229	1.85602655796198e-06	DOWN
DOWN	dnf2_only	medtr.A17.gnm5.ann1_6.MtrunA17Chr6g0485211	MtrunA17Chr6g0485211			medtr.A17.gnm5.MtrunA17Chr6	+	39730426	39731050	-2.21301747774268	0.128031327657509	NS	-4.87163249084792	0.000143296901711854	DOWN
DOWN	dnf2_only	medtr.A17.gnm5.ann1_6.MtrunA17Chr6g0475781	MtrunA17Chr6g0475781			medtr.A17.gnm5.MtrunA17Chr6	+	30386203	30387155	-0.269497444228425	0.999999979788073	NS	-4.85517607965902	0.000330051169931301	DOWN
DOWN	dnf2_only	medtr.A17.gnm5.ann1_6.MtrunA17Chr7g0240741	MtrunA17Chr7g0240741			medtr.A17.gnm5.MtrunA17Chr7	+	30443944	30445430	0.157959806929327	0.999999979788073	NS	-4.84928603092939	2.20810884632537e-05	DOWN
DOWN	dnf2_only	medtr.A17.gnm5.ann1_6.MtrunA17Chr1g0149131	MtrunA17Chr1g0149131			medtr.A17.gnm5.MtrunA17Chr1	+	2408974	2409573	0.0432714036901771	0.999999979788073	NS	-4.84773052318021	0.00561887145010103	DOWN
DOWN	dnf2_only	medtr.A17.gnm5.ann1_6.MtrunA17Chr3g0104891	MtrunA17Chr3g0104891			medtr.A17.gnm5.MtrunA17Chr3	-	28941681	28941995	-0.263569667171649	0.999999979788073	NS	-4.84228501867671	0.0171629319669786	DOWN
DOWN	dnf2_only	medtr.A17.gnm5.ann1_6.MtrunA17Chr1g0200041	MtrunA17Chr1g0200041			medtr.A17.gnm5.MtrunA17Chr1	+	46679093	46680013	-1.45438162318139	0.734535476465293	NS	-4.83641764195012	0.00074796989420513	DOWN
DOWN	dnf2_only	medtr.A17.gnm5.ann1_6.MtrunA17Chr3g0102021	MtrunA17Chr3g0102021			medtr.A17.gnm5.MtrunA17Chr3	-	26506564	26514331	-0.797556737988105	0.999999979788073	NS	-4.8212965226142	2.98679772869621e-05	DOWN
DOWN	dnf2_only	medtr.A17.gnm5.ann1_6.MtrunA17Chr1g0206021	MtrunA17Chr1g0206021			medtr.A17.gnm5.MtrunA17Chr1	+	51144817	51146505	0.758664609642407	0.999999979788073	NS	-4.80682783709151	0.00721361740127418	DOWN
DOWN	dnf2_only	medtr.A17.gnm5.ann1_6.MtrunA17Chr4g0022471	MtrunA17Chr4g0022471			medtr.A17.gnm5.MtrunA17Chr4	+	22177980	22181134	-0.13509144631038	0.999999979788073	NS	-4.80615908450362	8.06645422613137e-06	DOWN
DOWN	dnf2_only	medtr.A17.gnm5.ann1_6.MtrunA17Chr5g0425531	MtrunA17Chr5g0425531			medtr.A17.gnm5.MtrunA17Chr5	+	27508153	27513572	0.698525987597544	0.999999979788073	NS	-4.7953912057725	0.0107677870365911	DOWN
DOWN	dnf2_only	medtr.A17.gnm5.ann1_6.MtrunA17Chr8g0353061	MtrunA17Chr8g0353061			medtr.A17.gnm5.MtrunA17Chr8	+	14822164	14823083	-1.14359569640572	0.999999979788073	NS	-4.78952983857055	0.000909215910235078	DOWN
DOWN	dnf2_only	medtr.A17.gnm5.ann1_6.MtrunA17Chr1g0169961	MtrunA17Chr1g0169961	MtHAC1	histone acetyltransferase 1	medtr.A17.gnm5.MtrunA17Chr1	+	18613574	18620343	-0.179182723903584	0.999999979788073	NS	-4.78883937685619	1.18234773858568e-06	DOWN
DOWN	dnf2_only	medtr.A17.gnm5.ann1_6.MtrunA17Chr1g0173211	MtrunA17Chr1g0173211			medtr.A17.gnm5.MtrunA17Chr1	+	22593089	22596073	-0.653354226197489	0.999999979788073	NS	-4.77556252489997	5.56201101472736e-05	DOWN
DOWN	dnf2_only	medtr.A17.gnm5.ann1_6.MtrunA17Chr1g0169721	MtrunA17Chr1g0169721	MtNCR531	Nodule-specific Cysteine-Rich peptide	medtr.A17.gnm5.MtrunA17Chr1	-	18359794	18360309	-0.150083283709438	0.999999979788073	NS	-4.76638485373689	1.16471335217244e-05	DOWN
DOWN	dnf2_only	medtr.A17.gnm5.ann1_6.MtrunA17Chr2g0301531	MtrunA17Chr2g0301531			medtr.A17.gnm5.MtrunA17Chr2	+	19277348	19280240	0.493279167028319	0.999999979788073	NS	-4.76517657297264	0.0127027444489553	DOWN
DOWN	dnf2_only	medtr.A17.gnm5.ann1_6.MtrunA17Chr4g0062771	MtrunA17Chr4g0062771	MtBG44	beta-1,3-Glucanase 44	medtr.A17.gnm5.MtrunA17Chr4	+	54462654	54464801	-1.29675091159359	0.991839751929122	NS	-4.7571699469153	0.00213059341252183	DOWN
DOWN	dnf2_only	medtr.A17.gnm5.ann1_6.MtrunA17Chr2g0303811	MtrunA17Chr2g0303811			medtr.A17.gnm5.MtrunA17Chr2	+	21589710	21591816	-0.26145741341242	0.999999979788073	NS	-4.751538119802	0.00118425960269134	DOWN
DOWN	dnf2_only	medtr.A17.gnm5.ann1_6.MtrunA17Chr6g0467111	MtrunA17Chr6g0467111	MtGLV1|MtRGF6	Golven/ Root Growth Factor|Root Meristem Growth Factor (peptide)	medtr.A17.gnm5.MtrunA17Chr6	+	16010870	16012170	0.87052446796005	0.999999979788073	NS	-4.75031190600292	1.13197692475599e-05	DOWN
DOWN	dnf2_only	medtr.A17.gnm5.ann1_6.MtrunA17Chr1g0167571	MtrunA17Chr1g0167571			medtr.A17.gnm5.MtrunA17Chr1	+	16469871	16471340	-0.80165173446145	0.999999979788073	NS	-4.72378066654096	8.94596800302475e-06	DOWN
DOWN	dnf2_only	medtr.A17.gnm5.ann1_6.MtrunA17Chr7g0249141	MtrunA17Chr7g0249141	MtPIN9	PIN-FORMED auxin efflux carrier component	medtr.A17.gnm5.MtrunA17Chr7	+	37043339	37046168	0.377210197265555	0.999999979788073	NS	-4.71866379096763	1.46999515422328e-05	DOWN
DOWN	dnf2_only	medtr.A17.gnm5.ann1_6.MtrunA17Chr3g0140921	MtrunA17Chr3g0140921			medtr.A17.gnm5.MtrunA17Chr3	-	55279312	55280445	1.20371247724326	0.905224845872483	NS	-4.70959250276274	2.61728210865403e-05	DOWN
DOWN	dnf2_only	medtr.A17.gnm5.ann1_6.MtrunA17Chr2g0309421	MtrunA17Chr2g0309421			medtr.A17.gnm5.MtrunA17Chr2	-	32162625	32165400	-0.372049140485498	0.999999979788073	NS	-4.70582969952393	0.000551627758094878	DOWN
DOWN	dnf2_only	medtr.A17.gnm5.ann1_6.MtrunA17Chr4g0029891	MtrunA17Chr4g0029891			medtr.A17.gnm5.MtrunA17Chr4	-	30549856	30550997	-1.73946997525267	0.255377480782494	NS	-4.69921906901164	7.08624130338781e-05	DOWN
DOWN	dnf2_only	medtr.A17.gnm5.ann1_6.MtrunA17Chr3g0102061	MtrunA17Chr3g0102061			medtr.A17.gnm5.MtrunA17Chr3	+	26534838	26535539	-0.635019589417733	0.999999979788073	NS	-4.68230362494173	0.000128263005253665	DOWN
DOWN	dnf2_only	medtr.A17.gnm5.ann1_6.MtrunA17Chr2g0309001	MtrunA17Chr2g0309001			medtr.A17.gnm5.MtrunA17Chr2	+	31808668	31811569	-0.914519237558876	0.999999979788073	NS	-4.67023032368495	0.00948613914203784	DOWN
DOWN	dnf2_only	medtr.A17.gnm5.ann1_6.MtrunA17Chr3g0107801	MtrunA17Chr3g0107801			medtr.A17.gnm5.MtrunA17Chr3	-	31290131	31290809	-1.18584238249802	0.999999979788073	NS	-4.66476092797004	0.00590980822296822	DOWN
DOWN	dnf2_only	medtr.A17.gnm5.ann1_6.MtrunA17Chr7g0220631	MtrunA17Chr7g0220631			medtr.A17.gnm5.MtrunA17Chr7	-	6074601	6075489	-0.192877892686203	0.999999979788073	NS	-4.66000236302309	0.000292081159243942	DOWN
DOWN	dnf2_only	medtr.A17.gnm5.ann1_6.MtrunA17Chr5g0396351	MtrunA17Chr5g0396351			medtr.A17.gnm5.MtrunA17Chr5	-	1973903	1976612	0.0641062658314164	0.999999979788073	NS	-4.64928241558002	0.000239002074640919	DOWN
DOWN	dnf2_only	medtr.A17.gnm5.ann1_6.MtrunA17Chr3g0110511	MtrunA17Chr3g0110511			medtr.A17.gnm5.MtrunA17Chr3	+	33154164	33155447	0.399645325164673	0.999999979788073	NS	-4.64588647145123	6.83500074087697e-06	DOWN
DOWN	dnf2_only	medtr.A17.gnm5.ann1_6.MtrunA17Chr5g0415771	MtrunA17Chr5g0415771	TRX	Thioredoxin	medtr.A17.gnm5.MtrunA17Chr5	-	16489060	16490497	0.0659230608252675	0.999999979788073	NS	-4.64275271305267	6.73224518737439e-06	DOWN
DOWN	dnf2_only	medtr.A17.gnm5.ann1_6.MtrunA17Chr6g0464731	MtrunA17Chr6g0464731			medtr.A17.gnm5.MtrunA17Chr6	+	13987252	13988142	-0.0551880257696714	0.999999979788073	NS	-4.63437523631065	0.0189671325639489	DOWN
DOWN	dnf2_only	medtr.A17.gnm5.ann1_6.MtrunA17Chr7g0243591	MtrunA17Chr7g0243591			medtr.A17.gnm5.MtrunA17Chr7	-	32837755	32842039	-0.97308250883702	0.999999979788073	NS	-4.63378137058187	1.19672652882432e-05	DOWN
DOWN	dnf2_only	medtr.A17.gnm5.ann1_6.MtrunA17Chr1g0174711	MtrunA17Chr1g0174711			medtr.A17.gnm5.MtrunA17Chr1	+	25940409	25948056	0.0419320308100734	0.999999979788073	NS	-4.62668850080165	2.3835748789439e-06	DOWN
DOWN	dnf2_only	medtr.A17.gnm5.ann1_6.MtrunA17Chr3g0103071	MtrunA17Chr3g0103071			medtr.A17.gnm5.MtrunA17Chr3	+	27502315	27504390	1.6985821918607	0.154257713342498	NS	-4.62077400038858	8.54631983635061e-05	DOWN
DOWN	dnf2_only	medtr.A17.gnm5.ann1_6.MtrunA17Chr3g0087951	MtrunA17Chr3g0087951	MtNCR245	Nodule-specific Cysteine-Rich peptide	medtr.A17.gnm5.MtrunA17Chr3	-	9490334	9491838	-0.726402544065949	0.999999979788073	NS	-4.61934799888679	2.3835748789439e-06	DOWN
DOWN	dnf2_only	medtr.A17.gnm5.ann1_6.MtrunA17Chr8g0347121	MtrunA17Chr8g0347121	MtCNGCIa	cyclic nucleotide-gated channel	medtr.A17.gnm5.MtrunA17Chr8	-	10093935	10099209	-1.20271090458248	0.994901247731823	NS	-4.61780488309066	0.000181263375321929	DOWN
DOWN	dnf2_only	medtr.A17.gnm5.ann1_6.MtrunA17Chr3g0078201	MtrunA17Chr3g0078201			medtr.A17.gnm5.MtrunA17Chr3	-	815105	816520	-0.619859767791636	0.999999979788073	NS	-4.60905499548361	3.2829020462462e-06	DOWN
DOWN	dnf2_only	medtr.A17.gnm5.ann1_6.MtrunA17Chr5g0431111	MtrunA17Chr5g0431111	MtNCR447	Nodule-specific Cysteine-Rich peptide	medtr.A17.gnm5.MtrunA17Chr5	+	32094023	32095076	-0.268743710223668	0.999999979788073	NS	-4.60863215781647	5.42267036105914e-06	DOWN
DOWN	dnf2_only	medtr.A17.gnm5.ann1_6.MtrunA17Chr7g0216301	MtrunA17Chr7g0216301			medtr.A17.gnm5.MtrunA17Chr7	-	2019854	2019969	0.114584371672142	0.999999979788073	NS	-4.59428148675392	1.06005613051641e-05	DOWN
DOWN	dnf2_only	medtr.A17.gnm5.ann1_6.MtrunA17Chr4g0022201	MtrunA17Chr4g0022201			medtr.A17.gnm5.MtrunA17Chr4	-	21642189	21645463	-0.449200946804629	0.999999979788073	NS	-4.57809796350692	0.0130952867992303	DOWN
DOWN	dnf2_only	medtr.A17.gnm5.ann1_6.MtrunA17Chr4g0059121	MtrunA17Chr4g0059121			medtr.A17.gnm5.MtrunA17Chr4	-	51903838	51906439	-0.832980562383271	0.999999979788073	NS	-4.57605425920554	0.00434034301293883	DOWN
DOWN	dnf2_only	medtr.A17.gnm5.ann1_6.MtrunA17Chr4g0060721	MtrunA17Chr4g0060721	MtMYB006	Myeloblastosis (MYB) transcription factor 6	medtr.A17.gnm5.MtrunA17Chr4	+	53004076	53006522	0.506647638932621	0.999999979788073	NS	-4.57276393632726	5.99286579779228e-05	DOWN
DOWN	dnf2_only	medtr.A17.gnm5.ann1_6.MtrunA17Chr4g0006321	MtrunA17Chr4g0006321			medtr.A17.gnm5.MtrunA17Chr4	+	5015880	5016642	0.464993638008867	0.999999979788073	NS	-4.57231438566829	6.40172093171794e-05	DOWN
DOWN	dnf2_only	medtr.A17.gnm5.ann1_6.MtrunA17Chr1g0167581	MtrunA17Chr1g0167581			medtr.A17.gnm5.MtrunA17Chr1	-	16470432	16470994	-0.797891873986124	0.999999979788073	NS	-4.55556989138214	7.08624130338781e-05	DOWN
DOWN	dnf2_only	medtr.A17.gnm5.ann1_6.MtrunA17Chr7g0243321	MtrunA17Chr7g0243321	MtNCR021	Nodule-specific Cysteine-Rich peptide	medtr.A17.gnm5.MtrunA17Chr7	+	32608347	32609040	-0.401488047590869	0.999999979788073	NS	-4.54894463911605	0.00106927502551693	DOWN
DOWN	dnf2_only	medtr.A17.gnm5.ann1_6.MtrunA17Chr8g0358221	MtrunA17Chr8g0358221	MtNCR731	Nodule-specific Cysteine-Rich peptide	medtr.A17.gnm5.MtrunA17Chr8	-	20374223	20375608	-0.548099287300396	0.999999979788073	NS	-4.54657829343594	0.000320610548330993	DOWN
DOWN	dnf2_only	medtr.A17.gnm5.ann1_6.MtrunA17Chr8g0357521	MtrunA17Chr8g0357521			medtr.A17.gnm5.MtrunA17Chr8	-	19503646	19506996	0.323210060561049	0.999999979788073	NS	-4.54285924955693	3.20271139687923e-07	DOWN
DOWN	dnf2_only	medtr.A17.gnm5.ann1_6.MtrunA17Chr5g0403831	MtrunA17Chr5g0403831	MtPMT3_1|MtPLT3.3	polyol/monosaccharide transporter	medtr.A17.gnm5.MtrunA17Chr5	+	7558361	7561276	-1.01298601705962	0.999999979788073	NS	-4.54267702734485	7.73496023034009e-05	DOWN
DOWN	dnf2_only	medtr.A17.gnm5.ann1_6.MtrunA17Chr1g0195391	MtrunA17Chr1g0195391			medtr.A17.gnm5.MtrunA17Chr1	-	43333324	43335051	-0.699565767629015	0.999999979788073	NS	-4.53493223935223	5.70502956064162e-07	DOWN
DOWN	dnf2_only	medtr.A17.gnm5.ann1_6.MtrunA17Chr8g0362111	MtrunA17Chr8g0362111			medtr.A17.gnm5.MtrunA17Chr8	-	26689801	26690116	-0.359565229158447	0.999999979788073	NS	-4.53219804748759	1.04408695075934e-05	DOWN
DOWN	dnf2_only	medtr.A17.gnm5.ann1_6.MtrunA17Chr4g0029871	MtrunA17Chr4g0029871			medtr.A17.gnm5.MtrunA17Chr4	+	30541378	30543690	-0.576697575780966	0.999999979788073	NS	-4.53031419628907	4.80786711931319e-05	DOWN
DOWN	dnf2_only	medtr.A17.gnm5.ann1_6.MtrunA17Chr4g0029981	MtrunA17Chr4g0029981			medtr.A17.gnm5.MtrunA17Chr4	+	30622296	30625961	0.647947614908088	0.999999979788073	NS	-4.52978530624443	0.000437712770876298	DOWN
DOWN	dnf2_only	medtr.A17.gnm5.ann1_6.MtrunA17Chr7g0224911	MtrunA17Chr7g0224911	MtNCR699	Nodule-specific Cysteine-Rich peptide	medtr.A17.gnm5.MtrunA17Chr7	-	10214009	10217239	0.0675654931730143	0.999999979788073	NS	-4.52888120058106	4.22397315895648e-06	DOWN
DOWN	dnf2_only	medtr.A17.gnm5.ann1_6.MtrunA17Chr1g0174701	MtrunA17Chr1g0174701			medtr.A17.gnm5.MtrunA17Chr1	-	25940122	25949663	-0.0434053915270092	0.999999979788073	NS	-4.52663701039151	2.3835748789439e-06	DOWN
DOWN	dnf2_only	medtr.A17.gnm5.ann1_6.MtrunA17Chr1g0174981	MtrunA17Chr1g0174981			medtr.A17.gnm5.MtrunA17Chr1	-	26298502	26299089	-1.61834000088684	0.395029290284894	NS	-4.51832093688748	0.000114949389940013	DOWN
DOWN	dnf2_only	medtr.A17.gnm5.ann1_6.MtrunA17Chr4g0020391	MtrunA17Chr4g0020391			medtr.A17.gnm5.MtrunA17Chr4	+	16374881	16376556	-0.325676331371146	0.999999979788073	NS	-4.51026060573025	1.2537886008855e-05	DOWN
DOWN	dnf2_only	medtr.A17.gnm5.ann1_6.MtrunA17Chr7g0244201	MtrunA17Chr7g0244201			medtr.A17.gnm5.MtrunA17Chr7	+	33369851	33372275	-0.417120602659616	0.999999979788073	NS	-4.49560464844731	9.12220730254965e-07	DOWN
DOWN	dnf2_only	medtr.A17.gnm5.ann1_6.MtrunA17Chr3g0101821	MtrunA17Chr3g0101821	MtCYP71D428	Cytochrome P450 monooxygenase	medtr.A17.gnm5.MtrunA17Chr3	-	26359389	26361255	-0.620947432510359	0.999999979788073	NS	-4.48619144554904	0.000352937326763211	DOWN
DOWN	dnf2_only	medtr.A17.gnm5.ann1_6.MtrunA17Chr8g0376801	MtrunA17Chr8g0376801			medtr.A17.gnm5.MtrunA17Chr8	+	38299174	38299479	0.711082112266181	0.999999979788073	NS	-4.48363928200986	0.0234030426971315	DOWN
DOWN	dnf2_only	medtr.A17.gnm5.ann1_6.MtrunA17Chr7g0216291	MtrunA17Chr7g0216291			medtr.A17.gnm5.MtrunA17Chr7	-	2016699	2019024	-0.12057612532448	0.999999979788073	NS	-4.48167787252465	0.000113165724391812	DOWN
DOWN	dnf2_only	medtr.A17.gnm5.ann1_6.MtrunA17Chr8g0367861	MtrunA17Chr8g0367861	MtNCR463	Nodule-specific Cysteine-Rich peptide	medtr.A17.gnm5.MtrunA17Chr8	+	31451839	31453663	-0.47251135590358	0.999999979788073	NS	-4.48043656724125	4.12973473854558e-06	DOWN
DOWN	dnf2_only	medtr.A17.gnm5.ann1_6.MtrunA17Chr3g0125631	MtrunA17Chr3g0125631			medtr.A17.gnm5.MtrunA17Chr3	+	44124361	44126246	0.611448784719369	0.999999979788073	NS	-4.47888451821516	0.011416430060401	DOWN
DOWN	dnf2_only	medtr.A17.gnm5.ann1_6.MtrunA17Chr6g0484241	MtrunA17Chr6g0484241			medtr.A17.gnm5.MtrunA17Chr6	-	38766632	38782400	0.436684989178102	0.999999979788073	NS	-4.47801614087861	2.1469191264747e-06	DOWN
DOWN	dnf2_only	medtr.A17.gnm5.ann1_6.MtrunA17Chr4g0020411	MtrunA17Chr4g0020411			medtr.A17.gnm5.MtrunA17Chr4	+	16376559	16380778	0.0795430067724714	0.999999979788073	NS	-4.46464918313527	7.45229059082891e-06	DOWN
DOWN	dnf2_only	medtr.A17.gnm5.ann1_6.MtrunA17Chr7g0239521	MtrunA17Chr7g0239521			medtr.A17.gnm5.MtrunA17Chr7	-	29560108	29561375	-0.174038919889961	0.999999979788073	NS	-4.46173523997228	0.00191825880154953	DOWN
DOWN	dnf2_only	medtr.A17.gnm5.ann1_6.MtrunA17Chr2g0310001	MtrunA17Chr2g0310001			medtr.A17.gnm5.MtrunA17Chr2	+	32898989	32901030	0.0646864574749564	0.999999979788073	NS	-4.4523929216288	6.75732264013787e-06	DOWN
DOWN	dnf2_only	medtr.A17.gnm5.ann1_6.MtrunA17Chr3g0122201	MtrunA17Chr3g0122201	MtNCR193	Nodule-specific Cysteine-Rich peptide	medtr.A17.gnm5.MtrunA17Chr3	-	41806261	41807409	-0.664363800135422	0.999999979788073	NS	-4.44097448927554	4.46035994306783e-05	DOWN
DOWN	dnf2_only	medtr.A17.gnm5.ann1_6.MtrunA17Chr3g0081501	MtrunA17Chr3g0081501			medtr.A17.gnm5.MtrunA17Chr3	+	3441833	3444526	-0.603573171748363	0.999999979788073	NS	-4.43681775342352	8.49918652746009e-05	DOWN
DOWN	dnf2_only	medtr.A17.gnm5.ann1_6.MtrunA17Chr6g0475431	MtrunA17Chr6g0475431	MtNCR495	Nodule-specific Cysteine-Rich peptide	medtr.A17.gnm5.MtrunA17Chr6	-	29686257	29687477	-0.215217857075653	0.999999979788073	NS	-4.43235226276694	0.000560297556156395	DOWN
DOWN	dnf2_only	medtr.A17.gnm5.ann1_6.MtrunA17Chr5g0406671	MtrunA17Chr5g0406671			medtr.A17.gnm5.MtrunA17Chr5	-	9436086	9438773	-2.30794548816262	0.157157797539228	NS	-4.43081982228905	0.00109673434513802	DOWN
DOWN	dnf2_only	medtr.A17.gnm5.ann1_6.MtrunA17Chr7g0251351	MtrunA17Chr7g0251351			medtr.A17.gnm5.MtrunA17Chr7	+	38526010	38533772	0.427674451254562	0.999999979788073	NS	-4.43062514891946	0.0351434931684154	DOWN
DOWN	dnf2_only	medtr.A17.gnm5.ann1_6.MtrunA17Chr1g0173951	MtrunA17Chr1g0173951			medtr.A17.gnm5.MtrunA17Chr1	-	24563618	24565466	-0.505179621805274	0.999999979788073	NS	-4.42541052849328	0.00272882579002095	DOWN
DOWN	dnf2_only	medtr.A17.gnm5.ann1_6.MtrunA17Chr4g0009331	MtrunA17Chr4g0009331			medtr.A17.gnm5.MtrunA17Chr4	+	7299766	7303512	-0.136035246054649	0.999999979788073	NS	-4.42477536792734	0.0057779791713269	DOWN
DOWN	dnf2_only	medtr.A17.gnm5.ann1_6.MtrunA17Chr4g0007871	MtrunA17Chr4g0007871			medtr.A17.gnm5.MtrunA17Chr4	+	6120404	6121105	0.299299013784779	0.999999979788073	NS	-4.41717742124876	0.0134306634524011	DOWN
DOWN	dnf2_only	medtr.A17.gnm5.ann1_6.MtrunA17Chr7g0216011	MtrunA17Chr7g0216011			medtr.A17.gnm5.MtrunA17Chr7	+	1912994	1919061	-0.712783448958701	0.999999979788073	NS	-4.41705185713391	0.000435900470664018	DOWN
DOWN	dnf2_only	medtr.A17.gnm5.ann1_6.MtrunA17Chr7g0243641	MtrunA17Chr7g0243641			medtr.A17.gnm5.MtrunA17Chr7	-	32886399	32888079	-0.730085897473632	0.999999979788073	NS	-4.41369730232586	1.6602928942149e-05	DOWN
DOWN	dnf2_only	medtr.A17.gnm5.ann1_6.MtrunA17Chr4g0024311	MtrunA17Chr4g0024311			medtr.A17.gnm5.MtrunA17Chr4	-	24944053	24944932	-1.24567510404894	0.947520799606915	NS	-4.40877316826149	0.000422645175996335	DOWN
DOWN	dnf2_only	medtr.A17.gnm5.ann1_6.MtrunA17Chr4g0031361	MtrunA17Chr4g0031361			medtr.A17.gnm5.MtrunA17Chr4	+	31769768	31770610	-0.444955176969487	0.999999979788073	NS	-4.40544482900454	0.014674433026112	DOWN
DOWN	dnf2_only	medtr.A17.gnm5.ann1_6.MtrunA17Chr4g0027291	MtrunA17Chr4g0027291			medtr.A17.gnm5.MtrunA17Chr4	-	28362290	28363078	0.488561455596435	0.999999979788073	NS	-4.40521409306406	0.000194544800495723	DOWN
DOWN	dnf2_only	medtr.A17.gnm5.ann1_6.MtrunA17Chr8g0358341	MtrunA17Chr8g0358341			medtr.A17.gnm5.MtrunA17Chr8	-	20522286	20522881	0.686520844745334	0.999999979788073	NS	-4.3977548382536	0.00643076118833339	DOWN
DOWN	dnf2_only	medtr.A17.gnm5.ann1_6.MtrunA17Chr4g0007751	MtrunA17Chr4g0007751			medtr.A17.gnm5.MtrunA17Chr4	-	6059910	6060206	-0.4072990108254	0.999999979788073	NS	-4.39534220617632	0.000126583747899024	DOWN
DOWN	dnf2_only	medtr.A17.gnm5.ann1_6.MtrunA17Chr7g0233961	MtrunA17Chr7g0233961	MtNCR034	Nodule-specific Cysteine-Rich peptide	medtr.A17.gnm5.MtrunA17Chr7	-	24430975	24432960	-0.0339859126095403	0.999999979788073	NS	-4.39244265399059	8.06645422613137e-06	DOWN
DOWN	dnf2_only	medtr.A17.gnm5.ann1_6.MtrunA17Chr3g0106331	MtrunA17Chr3g0106331	MtNCR133	Nodule-specific Cysteine-Rich peptide	medtr.A17.gnm5.MtrunA17Chr3	+	30128174	30129011	-0.352771977701683	0.999999979788073	NS	-4.38941499883261	5.05452743911708e-05	DOWN
DOWN	dnf2_only	medtr.A17.gnm5.ann1_6.MtrunA17Chr7g0243651	MtrunA17Chr7g0243651			medtr.A17.gnm5.MtrunA17Chr7	+	32887524	32887748	-1.20612477062036	0.930888773276394	NS	-4.38524673282742	5.83586002709163e-05	DOWN
DOWN	dnf2_only	medtr.A17.gnm5.ann1_6.MtrunA17Chr3g0110851	MtrunA17Chr3g0110851			medtr.A17.gnm5.MtrunA17Chr3	+	33283456	33284639	-0.740550846230742	0.999999979788073	NS	-4.38236337931662	2.98679772869621e-05	DOWN
DOWN	dnf2_only	medtr.A17.gnm5.ann1_6.MtrunA17Chr8g0370911	MtrunA17Chr8g0370911			medtr.A17.gnm5.MtrunA17Chr8	-	33969684	33972523	-0.479682806626327	0.999999979788073	NS	-4.37813557000825	3.19498091163718e-05	DOWN
DOWN	dnf2_only	medtr.A17.gnm5.ann1_6.MtrunA17Chr7g0226371	MtrunA17Chr7g0226371			medtr.A17.gnm5.MtrunA17Chr7	-	11470244	11472701	-0.490990198810845	0.999999979788073	NS	-4.37423557514441	6.42983422165387e-05	DOWN
DOWN	dnf2_only	medtr.A17.gnm5.ann1_6.MtrunA17Chr1g0154421	MtrunA17Chr1g0154421			medtr.A17.gnm5.MtrunA17Chr1	-	6634446	6637074	-1.04512135421371	0.999999979788073	NS	-4.35864747314108	2.10141792446814e-07	DOWN
DOWN	dnf2_only	medtr.A17.gnm5.ann1_6.MtrunA17Chr3g0107821	MtrunA17Chr3g0107821			medtr.A17.gnm5.MtrunA17Chr3	-	31294969	31296780	-1.07725677669088	0.999999979788073	NS	-4.34475338228293	3.21879644667972e-05	DOWN
DOWN	dnf2_only	medtr.A17.gnm5.ann1_6.MtrunA17Chr4g0058581	MtrunA17Chr4g0058581			medtr.A17.gnm5.MtrunA17Chr4	+	51508710	51511172	-0.739191886625676	0.999999979788073	NS	-4.34319715832413	0.00140809807375542	DOWN
DOWN	dnf2_only	medtr.A17.gnm5.ann1_6.MtrunA17Chr5g0438451	MtrunA17Chr5g0438451			medtr.A17.gnm5.MtrunA17Chr5	-	37629495	37630911	-1.4915129760836	0.536243384991317	NS	-4.34189780859046	0.000148976879905509	DOWN
DOWN	dnf2_only	medtr.A17.gnm5.ann1_6.MtrunA17Chr6g0463021	MtrunA17Chr6g0463021			medtr.A17.gnm5.MtrunA17Chr6	-	12031295	12032125	0.191493735968167	0.999999979788073	NS	-4.32812759761895	0.00525855557052887	DOWN
DOWN	dnf2_only	medtr.A17.gnm5.ann1_6.MtrunA17Chr2g0299041	MtrunA17Chr2g0299041			medtr.A17.gnm5.MtrunA17Chr2	-	16980376	16986960	1.79011184805518	0.203739401658696	NS	-4.32651250832573	0.00100688374472796	DOWN
DOWN	dnf2_only	medtr.A17.gnm5.ann1_6.MtrunA17Chr7g0242031	MtrunA17Chr7g0242031			medtr.A17.gnm5.MtrunA17Chr7	+	31610809	31614987	-0.0142886151605761	0.999999979788073	NS	-4.32102851800648	3.96860748049103e-05	DOWN
DOWN	dnf2_only	medtr.A17.gnm5.ann1_6.MtrunA17Chr6g0453961	MtrunA17Chr6g0453961			medtr.A17.gnm5.MtrunA17Chr6	+	4199179	4206035	-1.08722086693403	0.999999979788073	NS	-4.31415019796291	3.16870003175687e-05	DOWN
DOWN	dnf2_only	medtr.A17.gnm5.ann1_6.MtrunA17Chr3g0136201	MtrunA17Chr3g0136201			medtr.A17.gnm5.MtrunA17Chr3	+	51847718	51849314	-1.9417378539853	0.194167684040314	NS	-4.30627420041815	0.000207300480874863	DOWN
DOWN	dnf2_only	medtr.A17.gnm5.ann1_6.MtrunA17Chr2g0309011	MtrunA17Chr2g0309011			medtr.A17.gnm5.MtrunA17Chr2	+	31811571	31813692	-1.25310433211746	0.999999979788073	NS	-4.29796264594882	0.0105659637842241	DOWN
DOWN	dnf2_only	medtr.A17.gnm5.ann1_6.MtrunA17Chr8g0338951	MtrunA17Chr8g0338951			medtr.A17.gnm5.MtrunA17Chr8	-	3255688	3257598	-0.595583881876722	0.999999979788073	NS	-4.29131043196196	0.0307405224462482	DOWN
DOWN	dnf2_only	medtr.A17.gnm5.ann1_6.MtrunA17Chr7g0242041	MtrunA17Chr7g0242041			medtr.A17.gnm5.MtrunA17Chr7	+	31614989	31616700	0.194213256364562	0.999999979788073	NS	-4.28504782835864	1.46999515422328e-05	DOWN
DOWN	dnf2_only	medtr.A17.gnm5.ann1_6.MtrunA17Chr6g0477591	MtrunA17Chr6g0477591			medtr.A17.gnm5.MtrunA17Chr6	+	32356363	32357249	-0.877387836159281	0.999999979788073	NS	-4.28243542017127	0.00160878569795269	DOWN
DOWN	dnf2_only	medtr.A17.gnm5.ann1_6.MtrunA17Chr8g0361861	MtrunA17Chr8g0361861	MtNCR093	Nodule-specific Cysteine-Rich peptide	medtr.A17.gnm5.MtrunA17Chr8	+	26431104	26432071	-0.330269000318497	0.999999979788073	NS	-4.28072288222694	1.21834196762136e-05	DOWN
DOWN	dnf2_only	medtr.A17.gnm5.ann1_6.MtrunA17Chr6g0462831	MtrunA17Chr6g0462831			medtr.A17.gnm5.MtrunA17Chr6	+	11867545	11869445	0.268083899663168	0.999999979788073	NS	-4.28008620151228	0.00206575412544695	DOWN
DOWN	dnf2_only	medtr.A17.gnm5.ann1_6.MtrunA17Chr8g0372731	MtrunA17Chr8g0372731			medtr.A17.gnm5.MtrunA17Chr8	+	35136933	35137913	-0.93645293247888	0.999999979788073	NS	-4.27486611822594	0.0043830110542675	DOWN
DOWN	dnf2_only	medtr.A17.gnm5.ann1_6.MtrunA17Chr2g0307791	MtrunA17Chr2g0307791			medtr.A17.gnm5.MtrunA17Chr2	-	30267580	30270498	-1.56015071761912	0.292689847267973	NS	-4.27381344533624	2.11106362748123e-05	DOWN
DOWN	dnf2_only	medtr.A17.gnm5.ann1_6.MtrunA17Chr2g0314111	MtrunA17Chr2g0314111			medtr.A17.gnm5.MtrunA17Chr2	-	36696392	36697908	-0.772172158763357	0.999999979788073	NS	-4.25427977942563	0.000814062804311322	DOWN
DOWN	dnf2_only	medtr.A17.gnm5.ann1_6.MtrunA17Chr5g0418171	MtrunA17Chr5g0418171			medtr.A17.gnm5.MtrunA17Chr5	+	18791547	18797097	-0.309888533945588	0.999999979788073	NS	-4.2530356655794	0.000227467060999031	DOWN
DOWN	dnf2_only	medtr.A17.gnm5.ann1_6.MtrunA17Chr7g0231381	MtrunA17Chr7g0231381			medtr.A17.gnm5.MtrunA17Chr7	+	20941711	20942888	-2.28084943500773	0.481307733405013	NS	-4.24999563673299	0.0311636934013328	DOWN
DOWN	dnf2_only	medtr.A17.gnm5.ann1_6.MtrunA17Chr4g0007261	MtrunA17Chr4g0007261			medtr.A17.gnm5.MtrunA17Chr4	+	5738481	5742448	-0.331792381398978	0.999999979788073	NS	-4.24499979600225	2.3835748789439e-06	DOWN
DOWN	dnf2_only	medtr.A17.gnm5.ann1_6.MtrunA17Chr4g0027601	MtrunA17Chr4g0027601			medtr.A17.gnm5.MtrunA17Chr4	+	28672848	28673960	-0.788775832601053	0.999999979788073	NS	-4.24318493857367	5.56635074087595e-05	DOWN
DOWN	dnf2_only	medtr.A17.gnm5.ann1_6.MtrunA17Chr5g0427351	MtrunA17Chr5g0427351	MtLb2|MtLb6|MtLb1	leghemoglobin2	medtr.A17.gnm5.MtrunA17Chr5	-	29183554	29186899	-0.338842537503896	0.999999979788073	NS	-4.24011808190237	2.98679772869621e-05	DOWN
DOWN	dnf2_only	medtr.A17.gnm5.ann1_6.MtrunA17Chr4g0029911	MtrunA17Chr4g0029911	MtNCR074	Nodule-specific Cysteine-Rich peptide	medtr.A17.gnm5.MtrunA17Chr4	-	30554184	30558529	0.638619348123564	0.999999979788073	NS	-4.23747926289102	0.000113165724391812	DOWN
DOWN	dnf2_only	medtr.A17.gnm5.ann1_6.MtrunA17Chr4g0046021	MtrunA17Chr4g0046021	MtCLE42	CLAVATA3/EMBRYO-SURROUNDING REGION (CLE) family	medtr.A17.gnm5.MtrunA17Chr4	-	42522885	42523822	-0.363645424984358	0.999999979788073	NS	-4.2311344071345	0.000447939647405362	DOWN
DOWN	dnf2_only	medtr.A17.gnm5.ann1_6.MtrunA17Chr1g0204871	MtrunA17Chr1g0204871			medtr.A17.gnm5.MtrunA17Chr1	+	50279936	50280763	-0.179057218395722	0.999999979788073	NS	-4.23065523462998	0.000116365986010961	DOWN
DOWN	dnf2_only	medtr.A17.gnm5.ann1_6.MtrunA17Chr7g0222531	MtrunA17Chr7g0222531			medtr.A17.gnm5.MtrunA17Chr7	+	7760383	7762717	0.573012597416755	0.999999979788073	NS	-4.22764129399649	0.00643010281019118	DOWN
DOWN	dnf2_only	medtr.A17.gnm5.ann1_6.MtrunA17Chr6g0475471	MtrunA17Chr6g0475471	MtNCR003	Nodule-specific Cysteine-Rich peptide	medtr.A17.gnm5.MtrunA17Chr6	+	29729589	29730805	-0.460327921761203	0.999999979788073	NS	-4.22654847959517	8.29349875681735e-05	DOWN
DOWN	dnf2_only	medtr.A17.gnm5.ann1_6.MtrunA17Chr3g0095311	MtrunA17Chr3g0095311	MtNCR-new16	Nodule-specific Cysteine-Rich peptide	medtr.A17.gnm5.MtrunA17Chr3	+	18685409	18687465	-0.0983123905076521	0.999999979788073	NS	-4.22507461723893	2.98679772869621e-05	DOWN
DOWN	dnf2_only	medtr.A17.gnm5.ann1_6.MtrunA17Chr3g0126621	MtrunA17Chr3g0126621			medtr.A17.gnm5.MtrunA17Chr3	+	44926683	44928510	-0.00877350149751944	0.999999979788073	NS	-4.20148947516019	0.0124308069514925	DOWN
DOWN	dnf2_only	medtr.A17.gnm5.ann1_6.MtrunA17Chr1g0171871	MtrunA17Chr1g0171871			medtr.A17.gnm5.MtrunA17Chr1	-	20574302	20575399	-0.328509638944189	0.999999979788073	NS	-4.19735848390733	0.00439030561709847	DOWN
DOWN	dnf2_only	medtr.A17.gnm5.ann1_6.MtrunA17Chr2g0329481	MtrunA17Chr2g0329481			medtr.A17.gnm5.MtrunA17Chr2	-	48491448	48507037	-0.474340677465731	0.999999979788073	NS	-4.19728392676899	5.39241326762593e-05	DOWN
DOWN	dnf2_only	medtr.A17.gnm5.ann1_6.MtrunA17Chr8g0365101	MtrunA17Chr8g0365101			medtr.A17.gnm5.MtrunA17Chr8	+	29320093	29323967	0.937856221244862	0.999999979788073	NS	-4.1898405660178	0.000489657404999153	DOWN
DOWN	dnf2_only	medtr.A17.gnm5.ann1_6.MtrunA17Chr7g0216281	MtrunA17Chr7g0216281			medtr.A17.gnm5.MtrunA17Chr7	+	2016039	2021052	0.213423396877131	0.999999979788073	NS	-4.18942998655957	1.50832603870348e-05	DOWN
DOWN	dnf2_only	medtr.A17.gnm5.ann1_6.MtrunA17Chr6g0476541	MtrunA17Chr6g0476541			medtr.A17.gnm5.MtrunA17Chr6	+	31369609	31370605	0.076811118446944	0.999999979788073	NS	-4.18775603755238	0.00284608601187624	DOWN
DOWN	dnf2_only	medtr.A17.gnm5.ann1_6.MtrunA17Chr3g0087961	MtrunA17Chr3g0087961			medtr.A17.gnm5.MtrunA17Chr3	+	9492091	9493679	-0.92858218895133	0.999999979788073	NS	-4.17000359261336	0.000341132008024123	DOWN
DOWN	dnf2_only	medtr.A17.gnm5.ann1_6.MtrunA17Chr8g0360891	MtrunA17Chr8g0360891			medtr.A17.gnm5.MtrunA17Chr8	+	25184141	25185897	-0.639102622660171	0.999999979788073	NS	-4.16986454030907	5.06883395012396e-07	DOWN
DOWN	dnf2_only	medtr.A17.gnm5.ann1_6.MtrunA17Chr3g0082191	MtrunA17Chr3g0082191			medtr.A17.gnm5.MtrunA17Chr3	+	4057154	4057821	-0.259404392546984	0.999999979788073	NS	-4.16860330891751	0.000555840895855214	DOWN
DOWN	dnf2_only	medtr.A17.gnm5.ann1_6.MtrunA17Chr7g0261881	MtrunA17Chr7g0261881	MtNPF5.11	NRT1/ PTR FAMILY|nitrate transporter / peptide transporter	medtr.A17.gnm5.MtrunA17Chr7	-	46137822	46141352	-1.61289049716965	0.455323894501844	NS	-4.16691287562676	0.000360557765411956	DOWN
DOWN	dnf2_only	medtr.A17.gnm5.ann1_6.MtrunA17Chr8g0365181	MtrunA17Chr8g0365181			medtr.A17.gnm5.MtrunA17Chr8	+	29358356	29359289	0.149012411239465	0.999999979788073	NS	-4.16059577425763	0.00853797191829656	DOWN
DOWN	dnf2_only	medtr.A17.gnm5.ann1_6.MtrunA17Chr4g0013321	MtrunA17Chr4g0013321			medtr.A17.gnm5.MtrunA17Chr4	+	10757709	10761254	-0.557831908213425	0.999999979788073	NS	-4.15543795319166	0.00642494481752961	DOWN
DOWN	dnf2_only	medtr.A17.gnm5.ann1_6.MtrunA17Chr4g0017341	MtrunA17Chr4g0017341	MtNCR197	Nodule-specific Cysteine-Rich peptide	medtr.A17.gnm5.MtrunA17Chr4	-	12860712	12863366	-0.679639392267809	0.999999979788073	NS	-4.13954033746975	7.38390990722237e-05	DOWN
DOWN	dnf2_only	medtr.A17.gnm5.ann1_6.MtrunA17Chr4g0028031	MtrunA17Chr4g0028031			medtr.A17.gnm5.MtrunA17Chr4	+	29041417	29042293	-0.611200762039188	0.999999979788073	NS	-4.13217720487897	1.20779854963071e-05	DOWN
DOWN	dnf2_only	medtr.A17.gnm5.ann1_6.MtrunA17Chr3g0120071	MtrunA17Chr3g0120071	MtLOX2	lipoxygenase 2 (TC100141)	medtr.A17.gnm5.MtrunA17Chr3	+	40212778	40216628	3.49044983364843	0.0432625369110734	UP	-4.1290790953542	0.0202558848814668	DOWN
DOWN	dnf2_only	medtr.A17.gnm5.ann1_6.MtrunA17Chr1g0204861	MtrunA17Chr1g0204861			medtr.A17.gnm5.MtrunA17Chr1	-	50277860	50280635	-0.224817252115941	0.999999979788073	NS	-4.12721732815336	5.55028296414142e-05	DOWN
DOWN	dnf2_only	medtr.A17.gnm5.ann1_6.MtrunA17Chr4g0024241	MtrunA17Chr4g0024241			medtr.A17.gnm5.MtrunA17Chr4	-	24825953	24826412	-0.414023035077872	0.999999979788073	NS	-4.12480202616821	0.00648690695827908	DOWN
DOWN	dnf2_only	medtr.A17.gnm5.ann1_6.MtrunA17Chr3g0125761	MtrunA17Chr3g0125761	MtPCY3|MtPLC1	Plantacyanin/Chemocyanin|plastocyanin-like domain 1	medtr.A17.gnm5.MtrunA17Chr3	-	44194841	44196394	-0.225414752443177	0.999999979788073	NS	-4.1238223112453	0.000143296901711854	DOWN
DOWN	dnf2_only	medtr.A17.gnm5.ann1_6.MtrunA17Chr3g0084831	MtrunA17Chr3g0084831			medtr.A17.gnm5.MtrunA17Chr3	-	6264452	6265959	-0.249894792989245	0.999999979788073	NS	-4.1159813364792	0.0142234992879494	DOWN
DOWN	dnf2_only	medtr.A17.gnm5.ann1_6.MtrunA17Chr6g0475091	MtrunA17Chr6g0475091			medtr.A17.gnm5.MtrunA17Chr6	+	29232958	29237035	1.67589927252268	0.52583718298766	NS	-4.11228006714533	0.0381649785143998	DOWN
DOWN	dnf2_only	medtr.A17.gnm5.ann1_6.MtrunA17Chr7g0234481	MtrunA17Chr7g0234481			medtr.A17.gnm5.MtrunA17Chr7	-	25038731	25045511	0.460439252059396	0.999999979788073	NS	-4.11134348386047	0.0210273755325246	DOWN
DOWN	dnf2_only	medtr.A17.gnm5.ann1_6.MtrunA17Chr8g0393271	MtrunA17Chr8g0393271			medtr.A17.gnm5.MtrunA17Chr8	-	49635301	49637461	-0.366948371259438	0.999999979788073	NS	-4.10155665380754	2.50925241207306e-05	DOWN
DOWN	dnf2_only	medtr.A17.gnm5.ann1_6.MtrunA17Chr2g0314121	MtrunA17Chr2g0314121	MtNCR561	Nodule-specific Cysteine-Rich peptide	medtr.A17.gnm5.MtrunA17Chr2	+	36697966	36703800	-0.333101973275528	0.999999979788073	NS	-4.09960794661568	3.01442896259702e-05	DOWN
DOWN	dnf2_only	medtr.A17.gnm5.ann1_6.MtrunA17Chr8g0367801	MtrunA17Chr8g0367801			medtr.A17.gnm5.MtrunA17Chr8	+	31424646	31425736	-0.263427003712644	0.999999979788073	NS	-4.09660516469262	1.0269546036524e-05	DOWN
DOWN	dnf2_only	medtr.A17.gnm5.ann1_6.MtrunA17Chr3g0100481	MtrunA17Chr3g0100481			medtr.A17.gnm5.MtrunA17Chr3	+	25053885	25055346	-0.605180939189771	0.999999979788073	NS	-4.09569878077934	0.000411192212223188	DOWN
DOWN	dnf2_only	medtr.A17.gnm5.ann1_6.MtrunA17Chr5g0430381	MtrunA17Chr5g0430381			medtr.A17.gnm5.MtrunA17Chr5	-	31599280	31605088	-0.815896479819089	0.999999979788073	NS	-4.09110223959065	0.000145548010258011	DOWN
DOWN	dnf2_only	medtr.A17.gnm5.ann1_6.MtrunA17Chr6g0465051	MtrunA17Chr6g0465051	MtNCR669	Nodule-specific Cysteine-Rich peptide	medtr.A17.gnm5.MtrunA17Chr6	+	14215306	14221967	-0.660003253349223	0.999999979788073	NS	-4.08614077171749	0.000582173788826285	DOWN
DOWN	dnf2_only	medtr.A17.gnm5.ann1_6.MtrunA17Chr1g0186881	MtrunA17Chr1g0186881			medtr.A17.gnm5.MtrunA17Chr1	+	37102142	37102685	-0.215151223460288	0.999999979788073	NS	-4.08213862029572	0.0155995601679364	DOWN
DOWN	dnf2_only	medtr.A17.gnm5.ann1_6.MtrunA17Chr3g0110961	MtrunA17Chr3g0110961			medtr.A17.gnm5.MtrunA17Chr3	-	33359310	33361021	-0.651704084271236	0.999999979788073	NS	-4.079529696735	0.00703338080678687	DOWN
DOWN	dnf2_only	medtr.A17.gnm5.ann1_6.MtrunA17Chr4g0053201	MtrunA17Chr4g0053201			medtr.A17.gnm5.MtrunA17Chr4	-	47142892	47146090	-1.02165821004599	0.999999979788073	NS	-4.07322137160488	8.80520468427062e-05	DOWN
DOWN	dnf2_only	medtr.A17.gnm5.ann1_6.MtrunA17Chr1g0190131	MtrunA17Chr1g0190131			medtr.A17.gnm5.MtrunA17Chr1	-	39432591	39433998	0.308558102379856	0.999999979788073	NS	-4.07128656068201	2.3835748789439e-06	DOWN
DOWN	dnf2_only	medtr.A17.gnm5.ann1_6.MtrunA17Chr1g0190141	MtrunA17Chr1g0190141			medtr.A17.gnm5.MtrunA17Chr1	+	39433295	39433846	0.155217451640956	0.999999979788073	NS	-4.05987008569092	5.63516029619842e-06	DOWN
DOWN	dnf2_only	medtr.A17.gnm5.ann1_6.MtrunA17Chr7g0244111	MtrunA17Chr7g0244111			medtr.A17.gnm5.MtrunA17Chr7	-	33253579	33254163	-2.29778763194052	0.142053853875987	NS	-4.0572488322481	0.00163662074277217	DOWN
DOWN	dnf2_only	medtr.A17.gnm5.ann1_6.MtrunA17Chr4g0059381	MtrunA17Chr4g0059381			medtr.A17.gnm5.MtrunA17Chr4	+	52058575	52061122	-0.63461467987913	0.999999979788073	NS	-4.05312700235206	0.00133868668892238	DOWN
DOWN	dnf2_only	medtr.A17.gnm5.ann1_6.MtrunA17Chr3g0096241	MtrunA17Chr3g0096241			medtr.A17.gnm5.MtrunA17Chr3	+	20234719	20244162	-0.956594817491004	0.999999979788073	NS	-4.05290592683942	0.000357784400995952	DOWN
DOWN	dnf2_only	medtr.A17.gnm5.ann1_6.MtrunA17Chr1g0167841	MtrunA17Chr1g0167841			medtr.A17.gnm5.MtrunA17Chr1	-	16761581	16764199	-0.382864474585753	0.999999979788073	NS	-4.0528411451062	4.9042389288282e-06	DOWN
DOWN	dnf2_only	medtr.A17.gnm5.ann1_6.MtrunA17Chr3g0124101	MtrunA17Chr3g0124101			medtr.A17.gnm5.MtrunA17Chr3	+	43016699	43018307	1.03402284409527	0.999999979788073	NS	-4.05004031619773	0.0154393162940786	DOWN
DOWN	dnf2_only	medtr.A17.gnm5.ann1_6.MtrunA17Chr4g0029761	MtrunA17Chr4g0029761			medtr.A17.gnm5.MtrunA17Chr4	+	30508519	30509249	-0.492081546654457	0.999999979788073	NS	-4.04578638585859	6.40172093171794e-05	DOWN
DOWN	dnf2_only	medtr.A17.gnm5.ann1_6.MtrunA17Chr4g0044851	MtrunA17Chr4g0044851	MtCYP707A107	Cytochrome P450 monooxygenase	medtr.A17.gnm5.MtrunA17Chr4	+	41657140	41660107	-1.19127134319925	0.999999979788073	NS	-4.0437100099441	0.00574423682903633	DOWN
DOWN	dnf2_only	medtr.A17.gnm5.ann1_6.MtrunA17Chr4g0020401	MtrunA17Chr4g0020401			medtr.A17.gnm5.MtrunA17Chr4	-	16375219	16378717	-0.0784098711268248	0.999999979788073	NS	-4.04159648783981	4.46035994306783e-05	DOWN
DOWN	dnf2_only	medtr.A17.gnm5.ann1_6.MtrunA17Chr4g0029531	MtrunA17Chr4g0029531			medtr.A17.gnm5.MtrunA17Chr4	-	30302947	30304757	-0.670867232593284	0.999999979788073	NS	-4.03878856493053	2.01684669746705e-05	DOWN
DOWN	dnf2_only	medtr.A17.gnm5.ann1_6.MtrunA17Chr1g0146131	MtrunA17Chr1g0146131			medtr.A17.gnm5.MtrunA17Chr1	-	67701	68509	-1.91847438548991	0.310385312938568	NS	-4.03742696707129	0.00234148459236118	DOWN
DOWN	dnf2_only	medtr.A17.gnm5.ann1_6.MtrunA17Chr5g0428201	MtrunA17Chr5g0428201			medtr.A17.gnm5.MtrunA17Chr5	-	29821634	29824880	0.876990859974169	0.999999979788073	NS	-4.0350916292559	0.000208504090518961	DOWN
DOWN	dnf2_only	medtr.A17.gnm5.ann1_6.MtrunA17Chr2g0330061	MtrunA17Chr2g0330061			medtr.A17.gnm5.MtrunA17Chr2	-	48930229	48935916	-1.05952856280733	0.999999979788073	NS	-4.03389095726339	6.42983422165387e-05	DOWN
DOWN	dnf2_only	medtr.A17.gnm5.ann1_6.MtrunA17Chr3g0080091	MtrunA17Chr3g0080091			medtr.A17.gnm5.MtrunA17Chr3	-	2375941	2376837	-0.328661574535946	0.999999979788073	NS	-4.02752949538481	0.000263988855963427	DOWN
DOWN	dnf2_only	medtr.A17.gnm5.ann1_6.MtrunA17Chr6g0487701	MtrunA17Chr6g0487701	MtNCR200	Nodule-specific Cysteine-Rich peptide	medtr.A17.gnm5.MtrunA17Chr6	+	41961906	41964161	-0.129057535152334	0.999999979788073	NS	-4.02737864627458	3.68017540736284e-06	DOWN
DOWN	dnf2_only	medtr.A17.gnm5.ann1_6.MtrunA17Chr1g0179251	MtrunA17Chr1g0179251			medtr.A17.gnm5.MtrunA17Chr1	-	30608385	30610790	-0.509792640321636	0.999999979788073	NS	-4.02455048911599	6.3596211840229e-06	DOWN
DOWN	dnf2_only	medtr.A17.gnm5.ann1_6.MtrunA17Chr5g0400371	MtrunA17Chr5g0400371	MtNPF7.9	NRT1/ PTR FAMILY|nitrate transporter / peptide transporter	medtr.A17.gnm5.MtrunA17Chr5	-	4712848	4718804	0.124922775954431	0.999999979788073	NS	-4.01964591451499	6.81480058886383e-06	DOWN
DOWN	dnf2_only	medtr.A17.gnm5.ann1_6.MtrunA17Chr1g0173861	MtrunA17Chr1g0173861	MtNCR232	Nodule-specific Cysteine-Rich peptide	medtr.A17.gnm5.MtrunA17Chr1	+	24271620	24274433	-0.443597089382799	0.999999979788073	NS	-4.01957929829369	2.50925241207306e-05	DOWN
DOWN	dnf2_only	medtr.A17.gnm5.ann1_6.MtrunA17Chr5g0425241	MtrunA17Chr5g0425241	MtSULTR2.2	sulfate transporter	medtr.A17.gnm5.MtrunA17Chr5	-	27254997	27260835	-0.892980928720698	0.999999979788073	NS	-4.01941463018084	7.08624130338781e-05	DOWN
DOWN	dnf2_only	medtr.A17.gnm5.ann1_6.MtrunA17Chr4g0018161	MtrunA17Chr4g0018161	MtNCR078	Nodule-specific Cysteine-Rich peptide	medtr.A17.gnm5.MtrunA17Chr4	+	13349490	13351956	-0.0404141454032146	0.999999979788073	NS	-4.01571431219296	4.69949389005669e-05	DOWN
DOWN	dnf2_only	medtr.A17.gnm5.ann1_6.MtrunA17Chr6g0487651	MtrunA17Chr6g0487651			medtr.A17.gnm5.MtrunA17Chr6	-	41953610	41954593	-0.526472743835068	0.999999979788073	NS	-4.01008672722213	0.000147316728982333	DOWN
DOWN	dnf2_only	medtr.A17.gnm5.ann1_6.MtrunA17Chr8g0355211	MtrunA17Chr8g0355211			medtr.A17.gnm5.MtrunA17Chr8	+	16757904	16759777	-1.46845228962636	0.477593641748331	NS	-4.00769387162552	8.1736189526789e-05	DOWN
DOWN	dnf2_only	medtr.A17.gnm5.ann1_6.MtrunA17Chr3g0129191	MtrunA17Chr3g0129191			medtr.A17.gnm5.MtrunA17Chr3	+	46745294	46746073	-1.12199973793927	0.999999979788073	NS	-3.98512186095795	0.00160878569795269	DOWN
DOWN	dnf2_only	medtr.A17.gnm5.ann1_6.MtrunA17Chr2g0279861	MtrunA17Chr2g0279861			medtr.A17.gnm5.MtrunA17Chr2	-	2156413	2161161	-0.138898557339999	0.999999979788073	NS	-3.98204650288432	1.56757377847128e-05	DOWN
DOWN	dnf2_only	medtr.A17.gnm5.ann1_6.MtrunA17Chr4g0005771	MtrunA17Chr4g0005771			medtr.A17.gnm5.MtrunA17Chr4	+	4491151	4492553	-0.959477616022907	0.999999979788073	NS	-3.97832973343306	1.92420511873707e-05	DOWN
DOWN	dnf2_only	medtr.A17.gnm5.ann1_6.MtrunA17Chr4g0028051	MtrunA17Chr4g0028051			medtr.A17.gnm5.MtrunA17Chr4	-	29043720	29044007	-0.155569836503442	0.999999979788073	NS	-3.97345958416335	6.81713782626274e-07	DOWN
DOWN	dnf2_only	medtr.A17.gnm5.ann1_6.MtrunA17Chr5g0430821	MtrunA17Chr5g0430821			medtr.A17.gnm5.MtrunA17Chr5	-	31906460	31907174	-0.402557275704157	0.999999979788073	NS	-3.966770779795	0.00075083097825254	DOWN
DOWN	dnf2_only	medtr.A17.gnm5.ann1_6.MtrunA17Chr5g0428891	MtrunA17Chr5g0428891			medtr.A17.gnm5.MtrunA17Chr5	-	30466225	30467465	-1.26410846620989	0.999999979788073	NS	-3.96358871982382	0.00386479156999046	DOWN
DOWN	dnf2_only	medtr.A17.gnm5.ann1_6.MtrunA17Chr2g0299261	MtrunA17Chr2g0299261			medtr.A17.gnm5.MtrunA17Chr2	+	17217865	17219130	1.45956508886133	0.527536802304937	NS	-3.95966225367976	8.43025372600705e-05	DOWN
DOWN	dnf2_only	medtr.A17.gnm5.ann1_6.MtrunA17Chr3g0089351	MtrunA17Chr3g0089351	MtCYP729A5	Cytochrome P450 monooxygenase	medtr.A17.gnm5.MtrunA17Chr3	+	10471392	10476455	-0.762339063894336	0.999999979788073	NS	-3.95524358647323	0.000790088384469753	DOWN
DOWN	dnf2_only	medtr.A17.gnm5.ann1_6.MtrunA17Chr2g0303441	MtrunA17Chr2g0303441	MtNCR112	Nodule-specific Cysteine-Rich peptide	medtr.A17.gnm5.MtrunA17Chr2	+	21170617	21182477	-0.129817191917803	0.999999979788073	NS	-3.94613424797118	5.63516029619842e-06	DOWN
DOWN	dnf2_only	medtr.A17.gnm5.ann1_6.MtrunA17Chr3g0103511	MtrunA17Chr3g0103511	MtNCR414	Nodule-specific Cysteine-Rich peptide	medtr.A17.gnm5.MtrunA17Chr3	+	27860385	27861144	-1.74473487376688	0.333178334370369	NS	-3.94207337501946	0.000259280866470547	DOWN
DOWN	dnf2_only	medtr.A17.gnm5.ann1_6.MtrunA17Chr5g0430891	MtrunA17Chr5g0430891			medtr.A17.gnm5.MtrunA17Chr5	-	31950925	31952160	-0.905019937792883	0.999999979788073	NS	-3.93366018124242	0.000708686561061013	DOWN
DOWN	dnf2_only	medtr.A17.gnm5.ann1_6.MtrunA17Chr3g0102931	MtrunA17Chr3g0102931			medtr.A17.gnm5.MtrunA17Chr3	-	27429678	27432357	-0.128826294722641	0.999999979788073	NS	-3.9298309748307	6.3596211840229e-06	DOWN
DOWN	dnf2_only	medtr.A17.gnm5.ann1_6.MtrunA17Chr7g0260561	MtrunA17Chr7g0260561	MtPDF4	Plant Defensin	medtr.A17.gnm5.MtrunA17Chr7	+	45338868	45339892	-1.29095119847141	0.882144711931396	NS	-3.92938063469011	0.000224531243291767	DOWN
DOWN	dnf2_only	medtr.A17.gnm5.ann1_6.MtrunA17Chr3g0112891	MtrunA17Chr3g0112891			medtr.A17.gnm5.MtrunA17Chr3	-	34774086	34775605	-0.985462423520024	0.999999979788073	NS	-3.92932058533359	0.00290078028409434	DOWN
DOWN	dnf2_only	medtr.A17.gnm5.ann1_6.MtrunA17Chr4g0047861	MtrunA17Chr4g0047861			medtr.A17.gnm5.MtrunA17Chr4	-	43729072	43734903	0.026819703944395	0.999999979788073	NS	-3.9265663757989	4.46035994306783e-05	DOWN
DOWN	dnf2_only	medtr.A17.gnm5.ann1_6.MtrunA17Chr5g0412421	MtrunA17Chr5g0412421	MtNodGRP26	Nodule-specific Glycine-rich	medtr.A17.gnm5.MtrunA17Chr5	-	13850437	13851278	-0.20997201480197	0.999999979788073	NS	-3.92638498062216	3.01442896259702e-05	DOWN
DOWN	dnf2_only	medtr.A17.gnm5.ann1_6.MtrunA17Chr7g0261871	MtrunA17Chr7g0261871			medtr.A17.gnm5.MtrunA17Chr7	+	46137341	46139384	-1.442810917993	0.423285347768147	NS	-3.91463998371808	2.18914883896029e-05	DOWN
DOWN	dnf2_only	medtr.A17.gnm5.ann1_6.MtrunA17Chr5g0396721	MtrunA17Chr5g0396721			medtr.A17.gnm5.MtrunA17Chr5	-	2234733	2236363	-0.87057653420319	0.999999979788073	NS	-3.91406788507433	8.54631983635061e-05	DOWN
DOWN	dnf2_only	medtr.A17.gnm5.ann1_6.MtrunA17Chr6g0487781	MtrunA17Chr6g0487781			medtr.A17.gnm5.MtrunA17Chr6	+	41981137	41984785	-0.991039059495789	0.999999979788073	NS	-3.91237326053295	7.91113614173563e-06	DOWN
DOWN	dnf2_only	medtr.A17.gnm5.ann1_6.MtrunA17Chr7g0231311	MtrunA17Chr7g0231311			medtr.A17.gnm5.MtrunA17Chr7	+	20921162	20935852	-1.15603867208989	0.999999979788073	NS	-3.90460719340058	0.00117568841351159	DOWN
DOWN	dnf2_only	medtr.A17.gnm5.ann1_6.MtrunA17Chr2g0300851	MtrunA17Chr2g0300851			medtr.A17.gnm5.MtrunA17Chr2	+	18614112	18618315	-0.354829410209532	0.999999979788073	NS	-3.8986740856274	6.81480058886383e-06	DOWN
DOWN	dnf2_only	medtr.A17.gnm5.ann1_6.MtrunA17Chr3g0126571	MtrunA17Chr3g0126571			medtr.A17.gnm5.MtrunA17Chr3	-	44874332	44876617	-2.03239586425839	0.18316358820876	NS	-3.89626869793866	0.00086698998165241	DOWN
DOWN	dnf2_only	medtr.A17.gnm5.ann1_6.MtrunA17Chr4g0007271	MtrunA17Chr4g0007271			medtr.A17.gnm5.MtrunA17Chr4	-	5739640	5741422	-0.126531346797431	0.999999979788073	NS	-3.8942074187031	2.3835748789439e-06	DOWN
DOWN	dnf2_only	medtr.A17.gnm5.ann1_6.MtrunA17Chr2g0309201	MtrunA17Chr2g0309201			medtr.A17.gnm5.MtrunA17Chr2	+	31965380	31972697	-0.570550383940214	0.999999979788073	NS	-3.8934399642914	1.5050923712231e-05	DOWN
DOWN	dnf2_only	medtr.A17.gnm5.ann1_6.MtrunA17Chr4g0024301	MtrunA17Chr4g0024301	MtNCR027	Nodule-specific Cysteine-Rich peptide	medtr.A17.gnm5.MtrunA17Chr4	-	24933402	24943038	-0.466108274613519	0.999999979788073	NS	-3.89275108843368	7.81397666356531e-05	DOWN
DOWN	dnf2_only	medtr.A17.gnm5.ann1_6.MtrunA17Chr7g0239571	MtrunA17Chr7g0239571			medtr.A17.gnm5.MtrunA17Chr7	+	29571382	29572263	-0.364899623112676	0.999999979788073	NS	-3.89138889315633	0.00106403493055382	DOWN
DOWN	dnf2_only	medtr.A17.gnm5.ann1_6.MtrunA17Chr4g0007251	MtrunA17Chr4g0007251			medtr.A17.gnm5.MtrunA17Chr4	-	5728155	5738112	-0.553164568023341	0.999999979788073	NS	-3.88830569703044	0.000169774894008837	DOWN
DOWN	dnf2_only	medtr.A17.gnm5.ann1_6.MtrunA17Chr7g0231391	MtrunA17Chr7g0231391			medtr.A17.gnm5.MtrunA17Chr7	+	20945250	20951177	-0.775086206427427	0.999999979788073	NS	-3.88688760613366	9.17273097576451e-05	DOWN
DOWN	dnf2_only	medtr.A17.gnm5.ann1_6.MtrunA17Chr2g0324091	MtrunA17Chr2g0324091			medtr.A17.gnm5.MtrunA17Chr2	-	44413473	44414343	1.44673075492647	0.644129291768267	NS	-3.8867460460529	0.00648690695827908	DOWN
DOWN	dnf2_only	medtr.A17.gnm5.ann1_6.MtrunA17Chr1g0207471	MtrunA17Chr1g0207471	MtLBD1	LOB-like transcription factor 1	medtr.A17.gnm5.MtrunA17Chr1	+	51964249	51965324	-1.11625083646186	0.999999979788073	NS	-3.88550608127265	0.00125428613054593	DOWN
DOWN	dnf2_only	medtr.A17.gnm5.ann1_6.MtrunA17Chr3g0099811	MtrunA17Chr3g0099811	MtNCR295	Nodule-specific Cysteine-Rich peptide	medtr.A17.gnm5.MtrunA17Chr3	+	24536763	24538293	0.368926275703502	0.999999979788073	NS	-3.88222030378635	1.49035593380664e-05	DOWN
DOWN	dnf2_only	medtr.A17.gnm5.ann1_6.MtrunA17Chr2g0294001	MtrunA17Chr2g0294001	MtTHL6	Thionin-like	medtr.A17.gnm5.MtrunA17Chr2	+	12817356	12818135	-0.6842907030348	0.999999979788073	NS	-3.88207599434473	0.000148133093331418	DOWN
DOWN	dnf2_only	medtr.A17.gnm5.ann1_6.MtrunA17Chr3g0100471	MtrunA17Chr3g0100471	MtCAML4	calmodulin-like 4	medtr.A17.gnm5.MtrunA17Chr3	-	25051256	25053670	-0.877371489497835	0.999999979788073	NS	-3.88114994773329	4.46035994306783e-05	DOWN
DOWN	dnf2_only	medtr.A17.gnm5.ann1_6.MtrunA17Chr3g0129851	MtrunA17Chr3g0129851			medtr.A17.gnm5.MtrunA17Chr3	+	47237911	47243459	0.765854377112186	0.999999979788073	NS	-3.87813819160761	0.013509032604052	DOWN
DOWN	dnf2_only	medtr.A17.gnm5.ann1_6.MtrunA17Chr7g0244251	MtrunA17Chr7g0244251			medtr.A17.gnm5.MtrunA17Chr7	+	33443256	33444186	0.178286786672418	0.999999979788073	NS	-3.87708397326029	0.00109555436474795	DOWN
DOWN	dnf2_only	medtr.A17.gnm5.ann1_6.MtrunA17Chr5g0425881	MtrunA17Chr5g0425881			medtr.A17.gnm5.MtrunA17Chr5	+	27886742	27888828	0.940533561587003	0.999999979788073	NS	-3.87519750855322	0.0156577852511136	DOWN
DOWN	dnf2_only	medtr.A17.gnm5.ann1_6.MtrunA17Chr5g0428921	MtrunA17Chr5g0428921			medtr.A17.gnm5.MtrunA17Chr5	+	30470214	30471698	-0.786318264640949	0.999999979788073	NS	-3.87435686972118	0.00123406560926411	DOWN
DOWN	dnf2_only	medtr.A17.gnm5.ann1_6.MtrunA17Chr1g0195961	MtrunA17Chr1g0195961			medtr.A17.gnm5.MtrunA17Chr1	+	43675552	43676146	-0.404332552487412	0.999999979788073	NS	-3.87103473118941	0.00053953857981576	DOWN
DOWN	dnf2_only	medtr.A17.gnm5.ann1_6.MtrunA17Chr5g0426101	MtrunA17Chr5g0426101			medtr.A17.gnm5.MtrunA17Chr5	+	28050526	28051284	-0.433237513466149	0.999999979788073	NS	-3.86720189667695	0.00947085052952938	DOWN
DOWN	dnf2_only	medtr.A17.gnm5.ann1_6.MtrunA17Chr4g0033161	MtrunA17Chr4g0033161	MtNCR251	Nodule-specific Cysteine-Rich peptide	medtr.A17.gnm5.MtrunA17Chr4	+	33094372	33097734	-0.382152778045528	0.999999979788073	NS	-3.86650129149364	1.85802531391049e-05	DOWN
DOWN	dnf2_only	medtr.A17.gnm5.ann1_6.MtrunA17Chr5g0446351	MtrunA17Chr5g0446351	MtNCR330	Nodule-specific Cysteine-Rich peptide	medtr.A17.gnm5.MtrunA17Chr5	+	42971973	42972858	-0.226123384748763	0.999999979788073	NS	-3.8503670121142	0.000224531243291767	DOWN
DOWN	dnf2_only	medtr.A17.gnm5.ann1_6.MtrunA17Chr6g0476011	MtrunA17Chr6g0476011			medtr.A17.gnm5.MtrunA17Chr6	+	30676959	30689230	0.0260422706985806	0.999999979788073	NS	-3.84331050747308	0.00269619291444711	DOWN
DOWN	dnf2_only	medtr.A17.gnm5.ann1_6.MtrunA17Chr7g0243351	MtrunA17Chr7g0243351			medtr.A17.gnm5.MtrunA17Chr7	+	32622613	32625273	-0.471434216960201	0.999999979788073	NS	-3.84129581824579	0.00078175243626213	DOWN
DOWN	dnf2_only	medtr.A17.gnm5.ann1_6.MtrunA17Chr7g0224951	MtrunA17Chr7g0224951			medtr.A17.gnm5.MtrunA17Chr7	-	10223941	10225430	-0.488432331036972	0.999999979788073	NS	-3.83477311620804	1.08743784531869e-05	DOWN
DOWN	dnf2_only	medtr.A17.gnm5.ann1_6.MtrunA17Chr2g0309971	MtrunA17Chr2g0309971	MtNCR269	Nodule-specific Cysteine-Rich peptide	medtr.A17.gnm5.MtrunA17Chr2	+	32877231	32878535	-0.130748320288794	0.999999979788073	NS	-3.82916238125376	1.65230654328891e-05	DOWN
DOWN	dnf2_only	medtr.A17.gnm5.ann1_6.MtrunA17Chr8g0357531	MtrunA17Chr8g0357531			medtr.A17.gnm5.MtrunA17Chr8	-	19507204	19514486	-0.451154165650018	0.999999979788073	NS	-3.82765620766936	9.89314287247472e-06	DOWN
DOWN	dnf2_only	medtr.A17.gnm5.ann1_6.MtrunA17Chr4g0033231	MtrunA17Chr4g0033231			medtr.A17.gnm5.MtrunA17Chr4	-	33153607	33158536	-0.470709921411164	0.999999979788073	NS	-3.8215623453481	4.00042987016262e-06	DOWN
DOWN	dnf2_only	medtr.A17.gnm5.ann1_6.MtrunA17Chr3g0096251	MtrunA17Chr3g0096251			medtr.A17.gnm5.MtrunA17Chr3	-	20242307	20244035	-0.368335968199814	0.999999979788073	NS	-3.81975073356147	0.00458782613679068	DOWN
DOWN	dnf2_only	medtr.A17.gnm5.ann1_6.MtrunA17Chr6g0485111	MtrunA17Chr6g0485111			medtr.A17.gnm5.MtrunA17Chr6	-	39633039	39641663	-1.04364054891958	0.999999979788073	NS	-3.81829158251477	9.97355236577886e-06	DOWN
DOWN	dnf2_only	medtr.A17.gnm5.ann1_6.MtrunA17Chr1g0185051	MtrunA17Chr1g0185051			medtr.A17.gnm5.MtrunA17Chr1	-	35478480	35478850	0.310947587069504	0.999999979788073	NS	-3.81782536104897	0.00220015870911537	DOWN
DOWN	dnf2_only	medtr.A17.gnm5.ann1_6.MtrunA17Chr3g0099831	MtrunA17Chr3g0099831	MtNCR302	Nodule-specific Cysteine-Rich peptide	medtr.A17.gnm5.MtrunA17Chr3	+	24539807	24541344	-0.190410675838266	0.999999979788073	NS	-3.81551610014238	8.70656633274521e-05	DOWN
DOWN	dnf2_only	medtr.A17.gnm5.ann1_6.MtrunA17Chr7g0220271	MtrunA17Chr7g0220271			medtr.A17.gnm5.MtrunA17Chr7	-	5608878	5609643	-0.279248853226735	0.999999979788073	NS	-3.8107499517427	0.0442162200596483	DOWN
DOWN	dnf2_only	medtr.A17.gnm5.ann1_6.MtrunA17Chr4g0029811	MtrunA17Chr4g0029811	MtNCR312	Nodule-specific Cysteine-Rich peptide	medtr.A17.gnm5.MtrunA17Chr4	-	30526717	30528810	-0.216754057511464	0.999999979788073	NS	-3.80968643638916	4.34681733865057e-05	DOWN
DOWN	dnf2_only	medtr.A17.gnm5.ann1_6.MtrunA17Chr3g0099511	MtrunA17Chr3g0099511			medtr.A17.gnm5.MtrunA17Chr3	-	24285646	24288564	-0.277266756379231	0.999999979788073	NS	-3.80957837010896	4.77416730253989e-05	DOWN
DOWN	dnf2_only	medtr.A17.gnm5.ann1_6.MtrunA17Chr3g0103501	MtrunA17Chr3g0103501			medtr.A17.gnm5.MtrunA17Chr3	-	27859075	27859993	0.122749271824166	0.999999979788073	NS	-3.80941261907426	0.00107395627694812	DOWN
DOWN	dnf2_only	medtr.A17.gnm5.ann1_6.MtrunA17Chr2g0301811	MtrunA17Chr2g0301811			medtr.A17.gnm5.MtrunA17Chr2	-	19478374	19479472	-0.923169275216891	0.999999979788073	NS	-3.80380223008734	0.00120579953332129	DOWN
DOWN	dnf2_only	medtr.A17.gnm5.ann1_6.MtrunA17Chr3g0129791	MtrunA17Chr3g0129791			medtr.A17.gnm5.MtrunA17Chr3	+	47190196	47191286	-1.81832997086067	0.470717842127915	NS	-3.79786539895745	0.00513169962247215	DOWN
DOWN	dnf2_only	medtr.A17.gnm5.ann1_6.MtrunA17Chr5g0425911	MtrunA17Chr5g0425911			medtr.A17.gnm5.MtrunA17Chr5	-	27893070	27894075	-0.690846441904973	0.999999979788073	NS	-3.79326441900671	0.0133541151025263	DOWN
DOWN	dnf2_only	medtr.A17.gnm5.ann1_6.MtrunA17Chr5g0431121	MtrunA17Chr5g0431121			medtr.A17.gnm5.MtrunA17Chr5	+	32095079	32095892	-0.239305127950169	0.999999979788073	NS	-3.79160793591199	0.000148976879905509	DOWN
DOWN	dnf2_only	medtr.A17.gnm5.ann1_6.MtrunA17Chr6g0484251	MtrunA17Chr6g0484251	MtNCR130	Nodule-specific Cysteine-Rich peptide	medtr.A17.gnm5.MtrunA17Chr6	+	38782606	38783476	-0.0191982301162787	0.999999979788073	NS	-3.78955406698333	0.000201992453623883	DOWN
DOWN	dnf2_only	medtr.A17.gnm5.ann1_6.MtrunA17Chr8g0379901	MtrunA17Chr8g0379901	MtNIP1	NOD26-like intrinsic protein 1 (aquaporin)	medtr.A17.gnm5.MtrunA17Chr8	+	40340905	40343798	-0.630151215022829	0.999999979788073	NS	-3.78943920288973	1.22455788632472e-05	DOWN
DOWN	dnf2_only	medtr.A17.gnm5.ann1_6.MtrunA17Chr3g0112881	MtrunA17Chr3g0112881	MtNCR236	Nodule-specific Cysteine-Rich peptide	medtr.A17.gnm5.MtrunA17Chr3	+	34773058	34774076	-0.0996048704399665	0.999999979788073	NS	-3.78586089422346	0.00032019522069498	DOWN
DOWN	dnf2_only	medtr.A17.gnm5.ann1_6.MtrunA17Chr4g0008001	MtrunA17Chr4g0008001			medtr.A17.gnm5.MtrunA17Chr4	-	6226661	6227386	0.47927352766451	0.999999979788073	NS	-3.78537589120969	0.00739335247880822	DOWN
DOWN	dnf2_only	medtr.A17.gnm5.ann1_6.MtrunA17Chr7g0231371	MtrunA17Chr7g0231371			medtr.A17.gnm5.MtrunA17Chr7	-	20940608	20943762	-1.62373568296186	0.742110612009616	NS	-3.77996630057185	0.0157815962637963	DOWN
DOWN	dnf2_only	medtr.A17.gnm5.ann1_6.MtrunA17Chr3g0087971	MtrunA17Chr3g0087971	MtNCR241	Nodule-specific Cysteine-Rich peptide	medtr.A17.gnm5.MtrunA17Chr3	-	9509611	9510243	-0.900039305761766	0.999999979788073	NS	-3.7788910646169	2.03389069435677e-05	DOWN
DOWN	dnf2_only	medtr.A17.gnm5.ann1_6.MtrunA17Chr4g0028041	MtrunA17Chr4g0028041			medtr.A17.gnm5.MtrunA17Chr4	+	29042295	29044459	-0.249385081507473	0.999999979788073	NS	-3.7776400158617	5.73140426106663e-07	DOWN
DOWN	dnf2_only	medtr.A17.gnm5.ann1_6.MtrunA17Chr3g0083091	MtrunA17Chr3g0083091	MtNCR087	Nodule-specific Cysteine-Rich peptide	medtr.A17.gnm5.MtrunA17Chr3	-	4790226	4791820	-0.0639341484802888	0.999999979788073	NS	-3.77426097387518	2.50925241207306e-05	DOWN
DOWN	dnf2_only	medtr.A17.gnm5.ann1_6.MtrunA17Chr5g0408701	MtrunA17Chr5g0408701			medtr.A17.gnm5.MtrunA17Chr5	+	10724965	10725324	-1.37933248621605	0.628028391415042	NS	-3.76331148159614	0.000113411692994894	DOWN
DOWN	dnf2_only	medtr.A17.gnm5.ann1_6.MtrunA17Chr7g0234021	MtrunA17Chr7g0234021			medtr.A17.gnm5.MtrunA17Chr7	+	24446784	24448972	-0.368005255725926	0.999999979788073	NS	-3.76175261044592	9.35695140163561e-05	DOWN
DOWN	dnf2_only	medtr.A17.gnm5.ann1_6.MtrunA17Chr1g0170571	MtrunA17Chr1g0170571			medtr.A17.gnm5.MtrunA17Chr1	-	19330268	19332890	0.214185932394099	0.999999979788073	NS	-3.76074333523591	0.00175342319949561	DOWN
DOWN	dnf2_only	medtr.A17.gnm5.ann1_6.MtrunA17Chr6g0476551	MtrunA17Chr6g0476551	MtNCR149	Nodule-specific Cysteine-Rich peptide	medtr.A17.gnm5.MtrunA17Chr6	-	31370774	31371669	-0.324560119984108	0.999999979788073	NS	-3.7576353313939	0.000392091003219135	DOWN
DOWN	dnf2_only	medtr.A17.gnm5.ann1_6.MtrunA17Chr7g0251651	MtrunA17Chr7g0251651			medtr.A17.gnm5.MtrunA17Chr7	-	38813189	38814756	-0.792857917966049	0.999999979788073	NS	-3.75455227028932	1.15579501667879e-05	DOWN
DOWN	dnf2_only	medtr.A17.gnm5.ann1_6.MtrunA17Chr4g0026521	MtrunA17Chr4g0026521			medtr.A17.gnm5.MtrunA17Chr4	+	27377537	27381956	-0.019480874993904	0.999999979788073	NS	-3.75361827458244	7.23209414261631e-05	DOWN
DOWN	dnf2_only	medtr.A17.gnm5.ann1_6.MtrunA17Chr4g0021161	MtrunA17Chr4g0021161	MtNCR243	Nodule-specific Cysteine-Rich peptide	medtr.A17.gnm5.MtrunA17Chr4	-	18117340	18118924	-0.721883603390598	0.999999979788073	NS	-3.74945700705925	7.54019337989912e-05	DOWN
DOWN	dnf2_only	medtr.A17.gnm5.ann1_6.MtrunA17Chr2g0302881	MtrunA17Chr2g0302881			medtr.A17.gnm5.MtrunA17Chr2	-	20520121	20521748	-1.04590867584169	0.999999979788073	NS	-3.74818315283866	6.34341517181629e-05	DOWN
DOWN	dnf2_only	medtr.A17.gnm5.ann1_6.MtrunA17Chr8g0367831	MtrunA17Chr8g0367831			medtr.A17.gnm5.MtrunA17Chr8	-	31432442	31437289	0.430358381640914	0.999999979788073	NS	-3.74813919983857	0.00244858419743959	DOWN
DOWN	dnf2_only	medtr.A17.gnm5.ann1_6.MtrunA17Chr2g0282231	MtrunA17Chr2g0282231			medtr.A17.gnm5.MtrunA17Chr2	+	3718410	3721614	-0.629967676978617	0.999999979788073	NS	-3.7464264802306	6.3596211840229e-06	DOWN
DOWN	dnf2_only	medtr.A17.gnm5.ann1_6.MtrunA17Chr3g0100461	MtrunA17Chr3g0100461	MtCAML6	calmodulin-like 6	medtr.A17.gnm5.MtrunA17Chr3	-	25045161	25047473	-0.430250488263616	0.999999979788073	NS	-3.74464638243135	0.000132874422976601	DOWN
DOWN	dnf2_only	medtr.A17.gnm5.ann1_6.MtrunA17Chr4g0021671	MtrunA17Chr4g0021671			medtr.A17.gnm5.MtrunA17Chr4	-	20287994	20288447	-1.13186589080473	0.999999979788073	NS	-3.74183955639796	0.0143888446440829	DOWN
DOWN	dnf2_only	medtr.A17.gnm5.ann1_6.MtrunA17Chr3g0091141	MtrunA17Chr3g0091141	MtCKX6	cytokinin oxydase 6	medtr.A17.gnm5.MtrunA17Chr3	-	12390190	12394564	-1.75494812253878	0.437896453654486	NS	-3.74158825140238	0.00291972776001336	DOWN
DOWN	dnf2_only	medtr.A17.gnm5.ann1_6.MtrunA17Chr1g0162361	MtrunA17Chr1g0162361	MtGAOL3	Gibberellin-oxidase like 3	medtr.A17.gnm5.MtrunA17Chr1	-	12331294	12334457	-0.0576551764259473	0.999999979788073	NS	-3.74067294576699	0.00357668202295012	DOWN
DOWN	dnf2_only	medtr.A17.gnm5.ann1_6.MtrunA17Chr4g0030361	MtrunA17Chr4g0030361			medtr.A17.gnm5.MtrunA17Chr4	+	31004128	31013376	0.13196379888044	0.999999979788073	NS	-3.736781967773	0.0285810448843492	DOWN
DOWN	dnf2_only	medtr.A17.gnm5.ann1_6.MtrunA17Chr3g0101151	MtrunA17Chr3g0101151			medtr.A17.gnm5.MtrunA17Chr3	-	25559072	25563585	-0.579486816008165	0.999999979788073	NS	-3.73632942656814	6.49276864203483e-07	DOWN
DOWN	dnf2_only	medtr.A17.gnm5.ann1_6.MtrunA17Chr8g0348671	MtrunA17Chr8g0348671			medtr.A17.gnm5.MtrunA17Chr8	+	11268151	11269593	-0.756645492133455	0.999999979788073	NS	-3.73078138778995	0.000576461423357535	DOWN
DOWN	dnf2_only	medtr.A17.gnm5.ann1_6.MtrunA17Chr2g0320841	MtrunA17Chr2g0320841			medtr.A17.gnm5.MtrunA17Chr2	-	42032863	42035579	-0.0190331231736565	0.999999979788073	NS	-3.73003599035102	3.30154534471566e-07	DOWN
DOWN	dnf2_only	medtr.A17.gnm5.ann1_6.MtrunA17Chr4g0021691	MtrunA17Chr4g0021691			medtr.A17.gnm5.MtrunA17Chr4	-	20290596	20292663	-0.921456841512008	0.999999979788073	NS	-3.72769721086224	2.98679772869621e-05	DOWN
DOWN	dnf2_only	medtr.A17.gnm5.ann1_6.MtrunA17Chr7g0240331	MtrunA17Chr7g0240331	MtNCR351	Nodule-specific Cysteine-Rich peptide	medtr.A17.gnm5.MtrunA17Chr7	+	30172663	30175120	-0.203907014327452	0.999999979788073	NS	-3.72635040329525	0.00012841577749923	DOWN
DOWN	dnf2_only	medtr.A17.gnm5.ann1_6.MtrunA17Chr4g0051001	MtrunA17Chr4g0051001			medtr.A17.gnm5.MtrunA17Chr4	+	45719882	45723578	-0.850041212405665	0.999999979788073	NS	-3.72389708894107	0.000382181144206504	DOWN
DOWN	dnf2_only	medtr.A17.gnm5.ann1_6.MtrunA17Chr1g0159371	MtrunA17Chr1g0159371			medtr.A17.gnm5.MtrunA17Chr1	-	10052297	10053720	-0.422629141309261	0.999999979788073	NS	-3.72085419845681	0.000239420757388296	DOWN
DOWN	dnf2_only	medtr.A17.gnm5.ann1_6.MtrunA17Chr3g0136141	MtrunA17Chr3g0136141			medtr.A17.gnm5.MtrunA17Chr3	+	51816038	51819929	-0.0889204305853701	0.999999979788073	NS	-3.719057657994	0.000653952664401986	DOWN
DOWN	dnf2_only	medtr.A17.gnm5.ann1_6.MtrunA17Chr3g0112901	MtrunA17Chr3g0112901	MtNCR598	Nodule-specific Cysteine-Rich peptide	medtr.A17.gnm5.MtrunA17Chr3	+	34780342	34781218	-0.239963543930173	0.999999979788073	NS	-3.70890051995579	4.83895855668413e-05	DOWN
DOWN	dnf2_only	medtr.A17.gnm5.ann1_6.MtrunA17Chr5g0437961	MtrunA17Chr5g0437961			medtr.A17.gnm5.MtrunA17Chr5	+	37336144	37338982	-1.52806691978979	0.260612465181193	NS	-3.70654501855414	8.06645422613137e-06	DOWN
DOWN	dnf2_only	medtr.A17.gnm5.ann1_6.MtrunA17Chr1g0147731	MtrunA17Chr1g0147731			medtr.A17.gnm5.MtrunA17Chr1	+	1302208	1307128	-1.03188642433419	0.999999979788073	NS	-3.70386095042585	0.00861697472666792	DOWN
DOWN	dnf2_only	medtr.A17.gnm5.ann1_6.MtrunA17Chr7g0224301	MtrunA17Chr7g0224301	MtNCR162	Nodule-specific Cysteine-Rich peptide	medtr.A17.gnm5.MtrunA17Chr7	-	9518669	9520509	0.0539551208027367	0.999999979788073	NS	-3.69702200760357	0.000193990566186835	DOWN
DOWN	dnf2_only	medtr.A17.gnm5.ann1_6.MtrunA17Chr6g0488611	MtrunA17Chr6g0488611			medtr.A17.gnm5.MtrunA17Chr6	-	42538484	42540247	-0.375891482326946	0.999999979788073	NS	-3.69612843497157	8.06645422613137e-06	DOWN
DOWN	dnf2_only	medtr.A17.gnm5.ann1_6.MtrunA17Chr2g0303821	MtrunA17Chr2g0303821			medtr.A17.gnm5.MtrunA17Chr2	+	21591818	21593283	-0.252726099526136	0.999999979788073	NS	-3.69288505105216	6.38141953972983e-05	DOWN
DOWN	dnf2_only	medtr.A17.gnm5.ann1_6.MtrunA17Chr3g0106321	MtrunA17Chr3g0106321	MtNCR131	Nodule-specific Cysteine-Rich peptide	medtr.A17.gnm5.MtrunA17Chr3	+	30122261	30123408	-0.446142016617142	0.999999979788073	NS	-3.69200195900999	8.13627162953871e-05	DOWN
DOWN	dnf2_only	medtr.A17.gnm5.ann1_6.MtrunA17Chr6g0487871	MtrunA17Chr6g0487871	MtNCR200	Nodule-specific Cysteine-Rich peptide	medtr.A17.gnm5.MtrunA17Chr6	+	42009831	42011195	-0.182171439992425	0.999999979788073	NS	-3.68906277365869	8.5737222268552e-06	DOWN
DOWN	dnf2_only	medtr.A17.gnm5.ann1_6.MtrunA17Chr1g0171861	MtrunA17Chr1g0171861			medtr.A17.gnm5.MtrunA17Chr1	+	20574231	20575656	0.222420436372384	0.999999979788073	NS	-3.68613035542891	0.0075390508964909	DOWN
DOWN	dnf2_only	medtr.A17.gnm5.ann1_6.MtrunA17Chr2g0322041	MtrunA17Chr2g0322041			medtr.A17.gnm5.MtrunA17Chr2	+	42857256	42859500	-0.830682305263678	0.999999979788073	NS	-3.68492105312775	0.00258864706207077	DOWN
DOWN	dnf2_only	medtr.A17.gnm5.ann1_6.MtrunA17Chr6g0467191	MtrunA17Chr6g0467191	MtNCR135	Nodule-specific Cysteine-Rich peptide	medtr.A17.gnm5.MtrunA17Chr6	+	16073433	16074898	-0.000289911399255605	0.999999979788073	NS	-3.68122186857348	0.000361595957062571	DOWN
DOWN	dnf2_only	medtr.A17.gnm5.ann1_6.MtrunA17Chr7g0247661	MtrunA17Chr7g0247661			medtr.A17.gnm5.MtrunA17Chr7	-	35959187	35959985	0.43311104569713	0.999999979788073	NS	-3.67649929964062	0.00799369202725651	DOWN
DOWN	dnf2_only	medtr.A17.gnm5.ann1_6.MtrunA17Chr5g0420691	MtrunA17Chr5g0420691	MtNCR652	Nodule-specific Cysteine-Rich peptide	medtr.A17.gnm5.MtrunA17Chr5	+	21124155	21126599	-0.206861849207539	0.999999979788073	NS	-3.67528916895656	6.81480058886383e-06	DOWN
DOWN	dnf2_only	medtr.A17.gnm5.ann1_6.MtrunA17Chr6g0488761	MtrunA17Chr6g0488761			medtr.A17.gnm5.MtrunA17Chr6	-	42685683	42688958	-1.42660766499258	0.77481821789335	NS	-3.67398607279261	0.00442844415134264	DOWN
DOWN	dnf2_only	medtr.A17.gnm5.ann1_6.MtrunA17Chr7g0226691	MtrunA17Chr7g0226691	MtNCR246b	Nodule-specific Cysteine-Rich peptide	medtr.A17.gnm5.MtrunA17Chr7	-	11860227	11862004	-0.176419085500386	0.999999979788073	NS	-3.67149893768123	2.28620079671605e-05	DOWN
DOWN	dnf2_only	medtr.A17.gnm5.ann1_6.MtrunA17Chr3g0083191	MtrunA17Chr3g0083191			medtr.A17.gnm5.MtrunA17Chr3	-	4845160	4846684	-0.613532101579184	0.999999979788073	NS	-3.66715595435302	0.0195849049452114	DOWN
DOWN	dnf2_only	medtr.A17.gnm5.ann1_6.MtrunA17Chr4g0023551	MtrunA17Chr4g0023551			medtr.A17.gnm5.MtrunA17Chr4	-	24202117	24202911	-1.58311215646051	0.521012544624588	NS	-3.66379627591135	0.00143442685282077	DOWN
DOWN	dnf2_only	medtr.A17.gnm5.ann1_6.MtrunA17Chr1g0192871	MtrunA17Chr1g0192871			medtr.A17.gnm5.MtrunA17Chr1	+	41420650	41421909	-1.13591689189311	0.999999979788073	NS	-3.65998358631058	3.21879644667972e-05	DOWN
DOWN	dnf2_only	medtr.A17.gnm5.ann1_6.MtrunA17Chr7g0231291	MtrunA17Chr7g0231291			medtr.A17.gnm5.MtrunA17Chr7	-	20919469	20920626	-0.272828812270364	0.999999979788073	NS	-3.65509132959693	0.0362894234443478	DOWN
DOWN	dnf2_only	medtr.A17.gnm5.ann1_6.MtrunA17Chr7g0271311	MtrunA17Chr7g0271311			medtr.A17.gnm5.MtrunA17Chr7	+	52770000	52770957	-0.35234142535323	0.999999979788073	NS	-3.65432345086667	0.0056417183778384	DOWN
DOWN	dnf2_only	medtr.A17.gnm5.ann1_6.MtrunA17Chr7g0257091	MtrunA17Chr7g0257091			medtr.A17.gnm5.MtrunA17Chr7	+	42742585	42744927	-0.40787207167536	0.999999979788073	NS	-3.65224937416862	6.05112342572442e-05	DOWN
DOWN	dnf2_only	medtr.A17.gnm5.ann1_6.MtrunA17Chr6g0485191	MtrunA17Chr6g0485191	MtSULTR3.5	sulfate transporter	medtr.A17.gnm5.MtrunA17Chr6	-	39718800	39726115	-0.858832497999529	0.999999979788073	NS	-3.65207593493952	2.94833920449033e-05	DOWN
DOWN	dnf2_only	medtr.A17.gnm5.ann1_6.MtrunA17Chr1g0175091	MtrunA17Chr1g0175091			medtr.A17.gnm5.MtrunA17Chr1	-	26491309	26495118	-1.7952715801822	0.123643417310912	NS	-3.64601109379651	5.33480258949188e-05	DOWN
DOWN	dnf2_only	medtr.A17.gnm5.ann1_6.MtrunA17Chr4g0003581	MtrunA17Chr4g0003581			medtr.A17.gnm5.MtrunA17Chr4	+	2717736	2719875	0.951595280076714	0.999999979788073	NS	-3.63048621870168	2.51317627897906e-06	DOWN
DOWN	dnf2_only	medtr.A17.gnm5.ann1_6.MtrunA17Chr4g0029751	MtrunA17Chr4g0029751			medtr.A17.gnm5.MtrunA17Chr4	-	30508312	30509319	-0.420487003678749	0.999999979788073	NS	-3.62911209992969	5.36537809425839e-05	DOWN
DOWN	dnf2_only	medtr.A17.gnm5.ann1_6.MtrunA17Chr3g0112941	MtrunA17Chr3g0112941			medtr.A17.gnm5.MtrunA17Chr3	-	34784532	34785046	0.387392671698312	0.999999979788073	NS	-3.62798318048016	0.000360557765411956	DOWN
DOWN	dnf2_only	medtr.A17.gnm5.ann1_6.MtrunA17Chr3g0094191	MtrunA17Chr3g0094191	MtNCR419	Nodule-specific Cysteine-Rich peptide	medtr.A17.gnm5.MtrunA17Chr3	+	16671494	16672855	-0.741132880024941	0.999999979788073	NS	-3.62599497016514	8.02233544977582e-06	DOWN
DOWN	dnf2_only	medtr.A17.gnm5.ann1_6.MtrunA17Chr7g0216431	MtrunA17Chr7g0216431	MtNCR144	Nodule-specific Cysteine-Rich peptide	medtr.A17.gnm5.MtrunA17Chr7	-	2113382	2113990	-1.40724057351963	0.649472781337052	NS	-3.62128034295446	0.000219483115189229	DOWN
DOWN	dnf2_only	medtr.A17.gnm5.ann1_6.MtrunA17Chr6g0474231	MtrunA17Chr6g0474231	MtNCR223	Nodule-specific Cysteine-Rich peptide	medtr.A17.gnm5.MtrunA17Chr6	-	27919246	27921649	0.312345045550198	0.999999979788073	NS	-3.61869877933248	1.25376452862357e-05	DOWN
DOWN	dnf2_only	medtr.A17.gnm5.ann1_6.MtrunA17Chr5g0446371	MtrunA17Chr5g0446371			medtr.A17.gnm5.MtrunA17Chr5	-	42976881	42979336	-0.915374171640058	0.999999979788073	NS	-3.61807749717148	1.29961877071571e-05	DOWN
DOWN	dnf2_only	medtr.A17.gnm5.ann1_6.MtrunA17Chr3g0085061	MtrunA17Chr3g0085061			medtr.A17.gnm5.MtrunA17Chr3	-	6410676	6412089	-1.09343050095169	0.999999979788073	NS	-3.61780478153112	0.000429292542179146	DOWN
DOWN	dnf2_only	medtr.A17.gnm5.ann1_6.MtrunA17Chr6g0488841	MtrunA17Chr6g0488841			medtr.A17.gnm5.MtrunA17Chr6	-	42762376	42764175	-0.495151759619718	0.999999979788073	NS	-3.61765591423194	0.000189001529029071	DOWN
DOWN	dnf2_only	medtr.A17.gnm5.ann1_6.MtrunA17Chr6g0474171	MtrunA17Chr6g0474171	MtNCR150	Nodule-specific Cysteine-Rich peptide	medtr.A17.gnm5.MtrunA17Chr6	+	27755558	27756977	-0.044376984834639	0.999999979788073	NS	-3.61475184111085	8.24039770445029e-05	DOWN
DOWN	dnf2_only	medtr.A17.gnm5.ann1_6.MtrunA17Chr5g0431771	MtrunA17Chr5g0431771	MtNCR146	Nodule-specific Cysteine-Rich peptide	medtr.A17.gnm5.MtrunA17Chr5	+	32584780	32585767	-0.441644140240161	0.999999979788073	NS	-3.61252547472461	0.000377207411576795	DOWN
DOWN	dnf2_only	medtr.A17.gnm5.ann1_6.MtrunA17Chr5g0408691	MtrunA17Chr5g0408691			medtr.A17.gnm5.MtrunA17Chr5	-	10722900	10725519	-1.263024366823	0.832546282407219	NS	-3.6119513571605	0.000194544800495723	DOWN
DOWN	dnf2_only	medtr.A17.gnm5.ann1_6.MtrunA17Chr5g0408711	MtrunA17Chr5g0408711	MtNCR227	Nodule-specific Cysteine-Rich peptide	medtr.A17.gnm5.MtrunA17Chr5	+	10725854	10729039	-0.2607234225325	0.999999979788073	NS	-3.60980436568429	4.72084194618943e-05	DOWN
DOWN	dnf2_only	medtr.A17.gnm5.ann1_6.MtrunA17Chr4g0032671	MtrunA17Chr4g0032671			medtr.A17.gnm5.MtrunA17Chr4	-	32741506	32741902	-1.63836923937076	0.360927155217305	NS	-3.60979126325954	0.000481573350266929	DOWN
DOWN	dnf2_only	medtr.A17.gnm5.ann1_6.MtrunA17Chr6g0453201	MtrunA17Chr6g0453201			medtr.A17.gnm5.MtrunA17Chr6	-	3532906	3535186	1.3347211582069	0.742875501908839	NS	-3.60902442836274	0.00139939452432555	DOWN
DOWN	dnf2_only	medtr.A17.gnm5.ann1_6.MtrunA17Chr1g0167671	MtrunA17Chr1g0167671			medtr.A17.gnm5.MtrunA17Chr1	+	16534014	16535776	0.536369147995433	0.999999979788073	NS	-3.60371873543957	0.00250371275950565	DOWN
DOWN	dnf2_only	medtr.A17.gnm5.ann1_6.MtrunA17Chr6g0458631	MtrunA17Chr6g0458631			medtr.A17.gnm5.MtrunA17Chr6	-	8051502	8052610	-2.25366228556524	0.371685219645656	NS	-3.59717312335834	0.0260041290557243	DOWN
DOWN	dnf2_only	medtr.A17.gnm5.ann1_6.MtrunA17Chr6g0475711	MtrunA17Chr6g0475711	MtNCR001	Nodule-specific Cysteine-Rich peptide	medtr.A17.gnm5.MtrunA17Chr6	+	30192680	30194264	-0.0254435849436103	0.999999979788073	NS	-3.5931299330921	0.000312401491693599	DOWN
DOWN	dnf2_only	medtr.A17.gnm5.ann1_6.MtrunA17Chr4g0073311	MtrunA17Chr4g0073311			medtr.A17.gnm5.MtrunA17Chr4	-	62255846	62260556	0.235915499302056	0.999999979788073	NS	-3.59234953367624	0.0157215747533334	DOWN
DOWN	dnf2_only	medtr.A17.gnm5.ann1_6.MtrunA17Chr7g0242731	MtrunA17Chr7g0242731			medtr.A17.gnm5.MtrunA17Chr7	-	32201843	32204357	0.160354819389365	0.999999979788073	NS	-3.59172769995166	0.0174316084409161	DOWN
DOWN	dnf2_only	medtr.A17.gnm5.ann1_6.MtrunA17Chr1g0172371	MtrunA17Chr1g0172371	MtNCR392	Nodule-specific Cysteine-Rich peptide	medtr.A17.gnm5.MtrunA17Chr1	-	21320109	21322163	-0.0151791714633706	0.999999979788073	NS	-3.5910695896368	0.000419705170644821	DOWN
DOWN	dnf2_only	medtr.A17.gnm5.ann1_6.MtrunA17Chr1g0185441	MtrunA17Chr1g0185441			medtr.A17.gnm5.MtrunA17Chr1	-	35873659	35874539	-0.733335838390436	0.999999979788073	NS	-3.58883698410805	0.00186027394095747	DOWN
DOWN	dnf2_only	medtr.A17.gnm5.ann1_6.MtrunA17Chr2g0333641	MtrunA17Chr2g0333641			medtr.A17.gnm5.MtrunA17Chr2	+	51390086	51395734	-0.454273859193245	0.999999979788073	NS	-3.58841081140906	0.000592512625483077	DOWN
DOWN	dnf2_only	medtr.A17.gnm5.ann1_6.MtrunA17Chr3g0100441	MtrunA17Chr3g0100441			medtr.A17.gnm5.MtrunA17Chr3	+	25041277	25044992	-1.51373807295647	0.564558407389847	NS	-3.58791175267621	0.000874302737749178	DOWN
DOWN	dnf2_only	medtr.A17.gnm5.ann1_6.MtrunA17Chr1g0186891	MtrunA17Chr1g0186891	MtNCR587	Nodule-specific Cysteine-Rich peptide	medtr.A17.gnm5.MtrunA17Chr1	-	37103066	37103959	-1.04444812427203	0.999999979788073	NS	-3.58358613451128	0.000627804186476604	DOWN
DOWN	dnf2_only	medtr.A17.gnm5.ann1_6.MtrunA17Chr1g0173221	MtrunA17Chr1g0173221			medtr.A17.gnm5.MtrunA17Chr1	-	22593769	22593873	-0.272694363300696	0.999999979788073	NS	-3.58217532729392	0.00783956351282742	DOWN
DOWN	dnf2_only	medtr.A17.gnm5.ann1_6.MtrunA17Chr7g0214861	MtrunA17Chr7g0214861			medtr.A17.gnm5.MtrunA17Chr7	-	1098473	1099684	-0.563802468681139	0.999999979788073	NS	-3.57851979758011	6.99999279420221e-05	DOWN
DOWN	dnf2_only	medtr.A17.gnm5.ann1_6.MtrunA17Chr3g0083021	MtrunA17Chr3g0083021			medtr.A17.gnm5.MtrunA17Chr3	+	4725880	4727343	-2.23295329965345	0.20369899354015	NS	-3.5766974234395	0.00571867961284788	DOWN
DOWN	dnf2_only	medtr.A17.gnm5.ann1_6.MtrunA17Chr3g0107841	MtrunA17Chr3g0107841			medtr.A17.gnm5.MtrunA17Chr3	+	31304224	31304824	0.000758733927323675	0.999999979788073	NS	-3.57198534172504	0.00199364644375363	DOWN
DOWN	dnf2_only	medtr.A17.gnm5.ann1_6.MtrunA17Chr7g0231421	MtrunA17Chr7g0231421			medtr.A17.gnm5.MtrunA17Chr7	+	20954884	20956191	0.348571667143611	0.999999979788073	NS	-3.57071132949677	2.51317627897906e-06	DOWN
DOWN	dnf2_only	medtr.A17.gnm5.ann1_6.MtrunA17Chr7g0255561	MtrunA17Chr7g0255561			medtr.A17.gnm5.MtrunA17Chr7	-	41465728	41468702	0.412498856934639	0.999999979788073	NS	-3.56609581713113	0.00045436972767298	DOWN
DOWN	dnf2_only	medtr.A17.gnm5.ann1_6.MtrunA17Chr3g0084841	MtrunA17Chr3g0084841			medtr.A17.gnm5.MtrunA17Chr3	-	6265961	6271242	0.410736019203899	0.999999979788073	NS	-3.56390298357138	0.00334836160077518	DOWN
DOWN	dnf2_only	medtr.A17.gnm5.ann1_6.MtrunA17Chr8g0387251	MtrunA17Chr8g0387251			medtr.A17.gnm5.MtrunA17Chr8	+	45354124	45354642	0.581051072921617	0.999999979788073	NS	-3.56260847791413	0.0228743949409198	DOWN
DOWN	dnf2_only	medtr.A17.gnm5.ann1_6.MtrunA17Chr2g0302831	MtrunA17Chr2g0302831			medtr.A17.gnm5.MtrunA17Chr2	-	20505252	20506257	-1.12473078282711	0.999999979788073	NS	-3.5608321792784	0.000274719128573941	DOWN
DOWN	dnf2_only	medtr.A17.gnm5.ann1_6.MtrunA17Chr3g0083231	MtrunA17Chr3g0083231			medtr.A17.gnm5.MtrunA17Chr3	+	4866498	4868953	-1.54796160479917	0.350320008049388	NS	-3.55658063895602	6.82481379661994e-05	DOWN
DOWN	dnf2_only	medtr.A17.gnm5.ann1_6.MtrunA17Chr7g0224771	MtrunA17Chr7g0224771	MtNCR-new69	Nodule-specific Cysteine-Rich peptide	medtr.A17.gnm5.MtrunA17Chr7	-	10093639	10096637	-0.183085922765205	0.999999979788073	NS	-3.55631596476067	6.3596211840229e-06	DOWN
DOWN	dnf2_only	medtr.A17.gnm5.ann1_6.MtrunA17Chr7g0233971	MtrunA17Chr7g0233971	MtNCR349	Nodule-specific Cysteine-Rich peptide	medtr.A17.gnm5.MtrunA17Chr7	+	24433611	24434665	-0.332166594202114	0.999999979788073	NS	-3.55552185359471	0.0148109520111253	DOWN
DOWN	dnf2_only	medtr.A17.gnm5.ann1_6.MtrunA17Chr3g0080081	MtrunA17Chr3g0080081			medtr.A17.gnm5.MtrunA17Chr3	+	2375316	2376300	-0.0620008457814568	0.999999979788073	NS	-3.5551587087781	0.000313633589860991	DOWN
DOWN	dnf2_only	medtr.A17.gnm5.ann1_6.MtrunA17Chr2g0306691	MtrunA17Chr2g0306691			medtr.A17.gnm5.MtrunA17Chr2	-	28774197	28776061	-0.524359177261477	0.999999979788073	NS	-3.55224440509865	0.000714725141796406	DOWN
DOWN	dnf2_only	medtr.A17.gnm5.ann1_6.MtrunA17Chr3g0099021	MtrunA17Chr3g0099021	MtNCR370	Nodule-specific Cysteine-Rich peptide	medtr.A17.gnm5.MtrunA17Chr3	+	23828311	23829527	-0.651370672391925	0.999999979788073	NS	-3.55102807455746	0.000125967966679609	DOWN
DOWN	dnf2_only	medtr.A17.gnm5.ann1_6.MtrunA17Chr7g0233851	MtrunA17Chr7g0233851			medtr.A17.gnm5.MtrunA17Chr7	-	24288088	24289549	-0.638172280258202	0.999999979788073	NS	-3.55092259704559	0.00160878569795269	DOWN
DOWN	dnf2_only	medtr.A17.gnm5.ann1_6.MtrunA17Chr6g0450511	MtrunA17Chr6g0450511			medtr.A17.gnm5.MtrunA17Chr6	-	1196149	1197449	-0.000257918905966227	0.999999979788073	NS	-3.55005828880826	2.96245563773057e-05	DOWN
DOWN	dnf2_only	medtr.A17.gnm5.ann1_6.MtrunA17Chr1g0178551	MtrunA17Chr1g0178551			medtr.A17.gnm5.MtrunA17Chr1	+	30037648	30038888	-0.732618428380258	0.999999979788073	NS	-3.54948747858712	0.000259280866470547	DOWN
DOWN	dnf2_only	medtr.A17.gnm5.ann1_6.MtrunA17Chr3g0113301	MtrunA17Chr3g0113301			medtr.A17.gnm5.MtrunA17Chr3	+	35024829	35025430	-1.30402404668633	0.999999979788073	NS	-3.54930040358447	0.0318120656726644	DOWN
DOWN	dnf2_only	medtr.A17.gnm5.ann1_6.MtrunA17Chr6g0464481	MtrunA17Chr6g0464481			medtr.A17.gnm5.MtrunA17Chr6	+	13674589	13675799	-1.09548006505311	0.999999979788073	NS	-3.54868811575013	0.000430088921241513	DOWN
DOWN	dnf2_only	medtr.A17.gnm5.ann1_6.MtrunA17Chr6g0477561	MtrunA17Chr6g0477561			medtr.A17.gnm5.MtrunA17Chr6	+	32342889	32351662	-0.73546531669617	0.999999979788073	NS	-3.54188336059526	0.000164197735076158	DOWN
DOWN	dnf2_only	medtr.A17.gnm5.ann1_6.MtrunA17Chr8g0372171	MtrunA17Chr8g0372171			medtr.A17.gnm5.MtrunA17Chr8	+	34726246	34733812	-0.58937030076003	0.999999979788073	NS	-3.54123737754123	5.8043899653016e-05	DOWN
DOWN	dnf2_only	medtr.A17.gnm5.ann1_6.MtrunA17Chr5g0446361	MtrunA17Chr5g0446361	MtNCR331	Nodule-specific Cysteine-Rich peptide	medtr.A17.gnm5.MtrunA17Chr5	+	42976873	42979349	-0.926348314482233	0.999999979788073	NS	-3.5313357869694	7.7232001291971e-05	DOWN
DOWN	dnf2_only	medtr.A17.gnm5.ann1_6.MtrunA17Chr2g0306701	MtrunA17Chr2g0306701			medtr.A17.gnm5.MtrunA17Chr2	+	28775773	28776186	-0.563052163493891	0.999999979788073	NS	-3.52528026727437	0.00429532920909705	DOWN
DOWN	dnf2_only	medtr.A17.gnm5.ann1_6.MtrunA17Chr2g0306441	MtrunA17Chr2g0306441			medtr.A17.gnm5.MtrunA17Chr2	+	27935209	27943809	-0.527614442294466	0.999999979788073	NS	-3.52060088586567	0.000444994545052054	DOWN
DOWN	dnf2_only	medtr.A17.gnm5.ann1_6.MtrunA17Chr3g0078051	MtrunA17Chr3g0078051			medtr.A17.gnm5.MtrunA17Chr3	-	686210	687872	-2.13717113038017	0.24108625280274	NS	-3.52045062099182	0.00596778625522702	DOWN
DOWN	dnf2_only	medtr.A17.gnm5.ann1_6.MtrunA17Chr1g0176531	MtrunA17Chr1g0176531	MtNCR198	Nodule-specific Cysteine-Rich peptide	medtr.A17.gnm5.MtrunA17Chr1	+	28095645	28099586	-0.491292425700277	0.999999979788073	NS	-3.52032126828028	0.000212605853449703	DOWN
DOWN	dnf2_only	medtr.A17.gnm5.ann1_6.MtrunA17Chr7g0256301	MtrunA17Chr7g0256301			medtr.A17.gnm5.MtrunA17Chr7	+	42142979	42146888	-2.32974960339495	0.174151685279928	NS	-3.51995585980973	0.00526550312375257	DOWN
DOWN	dnf2_only	medtr.A17.gnm5.ann1_6.MtrunA17Chr7g0232151	MtrunA17Chr7g0232151			medtr.A17.gnm5.MtrunA17Chr7	+	21976461	21977133	-1.54722519332944	0.628138707412544	NS	-3.51724158752391	0.00515254807931058	DOWN
DOWN	dnf2_only	medtr.A17.gnm5.ann1_6.MtrunA17Chr5g0435631	MtrunA17Chr5g0435631			medtr.A17.gnm5.MtrunA17Chr5	-	35630124	35635279	-1.83005852782783	0.319368838825732	NS	-3.51432848199234	0.00266931703060575	DOWN
DOWN	dnf2_only	medtr.A17.gnm5.ann1_6.MtrunA17Chr8g0348271	MtrunA17Chr8g0348271			medtr.A17.gnm5.MtrunA17Chr8	+	10947668	10948452	-0.279471371285919	0.999999979788073	NS	-3.51351568875285	0.0086408485554789	DOWN
DOWN	dnf2_only	medtr.A17.gnm5.ann1_6.MtrunA17Chr1g0185741	MtrunA17Chr1g0185741			medtr.A17.gnm5.MtrunA17Chr1	+	36091899	36094915	-1.47373447944173	0.631673867379084	NS	-3.51233417342985	0.00144273649210556	DOWN
DOWN	dnf2_only	medtr.A17.gnm5.ann1_6.MtrunA17Chr8g0362101	MtrunA17Chr8g0362101	MtNCR741	Nodule-specific Cysteine-Rich peptide	medtr.A17.gnm5.MtrunA17Chr8	+	26688107	26692128	-0.137280112782217	0.999999979788073	NS	-3.51045096974135	3.80026826692721e-05	DOWN
DOWN	dnf2_only	medtr.A17.gnm5.ann1_6.MtrunA17Chr6g0477571	MtrunA17Chr6g0477571			medtr.A17.gnm5.MtrunA17Chr6	-	32343572	32347472	-0.652867394449773	0.999999979788073	NS	-3.50922503365363	0.000494301738667894	DOWN
DOWN	dnf2_only	medtr.A17.gnm5.ann1_6.MtrunA17Chr2g0322101	MtrunA17Chr2g0322101			medtr.A17.gnm5.MtrunA17Chr2	+	42893634	42895138	-0.974014918186805	0.999999979788073	NS	-3.5076122690923	0.0368097262245837	DOWN
DOWN	dnf2_only	medtr.A17.gnm5.ann1_6.MtrunA17Chr7g0268591	MtrunA17Chr7g0268591			medtr.A17.gnm5.MtrunA17Chr7	+	50937618	50939278	0.094558575224566	0.999999979788073	NS	-3.50745935509372	0.00272882579002095	DOWN
DOWN	dnf2_only	medtr.A17.gnm5.ann1_6.MtrunA17Chr1g0184591	MtrunA17Chr1g0184591			medtr.A17.gnm5.MtrunA17Chr1	+	35098530	35103347	-0.617030929155774	0.999999979788073	NS	-3.50585707946775	0.00147208776240062	DOWN
DOWN	dnf2_only	medtr.A17.gnm5.ann1_6.MtrunA17Chr1g0159361	MtrunA17Chr1g0159361	MtNCR524	Nodule-specific Cysteine-Rich peptide	medtr.A17.gnm5.MtrunA17Chr1	+	10051721	10052284	0.206196593251285	0.999999979788073	NS	-3.50539651106264	0.000105668508499795	DOWN
DOWN	dnf2_only	medtr.A17.gnm5.ann1_6.MtrunA17Chr4g0067831	MtrunA17Chr4g0067831			medtr.A17.gnm5.MtrunA17Chr4	-	58133987	58135723	-0.985937493637229	0.999999979788073	NS	-3.50516953426209	4.43525070409569e-05	DOWN
DOWN	dnf2_only	medtr.A17.gnm5.ann1_6.MtrunA17Chr8g0349121	MtrunA17Chr8g0349121			medtr.A17.gnm5.MtrunA17Chr8	+	11674841	11677488	0.704790767177637	0.999999979788073	NS	-3.50161218850603	0.0215734038611243	DOWN
DOWN	dnf2_only	medtr.A17.gnm5.ann1_6.MtrunA17Chr3g0080971	MtrunA17Chr3g0080971			medtr.A17.gnm5.MtrunA17Chr3	+	3039418	3040918	-0.526061394111825	0.999999979788073	NS	-3.49941601874932	1.35342922962619e-05	DOWN
DOWN	dnf2_only	medtr.A17.gnm5.ann1_6.MtrunA17Chr7g0268301	MtrunA17Chr7g0268301			medtr.A17.gnm5.MtrunA17Chr7	-	50737337	50739290	-0.297358446437539	0.999999979788073	NS	-3.49814913685273	0.00130942749454054	DOWN
DOWN	dnf2_only	medtr.A17.gnm5.ann1_6.MtrunA17Chr5g0425071	MtrunA17Chr5g0425071			medtr.A17.gnm5.MtrunA17Chr5	-	27101871	27104366	0.840373736182146	0.999999979788073	NS	-3.49603784881202	0.00172338468608326	DOWN
DOWN	dnf2_only	medtr.A17.gnm5.ann1_6.MtrunA17Chr6g0466101	MtrunA17Chr6g0466101			medtr.A17.gnm5.MtrunA17Chr6	+	15167639	15168757	-0.0724584263267737	0.999999979788073	NS	-3.49490584783235	0.0349664826372376	DOWN
DOWN	dnf2_only	medtr.A17.gnm5.ann1_6.MtrunA17Chr7g0214871	MtrunA17Chr7g0214871			medtr.A17.gnm5.MtrunA17Chr7	+	1098875	1099565	-0.681571785317944	0.999999979788073	NS	-3.4929534225009	8.51526684442767e-05	DOWN
DOWN	dnf2_only	medtr.A17.gnm5.ann1_6.MtrunA17Chr7g0243991	MtrunA17Chr7g0243991	MtNCR327	Nodule-specific Cysteine-Rich peptide	medtr.A17.gnm5.MtrunA17Chr7	+	33157316	33162565	-1.10576463865608	0.999999979788073	NS	-3.48963847796555	0.000307396323154238	DOWN
DOWN	dnf2_only	medtr.A17.gnm5.ann1_6.MtrunA17Chr7g0239111	MtrunA17Chr7g0239111			medtr.A17.gnm5.MtrunA17Chr7	-	29244954	29247761	0.281411281227179	0.999999979788073	NS	-3.48620909306328	7.48021402096532e-05	DOWN
DOWN	dnf2_only	medtr.A17.gnm5.ann1_6.MtrunA17Chr1g0196571	MtrunA17Chr1g0196571			medtr.A17.gnm5.MtrunA17Chr1	-	44098972	44119724	-0.165372966001048	0.999999979788073	NS	-3.48595192259496	0.00513223120809633	DOWN
DOWN	dnf2_only	medtr.A17.gnm5.ann1_6.MtrunA17Chr5g0426771	MtrunA17Chr5g0426771			medtr.A17.gnm5.MtrunA17Chr5	-	28604593	28605259	0.0727669755116443	0.999999979788073	NS	-3.48302938162496	0.00220763334483436	DOWN
DOWN	dnf2_only	medtr.A17.gnm5.ann1_6.MtrunA17Chr7g0244121	MtrunA17Chr7g0244121	MtNCR164	Nodule-specific Cysteine-Rich peptide	medtr.A17.gnm5.MtrunA17Chr7	+	33255080	33256460	-0.300027897904163	0.999999979788073	NS	-3.48191641176131	0.000215632013135125	DOWN
DOWN	dnf2_only	medtr.A17.gnm5.ann1_6.MtrunA17Chr6g0464741	MtrunA17Chr6g0464741			medtr.A17.gnm5.MtrunA17Chr6	-	13996075	13997183	-0.133622293493634	0.999999979788073	NS	-3.48173861338115	0.00377347000135139	DOWN
DOWN	dnf2_only	medtr.A17.gnm5.ann1_6.MtrunA17Chr6g0475591	MtrunA17Chr6g0475591			medtr.A17.gnm5.MtrunA17Chr6	-	30055405	30057364	0.284272416040435	0.999999979788073	NS	-3.48124387532289	0.0174756203240813	DOWN
DOWN	dnf2_only	medtr.A17.gnm5.ann1_6.MtrunA17Chr4g0050681	MtrunA17Chr4g0050681	MtNCR500	Nodule-specific Cysteine-Rich peptide	medtr.A17.gnm5.MtrunA17Chr4	+	45566155	45566839	0.362991627823065	0.999999979788073	NS	-3.47789946943597	0.00047001159762383	DOWN
DOWN	dnf2_only	medtr.A17.gnm5.ann1_6.MtrunA17Chr5g0429111	MtrunA17Chr5g0429111			medtr.A17.gnm5.MtrunA17Chr5	+	30595962	30599645	-0.818534947227753	0.999999979788073	NS	-3.47626656734502	0.000917315376254244	DOWN
DOWN	dnf2_only	medtr.A17.gnm5.ann1_6.MtrunA17Chr4g0055251	MtrunA17Chr4g0055251			medtr.A17.gnm5.MtrunA17Chr4	+	48952123	48954120	-0.629432122334604	0.999999979788073	NS	-3.47306632185394	3.80629342831849e-05	DOWN
DOWN	dnf2_only	medtr.A17.gnm5.ann1_6.MtrunA17Chr8g0358381	MtrunA17Chr8g0358381	MtNCR-new84	Nodule-specific Cysteine-Rich peptide	medtr.A17.gnm5.MtrunA17Chr8	-	20611607	20613962	-0.584915127559334	0.999999979788073	NS	-3.47173452830883	1.84650909947916e-06	DOWN
DOWN	dnf2_only	medtr.A17.gnm5.ann1_6.MtrunA17Chr2g0329491	MtrunA17Chr2g0329491			medtr.A17.gnm5.MtrunA17Chr2	+	48492033	48496039	-0.290525785108649	0.999999979788073	NS	-3.47128679709203	0.00649455623027195	DOWN
DOWN	dnf2_only	medtr.A17.gnm5.ann1_6.MtrunA17Chr4g0008361	MtrunA17Chr4g0008361			medtr.A17.gnm5.MtrunA17Chr4	-	6386758	6389594	-0.719182015076712	0.999999979788073	NS	-3.47113464616317	0.000109930111081975	DOWN
DOWN	dnf2_only	medtr.A17.gnm5.ann1_6.MtrunA17Chr5g0430831	MtrunA17Chr5g0430831			medtr.A17.gnm5.MtrunA17Chr5	+	31906725	31907069	-0.988796369304738	0.999999979788073	NS	-3.46687688189199	0.0104496357592969	DOWN
DOWN	dnf2_only	medtr.A17.gnm5.ann1_6.MtrunA17Chr2g0310651	MtrunA17Chr2g0310651			medtr.A17.gnm5.MtrunA17Chr2	-	33611825	33620699	-0.0988132964286302	0.999999979788073	NS	-3.46374519285705	0.000601579994029159	DOWN
DOWN	dnf2_only	medtr.A17.gnm5.ann1_6.MtrunA17Chr4g0050831	MtrunA17Chr4g0050831			medtr.A17.gnm5.MtrunA17Chr4	+	45651345	45652215	-1.3108375045611	0.978784925162289	NS	-3.461696694652	0.00993354928364315	DOWN
DOWN	dnf2_only	medtr.A17.gnm5.ann1_6.MtrunA17Chr2g0306841	MtrunA17Chr2g0306841			medtr.A17.gnm5.MtrunA17Chr2	-	28937902	28941379	-0.588666889787549	0.999999979788073	NS	-3.45938959567492	8.64842951371875e-05	DOWN
DOWN	dnf2_only	medtr.A17.gnm5.ann1_6.MtrunA17Chr7g0215871	MtrunA17Chr7g0215871	MtNCR154	Nodule-specific Cysteine-Rich peptide	medtr.A17.gnm5.MtrunA17Chr7	+	1834908	1836093	-0.264038844701033	0.999999979788073	NS	-3.45901278328916	0.000225743269495927	DOWN
DOWN	dnf2_only	medtr.A17.gnm5.ann1_6.MtrunA17Chr3g0081441	MtrunA17Chr3g0081441			medtr.A17.gnm5.MtrunA17Chr3	-	3423810	3427647	-0.663873639678658	0.999999979788073	NS	-3.45851739823683	0.000814934122039027	DOWN
DOWN	dnf2_only	medtr.A17.gnm5.ann1_6.MtrunA17Chr6g0453731	MtrunA17Chr6g0453731			medtr.A17.gnm5.MtrunA17Chr6	-	4018243	4022588	3.12773464675748	0.00036777767073619	UP	-3.45277209052779	0.000592512625483077	DOWN
DOWN	dnf2_only	medtr.A17.gnm5.ann1_6.MtrunA17Chr4g0043081	MtrunA17Chr4g0043081			medtr.A17.gnm5.MtrunA17Chr4	-	40226485	40228927	-0.76535681937208	0.999999979788073	NS	-3.44358112218353	0.000387956300305865	DOWN
DOWN	dnf2_only	medtr.A17.gnm5.ann1_6.MtrunA17Chr6g0457981	MtrunA17Chr6g0457981	MtNCR122	Nodule-specific Cysteine-Rich peptide	medtr.A17.gnm5.MtrunA17Chr6	-	7595692	7596654	0.213216421936846	0.999999979788073	NS	-3.44306256973942	3.6466558270792e-07	DOWN
DOWN	dnf2_only	medtr.A17.gnm5.ann1_6.MtrunA17Chr4g0026511	MtrunA17Chr4g0026511	MtNCR010	Nodule-specific Cysteine-Rich peptide	medtr.A17.gnm5.MtrunA17Chr4	+	27374638	27377535	0.0755536212030504	0.999999979788073	NS	-3.4381331682661	6.99999279420221e-05	DOWN
DOWN	dnf2_only	medtr.A17.gnm5.ann1_6.MtrunA17Chr1g0167851	MtrunA17Chr1g0167851			medtr.A17.gnm5.MtrunA17Chr1	-	16772179	16773045	0.993416416615043	0.999999979788073	NS	-3.43758886630232	0.00115074299321252	DOWN
DOWN	dnf2_only	medtr.A17.gnm5.ann1_6.MtrunA17Chr1g0168161	MtrunA17Chr1g0168161	MtETR3	ethylene receptor-like 3	medtr.A17.gnm5.MtrunA17Chr1	-	17033661	17037939	0.0843169881238308	0.999999979788073	NS	-3.43428798208869	0.000499118248325874	DOWN
DOWN	dnf2_only	medtr.A17.gnm5.ann1_6.MtrunA17Chr5g0423711	MtrunA17Chr5g0423711	MtNCR273	Nodule-specific Cysteine-Rich peptide	medtr.A17.gnm5.MtrunA17Chr5	+	25523341	25524143	-0.308892585439252	0.999999979788073	NS	-3.43236582405781	0.00701814433946267	DOWN
DOWN	dnf2_only	medtr.A17.gnm5.ann1_6.MtrunA17Chr3g0100551	MtrunA17Chr3g0100551			medtr.A17.gnm5.MtrunA17Chr3	+	25081158	25086056	-1.08291039295531	0.999999979788073	NS	-3.43034014631307	6.31061354781426e-05	DOWN
DOWN	dnf2_only	medtr.A17.gnm5.ann1_6.MtrunA17Chr3g0110841	MtrunA17Chr3g0110841	MtNCR082	Nodule-specific Cysteine-Rich peptide	medtr.A17.gnm5.MtrunA17Chr3	-	33275043	33276225	-0.652613333027103	0.999999979788073	NS	-3.42995227153421	0.000198460722859125	DOWN
DOWN	dnf2_only	medtr.A17.gnm5.ann1_6.MtrunA17Chr7g0272001	MtrunA17Chr7g0272001			medtr.A17.gnm5.MtrunA17Chr7	-	53277487	53280247	-0.0494438088548721	0.999999979788073	NS	-3.4279247400461	8.34737406259623e-05	DOWN
DOWN	dnf2_only	medtr.A17.gnm5.ann1_6.MtrunA17Chr4g0001561	MtrunA17Chr4g0001561			medtr.A17.gnm5.MtrunA17Chr4	-	1069943	1071596	-0.476840460648174	0.999999979788073	NS	-3.42505311676823	0.00369913111420408	DOWN
DOWN	dnf2_only	medtr.A17.gnm5.ann1_6.MtrunA17Chr5g0425251	MtrunA17Chr5g0425251	MtSULTR1.3	sulfate transporter	medtr.A17.gnm5.MtrunA17Chr5	+	27270047	27275650	-1.33402165064161	0.857020831015277	NS	-3.42282959387116	0.00341086579912418	DOWN
DOWN	dnf2_only	medtr.A17.gnm5.ann1_6.MtrunA17Chr4g0006331	MtrunA17Chr4g0006331			medtr.A17.gnm5.MtrunA17Chr4	-	5017055	5018008	-0.810532658435511	0.999999979788073	NS	-3.42273198560509	0.0449467683924834	DOWN
DOWN	dnf2_only	medtr.A17.gnm5.ann1_6.MtrunA17Chr6g0487691	MtrunA17Chr6g0487691			medtr.A17.gnm5.MtrunA17Chr6	+	41959180	41961711	-0.0758795370175801	0.999999979788073	NS	-3.42120981863321	0.00513223120809633	DOWN
DOWN	dnf2_only	medtr.A17.gnm5.ann1_6.MtrunA17Chr4g0073381	MtrunA17Chr4g0073381			medtr.A17.gnm5.MtrunA17Chr4	-	62331839	62338442	-1.68317242224818	0.271956303244923	NS	-3.42065256748153	0.000300375894562479	DOWN
DOWN	dnf2_only	medtr.A17.gnm5.ann1_6.MtrunA17Chr2g0281571	MtrunA17Chr2g0281571			medtr.A17.gnm5.MtrunA17Chr2	+	3304936	3307279	0.097529795925812	0.999999979788073	NS	-3.41443336460654	2.98679772869621e-05	DOWN
DOWN	dnf2_only	medtr.A17.gnm5.ann1_6.MtrunA17Chr3g0085021	MtrunA17Chr3g0085021			medtr.A17.gnm5.MtrunA17Chr3	-	6382407	6384362	-0.410870061825757	0.999999979788073	NS	-3.40636937388142	0.000148284232746135	DOWN
DOWN	dnf2_only	medtr.A17.gnm5.ann1_6.MtrunA17Chr1g0197501	MtrunA17Chr1g0197501	MtLb3	leghemoglobin3	medtr.A17.gnm5.MtrunA17Chr1	-	44673539	44676710	0.230335207482722	0.999999979788073	NS	-3.40577332388761	1.16498679198843e-06	DOWN
DOWN	dnf2_only	medtr.A17.gnm5.ann1_6.MtrunA17Chr5g0431861	MtrunA17Chr5g0431861			medtr.A17.gnm5.MtrunA17Chr5	+	32658958	32659966	-1.1078073089006	0.999999979788073	NS	-3.40466358363459	0.00111199856642419	DOWN
DOWN	dnf2_only	medtr.A17.gnm5.ann1_6.MtrunA17Chr6g0467551	MtrunA17Chr6g0467551	MtNCR341	Nodule-specific Cysteine-Rich peptide	medtr.A17.gnm5.MtrunA17Chr6	+	16520361	16521072	-0.845142625258625	0.999999979788073	NS	-3.40279019197012	0.000154614424344852	DOWN
DOWN	dnf2_only	medtr.A17.gnm5.ann1_6.MtrunA17Chr2g0314071	MtrunA17Chr2g0314071			medtr.A17.gnm5.MtrunA17Chr2	-	36679016	36680171	-0.892711608378632	0.999999979788073	NS	-3.39477037893583	7.54881060482283e-05	DOWN
DOWN	dnf2_only	medtr.A17.gnm5.ann1_6.MtrunA17Chr1g0167861	MtrunA17Chr1g0167861			medtr.A17.gnm5.MtrunA17Chr1	+	16772890	16775057	1.17116818826021	0.999999979788073	NS	-3.3894167040219	0.00211541780801186	DOWN
DOWN	dnf2_only	medtr.A17.gnm5.ann1_6.MtrunA17Chr7g0224311	MtrunA17Chr7g0224311	MtNCR167	Nodule-specific Cysteine-Rich peptide	medtr.A17.gnm5.MtrunA17Chr7	-	9522171	9524747	-0.0504903843396753	0.999999979788073	NS	-3.38875795050527	4.69949389005669e-05	DOWN
DOWN	dnf2_only	medtr.A17.gnm5.ann1_6.MtrunA17Chr4g0011031	MtrunA17Chr4g0011031	MtNCR309	Nodule-specific Cysteine-Rich peptide	medtr.A17.gnm5.MtrunA17Chr4	+	8636762	8638382	-0.405760058154715	0.999999979788073	NS	-3.38756826296046	0.000116365986010961	DOWN
DOWN	dnf2_only	medtr.A17.gnm5.ann1_6.MtrunA17Chr3g0081451	MtrunA17Chr3g0081451			medtr.A17.gnm5.MtrunA17Chr3	-	3428233	3432382	-1.22052147711172	0.999999979788073	NS	-3.38665603352363	0.00174248361023931	DOWN
DOWN	dnf2_only	medtr.A17.gnm5.ann1_6.MtrunA17Chr7g0265561	MtrunA17Chr7g0265561	MtGT-35	trihelix transcription factor (GT) 36	medtr.A17.gnm5.MtrunA17Chr7	+	48770709	48772772	-0.290340923781182	0.999999979788073	NS	-3.38633983025135	0.000785601750235086	DOWN
DOWN	dnf2_only	medtr.A17.gnm5.ann1_6.MtrunA17Chr6g0488831	MtrunA17Chr6g0488831			medtr.A17.gnm5.MtrunA17Chr6	+	42758222	42769789	-0.0709089885558541	0.999999979788073	NS	-3.38493984241403	9.89114992857161e-05	DOWN
DOWN	dnf2_only	medtr.A17.gnm5.ann1_6.MtrunA17Chr3g0100391	MtrunA17Chr3g0100391	MtNOD25|MtN22	nodulin 25|Mtnodulin-22 (CAA75576)	medtr.A17.gnm5.MtrunA17Chr3	-	25023037	25030975	-0.336769348561208	0.999999979788073	NS	-3.38400927557296	3.84632610055858e-05	DOWN
DOWN	dnf2_only	medtr.A17.gnm5.ann1_6.MtrunA17Chr1g0197761	MtrunA17Chr1g0197761			medtr.A17.gnm5.MtrunA17Chr1	+	44880222	44881239	-1.2849407155397	0.832546282407219	NS	-3.38327560695117	0.00103194485088314	DOWN
DOWN	dnf2_only	medtr.A17.gnm5.ann1_6.MtrunA17Chr7g0232731	MtrunA17Chr7g0232731			medtr.A17.gnm5.MtrunA17Chr7	+	22967280	22971113	-0.727064589317242	0.999999979788073	NS	-3.38228745631811	0.000113165724391812	DOWN
DOWN	dnf2_only	medtr.A17.gnm5.ann1_6.MtrunA17Chr5g0431131	MtrunA17Chr5g0431131	MtNCR081a	Nodule-specific Cysteine-Rich peptide	medtr.A17.gnm5.MtrunA17Chr5	+	32097701	32098541	-0.845179194812178	0.999999979788073	NS	-3.38192387478498	4.46035994306783e-05	DOWN
DOWN	dnf2_only	medtr.A17.gnm5.ann1_6.MtrunA17Chr4g0020381	MtrunA17Chr4g0020381	MtNCR274	Nodule-specific Cysteine-Rich peptide	medtr.A17.gnm5.MtrunA17Chr4	+	16372189	16374879	-0.479020411567544	0.999999979788073	NS	-3.3754986817969	0.000125967966679609	DOWN
DOWN	dnf2_only	medtr.A17.gnm5.ann1_6.MtrunA17Chr6g0475341	MtrunA17Chr6g0475341	MtNCR097	Nodule-specific Cysteine-Rich peptide	medtr.A17.gnm5.MtrunA17Chr6	-	29514727	29516593	-0.340874867286474	0.999999979788073	NS	-3.37459842830216	0.000143296901711854	DOWN
DOWN	dnf2_only	medtr.A17.gnm5.ann1_6.MtrunA17Chr8g0352951	MtrunA17Chr8g0352951			medtr.A17.gnm5.MtrunA17Chr8	+	14728356	14728851	1.86250982487206	0.131337133551717	NS	-3.37453457436614	0.00981473532740688	DOWN
DOWN	dnf2_only	medtr.A17.gnm5.ann1_6.MtrunA17Chr6g0485621	MtrunA17Chr6g0485621	MtYUC2	YUCCA 2	medtr.A17.gnm5.MtrunA17Chr6	+	40217749	40222516	-0.947198613750531	0.999999979788073	NS	-3.3713086605583	0.0224766873235363	DOWN
DOWN	dnf2_only	medtr.A17.gnm5.ann1_6.MtrunA17Chr2g0302871	MtrunA17Chr2g0302871			medtr.A17.gnm5.MtrunA17Chr2	+	20518580	20519842	-0.894206910152411	0.999999979788073	NS	-3.3706946976673	0.00242384895983282	DOWN
DOWN	dnf2_only	medtr.A17.gnm5.ann1_6.MtrunA17Chr3g0109241	MtrunA17Chr3g0109241			medtr.A17.gnm5.MtrunA17Chr3	+	32218192	32220391	0.161618533295531	0.999999979788073	NS	-3.36953442672427	0.00444978956909833	DOWN
DOWN	dnf2_only	medtr.A17.gnm5.ann1_6.MtrunA17Chr6g0450421	MtrunA17Chr6g0450421			medtr.A17.gnm5.MtrunA17Chr6	-	1165237	1165816	-1.02623823017421	0.999999979788073	NS	-3.36263626640115	0.000316220669511222	DOWN
DOWN	dnf2_only	medtr.A17.gnm5.ann1_6.MtrunA17Chr4g0007761	MtrunA17Chr4g0007761			medtr.A17.gnm5.MtrunA17Chr4	-	6061307	6070513	-0.32953871049776	0.999999979788073	NS	-3.36167796263413	0.000166808581542703	DOWN
DOWN	dnf2_only	medtr.A17.gnm5.ann1_6.MtrunA17Chr6g0467221	MtrunA17Chr6g0467221			medtr.A17.gnm5.MtrunA17Chr6	+	16103368	16103973	-1.15865312061085	0.999999979788073	NS	-3.36057014232914	0.00215362035991968	DOWN
DOWN	dnf2_only	medtr.A17.gnm5.ann1_6.MtrunA17Chr2g0322081	MtrunA17Chr2g0322081			medtr.A17.gnm5.MtrunA17Chr2	+	42885340	42886757	0.102877662434531	0.999999979788073	NS	-3.35737692294619	0.00303479165915601	DOWN
DOWN	dnf2_only	medtr.A17.gnm5.ann1_6.MtrunA17Chr2g0314651	MtrunA17Chr2g0314651	MtNCR566	Nodule-specific Cysteine-Rich peptide	medtr.A17.gnm5.MtrunA17Chr2	+	37071018	37071817	-0.277257966228885	0.999999979788073	NS	-3.35527428450986	0.000164197735076158	DOWN
DOWN	dnf2_only	medtr.A17.gnm5.ann1_6.MtrunA17Chr7g0268711	MtrunA17Chr7g0268711	Glutaredoxin-13	Glutaredoxin family protein	medtr.A17.gnm5.MtrunA17Chr7	-	51017898	51019320	-0.244442757103016	0.999999979788073	NS	-3.35176612292367	0.00314711007142198	DOWN
DOWN	dnf2_only	medtr.A17.gnm5.ann1_6.MtrunA17Chr3g0089971	MtrunA17Chr3g0089971	MtNCR263	Nodule-specific Cysteine-Rich peptide	medtr.A17.gnm5.MtrunA17Chr3	+	11195727	11196309	0.547943233103954	0.999999979788073	NS	-3.35144750956597	0.000909215910235078	DOWN
DOWN	dnf2_only	medtr.A17.gnm5.ann1_6.MtrunA17Chr2g0299211	MtrunA17Chr2g0299211			medtr.A17.gnm5.MtrunA17Chr2	+	17207433	17208982	2.81331390868005	0.0132432794125558	UP	-3.35001688396087	0.0132607248086905	DOWN
DOWN	dnf2_only	medtr.A17.gnm5.ann1_6.MtrunA17Chr8g0383901	MtrunA17Chr8g0383901			medtr.A17.gnm5.MtrunA17Chr8	+	43012350	43013199	-0.439250506960738	0.999999979788073	NS	-3.34987693097436	0.0305506006353648	DOWN
DOWN	dnf2_only	medtr.A17.gnm5.ann1_6.MtrunA17Chr3g0138041	MtrunA17Chr3g0138041			medtr.A17.gnm5.MtrunA17Chr3	-	53087262	53092220	-0.0593153390764526	0.999999979788073	NS	-3.34551971461354	0.000103863893870013	DOWN
DOWN	dnf2_only	medtr.A17.gnm5.ann1_6.MtrunA17Chr2g0322071	MtrunA17Chr2g0322071			medtr.A17.gnm5.MtrunA17Chr2	+	42872484	42873937	0.304030548946564	0.999999979788073	NS	-3.34316751888694	0.0047768972204164	DOWN
DOWN	dnf2_only	medtr.A17.gnm5.ann1_6.MtrunA17Chr3g0100501	MtrunA17Chr3g0100501	MtCAML5	calmodulin-like 5	medtr.A17.gnm5.MtrunA17Chr3	-	25059638	25061391	-0.493693998248455	0.999999979788073	NS	-3.34181137953163	1.60160558176984e-05	DOWN
DOWN	dnf2_only	medtr.A17.gnm5.ann1_6.MtrunA17Chr3g0083081	MtrunA17Chr3g0083081	MtNCR583	Nodule-specific Cysteine-Rich peptide	medtr.A17.gnm5.MtrunA17Chr3	-	4772617	4779909	-0.166421169362551	0.999999979788073	NS	-3.33662565753161	0.000138826075424296	DOWN
DOWN	dnf2_only	medtr.A17.gnm5.ann1_6.MtrunA17Chr8g0345261	MtrunA17Chr8g0345261			medtr.A17.gnm5.MtrunA17Chr8	+	8333903	8335733	-0.832174198189116	0.999999979788073	NS	-3.33033864842632	0.000233596539525106	DOWN
DOWN	dnf2_only	medtr.A17.gnm5.ann1_6.MtrunA17Chr1g0148751	MtrunA17Chr1g0148751	MtLb4|MtLb1|MtLb2	leghemoglobin4	medtr.A17.gnm5.MtrunA17Chr1	-	2108448	2110681	-0.448124713772947	0.999999979788073	NS	-3.32804097431825	0.000484712820659022	DOWN
DOWN	dnf2_only	medtr.A17.gnm5.ann1_6.MtrunA17Chr2g0324511	MtrunA17Chr2g0324511			medtr.A17.gnm5.MtrunA17Chr2	+	44677310	44680287	-2.16149627008084	0.46962090323566	NS	-3.32476281589999	0.045606324721971	DOWN
DOWN	dnf2_only	medtr.A17.gnm5.ann1_6.MtrunA17Chr1g0178561	MtrunA17Chr1g0178561			medtr.A17.gnm5.MtrunA17Chr1	-	30037835	30038324	-0.763767619706577	0.999999979788073	NS	-3.32055577894654	0.000575589004819561	DOWN
DOWN	dnf2_only	medtr.A17.gnm5.ann1_6.MtrunA17Chr2g0310661	MtrunA17Chr2g0310661			medtr.A17.gnm5.MtrunA17Chr2	+	33611868	33614296	-0.0488198383810911	0.999999979788073	NS	-3.31865558252719	0.000820729672376314	DOWN
DOWN	dnf2_only	medtr.A17.gnm5.ann1_6.MtrunA17Chr5g0424351	MtrunA17Chr5g0424351			medtr.A17.gnm5.MtrunA17Chr5	+	26300428	26301605	-1.75758905258191	0.123915212817096	NS	-3.3164144191143	8.54631983635061e-05	DOWN
DOWN	dnf2_only	medtr.A17.gnm5.ann1_6.MtrunA17Chr3g0080961	MtrunA17Chr3g0080961	MtNCR099	Nodule-specific Cysteine-Rich peptide	medtr.A17.gnm5.MtrunA17Chr3	-	3038369	3039245	-0.0604166475376648	0.999999979788073	NS	-3.30774508298357	0.000692809660108544	DOWN
DOWN	dnf2_only	medtr.A17.gnm5.ann1_6.MtrunA17Chr4g0050891	MtrunA17Chr4g0050891			medtr.A17.gnm5.MtrunA17Chr4	+	45680649	45687132	-0.672259243116959	0.999999979788073	NS	-3.30750495503471	1.2537886008855e-05	DOWN
DOWN	dnf2_only	medtr.A17.gnm5.ann1_6.MtrunA17Chr7g0234011	MtrunA17Chr7g0234011	MtNCR489	Nodule-specific Cysteine-Rich peptide	medtr.A17.gnm5.MtrunA17Chr7	-	24444157	24445237	-0.536938285112834	0.999999979788073	NS	-3.30371387374747	0.00022223966372404	DOWN
DOWN	dnf2_only	medtr.A17.gnm5.ann1_6.MtrunA17Chr3g0100541	MtrunA17Chr3g0100541	MtCAML3	calmodulin-like 3	medtr.A17.gnm5.MtrunA17Chr3	-	25078567	25081832	-0.333570041594093	0.999999979788073	NS	-3.30115323537652	0.000275018338091862	DOWN
DOWN	dnf2_only	medtr.A17.gnm5.ann1_6.MtrunA17Chr5g0435611	MtrunA17Chr5g0435611	MtLb1|MtLb7	leghemoglobin1	medtr.A17.gnm5.MtrunA17Chr5	-	35617088	35619663	-0.213720356379044	0.999999979788073	NS	-3.29782708245622	0.000669807662770383	DOWN
DOWN	dnf2_only	medtr.A17.gnm5.ann1_6.MtrunA17Chr1g0213371	MtrunA17Chr1g0213371			medtr.A17.gnm5.MtrunA17Chr1	-	56261298	56263151	-0.251833151133358	0.999999979788073	NS	-3.29722315721351	0.0157221262872351	DOWN
DOWN	dnf2_only	medtr.A17.gnm5.ann1_6.MtrunA17Chr3g0106311	MtrunA17Chr3g0106311	MtNCR411	Nodule-specific Cysteine-Rich peptide	medtr.A17.gnm5.MtrunA17Chr3	+	30119124	30120153	-0.982253395603785	0.999999979788073	NS	-3.29465774345374	9.3530086047872e-05	DOWN
DOWN	dnf2_only	medtr.A17.gnm5.ann1_6.MtrunA17Chr6g0481401	MtrunA17Chr6g0481401	MtNCR359	Nodule-specific Cysteine-Rich peptide	medtr.A17.gnm5.MtrunA17Chr6	+	36253174	36253867	-0.960662892436856	0.999999979788073	NS	-3.29303715872724	0.00740589233461439	DOWN
DOWN	dnf2_only	medtr.A17.gnm5.ann1_6.MtrunA17Chr6g0472941	MtrunA17Chr6g0472941	MtNCR006	Nodule-specific Cysteine-Rich peptide	medtr.A17.gnm5.MtrunA17Chr6	+	25313920	25316169	0.143577702202321	0.999999979788073	NS	-3.29195712504086	0.00176546913253298	DOWN
DOWN	dnf2_only	medtr.A17.gnm5.ann1_6.MtrunA17Chr3g0083241	MtrunA17Chr3g0083241			medtr.A17.gnm5.MtrunA17Chr3	-	4866614	4867679	-1.34706183838344	0.737057690853274	NS	-3.29163369024831	0.000484712820659022	DOWN
DOWN	dnf2_only	medtr.A17.gnm5.ann1_6.MtrunA17Chr2g0302321	MtrunA17Chr2g0302321			medtr.A17.gnm5.MtrunA17Chr2	-	19895571	19896473	0.978492295878519	0.999999979788073	NS	-3.28958161168159	0.0057970146948263	DOWN
DOWN	dnf2_only	medtr.A17.gnm5.ann1_6.MtrunA17Chr8g0363771	MtrunA17Chr8g0363771			medtr.A17.gnm5.MtrunA17Chr8	-	28380205	28388432	-0.585717511317014	0.999999979788073	NS	-3.28908201326565	0.00334191348762512	DOWN
DOWN	dnf2_only	medtr.A17.gnm5.ann1_6.MtrunA17Chr5g0393871	MtrunA17Chr5g0393871			medtr.A17.gnm5.MtrunA17Chr5	-	387623	388243	-0.317079838404267	0.999999979788073	NS	-3.28786767249659	0.0467668933335645	DOWN
DOWN	dnf2_only	medtr.A17.gnm5.ann1_6.MtrunA17Chr7g0260501	MtrunA17Chr7g0260501	MtNCR040	Nodule-specific Cysteine-Rich peptide	medtr.A17.gnm5.MtrunA17Chr7	+	45279368	45280432	-0.237921993568501	0.999999979788073	NS	-3.28676195608566	0.000159460130126499	DOWN
DOWN	dnf2_only	medtr.A17.gnm5.ann1_6.MtrunA17Chr1g0207691	MtrunA17Chr1g0207691			medtr.A17.gnm5.MtrunA17Chr1	-	52148453	52149948	0.413199363633478	0.999999979788073	NS	-3.28606194465418	0.00319683256593628	DOWN
DOWN	dnf2_only	medtr.A17.gnm5.ann1_6.MtrunA17Chr7g0273461	MtrunA17Chr7g0273461			medtr.A17.gnm5.MtrunA17Chr7	-	54099294	54100062	-1.8503667540301	0.585404692778138	NS	-3.28473287291623	0.0341135175400559	DOWN
DOWN	dnf2_only	medtr.A17.gnm5.ann1_6.MtrunA17Chr1g0172431	MtrunA17Chr1g0172431	MtNCR496	Nodule-specific Cysteine-Rich peptide	medtr.A17.gnm5.MtrunA17Chr1	+	21374134	21375223	-0.753656491853847	0.999999979788073	NS	-3.28412798181952	0.000299386805904911	DOWN
DOWN	dnf2_only	medtr.A17.gnm5.ann1_6.MtrunA17Chr3g0129591	MtrunA17Chr3g0129591			medtr.A17.gnm5.MtrunA17Chr3	+	47076749	47080817	-0.346459727573963	0.999999979788073	NS	-3.28276631297515	0.00227534083062776	DOWN
DOWN	dnf2_only	medtr.A17.gnm5.ann1_6.MtrunA17Chr7g0268291	MtrunA17Chr7g0268291			medtr.A17.gnm5.MtrunA17Chr7	+	50736853	50738620	0.232309777642312	0.999999979788073	NS	-3.28165759446653	0.000692093116369379	DOWN
DOWN	dnf2_only	medtr.A17.gnm5.ann1_6.MtrunA17Chr6g0474221	MtrunA17Chr6g0474221			medtr.A17.gnm5.MtrunA17Chr6	-	27917184	27919243	0.560422137693199	0.999999979788073	NS	-3.28155311638314	0.000827271420859205	DOWN
DOWN	dnf2_only	medtr.A17.gnm5.ann1_6.MtrunA17Chr5g0425291	MtrunA17Chr5g0425291			medtr.A17.gnm5.MtrunA17Chr5	+	27309515	27310749	-0.47020833760074	0.999999979788073	NS	-3.27848139005497	0.00775080194350234	DOWN
DOWN	dnf2_only	medtr.A17.gnm5.ann1_6.MtrunA17Chr8g0387241	MtrunA17Chr8g0387241			medtr.A17.gnm5.MtrunA17Chr8	-	45352344	45354672	0.405951334942094	0.999999979788073	NS	-3.27804212390494	0.00082584357778399	DOWN
DOWN	dnf2_only	medtr.A17.gnm5.ann1_6.MtrunA17Chr7g0261231	MtrunA17Chr7g0261231	MtPT12	phosphate transporter	medtr.A17.gnm5.MtrunA17Chr7	+	45750271	45754527	-0.722095478733847	0.999999979788073	NS	-3.27475298066257	0.000415174166339133	DOWN
DOWN	dnf2_only	medtr.A17.gnm5.ann1_6.MtrunA17Chr2g0300281	MtrunA17Chr2g0300281			medtr.A17.gnm5.MtrunA17Chr2	+	18063637	18064913	0.109911854420421	0.999999979788073	NS	-3.27413247962977	0.000205798963043916	DOWN
DOWN	dnf2_only	medtr.A17.gnm5.ann1_6.MtrunA17Chr2g0333651	MtrunA17Chr2g0333651			medtr.A17.gnm5.MtrunA17Chr2	-	51390114	51393724	0.0186726121686339	0.999999979788073	NS	-3.27374040682188	0.000149225540848702	DOWN
DOWN	dnf2_only	medtr.A17.gnm5.ann1_6.MtrunA17Chr1g0179241	MtrunA17Chr1g0179241	MtNCR113	Nodule-specific Cysteine-Rich peptide	medtr.A17.gnm5.MtrunA17Chr1	+	30605464	30606769	-0.145643270946162	0.999999979788073	NS	-3.27311710847679	0.000388571774703925	DOWN
DOWN	dnf2_only	medtr.A17.gnm5.ann1_6.MtrunA17Chr6g0450391	MtrunA17Chr6g0450391	MtNCR216	Nodule-specific Cysteine-Rich peptide	medtr.A17.gnm5.MtrunA17Chr6	+	1147250	1149476	-0.297346135055126	0.999999979788073	NS	-3.27156764792722	0.00034081302132653	DOWN
DOWN	dnf2_only	medtr.A17.gnm5.ann1_6.MtrunA17Chr1g0171731	MtrunA17Chr1g0171731			medtr.A17.gnm5.MtrunA17Chr1	+	20416892	20417821	-1.05737807182111	0.999999979788073	NS	-3.26907386031123	0.0019573647027182	DOWN
DOWN	dnf2_only	medtr.A17.gnm5.ann1_6.MtrunA17Chr0c32g0494191	MtrunA17Chr0c32g0494191	MtNCR-new1	Nodule-specific Cysteine-Rich peptide	medtr.A17.gnm5.MtrunA17Chr0c32	+	7315	9387	0.0379071766372609	0.999999979788073	NS	-3.26608678152757	0.000103863893870013	DOWN
DOWN	dnf2_only	medtr.A17.gnm5.ann1_6.MtrunA17Chr7g0264151	MtrunA17Chr7g0264151			medtr.A17.gnm5.MtrunA17Chr7	-	47706748	47707829	1.03053614337945	0.999999979788073	NS	-3.26434894263787	0.00643076118833339	DOWN
DOWN	dnf2_only	medtr.A17.gnm5.ann1_6.MtrunA17Chr7g0224961	MtrunA17Chr7g0224961			medtr.A17.gnm5.MtrunA17Chr7	+	10226024	10227286	-1.67262096515795	0.24352163804318	NS	-3.25989543282892	0.000286572189218809	DOWN
DOWN	dnf2_only	medtr.A17.gnm5.ann1_6.MtrunA17Chr1g0170861	MtrunA17Chr1g0170861			medtr.A17.gnm5.MtrunA17Chr1	+	19596789	19597766	-1.39930119919682	0.902677969338696	NS	-3.25916018777239	0.0176631066904156	DOWN
DOWN	dnf2_only	medtr.A17.gnm5.ann1_6.MtrunA17Chr5g0433281	MtrunA17Chr5g0433281	MtNCR083	Nodule-specific Cysteine-Rich peptide	medtr.A17.gnm5.MtrunA17Chr5	-	33776752	33779087	-0.530124652678823	0.999999979788073	NS	-3.25251443955674	0.000158867203182816	DOWN
DOWN	dnf2_only	medtr.A17.gnm5.ann1_6.MtrunA17Chr6g0470761	MtrunA17Chr6g0470761			medtr.A17.gnm5.MtrunA17Chr6	-	21149939	21151369	-0.107076700614674	0.999999979788073	NS	-3.25229431302681	0.00154819383210695	DOWN
DOWN	dnf2_only	medtr.A17.gnm5.ann1_6.MtrunA17Chr7g0262471	MtrunA17Chr7g0262471			medtr.A17.gnm5.MtrunA17Chr7	-	46573539	46580129	0.0569265381974428	0.999999979788073	NS	-3.25044321541343	0.0216492683793738	DOWN
DOWN	dnf2_only	medtr.A17.gnm5.ann1_6.MtrunA17Chr6g0467241	MtrunA17Chr6g0467241			medtr.A17.gnm5.MtrunA17Chr6	-	16107254	16107577	0.101483165637391	0.999999979788073	NS	-3.24867289930557	0.0447646061866925	DOWN
DOWN	dnf2_only	medtr.A17.gnm5.ann1_6.MtrunA17Chr6g0467231	MtrunA17Chr6g0467231			medtr.A17.gnm5.MtrunA17Chr6	+	16104802	16110972	-0.798788915343859	0.999999979788073	NS	-3.24152096584996	0.000534053768021007	DOWN
DOWN	dnf2_only	medtr.A17.gnm5.ann1_6.MtrunA17Chr4g0051011	MtrunA17Chr4g0051011			medtr.A17.gnm5.MtrunA17Chr4	+	45723580	45724521	-0.175564304382397	0.999999979788073	NS	-3.24041584993276	0.00122289976407448	DOWN
DOWN	dnf2_only	medtr.A17.gnm5.ann1_6.MtrunA17Chr3g0107881	MtrunA17Chr3g0107881	MtPrx03	peroxidase	medtr.A17.gnm5.MtrunA17Chr3	+	31334048	31337146	-1.09093831109878	0.999999979788073	NS	-3.23909214283709	6.61795970771475e-05	DOWN
DOWN	dnf2_only	medtr.A17.gnm5.ann1_6.MtrunA17Chr4g0004391	MtrunA17Chr4g0004391			medtr.A17.gnm5.MtrunA17Chr4	-	3444966	3446782	0.85417650154394	0.999999979788073	NS	-3.23724702399261	0.0102812371684	DOWN
DOWN	dnf2_only	medtr.A17.gnm5.ann1_6.MtrunA17Chr7g0231341	MtrunA17Chr7g0231341			medtr.A17.gnm5.MtrunA17Chr7	-	20939119	20939864	-3.14923233974988	0.0627258794364762	NS	-3.23120079711849	0.0124406500015594	DOWN
DOWN	dnf2_only	medtr.A17.gnm5.ann1_6.MtrunA17Chr1g0175281	MtrunA17Chr1g0175281			medtr.A17.gnm5.MtrunA17Chr1	+	26709756	26710256	-0.380923400407635	0.999999979788073	NS	-3.22560878496521	0.0326638623244385	DOWN
DOWN	dnf2_only	medtr.A17.gnm5.ann1_6.MtrunA17Chr1g0205911	MtrunA17Chr1g0205911			medtr.A17.gnm5.MtrunA17Chr1	-	51054286	51055639	-1.62747141733432	0.466324224230314	NS	-3.21903187897194	0.0020576211912002	DOWN
DOWN	dnf2_only	medtr.A17.gnm5.ann1_6.MtrunA17Chr5g0428121	MtrunA17Chr5g0428121			medtr.A17.gnm5.MtrunA17Chr5	+	29784317	29786390	0.0805067988176167	0.999999979788073	NS	-3.21775055326775	0.0428417137789909	DOWN
DOWN	dnf2_only	medtr.A17.gnm5.ann1_6.MtrunA17Chr1g0197541	MtrunA17Chr1g0197541			medtr.A17.gnm5.MtrunA17Chr1	+	44684961	44686510	-3.63352778021929	0.0612834130337733	NS	-3.21692138572729	0.0227037743548438	DOWN
DOWN	dnf2_only	medtr.A17.gnm5.ann1_6.MtrunA17Chr3g0107831	MtrunA17Chr3g0107831			medtr.A17.gnm5.MtrunA17Chr3	-	31303106	31303875	-0.783844581573927	0.999999979788073	NS	-3.21417845671324	0.000108101698967392	DOWN
DOWN	dnf2_only	medtr.A17.gnm5.ann1_6.MtrunA17Chr7g0218531	MtrunA17Chr7g0218531			medtr.A17.gnm5.MtrunA17Chr7	-	3816890	3817197	-2.20739523615315	0.405836727990516	NS	-3.21195432177031	0.0455910886795431	DOWN
DOWN	dnf2_only	medtr.A17.gnm5.ann1_6.MtrunA17Chr5g0423371	MtrunA17Chr5g0423371	MtNCR019	Nodule-specific Cysteine-Rich peptide	medtr.A17.gnm5.MtrunA17Chr5	-	25195364	25197846	-0.164232057429091	0.999999979788073	NS	-3.21141496486232	0.000276953868798176	DOWN
DOWN	dnf2_only	medtr.A17.gnm5.ann1_6.MtrunA17Chr4g0028061	MtrunA17Chr4g0028061			medtr.A17.gnm5.MtrunA17Chr4	+	29044729	29045397	-0.461263730487566	0.999999979788073	NS	-3.20959190483826	0.0048973526546329	DOWN
DOWN	dnf2_only	medtr.A17.gnm5.ann1_6.MtrunA17Chr4g0032001	MtrunA17Chr4g0032001			medtr.A17.gnm5.MtrunA17Chr4	-	32319738	32321088	-0.567786649731916	0.999999979788073	NS	-3.20372784442993	0.00454499624716436	DOWN
DOWN	dnf2_only	medtr.A17.gnm5.ann1_6.MtrunA17Chr8g0371771	MtrunA17Chr8g0371771			medtr.A17.gnm5.MtrunA17Chr8	-	34402750	34405236	0.395926721684942	0.999999979788073	NS	-3.20299186095401	0.016880434151515	DOWN
DOWN	dnf2_only	medtr.A17.gnm5.ann1_6.MtrunA17Chr5g0441521	MtrunA17Chr5g0441521			medtr.A17.gnm5.MtrunA17Chr5	+	39933746	39934048	1.20377842583823	0.999999979788073	NS	-3.20284687058469	0.0215747438983689	DOWN
DOWN	dnf2_only	medtr.A17.gnm5.ann1_6.MtrunA17Chr6g0457531	MtrunA17Chr6g0457531			medtr.A17.gnm5.MtrunA17Chr6	-	7225202	7227800	0.0448212163940686	0.999999979788073	NS	-3.19967019076729	0.00829281461844632	DOWN
DOWN	dnf2_only	medtr.A17.gnm5.ann1_6.MtrunA17Chr3g0110641	MtrunA17Chr3g0110641			medtr.A17.gnm5.MtrunA17Chr3	+	33191314	33192868	-0.543462283782572	0.999999979788073	NS	-3.19644417616088	6.31061354781426e-05	DOWN
DOWN	dnf2_only	medtr.A17.gnm5.ann1_6.MtrunA17Chr2g0300271	MtrunA17Chr2g0300271	MtNodGRP10	Nodule-specific Glycine-rich	medtr.A17.gnm5.MtrunA17Chr2	-	18062617	18064373	0.128785312487518	0.999999979788073	NS	-3.19589464083094	0.00066272168658682	DOWN
DOWN	dnf2_only	medtr.A17.gnm5.ann1_6.MtrunA17Chr5g0413241	MtrunA17Chr5g0413241			medtr.A17.gnm5.MtrunA17Chr5	+	14492219	14493743	-1.0804086958482	0.999999979788073	NS	-3.19544090616126	0.00235100068721853	DOWN
DOWN	dnf2_only	medtr.A17.gnm5.ann1_6.MtrunA17Chr1g0172681	MtrunA17Chr1g0172681	MtNCR060	Nodule-specific Cysteine-Rich peptide	medtr.A17.gnm5.MtrunA17Chr1	+	21952358	21954575	-0.639741930414563	0.999999979788073	NS	-3.19515053362372	0.00177001065514697	DOWN
DOWN	dnf2_only	medtr.A17.gnm5.ann1_6.MtrunA17Chr4g0044831	MtrunA17Chr4g0044831			medtr.A17.gnm5.MtrunA17Chr4	+	41602577	41605924	-0.350560861960018	0.999999979788073	NS	-3.19401514519307	0.000261955640066107	DOWN
DOWN	dnf2_only	medtr.A17.gnm5.ann1_6.MtrunA17Chr5g0425511	MtrunA17Chr5g0425511	MtNCR194	Nodule-specific Cysteine-Rich peptide	medtr.A17.gnm5.MtrunA17Chr5	-	27502931	27505350	-0.0166871776682448	0.999999979788073	NS	-3.1924202259619	5.5977980191927e-05	DOWN
DOWN	dnf2_only	medtr.A17.gnm5.ann1_6.MtrunA17Chr7g0240601	MtrunA17Chr7g0240601	MtNCR458	Nodule-specific Cysteine-Rich peptide	medtr.A17.gnm5.MtrunA17Chr7	+	30383677	30385193	-0.247402659735668	0.999999979788073	NS	-3.19064844632255	0.000275057853758801	DOWN
DOWN	dnf2_only	medtr.A17.gnm5.ann1_6.MtrunA17Chr1g0191641	MtrunA17Chr1g0191641	MtNCR108	Nodule-specific Cysteine-Rich peptide	medtr.A17.gnm5.MtrunA17Chr1	-	40599881	40600649	-0.741122235120966	0.999999979788073	NS	-3.18870809744852	0.00119771824302475	DOWN
DOWN	dnf2_only	medtr.A17.gnm5.ann1_6.MtrunA17Chr7g0234001	MtrunA17Chr7g0234001			medtr.A17.gnm5.MtrunA17Chr7	-	24439511	24441134	-0.39874590571783	0.999999979788073	NS	-3.18840730880709	0.000136144963662076	DOWN
DOWN	dnf2_only	medtr.A17.gnm5.ann1_6.MtrunA17Chr3g0085381	MtrunA17Chr3g0085381			medtr.A17.gnm5.MtrunA17Chr3	+	6729476	6729893	-0.449198706135445	0.999999979788073	NS	-3.1857886860954	0.0425375323493512	DOWN
DOWN	dnf2_only	medtr.A17.gnm5.ann1_6.MtrunA17Chr7g0249961	MtrunA17Chr7g0249961			medtr.A17.gnm5.MtrunA17Chr7	-	37603832	37605208	-0.0602938055801062	0.999999979788073	NS	-3.18508951359558	1.15579501667879e-05	DOWN
DOWN	dnf2_only	medtr.A17.gnm5.ann1_6.MtrunA17Chr6g0479951	MtrunA17Chr6g0479951	MtNCR-new60	Nodule-specific Cysteine-Rich peptide	medtr.A17.gnm5.MtrunA17Chr6	-	34689028	34693659	-0.147643126162122	0.999999979788073	NS	-3.18255521334867	4.39214044407887e-05	DOWN
DOWN	dnf2_only	medtr.A17.gnm5.ann1_6.MtrunA17Chr4g0023881	MtrunA17Chr4g0023881			medtr.A17.gnm5.MtrunA17Chr4	-	24429767	24434756	-0.555202773948251	0.999999979788073	NS	-3.18211019152731	0.000246055626678818	DOWN
DOWN	dnf2_only	medtr.A17.gnm5.ann1_6.MtrunA17Chr4g0066761	MtrunA17Chr4g0066761			medtr.A17.gnm5.MtrunA17Chr4	-	57404611	57407061	0.271480675175116	0.999999979788073	NS	-3.18091711452778	0.00570451099418369	DOWN
DOWN	dnf2_only	medtr.A17.gnm5.ann1_6.MtrunA17Chr3g0089891	MtrunA17Chr3g0089891	MtNCR284	Nodule-specific Cysteine-Rich peptide	medtr.A17.gnm5.MtrunA17Chr3	+	11111485	11113476	-0.175017940204101	0.999999979788073	NS	-3.17836657954945	0.000187794795978603	DOWN
DOWN	dnf2_only	medtr.A17.gnm5.ann1_6.MtrunA17Chr6g0475551	MtrunA17Chr6g0475551	MtNCR007	Nodule-specific Cysteine-Rich peptide	medtr.A17.gnm5.MtrunA17Chr6	-	29961208	29964008	-0.314294377747479	0.999999979788073	NS	-3.17705165186433	0.00932167765711651	DOWN
DOWN	dnf2_only	medtr.A17.gnm5.ann1_6.MtrunA17Chr7g0224901	MtrunA17Chr7g0224901			medtr.A17.gnm5.MtrunA17Chr7	+	10211301	10212246	-0.391418843274608	0.999999979788073	NS	-3.17674189382026	0.000131729677059494	DOWN
DOWN	dnf2_only	medtr.A17.gnm5.ann1_6.MtrunA17Chr4g0004401	MtrunA17Chr4g0004401			medtr.A17.gnm5.MtrunA17Chr4	-	3446784	3447275	1.11496190083033	0.999999979788073	NS	-3.17359894318167	0.0476684841297767	DOWN
DOWN	dnf2_only	medtr.A17.gnm5.ann1_6.MtrunA17Chr3g0106851	MtrunA17Chr3g0106851	MtNCR212	Nodule-specific Cysteine-Rich peptide	medtr.A17.gnm5.MtrunA17Chr3	-	30482881	30483856	-0.369398441606137	0.999999979788073	NS	-3.17244829644346	0.000592734671958882	DOWN
DOWN	dnf2_only	medtr.A17.gnm5.ann1_6.MtrunA17Chr4g0028011	MtrunA17Chr4g0028011			medtr.A17.gnm5.MtrunA17Chr4	-	29035108	29037272	-1.0679017372007	0.999999979788073	NS	-3.17008882192607	0.00118283746190557	DOWN
DOWN	dnf2_only	medtr.A17.gnm5.ann1_6.MtrunA17Chr5g0417561	MtrunA17Chr5g0417561	MtCDFc2_2	CYCLING DOF FACTOR	medtr.A17.gnm5.MtrunA17Chr5	+	18117220	18119162	0.16462221133522	0.999999979788073	NS	-3.16937507070877	0.00335530136555321	DOWN
DOWN	dnf2_only	medtr.A17.gnm5.ann1_6.MtrunA17Chr7g0224891	MtrunA17Chr7g0224891	MtNCR517	Nodule-specific Cysteine-Rich peptide	medtr.A17.gnm5.MtrunA17Chr7	-	10209788	10213121	-0.54577044856941	0.999999979788073	NS	-3.16543151608868	0.00019839074160036	DOWN
DOWN	dnf2_only	medtr.A17.gnm5.ann1_6.MtrunA17Chr7g0240011	MtrunA17Chr7g0240011			medtr.A17.gnm5.MtrunA17Chr7	-	29860592	29865024	-0.203746233641867	0.999999979788073	NS	-3.16488385558683	0.000228717079995741	DOWN
DOWN	dnf2_only	medtr.A17.gnm5.ann1_6.MtrunA17Chr5g0431101	MtrunA17Chr5g0431101	MtNCR100	Nodule-specific Cysteine-Rich peptide	medtr.A17.gnm5.MtrunA17Chr5	+	32091330	32092398	-0.419645387822321	0.999999979788073	NS	-3.1626151210857	8.95134144781278e-05	DOWN
DOWN	dnf2_only	medtr.A17.gnm5.ann1_6.MtrunA17Chr7g0216411	MtrunA17Chr7g0216411	MtNCR451	Nodule-specific Cysteine-Rich peptide	medtr.A17.gnm5.MtrunA17Chr7	-	2103842	2104410	-0.670148509435904	0.999999979788073	NS	-3.16254255636703	0.000212605853449703	DOWN
DOWN	dnf2_only	medtr.A17.gnm5.ann1_6.MtrunA17Chr7g0239931	MtrunA17Chr7g0239931	MtNCR715	Nodule-specific Cysteine-Rich peptide	medtr.A17.gnm5.MtrunA17Chr7	-	29835303	29837696	-0.326330610666792	0.999999979788073	NS	-3.16226816310525	0.000277017537934729	DOWN
DOWN	dnf2_only	medtr.A17.gnm5.ann1_6.MtrunA17Chr5g0435621	MtrunA17Chr5g0435621	MtLb6|MtLb8	leghemoglobin6	medtr.A17.gnm5.MtrunA17Chr5	-	35625909	35627951	-0.268880537144806	0.999999979788073	NS	-3.15822205862529	0.000424204897508435	DOWN
DOWN	dnf2_only	medtr.A17.gnm5.ann1_6.MtrunA17Chr7g0215841	MtrunA17Chr7g0215841	MtNCR688	Nodule-specific Cysteine-Rich peptide	medtr.A17.gnm5.MtrunA17Chr7	+	1831975	1833634	-0.498068599549964	0.999999979788073	NS	-3.15782027671713	0.000483390469834423	DOWN
DOWN	dnf2_only	medtr.A17.gnm5.ann1_6.MtrunA17Chr5g0424891	MtrunA17Chr5g0424891	MtNCR655	Nodule-specific Cysteine-Rich peptide	medtr.A17.gnm5.MtrunA17Chr5	+	26948113	26948846	-1.21354132425559	0.96719063304444	NS	-3.15699998060755	0.000806666250129943	DOWN
DOWN	dnf2_only	medtr.A17.gnm5.ann1_6.MtrunA17Chr2g0301771	MtrunA17Chr2g0301771	MtNCR238	Nodule-specific Cysteine-Rich peptide	medtr.A17.gnm5.MtrunA17Chr2	-	19469412	19471687	-0.160100300463263	0.999999979788073	NS	-3.15507189351474	0.000488253488149994	DOWN
DOWN	dnf2_only	medtr.A17.gnm5.ann1_6.MtrunA17Chr3g0119361	MtrunA17Chr3g0119361			medtr.A17.gnm5.MtrunA17Chr3	-	39731025	39732219	-1.06430205389894	0.999999979788073	NS	-3.15391713576319	0.0015558259168203	DOWN
DOWN	dnf2_only	medtr.A17.gnm5.ann1_6.MtrunA17Chr4g0029901	MtrunA17Chr4g0029901	MtNCR-new40	Nodule-specific Cysteine-Rich peptide	medtr.A17.gnm5.MtrunA17Chr4	+	30551743	30554322	-0.293368993971257	0.999999979788073	NS	-3.15268598960668	9.35695140163561e-05	DOWN
DOWN	dnf2_only	medtr.A17.gnm5.ann1_6.MtrunA17Chr1g0213721	MtrunA17Chr1g0213721			medtr.A17.gnm5.MtrunA17Chr1	-	56516977	56517927	-0.573671311806931	0.999999979788073	NS	-3.15106600337826	0.000187774451442494	DOWN
DOWN	dnf2_only	medtr.A17.gnm5.ann1_6.MtrunA17Chr7g0239581	MtrunA17Chr7g0239581			medtr.A17.gnm5.MtrunA17Chr7	+	29576703	29577836	-0.0163342699179833	0.999999979788073	NS	-3.15088361219195	0.00136436699596934	DOWN
DOWN	dnf2_only	medtr.A17.gnm5.ann1_6.MtrunA17Chr5g0409781	MtrunA17Chr5g0409781			medtr.A17.gnm5.MtrunA17Chr5	-	11477470	11480566	1.23364122989467	0.573164829246482	NS	-3.1465366600988	8.06645422613137e-06	DOWN
DOWN	dnf2_only	medtr.A17.gnm5.ann1_6.MtrunA17Chr1g0167511	MtrunA17Chr1g0167511	MtNCR317	Nodule-specific Cysteine-Rich peptide	medtr.A17.gnm5.MtrunA17Chr1	-	16435190	16435902	-0.124141828672142	0.999999979788073	NS	-3.14648471806025	0.001514629273853	DOWN
DOWN	dnf2_only	medtr.A17.gnm5.ann1_6.MtrunA17Chr7g0240321	MtrunA17Chr7g0240321			medtr.A17.gnm5.MtrunA17Chr7	+	30171650	30172294	-0.485031791197658	0.999999979788073	NS	-3.1458424330525	0.000382855479001189	DOWN
DOWN	dnf2_only	medtr.A17.gnm5.ann1_6.MtrunA17Chr5g0425971	MtrunA17Chr5g0425971			medtr.A17.gnm5.MtrunA17Chr5	-	27940913	27943599	-0.452722964136149	0.999999979788073	NS	-3.14337917240658	7.22327459736358e-05	DOWN
DOWN	dnf2_only	medtr.A17.gnm5.ann1_6.MtrunA17Chr5g0395851	MtrunA17Chr5g0395851			medtr.A17.gnm5.MtrunA17Chr5	+	1660396	1663134	0.166865997825902	0.999999979788073	NS	-3.1386650189978	0.041338852968917	DOWN
DOWN	dnf2_only	medtr.A17.gnm5.ann1_6.MtrunA17Chr7g0226381	MtrunA17Chr7g0226381	MtNCR-new72	Nodule-specific Cysteine-Rich peptide	medtr.A17.gnm5.MtrunA17Chr7	+	11472885	11475207	-0.771833258418448	0.999999979788073	NS	-3.13848329707634	0.000586603509671078	DOWN
DOWN	dnf2_only	medtr.A17.gnm5.ann1_6.MtrunA17Chr4g0049461	MtrunA17Chr4g0049461			medtr.A17.gnm5.MtrunA17Chr4	+	44769811	44771005	0.571341949965972	0.999999979788073	NS	-3.13468059171387	0.000966404471421363	DOWN
DOWN	dnf2_only	medtr.A17.gnm5.ann1_6.MtrunA17Chr4g0021881	MtrunA17Chr4g0021881	MtNCR156	Nodule-specific Cysteine-Rich peptide	medtr.A17.gnm5.MtrunA17Chr4	-	20766759	20767516	-0.272304189829187	0.999999979788073	NS	-3.13047270460244	8.06645422613137e-06	DOWN
DOWN	dnf2_only	medtr.A17.gnm5.ann1_6.MtrunA17Chr7g0236701	MtrunA17Chr7g0236701	MtNCR148	Nodule-specific Cysteine-Rich peptide	medtr.A17.gnm5.MtrunA17Chr7	-	26815183	26817677	-0.457921079038784	0.999999979788073	NS	-3.12998866864069	0.000417364289560189	DOWN
DOWN	dnf2_only	medtr.A17.gnm5.ann1_6.MtrunA17Chr4g0028021	MtrunA17Chr4g0028021	MtNCR127	Nodule-specific Cysteine-Rich peptide	medtr.A17.gnm5.MtrunA17Chr4	+	29037244	29041415	-0.717553396462512	0.999999979788073	NS	-3.12846632091736	0.000100609059910824	DOWN
DOWN	dnf2_only	medtr.A17.gnm5.ann1_6.MtrunA17Chr6g0463031	MtrunA17Chr6g0463031			medtr.A17.gnm5.MtrunA17Chr6	-	12032897	12037279	-0.668103926820951	0.999999979788073	NS	-3.12595226311956	0.00175186669021867	DOWN
DOWN	dnf2_only	medtr.A17.gnm5.ann1_6.MtrunA17Chr7g0215851	MtrunA17Chr7g0215851			medtr.A17.gnm5.MtrunA17Chr7	-	1832070	1832506	-0.547214307884513	0.999999979788073	NS	-3.12216092184075	0.000417822051995948	DOWN
DOWN	dnf2_only	medtr.A17.gnm5.ann1_6.MtrunA17Chr7g0230051	MtrunA17Chr7g0230051			medtr.A17.gnm5.MtrunA17Chr7	-	18122934	18123465	0.295472599107401	0.999999979788073	NS	-3.12211633477674	0.000245945553780599	DOWN
DOWN	dnf2_only	medtr.A17.gnm5.ann1_6.MtrunA17Chr7g0272841	MtrunA17Chr7g0272841			medtr.A17.gnm5.MtrunA17Chr7	+	53793986	53800777	-0.889654695756711	0.999999979788073	NS	-3.11787416901255	0.000107984101679924	DOWN
DOWN	dnf2_only	medtr.A17.gnm5.ann1_6.MtrunA17Chr7g0268941	MtrunA17Chr7g0268941			medtr.A17.gnm5.MtrunA17Chr7	-	51162060	51163814	0.129612638389027	0.999999979788073	NS	-3.11728195435902	0.00354824150080574	DOWN
DOWN	dnf2_only	medtr.A17.gnm5.ann1_6.MtrunA17Chr5g0404711	MtrunA17Chr5g0404711			medtr.A17.gnm5.MtrunA17Chr5	+	8088902	8094030	-0.205663116100981	0.999999979788073	NS	-3.11710717157925	5.77573828661286e-06	DOWN
DOWN	dnf2_only	medtr.A17.gnm5.ann1_6.MtrunA17Chr2g0283411	MtrunA17Chr2g0283411			medtr.A17.gnm5.MtrunA17Chr2	-	4613275	4616388	-0.142028276137825	0.999999979788073	NS	-3.11475649786628	4.39214044407887e-05	DOWN
DOWN	dnf2_only	medtr.A17.gnm5.ann1_6.MtrunA17Chr5g0442301	MtrunA17Chr5g0442301			medtr.A17.gnm5.MtrunA17Chr5	-	40494151	40494455	1.53488899862619	0.240013057216756	NS	-3.11467234021109	0.000759243365352916	DOWN
DOWN	dnf2_only	medtr.A17.gnm5.ann1_6.MtrunA17Chr5g0401401	MtrunA17Chr5g0401401			medtr.A17.gnm5.MtrunA17Chr5	+	5583252	5596556	-0.0961684392863175	0.999999979788073	NS	-3.1113242954716	0.000212605853449703	DOWN
DOWN	dnf2_only	medtr.A17.gnm5.ann1_6.MtrunA17Chr7g0233991	MtrunA17Chr7g0233991	MtNCR350	Nodule-specific Cysteine-Rich peptide	medtr.A17.gnm5.MtrunA17Chr7	+	24439379	24441156	-0.369323610706344	0.999999979788073	NS	-3.11078086133782	0.000477632417705701	DOWN
DOWN	dnf2_only	medtr.A17.gnm5.ann1_6.MtrunA17Chr1g0174951	MtrunA17Chr1g0174951	MtNCR038	Nodule-specific Cysteine-Rich peptide	medtr.A17.gnm5.MtrunA17Chr1	+	26282603	26283539	-0.882316664838128	0.999999979788073	NS	-3.10948425583126	6.42983422165387e-05	DOWN
DOWN	dnf2_only	medtr.A17.gnm5.ann1_6.MtrunA17Chr1g0192861	MtrunA17Chr1g0192861			medtr.A17.gnm5.MtrunA17Chr1	-	41420017	41420562	-0.977248742586319	0.999999979788073	NS	-3.10855685204604	0.00136628351021278	DOWN
DOWN	dnf2_only	medtr.A17.gnm5.ann1_6.MtrunA17Chr4g0034801	MtrunA17Chr4g0034801			medtr.A17.gnm5.MtrunA17Chr4	+	34360292	34361679	-0.342248455252784	0.999999979788073	NS	-3.10739679712186	0.0304484272467654	DOWN
DOWN	dnf2_only	medtr.A17.gnm5.ann1_6.MtrunA17Chr5g0424921	MtrunA17Chr5g0424921	MtNCR656	Nodule-specific Cysteine-Rich peptide	medtr.A17.gnm5.MtrunA17Chr5	+	26967109	26967842	-0.720061702802811	0.999999979788073	NS	-3.10666769761914	0.00019359262448224	DOWN
DOWN	dnf2_only	medtr.A17.gnm5.ann1_6.MtrunA17Chr3g0108891	MtrunA17Chr3g0108891			medtr.A17.gnm5.MtrunA17Chr3	-	32009608	32010864	0.913395873184669	0.999999979788073	NS	-3.1052912500721	0.0295554666838495	DOWN
DOWN	dnf2_only	medtr.A17.gnm5.ann1_6.MtrunA17Chr2g0309591	MtrunA17Chr2g0309591	MtNCR160	Nodule-specific Cysteine-Rich peptide	medtr.A17.gnm5.MtrunA17Chr2	+	32287271	32288486	0.085946327342803	0.999999979788073	NS	-3.10507860827705	0.000210682614958742	DOWN
DOWN	dnf2_only	medtr.A17.gnm5.ann1_6.MtrunA17Chr7g0260491	MtrunA17Chr7g0260491			medtr.A17.gnm5.MtrunA17Chr7	-	45276596	45278964	-1.19603578290375	0.999999979788073	NS	-3.10268147197878	0.0103344885967175	DOWN
DOWN	dnf2_only	medtr.A17.gnm5.ann1_6.MtrunA17Chr2g0290301	MtrunA17Chr2g0290301			medtr.A17.gnm5.MtrunA17Chr2	+	9588701	9590422	-0.22623973383897	0.999999979788073	NS	-3.10253312481849	0.00424179780941793	DOWN
DOWN	dnf2_only	medtr.A17.gnm5.ann1_6.MtrunA17Chr2g0307591	MtrunA17Chr2g0307591	MtNCR177	Nodule-specific Cysteine-Rich peptide	medtr.A17.gnm5.MtrunA17Chr2	+	30089311	30090185	-0.683615564095214	0.999999979788073	NS	-3.10224958071867	1.16471335217244e-05	DOWN
DOWN	dnf2_only	medtr.A17.gnm5.ann1_6.MtrunA17Chr7g0251331	MtrunA17Chr7g0251331	MtMATE30	multidrug and toxic compound extrusion family	medtr.A17.gnm5.MtrunA17Chr7	-	38518681	38523396	-0.574881268691918	0.999999979788073	NS	-3.09577003432537	5.9495422770235e-05	DOWN
DOWN	dnf2_only	medtr.A17.gnm5.ann1_6.MtrunA17Chr8g0372181	MtrunA17Chr8g0372181			medtr.A17.gnm5.MtrunA17Chr8	+	34733814	34736599	0.301754315876516	0.999999979788073	NS	-3.09423216178859	0.00038022773951581	DOWN
DOWN	dnf2_only	medtr.A17.gnm5.ann1_6.MtrunA17Chr2g0325371	MtrunA17Chr2g0325371	MtCLE34	CLAVATA3/EMBRYO-SURROUNDING REGION (CLE) family	medtr.A17.gnm5.MtrunA17Chr2	+	45348282	45349432	-1.68577745048649	0.508931548280806	NS	-3.0923604902968	0.0103497588568012	DOWN
DOWN	dnf2_only	medtr.A17.gnm5.ann1_6.MtrunA17Chr2g0308571	MtrunA17Chr2g0308571			medtr.A17.gnm5.MtrunA17Chr2	-	31428760	31434359	-0.50159185748191	0.999999979788073	NS	-3.09054731303146	7.7232001291971e-05	DOWN
DOWN	dnf2_only	medtr.A17.gnm5.ann1_6.MtrunA17Chr7g0259021	MtrunA17Chr7g0259021			medtr.A17.gnm5.MtrunA17Chr7	-	44145539	44147853	-0.225482971283164	0.999999979788073	NS	-3.08675532600309	0.00513223120809633	DOWN
DOWN	dnf2_only	medtr.A17.gnm5.ann1_6.MtrunA17Chr4g0033791	MtrunA17Chr4g0033791	MtNLP2	NIN-like protein 2  (MtNLP2|PMID:24987011)	medtr.A17.gnm5.MtrunA17Chr4	+	33670322	33676312	-0.777880373726772	0.999999979788073	NS	-3.0851938508106	0.00086932774253455	DOWN
DOWN	dnf2_only	medtr.A17.gnm5.ann1_6.MtrunA17Chr6g0467541	MtrunA17Chr6g0467541			medtr.A17.gnm5.MtrunA17Chr6	-	16518840	16519902	-1.77389091531742	0.316585311814803	NS	-3.08329753839171	0.00314711007142198	DOWN
DOWN	dnf2_only	medtr.A17.gnm5.ann1_6.MtrunA17Chr2g0308621	MtrunA17Chr2g0308621	MtNCR277	Nodule-specific Cysteine-Rich peptide	medtr.A17.gnm5.MtrunA17Chr2	-	31485384	31487215	-0.0550813449818252	0.999999979788073	NS	-3.08129354936981	0.000164197735076158	DOWN
DOWN	dnf2_only	medtr.A17.gnm5.ann1_6.MtrunA17Chr4g0054291	MtrunA17Chr4g0054291			medtr.A17.gnm5.MtrunA17Chr4	+	48081883	48083030	-1.27099210471034	0.62394153445269	NS	-3.07985694800116	2.18914883896029e-05	DOWN
DOWN	dnf2_only	medtr.A17.gnm5.ann1_6.MtrunA17Chr1g0146151	MtrunA17Chr1g0146151			medtr.A17.gnm5.MtrunA17Chr1	+	71788	76701	-0.00805082004499004	0.999999979788073	NS	-3.07854000470904	0.000239002074640919	DOWN
DOWN	dnf2_only	medtr.A17.gnm5.ann1_6.MtrunA17Chr3g0100521	MtrunA17Chr3g0100521			medtr.A17.gnm5.MtrunA17Chr3	+	25066945	25067384	-1.19816850902393	0.987041610831682	NS	-3.07575991368492	0.00173263822914058	DOWN
DOWN	dnf2_only	medtr.A17.gnm5.ann1_6.MtrunA17Chr1g0174931	MtrunA17Chr1g0174931			medtr.A17.gnm5.MtrunA17Chr1	-	26273700	26282433	-1.06535443124583	0.999999979788073	NS	-3.07437339873578	0.0157827886120841	DOWN
DOWN	dnf2_only	medtr.A17.gnm5.ann1_6.MtrunA17Chr5g0425491	MtrunA17Chr5g0425491	MtNCR439	Nodule-specific Cysteine-Rich peptide	medtr.A17.gnm5.MtrunA17Chr5	+	27491366	27492644	-0.328194300678635	0.999999979788073	NS	-3.07368498546585	0.00108252177857841	DOWN
DOWN	dnf2_only	medtr.A17.gnm5.ann1_6.MtrunA17Chr6g0487411	MtrunA17Chr6g0487411			medtr.A17.gnm5.MtrunA17Chr6	+	41693021	41693879	0.128978142707528	0.999999979788073	NS	-3.07322101816328	0.0226093493622923	DOWN
DOWN	dnf2_only	medtr.A17.gnm5.ann1_6.MtrunA17Chr6g0475011	MtrunA17Chr6g0475011	MtNCR004	Nodule-specific Cysteine-Rich peptide	medtr.A17.gnm5.MtrunA17Chr6	+	29178915	29182906	-0.309183487712141	0.999999979788073	NS	-3.07119435718458	0.000761686540590889	DOWN
DOWN	dnf2_only	medtr.A17.gnm5.ann1_6.MtrunA17Chr4g0053911	MtrunA17Chr4g0053911			medtr.A17.gnm5.MtrunA17Chr4	-	47802314	47803961	0.265163129082923	0.999999979788073	NS	-3.0684465031327	7.81593448815732e-06	DOWN
DOWN	dnf2_only	medtr.A17.gnm5.ann1_6.MtrunA17Chr3g0082541	MtrunA17Chr3g0082541			medtr.A17.gnm5.MtrunA17Chr3	+	4299770	4300924	-2.41741089354638	0.0517929662662067	NS	-3.06732525551247	0.00198929754936091	DOWN
DOWN	dnf2_only	medtr.A17.gnm5.ann1_6.MtrunA17Chr3g0086761	MtrunA17Chr3g0086761	MtNCR413	Nodule-specific Cysteine-Rich peptide	medtr.A17.gnm5.MtrunA17Chr3	+	8263555	8266247	0.103792300880123	0.999999979788073	NS	-3.06697031294342	4.92292305501838e-05	DOWN
DOWN	dnf2_only	medtr.A17.gnm5.ann1_6.MtrunA17Chr8g0372161	MtrunA17Chr8g0372161			medtr.A17.gnm5.MtrunA17Chr8	-	34724757	34725598	0.211571821802708	0.999999979788073	NS	-3.06559184037894	2.31544989533648e-05	DOWN
DOWN	dnf2_only	medtr.A17.gnm5.ann1_6.MtrunA17Chr7g0240311	MtrunA17Chr7g0240311			medtr.A17.gnm5.MtrunA17Chr7	-	30170142	30172370	0.00914404919567303	0.999999979788073	NS	-3.06284801883641	4.43473602911673e-05	DOWN
DOWN	dnf2_only	medtr.A17.gnm5.ann1_6.MtrunA17Chr5g0424951	MtrunA17Chr5g0424951	MtNCR657	Nodule-specific Cysteine-Rich peptide	medtr.A17.gnm5.MtrunA17Chr5	-	27011513	27013741	-0.0062101354346831	0.999999979788073	NS	-3.06071238885454	2.67242754876847e-05	DOWN
DOWN	dnf2_only	medtr.A17.gnm5.ann1_6.MtrunA17Chr3g0125921	MtrunA17Chr3g0125921			medtr.A17.gnm5.MtrunA17Chr3	+	44336994	44337743	-0.104096320715596	0.999999979788073	NS	-3.05983245938025	0.0159503880500724	DOWN
DOWN	dnf2_only	medtr.A17.gnm5.ann1_6.MtrunA17Chr1g0167681	MtrunA17Chr1g0167681			medtr.A17.gnm5.MtrunA17Chr1	-	16539145	16539829	-0.645497673490171	0.999999979788073	NS	-3.0582076552785	9.88246905443286e-06	DOWN
DOWN	dnf2_only	medtr.A17.gnm5.ann1_6.MtrunA17Chr7g0252671	MtrunA17Chr7g0252671	MtNCR387	Nodule-specific Cysteine-Rich peptide	medtr.A17.gnm5.MtrunA17Chr7	+	39503694	39504603	-0.428457547495573	0.999999979788073	NS	-3.05710671035693	0.00160043192414117	DOWN
DOWN	dnf2_only	medtr.A17.gnm5.ann1_6.MtrunA17Chr4g0007351	MtrunA17Chr4g0007351	MtNCR-new29	Nodule-specific Cysteine-Rich peptide	medtr.A17.gnm5.MtrunA17Chr4	+	5794880	5798920	0.0892307402226735	0.999999979788073	NS	-3.05455095649795	0.000164905956703921	DOWN
DOWN	dnf2_only	medtr.A17.gnm5.ann1_6.MtrunA17Chr6g0450521	MtrunA17Chr6g0450521	MtNCR215b	Nodule-specific Cysteine-Rich peptide	medtr.A17.gnm5.MtrunA17Chr6	+	1198310	1199199	-0.0827711840361545	0.999999979788073	NS	-3.05288186992161	0.000543666176923377	DOWN
DOWN	dnf2_only	medtr.A17.gnm5.ann1_6.MtrunA17Chr5g0426761	MtrunA17Chr5g0426761			medtr.A17.gnm5.MtrunA17Chr5	+	28604201	28605454	0.298884272990569	0.999999979788073	NS	-3.05214649413332	0.0065623490320198	DOWN
DOWN	dnf2_only	medtr.A17.gnm5.ann1_6.MtrunA17Chr7g0259781	MtrunA17Chr7g0259781			medtr.A17.gnm5.MtrunA17Chr7	-	44721419	44722904	-0.259848740461266	0.999999979788073	NS	-3.04045795477121	0.00321132107448296	DOWN
DOWN	dnf2_only	medtr.A17.gnm5.ann1_6.MtrunA17Chr4g0027921	MtrunA17Chr4g0027921			medtr.A17.gnm5.MtrunA17Chr4	-	28988872	28989781	-0.615969160741302	0.999999979788073	NS	-3.03945292323935	0.00346704740247157	DOWN
DOWN	dnf2_only	medtr.A17.gnm5.ann1_6.MtrunA17Chr7g0260451	MtrunA17Chr7g0260451	MtNCR722	Nodule-specific Cysteine-Rich peptide	medtr.A17.gnm5.MtrunA17Chr7	+	45252459	45253407	-1.05657081288843	0.999999979788073	NS	-3.03748892466415	0.000419705170644821	DOWN
DOWN	dnf2_only	medtr.A17.gnm5.ann1_6.MtrunA17Chr7g0240591	MtrunA17Chr7g0240591			medtr.A17.gnm5.MtrunA17Chr7	-	30382339	30383488	-1.6124590504706	0.537274801522643	NS	-3.03623741670337	0.00757753210474024	DOWN
DOWN	dnf2_only	medtr.A17.gnm5.ann1_6.MtrunA17Chr1g0205631	MtrunA17Chr1g0205631			medtr.A17.gnm5.MtrunA17Chr1	-	50827561	50829321	-1.65160378519261	0.218316671856979	NS	-3.03609210217871	0.000250347000397712	DOWN
DOWN	dnf2_only	medtr.A17.gnm5.ann1_6.MtrunA17Chr3g0119321	MtrunA17Chr3g0119321			medtr.A17.gnm5.MtrunA17Chr3	-	39718170	39718543	0.823765751828041	0.999999979788073	NS	-3.03131362559007	0.00060897219929557	DOWN
DOWN	dnf2_only	medtr.A17.gnm5.ann1_6.MtrunA17Chr6g0479941	MtrunA17Chr6g0479941			medtr.A17.gnm5.MtrunA17Chr6	+	34676297	34677865	-1.51336799523061	0.604743815821014	NS	-3.0295383836681	0.00596270478906299	DOWN
DOWN	dnf2_only	medtr.A17.gnm5.ann1_6.MtrunA17Chr3g0083211	MtrunA17Chr3g0083211			medtr.A17.gnm5.MtrunA17Chr3	-	4863408	4865364	-0.433461446515055	0.999999979788073	NS	-3.02947172981949	1.9280513989591e-05	DOWN
DOWN	dnf2_only	medtr.A17.gnm5.ann1_6.MtrunA17Chr5g0446381	MtrunA17Chr5g0446381	MtNCR175	Nodule-specific Cysteine-Rich peptide	medtr.A17.gnm5.MtrunA17Chr5	+	42983364	42984354	-0.715595787088284	0.999999979788073	NS	-3.02832848705996	0.000113165724391812	DOWN
DOWN	dnf2_only	medtr.A17.gnm5.ann1_6.MtrunA17Chr7g0249971	MtrunA17Chr7g0249971			medtr.A17.gnm5.MtrunA17Chr7	-	37605211	37605964	-0.573968213489054	0.999999979788073	NS	-3.02453517861195	0.00022223966372404	DOWN
DOWN	dnf2_only	medtr.A17.gnm5.ann1_6.MtrunA17Chr3g0141481	MtrunA17Chr3g0141481			medtr.A17.gnm5.MtrunA17Chr3	+	55703918	55706101	1.74556775855152	0.167925731467717	NS	-3.02220111212476	0.00932167765711651	DOWN
DOWN	dnf2_only	medtr.A17.gnm5.ann1_6.MtrunA17Chr8g0348451	MtrunA17Chr8g0348451			medtr.A17.gnm5.MtrunA17Chr8	+	11086468	11090313	-0.533776641614155	0.999999979788073	NS	-3.02160104192359	8.85402145586349e-06	DOWN
DOWN	dnf2_only	medtr.A17.gnm5.ann1_6.MtrunA17Chr6g0487611	MtrunA17Chr6g0487611			medtr.A17.gnm5.MtrunA17Chr6	-	41944401	41944897	0.642992983186364	0.999999979788073	NS	-3.01866469686367	0.0286271498067952	DOWN
DOWN	dnf2_only	medtr.A17.gnm5.ann1_6.MtrunA17Chr7g0253811	MtrunA17Chr7g0253811			medtr.A17.gnm5.MtrunA17Chr7	-	40252563	40253219	0.802058565761537	0.999999979788073	NS	-3.0178867638752	0.0018130175713053	DOWN
DOWN	dnf2_only	medtr.A17.gnm5.ann1_6.MtrunA17Chr6g0477551	MtrunA17Chr6g0477551	MtNCR008	Nodule-specific Cysteine-Rich peptide	medtr.A17.gnm5.MtrunA17Chr6	-	32341610	32342711	-0.092834357956467	0.999999979788073	NS	-3.01632757827034	0.000132874422976601	DOWN
DOWN	dnf2_only	medtr.A17.gnm5.ann1_6.MtrunA17Chr7g0250751	MtrunA17Chr7g0250751			medtr.A17.gnm5.MtrunA17Chr7	+	38212380	38213694	0.604497850000488	0.999999979788073	NS	-3.01345150418537	0.0128621075217303	DOWN
DOWN	dnf2_only	medtr.A17.gnm5.ann1_6.MtrunA17Chr5g0423641	MtrunA17Chr5g0423641	MtNCR307	Nodule-specific Cysteine-Rich peptide	medtr.A17.gnm5.MtrunA17Chr5	+	25395498	25397326	-0.0983396586306722	0.999999979788073	NS	-3.01055425482387	9.17273097576451e-05	DOWN
DOWN	dnf2_only	medtr.A17.gnm5.ann1_6.MtrunA17Chr7g0233461	MtrunA17Chr7g0233461			medtr.A17.gnm5.MtrunA17Chr7	-	23948411	23949544	1.16704781716326	0.999999979788073	NS	-3.01035321605401	0.0204622507287596	DOWN
DOWN	dnf2_only	medtr.A17.gnm5.ann1_6.MtrunA17Chr3g0114201	MtrunA17Chr3g0114201			medtr.A17.gnm5.MtrunA17Chr3	-	35759537	35762095	-1.79692777865367	0.228404072138016	NS	-3.00837278788969	0.00145295550851695	DOWN
DOWN	dnf2_only	medtr.A17.gnm5.ann1_6.MtrunA17Chr1g0193121	MtrunA17Chr1g0193121			medtr.A17.gnm5.MtrunA17Chr1	-	41602963	41606995	-0.720837988483203	0.999999979788073	NS	-3.00129616692745	0.00162110125618955	DOWN
DOWN	dnf2_only	medtr.A17.gnm5.ann1_6.MtrunA17Chr7g0229931	MtrunA17Chr7g0229931	MtNCR169	Nodule-specific Cysteine-Rich peptide (corresponds to dnf7 mutation)	medtr.A17.gnm5.MtrunA17Chr7	-	17712671	17717025	0.0437575086757356	0.999999979788073	NS	-3.00100425138605	0.000366364539914807	DOWN
DOWN	dnf2_only	medtr.A17.gnm5.ann1_6.MtrunA17Chr2g0277131	MtrunA17Chr2g0277131	MtDMI1	does not make infection 1|ion  channel	medtr.A17.gnm5.MtrunA17Chr2	+	372561	378737	-1.1185113308415	0.999999979788073	NS	-2.9986516331497	2.85178860791067e-05	DOWN
DOWN	dnf2_only	medtr.A17.gnm5.ann1_6.MtrunA17Chr3g0081471	MtrunA17Chr3g0081471			medtr.A17.gnm5.MtrunA17Chr3	+	3437729	3439238	-0.833789950901771	0.999999979788073	NS	-2.99436506962269	0.00820273702787203	DOWN
DOWN	dnf2_only	medtr.A17.gnm5.ann1_6.MtrunA17Chr8g0357551	MtrunA17Chr8g0357551	MtNCR-new81	Nodule-specific Cysteine-Rich peptide	medtr.A17.gnm5.MtrunA17Chr8	-	19516694	19517983	-0.193166510376191	0.999999979788073	NS	-2.99420598612173	0.000590390002301627	DOWN
DOWN	dnf2_only	medtr.A17.gnm5.ann1_6.MtrunA17Chr2g0314081	MtrunA17Chr2g0314081			medtr.A17.gnm5.MtrunA17Chr2	+	36680235	36681856	-0.5024291846448	0.999999979788073	NS	-2.9940056267469	8.34737406259623e-05	DOWN
DOWN	dnf2_only	medtr.A17.gnm5.ann1_6.MtrunA17Chr4g0004881	MtrunA17Chr4g0004881	MtFPN3	ferroportin 3	medtr.A17.gnm5.MtrunA17Chr4	+	3843673	3848258	-1.5232525059266	0.42676816145763	NS	-2.99192031107846	0.000780242105347553	DOWN
DOWN	dnf2_only	medtr.A17.gnm5.ann1_6.MtrunA17Chr3g0100561	MtrunA17Chr3g0100561	MtCaML2	calmodulin-like 2	medtr.A17.gnm5.MtrunA17Chr3	-	25082384	25086428	-0.587051076031996	0.999999979788073	NS	-2.99072576073187	0.000437962132514812	DOWN
DOWN	dnf2_only	medtr.A17.gnm5.ann1_6.MtrunA17Chr8g0365091	MtrunA17Chr8g0365091	MtNCR182	Nodule-specific Cysteine-Rich peptide	medtr.A17.gnm5.MtrunA17Chr8	+	29319314	29319884	0.260501362900996	0.999999979788073	NS	-2.98539250136179	0.00037648646685733	DOWN
DOWN	dnf2_only	medtr.A17.gnm5.ann1_6.MtrunA17Chr3g0083221	MtrunA17Chr3g0083221			medtr.A17.gnm5.MtrunA17Chr3	+	4864539	4865110	-0.373791632633514	0.999999979788073	NS	-2.98249880693733	1.5050923712231e-05	DOWN
DOWN	dnf2_only	medtr.A17.gnm5.ann1_6.MtrunA17Chr3g0095301	MtrunA17Chr3g0095301			medtr.A17.gnm5.MtrunA17Chr3	-	18683766	18685024	-0.181051448523828	0.999999979788073	NS	-2.98143214023998	0.000494301738667894	DOWN
DOWN	dnf2_only	medtr.A17.gnm5.ann1_6.MtrunA17Chr8g0347211	MtrunA17Chr8g0347211			medtr.A17.gnm5.MtrunA17Chr8	+	10193836	10194431	-0.296221869987399	0.999999979788073	NS	-2.98031384113067	0.00299318877764077	DOWN
DOWN	dnf2_only	medtr.A17.gnm5.ann1_6.MtrunA17Chr7g0243601	MtrunA17Chr7g0243601	MtNCR459	Nodule-specific Cysteine-Rich peptide	medtr.A17.gnm5.MtrunA17Chr7	+	32839661	32844872	-0.481129947600906	0.999999979788073	NS	-2.97970317603014	0.000262577969129368	DOWN
DOWN	dnf2_only	medtr.A17.gnm5.ann1_6.MtrunA17Chr5g0393421	MtrunA17Chr5g0393421			medtr.A17.gnm5.MtrunA17Chr5	-	67135	68265	-0.391111276869715	0.999999979788073	NS	-2.97815517899521	0.000231998324569462	DOWN
DOWN	dnf2_only	medtr.A17.gnm5.ann1_6.MtrunA17Chr4g0059811	MtrunA17Chr4g0059811			medtr.A17.gnm5.MtrunA17Chr4	+	52383490	52385448	-0.326219735929302	0.999999979788073	NS	-2.97553969262829	0.000271447011863981	DOWN
DOWN	dnf2_only	medtr.A17.gnm5.ann1_6.MtrunA17Chr8g0383381	MtrunA17Chr8g0383381			medtr.A17.gnm5.MtrunA17Chr8	-	42682720	42686318	0.716229013866303	0.999999979788073	NS	-2.97517384858142	0.0330834120493423	DOWN
DOWN	dnf2_only	medtr.A17.gnm5.ann1_6.MtrunA17Chr6g0487681	MtrunA17Chr6g0487681			medtr.A17.gnm5.MtrunA17Chr6	+	41957746	41958370	-1.85363190412291	0.293682184207961	NS	-2.97217752802255	0.00561032142943692	DOWN
DOWN	dnf2_only	medtr.A17.gnm5.ann1_6.MtrunA17Chr3g0142131	MtrunA17Chr3g0142131			medtr.A17.gnm5.MtrunA17Chr3	-	56147608	56152984	-0.115908659548596	0.999999979788073	NS	-2.96991085175417	0.00330085662923851	DOWN
DOWN	dnf2_only	medtr.A17.gnm5.ann1_6.MtrunA17Chr3g0081481	MtrunA17Chr3g0081481	MtNCR120	Nodule-specific Cysteine-Rich peptide	medtr.A17.gnm5.MtrunA17Chr3	-	3439080	3441361	-0.0579528463772335	0.999999979788073	NS	-2.96188128884379	0.000486957418980665	DOWN
DOWN	dnf2_only	medtr.A17.gnm5.ann1_6.MtrunA17Chr1g0157251	MtrunA17Chr1g0157251			medtr.A17.gnm5.MtrunA17Chr1	+	8522102	8528240	-0.47459728515553	0.999999979788073	NS	-2.960679363077	1.34012059832605e-05	DOWN
DOWN	dnf2_only	medtr.A17.gnm5.ann1_6.MtrunA17Chr7g0246091	MtrunA17Chr7g0246091			medtr.A17.gnm5.MtrunA17Chr7	+	34975129	34977325	0.441446691367808	0.999999979788073	NS	-2.96015993991252	6.3596211840229e-06	DOWN
DOWN	dnf2_only	medtr.A17.gnm5.ann1_6.MtrunA17Chr8g0355201	MtrunA17Chr8g0355201			medtr.A17.gnm5.MtrunA17Chr8	-	16749879	16757501	-0.73189807107126	0.999999979788073	NS	-2.95730600382269	2.35530025441387e-05	DOWN
DOWN	dnf2_only	medtr.A17.gnm5.ann1_6.MtrunA17Chr1g0183881	MtrunA17Chr1g0183881			medtr.A17.gnm5.MtrunA17Chr1	+	34522858	34525095	-0.228914741910314	0.999999979788073	NS	-2.95725903663227	0.00419217411475967	DOWN
DOWN	dnf2_only	medtr.A17.gnm5.ann1_6.MtrunA17Chr6g0474451	MtrunA17Chr6g0474451	MtNCR015	Nodule-specific Cysteine-Rich peptide	medtr.A17.gnm5.MtrunA17Chr6	-	28345867	28346899	0.078400851893847	0.999999979788073	NS	-2.95399604755262	0.000252518148562752	DOWN
DOWN	dnf2_only	medtr.A17.gnm5.ann1_6.MtrunA17Chr8g0360871	MtrunA17Chr8g0360871			medtr.A17.gnm5.MtrunA17Chr8	+	25166987	25182400	-0.0281269779872353	0.999999979788073	NS	-2.95364452432788	0.000133968630820665	DOWN
DOWN	dnf2_only	medtr.A17.gnm5.ann1_6.MtrunA17Chr4g0023601	MtrunA17Chr4g0023601			medtr.A17.gnm5.MtrunA17Chr4	+	24238143	24241081	-1.54411375137991	0.433942506481536	NS	-2.95279583127459	0.0014120784353498	DOWN
DOWN	dnf2_only	medtr.A17.gnm5.ann1_6.MtrunA17Chr5g0400901	MtrunA17Chr5g0400901			medtr.A17.gnm5.MtrunA17Chr5	-	5193615	5194995	-1.63966439771099	0.221258590400548	NS	-2.95258011653126	0.000200566547362153	DOWN
DOWN	dnf2_only	medtr.A17.gnm5.ann1_6.MtrunA17Chr4g0027661	MtrunA17Chr4g0027661			medtr.A17.gnm5.MtrunA17Chr4	+	28704074	28705022	-0.377619023450272	0.999999979788073	NS	-2.94849393537785	0.000699813038158442	DOWN
DOWN	dnf2_only	medtr.A17.gnm5.ann1_6.MtrunA17Chr2g0310671	MtrunA17Chr2g0310671			medtr.A17.gnm5.MtrunA17Chr2	+	33619816	33621810	-0.33757606127258	0.999999979788073	NS	-2.94628119913332	0.000455076472930704	DOWN
DOWN	dnf2_only	medtr.A17.gnm5.ann1_6.MtrunA17Chr3g0108751	MtrunA17Chr3g0108751	MtNCR506	Nodule-specific Cysteine-Rich peptide	medtr.A17.gnm5.MtrunA17Chr3	+	31912608	31914269	-0.290491816825071	0.999999979788073	NS	-2.93954078775101	0.000141688967363657	DOWN
DOWN	dnf2_only	medtr.A17.gnm5.ann1_6.MtrunA17Chr7g0233841	MtrunA17Chr7g0233841			medtr.A17.gnm5.MtrunA17Chr7	-	24286768	24288086	-0.479867327981069	0.999999979788073	NS	-2.93834182200014	0.0186324675677091	DOWN
DOWN	dnf2_only	medtr.A17.gnm5.ann1_6.MtrunA17Chr3g0078221	MtrunA17Chr3g0078221	MtNCR098	Nodule-specific Cysteine-Rich peptide	medtr.A17.gnm5.MtrunA17Chr3	+	828606	830906	0.0736922036823869	0.999999979788073	NS	-2.93804068688242	0.00212134198420962	DOWN
DOWN	dnf2_only	medtr.A17.gnm5.ann1_6.MtrunA17Chr8g0360881	MtrunA17Chr8g0360881			medtr.A17.gnm5.MtrunA17Chr8	-	25181346	25186822	-0.672685011046778	0.999999979788073	NS	-2.93499448417178	7.82255624080475e-05	DOWN
DOWN	dnf2_only	medtr.A17.gnm5.ann1_6.MtrunA17Chr3g0110941	MtrunA17Chr3g0110941			medtr.A17.gnm5.MtrunA17Chr3	+	33349449	33352159	-0.449958281782889	0.999999979788073	NS	-2.93320377170927	0.00684914835435345	DOWN
DOWN	dnf2_only	medtr.A17.gnm5.ann1_6.MtrunA17Chr5g0422771	MtrunA17Chr5g0422771			medtr.A17.gnm5.MtrunA17Chr5	+	24649255	24653153	-0.0998433022950199	0.999999979788073	NS	-2.93094840789474	5.8043899653016e-05	DOWN
DOWN	dnf2_only	medtr.A17.gnm5.ann1_6.MtrunA17Chr7g0227731	MtrunA17Chr7g0227731	MtNCR703	Nodule-specific Cysteine-Rich peptide	medtr.A17.gnm5.MtrunA17Chr7	-	12851977	12853661	-1.22463437625057	0.958208881479778	NS	-2.92974801182976	0.00157466539819558	DOWN
DOWN	dnf2_only	medtr.A17.gnm5.ann1_6.MtrunA17Chr4g0061761	MtrunA17Chr4g0061761			medtr.A17.gnm5.MtrunA17Chr4	-	53791605	53793106	-0.731287757552571	0.999999979788073	NS	-2.92813984146536	0.0137501378808195	DOWN
DOWN	dnf2_only	medtr.A17.gnm5.ann1_6.MtrunA17Chr8g0339541	MtrunA17Chr8g0339541			medtr.A17.gnm5.MtrunA17Chr8	+	3662934	3663751	-1.08063848247039	0.999999979788073	NS	-2.92800575620362	0.000424608776837524	DOWN
DOWN	dnf2_only	medtr.A17.gnm5.ann1_6.MtrunA17Chr7g0236321	MtrunA17Chr7g0236321	MtLP7	LEED..PEED family	medtr.A17.gnm5.MtrunA17Chr7	+	26532563	26533918	0.450264517528402	0.999999979788073	NS	-2.92712512489519	0.00189233677117039	DOWN
DOWN	dnf2_only	medtr.A17.gnm5.ann1_6.MtrunA17Chr5g0420901	MtrunA17Chr5g0420901			medtr.A17.gnm5.MtrunA17Chr5	-	21441947	21445495	-0.517377621661855	0.999999979788073	NS	-2.92626171325251	0.00011559906325007	DOWN
DOWN	dnf2_only	medtr.A17.gnm5.ann1_6.MtrunA17Chr1g0180641	MtrunA17Chr1g0180641			medtr.A17.gnm5.MtrunA17Chr1	+	31796152	31798691	0.0222455549562875	0.999999979788073	NS	-2.92560389041942	0.0198243378190583	DOWN
DOWN	dnf2_only	medtr.A17.gnm5.ann1_6.MtrunA17Chr6g0450411	MtrunA17Chr6g0450411	MtNCR663	Nodule-specific Cysteine-Rich peptide	medtr.A17.gnm5.MtrunA17Chr6	+	1161832	1167583	-0.189413543490113	0.999999979788073	NS	-2.9254050625276	0.0011003264260325	DOWN
DOWN	dnf2_only	medtr.A17.gnm5.ann1_6.MtrunA17Chr4g0046441	MtrunA17Chr4g0046441	MtNCR116	Nodule-specific Cysteine-Rich peptide	medtr.A17.gnm5.MtrunA17Chr4	+	42803062	42805627	0.132226394530286	0.999999979788073	NS	-2.92479059041565	0.000717314349305555	DOWN
DOWN	dnf2_only	medtr.A17.gnm5.ann1_6.MtrunA17Chr8g0346681	MtrunA17Chr8g0346681			medtr.A17.gnm5.MtrunA17Chr8	+	9704284	9706891	0.996420369218495	0.999999979788073	NS	-2.92447004227905	0.000489982951803154	DOWN
DOWN	dnf2_only	medtr.A17.gnm5.ann1_6.MtrunA17Chr1g0174961	MtrunA17Chr1g0174961	MtNCR039	Nodule-specific Cysteine-Rich peptide	medtr.A17.gnm5.MtrunA17Chr1	-	26295974	26297655	-1.13119297296438	0.999999979788073	NS	-2.92403635337963	0.000645977406502613	DOWN
DOWN	dnf2_only	medtr.A17.gnm5.ann1_6.MtrunA17Chr7g0231271	MtrunA17Chr7g0231271			medtr.A17.gnm5.MtrunA17Chr7	-	20913103	20913942	-1.29504368573944	0.624891452206358	NS	-2.91423747532153	0.000113165724391812	DOWN
DOWN	dnf2_only	medtr.A17.gnm5.ann1_6.MtrunA17Chr6g0479921	MtrunA17Chr6g0479921			medtr.A17.gnm5.MtrunA17Chr6	-	34646050	34649471	-2.64532035248302	0.15375728857009	NS	-2.91234455798528	0.030757727579365	DOWN
DOWN	dnf2_only	medtr.A17.gnm5.ann1_6.MtrunA17Chr2g0283731	MtrunA17Chr2g0283731			medtr.A17.gnm5.MtrunA17Chr2	-	4790391	4791152	-1.49828440338191	0.406340413521537	NS	-2.91179328477023	0.0006090242547694	DOWN
DOWN	dnf2_only	medtr.A17.gnm5.ann1_6.MtrunA17Chr3g0124081	MtrunA17Chr3g0124081			medtr.A17.gnm5.MtrunA17Chr3	+	43012305	43015748	0.467389591804361	0.999999979788073	NS	-2.91168698920605	4.65544797575677e-06	DOWN
DOWN	dnf2_only	medtr.A17.gnm5.ann1_6.MtrunA17Chr4g0059371	MtrunA17Chr4g0059371			medtr.A17.gnm5.MtrunA17Chr4	-	52058557	52060921	-0.448761860273709	0.999999979788073	NS	-2.91068215959436	0.0131425756317575	DOWN
DOWN	dnf2_only	medtr.A17.gnm5.ann1_6.MtrunA17Chr7g0273451	MtrunA17Chr7g0273451			medtr.A17.gnm5.MtrunA17Chr7	+	54099013	54100064	-1.57791281619547	0.672673975113242	NS	-2.91038966811928	0.0235079172869126	DOWN
DOWN	dnf2_only	medtr.A17.gnm5.ann1_6.MtrunA17Chr4g0020421	MtrunA17Chr4g0020421	MtNCR486	Nodule-specific Cysteine-Rich peptide	medtr.A17.gnm5.MtrunA17Chr4	+	16392596	16394940	-0.82135062152539	0.999999979788073	NS	-2.90934389233613	0.00110997935973718	DOWN
DOWN	dnf2_only	medtr.A17.gnm5.ann1_6.MtrunA17Chr4g0004951	MtrunA17Chr4g0004951			medtr.A17.gnm5.MtrunA17Chr4	+	3876045	3878194	-1.04976356777196	0.999999979788073	NS	-2.90923381429962	0.000241935763211313	DOWN
DOWN	dnf2_only	medtr.A17.gnm5.ann1_6.MtrunA17Chr3g0083281	MtrunA17Chr3g0083281	MtNCR136	Nodule-specific Cysteine-Rich peptide	medtr.A17.gnm5.MtrunA17Chr3	-	4894799	4897074	-0.209920356241279	0.999999979788073	NS	-2.90803635182533	0.000226863651839624	DOWN
DOWN	dnf2_only	medtr.A17.gnm5.ann1_6.MtrunA17Chr7g0271281	MtrunA17Chr7g0271281			medtr.A17.gnm5.MtrunA17Chr7	+	52761564	52763699	-0.427135060022032	0.999999979788073	NS	-2.9050850458378	0.000193025962364857	DOWN
DOWN	dnf2_only	medtr.A17.gnm5.ann1_6.MtrunA17Chr4g0070141	MtrunA17Chr4g0070141			medtr.A17.gnm5.MtrunA17Chr4	+	59886578	59887805	1.42541139979824	0.29709383131944	NS	-2.90262230825953	2.71502518142581e-05	DOWN
DOWN	dnf2_only	medtr.A17.gnm5.ann1_6.MtrunA17Chr5g0425301	MtrunA17Chr5g0425301			medtr.A17.gnm5.MtrunA17Chr5	+	27310751	27311789	0.0735760409541949	0.999999979788073	NS	-2.90253393825704	0.00666397116999325	DOWN
DOWN	dnf2_only	medtr.A17.gnm5.ann1_6.MtrunA17Chr5g0428911	MtrunA17Chr5g0428911			medtr.A17.gnm5.MtrunA17Chr5	-	30469161	30469640	-0.145198010125097	0.999999979788073	NS	-2.90025012310535	2.42929645467167e-05	DOWN
DOWN	dnf2_only	medtr.A17.gnm5.ann1_6.MtrunA17Chr5g0417631	MtrunA17Chr5g0417631	MtLb5	leghemoglobin5	medtr.A17.gnm5.MtrunA17Chr5	+	18195254	18197566	-0.449703151522955	0.999999979788073	NS	-2.89689629260571	0.0030048985489492	DOWN
DOWN	dnf2_only	medtr.A17.gnm5.ann1_6.MtrunA17Chr5g0429841	MtrunA17Chr5g0429841	MtNCR217	Nodule-specific Cysteine-Rich peptide	medtr.A17.gnm5.MtrunA17Chr5	+	31074114	31075994	-0.424041368325278	0.999999979788073	NS	-2.89561704782878	0.000926841055540117	DOWN
DOWN	dnf2_only	medtr.A17.gnm5.ann1_6.MtrunA17Chr1g0207861	MtrunA17Chr1g0207861			medtr.A17.gnm5.MtrunA17Chr1	+	52302231	52304383	0.749873369540547	0.999999979788073	NS	-2.89144559781869	0.00127507425358317	DOWN
DOWN	dnf2_only	medtr.A17.gnm5.ann1_6.MtrunA17Chr6g0475841	MtrunA17Chr6g0475841			medtr.A17.gnm5.MtrunA17Chr6	+	30465158	30466693	-0.248433619951593	0.999999979788073	NS	-2.88970244835244	0.0468092534683686	DOWN
DOWN	dnf2_only	medtr.A17.gnm5.ann1_6.MtrunA17Chr1g0167631	MtrunA17Chr1g0167631	MtNCR054	Nodule-specific Cysteine-Rich peptide	medtr.A17.gnm5.MtrunA17Chr1	-	16488052	16490703	-0.493319926938734	0.999999979788073	NS	-2.88831967045273	7.81397666356531e-05	DOWN
DOWN	dnf2_only	medtr.A17.gnm5.ann1_6.MtrunA17Chr7g0246471	MtrunA17Chr7g0246471			medtr.A17.gnm5.MtrunA17Chr7	-	35229018	35229512	-1.4179256887639	0.586317691521828	NS	-2.88689684927847	0.00142995259398796	DOWN
DOWN	dnf2_only	medtr.A17.gnm5.ann1_6.MtrunA17Chr7g0214461	MtrunA17Chr7g0214461	MtNPF7.4	NRT1/ PTR FAMILY|nitrate transporter / peptide transporter	medtr.A17.gnm5.MtrunA17Chr7	+	522415	525993	-1.12266810857046	0.999999979788073	NS	-2.88437557612273	0.00081749528684907	DOWN
DOWN	dnf2_only	medtr.A17.gnm5.ann1_6.MtrunA17Chr5g0409811	MtrunA17Chr5g0409811			medtr.A17.gnm5.MtrunA17Chr5	+	11494488	11495156	-1.20744199303351	0.999999979788073	NS	-2.88418363589727	0.0408698339497885	DOWN
DOWN	dnf2_only	medtr.A17.gnm5.ann1_6.MtrunA17Chr1g0185781	MtrunA17Chr1g0185781			medtr.A17.gnm5.MtrunA17Chr1	-	36119089	36120268	0.863318816734765	0.999999979788073	NS	-2.88048871371715	0.000946032990465195	DOWN
DOWN	dnf2_only	medtr.A17.gnm5.ann1_6.MtrunA17Chr4g0007901	MtrunA17Chr4g0007901	MtNCR170	Nodule-specific Cysteine-Rich peptide	medtr.A17.gnm5.MtrunA17Chr4	+	6165779	6166841	-0.300713782976683	0.999999979788073	NS	-2.87968955736338	0.0014762569710954	DOWN
DOWN	dnf2_only	medtr.A17.gnm5.ann1_6.MtrunA17Chr2g0301791	MtrunA17Chr2g0301791			medtr.A17.gnm5.MtrunA17Chr2	-	19475549	19477755	-0.344009931963772	0.999999979788073	NS	-2.87866256528814	0.000167242962147061	DOWN
DOWN	dnf2_only	medtr.A17.gnm5.ann1_6.MtrunA17Chr2g0314641	MtrunA17Chr2g0314641			medtr.A17.gnm5.MtrunA17Chr2	+	37062308	37066325	0.0394109186566842	0.999999979788073	NS	-2.8779862063807	0.00479171980261705	DOWN
DOWN	dnf2_only	medtr.A17.gnm5.ann1_6.MtrunA17Chr7g0236281	MtrunA17Chr7g0236281			medtr.A17.gnm5.MtrunA17Chr7	-	26518134	26522735	-0.158802585552434	0.999999979788073	NS	-2.87413510810348	0.00176546913253298	DOWN
DOWN	dnf2_only	medtr.A17.gnm5.ann1_6.MtrunA17Chr2g0283721	MtrunA17Chr2g0283721			medtr.A17.gnm5.MtrunA17Chr2	+	4788557	4788871	-1.36617438185283	0.836224344827608	NS	-2.87322768851795	0.00930467451588973	DOWN
DOWN	dnf2_only	medtr.A17.gnm5.ann1_6.MtrunA17Chr4g0000251	MtrunA17Chr4g0000251			medtr.A17.gnm5.MtrunA17Chr4	-	215125	215900	1.55793534281447	0.442216703565947	NS	-2.87196904595786	0.0217372239203025	DOWN
DOWN	dnf2_only	medtr.A17.gnm5.ann1_6.MtrunA17Chr5g0436961	MtrunA17Chr5g0436961			medtr.A17.gnm5.MtrunA17Chr5	-	36639557	36648974	-0.470176761612114	0.999999979788073	NS	-2.86865606290047	0.000106668394710968	DOWN
DOWN	dnf2_only	medtr.A17.gnm5.ann1_6.MtrunA17Chr5g0435981	MtrunA17Chr5g0435981	MtLb7|MtLb10	leghemoglobin7	medtr.A17.gnm5.MtrunA17Chr5	+	35876659	35878677	-0.323452056868545	0.999999979788073	NS	-2.86847093483862	0.00166187416074951	DOWN
DOWN	dnf2_only	medtr.A17.gnm5.ann1_6.MtrunA17Chr2g0330871	MtrunA17Chr2g0330871			medtr.A17.gnm5.MtrunA17Chr2	-	49410427	49415475	-0.401804030601947	0.999999979788073	NS	-2.86719790036759	1.08743784531869e-05	DOWN
DOWN	dnf2_only	medtr.A17.gnm5.ann1_6.MtrunA17Chr1g0159231	MtrunA17Chr1g0159231	MtNCR523	Nodule-specific Cysteine-Rich peptide	medtr.A17.gnm5.MtrunA17Chr1	-	9950297	9951415	-0.208729995383941	0.999999979788073	NS	-2.86614972823896	0.000137753240472241	DOWN
DOWN	dnf2_only	medtr.A17.gnm5.ann1_6.MtrunA17Chr2g0306411	MtrunA17Chr2g0306411	MtNCR550	Nodule-specific Cysteine-Rich peptide	medtr.A17.gnm5.MtrunA17Chr2	+	27927029	27930011	-0.415489209559497	0.999999979788073	NS	-2.86518793466637	0.00110997935973718	DOWN
DOWN	dnf2_only	medtr.A17.gnm5.ann1_6.MtrunA17Chr6g0461071	MtrunA17Chr6g0461071			medtr.A17.gnm5.MtrunA17Chr6	-	10272443	10273109	-0.349033052031452	0.999999979788073	NS	-2.86421866382171	0.00146619351125565	DOWN
DOWN	dnf2_only	medtr.A17.gnm5.ann1_6.MtrunA17Chr7g0240781	MtrunA17Chr7g0240781			medtr.A17.gnm5.MtrunA17Chr7	+	30508710	30511213	-0.170956889685175	0.999999979788073	NS	-2.86256403995901	4.46035994306783e-05	DOWN
DOWN	dnf2_only	medtr.A17.gnm5.ann1_6.MtrunA17Chr2g0301501	MtrunA17Chr2g0301501			medtr.A17.gnm5.MtrunA17Chr2	+	19237569	19240385	-0.544145077989	0.999999979788073	NS	-2.86232256365255	0.000173011934619828	DOWN
DOWN	dnf2_only	medtr.A17.gnm5.ann1_6.MtrunA17Chr4g0035461	MtrunA17Chr4g0035461			medtr.A17.gnm5.MtrunA17Chr4	-	34858514	34867926	-0.167127044010833	0.999999979788073	NS	-2.86051083724255	0.000701130291541803	DOWN
DOWN	dnf2_only	medtr.A17.gnm5.ann1_6.MtrunA17Chr8g0384111	MtrunA17Chr8g0384111			medtr.A17.gnm5.MtrunA17Chr8	+	43163123	43165017	0.899988173847049	0.999999979788073	NS	-2.85632653236546	0.00345171357401444	DOWN
DOWN	dnf2_only	medtr.A17.gnm5.ann1_6.MtrunA17Chr1g0188091	MtrunA17Chr1g0188091			medtr.A17.gnm5.MtrunA17Chr1	-	37949873	37951781	0.0248693698853557	0.999999979788073	NS	-2.85505912811031	0.000832569854775814	DOWN
DOWN	dnf2_only	medtr.A17.gnm5.ann1_6.MtrunA17Chr7g0232801	MtrunA17Chr7g0232801			medtr.A17.gnm5.MtrunA17Chr7	+	23041739	23043798	0.0767713386620204	0.999999979788073	NS	-2.85469083000346	8.30963835162599e-05	DOWN
DOWN	dnf2_only	medtr.A17.gnm5.ann1_6.MtrunA17Chr2g0305411	MtrunA17Chr2g0305411			medtr.A17.gnm5.MtrunA17Chr2	+	24591004	24593052	0.503581486568284	0.999999979788073	NS	-2.85456913930753	0.0072336825322066	DOWN
DOWN	dnf2_only	medtr.A17.gnm5.ann1_6.MtrunA17Chr8g0335231	MtrunA17Chr8g0335231			medtr.A17.gnm5.MtrunA17Chr8	-	796048	797840	0.745539771845104	0.999999979788073	NS	-2.85342810032669	0.0245231664712336	DOWN
DOWN	dnf2_only	medtr.A17.gnm5.ann1_6.MtrunA17Chr4g0060691	MtrunA17Chr4g0060691			medtr.A17.gnm5.MtrunA17Chr4	+	52997935	53000096	0.270361289341839	0.999999979788073	NS	-2.85161005109341	0.0448788442211352	DOWN
DOWN	dnf2_only	medtr.A17.gnm5.ann1_6.MtrunA17Chr7g0247541	MtrunA17Chr7g0247541	MtBBPI12	Bowman-Birk peptidase Inhibitor	medtr.A17.gnm5.MtrunA17Chr7	-	35899804	35900444	3.14239391371371	0.0194959886164905	UP	-2.85093720073594	0.0311230687786694	DOWN
DOWN	dnf2_only	medtr.A17.gnm5.ann1_6.MtrunA17Chr7g0231281	MtrunA17Chr7g0231281			medtr.A17.gnm5.MtrunA17Chr7	+	20915044	20919454	-0.270607283032398	0.999999979788073	NS	-2.84592483271862	0.000555840895855214	DOWN
DOWN	dnf2_only	medtr.A17.gnm5.ann1_6.MtrunA17Chr4g0024051	MtrunA17Chr4g0024051			medtr.A17.gnm5.MtrunA17Chr4	+	24636424	24640440	0.0664157849584062	0.999999979788073	NS	-2.84557155051697	0.000149440155235412	DOWN
DOWN	dnf2_only	medtr.A17.gnm5.ann1_6.MtrunA17Chr7g0214811	MtrunA17Chr7g0214811			medtr.A17.gnm5.MtrunA17Chr7	+	1062144	1062769	0.0766661561508267	0.999999979788073	NS	-2.84520612871925	0.000447942148903898	DOWN
DOWN	dnf2_only	medtr.A17.gnm5.ann1_6.MtrunA17Chr4g0029641	MtrunA17Chr4g0029641	MtNCR428	Nodule-specific Cysteine-Rich peptide	medtr.A17.gnm5.MtrunA17Chr4	+	30394546	30398245	-0.322982772839934	0.999999979788073	NS	-2.84355156863506	0.000601579994029159	DOWN
DOWN	dnf2_only	medtr.A17.gnm5.ann1_6.MtrunA17Chr6g0487921	MtrunA17Chr6g0487921	MtNCR159	Nodule-specific Cysteine-Rich peptide	medtr.A17.gnm5.MtrunA17Chr6	+	42061264	42064073	0.5931099496058	0.999999979788073	NS	-2.84191022648847	0.000749614552640171	DOWN
DOWN	dnf2_only	medtr.A17.gnm5.ann1_6.MtrunA17Chr2g0276881	MtrunA17Chr2g0276881			medtr.A17.gnm5.MtrunA17Chr2	+	159571	164816	-0.2166409033168	0.999999979788073	NS	-2.84113026888463	0.00272455902735421	DOWN
DOWN	dnf2_only	medtr.A17.gnm5.ann1_6.MtrunA17Chr1g0200291	MtrunA17Chr1g0200291			medtr.A17.gnm5.MtrunA17Chr1	+	46852126	46853649	-0.0800314083661037	0.999999979788073	NS	-2.84059691047136	0.000233596539525106	DOWN
DOWN	dnf2_only	medtr.A17.gnm5.ann1_6.MtrunA17Chr1g0149721	MtrunA17Chr1g0149721			medtr.A17.gnm5.MtrunA17Chr1	-	2850408	2854931	-0.470376238604328	0.999999979788073	NS	-2.8394545287561	0.000281376577888909	DOWN
DOWN	dnf2_only	medtr.A17.gnm5.ann1_6.MtrunA17Chr5g0428901	MtrunA17Chr5g0428901	MtNCR147	Nodule-specific Cysteine-Rich peptide	medtr.A17.gnm5.MtrunA17Chr5	+	30467540	30470212	-0.110426815921606	0.999999979788073	NS	-2.83933182258999	2.01684669746705e-05	DOWN
DOWN	dnf2_only	medtr.A17.gnm5.ann1_6.MtrunA17Chr7g0218051	MtrunA17Chr7g0218051			medtr.A17.gnm5.MtrunA17Chr7	-	3472642	3474067	-1.02955954585855	0.999999979788073	NS	-2.83769375317135	0.00382082874228493	DOWN
DOWN	dnf2_only	medtr.A17.gnm5.ann1_6.MtrunA17Chr7g0273971	MtrunA17Chr7g0273971			medtr.A17.gnm5.MtrunA17Chr7	-	54465310	54465970	-0.569062147291784	0.999999979788073	NS	-2.83431674423038	3.78442256306139e-05	DOWN
DOWN	dnf2_only	medtr.A17.gnm5.ann1_6.MtrunA17Chr1g0206581	MtrunA17Chr1g0206581			medtr.A17.gnm5.MtrunA17Chr1	+	51478395	51480410	-0.0778384203021879	0.999999979788073	NS	-2.83291523646878	0.00956468776840709	DOWN
DOWN	dnf2_only	medtr.A17.gnm5.ann1_6.MtrunA17Chr5g0403641	MtrunA17Chr5g0403641			medtr.A17.gnm5.MtrunA17Chr5	+	7417794	7419739	-0.26620595265446	0.999999979788073	NS	-2.83260693007346	0.000162468847620471	DOWN
DOWN	dnf2_only	medtr.A17.gnm5.ann1_6.MtrunA17Chr3g0094101	MtrunA17Chr3g0094101	MtNCR281	Nodule-specific Cysteine-Rich peptide	medtr.A17.gnm5.MtrunA17Chr3	+	16568133	16568872	-0.0499960435635285	0.999999979788073	NS	-2.83256023286662	0.000212647582356151	DOWN
DOWN	dnf2_only	medtr.A17.gnm5.ann1_6.MtrunA17Chr4g0066071	MtrunA17Chr4g0066071			medtr.A17.gnm5.MtrunA17Chr4	+	57009434	57013214	-0.407532491984921	0.999999979788073	NS	-2.83254409560428	0.0225449484976911	DOWN
DOWN	dnf2_only	medtr.A17.gnm5.ann1_6.MtrunA17Chr3g0088081	MtrunA17Chr3g0088081			medtr.A17.gnm5.MtrunA17Chr3	+	9545835	9546575	-1.68183242045938	0.585404692778138	NS	-2.83092923472416	0.0215617010161323	DOWN
DOWN	dnf2_only	medtr.A17.gnm5.ann1_6.MtrunA17Chr5g0424471	MtrunA17Chr5g0424471			medtr.A17.gnm5.MtrunA17Chr5	+	26525540	26526432	-1.03889878225696	0.999999979788073	NS	-2.83058245965436	0.025714913182717	DOWN
DOWN	dnf2_only	medtr.A17.gnm5.ann1_6.MtrunA17Chr4g0007771	MtrunA17Chr4g0007771			medtr.A17.gnm5.MtrunA17Chr4	+	6063487	6063909	-0.318584027799006	0.999999979788073	NS	-2.82799732148381	0.00579395851696611	DOWN
DOWN	dnf2_only	medtr.A17.gnm5.ann1_6.MtrunA17Chr6g0474591	MtrunA17Chr6g0474591	MtNCR683	Nodule-specific Cysteine-Rich peptide	medtr.A17.gnm5.MtrunA17Chr6	+	28516931	28517645	-0.934804864377936	0.999999979788073	NS	-2.82050386969205	0.00480438722088856	DOWN
DOWN	dnf2_only	medtr.A17.gnm5.ann1_6.MtrunA17Chr6g0479471	MtrunA17Chr6g0479471			medtr.A17.gnm5.MtrunA17Chr6	+	34163221	34164158	-0.499064693553007	0.999999979788073	NS	-2.81687572190675	0.000269353490944595	DOWN
DOWN	dnf2_only	medtr.A17.gnm5.ann1_6.MtrunA17Chr5g0437591	MtrunA17Chr5g0437591	MtNCR052	Nodule-specific Cysteine-Rich peptide	medtr.A17.gnm5.MtrunA17Chr5	+	37131784	37133412	-1.03329707255426	0.999999979788073	NS	-2.81336453526339	0.000996027019457293	DOWN
DOWN	dnf2_only	medtr.A17.gnm5.ann1_6.MtrunA17Chr2g0321101	MtrunA17Chr2g0321101			medtr.A17.gnm5.MtrunA17Chr2	+	42193023	42199704	-0.822421365976079	0.999999979788073	NS	-2.81122383198875	0.000323603747505734	DOWN
DOWN	dnf2_only	medtr.A17.gnm5.ann1_6.MtrunA17Chr1g0156451	MtrunA17Chr1g0156451			medtr.A17.gnm5.MtrunA17Chr1	-	7975762	7977268	-0.27742038298164	0.999999979788073	NS	-2.80899251852103	0.00514516657014521	DOWN
DOWN	dnf2_only	medtr.A17.gnm5.ann1_6.MtrunA17Chr4g0012741	MtrunA17Chr4g0012741			medtr.A17.gnm5.MtrunA17Chr4	-	10155157	10158335	0.235173989269437	0.999999979788073	NS	-2.80690034742614	0.00708537942824971	DOWN
DOWN	dnf2_only	medtr.A17.gnm5.ann1_6.MtrunA17Chr2g0307031	MtrunA17Chr2g0307031			medtr.A17.gnm5.MtrunA17Chr2	+	29286280	29288650	-0.348352984375184	0.999999979788073	NS	-2.80455929381092	0.0157496280074229	DOWN
DOWN	dnf2_only	medtr.A17.gnm5.ann1_6.MtrunA17Chr2g0317781	MtrunA17Chr2g0317781	MtNCR072	Nodule-specific Cysteine-Rich peptide	medtr.A17.gnm5.MtrunA17Chr2	+	39574626	39576527	0.471620839912086	0.999999979788073	NS	-2.80373557711206	0.00114642939776401	DOWN
DOWN	dnf2_only	medtr.A17.gnm5.ann1_6.MtrunA17Chr4g0026151	MtrunA17Chr4g0026151			medtr.A17.gnm5.MtrunA17Chr4	+	27143127	27144463	-0.336580569089191	0.999999979788073	NS	-2.80325021204712	0.0141337065745734	DOWN
DOWN	dnf2_only	medtr.A17.gnm5.ann1_6.MtrunA17Chr6g0453951	MtrunA17Chr6g0453951			medtr.A17.gnm5.MtrunA17Chr6	+	4197209	4199058	-0.767124432707291	0.999999979788073	NS	-2.80287042454858	0.0013589852148754	DOWN
DOWN	dnf2_only	medtr.A17.gnm5.ann1_6.MtrunA17Chr7g0216341	MtrunA17Chr7g0216341			medtr.A17.gnm5.MtrunA17Chr7	+	2027224	2027802	-2.22511238001052	0.255649151926125	NS	-2.79990768009248	0.0312774490254556	DOWN
DOWN	dnf2_only	medtr.A17.gnm5.ann1_6.MtrunA17Chr4g0012481	MtrunA17Chr4g0012481	MtNCR043	Nodule-specific Cysteine-Rich peptide	medtr.A17.gnm5.MtrunA17Chr4	-	9848215	9849244	-0.729573487403905	0.999999979788073	NS	-2.79964055532001	0.00244329343405177	DOWN
DOWN	dnf2_only	medtr.A17.gnm5.ann1_6.MtrunA17Chr5g0429071	MtrunA17Chr5g0429071			medtr.A17.gnm5.MtrunA17Chr5	-	30568270	30569029	-0.629373635281288	0.999999979788073	NS	-2.79837905928847	0.0106136695961481	DOWN
DOWN	dnf2_only	medtr.A17.gnm5.ann1_6.MtrunA17Chr3g0112361	MtrunA17Chr3g0112361			medtr.A17.gnm5.MtrunA17Chr3	+	34380229	34381059	-0.552892967555791	0.999999979788073	NS	-2.79826809754024	0.0438558624026856	DOWN
DOWN	dnf2_only	medtr.A17.gnm5.ann1_6.MtrunA17Chr3g0081461	MtrunA17Chr3g0081461			medtr.A17.gnm5.MtrunA17Chr3	-	3433030	3438279	-1.14056077565956	0.999999979788073	NS	-2.79824784493353	0.00205673142544075	DOWN
DOWN	dnf2_only	medtr.A17.gnm5.ann1_6.MtrunA17Chr7g0240761	MtrunA17Chr7g0240761			medtr.A17.gnm5.MtrunA17Chr7	+	30451055	30452147	0.87351410472059	0.999999979788073	NS	-2.79703278318514	0.0400679444342253	DOWN
DOWN	dnf2_only	medtr.A17.gnm5.ann1_6.MtrunA17Chr4g0041281	MtrunA17Chr4g0041281			medtr.A17.gnm5.MtrunA17Chr4	-	38991990	38996014	0.413294922281514	0.999999979788073	NS	-2.7943409923372	4.30974670771594e-05	DOWN
DOWN	dnf2_only	medtr.A17.gnm5.ann1_6.MtrunA17Chr6g0465921	MtrunA17Chr6g0465921			medtr.A17.gnm5.MtrunA17Chr6	+	15078370	15081313	0.0474617377524592	0.999999979788073	NS	-2.79250931221938	0.00263071091213735	DOWN
DOWN	dnf2_only	medtr.A17.gnm5.ann1_6.MtrunA17Chr4g0029571	MtrunA17Chr4g0029571	MtNCR261	Nodule-specific Cysteine-Rich peptide	medtr.A17.gnm5.MtrunA17Chr4	-	30334884	30341354	-0.759661811152974	0.999999979788073	NS	-2.79176649445581	3.84632610055858e-05	DOWN
DOWN	dnf2_only	medtr.A17.gnm5.ann1_6.MtrunA17Chr6g0469161	MtrunA17Chr6g0469161	MtNCR079	Nodule-specific Cysteine-Rich peptide	medtr.A17.gnm5.MtrunA17Chr6	-	18847149	18848587	-0.362817386419133	0.999999979788073	NS	-2.79129381147504	0.000139328075106387	DOWN
DOWN	dnf2_only	medtr.A17.gnm5.ann1_6.MtrunA17Chr1g0174621	MtrunA17Chr1g0174621	MtNCR259	Nodule-specific Cysteine-Rich peptide	medtr.A17.gnm5.MtrunA17Chr1	+	25817405	25820858	-0.22942170510641	0.999999979788073	NS	-2.78953366639005	0.000139328075106387	DOWN
DOWN	dnf2_only	medtr.A17.gnm5.ann1_6.MtrunA17Chr8g0361621	MtrunA17Chr8g0361621	MtNCR104	Nodule-specific Cysteine-Rich peptide	medtr.A17.gnm5.MtrunA17Chr8	+	26111917	26112566	-0.108781495438332	0.999999979788073	NS	-2.78806518357009	0.00404153146415276	DOWN
DOWN	dnf2_only	medtr.A17.gnm5.ann1_6.MtrunA17Chr2g0295231	MtrunA17Chr2g0295231	MtNCR574	Nodule-specific Cysteine-Rich peptide	medtr.A17.gnm5.MtrunA17Chr2	+	13676387	13678713	-0.169585273143937	0.999999979788073	NS	-2.78626533702434	0.00821368236730925	DOWN
DOWN	dnf2_only	medtr.A17.gnm5.ann1_6.MtrunA17Chr8g0358281	MtrunA17Chr8g0358281	MtNCR482	Nodule-specific Cysteine-Rich peptide	medtr.A17.gnm5.MtrunA17Chr8	+	20434707	20438611	-0.322737210304303	0.999999979788073	NS	-2.78482930898761	0.00131828347307062	DOWN
DOWN	dnf2_only	medtr.A17.gnm5.ann1_6.MtrunA17Chr3g0101831	MtrunA17Chr3g0101831	MtCYP71D429	Cytochrome P450 monooxygenase	medtr.A17.gnm5.MtrunA17Chr3	-	26361979	26364336	-0.0868139239415027	0.999999979788073	NS	-2.78263587828693	0.00364024564197101	DOWN
DOWN	dnf2_only	medtr.A17.gnm5.ann1_6.MtrunA17Chr5g0426841	MtrunA17Chr5g0426841			medtr.A17.gnm5.MtrunA17Chr5	+	28638157	28650839	-0.413342950564031	0.999999979788073	NS	-2.78199509669177	8.5867291988966e-05	DOWN
DOWN	dnf2_only	medtr.A17.gnm5.ann1_6.MtrunA17Chr4g0027911	MtrunA17Chr4g0027911			medtr.A17.gnm5.MtrunA17Chr4	-	28985685	28988870	-1.26349840374444	0.78563608874953	NS	-2.78009554474466	0.000590390002301627	DOWN
DOWN	dnf2_only	medtr.A17.gnm5.ann1_6.MtrunA17Chr1g0200361	MtrunA17Chr1g0200361			medtr.A17.gnm5.MtrunA17Chr1	-	46892326	46892956	-1.16809858784936	0.999999979788073	NS	-2.77963156388943	0.00585089851363938	DOWN
DOWN	dnf2_only	medtr.A17.gnm5.ann1_6.MtrunA17Chr1g0172441	MtrunA17Chr1g0172441	MtNCR-new4	Nodule-specific Cysteine-Rich peptide	medtr.A17.gnm5.MtrunA17Chr1	+	21375225	21377440	0.240935839616326	0.999999979788073	NS	-2.77938432137302	8.74674507937274e-05	DOWN
DOWN	dnf2_only	medtr.A17.gnm5.ann1_6.MtrunA17Chr7g0224921	MtrunA17Chr7g0224921			medtr.A17.gnm5.MtrunA17Chr7	+	10217834	10219313	-1.82121601449923	0.291914486170565	NS	-2.77878999081018	0.00726636661045483	DOWN
DOWN	dnf2_only	medtr.A17.gnm5.ann1_6.MtrunA17Chr1g0184571	MtrunA17Chr1g0184571			medtr.A17.gnm5.MtrunA17Chr1	-	35096970	35098356	-1.41265815470979	0.527481544990667	NS	-2.77655110764529	0.00105518090472796	DOWN
DOWN	dnf2_only	medtr.A17.gnm5.ann1_6.MtrunA17Chr3g0088981	MtrunA17Chr3g0088981	MtNCR221	Nodule-specific Cysteine-Rich peptide	medtr.A17.gnm5.MtrunA17Chr3	-	10169592	10170444	-0.188139358436334	0.999999979788073	NS	-2.7763129450617	0.000281004125649741	DOWN
DOWN	dnf2_only	medtr.A17.gnm5.ann1_6.MtrunA17Chr7g0222511	MtrunA17Chr7g0222511			medtr.A17.gnm5.MtrunA17Chr7	-	7751489	7752612	-1.71682155647426	0.183159524049739	NS	-2.77599609864784	0.000570590235645608	DOWN
DOWN	dnf2_only	medtr.A17.gnm5.ann1_6.MtrunA17Chr6g0465081	MtrunA17Chr6g0465081			medtr.A17.gnm5.MtrunA17Chr6	-	14229126	14231544	-1.71133784196561	0.348111936407282	NS	-2.77252763876029	0.00583829304590945	DOWN
DOWN	dnf2_only	medtr.A17.gnm5.ann1_6.MtrunA17Chr3g0106871	MtrunA17Chr3g0106871			medtr.A17.gnm5.MtrunA17Chr3	+	30495245	30496897	-1.06559445438023	0.999999979788073	NS	-2.77206773418012	0.00362742248621929	DOWN
DOWN	dnf2_only	medtr.A17.gnm5.ann1_6.MtrunA17Chr5g0424941	MtrunA17Chr5g0424941			medtr.A17.gnm5.MtrunA17Chr5	+	27011423	27012612	0.227549085567287	0.999999979788073	NS	-2.77160279289115	6.04895075563279e-05	DOWN
DOWN	dnf2_only	medtr.A17.gnm5.ann1_6.MtrunA17Chr4g0029611	MtrunA17Chr4g0029611	MtNCR-new39	Nodule-specific Cysteine-Rich peptide	medtr.A17.gnm5.MtrunA17Chr4	+	30376403	30379092	-0.137866275116205	0.999999979788073	NS	-2.76921833519214	0.000586208367219158	DOWN
DOWN	dnf2_only	medtr.A17.gnm5.ann1_6.MtrunA17Chr2g0327061	MtrunA17Chr2g0327061			medtr.A17.gnm5.MtrunA17Chr2	-	46741962	46743808	-1.23708893077461	0.999999979788073	NS	-2.767579425899	0.0175746742105469	DOWN
DOWN	dnf2_only	medtr.A17.gnm5.ann1_6.MtrunA17Chr4g0014761	MtrunA17Chr4g0014761	MtNCR623	Nodule-specific Cysteine-Rich peptide	medtr.A17.gnm5.MtrunA17Chr4	+	12125977	12127161	-0.325338668637539	0.999999979788073	NS	-2.76539001968644	0.00167074399973502	DOWN
DOWN	dnf2_only	medtr.A17.gnm5.ann1_6.MtrunA17Chr6g0452231	MtrunA17Chr6g0452231	MtCLE02	CLAVATA3/EMBRYO-SURROUNDING REGION (CLE) family	medtr.A17.gnm5.MtrunA17Chr6	-	2682261	2684581	-0.969442506842059	0.999999979788073	NS	-2.76520974553102	0.0272899387132528	DOWN
DOWN	dnf2_only	medtr.A17.gnm5.ann1_6.MtrunA17Chr8g0357471	MtrunA17Chr8g0357471	MtNCR739	Nodule-specific Cysteine-Rich peptide	medtr.A17.gnm5.MtrunA17Chr8	-	19433541	19435383	-1.54387259381267	0.557769396487594	NS	-2.76239685880291	0.00596270478906299	DOWN
DOWN	dnf2_only	medtr.A17.gnm5.ann1_6.MtrunA17Chr1g0187291	MtrunA17Chr1g0187291			medtr.A17.gnm5.MtrunA17Chr1	+	37360542	37362505	-0.961026243626198	0.999999979788073	NS	-2.75890089475035	0.00273785179667045	DOWN
DOWN	dnf2_only	medtr.A17.gnm5.ann1_6.MtrunA17Chr4g0007961	MtrunA17Chr4g0007961			medtr.A17.gnm5.MtrunA17Chr4	-	6212860	6214548	-0.281886420869533	0.999999979788073	NS	-2.75621796845049	0.0280048874168714	DOWN
DOWN	dnf2_only	medtr.A17.gnm5.ann1_6.MtrunA17Chr5g0446281	MtrunA17Chr5g0446281			medtr.A17.gnm5.MtrunA17Chr5	-	42923276	42923888	-0.893586029660318	0.999999979788073	NS	-2.75604646205851	0.0346870734020251	DOWN
DOWN	dnf2_only	medtr.A17.gnm5.ann1_6.MtrunA17Chr3g0102831	MtrunA17Chr3g0102831			medtr.A17.gnm5.MtrunA17Chr3	-	27330882	27331871	-0.0481298942129047	0.999999979788073	NS	-2.75527995271658	0.0127027444489553	DOWN
DOWN	dnf2_only	medtr.A17.gnm5.ann1_6.MtrunA17Chr7g0216381	MtrunA17Chr7g0216381	MtNCR033	Nodule-specific Cysteine-Rich peptide	medtr.A17.gnm5.MtrunA17Chr7	-	2097779	2098528	-0.366838314013722	0.999999979788073	NS	-2.75404086438484	0.00110366951769574	DOWN
DOWN	dnf2_only	medtr.A17.gnm5.ann1_6.MtrunA17Chr5g0417431	MtrunA17Chr5g0417431			medtr.A17.gnm5.MtrunA17Chr5	-	18012287	18013138	-1.64612589942236	0.606577629634672	NS	-2.7512341341849	0.0333880723154746	DOWN
DOWN	dnf2_only	medtr.A17.gnm5.ann1_6.MtrunA17Chr3g0083011	MtrunA17Chr3g0083011	MtNCR132	Nodule-specific Cysteine-Rich peptide	medtr.A17.gnm5.MtrunA17Chr3	-	4724804	4725523	-0.306466707291049	0.999999979788073	NS	-2.74985912166214	0.000361939238557581	DOWN
DOWN	dnf2_only	medtr.A17.gnm5.ann1_6.MtrunA17Chr5g0441591	MtrunA17Chr5g0441591			medtr.A17.gnm5.MtrunA17Chr5	+	39962689	39964780	-0.285336565051325	0.999999979788073	NS	-2.74970629580708	0.00164282596921621	DOWN
DOWN	dnf2_only	medtr.A17.gnm5.ann1_6.MtrunA17Chr1g0211151	MtrunA17Chr1g0211151			medtr.A17.gnm5.MtrunA17Chr1	-	54744657	54747427	-0.265561387060362	0.999999979788073	NS	-2.74900490190418	0.0160750256863223	DOWN
DOWN	dnf2_only	medtr.A17.gnm5.ann1_6.MtrunA17Chr4g0034181	MtrunA17Chr4g0034181			medtr.A17.gnm5.MtrunA17Chr4	-	33888748	33894292	-0.387273087503334	0.999999979788073	NS	-2.74542205195717	0.000633594060924699	DOWN
DOWN	dnf2_only	medtr.A17.gnm5.ann1_6.MtrunA17Chr5g0420911	MtrunA17Chr5g0420911			medtr.A17.gnm5.MtrunA17Chr5	+	21441987	21443630	-0.451172087385649	0.999999979788073	NS	-2.74436958263191	0.000736771479662502	DOWN
DOWN	dnf2_only	medtr.A17.gnm5.ann1_6.MtrunA17Chr1g0205641	MtrunA17Chr1g0205641			medtr.A17.gnm5.MtrunA17Chr1	+	50828633	50829699	-1.49719147345342	0.327661217553562	NS	-2.74322872622797	0.000369718529906999	DOWN
DOWN	dnf2_only	medtr.A17.gnm5.ann1_6.MtrunA17Chr7g0236241	MtrunA17Chr7g0236241	MtLP2	LEED..PEED family	medtr.A17.gnm5.MtrunA17Chr7	+	26500875	26501569	-0.362148135565235	0.999999979788073	NS	-2.74284191138029	0.0145350551725665	DOWN
DOWN	dnf2_only	medtr.A17.gnm5.ann1_6.MtrunA17Chr5g0428731	MtrunA17Chr5g0428731	MtNCR266	Nodule-specific Cysteine-Rich peptide	medtr.A17.gnm5.MtrunA17Chr5	-	30363804	30365869	0.092788370590899	0.999999979788073	NS	-2.74079743457787	9.9691841269701e-05	DOWN
DOWN	dnf2_only	medtr.A17.gnm5.ann1_6.MtrunA17Chr6g0479141	MtrunA17Chr6g0479141	MtGS1a	cytosolic glutamine synthetase	medtr.A17.gnm5.MtrunA17Chr6	-	33758121	33763446	-0.127818818674365	0.999999979788073	NS	-2.74076210615451	0.000176019855176548	DOWN
DOWN	dnf2_only	medtr.A17.gnm5.ann1_6.MtrunA17Chr3g0099001	MtrunA17Chr3g0099001			medtr.A17.gnm5.MtrunA17Chr3	+	23826152	23826976	-0.796843846381426	0.999999979788073	NS	-2.74060446204884	0.00244449790217032	DOWN
DOWN	dnf2_only	medtr.A17.gnm5.ann1_6.MtrunA17Chr8g0339511	MtrunA17Chr8g0339511	MtPDF8	Plant Defensin 8	medtr.A17.gnm5.MtrunA17Chr8	-	3656188	3657448	-0.214645486735244	0.999999979788073	NS	-2.73895045291977	6.34369493252808e-05	DOWN
DOWN	dnf2_only	medtr.A17.gnm5.ann1_6.MtrunA17Chr1g0167551	MtrunA17Chr1g0167551			medtr.A17.gnm5.MtrunA17Chr1	+	16463345	16466193	-0.551751147175974	0.999999979788073	NS	-2.73862943380446	0.00257503050228513	DOWN
DOWN	dnf2_only	medtr.A17.gnm5.ann1_6.MtrunA17Chr7g0231411	MtrunA17Chr7g0231411			medtr.A17.gnm5.MtrunA17Chr7	+	20952055	20953358	-0.113456433658229	0.999999979788073	NS	-2.73755852919456	2.5084322243783e-05	DOWN
DOWN	dnf2_only	medtr.A17.gnm5.ann1_6.MtrunA17Chr1g0166801	MtrunA17Chr1g0166801			medtr.A17.gnm5.MtrunA17Chr1	-	16129330	16132976	0.0683344059828284	0.999999979788073	NS	-2.73508947643362	5.35840650559391e-05	DOWN
DOWN	dnf2_only	medtr.A17.gnm5.ann1_6.MtrunA17Chr6g0487341	MtrunA17Chr6g0487341			medtr.A17.gnm5.MtrunA17Chr6	+	41626664	41627378	-0.578765226617288	0.999999979788073	NS	-2.73472121714063	0.0412609464949906	DOWN
DOWN	dnf2_only	medtr.A17.gnm5.ann1_6.MtrunA17Chr2g0290281	MtrunA17Chr2g0290281			medtr.A17.gnm5.MtrunA17Chr2	+	9581933	9584554	0.507978042400774	0.999999979788073	NS	-2.73205048328425	0.0111885933447706	DOWN
DOWN	dnf2_only	medtr.A17.gnm5.ann1_6.MtrunA17Chr5g0424961	MtrunA17Chr5g0424961			medtr.A17.gnm5.MtrunA17Chr5	+	27013222	27013956	-0.573760958320239	0.999999979788073	NS	-2.72622132960717	0.00216746847883161	DOWN
DOWN	dnf2_only	medtr.A17.gnm5.ann1_6.MtrunA17Chr3g0108521	MtrunA17Chr3g0108521	MtNCR125	Nodule-specific Cysteine-Rich peptide	medtr.A17.gnm5.MtrunA17Chr3	+	31839987	31841786	0.176215060632055	0.999999979788073	NS	-2.7260145030957	0.00128079258330762	DOWN
DOWN	dnf2_only	medtr.A17.gnm5.ann1_6.MtrunA17Chr8g0350901	MtrunA17Chr8g0350901			medtr.A17.gnm5.MtrunA17Chr8	+	13091631	13094351	0.164586848175436	0.999999979788073	NS	-2.72582262866937	0.00562886951999787	DOWN
DOWN	dnf2_only	medtr.A17.gnm5.ann1_6.MtrunA17Chr3g0081491	MtrunA17Chr3g0081491			medtr.A17.gnm5.MtrunA17Chr3	+	3439240	3440793	0.225614303892637	0.999999979788073	NS	-2.7236887244537	0.00363678980752431	DOWN
DOWN	dnf2_only	medtr.A17.gnm5.ann1_6.MtrunA17Chr4g0023401	MtrunA17Chr4g0023401	MtNCR106	Nodule-specific Cysteine-Rich peptide	medtr.A17.gnm5.MtrunA17Chr4	-	24012213	24014935	-0.295711316220728	0.999999979788073	NS	-2.72353196079974	0.00201803558223499	DOWN
DOWN	dnf2_only	medtr.A17.gnm5.ann1_6.MtrunA17Chr5g0429081	MtrunA17Chr5g0429081			medtr.A17.gnm5.MtrunA17Chr5	-	30569635	30570397	-0.844760742651708	0.999999979788073	NS	-2.72323568035203	0.0108443497107876	DOWN
DOWN	dnf2_only	medtr.A17.gnm5.ann1_6.MtrunA17Chr8g0351671	MtrunA17Chr8g0351671			medtr.A17.gnm5.MtrunA17Chr8	-	13681840	13683374	0.347389237001317	0.999999979788073	NS	-2.72120779807364	0.000113165724391812	DOWN
DOWN	dnf2_only	medtr.A17.gnm5.ann1_6.MtrunA17Chr3g0082531	MtrunA17Chr3g0082531			medtr.A17.gnm5.MtrunA17Chr3	-	4297872	4301319	-1.09490136557289	0.999999979788073	NS	-2.71992881244593	0.00103450226382406	DOWN
DOWN	dnf2_only	medtr.A17.gnm5.ann1_6.MtrunA17Chr1g0178611	MtrunA17Chr1g0178611			medtr.A17.gnm5.MtrunA17Chr1	+	30070489	30071049	-1.38216503180405	0.875748163511087	NS	-2.71939594142997	0.0312774490254556	DOWN
DOWN	dnf2_only	medtr.A17.gnm5.ann1_6.MtrunA17Chr2g0330511	MtrunA17Chr2g0330511			medtr.A17.gnm5.MtrunA17Chr2	-	49224128	49226332	1.23823401861104	0.956461071247799	NS	-2.71774016520442	0.0118536583548983	DOWN
DOWN	dnf2_only	medtr.A17.gnm5.ann1_6.MtrunA17Chr1g0193721	MtrunA17Chr1g0193721			medtr.A17.gnm5.MtrunA17Chr1	-	42096689	42099497	0.0984014313897992	0.999999979788073	NS	-2.71740969378628	0.000488253488149994	DOWN
DOWN	dnf2_only	medtr.A17.gnm5.ann1_6.MtrunA17Chr5g0426861	MtrunA17Chr5g0426861			medtr.A17.gnm5.MtrunA17Chr5	-	28654305	28655239	-0.961210922887227	0.999999979788073	NS	-2.71720358424324	0.00635084239160872	DOWN
DOWN	dnf2_only	medtr.A17.gnm5.ann1_6.MtrunA17Chr4g0070381	MtrunA17Chr4g0070381			medtr.A17.gnm5.MtrunA17Chr4	+	60040879	60043637	0.195889994817472	0.999999979788073	NS	-2.71108070520417	0.0394200029544231	DOWN
DOWN	dnf2_only	medtr.A17.gnm5.ann1_6.MtrunA17Chr1g0189971	MtrunA17Chr1g0189971			medtr.A17.gnm5.MtrunA17Chr1	-	39301887	39303851	-0.812231814020658	0.999999979788073	NS	-2.71001851211608	0.00035114500343776	DOWN
DOWN	dnf2_only	medtr.A17.gnm5.ann1_6.MtrunA17Chr1g0169081	MtrunA17Chr1g0169081			medtr.A17.gnm5.MtrunA17Chr1	-	17821571	17824352	0.108052233091139	0.999999979788073	NS	-2.70999602516795	0.00161146981708079	DOWN
DOWN	dnf2_only	medtr.A17.gnm5.ann1_6.MtrunA17Chr3g0110811	MtrunA17Chr3g0110811			medtr.A17.gnm5.MtrunA17Chr3	-	33254946	33258686	-1.46812594692619	0.597322055923431	NS	-2.7089882408582	0.00666412206902893	DOWN
DOWN	dnf2_only	medtr.A17.gnm5.ann1_6.MtrunA17Chr3g0110101	MtrunA17Chr3g0110101	MtNCR077	Nodule-specific Cysteine-Rich peptide	medtr.A17.gnm5.MtrunA17Chr3	-	32850696	32851998	-0.187887090580683	0.999999979788073	NS	-2.70882009408101	0.00273011327874928	DOWN
DOWN	dnf2_only	medtr.A17.gnm5.ann1_6.MtrunA17Chr8g0365141	MtrunA17Chr8g0365141	MtNCR059	Nodule-specific Cysteine-Rich peptide	medtr.A17.gnm5.MtrunA17Chr8	+	29348942	29349545	0.189037346687326	0.999999979788073	NS	-2.7060720654852	0.00143405148049856	DOWN
DOWN	dnf2_only	medtr.A17.gnm5.ann1_6.MtrunA17Chr7g0216231	MtrunA17Chr7g0216231	MtNCR044	Nodule-specific Cysteine-Rich peptide	medtr.A17.gnm5.MtrunA17Chr7	-	2004498	2005719	-0.367918010701819	0.999999979788073	NS	-2.70563335239455	0.000134801593854649	DOWN
DOWN	dnf2_only	medtr.A17.gnm5.ann1_6.MtrunA17Chr7g0259031	MtrunA17Chr7g0259031			medtr.A17.gnm5.MtrunA17Chr7	+	44147208	44150510	-0.304378118049932	0.999999979788073	NS	-2.70529034053522	0.00197395253328616	DOWN
DOWN	dnf2_only	medtr.A17.gnm5.ann1_6.MtrunA17Chr7g0216221	MtrunA17Chr7g0216221			medtr.A17.gnm5.MtrunA17Chr7	-	1998810	1999852	0.262172841066498	0.999999979788073	NS	-2.70170555284924	0.00357974291318927	DOWN
DOWN	dnf2_only	medtr.A17.gnm5.ann1_6.MtrunA17Chr7g0252851	MtrunA17Chr7g0252851			medtr.A17.gnm5.MtrunA17Chr7	+	39657135	39658857	0.0372838919981429	0.999999979788073	NS	-2.70155356554634	0.0184149837642688	DOWN
DOWN	dnf2_only	medtr.A17.gnm5.ann1_6.MtrunA17Chr7g0231251	MtrunA17Chr7g0231251			medtr.A17.gnm5.MtrunA17Chr7	+	20905495	20914320	-1.12869668276705	0.999999979788073	NS	-2.70112423498933	0.00137484639056086	DOWN
DOWN	dnf2_only	medtr.A17.gnm5.ann1_6.MtrunA17Chr6g0475771	MtrunA17Chr6g0475771	MtNCR-new58	Nodule-specific Cysteine-Rich peptide	medtr.A17.gnm5.MtrunA17Chr6	-	30384163	30385502	0.168673423813067	0.999999979788073	NS	-2.69449462518688	0.00352614427616704	DOWN
DOWN	dnf2_only	medtr.A17.gnm5.ann1_6.MtrunA17Chr6g0464941	MtrunA17Chr6g0464941	MtNCR-new48	Nodule-specific Cysteine-Rich peptide	medtr.A17.gnm5.MtrunA17Chr6	+	14135177	14139200	0.140920948164522	0.999999979788073	NS	-2.69353575418713	0.0115981624930758	DOWN
DOWN	dnf2_only	medtr.A17.gnm5.ann1_6.MtrunA17Chr2g0319901	MtrunA17Chr2g0319901	MtPhyCys33	Phytocystatin	medtr.A17.gnm5.MtrunA17Chr2	+	41265964	41270243	-0.343663361406799	0.999999979788073	NS	-2.69140036590815	0.00264172089772722	DOWN
DOWN	dnf2_only	medtr.A17.gnm5.ann1_6.MtrunA17Chr6g0453251	MtrunA17Chr6g0453251			medtr.A17.gnm5.MtrunA17Chr6	+	3671500	3674402	1.14957903841107	0.999999979788073	NS	-2.69075603076766	0.0117052721767101	DOWN
DOWN	dnf2_only	medtr.A17.gnm5.ann1_6.MtrunA17Chr1g0204881	MtrunA17Chr1g0204881	7SL RNA-3	7SL RNA	medtr.A17.gnm5.MtrunA17Chr1	-	50283018	50283323	1.11533294770708	0.995863983038774	NS	-2.69024655431167	0.000230624925957836	DOWN
DOWN	dnf2_only	medtr.A17.gnm5.ann1_6.MtrunA17Chr2g0307351	MtrunA17Chr2g0307351			medtr.A17.gnm5.MtrunA17Chr2	-	29947900	29949614	-0.748623710980951	0.999999979788073	NS	-2.68860309019175	0.0488411080717313	DOWN
DOWN	dnf2_only	medtr.A17.gnm5.ann1_6.MtrunA17Chr8g0377991	MtrunA17Chr8g0377991			medtr.A17.gnm5.MtrunA17Chr8	+	39179271	39187325	-0.416536577361352	0.999999979788073	NS	-2.68808612753796	0.000543383563613344	DOWN
DOWN	dnf2_only	medtr.A17.gnm5.ann1_6.MtrunA17Chr4g0036891	MtrunA17Chr4g0036891			medtr.A17.gnm5.MtrunA17Chr4	+	35577029	35577938	0.245410124954732	0.999999979788073	NS	-2.6876807804545	0.000819461163966377	DOWN
DOWN	dnf2_only	medtr.A17.gnm5.ann1_6.MtrunA17Chr4g0020361	MtrunA17Chr4g0020361	MtNCR488	Nodule-specific Cysteine-Rich peptide	medtr.A17.gnm5.MtrunA17Chr4	+	16368182	16370227	-0.381652483616678	0.999999979788073	NS	-2.68751407791135	0.00040865065381795	DOWN
DOWN	dnf2_only	medtr.A17.gnm5.ann1_6.MtrunA17Chr4g0042801	MtrunA17Chr4g0042801			medtr.A17.gnm5.MtrunA17Chr4	+	40042804	40044054	0.262663899474104	0.999999979788073	NS	-2.68471681611923	0.000126361084568112	DOWN
DOWN	dnf2_only	medtr.A17.gnm5.ann1_6.MtrunA17Chr7g0243661	MtrunA17Chr7g0243661	MtNCR719	Nodule-specific Cysteine-Rich peptide	medtr.A17.gnm5.MtrunA17Chr7	+	32888917	32892559	-0.959037627636941	0.999999979788073	NS	-2.68303284563612	0.00108746130156279	DOWN
DOWN	dnf2_only	medtr.A17.gnm5.ann1_6.MtrunA17Chr1g0153821	MtrunA17Chr1g0153821			medtr.A17.gnm5.MtrunA17Chr1	+	6173238	6176149	-1.30319673125652	0.969673236739665	NS	-2.6822818916301	0.0342122005196278	DOWN
DOWN	dnf2_only	medtr.A17.gnm5.ann1_6.MtrunA17Chr7g0239531	MtrunA17Chr7g0239531	MtNCR-new78	Nodule-specific Cysteine-Rich peptide	medtr.A17.gnm5.MtrunA17Chr7	+	29563047	29565817	-0.32320384384044	0.999999979788073	NS	-2.68127508833798	0.000417364289560189	DOWN
DOWN	dnf2_only	medtr.A17.gnm5.ann1_6.MtrunA17Chr2g0293331	MtrunA17Chr2g0293331			medtr.A17.gnm5.MtrunA17Chr2	-	12112842	12116599	0.198604675204455	0.999999979788073	NS	-2.6811252813029	3.01442896259702e-05	DOWN
DOWN	dnf2_only	medtr.A17.gnm5.ann1_6.MtrunA17Chr2g0281091	MtrunA17Chr2g0281091			medtr.A17.gnm5.MtrunA17Chr2	+	2907312	2908333	0.563120442299817	0.999999979788073	NS	-2.6750470309631	0.00119856687956386	DOWN
DOWN	dnf2_only	medtr.A17.gnm5.ann1_6.MtrunA17Chr8g0347841	MtrunA17Chr8g0347841			medtr.A17.gnm5.MtrunA17Chr8	-	10597715	10599188	0.359510479712987	0.999999979788073	NS	-2.67340330477163	0.0359296660075662	DOWN
DOWN	dnf2_only	medtr.A17.gnm5.ann1_6.MtrunA17Chr6g0458831	MtrunA17Chr6g0458831			medtr.A17.gnm5.MtrunA17Chr6	-	8107703	8109867	0.107914489939827	0.999999979788073	NS	-2.67275083814452	0.0007654616324541	DOWN
DOWN	dnf2_only	medtr.A17.gnm5.ann1_6.MtrunA17Chr4g0006311	MtrunA17Chr4g0006311			medtr.A17.gnm5.MtrunA17Chr4	-	5012795	5015652	0.162327280794211	0.999999979788073	NS	-2.67253582436812	0.000359881822212408	DOWN
DOWN	dnf2_only	medtr.A17.gnm5.ann1_6.MtrunA17Chr6g0458821	MtrunA17Chr6g0458821			medtr.A17.gnm5.MtrunA17Chr6	-	8106052	8107701	-0.0371804675168638	0.999999979788073	NS	-2.67196297906052	0.00244449790217032	DOWN
DOWN	dnf2_only	medtr.A17.gnm5.ann1_6.MtrunA17Chr2g0306021	MtrunA17Chr2g0306021			medtr.A17.gnm5.MtrunA17Chr2	-	26711506	26717728	0.565332852899025	0.999999979788073	NS	-2.66945876671959	0.00354284086710174	DOWN
DOWN	dnf2_only	medtr.A17.gnm5.ann1_6.MtrunA17Chr6g0470771	MtrunA17Chr6g0470771	MtNCR068	Nodule-specific Cysteine-Rich peptide	medtr.A17.gnm5.MtrunA17Chr6	+	21151464	21162167	0.233843134115106	0.999999979788073	NS	-2.66928391959536	0.00741355024447108	DOWN
DOWN	dnf2_only	medtr.A17.gnm5.ann1_6.MtrunA17Chr3g0078061	MtrunA17Chr3g0078061	MtNCR578	Nodule-specific Cysteine-Rich peptide	medtr.A17.gnm5.MtrunA17Chr3	+	688212	689239	-0.316928611928996	0.999999979788073	NS	-2.66878468084755	0.00238608185021486	DOWN
DOWN	dnf2_only	medtr.A17.gnm5.ann1_6.MtrunA17Chr2g0295991	MtrunA17Chr2g0295991			medtr.A17.gnm5.MtrunA17Chr2	+	14378734	14383661	0.0579716702427299	0.999999979788073	NS	-2.66839778431789	2.94506428288836e-05	DOWN
DOWN	dnf2_only	medtr.A17.gnm5.ann1_6.MtrunA17Chr3g0084701	MtrunA17Chr3g0084701	MtDefNS1|MtPDF1	symbiotic defensin 1|Plant Defensin 1	medtr.A17.gnm5.MtrunA17Chr3	-	6148314	6149456	-0.317837369475594	0.999999979788073	NS	-2.66731610747202	2.57379959569799e-05	DOWN
DOWN	dnf2_only	medtr.A17.gnm5.ann1_6.MtrunA17Chr4g0031341	MtrunA17Chr4g0031341			medtr.A17.gnm5.MtrunA17Chr4	+	31766492	31768302	-0.501903746379518	0.999999979788073	NS	-2.6670415232738	0.000311590474553439	DOWN
DOWN	dnf2_only	medtr.A17.gnm5.ann1_6.MtrunA17Chr2g0333011	MtrunA17Chr2g0333011			medtr.A17.gnm5.MtrunA17Chr2	-	50908234	50909489	-0.453967227787228	0.999999979788073	NS	-2.66641580892815	0.0225356799248285	DOWN
DOWN	dnf2_only	medtr.A17.gnm5.ann1_6.MtrunA17Chr1g0170421	MtrunA17Chr1g0170421	MtRAM2	REQUIRED FOR ARBUSCULAR MYCORHIZATION 2 (Glycerol-3-phosphate acyl-transferase)	medtr.A17.gnm5.MtrunA17Chr1	+	19177608	19180874	-0.0959106272079313	0.999999979788073	NS	-2.65403667251349	0.0331525355032361	DOWN
DOWN	dnf2_only	medtr.A17.gnm5.ann1_6.MtrunA17Chr3g0129171	MtrunA17Chr3g0129171			medtr.A17.gnm5.MtrunA17Chr3	+	46741027	46741974	-0.115657999177164	0.999999979788073	NS	-2.65358370857781	0.0469351075272103	DOWN
DOWN	dnf2_only	medtr.A17.gnm5.ann1_6.MtrunA17Chr1g0169221	MtrunA17Chr1g0169221	MtNCR226	Nodule-specific Cysteine-Rich peptide	medtr.A17.gnm5.MtrunA17Chr1	+	17975703	17976579	-0.925300717450246	0.999999979788073	NS	-2.64636428617446	0.00439030561709847	DOWN
DOWN	dnf2_only	medtr.A17.gnm5.ann1_6.MtrunA17Chr4g0053211	MtrunA17Chr4g0053211			medtr.A17.gnm5.MtrunA17Chr4	+	47146375	47158175	-1.07279354815418	0.999999979788073	NS	-2.64514187921022	9.93375837801917e-06	DOWN
DOWN	dnf2_only	medtr.A17.gnm5.ann1_6.MtrunA17Chr3g0099521	MtrunA17Chr3g0099521			medtr.A17.gnm5.MtrunA17Chr3	+	24288777	24290405	-0.198907393928641	0.999999979788073	NS	-2.64350562497708	0.000692093116369379	DOWN
DOWN	dnf2_only	medtr.A17.gnm5.ann1_6.MtrunA17Chr3g0100511	MtrunA17Chr3g0100511			medtr.A17.gnm5.MtrunA17Chr3	-	25062606	25070844	-0.716841446214123	0.999999979788073	NS	-2.64152085308915	0.00396137371938868	DOWN
DOWN	dnf2_only	medtr.A17.gnm5.ann1_6.MtrunA17Chr3g0109191	MtrunA17Chr3g0109191	MtNCR-new23	Nodule-specific Cysteine-Rich peptide	medtr.A17.gnm5.MtrunA17Chr3	-	32191623	32194098	-0.284980646887536	0.999999979788073	NS	-2.64080348151813	0.000102161048557333	DOWN
DOWN	dnf2_only	medtr.A17.gnm5.ann1_6.MtrunA17Chr8g0357561	MtrunA17Chr8g0357561			medtr.A17.gnm5.MtrunA17Chr8	+	19518139	19518906	-1.44199870590992	0.76017427989128	NS	-2.64029555224568	0.0238117145616616	DOWN
DOWN	dnf2_only	medtr.A17.gnm5.ann1_6.MtrunA17Chr8g0341111	MtrunA17Chr8g0341111			medtr.A17.gnm5.MtrunA17Chr8	-	4794436	4802084	-1.22406533756446	0.971728892769019	NS	-2.63959370768792	0.00590662650535751	DOWN
DOWN	dnf2_only	medtr.A17.gnm5.ann1_6.MtrunA17Chr5g0401241	MtrunA17Chr5g0401241			medtr.A17.gnm5.MtrunA17Chr5	-	5462445	5463078	-1.87778106279344	0.244667885678103	NS	-2.63643361655086	0.00926310119049039	DOWN
DOWN	dnf2_only	medtr.A17.gnm5.ann1_6.MtrunA17Chr7g0233981	MtrunA17Chr7g0233981	MtNCR369	Nodule-specific Cysteine-Rich peptide	medtr.A17.gnm5.MtrunA17Chr7	-	24436643	24438684	-0.361441822134737	0.999999979788073	NS	-2.6363668210605	0.00108901441897677	DOWN
DOWN	dnf2_only	medtr.A17.gnm5.ann1_6.MtrunA17Chr8g0347891	MtrunA17Chr8g0347891			medtr.A17.gnm5.MtrunA17Chr8	+	10650324	10654892	0.293997567189954	0.999999979788073	NS	-2.63361342745159	0.0330177478910182	DOWN
DOWN	dnf2_only	medtr.A17.gnm5.ann1_6.MtrunA17Chr3g0126341	MtrunA17Chr3g0126341			medtr.A17.gnm5.MtrunA17Chr3	-	44688651	44692633	0.404852574807595	0.999999979788073	NS	-2.63295957957124	0.0297673587832642	DOWN
DOWN	dnf2_only	medtr.A17.gnm5.ann1_6.MtrunA17Chr2g0283391	MtrunA17Chr2g0283391			medtr.A17.gnm5.MtrunA17Chr2	-	4604805	4606781	-0.0873542376382666	0.999999979788073	NS	-2.6320293697541	0.000207300480874863	DOWN
DOWN	dnf2_only	medtr.A17.gnm5.ann1_6.MtrunA17Chr5g0397641	MtrunA17Chr5g0397641			medtr.A17.gnm5.MtrunA17Chr5	+	2811535	2813523	0.0909494870625432	0.999999979788073	NS	-2.62921111041642	0.00974039408106103	DOWN
DOWN	dnf2_only	medtr.A17.gnm5.ann1_6.MtrunA17Chr3g0080261	MtrunA17Chr3g0080261	MtNCR101	Nodule-specific Cysteine-Rich peptide	medtr.A17.gnm5.MtrunA17Chr3	+	2487058	2488618	-0.741266655303784	0.999999979788073	NS	-2.62782506368083	0.000945325353749044	DOWN
DOWN	dnf2_only	medtr.A17.gnm5.ann1_6.MtrunA17Chr4g0031381	MtrunA17Chr4g0031381	MtNCR029	Nodule-specific Cysteine-Rich peptide	medtr.A17.gnm5.MtrunA17Chr4	+	31799412	31801715	-0.0464045203053031	0.999999979788073	NS	-2.62402302114148	0.000814934122039027	DOWN
DOWN	dnf2_only	medtr.A17.gnm5.ann1_6.MtrunA17Chr2g0299911	MtrunA17Chr2g0299911			medtr.A17.gnm5.MtrunA17Chr2	+	17743501	17746026	0.409481722242812	0.999999979788073	NS	-2.62381920194294	0.045606324721971	DOWN
DOWN	dnf2_only	medtr.A17.gnm5.ann1_6.MtrunA17Chr4g0026321	MtrunA17Chr4g0026321			medtr.A17.gnm5.MtrunA17Chr4	+	27264432	27268388	-0.445389855319653	0.999999979788073	NS	-2.62294913797256	0.0118813353138422	DOWN
DOWN	dnf2_only	medtr.A17.gnm5.ann1_6.MtrunA17Chr4g0073321	MtrunA17Chr4g0073321			medtr.A17.gnm5.MtrunA17Chr4	+	62256809	62261359	0.796069686835036	0.999999979788073	NS	-2.62268356807285	0.000274477109110539	DOWN
DOWN	dnf2_only	medtr.A17.gnm5.ann1_6.MtrunA17Chr7g0232691	MtrunA17Chr7g0232691	MtNCR424	Nodule-specific Cysteine-Rich peptide	medtr.A17.gnm5.MtrunA17Chr7	-	22940765	22942691	-0.32578953310755	0.999999979788073	NS	-2.62190609936147	0.000753975356768606	DOWN
DOWN	dnf2_only	medtr.A17.gnm5.ann1_6.MtrunA17Chr5g0400551	MtrunA17Chr5g0400551			medtr.A17.gnm5.MtrunA17Chr5	+	4828881	4830266	-0.491505069935074	0.999999979788073	NS	-2.62177130991133	5.10349666892359e-05	DOWN
DOWN	dnf2_only	medtr.A17.gnm5.ann1_6.MtrunA17Chr1g0166861	MtrunA17Chr1g0166861			medtr.A17.gnm5.MtrunA17Chr1	+	16164759	16166196	-0.779200698530926	0.999999979788073	NS	-2.62070505738488	0.00376657788026619	DOWN
DOWN	dnf2_only	medtr.A17.gnm5.ann1_6.MtrunA17Chr4g0054891	MtrunA17Chr4g0054891	MtNPF7.8	NRT1/ PTR FAMILY|nitrate transporter / peptide transporter	medtr.A17.gnm5.MtrunA17Chr4	+	48665797	48672207	-1.33507606271249	0.556059108976524	NS	-2.62005482746633	0.000294167137993869	DOWN
DOWN	dnf2_only	medtr.A17.gnm5.ann1_6.MtrunA17Chr7g0215921	MtrunA17Chr7g0215921	MtNCR470	Nodule-specific Cysteine-Rich peptide	medtr.A17.gnm5.MtrunA17Chr7	-	1867594	1868528	-0.284011951881663	0.999999979788073	NS	-2.61940788052539	0.00208762595267821	DOWN
DOWN	dnf2_only	medtr.A17.gnm5.ann1_6.MtrunA17Chr4g0023511	MtrunA17Chr4g0023511			medtr.A17.gnm5.MtrunA17Chr4	-	24181449	24186984	-0.949830963861329	0.999999979788073	NS	-2.6191009946127	0.00624726472096118	DOWN
DOWN	dnf2_only	medtr.A17.gnm5.ann1_6.MtrunA17Chr6g0487631	MtrunA17Chr6g0487631			medtr.A17.gnm5.MtrunA17Chr6	-	41949326	41950069	-0.34160299285635	0.999999979788073	NS	-2.61690682756639	0.00341302056724036	DOWN
DOWN	dnf2_only	medtr.A17.gnm5.ann1_6.MtrunA17Chr4g0056481	MtrunA17Chr4g0056481			medtr.A17.gnm5.MtrunA17Chr4	+	49922625	49929018	-1.07417160198371	0.999999979788073	NS	-2.61337307723663	0.0062815324041538	DOWN
DOWN	dnf2_only	medtr.A17.gnm5.ann1_6.MtrunA17Chr3g0124591	MtrunA17Chr3g0124591			medtr.A17.gnm5.MtrunA17Chr3	-	43303918	43304680	-0.344709541174504	0.999999979788073	NS	-2.61310161827643	0.000218479017442991	DOWN
DOWN	dnf2_only	medtr.A17.gnm5.ann1_6.MtrunA17Chr1g0167601	MtrunA17Chr1g0167601	MtNCR053	Nodule-specific Cysteine-Rich peptide	medtr.A17.gnm5.MtrunA17Chr1	-	16476032	16477955	0.239510832209245	0.999999979788073	NS	-2.6129296182936	0.000692093116369379	DOWN
DOWN	dnf2_only	medtr.A17.gnm5.ann1_6.MtrunA17Chr2g0332731	MtrunA17Chr2g0332731	MtNPD4	Nodule-specific PLAT-domain  4	medtr.A17.gnm5.MtrunA17Chr2	+	50748768	50750376	-0.391676450601717	0.999999979788073	NS	-2.6126862617663	3.1617829511998e-05	DOWN
DOWN	dnf2_only	medtr.A17.gnm5.ann1_6.MtrunA17Chr6g0462851	MtrunA17Chr6g0462851			medtr.A17.gnm5.MtrunA17Chr6	-	11871940	11872914	-0.530159436983289	0.999999979788073	NS	-2.60923521747928	0.00263396441548839	DOWN
DOWN	dnf2_only	medtr.A17.gnm5.ann1_6.MtrunA17Chr1g0185451	MtrunA17Chr1g0185451	MtNCR346a	Nodule-specific Cysteine-Rich peptide	medtr.A17.gnm5.MtrunA17Chr1	+	35875607	35879020	-0.524481913573912	0.999999979788073	NS	-2.60921645361823	0.0016113022229644	DOWN
DOWN	dnf2_only	medtr.A17.gnm5.ann1_6.MtrunA17Chr2g0325711	MtrunA17Chr2g0325711			medtr.A17.gnm5.MtrunA17Chr2	-	45536704	45540708	-0.204709237710582	0.999999979788073	NS	-2.60770312829957	0.000306583579216444	DOWN
DOWN	dnf2_only	medtr.A17.gnm5.ann1_6.MtrunA17Chr6g0465071	MtrunA17Chr6g0465071			medtr.A17.gnm5.MtrunA17Chr6	-	14223606	14227312	0.218844134822105	0.999999979788073	NS	-2.60600687117633	0.00341302056724036	DOWN
DOWN	dnf2_only	medtr.A17.gnm5.ann1_6.MtrunA17Chr5g0435751	MtrunA17Chr5g0435751			medtr.A17.gnm5.MtrunA17Chr5	-	35752543	35760237	-0.466764860220058	0.999999979788073	NS	-2.60460781360428	9.82319975959096e-05	DOWN
DOWN	dnf2_only	medtr.A17.gnm5.ann1_6.MtrunA17Chr5g0408291	MtrunA17Chr5g0408291			medtr.A17.gnm5.MtrunA17Chr5	-	10518839	10523408	0.366069122639413	0.999999979788073	NS	-2.60418783691295	0.00088228372485737	DOWN
DOWN	dnf2_only	medtr.A17.gnm5.ann1_6.MtrunA17Chr4g0059941	MtrunA17Chr4g0059941			medtr.A17.gnm5.MtrunA17Chr4	-	52490037	52490455	-0.611458770539984	0.999999979788073	NS	-2.60101194080531	0.00974039408106103	DOWN
DOWN	dnf2_only	medtr.A17.gnm5.ann1_6.MtrunA17Chr2g0302841	MtrunA17Chr2g0302841	MtNCR-new5	Nodule-specific Cysteine-Rich peptide	medtr.A17.gnm5.MtrunA17Chr2	+	20506300	20506947	-0.428558138890194	0.999999979788073	NS	-2.59814484553537	0.00121385655058871	DOWN
DOWN	dnf2_only	medtr.A17.gnm5.ann1_6.MtrunA17Chr8g0349621	MtrunA17Chr8g0349621			medtr.A17.gnm5.MtrunA17Chr8	-	11931632	11937140	-0.754125509520755	0.999999979788073	NS	-2.59643473032848	5.55028296414142e-05	DOWN
DOWN	dnf2_only	medtr.A17.gnm5.ann1_6.MtrunA17Chr5g0397771	MtrunA17Chr5g0397771			medtr.A17.gnm5.MtrunA17Chr5	-	2878009	2878755	0.866928674809082	0.999999979788073	NS	-2.59598679194378	0.0298939651731655	DOWN
DOWN	dnf2_only	medtr.A17.gnm5.ann1_6.MtrunA17Chr1g0157221	MtrunA17Chr1g0157221			medtr.A17.gnm5.MtrunA17Chr1	-	8514503	8515793	0.416864449629793	0.999999979788073	NS	-2.59465727221412	0.000382181144206504	DOWN
DOWN	dnf2_only	medtr.A17.gnm5.ann1_6.MtrunA17Chr5g0436491	MtrunA17Chr5g0436491			medtr.A17.gnm5.MtrunA17Chr5	-	36277698	36278225	-1.49776928158327	0.574175534689342	NS	-2.59340794291611	0.00982244468160255	DOWN
DOWN	dnf2_only	medtr.A17.gnm5.ann1_6.MtrunA17Chr5g0399061	MtrunA17Chr5g0399061	MtNPF6.6	NRT1/ PTR FAMILY|nitrate transporter / peptide transporter	medtr.A17.gnm5.MtrunA17Chr5	-	3661721	3664657	0.443836824173019	0.999999979788073	NS	-2.5932733124744	0.00165005932547926	DOWN
DOWN	dnf2_only	medtr.A17.gnm5.ann1_6.MtrunA17Chr2g0314541	MtrunA17Chr2g0314541	MtNCR071	Nodule-specific Cysteine-Rich peptide	medtr.A17.gnm5.MtrunA17Chr2	+	36967227	36968350	-0.137220641398468	0.999999979788073	NS	-2.59050314133543	0.00910872316434375	DOWN
DOWN	dnf2_only	medtr.A17.gnm5.ann1_6.MtrunA17Chr8g0358331	MtrunA17Chr8g0358331	MtNCR-new82	Nodule-specific Cysteine-Rich peptide	medtr.A17.gnm5.MtrunA17Chr8	+	20464256	20466846	-0.623491736024128	0.999999979788073	NS	-2.5882866709368	3.42775292588091e-05	DOWN
DOWN	dnf2_only	medtr.A17.gnm5.ann1_6.MtrunA17Chr7g0240361	MtrunA17Chr7g0240361	MtNCR237	Nodule-specific Cysteine-Rich peptide	medtr.A17.gnm5.MtrunA17Chr7	+	30206965	30211130	-0.379601639673866	0.999999979788073	NS	-2.58725898342823	0.00244449790217032	DOWN
DOWN	dnf2_only	medtr.A17.gnm5.ann1_6.MtrunA17Chr4g0020371	MtrunA17Chr4g0020371			medtr.A17.gnm5.MtrunA17Chr4	-	16370357	16372153	-0.842485124022976	0.999999979788073	NS	-2.5871838152802	0.00119771824302475	DOWN
DOWN	dnf2_only	medtr.A17.gnm5.ann1_6.MtrunA17Chr4g0009931	MtrunA17Chr4g0009931			medtr.A17.gnm5.MtrunA17Chr4	+	7779302	7780085	0.0769148620376799	0.999999979788073	NS	-2.58687681824154	0.0326621898724203	DOWN
DOWN	dnf2_only	medtr.A17.gnm5.ann1_6.MtrunA17Chr6g0452111	MtrunA17Chr6g0452111	MtABAB26	ATP-Binding-Cassette (ABC) transporter typeB (P-glycoprotein (MDR/PGP/ABCB) efflux/conditional auxin transporter)	medtr.A17.gnm5.MtrunA17Chr6	+	2540992	2550241	0.168624182776364	0.999999979788073	NS	-2.58617619443546	0.00405840351593449	DOWN
DOWN	dnf2_only	medtr.A17.gnm5.ann1_6.MtrunA17Chr4g0059131	MtrunA17Chr4g0059131			medtr.A17.gnm5.MtrunA17Chr4	-	51913996	51918556	-0.664535439330704	0.999999979788073	NS	-2.58402781910521	0.0115682169081945	DOWN
DOWN	dnf2_only	medtr.A17.gnm5.ann1_6.MtrunA17Chr2g0322281	MtrunA17Chr2g0322281			medtr.A17.gnm5.MtrunA17Chr2	-	43064337	43065681	-0.355899534912634	0.999999979788073	NS	-2.57860589670204	0.000969115389842085	DOWN
DOWN	dnf2_only	medtr.A17.gnm5.ann1_6.MtrunA17Chr4g0059931	MtrunA17Chr4g0059931			medtr.A17.gnm5.MtrunA17Chr4	+	52489515	52490422	-0.459966306224933	0.999999979788073	NS	-2.5782684659628	0.00982954275651086	DOWN
DOWN	dnf2_only	medtr.A17.gnm5.ann1_6.MtrunA17Chr4g0027701	MtrunA17Chr4g0027701			medtr.A17.gnm5.MtrunA17Chr4	-	28773608	28780128	-0.898396216160855	0.999999979788073	NS	-2.57736660960279	0.0132854862413685	DOWN
DOWN	dnf2_only	medtr.A17.gnm5.ann1_6.MtrunA17Chr1g0185371	MtrunA17Chr1g0185371	MtNCR126	Nodule-specific Cysteine-Rich peptide	medtr.A17.gnm5.MtrunA17Chr1	+	35834733	35836189	-0.485535557527703	0.999999979788073	NS	-2.57634265257869	0.00147598922523361	DOWN
DOWN	dnf2_only	medtr.A17.gnm5.ann1_6.MtrunA17Chr2g0283381	MtrunA17Chr2g0283381			medtr.A17.gnm5.MtrunA17Chr2	-	4601179	4603241	-0.683513686545224	0.999999979788073	NS	-2.56929981785958	0.000216711056417447	DOWN
DOWN	dnf2_only	medtr.A17.gnm5.ann1_6.MtrunA17Chr4g0023441	MtrunA17Chr4g0023441	MtNCR630	Nodule-specific Cysteine-Rich peptide	medtr.A17.gnm5.MtrunA17Chr4	-	24116852	24117403	-1.07465496665297	0.999999979788073	NS	-2.56882295026795	0.0127312590040814	DOWN
DOWN	dnf2_only	medtr.A17.gnm5.ann1_6.MtrunA17Chr6g0475531	MtrunA17Chr6g0475531	MtNCR-new56	Nodule-specific Cysteine-Rich peptide	medtr.A17.gnm5.MtrunA17Chr6	-	29902407	29904492	-0.184920235362859	0.999999979788073	NS	-2.56477984428853	0.0107576818929451	DOWN
DOWN	dnf2_only	medtr.A17.gnm5.ann1_6.MtrunA17Chr5g0429931	MtrunA17Chr5g0429931	MtVRN1.20	VERNALIZATION1 (PcG-1 Polycomb group protein)	medtr.A17.gnm5.MtrunA17Chr5	-	31154058	31154879	0.212195829966765	0.999999979788073	NS	-2.56389483669673	0.0486127440336758	DOWN
DOWN	dnf2_only	medtr.A17.gnm5.ann1_6.MtrunA17Chr7g0247871	MtrunA17Chr7g0247871			medtr.A17.gnm5.MtrunA17Chr7	+	36120799	36125461	-0.17831575581093	0.999999979788073	NS	-2.56356936399218	0.00132623229392203	DOWN
DOWN	dnf2_only	medtr.A17.gnm5.ann1_6.MtrunA17Chr8g0350151	MtrunA17Chr8g0350151	MtNCR441	Nodule-specific Cysteine-Rich peptide	medtr.A17.gnm5.MtrunA17Chr8	-	12289313	12290777	-0.572312571772724	0.999999979788073	NS	-2.56128946538591	0.00484490833314042	DOWN
DOWN	dnf2_only	medtr.A17.gnm5.ann1_6.MtrunA17Chr7g0240351	MtrunA17Chr7g0240351	MtNCR337	Nodule-specific Cysteine-Rich peptide	medtr.A17.gnm5.MtrunA17Chr7	+	30199072	30204585	-0.0885754462431399	0.999999979788073	NS	-2.56083802120428	0.00185770228954029	DOWN
DOWN	dnf2_only	medtr.A17.gnm5.ann1_6.MtrunA17Chr1g0157951	MtrunA17Chr1g0157951			medtr.A17.gnm5.MtrunA17Chr1	-	9038110	9044775	-0.276394940669078	0.999999979788073	NS	-2.56036540187403	0.0124957036187148	DOWN
DOWN	dnf2_only	medtr.A17.gnm5.ann1_6.MtrunA17Chr6g0487661	MtrunA17Chr6g0487661			medtr.A17.gnm5.MtrunA17Chr6	-	41956257	41956495	-1.59293848040374	0.571465770553731	NS	-2.55922543377705	0.0264758503361397	DOWN
DOWN	dnf2_only	medtr.A17.gnm5.ann1_6.MtrunA17Chr1g0160171	MtrunA17Chr1g0160171			medtr.A17.gnm5.MtrunA17Chr1	-	10678468	10684542	0.360901782355399	0.999999979788073	NS	-2.55809365751835	0.00173263822914058	DOWN
DOWN	dnf2_only	medtr.A17.gnm5.ann1_6.MtrunA17Chr6g0465901	MtrunA17Chr6g0465901			medtr.A17.gnm5.MtrunA17Chr6	+	15065201	15066665	-0.0438630909028694	0.999999979788073	NS	-2.55795412346436	0.0301182487285842	DOWN
DOWN	dnf2_only	medtr.A17.gnm5.ann1_6.MtrunA17Chr6g0462451	MtrunA17Chr6g0462451	MtSUT1.4	sucrose transporter	medtr.A17.gnm5.MtrunA17Chr6	+	11491114	11493857	1.60629971951022	0.298069710730945	NS	-2.55765606637238	0.0148333503834885	DOWN
DOWN	dnf2_only	medtr.A17.gnm5.ann1_6.MtrunA17Chr4g0035921	MtrunA17Chr4g0035921	MtCYP84A64	Cytochrome P450 monooxygenase	medtr.A17.gnm5.MtrunA17Chr4	+	35214595	35218540	-1.35086795356835	0.574130462397035	NS	-2.55699406799909	0.000900724304985887	DOWN
DOWN	dnf2_only	medtr.A17.gnm5.ann1_6.MtrunA17Chr1g0179261	MtrunA17Chr1g0179261	MtNCR207	Nodule-specific Cysteine-Rich peptide	medtr.A17.gnm5.MtrunA17Chr1	+	30610955	30611725	-0.443525811524872	0.999999979788073	NS	-2.55509412590488	0.000849011480272466	DOWN
DOWN	dnf2_only	medtr.A17.gnm5.ann1_6.MtrunA17Chr4g0007981	MtrunA17Chr4g0007981			medtr.A17.gnm5.MtrunA17Chr4	-	6224698	6225462	-0.592863579301703	0.999999979788073	NS	-2.55480491631685	0.0308575226644442	DOWN
DOWN	dnf2_only	medtr.A17.gnm5.ann1_6.MtrunA17Chr6g0487931	MtrunA17Chr6g0487931			medtr.A17.gnm5.MtrunA17Chr6	-	42061324	42061889	0.234513844485015	0.999999979788073	NS	-2.55419077982098	0.00144273649210556	DOWN
DOWN	dnf2_only	medtr.A17.gnm5.ann1_6.MtrunA17Chr5g0447341	MtrunA17Chr5g0447341	MtGPA	glucose-1-phosphate adenylyltransferase family protein	medtr.A17.gnm5.MtrunA17Chr5	+	43655357	43659514	-1.39905693688216	0.674116846389821	NS	-2.5534261796991	0.00580541501898995	DOWN
DOWN	dnf2_only	medtr.A17.gnm5.ann1_6.MtrunA17Chr7g0235451	MtrunA17Chr7g0235451	MtNCR137	Nodule-specific Cysteine-Rich peptide	medtr.A17.gnm5.MtrunA17Chr7	-	25815748	25817227	0.237006933953502	0.999999979788073	NS	-2.54944048706269	0.0071584579293	DOWN
DOWN	dnf2_only	medtr.A17.gnm5.ann1_6.MtrunA17Chr3g0079261	MtrunA17Chr3g0079261	MtNCR582	Nodule-specific Cysteine-Rich peptide	medtr.A17.gnm5.MtrunA17Chr3	+	1593426	1595119	-0.259529481768491	0.999999979788073	NS	-2.54755788000753	0.001798495740926	DOWN
DOWN	dnf2_only	medtr.A17.gnm5.ann1_6.MtrunA17Chr5g0404201	MtrunA17Chr5g0404201			medtr.A17.gnm5.MtrunA17Chr5	+	7782650	7784062	0.160421567440681	0.999999979788073	NS	-2.54737459469675	0.00216601633700728	DOWN
DOWN	dnf2_only	medtr.A17.gnm5.ann1_6.MtrunA17Chr1g0173791	MtrunA17Chr1g0173791	MtNCR260	Nodule-specific Cysteine-Rich peptide	medtr.A17.gnm5.MtrunA17Chr1	-	24114957	24117945	-0.172776696584341	0.999999979788073	NS	-2.5467615935105	0.000592935471098597	DOWN
DOWN	dnf2_only	medtr.A17.gnm5.ann1_6.MtrunA17Chr5g0426821	MtrunA17Chr5g0426821	MtNCR-new44	Nodule-specific Cysteine-Rich peptide	medtr.A17.gnm5.MtrunA17Chr5	+	28621493	28624371	-0.0375932469655407	0.999999979788073	NS	-2.54592354928597	0.0032418803459996	DOWN
DOWN	dnf2_only	medtr.A17.gnm5.ann1_6.MtrunA17Chr3g0129091	MtrunA17Chr3g0129091	MtPSK8	Phytosulfokine	medtr.A17.gnm5.MtrunA17Chr3	+	46683395	46684537	-1.49874748595724	0.400661550332997	NS	-2.54220400078279	0.00162110125618955	DOWN
DOWN	dnf2_only	medtr.A17.gnm5.ann1_6.MtrunA17Chr3g0115581	MtrunA17Chr3g0115581			medtr.A17.gnm5.MtrunA17Chr3	+	36897841	36902602	-0.0956808950505124	0.999999979788073	NS	-2.54216514222945	9.00912116901798e-05	DOWN
DOWN	dnf2_only	medtr.A17.gnm5.ann1_6.MtrunA17Chr6g0464721	MtrunA17Chr6g0464721			medtr.A17.gnm5.MtrunA17Chr6	+	13982719	13986009	-0.131013963602186	0.999999979788073	NS	-2.54074814530499	0.000486821166408779	DOWN
DOWN	dnf2_only	medtr.A17.gnm5.ann1_6.MtrunA17Chr4g0032121	MtrunA17Chr4g0032121			medtr.A17.gnm5.MtrunA17Chr4	+	32362636	32364181	0.301547046694315	0.999999979788073	NS	-2.54045560329177	0.000946233101364364	DOWN
DOWN	dnf2_only	medtr.A17.gnm5.ann1_6.MtrunA17Chr3g0122141	MtrunA17Chr3g0122141	MtNCR418	Nodule-specific Cysteine-Rich peptide	medtr.A17.gnm5.MtrunA17Chr3	+	41763116	41765057	-0.315154276177664	0.999999979788073	NS	-2.53888134772837	0.0101365498345388	DOWN
DOWN	dnf2_only	medtr.A17.gnm5.ann1_6.MtrunA17Chr5g0398651	MtrunA17Chr5g0398651			medtr.A17.gnm5.MtrunA17Chr5	-	3440268	3441684	-0.920724742918233	0.999999979788073	NS	-2.53750534007743	0.000662790346600701	DOWN
DOWN	dnf2_only	medtr.A17.gnm5.ann1_6.MtrunA17Chr5g0425871	MtrunA17Chr5g0425871	MtNCR138	Nodule-specific Cysteine-Rich peptide	medtr.A17.gnm5.MtrunA17Chr5	+	27884395	27885806	-0.379586100736016	0.999999979788073	NS	-2.53711907535185	0.00324733036726599	DOWN
DOWN	dnf2_only	medtr.A17.gnm5.ann1_6.MtrunA17Chr1g0168141	MtrunA17Chr1g0168141			medtr.A17.gnm5.MtrunA17Chr1	+	17004927	17006992	0.0197695298110875	0.999999979788073	NS	-2.53382238993904	0.0104929318449212	DOWN
DOWN	dnf2_only	medtr.A17.gnm5.ann1_6.MtrunA17Chr1g0196951	MtrunA17Chr1g0196951			medtr.A17.gnm5.MtrunA17Chr1	+	44328467	44330377	0.316319086119766	0.999999979788073	NS	-2.53189980517779	0.000153491958844674	DOWN
DOWN	dnf2_only	medtr.A17.gnm5.ann1_6.MtrunA17Chr1g0170381	MtrunA17Chr1g0170381			medtr.A17.gnm5.MtrunA17Chr1	+	19114520	19125259	-0.314180868161095	0.999999979788073	NS	-2.52953809760745	3.6466558270792e-07	DOWN
DOWN	dnf2_only	medtr.A17.gnm5.ann1_6.MtrunA17Chr7g0216201	MtrunA17Chr7g0216201	MtNCR472	Nodule-specific Cysteine-Rich peptide	medtr.A17.gnm5.MtrunA17Chr7	-	1990300	1990822	-0.119111576931906	0.999999979788073	NS	-2.52914689731896	0.00294149509534823	DOWN
DOWN	dnf2_only	medtr.A17.gnm5.ann1_6.MtrunA17Chr2g0278561	MtrunA17Chr2g0278561			medtr.A17.gnm5.MtrunA17Chr2	-	1244616	1248367	0.410516678769117	0.999999979788073	NS	-2.52867402908308	0.00619135669583052	DOWN
DOWN	dnf2_only	medtr.A17.gnm5.ann1_6.MtrunA17Chr5g0430621	MtrunA17Chr5g0430621			medtr.A17.gnm5.MtrunA17Chr5	-	31806144	31810074	-0.659541734923832	0.999999979788073	NS	-2.52611716296285	9.17273097576451e-05	DOWN
DOWN	dnf2_only	medtr.A17.gnm5.ann1_6.MtrunA17Chr5g0430801	MtrunA17Chr5g0430801			medtr.A17.gnm5.MtrunA17Chr5	-	31904562	31905274	-0.94076918887863	0.999999979788073	NS	-2.52492052848986	0.0336908906673881	DOWN
DOWN	dnf2_only	medtr.A17.gnm5.ann1_6.MtrunA17Chr5g0428791	MtrunA17Chr5g0428791			medtr.A17.gnm5.MtrunA17Chr5	+	30400433	30401786	-0.61089133307897	0.999999979788073	NS	-2.52378308909642	0.0248050682719355	DOWN
DOWN	dnf2_only	medtr.A17.gnm5.ann1_6.MtrunA17Chr6g0464911	MtrunA17Chr6g0464911	MtNCR222	Nodule-specific Cysteine-Rich peptide	medtr.A17.gnm5.MtrunA17Chr6	+	14122364	14126858	-0.550099704865096	0.999999979788073	NS	-2.52214733461045	0.00655686563017816	DOWN
DOWN	dnf2_only	medtr.A17.gnm5.ann1_6.MtrunA17Chr3g0103061	MtrunA17Chr3g0103061			medtr.A17.gnm5.MtrunA17Chr3	+	27500531	27502313	1.4566104240087	0.402190589625089	NS	-2.52203792173169	0.0143922661433498	DOWN
DOWN	dnf2_only	medtr.A17.gnm5.ann1_6.MtrunA17Chr7g0258531	MtrunA17Chr7g0258531			medtr.A17.gnm5.MtrunA17Chr7	-	43788688	43791693	-0.685744241821326	0.999999979788073	NS	-2.52099884707181	0.0032418803459996	DOWN
DOWN	dnf2_only	medtr.A17.gnm5.ann1_6.MtrunA17Chr8g0371221	MtrunA17Chr8g0371221			medtr.A17.gnm5.MtrunA17Chr8	+	34096157	34098712	0.758278239726178	0.999999979788073	NS	-2.51976631118479	0.00163611051457027	DOWN
DOWN	dnf2_only	medtr.A17.gnm5.ann1_6.MtrunA17Chr6g0487911	MtrunA17Chr6g0487911			medtr.A17.gnm5.MtrunA17Chr6	-	42060255	42060819	-0.69392488336744	0.999999979788073	NS	-2.51846944038882	0.013509032604052	DOWN
DOWN	dnf2_only	medtr.A17.gnm5.ann1_6.MtrunA17Chr4g0034791	MtrunA17Chr4g0034791			medtr.A17.gnm5.MtrunA17Chr4	-	34359286	34360337	0.00586900144457453	0.999999979788073	NS	-2.51816587793552	0.00474226655408867	DOWN
DOWN	dnf2_only	medtr.A17.gnm5.ann1_6.MtrunA17Chr5g0430811	MtrunA17Chr5g0430811			medtr.A17.gnm5.MtrunA17Chr5	+	31904769	31905113	-1.78881395820081	0.246829017064865	NS	-2.51727192881886	0.0081860152927033	DOWN
DOWN	dnf2_only	medtr.A17.gnm5.ann1_6.MtrunA17Chr5g0430871	MtrunA17Chr5g0430871	MtNCR365	Nodule-specific Cysteine-Rich peptide	medtr.A17.gnm5.MtrunA17Chr5	-	31949484	31950280	-1.00958267872676	0.999999979788073	NS	-2.51608632306569	0.000233596539525106	DOWN
DOWN	dnf2_only	medtr.A17.gnm5.ann1_6.MtrunA17Chr5g0436741	MtrunA17Chr5g0436741			medtr.A17.gnm5.MtrunA17Chr5	-	36455189	36459222	-0.246604701264608	0.999999979788073	NS	-2.51245850544293	0.000267167806681205	DOWN
DOWN	dnf2_only	medtr.A17.gnm5.ann1_6.MtrunA17Chr3g0134511	MtrunA17Chr3g0134511	MtGASA8	Gibberellic Acid-Stimulated in Arabidopsis	medtr.A17.gnm5.MtrunA17Chr3	-	50766473	50768044	-0.587771629901738	0.999999979788073	NS	-2.5117254495975	0.00106515562155669	DOWN
DOWN	dnf2_only	medtr.A17.gnm5.ann1_6.MtrunA17Chr3g0079241	MtrunA17Chr3g0079241	MtNCR581	Nodule-specific Cysteine-Rich peptide	medtr.A17.gnm5.MtrunA17Chr3	+	1590141	1590784	0.446914754745747	0.999999979788073	NS	-2.51143756558084	0.000613543273668433	DOWN
DOWN	dnf2_only	medtr.A17.gnm5.ann1_6.MtrunA17Chr3g0115591	MtrunA17Chr3g0115591			medtr.A17.gnm5.MtrunA17Chr3	-	36901675	36904107	0.207393552783189	0.999999979788073	NS	-2.51010004986957	6.73224518737439e-06	DOWN
DOWN	dnf2_only	medtr.A17.gnm5.ann1_6.MtrunA17Chr1g0200301	MtrunA17Chr1g0200301			medtr.A17.gnm5.MtrunA17Chr1	+	46859195	46862278	0.401070834638063	0.999999979788073	NS	-2.509507646276	0.000184940430201097	DOWN
DOWN	dnf2_only	medtr.A17.gnm5.ann1_6.MtrunA17Chr1g0167541	MtrunA17Chr1g0167541			medtr.A17.gnm5.MtrunA17Chr1	-	16456503	16462942	-0.743899065008919	0.999999979788073	NS	-2.50930966705024	7.97215262812498e-05	DOWN
DOWN	dnf2_only	medtr.A17.gnm5.ann1_6.MtrunA17Chr3g0092571	MtrunA17Chr3g0092571			medtr.A17.gnm5.MtrunA17Chr3	+	14115149	14116052	-0.722100770848542	0.999999979788073	NS	-2.50786329823886	0.00540672803052045	DOWN
DOWN	dnf2_only	medtr.A17.gnm5.ann1_6.MtrunA17Chr6g0475741	MtrunA17Chr6g0475741	MtNCR002	Nodule-specific Cysteine-Rich peptide	medtr.A17.gnm5.MtrunA17Chr6	+	30312840	30313694	-0.807889693676119	0.999999979788073	NS	-2.50720576107033	0.0207251863788813	DOWN
DOWN	dnf2_only	medtr.A17.gnm5.ann1_6.MtrunA17Chr7g0270491	MtrunA17Chr7g0270491	MtLb1|MtLb12	leghemoglobin11	medtr.A17.gnm5.MtrunA17Chr7	-	52176092	52178861	1.49118020717804	0.342493386682843	NS	-2.50638501357036	0.00146833165945339	DOWN
DOWN	dnf2_only	medtr.A17.gnm5.ann1_6.MtrunA17Chr5g0446251	MtrunA17Chr5g0446251			medtr.A17.gnm5.MtrunA17Chr5	-	42917720	42918642	-0.144459420433978	0.999999979788073	NS	-2.50610491907845	0.000387956300305865	DOWN
DOWN	dnf2_only	medtr.A17.gnm5.ann1_6.MtrunA17Chr7g0261791	MtrunA17Chr7g0261791	MtNPF5.4	NRT1/ PTR FAMILY|nitrate transporter / peptide transporter	medtr.A17.gnm5.MtrunA17Chr7	-	46116393	46121186	-0.398876536952489	0.999999979788073	NS	-2.50497409923156	0.000294167137993869	DOWN
DOWN	dnf2_only	medtr.A17.gnm5.ann1_6.MtrunA17Chr8g0339501	MtrunA17Chr8g0339501	MtDefNS4|MtPDF7	symbiotic defensin 4|Plant Defensin 7	medtr.A17.gnm5.MtrunA17Chr8	-	3651177	3656184	0.326383888109325	0.999999979788073	NS	-2.50474098687591	0.000131899151708613	DOWN
DOWN	dnf2_only	medtr.A17.gnm5.ann1_6.MtrunA17Chr2g0310711	MtrunA17Chr2g0310711	MtNCR400	Nodule-specific Cysteine-Rich peptide	medtr.A17.gnm5.MtrunA17Chr2	-	33639013	33641379	-0.296276653446847	0.999999979788073	NS	-2.50326026205906	0.00380392706589605	DOWN
DOWN	dnf2_only	medtr.A17.gnm5.ann1_6.MtrunA17Chr8g0339601	MtrunA17Chr8g0339601			medtr.A17.gnm5.MtrunA17Chr8	-	3684112	3685566	0.25176582304376	0.999999979788073	NS	-2.50110942269085	0.0143264847519651	DOWN
DOWN	dnf2_only	medtr.A17.gnm5.ann1_6.MtrunA17Chr1g0181461	MtrunA17Chr1g0181461			medtr.A17.gnm5.MtrunA17Chr1	-	32544297	32547303	-0.651202873595429	0.999999979788073	NS	-2.49902969714684	0.000166005895740537	DOWN
DOWN	dnf2_only	medtr.A17.gnm5.ann1_6.MtrunA17Chr3g0080251	MtrunA17Chr3g0080251			medtr.A17.gnm5.MtrunA17Chr3	-	2485625	2486816	-2.10898654373093	0.23283816556774	NS	-2.4969809183893	0.032833426142212	DOWN
DOWN	dnf2_only	medtr.A17.gnm5.ann1_6.MtrunA17Chr7g0240611	MtrunA17Chr7g0240611			medtr.A17.gnm5.MtrunA17Chr7	+	30385195	30386221	-0.022073603512729	0.999999979788073	NS	-2.49547095424121	6.42983422165387e-05	DOWN
DOWN	dnf2_only	medtr.A17.gnm5.ann1_6.MtrunA17Chr3g0116891	MtrunA17Chr3g0116891			medtr.A17.gnm5.MtrunA17Chr3	-	37995496	37998670	-0.869098767419265	0.999999979788073	NS	-2.49317812129785	0.0240016097437915	DOWN
DOWN	dnf2_only	medtr.A17.gnm5.ann1_6.MtrunA17Chr5g0441751	MtrunA17Chr5g0441751	7SL RNA-1	7SL RNA	medtr.A17.gnm5.MtrunA17Chr5	-	40032478	40032783	1.6095307360156	0.249085124354482	NS	-2.49294654294246	0.0176651429742894	DOWN
DOWN	dnf2_only	medtr.A17.gnm5.ann1_6.MtrunA17Chr4g0027901	MtrunA17Chr4g0027901			medtr.A17.gnm5.MtrunA17Chr4	-	28984057	28984405	-1.37685988548864	0.789020429022855	NS	-2.48852024193141	0.0256735435884731	DOWN
DOWN	dnf2_only	medtr.A17.gnm5.ann1_6.MtrunA17Chr5g0424911	MtrunA17Chr5g0424911	MtNCR291	Nodule-specific Cysteine-Rich peptide	medtr.A17.gnm5.MtrunA17Chr5	+	26959385	26960329	-0.45086924133353	0.999999979788073	NS	-2.48748180532915	0.0160063638046793	DOWN
DOWN	dnf2_only	medtr.A17.gnm5.ann1_6.MtrunA17Chr8g0335261	MtrunA17Chr8g0335261			medtr.A17.gnm5.MtrunA17Chr8	+	799668	806694	-0.327412491893137	0.999999979788073	NS	-2.4871680549499	0.00186302088726487	DOWN
DOWN	dnf2_only	medtr.A17.gnm5.ann1_6.MtrunA17Chr5g0420681	MtrunA17Chr5g0420681			medtr.A17.gnm5.MtrunA17Chr5	-	21121140	21123404	-0.113033246654299	0.999999979788073	NS	-2.48639500446779	0.0137292952614065	DOWN
DOWN	dnf2_only	medtr.A17.gnm5.ann1_6.MtrunA17Chr1g0194231	MtrunA17Chr1g0194231			medtr.A17.gnm5.MtrunA17Chr1	+	42449354	42452504	0.413722086614336	0.999999979788073	NS	-2.48622517589913	0.0135698494016313	DOWN
DOWN	dnf2_only	medtr.A17.gnm5.ann1_6.MtrunA17Chr1g0168921	MtrunA17Chr1g0168921	MtNCR375	Nodule-specific Cysteine-Rich peptide	medtr.A17.gnm5.MtrunA17Chr1	-	17722357	17725089	-0.228331964994506	0.999999979788073	NS	-2.48538560778186	4.46035994306783e-05	DOWN
DOWN	dnf2_only	medtr.A17.gnm5.ann1_6.MtrunA17Chr7g0226771	MtrunA17Chr7g0226771			medtr.A17.gnm5.MtrunA17Chr7	-	11916491	11921754	-0.959581186591682	0.999999979788073	NS	-2.48527861115518	0.0100689403609621	DOWN
DOWN	dnf2_only	medtr.A17.gnm5.ann1_6.MtrunA17Chr2g0300381	MtrunA17Chr2g0300381	MtNCR254	Nodule-specific Cysteine-Rich peptide	medtr.A17.gnm5.MtrunA17Chr2	+	18165120	18166765	-0.638105547133567	0.999999979788073	NS	-2.48326566768322	0.00349606018503584	DOWN
DOWN	dnf2_only	medtr.A17.gnm5.ann1_6.MtrunA17Chr4g0027881	MtrunA17Chr4g0027881	MtNCR636	Nodule-specific Cysteine-Rich peptide	medtr.A17.gnm5.MtrunA17Chr4	+	28974750	28976193	-0.269901495638051	0.999999979788073	NS	-2.48283157002894	0.00212882150664302	DOWN
DOWN	dnf2_only	medtr.A17.gnm5.ann1_6.MtrunA17Chr2g0321051	MtrunA17Chr2g0321051			medtr.A17.gnm5.MtrunA17Chr2	-	42149608	42150919	-0.244301984415069	0.999999979788073	NS	-2.48202942919078	0.0184381250745048	DOWN
DOWN	dnf2_only	medtr.A17.gnm5.ann1_6.MtrunA17Chr5g0432461	MtrunA17Chr5g0432461			medtr.A17.gnm5.MtrunA17Chr5	-	33169437	33170655	-0.28722040296213	0.999999979788073	NS	-2.47967702653193	0.00123550322818877	DOWN
DOWN	dnf2_only	medtr.A17.gnm5.ann1_6.MtrunA17Chr3g0112931	MtrunA17Chr3g0112931			medtr.A17.gnm5.MtrunA17Chr3	+	34783139	34785158	-0.267422180033275	0.999999979788073	NS	-2.47736162000777	0.000779038718033511	DOWN
DOWN	dnf2_only	medtr.A17.gnm5.ann1_6.MtrunA17Chr5g0424321	MtrunA17Chr5g0424321	MtNCR382	Nodule-specific Cysteine-Rich peptide	medtr.A17.gnm5.MtrunA17Chr5	+	26282802	26284347	-0.507147239882465	0.999999979788073	NS	-2.47677302208894	0.00506524767055736	DOWN
DOWN	dnf2_only	medtr.A17.gnm5.ann1_6.MtrunA17Chr3g0110631	MtrunA17Chr3g0110631	MtNCR085	Nodule-specific Cysteine-Rich peptide	medtr.A17.gnm5.MtrunA17Chr3	-	33189990	33191322	0.101649668735363	0.999999979788073	NS	-2.47642165121455	0.00178926773778219	DOWN
DOWN	dnf2_only	medtr.A17.gnm5.ann1_6.MtrunA17Chr8g0381081	MtrunA17Chr8g0381081			medtr.A17.gnm5.MtrunA17Chr8	-	41236459	41239751	-0.649428200036457	0.999999979788073	NS	-2.47629276688948	0.000212605853449703	DOWN
DOWN	dnf2_only	medtr.A17.gnm5.ann1_6.MtrunA17Chr3g0083981	MtrunA17Chr3g0083981	MtNCR155	Nodule-specific Cysteine-Rich peptide	medtr.A17.gnm5.MtrunA17Chr3	+	5546514	5548206	-0.326255988832489	0.999999979788073	NS	-2.47589424811306	0.014674433026112	DOWN
DOWN	dnf2_only	medtr.A17.gnm5.ann1_6.MtrunA17Chr7g0219981	MtrunA17Chr7g0219981			medtr.A17.gnm5.MtrunA17Chr7	-	5328803	5330908	-0.0516995025521563	0.999999979788073	NS	-2.47370000765183	0.00308073372882844	DOWN
DOWN	dnf2_only	medtr.A17.gnm5.ann1_6.MtrunA17Chr3g0084981	MtrunA17Chr3g0084981	MtNCR188	Nodule-specific Cysteine-Rich peptide	medtr.A17.gnm5.MtrunA17Chr3	+	6361043	6361763	-0.828886826293976	0.999999979788073	NS	-2.47283631125159	0.0013080027977362	DOWN
DOWN	dnf2_only	medtr.A17.gnm5.ann1_6.MtrunA17Chr6g0475981	MtrunA17Chr6g0475981			medtr.A17.gnm5.MtrunA17Chr6	+	30665774	30666610	0.244290240278623	0.999999979788073	NS	-2.47214838330807	0.0227618810509232	DOWN
DOWN	dnf2_only	medtr.A17.gnm5.ann1_6.MtrunA17Chr7g0244411	MtrunA17Chr7g0244411			medtr.A17.gnm5.MtrunA17Chr7	-	33615130	33621134	1.29022276187029	0.912098762553635	NS	-2.47148276449162	0.0338485227239681	DOWN
DOWN	dnf2_only	medtr.A17.gnm5.ann1_6.MtrunA17Chr3g0088861	MtrunA17Chr3g0088861	MtNCR103	Nodule-specific Cysteine-Rich peptide	medtr.A17.gnm5.MtrunA17Chr3	-	10046561	10048403	-0.766161397023321	0.999999979788073	NS	-2.47093245782129	0.00023361726989369	DOWN
DOWN	dnf2_only	medtr.A17.gnm5.ann1_6.MtrunA17Chr2g0303801	MtrunA17Chr2g0303801			medtr.A17.gnm5.MtrunA17Chr2	-	21587789	21588324	-0.139149494984081	0.999999979788073	NS	-2.46838673878896	0.017161942585773	DOWN
DOWN	dnf2_only	medtr.A17.gnm5.ann1_6.MtrunA17Chr7g0220031	MtrunA17Chr7g0220031	MtNCR289	Nodule-specific Cysteine-Rich peptide	medtr.A17.gnm5.MtrunA17Chr7	-	5421961	5422954	-0.251800133738245	0.999999979788073	NS	-2.46819182837291	0.0143922661433498	DOWN
DOWN	dnf2_only	medtr.A17.gnm5.ann1_6.MtrunA17Chr3g0110091	MtrunA17Chr3g0110091			medtr.A17.gnm5.MtrunA17Chr3	-	32841278	32844019	0.533298305959451	0.999999979788073	NS	-2.46809706315829	0.0123565508394769	DOWN
DOWN	dnf2_only	medtr.A17.gnm5.ann1_6.MtrunA17Chr2g0311901	MtrunA17Chr2g0311901	MtNodGRP3C	Nodule-specific Glycine-rich	medtr.A17.gnm5.MtrunA17Chr2	-	34839500	34842537	-0.156582835443329	0.999999979788073	NS	-2.46761452164514	0.000447209018743354	DOWN
DOWN	dnf2_only	medtr.A17.gnm5.ann1_6.MtrunA17Chr2g0289591	MtrunA17Chr2g0289591			medtr.A17.gnm5.MtrunA17Chr2	-	9076821	9078325	0.147541589926798	0.999999979788073	NS	-2.46596957252102	0.00308583825928781	DOWN
DOWN	dnf2_only	medtr.A17.gnm5.ann1_6.MtrunA17Chr1g0157241	MtrunA17Chr1g0157241			medtr.A17.gnm5.MtrunA17Chr1	-	8519634	8520517	-0.0999354081441813	0.999999979788073	NS	-2.46364196076844	2.01136652498241e-05	DOWN
DOWN	dnf2_only	medtr.A17.gnm5.ann1_6.MtrunA17Chr8g0357541	MtrunA17Chr8g0357541			medtr.A17.gnm5.MtrunA17Chr8	+	19515019	19515675	-0.181755169935781	0.999999979788073	NS	-2.46288738068108	0.000951252150540488	DOWN
DOWN	dnf2_only	medtr.A17.gnm5.ann1_6.MtrunA17Chr7g0225421	MtrunA17Chr7g0225421			medtr.A17.gnm5.MtrunA17Chr7	-	10488745	10491174	0.147159670571633	0.999999979788073	NS	-2.46092412880259	0.000506462979807415	DOWN
DOWN	dnf2_only	medtr.A17.gnm5.ann1_6.MtrunA17Chr1g0157231	MtrunA17Chr1g0157231			medtr.A17.gnm5.MtrunA17Chr1	-	8515795	8519632	-0.0147245676061184	0.999999979788073	NS	-2.45696301056287	1.64742907371782e-05	DOWN
DOWN	dnf2_only	medtr.A17.gnm5.ann1_6.MtrunA17Chr7g0253931	MtrunA17Chr7g0253931			medtr.A17.gnm5.MtrunA17Chr7	-	40298374	40299592	0.386584614903288	0.999999979788073	NS	-2.45683046379073	0.00889362307748802	DOWN
DOWN	dnf2_only	medtr.A17.gnm5.ann1_6.MtrunA17Chr1g0193711	MtrunA17Chr1g0193711			medtr.A17.gnm5.MtrunA17Chr1	+	42094192	42098069	0.211997744468562	0.999999979788073	NS	-2.45649492684924	0.00146619351125565	DOWN
DOWN	dnf2_only	medtr.A17.gnm5.ann1_6.MtrunA17Chr3g0083601	MtrunA17Chr3g0083601			medtr.A17.gnm5.MtrunA17Chr3	-	5211852	5213172	-1.34299239710592	0.832701377660186	NS	-2.45468301845328	0.0244307106957916	DOWN
DOWN	dnf2_only	medtr.A17.gnm5.ann1_6.MtrunA17Chr1g0184241	MtrunA17Chr1g0184241			medtr.A17.gnm5.MtrunA17Chr1	-	34782185	34785501	-0.258719476413803	0.999999979788073	NS	-2.45418338019427	0.000909215910235078	DOWN
DOWN	dnf2_only	medtr.A17.gnm5.ann1_6.MtrunA17Chr8g0381031	MtrunA17Chr8g0381031			medtr.A17.gnm5.MtrunA17Chr8	-	41197465	41205769	-0.268953538862168	0.999999979788073	NS	-2.45251780869008	0.00632060847024606	DOWN
DOWN	dnf2_only	medtr.A17.gnm5.ann1_6.MtrunA17Chr1g0176691	MtrunA17Chr1g0176691			medtr.A17.gnm5.MtrunA17Chr1	+	28225747	28227335	-0.0532523633101246	0.999999979788073	NS	-2.45140481730206	0.0160750256863223	DOWN
DOWN	dnf2_only	medtr.A17.gnm5.ann1_6.MtrunA17Chr6g0475461	MtrunA17Chr6g0475461			medtr.A17.gnm5.MtrunA17Chr6	-	29728521	29729313	-0.869814531312436	0.999999979788073	NS	-2.45129602563011	0.0221747205274316	DOWN
DOWN	dnf2_only	medtr.A17.gnm5.ann1_6.MtrunA17Chr2g0311911	MtrunA17Chr2g0311911	MtNodGRP3B	Nodule-specific Glycine-rich	medtr.A17.gnm5.MtrunA17Chr2	-	34846240	34847381	0.0605039374506403	0.999999979788073	NS	-2.45086945688585	0.00186027394095747	DOWN
DOWN	dnf2_only	medtr.A17.gnm5.ann1_6.MtrunA17Chr4g0007681	MtrunA17Chr4g0007681	MtNCR032	Nodule-specific Cysteine-Rich peptide	medtr.A17.gnm5.MtrunA17Chr4	+	5998424	5999276	-1.56136914441224	0.476905358340726	NS	-2.44793653717387	0.00974832536148095	DOWN
DOWN	dnf2_only	medtr.A17.gnm5.ann1_6.MtrunA17Chr7g0240701	MtrunA17Chr7g0240701			medtr.A17.gnm5.MtrunA17Chr7	-	30417500	30420186	0.198111237417013	0.999999979788073	NS	-2.44739990804344	5.56201101472736e-05	DOWN
DOWN	dnf2_only	medtr.A17.gnm5.ann1_6.MtrunA17Chr3g0080421	MtrunA17Chr3g0080421			medtr.A17.gnm5.MtrunA17Chr3	+	2620208	2627271	-0.664757889052557	0.999999979788073	NS	-2.44665707956578	0.000413883029732737	DOWN
DOWN	dnf2_only	medtr.A17.gnm5.ann1_6.MtrunA17Chr1g0204951	MtrunA17Chr1g0204951	MtHAG4	Histone acetyltransferase of the GNAT family	medtr.A17.gnm5.MtrunA17Chr1	-	50310024	50311093	-0.496150744547987	0.999999979788073	NS	-2.44543586331389	0.0101924068426128	DOWN
DOWN	dnf2_only	medtr.A17.gnm5.ann1_6.MtrunA17Chr6g0475621	MtrunA17Chr6g0475621	MtNCR013	Nodule-specific Cysteine-Rich peptide	medtr.A17.gnm5.MtrunA17Chr6	-	30130625	30132274	-0.273460384560447	0.999999979788073	NS	-2.44482211919866	0.00983760218933912	DOWN
DOWN	dnf2_only	medtr.A17.gnm5.ann1_6.MtrunA17Chr7g0237541	MtrunA17Chr7g0237541	MtNCR300	Nodule-specific Cysteine-Rich peptide	medtr.A17.gnm5.MtrunA17Chr7	+	27669537	27674154	0.0302187166645927	0.999999979788073	NS	-2.44301228352442	0.000112783755770896	DOWN
DOWN	dnf2_only	medtr.A17.gnm5.ann1_6.MtrunA17Chr6g0473891	MtrunA17Chr6g0473891	MtNCR011	Nodule-specific Cysteine-Rich peptide	medtr.A17.gnm5.MtrunA17Chr6	-	27333308	27340936	-0.0628096846272579	0.999999979788073	NS	-2.44280859870028	0.047455979477012	DOWN
DOWN	dnf2_only	medtr.A17.gnm5.ann1_6.MtrunA17Chr2g0303781	MtrunA17Chr2g0303781			medtr.A17.gnm5.MtrunA17Chr2	-	21584420	21587150	-0.0431275589881539	0.999999979788073	NS	-2.44190743215015	0.00105518090472796	DOWN
DOWN	dnf2_only	medtr.A17.gnm5.ann1_6.MtrunA17Chr3g0141881	MtrunA17Chr3g0141881			medtr.A17.gnm5.MtrunA17Chr3	+	55971950	55973092	0.691471397362774	0.999999979788073	NS	-2.4409819528811	0.000808184369449936	DOWN
DOWN	dnf2_only	medtr.A17.gnm5.ann1_6.MtrunA17Chr8g0353071	MtrunA17Chr8g0353071	MtNRPE1	RNA PolV	medtr.A17.gnm5.MtrunA17Chr8	+	14824865	14844181	-0.796648666288636	0.999999979788073	NS	-2.43953110120802	0.000509938707776899	DOWN
DOWN	dnf2_only	medtr.A17.gnm5.ann1_6.MtrunA17Chr6g0487511	MtrunA17Chr6g0487511	MtNCR219	Nodule-specific Cysteine-Rich peptide	medtr.A17.gnm5.MtrunA17Chr6	-	41862471	41866762	0.180458865762278	0.999999979788073	NS	-2.43909296704962	0.0123324445361731	DOWN
DOWN	dnf2_only	medtr.A17.gnm5.ann1_6.MtrunA17Chr8g0376611	MtrunA17Chr8g0376611			medtr.A17.gnm5.MtrunA17Chr8	-	38146671	38149721	-0.0184523544203999	0.999999979788073	NS	-2.43726847958058	0.00185156716837254	DOWN
DOWN	dnf2_only	medtr.A17.gnm5.ann1_6.MtrunA17Chr4g0031351	MtrunA17Chr4g0031351	MtNCR107	Nodule-specific Cysteine-Rich peptide	medtr.A17.gnm5.MtrunA17Chr4	-	31767576	31769225	-0.358561394174677	0.999999979788073	NS	-2.43707532757036	0.00248060634302771	DOWN
DOWN	dnf2_only	medtr.A17.gnm5.ann1_6.MtrunA17Chr5g0425211	MtrunA17Chr5g0425211	MtNCR089	Nodule-specific Cysteine-Rich peptide	medtr.A17.gnm5.MtrunA17Chr5	+	27231805	27233796	0.0969515170794541	0.999999979788073	NS	-2.43500794485384	0.00242479994680187	DOWN
DOWN	dnf2_only	medtr.A17.gnm5.ann1_6.MtrunA17Chr4g0009351	MtrunA17Chr4g0009351			medtr.A17.gnm5.MtrunA17Chr4	+	7305832	7307402	-0.14620718259223	0.999999979788073	NS	-2.43394795214167	0.00944653190544966	DOWN
DOWN	dnf2_only	medtr.A17.gnm5.ann1_6.MtrunA17Chr3g0100401	MtrunA17Chr3g0100401			medtr.A17.gnm5.MtrunA17Chr3	+	25025680	25026063	-0.689754288485931	0.999999979788073	NS	-2.43385085601467	0.000198460722859125	DOWN
DOWN	dnf2_only	medtr.A17.gnm5.ann1_6.MtrunA17Chr6g0487861	MtrunA17Chr6g0487861			medtr.A17.gnm5.MtrunA17Chr6	+	42005622	42009091	-0.80289635082379	0.999999979788073	NS	-2.43152960442948	0.0300414062299233	DOWN
DOWN	dnf2_only	medtr.A17.gnm5.ann1_6.MtrunA17Chr2g0306111	MtrunA17Chr2g0306111			medtr.A17.gnm5.MtrunA17Chr2	-	27249972	27253490	0.0898282104600718	0.999999979788073	NS	-2.43126320002655	0.0094020199377026	DOWN
DOWN	dnf2_only	medtr.A17.gnm5.ann1_6.MtrunA17Chr3g0083431	MtrunA17Chr3g0083431			medtr.A17.gnm5.MtrunA17Chr3	-	5010462	5011190	1.02089505602917	0.999999979788073	NS	-2.42686034191339	0.00109828014262249	DOWN
DOWN	dnf2_only	medtr.A17.gnm5.ann1_6.MtrunA17Chr3g0114191	MtrunA17Chr3g0114191			medtr.A17.gnm5.MtrunA17Chr3	+	35758940	35762267	-0.562655421545457	0.999999979788073	NS	-2.42454929038851	0.0137990927915714	DOWN
DOWN	dnf2_only	medtr.A17.gnm5.ann1_6.MtrunA17Chr5g0432691	MtrunA17Chr5g0432691			medtr.A17.gnm5.MtrunA17Chr5	-	33335188	33335878	-1.28371788196544	0.922160044759427	NS	-2.42300694357294	0.0301041035567292	DOWN
DOWN	dnf2_only	medtr.A17.gnm5.ann1_6.MtrunA17Chr1g0170851	MtrunA17Chr1g0170851	MtLb10|MtLb2	leghemoglobin10	medtr.A17.gnm5.MtrunA17Chr1	-	19593572	19596516	-0.366569995114056	0.999999979788073	NS	-2.42276217102291	0.00308572246672894	DOWN
DOWN	dnf2_only	medtr.A17.gnm5.ann1_6.MtrunA17Chr4g0028551	MtrunA17Chr4g0028551	MtNRT2.1	nitrate transporter 2.1	medtr.A17.gnm5.MtrunA17Chr4	-	29478959	29481123	0.341059107119938	0.999999979788073	NS	-2.42134768688408	0.00432619607849245	DOWN
DOWN	dnf2_only	medtr.A17.gnm5.ann1_6.MtrunA17Chr6g0462041	MtrunA17Chr6g0462041			medtr.A17.gnm5.MtrunA17Chr6	-	11167003	11171674	-0.0283673446580897	0.999999979788073	NS	-2.42125188294096	8.49705818259323e-05	DOWN
DOWN	dnf2_only	medtr.A17.gnm5.ann1_6.MtrunA17Chr3g0125861	MtrunA17Chr3g0125861	MtSWEET1b|MtSWEET1.2	sucrose transporter	medtr.A17.gnm5.MtrunA17Chr3	-	44283794	44286616	-0.762963873402967	0.999999979788073	NS	-2.42100884201	0.00321132107448296	DOWN
DOWN	dnf2_only	medtr.A17.gnm5.ann1_6.MtrunA17Chr3g0120011	MtrunA17Chr3g0120011			medtr.A17.gnm5.MtrunA17Chr3	+	40171709	40173925	-0.100262426049717	0.999999979788073	NS	-2.41949041110031	0.0205124334883863	DOWN
DOWN	dnf2_only	medtr.A17.gnm5.ann1_6.MtrunA17Chr3g0119071	MtrunA17Chr3g0119071	MtRTL1b	RIBONUCLEASE THREE-LIKE 1b	medtr.A17.gnm5.MtrunA17Chr3	-	39538992	39551583	-0.419499940426145	0.999999979788073	NS	-2.41604760920361	1.85703583466865e-06	DOWN
DOWN	dnf2_only	medtr.A17.gnm5.ann1_6.MtrunA17Chr2g0303061	MtrunA17Chr2g0303061			medtr.A17.gnm5.MtrunA17Chr2	-	20679258	20680357	-0.158045603121321	0.999999979788073	NS	-2.41590997266094	0.00142995259398796	DOWN
DOWN	dnf2_only	medtr.A17.gnm5.ann1_6.MtrunA17Chr8g0337061	MtrunA17Chr8g0337061	MtPDF40	Plant Defensin	medtr.A17.gnm5.MtrunA17Chr8	-	2092905	2095406	-0.200825566506771	0.999999979788073	NS	-2.41184140759074	0.0487288434079225	DOWN
DOWN	dnf2_only	medtr.A17.gnm5.ann1_6.MtrunA17Chr3g0083441	MtrunA17Chr3g0083441			medtr.A17.gnm5.MtrunA17Chr3	+	5010828	5011010	0.965670046709748	0.999999979788073	NS	-2.40967911503845	0.0057258181992465	DOWN
DOWN	dnf2_only	medtr.A17.gnm5.ann1_6.MtrunA17Chr1g0212091	MtrunA17Chr1g0212091			medtr.A17.gnm5.MtrunA17Chr1	-	55460885	55462242	0.642835717243228	0.999999979788073	NS	-2.40914123803741	0.00747812896080632	DOWN
DOWN	dnf2_only	medtr.A17.gnm5.ann1_6.MtrunA17Chr2g0332671	MtrunA17Chr2g0332671	MtNPD2	Nodule-specific PLAT-domain  2	medtr.A17.gnm5.MtrunA17Chr2	+	50730278	50731880	-0.521480598960218	0.999999979788073	NS	-2.40810390656153	4.47966407561332e-05	DOWN
DOWN	dnf2_only	medtr.A17.gnm5.ann1_6.MtrunA17Chr7g0215971	MtrunA17Chr7g0215971	MtNCR692	Nodule-specific Cysteine-Rich peptide	medtr.A17.gnm5.MtrunA17Chr7	-	1893416	1895246	-0.507349954814812	0.999999979788073	NS	-2.40790833890891	0.000319382924608581	DOWN
DOWN	dnf2_only	medtr.A17.gnm5.ann1_6.MtrunA17Chr5g0420651	MtrunA17Chr5g0420651	MtNCR009	Nodule-specific Cysteine-Rich peptide	medtr.A17.gnm5.MtrunA17Chr5	+	21104934	21109512	0.00636596118603952	0.999999979788073	NS	-2.40615842156913	0.0106842324876419	DOWN
DOWN	dnf2_only	medtr.A17.gnm5.ann1_6.MtrunA17Chr4g0006351	MtrunA17Chr4g0006351			medtr.A17.gnm5.MtrunA17Chr4	+	5019345	5020481	-0.248916879529932	0.999999979788073	NS	-2.40567889442268	0.0124308069514925	DOWN
DOWN	dnf2_only	medtr.A17.gnm5.ann1_6.MtrunA17Chr5g0448241	MtrunA17Chr5g0448241			medtr.A17.gnm5.MtrunA17Chr5	-	44320166	44321169	-1.22511524437911	0.997621979767595	NS	-2.40479968082319	0.0305813906007257	DOWN
DOWN	dnf2_only	medtr.A17.gnm5.ann1_6.MtrunA17Chr4g0022531	MtrunA17Chr4g0022531			medtr.A17.gnm5.MtrunA17Chr4	+	22277074	22280488	-0.241536373282389	0.999999979788073	NS	-2.40435167106675	0.00237767154733509	DOWN
DOWN	dnf2_only	medtr.A17.gnm5.ann1_6.MtrunA17Chr8g0365171	MtrunA17Chr8g0365171	MtNCR061	Nodule-specific Cysteine-Rich peptide	medtr.A17.gnm5.MtrunA17Chr8	+	29354354	29357090	0.414662654770338	0.999999979788073	NS	-2.4040393997071	0.000552031839685645	DOWN
DOWN	dnf2_only	medtr.A17.gnm5.ann1_6.MtrunA17Chr3g0141661	MtrunA17Chr3g0141661			medtr.A17.gnm5.MtrunA17Chr3	+	55799001	55800164	1.63459226292931	0.377430254422451	NS	-2.40159868036643	0.0493999934280298	DOWN
DOWN	dnf2_only	medtr.A17.gnm5.ann1_6.MtrunA17Chr1g0179211	MtrunA17Chr1g0179211			medtr.A17.gnm5.MtrunA17Chr1	-	30585817	30590480	-0.747788269306454	0.999999979788073	NS	-2.40137879462285	0.000244442119970552	DOWN
DOWN	dnf2_only	medtr.A17.gnm5.ann1_6.MtrunA17Chr7g0218511	MtrunA17Chr7g0218511			medtr.A17.gnm5.MtrunA17Chr7	-	3812192	3814745	-1.9568691415389	0.269377197888429	NS	-2.40136262613014	0.033759973171728	DOWN
DOWN	dnf2_only	medtr.A17.gnm5.ann1_6.MtrunA17Chr1g0157851	MtrunA17Chr1g0157851			medtr.A17.gnm5.MtrunA17Chr1	+	8984135	8992819	0.295456961482187	0.999999979788073	NS	-2.39902527828284	0.0017803251842815	DOWN
DOWN	dnf2_only	medtr.A17.gnm5.ann1_6.MtrunA17Chr2g0299691	MtrunA17Chr2g0299691	MtPrx27	peroxidase	medtr.A17.gnm5.MtrunA17Chr2	-	17580850	17585159	-0.169305081174559	0.999999979788073	NS	-2.39837891609378	0.032833426142212	DOWN
DOWN	dnf2_only	medtr.A17.gnm5.ann1_6.MtrunA17Chr4g0055191	MtrunA17Chr4g0055191			medtr.A17.gnm5.MtrunA17Chr4	-	48894791	48896452	-0.784033596445053	0.999999979788073	NS	-2.38837805865424	0.00905971185182313	DOWN
DOWN	dnf2_only	medtr.A17.gnm5.ann1_6.MtrunA17Chr1g0148031	MtrunA17Chr1g0148031	MtAHA8	Plasma membrane proton pump	medtr.A17.gnm5.MtrunA17Chr1	-	1525557	1534763	0.345251617229532	0.999999979788073	NS	-2.38618546094316	7.20764506999693e-05	DOWN
DOWN	dnf2_only	medtr.A17.gnm5.ann1_6.MtrunA17Chr3g0083781	MtrunA17Chr3g0083781			medtr.A17.gnm5.MtrunA17Chr3	+	5347317	5352726	-0.00144389559012304	0.999999979788073	NS	-2.38417414087727	0.00029555287149678	DOWN
DOWN	dnf2_only	medtr.A17.gnm5.ann1_6.MtrunA17Chr3g0145041	MtrunA17Chr3g0145041			medtr.A17.gnm5.MtrunA17Chr3	+	58261474	58264990	-0.20423806734375	0.999999979788073	NS	-2.37849164339938	0.000425890336600653	DOWN
DOWN	dnf2_only	medtr.A17.gnm5.ann1_6.MtrunA17Chr7g0216241	MtrunA17Chr7g0216241	MtNCR473	Nodule-specific Cysteine-Rich peptide	medtr.A17.gnm5.MtrunA17Chr7	-	2007832	2008093	-0.636966193499152	0.999999979788073	NS	-2.37647323613511	0.0135698494016313	DOWN
DOWN	dnf2_only	medtr.A17.gnm5.ann1_6.MtrunA17Chr3g0095761	MtrunA17Chr3g0095761			medtr.A17.gnm5.MtrunA17Chr3	+	19289999	19290481	0.172046309577976	0.999999979788073	NS	-2.3760155749139	0.00747812896080632	DOWN
DOWN	dnf2_only	medtr.A17.gnm5.ann1_6.MtrunA17Chr1g0204321	MtrunA17Chr1g0204321			medtr.A17.gnm5.MtrunA17Chr1	+	49858329	49861668	-0.879258223540224	0.999999979788073	NS	-2.3754200304819	0.0436275257557018	DOWN
DOWN	dnf2_only	medtr.A17.gnm5.ann1_6.MtrunA17Chr1g0179291	MtrunA17Chr1g0179291			medtr.A17.gnm5.MtrunA17Chr1	+	30631399	30633382	-1.11801436440251	0.999999979788073	NS	-2.37534439558594	0.00293403194495026	DOWN
DOWN	dnf2_only	medtr.A17.gnm5.ann1_6.MtrunA17Chr6g0479931	MtrunA17Chr6g0479931	MtNCR-new59	Nodule-specific Cysteine-Rich peptide	medtr.A17.gnm5.MtrunA17Chr6	-	34673225	34676056	-0.747070744085064	0.999999979788073	NS	-2.37482448064537	0.0225077991545813	DOWN
DOWN	dnf2_only	medtr.A17.gnm5.ann1_6.MtrunA17Chr8g0393121	MtrunA17Chr8g0393121			medtr.A17.gnm5.MtrunA17Chr8	+	49504182	49510410	-0.682232286020404	0.999999979788073	NS	-2.37251423975389	4.29281557392225e-05	DOWN
DOWN	dnf2_only	medtr.A17.gnm5.ann1_6.MtrunA17Chr4g0019271	MtrunA17Chr4g0019271			medtr.A17.gnm5.MtrunA17Chr4	-	14594049	14597191	0.201246958186328	0.999999979788073	NS	-2.37242712606873	0.00412692668841721	DOWN
DOWN	dnf2_only	medtr.A17.gnm5.ann1_6.MtrunA17Chr6g0477891	MtrunA17Chr6g0477891			medtr.A17.gnm5.MtrunA17Chr6	+	32647280	32648964	-0.299582837432201	0.999999979788073	NS	-2.37228248100345	0.030818768552332	DOWN
DOWN	dnf2_only	medtr.A17.gnm5.ann1_6.MtrunA17Chr7g0216451	MtrunA17Chr7g0216451			medtr.A17.gnm5.MtrunA17Chr7	+	2134186	2138102	-0.368995324030513	0.999999979788073	NS	-2.37057747002768	0.0130691882996102	DOWN
DOWN	dnf2_only	medtr.A17.gnm5.ann1_6.MtrunA17Chr3g0104511	MtrunA17Chr3g0104511			medtr.A17.gnm5.MtrunA17Chr3	-	28598734	28602616	-0.413033268780257	0.999999979788073	NS	-2.36917910776545	0.00950579582808954	DOWN
DOWN	dnf2_only	medtr.A17.gnm5.ann1_6.MtrunA17Chr6g0464471	MtrunA17Chr6g0464471	MtNCR069	Nodule-specific Cysteine-Rich peptide	medtr.A17.gnm5.MtrunA17Chr6	-	13669629	13674500	-0.601065516935889	0.999999979788073	NS	-2.36844671300942	0.0295249932329145	DOWN
DOWN	dnf2_only	medtr.A17.gnm5.ann1_6.MtrunA17Chr2g0304551	MtrunA17Chr2g0304551			medtr.A17.gnm5.MtrunA17Chr2	+	22968744	22969999	-1.32064416053424	0.754095374581298	NS	-2.36461746750216	0.0106842324876419	DOWN
DOWN	dnf2_only	medtr.A17.gnm5.ann1_6.MtrunA17Chr7g0239721	MtrunA17Chr7g0239721	MtP5CS2	Delta-1-pyrroline-5-carboxylate synthase2 (proline biosynthesis)	medtr.A17.gnm5.MtrunA17Chr7	-	29669737	29678965	0.298500961892223	0.999999979788073	NS	-2.36284029371444	0.0085515491103342	DOWN
DOWN	dnf2_only	medtr.A17.gnm5.ann1_6.MtrunA17Chr2g0304451	MtrunA17Chr2g0304451			medtr.A17.gnm5.MtrunA17Chr2	-	22641482	22644746	0.00635931199980857	0.999999979788073	NS	-2.36275679459569	0.000488253488149994	DOWN
DOWN	dnf2_only	medtr.A17.gnm5.ann1_6.MtrunA17Chr2g0294121	MtrunA17Chr2g0294121			medtr.A17.gnm5.MtrunA17Chr2	+	12872010	12873030	1.36328304280995	0.763473086509279	NS	-2.36217498069925	0.0171107773225976	DOWN
DOWN	dnf2_only	medtr.A17.gnm5.ann1_6.MtrunA17Chr1g0170581	MtrunA17Chr1g0170581			medtr.A17.gnm5.MtrunA17Chr1	-	19340566	19342466	0.816759503323638	0.999999979788073	NS	-2.35846448129653	0.0119315683046174	DOWN
DOWN	dnf2_only	medtr.A17.gnm5.ann1_6.MtrunA17Chr1g0211571	MtrunA17Chr1g0211571			medtr.A17.gnm5.MtrunA17Chr1	-	55089761	55091220	-0.0519559881248801	0.999999979788073	NS	-2.35562197370839	0.0207328366002457	DOWN
DOWN	dnf2_only	medtr.A17.gnm5.ann1_6.MtrunA17Chr3g0136031	MtrunA17Chr3g0136031			medtr.A17.gnm5.MtrunA17Chr3	-	51755907	51756724	-0.456327835841613	0.999999979788073	NS	-2.35560773979498	0.0330177478910182	DOWN
DOWN	dnf2_only	medtr.A17.gnm5.ann1_6.MtrunA17Chr3g0099011	MtrunA17Chr3g0099011			medtr.A17.gnm5.MtrunA17Chr3	-	23826337	23827079	-0.670595276752397	0.999999979788073	NS	-2.35503282546962	0.0189461633515547	DOWN
DOWN	dnf2_only	medtr.A17.gnm5.ann1_6.MtrunA17Chr5g0438391	MtrunA17Chr5g0438391	MtNodGRP1E	Nodule-specific Glycine-rich	medtr.A17.gnm5.MtrunA17Chr5	-	37555638	37556566	0.0996304194952762	0.999999979788073	NS	-2.35385744754409	0.00947085052952938	DOWN
DOWN	dnf2_only	medtr.A17.gnm5.ann1_6.MtrunA17Chr5g0447351	MtrunA17Chr5g0447351			medtr.A17.gnm5.MtrunA17Chr5	-	43658843	43661079	-1.1386926449866	0.999999979788073	NS	-2.35237062581571	0.00237963024793362	DOWN
DOWN	dnf2_only	medtr.A17.gnm5.ann1_6.MtrunA17Chr8g0349631	MtrunA17Chr8g0349631	MtNCR-new80	Nodule-specific Cysteine-Rich peptide	medtr.A17.gnm5.MtrunA17Chr8	+	11935581	11936702	-1.38967111073226	0.39571916723511	NS	-2.35234725460794	0.000484712820659022	DOWN
DOWN	dnf2_only	medtr.A17.gnm5.ann1_6.MtrunA17Chr8g0379881	MtrunA17Chr8g0379881			medtr.A17.gnm5.MtrunA17Chr8	+	40328868	40329752	-0.827149193000854	0.999999979788073	NS	-2.35084009585348	0.0123325755524248	DOWN
DOWN	dnf2_only	medtr.A17.gnm5.ann1_6.MtrunA17Chr4g0047721	MtrunA17Chr4g0047721			medtr.A17.gnm5.MtrunA17Chr4	-	43630885	43631713	-0.709358590298164	0.999999979788073	NS	-2.35021914133283	0.00222699638163338	DOWN
DOWN	dnf2_only	medtr.A17.gnm5.ann1_6.MtrunA17Chr1g0190891	MtrunA17Chr1g0190891			medtr.A17.gnm5.MtrunA17Chr1	-	40015457	40020048	-0.604457963086222	0.999999979788073	NS	-2.34980499345142	0.00212123831104371	DOWN
DOWN	dnf2_only	medtr.A17.gnm5.ann1_6.MtrunA17Chr7g0273231	MtrunA17Chr7g0273231			medtr.A17.gnm5.MtrunA17Chr7	+	54007034	54026184	0.442908546791077	0.999999979788073	NS	-2.34442079864141	6.61795970771475e-05	DOWN
DOWN	dnf2_only	medtr.A17.gnm5.ann1_6.MtrunA17Chr4g0029781	MtrunA17Chr4g0029781	MtNCR145	Nodule-specific Cysteine-Rich peptide	medtr.A17.gnm5.MtrunA17Chr4	+	30513961	30515651	-0.271226537027508	0.999999979788073	NS	-2.33921973530081	0.00115074299321252	DOWN
DOWN	dnf2_only	medtr.A17.gnm5.ann1_6.MtrunA17Chr6g0457071	MtrunA17Chr6g0457071			medtr.A17.gnm5.MtrunA17Chr6	+	6864420	6865415	-1.83621266411433	0.36431419310559	NS	-2.33728506922798	0.0452596795993388	DOWN
DOWN	dnf2_only	medtr.A17.gnm5.ann1_6.MtrunA17Chr5g0405631	MtrunA17Chr5g0405631			medtr.A17.gnm5.MtrunA17Chr5	+	8842941	8845164	0.755256860729523	0.999999979788073	NS	-2.33706082773496	0.00357994804584687	DOWN
DOWN	dnf2_only	medtr.A17.gnm5.ann1_6.MtrunA17Chr5g0401281	MtrunA17Chr5g0401281			medtr.A17.gnm5.MtrunA17Chr5	+	5488724	5494540	0.428447567429677	0.999999979788073	NS	-2.33553583154271	0.00609924306064225	DOWN
DOWN	dnf2_only	medtr.A17.gnm5.ann1_6.MtrunA17Chr6g0450371	MtrunA17Chr6g0450371			medtr.A17.gnm5.MtrunA17Chr6	+	1136801	1138558	0.581275927084768	0.999999979788073	NS	-2.33530900763188	0.000324498607670276	DOWN
DOWN	dnf2_only	medtr.A17.gnm5.ann1_6.MtrunA17Chr1g0197531	MtrunA17Chr1g0197531	MtLb8|MtLb4	leghemoglobin8	medtr.A17.gnm5.MtrunA17Chr1	-	44681931	44684423	-0.310499213652061	0.999999979788073	NS	-2.33348201698857	0.00185942851681555	DOWN
DOWN	dnf2_only	medtr.A17.gnm5.ann1_6.MtrunA17Chr2g0303071	MtrunA17Chr2g0303071	MtNCR102	Nodule-specific Cysteine-Rich peptide	medtr.A17.gnm5.MtrunA17Chr2	-	20680359	20681283	-0.0647440177745961	0.999999979788073	NS	-2.33239999176715	0.0013080027977362	DOWN
DOWN	dnf2_only	medtr.A17.gnm5.ann1_6.MtrunA17Chr8g0378571	MtrunA17Chr8g0378571			medtr.A17.gnm5.MtrunA17Chr8	-	39576702	39578547	0.184723170139527	0.999999979788073	NS	-2.33145684310491	0.000729273459922677	DOWN
DOWN	dnf2_only	medtr.A17.gnm5.ann1_6.MtrunA17Chr2g0315891	MtrunA17Chr2g0315891			medtr.A17.gnm5.MtrunA17Chr2	+	38110596	38116554	0.066276168981467	0.999999979788073	NS	-2.33035749090843	0.000212605853449703	DOWN
DOWN	dnf2_only	medtr.A17.gnm5.ann1_6.MtrunA17Chr4g0032641	MtrunA17Chr4g0032641	MtNCR333	Nodule-specific Cysteine-Rich peptide	medtr.A17.gnm5.MtrunA17Chr4	-	32714227	32716794	-0.73377730790901	0.999999979788073	NS	-2.33019085990119	0.0111885933447706	DOWN
DOWN	dnf2_only	medtr.A17.gnm5.ann1_6.MtrunA17Chr2g0314621	MtrunA17Chr2g0314621	MtTPS4	trehalose phosphate synthase 4	medtr.A17.gnm5.MtrunA17Chr2	-	37024384	37041452	-0.325626544898037	0.999999979788073	NS	-2.32869351521056	0.00145252649350573	DOWN
DOWN	dnf2_only	medtr.A17.gnm5.ann1_6.MtrunA17Chr6g0487581	MtrunA17Chr6g0487581	MtNCR510	Nodule-specific Cysteine-Rich peptide	medtr.A17.gnm5.MtrunA17Chr6	+	41935842	41937891	0.000817849673964214	0.999999979788073	NS	-2.3261590906835	0.00383145055804142	DOWN
DOWN	dnf2_only	medtr.A17.gnm5.ann1_6.MtrunA17Chr6g0475751	MtrunA17Chr6g0475751	MtNCR067	Nodule-specific Cysteine-Rich peptide	medtr.A17.gnm5.MtrunA17Chr6	-	30351678	30361625	0.165070399136679	0.999999979788073	NS	-2.32605104883387	0.0193564913500667	DOWN
DOWN	dnf2_only	medtr.A17.gnm5.ann1_6.MtrunA17Chr7g0226871	MtrunA17Chr7g0226871			medtr.A17.gnm5.MtrunA17Chr7	+	11978056	11980311	-0.341362814336371	0.999999979788073	NS	-2.3252906498325	0.0107352719737887	DOWN
DOWN	dnf2_only	medtr.A17.gnm5.ann1_6.MtrunA17Chr3g0144741	MtrunA17Chr3g0144741			medtr.A17.gnm5.MtrunA17Chr3	-	58047161	58050162	-0.631546706043418	0.999999979788073	NS	-2.32415644503313	0.00880910754592549	DOWN
DOWN	dnf2_only	medtr.A17.gnm5.ann1_6.MtrunA17Chr4g0029481	MtrunA17Chr4g0029481			medtr.A17.gnm5.MtrunA17Chr4	-	30275772	30277242	0.0817806759666584	0.999999979788073	NS	-2.32357014306649	0.000274719128573941	DOWN
DOWN	dnf2_only	medtr.A17.gnm5.ann1_6.MtrunA17Chr5g0399241	MtrunA17Chr5g0399241			medtr.A17.gnm5.MtrunA17Chr5	+	3837942	3840901	-0.334385963543892	0.999999979788073	NS	-2.32104784407229	0.000181118530158306	DOWN
DOWN	dnf2_only	medtr.A17.gnm5.ann1_6.MtrunA17Chr6g0487891	MtrunA17Chr6g0487891			medtr.A17.gnm5.MtrunA17Chr6	+	42018466	42021442	0.0903155857365764	0.999999979788073	NS	-2.319342167344	0.00339450874274778	DOWN
DOWN	dnf2_only	medtr.A17.gnm5.ann1_6.MtrunA17Chr1g0169241	MtrunA17Chr1g0169241	MtNCR530	Nodule-specific Cysteine-Rich peptide	medtr.A17.gnm5.MtrunA17Chr1	-	17979392	17980998	-0.191340309650352	0.999999979788073	NS	-2.31792535166702	0.00412576761914323	DOWN
DOWN	dnf2_only	medtr.A17.gnm5.ann1_6.MtrunA17Chr4g0007971	MtrunA17Chr4g0007971	MtNCR613	Nodule-specific Cysteine-Rich peptide	medtr.A17.gnm5.MtrunA17Chr4	+	6223973	6224298	-0.260807109167585	0.999999979788073	NS	-2.31492604076629	0.0262978548251734	DOWN
DOWN	dnf2_only	medtr.A17.gnm5.ann1_6.MtrunA17Chr1g0150501	MtrunA17Chr1g0150501			medtr.A17.gnm5.MtrunA17Chr1	-	3500192	3501266	-0.179811996734206	0.999999979788073	NS	-2.31173515523031	0.0366341806075963	DOWN
DOWN	dnf2_only	medtr.A17.gnm5.ann1_6.MtrunA17Chr1g0148591	MtrunA17Chr1g0148591	MtNCR518	Nodule-specific Cysteine-Rich peptide	medtr.A17.gnm5.MtrunA17Chr1	-	1986111	1988449	-0.533091965352645	0.999999979788073	NS	-2.31126795195351	0.00232936274473347	DOWN
DOWN	dnf2_only	medtr.A17.gnm5.ann1_6.MtrunA17Chr1g0197631	MtrunA17Chr1g0197631			medtr.A17.gnm5.MtrunA17Chr1	-	44763404	44770290	-0.421329418879731	0.999999979788073	NS	-2.31117888868275	0.00093750304942894	DOWN
DOWN	dnf2_only	medtr.A17.gnm5.ann1_6.MtrunA17Chr5g0423461	MtrunA17Chr5g0423461			medtr.A17.gnm5.MtrunA17Chr5	+	25254691	25255380	-0.859832856044914	0.999999979788073	NS	-2.31109811053467	0.0306947701144495	DOWN
DOWN	dnf2_only	medtr.A17.gnm5.ann1_6.MtrunA17Chr7g0222521	MtrunA17Chr7g0222521	MtNAD1	Nodules with Activated Defense 1	medtr.A17.gnm5.MtrunA17Chr7	+	7752816	7760381	-0.666656907418355	0.999999979788073	NS	-2.31086601875858	0.000173853814308269	DOWN
DOWN	dnf2_only	medtr.A17.gnm5.ann1_6.MtrunA17Chr7g0253061	MtrunA17Chr7g0253061			medtr.A17.gnm5.MtrunA17Chr7	+	39796007	39798469	1.19192088894647	0.921176416169687	NS	-2.30894181887425	0.0179986531726914	DOWN
DOWN	dnf2_only	medtr.A17.gnm5.ann1_6.MtrunA17Chr7g0235251	MtrunA17Chr7g0235251			medtr.A17.gnm5.MtrunA17Chr7	-	25630479	25635610	-0.981415697999181	0.999999979788073	NS	-2.30855836290773	0.000261564344475379	DOWN
DOWN	dnf2_only	medtr.A17.gnm5.ann1_6.MtrunA17Chr2g0283711	MtrunA17Chr2g0283711	MtT5L1a|MtbHLH-656	TMO5-LIKE1a (bHLH transcription factor)	medtr.A17.gnm5.MtrunA17Chr2	-	4788335	4790389	-1.20041896988414	0.969673236739665	NS	-2.30785027858286	0.00889362307748802	DOWN
DOWN	dnf2_only	medtr.A17.gnm5.ann1_6.MtrunA17Chr1g0185401	MtrunA17Chr1g0185401			medtr.A17.gnm5.MtrunA17Chr1	+	35858872	35859779	-0.076558909516837	0.999999979788073	NS	-2.30558045030402	0.0357307028352328	DOWN
DOWN	dnf2_only	medtr.A17.gnm5.ann1_6.MtrunA17Chr5g0424081	MtrunA17Chr5g0424081			medtr.A17.gnm5.MtrunA17Chr5	-	26002231	26003518	-0.301781250067064	0.999999979788073	NS	-2.30266888322151	0.00346207508623362	DOWN
DOWN	dnf2_only	medtr.A17.gnm5.ann1_6.MtrunA17Chr6g0473701	MtrunA17Chr6g0473701	MtMATE57	multidrug and toxic compound extrusion family	medtr.A17.gnm5.MtrunA17Chr6	-	26905582	26907725	0.996984318012786	0.999999979788073	NS	-2.30206502492967	0.00272882579002095	DOWN
DOWN	dnf2_only	medtr.A17.gnm5.ann1_6.MtrunA17Chr5g0423101	MtrunA17Chr5g0423101	MtNCR094	Nodule-specific Cysteine-Rich peptide	medtr.A17.gnm5.MtrunA17Chr5	-	24843552	24844766	0.123935582382612	0.999999979788073	NS	-2.300353904967	0.00537975518662359	DOWN
DOWN	dnf2_only	medtr.A17.gnm5.ann1_6.MtrunA17Chr3g0085001	MtrunA17Chr3g0085001	MtNCR407	Nodule-specific Cysteine-Rich peptide	medtr.A17.gnm5.MtrunA17Chr3	-	6372597	6373313	-0.983146377963865	0.999999979788073	NS	-2.29609929458683	0.0133718534943141	DOWN
DOWN	dnf2_only	medtr.A17.gnm5.ann1_6.MtrunA17Chr2g0313991	MtrunA17Chr2g0313991			medtr.A17.gnm5.MtrunA17Chr2	+	36615554	36618774	-0.260155754686309	0.999999979788073	NS	-2.29476131935009	0.00525159512204691	DOWN
DOWN	dnf2_only	medtr.A17.gnm5.ann1_6.MtrunA17Chr7g0216121	MtrunA17Chr7g0216121	MtNCR-new66	Nodule-specific Cysteine-Rich peptide	medtr.A17.gnm5.MtrunA17Chr7	-	1953593	1961245	-0.899265730322567	0.999999979788073	NS	-2.29291030337103	0.0140188062564602	DOWN
DOWN	dnf2_only	medtr.A17.gnm5.ann1_6.MtrunA17Chr3g0109911	MtrunA17Chr3g0109911			medtr.A17.gnm5.MtrunA17Chr3	-	32692078	32693657	-1.94924367420153	0.199258888402548	NS	-2.29132746024988	0.0253350913876292	DOWN
DOWN	dnf2_only	medtr.A17.gnm5.ann1_6.MtrunA17Chr4g0050931	MtrunA17Chr4g0050931			medtr.A17.gnm5.MtrunA17Chr4	+	45698573	45707319	0.64239228110329	0.999999979788073	NS	-2.29112468243955	0.0201136218071359	DOWN
DOWN	dnf2_only	medtr.A17.gnm5.ann1_6.MtrunA17Chr5g0425861	MtrunA17Chr5g0425861	MtNCR316	Nodule-specific Cysteine-Rich peptide	medtr.A17.gnm5.MtrunA17Chr5	+	27867357	27868899	-0.45206429683402	0.999999979788073	NS	-2.28972211964341	0.0127608905427522	DOWN
DOWN	dnf2_only	medtr.A17.gnm5.ann1_6.MtrunA17Chr4g0007841	MtrunA17Chr4g0007841	MtNCR035	Nodule-specific Cysteine-Rich peptide	medtr.A17.gnm5.MtrunA17Chr4	+	6113818	6115709	-1.29145821423357	0.613883235964054	NS	-2.28842869285623	0.00101365308380244	DOWN
DOWN	dnf2_only	medtr.A17.gnm5.ann1_6.MtrunA17Chr2g0313581	MtrunA17Chr2g0313581			medtr.A17.gnm5.MtrunA17Chr2	-	36268160	36269152	-2.17197549906973	0.16724653698456	NS	-2.28628178206924	0.0411245791999498	DOWN
DOWN	dnf2_only	medtr.A17.gnm5.ann1_6.MtrunA17Chr5g0424061	MtrunA17Chr5g0424061	MtNCR363	Nodule-specific Cysteine-Rich peptide	medtr.A17.gnm5.MtrunA17Chr5	-	25995241	25997668	-0.167587182481261	0.999999979788073	NS	-2.28364095105218	0.019463161557092	DOWN
DOWN	dnf2_only	medtr.A17.gnm5.ann1_6.MtrunA17Chr1g0169251	MtrunA17Chr1g0169251			medtr.A17.gnm5.MtrunA17Chr1	+	17980219	17980827	-0.153583880622955	0.999999979788073	NS	-2.28230590477584	0.00371239333785325	DOWN
DOWN	dnf2_only	medtr.A17.gnm5.ann1_6.MtrunA17Chr3g0092581	MtrunA17Chr3g0092581			medtr.A17.gnm5.MtrunA17Chr3	+	14116054	14118769	-0.392649517690114	0.999999979788073	NS	-2.28019529998211	0.00932167765711651	DOWN
DOWN	dnf2_only	medtr.A17.gnm5.ann1_6.MtrunA17Chr3g0110281	MtrunA17Chr3g0110281			medtr.A17.gnm5.MtrunA17Chr3	+	33015074	33018132	0.807967340996076	0.999999979788073	NS	-2.27753589233238	0.00264613940542222	DOWN
DOWN	dnf2_only	medtr.A17.gnm5.ann1_6.MtrunA17Chr1g0199791	MtrunA17Chr1g0199791			medtr.A17.gnm5.MtrunA17Chr1	-	46491208	46492672	-0.479872846616714	0.999999979788073	NS	-2.27546720943069	0.0404661978826737	DOWN
DOWN	dnf2_only	medtr.A17.gnm5.ann1_6.MtrunA17Chr3g0099801	MtrunA17Chr3g0099801			medtr.A17.gnm5.MtrunA17Chr3	-	24533715	24536426	-0.814191917982403	0.999999979788073	NS	-2.27243901832178	0.02865760308436	DOWN
DOWN	dnf2_only	medtr.A17.gnm5.ann1_6.MtrunA17Chr6g0475051	MtrunA17Chr6g0475051			medtr.A17.gnm5.MtrunA17Chr6	+	29191849	29194050	-0.164086681582023	0.999999979788073	NS	-2.27037436940029	0.00858783879353422	DOWN
DOWN	dnf2_only	medtr.A17.gnm5.ann1_6.MtrunA17Chr2g0296871	MtrunA17Chr2g0296871			medtr.A17.gnm5.MtrunA17Chr2	+	15150586	15154959	0.823638295884447	0.999999979788073	NS	-2.26169462795841	0.00023957048497531	DOWN
DOWN	dnf2_only	medtr.A17.gnm5.ann1_6.MtrunA17Chr4g0041841	MtrunA17Chr4g0041841			medtr.A17.gnm5.MtrunA17Chr4	-	39363697	39367892	-0.865984615400292	0.999999979788073	NS	-2.25906251194135	0.000281376577888909	DOWN
DOWN	dnf2_only	medtr.A17.gnm5.ann1_6.MtrunA17Chr4g0029541	MtrunA17Chr4g0029541	MtNCR140	Nodule-specific Cysteine-Rich peptide	medtr.A17.gnm5.MtrunA17Chr4	+	30304819	30310037	0.122590904018698	0.999999979788073	NS	-2.25836775822203	0.000275018338091862	DOWN
DOWN	dnf2_only	medtr.A17.gnm5.ann1_6.MtrunA17Chr4g0005761	MtrunA17Chr4g0005761	MtNCR357	Nodule-specific Cysteine-Rich peptide	medtr.A17.gnm5.MtrunA17Chr4	-	4489966	4490847	-0.613425248937829	0.999999979788073	NS	-2.25446271537156	0.0300467351238304	DOWN
DOWN	dnf2_only	medtr.A17.gnm5.ann1_6.MtrunA17Chr1g0166701	MtrunA17Chr1g0166701			medtr.A17.gnm5.MtrunA17Chr1	+	16068861	16071273	-0.357981607233372	0.999999979788073	NS	-2.25377878500011	0.00123188085324274	DOWN
DOWN	dnf2_only	medtr.A17.gnm5.ann1_6.MtrunA17Chr7g0215181	MtrunA17Chr7g0215181	MtCYP735A28	Cytochrome P450 monooxygenase	medtr.A17.gnm5.MtrunA17Chr7	+	1341402	1346735	-0.63602639386924	0.999999979788073	NS	-2.25113164089684	0.0393352348191357	DOWN
DOWN	dnf2_only	medtr.A17.gnm5.ann1_6.MtrunA17Chr6g0460491	MtrunA17Chr6g0460491	MtNCR017	Nodule-specific Cysteine-Rich peptide	medtr.A17.gnm5.MtrunA17Chr6	+	9691514	9693288	-0.662933286298721	0.999999979788073	NS	-2.24976075377107	0.00306543857195982	DOWN
DOWN	dnf2_only	medtr.A17.gnm5.ann1_6.MtrunA17Chr4g0041211	MtrunA17Chr4g0041211			medtr.A17.gnm5.MtrunA17Chr4	+	38956518	38960677	2.3562573631225	0.00441290507421999	UP	-2.24694025146941	0.00525855557052887	DOWN
DOWN	dnf2_only	medtr.A17.gnm5.ann1_6.MtrunA17Chr8g0375631	MtrunA17Chr8g0375631			medtr.A17.gnm5.MtrunA17Chr8	+	37391816	37403992	-0.160420071078237	0.999999979788073	NS	-2.24541819403025	0.00357668202295012	DOWN
DOWN	dnf2_only	medtr.A17.gnm5.ann1_6.MtrunA17Chr8g0336591	MtrunA17Chr8g0336591			medtr.A17.gnm5.MtrunA17Chr8	-	1765801	1767805	0.063367691978087	0.999999979788073	NS	-2.24361410194801	2.20065795863628e-05	DOWN
DOWN	dnf2_only	medtr.A17.gnm5.ann1_6.MtrunA17Chr1g0166791	MtrunA17Chr1g0166791	MtNPF5.12	NRT1/ PTR FAMILY|nitrate transporter / peptide transporter	medtr.A17.gnm5.MtrunA17Chr1	+	16125123	16131047	-0.0407249212134604	0.999999979788073	NS	-2.24014781794366	0.000132874422976601	DOWN
DOWN	dnf2_only	medtr.A17.gnm5.ann1_6.MtrunA17Chr4g0029411	MtrunA17Chr4g0029411	MtNCR429	Nodule-specific Cysteine-Rich peptide	medtr.A17.gnm5.MtrunA17Chr4	-	30257497	30260164	-0.110443997355647	0.999999979788073	NS	-2.23804814359818	0.00093961932857016	DOWN
DOWN	dnf2_only	medtr.A17.gnm5.ann1_6.MtrunA17Chr4g0057511	MtrunA17Chr4g0057511			medtr.A17.gnm5.MtrunA17Chr4	-	50711315	50714386	-0.346598633797934	0.999999979788073	NS	-2.23709705643128	0.00106752707881795	DOWN
DOWN	dnf2_only	medtr.A17.gnm5.ann1_6.MtrunA17Chr6g0453021	MtrunA17Chr6g0453021			medtr.A17.gnm5.MtrunA17Chr6	-	3280019	3283568	0.373720457153817	0.999999979788073	NS	-2.23694749768214	0.00969645526745813	DOWN
DOWN	dnf2_only	medtr.A17.gnm5.ann1_6.MtrunA17Chr5g0446191	MtrunA17Chr5g0446191			medtr.A17.gnm5.MtrunA17Chr5	-	42897779	42907914	-0.836218151027828	0.999999979788073	NS	-2.23478545490273	0.000126483027109012	DOWN
DOWN	dnf2_only	medtr.A17.gnm5.ann1_6.MtrunA17Chr5g0417551	MtrunA17Chr5g0417551	MtCDFc2_3	CYCLING DOF FACTOR	medtr.A17.gnm5.MtrunA17Chr5	+	18112217	18113933	-0.303192348584585	0.999999979788073	NS	-2.23430950493228	0.00692433827671543	DOWN
DOWN	dnf2_only	medtr.A17.gnm5.ann1_6.MtrunA17Chr7g0253891	MtrunA17Chr7g0253891			medtr.A17.gnm5.MtrunA17Chr7	+	40291372	40294386	2.03431749675792	0.129189963850582	NS	-2.23351670349082	0.0274529970381216	DOWN
DOWN	dnf2_only	medtr.A17.gnm5.ann1_6.MtrunA17Chr2g0333051	MtrunA17Chr2g0333051			medtr.A17.gnm5.MtrunA17Chr2	+	50927529	50929022	-1.0985540137226	0.999999979788073	NS	-2.23315136487938	0.0101461886587482	DOWN
DOWN	dnf2_only	medtr.A17.gnm5.ann1_6.MtrunA17Chr6g0464951	MtrunA17Chr6g0464951			medtr.A17.gnm5.MtrunA17Chr6	-	14137695	14138665	-0.187609629589913	0.999999979788073	NS	-2.23219768830471	0.0123242813997522	DOWN
DOWN	dnf2_only	medtr.A17.gnm5.ann1_6.MtrunA17Chr4g0021591	MtrunA17Chr4g0021591	MtNCR491	Nodule-specific Cysteine-Rich peptide	medtr.A17.gnm5.MtrunA17Chr4	-	19930658	19932920	0.123499420871053	0.999999979788073	NS	-2.22989402571396	0.00872313822690808	DOWN
DOWN	dnf2_only	medtr.A17.gnm5.ann1_6.MtrunA17Chr6g0475041	MtrunA17Chr6g0475041			medtr.A17.gnm5.MtrunA17Chr6	+	29189222	29191847	-0.648791038053962	0.999999979788073	NS	-2.22717457084138	0.00871913596640125	DOWN
DOWN	dnf2_only	medtr.A17.gnm5.ann1_6.MtrunA17Chr3g0094201	MtrunA17Chr3g0094201			medtr.A17.gnm5.MtrunA17Chr3	-	16672056	16674496	-0.41004889210111	0.999999979788073	NS	-2.2251752011831	0.00307403788621298	DOWN
DOWN	dnf2_only	medtr.A17.gnm5.ann1_6.MtrunA17Chr3g0083131	MtrunA17Chr3g0083131	MtNCR301	Nodule-specific Cysteine-Rich peptide	medtr.A17.gnm5.MtrunA17Chr3	-	4826894	4828195	-0.338733692387731	0.999999979788073	NS	-2.22463899190179	0.0311488587860172	DOWN
DOWN	dnf2_only	medtr.A17.gnm5.ann1_6.MtrunA17Chr7g0216051	MtrunA17Chr7g0216051	MtNCR042	Nodule-specific Cysteine-Rich peptide	medtr.A17.gnm5.MtrunA17Chr7	+	1933013	1934559	-0.165702611946738	0.999999979788073	NS	-2.22170884717659	0.019416455290262	DOWN
DOWN	dnf2_only	medtr.A17.gnm5.ann1_6.MtrunA17Chr4g0034551	MtrunA17Chr4g0034551			medtr.A17.gnm5.MtrunA17Chr4	-	34151920	34153327	-0.655338860320702	0.999999979788073	NS	-2.22097248428118	0.0244950834436273	DOWN
DOWN	dnf2_only	medtr.A17.gnm5.ann1_6.MtrunA17Chr4g0076511	MtrunA17Chr4g0076511			medtr.A17.gnm5.MtrunA17Chr4	+	64343245	64348102	-0.490683869861456	0.999999979788073	NS	-2.21875715209705	0.0469470226620376	DOWN
DOWN	dnf2_only	medtr.A17.gnm5.ann1_6.MtrunA17Chr6g0487091	MtrunA17Chr6g0487091	MtMATE53	multidrug and toxic compound extrusion family	medtr.A17.gnm5.MtrunA17Chr6	+	41428443	41430559	-2.13078543524673	0.12007692672005	NS	-2.21866380319498	0.0283611043027151	DOWN
DOWN	dnf2_only	medtr.A17.gnm5.ann1_6.MtrunA17Chr1g0154411	MtrunA17Chr1g0154411			medtr.A17.gnm5.MtrunA17Chr1	-	6627961	6633180	-0.397445448767131	0.999999979788073	NS	-2.21777142621679	0.000132348589633815	DOWN
DOWN	dnf2_only	medtr.A17.gnm5.ann1_6.MtrunA17Chr6g0466131	MtrunA17Chr6g0466131			medtr.A17.gnm5.MtrunA17Chr6	+	15191417	15198720	-0.350640181411071	0.999999979788073	NS	-2.21243092542609	0.0457253799789156	DOWN
DOWN	dnf2_only	medtr.A17.gnm5.ann1_6.MtrunA17Chr3g0114211	MtrunA17Chr3g0114211			medtr.A17.gnm5.MtrunA17Chr3	-	35764644	35769173	-0.652985200498968	0.999999979788073	NS	-2.2078157561701	0.0109590718804983	DOWN
DOWN	dnf2_only	medtr.A17.gnm5.ann1_6.MtrunA17Chr1g0146591	MtrunA17Chr1g0146591			medtr.A17.gnm5.MtrunA17Chr1	-	435512	440555	-0.397196369017027	0.999999979788073	NS	-2.20747726209462	0.000419516009931752	DOWN
DOWN	dnf2_only	medtr.A17.gnm5.ann1_6.MtrunA17Chr3g0124381	MtrunA17Chr3g0124381	MtSULTR2.1	sulfate transporter	medtr.A17.gnm5.MtrunA17Chr3	+	43198309	43205836	0.321973618091514	0.999999979788073	NS	-2.20528609294657	0.00323315836809997	DOWN
DOWN	dnf2_only	medtr.A17.gnm5.ann1_6.MtrunA17Chr5g0435991	MtrunA17Chr5g0435991	MtLb9|MtLb11	leghemoglobin9	medtr.A17.gnm5.MtrunA17Chr5	+	35883836	35885764	-0.288687953786103	0.999999979788073	NS	-2.2048225598346	0.00199843095944569	DOWN
DOWN	dnf2_only	medtr.A17.gnm5.ann1_6.MtrunA17Chr2g0314511	MtrunA17Chr2g0314511	MtNCR179	Nodule-specific Cysteine-Rich peptide	medtr.A17.gnm5.MtrunA17Chr2	-	36942652	36944306	-0.696038731151778	0.999999979788073	NS	-2.20421156789215	0.0348739666438369	DOWN
DOWN	dnf2_only	medtr.A17.gnm5.ann1_6.MtrunA17Chr1g0200121	MtrunA17Chr1g0200121			medtr.A17.gnm5.MtrunA17Chr1	-	46733049	46739733	0.295011646176748	0.999999979788073	NS	-2.19673172263174	4.22397315895648e-06	DOWN
DOWN	dnf2_only	medtr.A17.gnm5.ann1_6.MtrunA17Chr2g0302891	MtrunA17Chr2g0302891	MtNCR305b	Nodule-specific Cysteine-Rich peptide	medtr.A17.gnm5.MtrunA17Chr2	+	20521830	20523555	0.235339294480891	0.999999979788073	NS	-2.19634938937074	6.72477346469876e-05	DOWN
DOWN	dnf2_only	medtr.A17.gnm5.ann1_6.MtrunA17Chr5g0415141	MtrunA17Chr5g0415141			medtr.A17.gnm5.MtrunA17Chr5	+	16070357	16072269	-0.710240569843176	0.999999979788073	NS	-2.1960791963583	0.0304484272467654	DOWN
DOWN	dnf2_only	medtr.A17.gnm5.ann1_6.MtrunA17Chr1g0157101	MtrunA17Chr1g0157101			medtr.A17.gnm5.MtrunA17Chr1	-	8461050	8462597	0.316746165729097	0.999999979788073	NS	-2.19464965022694	0.0409659451049293	DOWN
DOWN	dnf2_only	medtr.A17.gnm5.ann1_6.MtrunA17Chr4g0054951	MtrunA17Chr4g0054951			medtr.A17.gnm5.MtrunA17Chr4	-	48701382	48707405	0.810906565927217	0.999999979788073	NS	-2.19451027762558	0.00692433827671543	DOWN
DOWN	dnf2_only	medtr.A17.gnm5.ann1_6.MtrunA17Chr3g0142261	MtrunA17Chr3g0142261			medtr.A17.gnm5.MtrunA17Chr3	+	56261805	56270140	-0.610006874980785	0.999999979788073	NS	-2.19350545945985	0.00026135046134551	DOWN
DOWN	dnf2_only	medtr.A17.gnm5.ann1_6.MtrunA17Chr3g0110861	MtrunA17Chr3g0110861			medtr.A17.gnm5.MtrunA17Chr3	+	33285468	33286847	-0.135269284667209	0.999999979788073	NS	-2.19265060152899	0.000139328075106387	DOWN
DOWN	dnf2_only	medtr.A17.gnm5.ann1_6.MtrunA17Chr5g0424071	MtrunA17Chr5g0424071			medtr.A17.gnm5.MtrunA17Chr5	+	25999989	26003498	-0.444935703864464	0.999999979788073	NS	-2.19234593245075	0.0125083344851914	DOWN
DOWN	dnf2_only	medtr.A17.gnm5.ann1_6.MtrunA17Chr3g0133131	MtrunA17Chr3g0133131			medtr.A17.gnm5.MtrunA17Chr3	+	49710890	49711460	-2.17326631733524	0.0805494955870119	NS	-2.19147722740733	0.0215194753651928	DOWN
DOWN	dnf2_only	medtr.A17.gnm5.ann1_6.MtrunA17Chr5g0425921	MtrunA17Chr5g0425921	MtNCR026	Nodule-specific Cysteine-Rich peptide	medtr.A17.gnm5.MtrunA17Chr5	+	27894834	27896202	-0.593332647923633	0.999999979788073	NS	-2.19066094082469	0.0154476905735767	DOWN
DOWN	dnf2_only	medtr.A17.gnm5.ann1_6.MtrunA17Chr6g0450531	MtrunA17Chr6g0450531			medtr.A17.gnm5.MtrunA17Chr6	+	1204435	1208140	0.456954546990525	0.999999979788073	NS	-2.18951788289461	0.00491053469989879	DOWN
DOWN	dnf2_only	medtr.A17.gnm5.ann1_6.MtrunA17Chr2g0289291	MtrunA17Chr2g0289291			medtr.A17.gnm5.MtrunA17Chr2	-	8912249	8914393	0.183715469108604	0.999999979788073	NS	-2.18636554469476	0.0297111757123741	DOWN
DOWN	dnf2_only	medtr.A17.gnm5.ann1_6.MtrunA17Chr5g0420661	MtrunA17Chr5g0420661			medtr.A17.gnm5.MtrunA17Chr5	+	21111965	21115359	0.111448839386174	0.999999979788073	NS	-2.18597189169944	0.000140520763690281	DOWN
DOWN	dnf2_only	medtr.A17.gnm5.ann1_6.MtrunA17Chr7g0214801	MtrunA17Chr7g0214801			medtr.A17.gnm5.MtrunA17Chr7	+	1054581	1062142	-0.429350416791874	0.999999979788073	NS	-2.18520775136215	0.000510493531729202	DOWN
DOWN	dnf2_only	medtr.A17.gnm5.ann1_6.MtrunA17Chr3g0144731	MtrunA17Chr3g0144731			medtr.A17.gnm5.MtrunA17Chr3	-	58045250	58047159	-0.0869215089045959	0.999999979788073	NS	-2.17892861018455	0.000176940473404631	DOWN
DOWN	dnf2_only	medtr.A17.gnm5.ann1_6.MtrunA17Chr2g0330861	MtrunA17Chr2g0330861			medtr.A17.gnm5.MtrunA17Chr2	+	49410407	49411526	0.253345219266309	0.999999979788073	NS	-2.17776622101863	0.0031676323140436	DOWN
DOWN	dnf2_only	medtr.A17.gnm5.ann1_6.MtrunA17Chr7g0226641	MtrunA17Chr7g0226641	MtNCR-new73	Nodule-specific Cysteine-Rich peptide	medtr.A17.gnm5.MtrunA17Chr7	+	11819404	11821272	-0.284261756411523	0.999999979788073	NS	-2.17761425460417	0.00354196092321745	DOWN
DOWN	dnf2_only	medtr.A17.gnm5.ann1_6.MtrunA17Chr1g0167561	MtrunA17Chr1g0167561			medtr.A17.gnm5.MtrunA17Chr1	-	16466224	16467198	-0.898163971409722	0.999999979788073	NS	-2.17718828690803	0.00637833861850201	DOWN
DOWN	dnf2_only	medtr.A17.gnm5.ann1_6.MtrunA17Chr4g0009361	MtrunA17Chr4g0009361			medtr.A17.gnm5.MtrunA17Chr4	+	7307404	7310526	0.593330730079977	0.999999979788073	NS	-2.16894118331011	0.00200885751921213	DOWN
DOWN	dnf2_only	medtr.A17.gnm5.ann1_6.MtrunA17Chr8g0355021	MtrunA17Chr8g0355021			medtr.A17.gnm5.MtrunA17Chr8	-	16540553	16546283	-0.218923411332114	0.999999979788073	NS	-2.16763160529858	2.4831250264484e-05	DOWN
DOWN	dnf2_only	medtr.A17.gnm5.ann1_6.MtrunA17Chr3g0122801	MtrunA17Chr3g0122801	MtNCR417	Nodule-specific Cysteine-Rich peptide	medtr.A17.gnm5.MtrunA17Chr3	+	42196706	42197521	-0.559517043363371	0.999999979788073	NS	-2.16628915086484	0.00141398010469019	DOWN
DOWN	dnf2_only	medtr.A17.gnm5.ann1_6.MtrunA17Chr6g0455541	MtrunA17Chr6g0455541			medtr.A17.gnm5.MtrunA17Chr6	-	5623528	5625028	-1.21971059590646	0.69360559553559	NS	-2.16046005140352	0.000666701892535273	DOWN
DOWN	dnf2_only	medtr.A17.gnm5.ann1_6.MtrunA17Chr2g0308071	MtrunA17Chr2g0308071			medtr.A17.gnm5.MtrunA17Chr2	+	30669975	30670953	0.0865546889155994	0.999999979788073	NS	-2.15934662487739	0.0150191102126525	DOWN
DOWN	dnf2_only	medtr.A17.gnm5.ann1_6.MtrunA17Chr2g0308991	MtrunA17Chr2g0308991			medtr.A17.gnm5.MtrunA17Chr2	-	31803036	31804959	-0.310557481346591	0.999999979788073	NS	-2.15892277019983	0.0155303589514642	DOWN
DOWN	dnf2_only	medtr.A17.gnm5.ann1_6.MtrunA17Chr5g0441791	MtrunA17Chr5g0441791			medtr.A17.gnm5.MtrunA17Chr5	-	40049462	40049767	1.38876029745292	0.365221948436764	NS	-2.15626600385442	0.00881458355427211	DOWN
DOWN	dnf2_only	medtr.A17.gnm5.ann1_6.MtrunA17Chr3g0128091	MtrunA17Chr3g0128091			medtr.A17.gnm5.MtrunA17Chr3	-	45985157	45987428	-0.222407042056688	0.999999979788073	NS	-2.15296664185423	0.00932167765711651	DOWN
DOWN	dnf2_only	medtr.A17.gnm5.ann1_6.MtrunA17Chr4g0007911	MtrunA17Chr4g0007911	MtNCR354	Nodule-specific Cysteine-Rich peptide	medtr.A17.gnm5.MtrunA17Chr4	+	6189615	6190263	-0.566715390165316	0.999999979788073	NS	-2.15062881566062	0.0462045724513355	DOWN
DOWN	dnf2_only	medtr.A17.gnm5.ann1_6.MtrunA17Chr4g0074441	MtrunA17Chr4g0074441			medtr.A17.gnm5.MtrunA17Chr4	-	63086721	63090686	-0.633939490162641	0.999999979788073	NS	-2.14757828282872	5.02213359400635e-05	DOWN
DOWN	dnf2_only	medtr.A17.gnm5.ann1_6.MtrunA17Chr7g0231401	MtrunA17Chr7g0231401			medtr.A17.gnm5.MtrunA17Chr7	-	20951343	20960654	-0.049257214159943	0.999999979788073	NS	-2.14706950712681	3.37128131566494e-05	DOWN
DOWN	dnf2_only	medtr.A17.gnm5.ann1_6.MtrunA17Chr2g0327581	MtrunA17Chr2g0327581			medtr.A17.gnm5.MtrunA17Chr2	-	47082366	47088741	-0.389224119868265	0.999999979788073	NS	-2.14503051922817	0.00465614013199544	DOWN
DOWN	dnf2_only	medtr.A17.gnm5.ann1_6.MtrunA17Chr8g0375671	MtrunA17Chr8g0375671			medtr.A17.gnm5.MtrunA17Chr8	-	37402639	37405540	-0.0371708847374593	0.999999979788073	NS	-2.14478199753972	3.21879644667972e-05	DOWN
DOWN	dnf2_only	medtr.A17.gnm5.ann1_6.MtrunA17Chr4g0056471	MtrunA17Chr4g0056471			medtr.A17.gnm5.MtrunA17Chr4	-	49907554	49915774	-0.961939022794987	0.999999979788073	NS	-2.14208559805659	0.00157466539819558	DOWN
DOWN	dnf2_only	medtr.A17.gnm5.ann1_6.MtrunA17Chr1g0191331	MtrunA17Chr1g0191331			medtr.A17.gnm5.MtrunA17Chr1	-	40434003	40435815	-0.821860418233319	0.999999979788073	NS	-2.14081411034408	0.0359313724832386	DOWN
DOWN	dnf2_only	medtr.A17.gnm5.ann1_6.MtrunA17Chr6g0450351	MtrunA17Chr6g0450351	MtNCR450	Nodule-specific Cysteine-Rich peptide	medtr.A17.gnm5.MtrunA17Chr6	+	1131923	1136127	-0.185298373783054	0.999999979788073	NS	-2.14009105904644	0.0112790758242102	DOWN
DOWN	dnf2_only	medtr.A17.gnm5.ann1_6.MtrunA17Chr8g0377771	MtrunA17Chr8g0377771			medtr.A17.gnm5.MtrunA17Chr8	-	39015071	39018770	-0.418182983086813	0.999999979788073	NS	-2.13964014672205	0.0177882355987587	DOWN
DOWN	dnf2_only	medtr.A17.gnm5.ann1_6.MtrunA17Chr6g0475541	MtrunA17Chr6g0475541	MtNCR005	Nodule-specific Cysteine-Rich peptide	medtr.A17.gnm5.MtrunA17Chr6	-	29949073	29951332	-0.866405177123066	0.999999979788073	NS	-2.13709251312101	0.0266154223805448	DOWN
DOWN	dnf2_only	medtr.A17.gnm5.ann1_6.MtrunA17Chr6g0452411	MtrunA17Chr6g0452411			medtr.A17.gnm5.MtrunA17Chr6	-	2790148	2792281	0.0202388855223757	0.999999979788073	NS	-2.13678165470562	0.00289131047692018	DOWN
DOWN	dnf2_only	medtr.A17.gnm5.ann1_6.MtrunA17Chr7g0225411	MtrunA17Chr7g0225411			medtr.A17.gnm5.MtrunA17Chr7	+	10488322	10489274	0.347893804145396	0.999999979788073	NS	-2.13471927707926	0.00234903551104923	DOWN
DOWN	dnf2_only	medtr.A17.gnm5.ann1_6.MtrunA17Chr4g0027651	MtrunA17Chr4g0027651			medtr.A17.gnm5.MtrunA17Chr4	+	28697934	28698979	-0.340475090692085	0.999999979788073	NS	-2.13456179475314	0.000990149589815824	DOWN
DOWN	dnf2_only	medtr.A17.gnm5.ann1_6.MtrunA17Chr7g0260311	MtrunA17Chr7g0260311			medtr.A17.gnm5.MtrunA17Chr7	-	45164929	45167895	-0.746800744573419	0.999999979788073	NS	-2.13312651106332	0.000904156042726556	DOWN
DOWN	dnf2_only	medtr.A17.gnm5.ann1_6.MtrunA17Chr4g0029421	MtrunA17Chr4g0029421			medtr.A17.gnm5.MtrunA17Chr4	+	30260422	30263235	-1.09322128259744	0.999999979788073	NS	-2.13037412634742	0.00157471105973164	DOWN
DOWN	dnf2_only	medtr.A17.gnm5.ann1_6.MtrunA17Chr3g0124281	MtrunA17Chr3g0124281	MtPLAT8	PLAT-domain  8	medtr.A17.gnm5.MtrunA17Chr3	-	43114481	43115826	-0.139020364935996	0.999999979788073	NS	-2.13000228513965	0.0171893357743653	DOWN
DOWN	dnf2_only	medtr.A17.gnm5.ann1_6.MtrunA17Chr7g0263811	MtrunA17Chr7g0263811			medtr.A17.gnm5.MtrunA17Chr7	+	47489146	47491290	-1.65978415559965	0.114839742259989	NS	-2.12970450249391	0.0021788299855769	DOWN
DOWN	dnf2_only	medtr.A17.gnm5.ann1_6.MtrunA17Chr6g0460971	MtrunA17Chr6g0460971			medtr.A17.gnm5.MtrunA17Chr6	-	10190095	10196462	1.30740503888048	0.693753208316672	NS	-2.12820625741705	0.00947085052952938	DOWN
DOWN	dnf2_only	medtr.A17.gnm5.ann1_6.MtrunA17Chr6g0487601	MtrunA17Chr6g0487601	MtNCR511	Nodule-specific Cysteine-Rich peptide	medtr.A17.gnm5.MtrunA17Chr6	+	41943260	41944033	0.424694849556012	0.999999979788073	NS	-2.12427822112802	0.0018510218151312	DOWN
DOWN	dnf2_only	medtr.A17.gnm5.ann1_6.MtrunA17Chr3g0096101	MtrunA17Chr3g0096101			medtr.A17.gnm5.MtrunA17Chr3	+	19947467	19950989	-0.193889912896571	0.999999979788073	NS	-2.12193488432356	0.0297224143526565	DOWN
DOWN	dnf2_only	medtr.A17.gnm5.ann1_6.MtrunA17Chr3g0102491	MtrunA17Chr3g0102491	MtNodGRP21	Nodule-specific Glycine-rich	medtr.A17.gnm5.MtrunA17Chr3	+	27021272	27022348	0.286681512524759	0.999999979788073	NS	-2.12075494542206	0.00179759608333212	DOWN
DOWN	dnf2_only	medtr.A17.gnm5.ann1_6.MtrunA17Chr3g0110521	MtrunA17Chr3g0110521			medtr.A17.gnm5.MtrunA17Chr3	+	33155921	33157568	-0.495827479709556	0.999999979788073	NS	-2.1202396461983	0.0156997836156152	DOWN
DOWN	dnf2_only	medtr.A17.gnm5.ann1_6.MtrunA17Chr2g0306331	MtrunA17Chr2g0306331	MtNCR-new6	Nodule-specific Cysteine-Rich peptide	medtr.A17.gnm5.MtrunA17Chr2	-	27630349	27634609	-0.417389193538201	0.999999979788073	NS	-2.11634847980895	0.0330027323561818	DOWN
DOWN	dnf2_only	medtr.A17.gnm5.ann1_6.MtrunA17Chr3g0112611	MtrunA17Chr3g0112611	MtNPF5.23	NRT1/ PTR FAMILY|nitrate transporter / peptide transporter	medtr.A17.gnm5.MtrunA17Chr3	-	34550109	34553598	-0.0286607884812174	0.999999979788073	NS	-2.11450530586235	0.00362742248621929	DOWN
DOWN	dnf2_only	medtr.A17.gnm5.ann1_6.MtrunA17Chr4g0036351	MtrunA17Chr4g0036351			medtr.A17.gnm5.MtrunA17Chr4	+	35431382	35435440	0.119047630622868	0.999999979788073	NS	-2.11014514665887	0.0216663234525977	DOWN
DOWN	dnf2_only	medtr.A17.gnm5.ann1_6.MtrunA17Chr3g0081421	MtrunA17Chr3g0081421			medtr.A17.gnm5.MtrunA17Chr3	-	3407419	3416458	-0.7929170288861	0.999999979788073	NS	-2.10918412892517	0.00404636586991163	DOWN
DOWN	dnf2_only	medtr.A17.gnm5.ann1_6.MtrunA17Chr3g0086721	MtrunA17Chr3g0086721	MtNCR584	Nodule-specific Cysteine-Rich peptide	medtr.A17.gnm5.MtrunA17Chr3	-	8214178	8215609	-0.193932282805564	0.999999979788073	NS	-2.10803421838493	0.0155329795552471	DOWN
DOWN	dnf2_only	medtr.A17.gnm5.ann1_6.MtrunA17Chr2g0321961	MtrunA17Chr2g0321961	MtALMT	Aluminum activated malate transporter family protein	medtr.A17.gnm5.MtrunA17Chr2	-	42783122	42787277	-0.892988295428408	0.999999979788073	NS	-2.10590078839862	0.044556849914476	DOWN
DOWN	dnf2_only	medtr.A17.gnm5.ann1_6.MtrunA17Chr1g0153241	MtrunA17Chr1g0153241			medtr.A17.gnm5.MtrunA17Chr1	+	5811409	5815303	-0.277103638184343	0.999999979788073	NS	-2.10410456658098	0.00651211214097997	DOWN
DOWN	dnf2_only	medtr.A17.gnm5.ann1_6.MtrunA17Chr4g0028071	MtrunA17Chr4g0028071			medtr.A17.gnm5.MtrunA17Chr4	-	29045235	29048029	-0.634179099216684	0.999999979788073	NS	-2.10347977832369	0.00272882579002095	DOWN
DOWN	dnf2_only	medtr.A17.gnm5.ann1_6.MtrunA17Chr6g0474431	MtrunA17Chr6g0474431	MtNCR684	Nodule-specific Cysteine-Rich peptide	medtr.A17.gnm5.MtrunA17Chr6	-	28315443	28317549	-0.701508888481199	0.999999979788073	NS	-2.10215083501489	0.0158707659662452	DOWN
DOWN	dnf2_only	medtr.A17.gnm5.ann1_6.MtrunA17Chr5g0438631	MtrunA17Chr5g0438631			medtr.A17.gnm5.MtrunA17Chr5	+	37775131	37777478	-0.622673671061825	0.999999979788073	NS	-2.09953807405208	0.00747812896080632	DOWN
DOWN	dnf2_only	medtr.A17.gnm5.ann1_6.MtrunA17Chr5g0429391	MtrunA17Chr5g0429391			medtr.A17.gnm5.MtrunA17Chr5	+	30803463	30807002	0.14366334913101	0.999999979788073	NS	-2.09784718867749	0.0170975434474136	DOWN
DOWN	dnf2_only	medtr.A17.gnm5.ann1_6.MtrunA17Chr7g0273381	MtrunA17Chr7g0273381			medtr.A17.gnm5.MtrunA17Chr7	-	54084287	54086380	0.324409561230381	0.999999979788073	NS	-2.09760128783438	0.0408018313343029	DOWN
DOWN	dnf2_only	medtr.A17.gnm5.ann1_6.MtrunA17Chr3g0119211	MtrunA17Chr3g0119211			medtr.A17.gnm5.MtrunA17Chr3	-	39633643	39638391	1.18527933891792	0.913201635177737	NS	-2.09747876775661	0.0289403490506392	DOWN
DOWN	dnf2_only	medtr.A17.gnm5.ann1_6.MtrunA17Chr6g0475031	MtrunA17Chr6g0475031			medtr.A17.gnm5.MtrunA17Chr6	+	29186999	29189218	-0.990496772811391	0.999999979788073	NS	-2.0964741060862	0.0464482307501603	DOWN
DOWN	dnf2_only	medtr.A17.gnm5.ann1_6.MtrunA17Chr8g0381051	MtrunA17Chr8g0381051			medtr.A17.gnm5.MtrunA17Chr8	+	41212920	41216760	-0.929214056750026	0.999999979788073	NS	-2.09600062508801	0.04716695428407	DOWN
DOWN	dnf2_only	medtr.A17.gnm5.ann1_6.MtrunA17Chr4g0018061	MtrunA17Chr4g0018061	MtNCR306	Nodule-specific Cysteine-Rich peptide	medtr.A17.gnm5.MtrunA17Chr4	-	13202607	13206542	0.240295523032045	0.999999979788073	NS	-2.09095941746393	0.00361730314956938	DOWN
DOWN	dnf2_only	medtr.A17.gnm5.ann1_6.MtrunA17Chr4g0031571	MtrunA17Chr4g0031571			medtr.A17.gnm5.MtrunA17Chr4	+	31965213	31968265	-0.299639448521604	0.999999979788073	NS	-2.08666495153612	0.0225077991545813	DOWN
DOWN	dnf2_only	medtr.A17.gnm5.ann1_6.MtrunA17Chr8g0375801	MtrunA17Chr8g0375801			medtr.A17.gnm5.MtrunA17Chr8	-	37470827	37471293	-0.0972617809007878	0.999999979788073	NS	-2.08528189198779	0.0124666103676754	DOWN
DOWN	dnf2_only	medtr.A17.gnm5.ann1_6.MtrunA17Chr5g0431511	MtrunA17Chr5g0431511	MtCYP83G2	Cytochrome P450 monooxygenase	medtr.A17.gnm5.MtrunA17Chr5	-	32363837	32366581	0.213062032171813	0.999999979788073	NS	-2.08238411541346	0.013509032604052	DOWN
DOWN	dnf2_only	medtr.A17.gnm5.ann1_6.MtrunA17Chr5g0404531	MtrunA17Chr5g0404531			medtr.A17.gnm5.MtrunA17Chr5	-	7992667	7997383	-0.08578699070683	0.999999979788073	NS	-2.08055935019744	0.0382578641580546	DOWN
DOWN	dnf2_only	medtr.A17.gnm5.ann1_6.MtrunA17Chr4g0031581	MtrunA17Chr4g0031581			medtr.A17.gnm5.MtrunA17Chr4	-	31967582	31968027	0.00891533127373561	0.999999979788073	NS	-2.07910940934413	0.00611945324430396	DOWN
DOWN	dnf2_only	medtr.A17.gnm5.ann1_6.MtrunA17Chr4g0035451	MtrunA17Chr4g0035451			medtr.A17.gnm5.MtrunA17Chr4	+	34858372	34870764	0.316738832432515	0.999999979788073	NS	-2.07908531435306	0.00383030193139603	DOWN
DOWN	dnf2_only	medtr.A17.gnm5.ann1_6.MtrunA17Chr2g0324891	MtrunA17Chr2g0324891			medtr.A17.gnm5.MtrunA17Chr2	-	44931662	44935910	0.303559290205364	0.999999979788073	NS	-2.07897315229883	0.000813766147843464	DOWN
DOWN	dnf2_only	medtr.A17.gnm5.ann1_6.MtrunA17Chr3g0107021	MtrunA17Chr3g0107021			medtr.A17.gnm5.MtrunA17Chr3	-	30609671	30612830	-0.55769940433356	0.999999979788073	NS	-2.07655187834874	0.000126483027109012	DOWN
DOWN	dnf2_only	medtr.A17.gnm5.ann1_6.MtrunA17Chr7g0232141	MtrunA17Chr7g0232141	MtNCR022	Nodule-specific Cysteine-Rich peptide	medtr.A17.gnm5.MtrunA17Chr7	-	21976403	21978241	-0.28609537621226	0.999999979788073	NS	-2.07455878275355	0.00773336645803138	DOWN
DOWN	dnf2_only	medtr.A17.gnm5.ann1_6.MtrunA17Chr4g0028081	MtrunA17Chr4g0028081			medtr.A17.gnm5.MtrunA17Chr4	+	29047019	29048027	0.21431406016719	0.999999979788073	NS	-2.0686224977695	0.00319913996328212	DOWN
DOWN	dnf2_only	medtr.A17.gnm5.ann1_6.MtrunA17Chr1g0158371	MtrunA17Chr1g0158371	MtNCR522	Nodule-specific Cysteine-Rich peptide	medtr.A17.gnm5.MtrunA17Chr1	-	9334003	9335198	-0.605420329276466	0.999999979788073	NS	-2.06833490690389	0.00300099006547019	DOWN
DOWN	dnf2_only	medtr.A17.gnm5.ann1_6.MtrunA17Chr6g0480571	MtrunA17Chr6g0480571	MtNCR-new61	Nodule-specific Cysteine-Rich peptide	medtr.A17.gnm5.MtrunA17Chr6	+	35306683	35309903	-0.407729572225135	0.999999979788073	NS	-2.06787692021826	0.0467938815677034	DOWN
DOWN	dnf2_only	medtr.A17.gnm5.ann1_6.MtrunA17Chr4g0057881	MtrunA17Chr4g0057881			medtr.A17.gnm5.MtrunA17Chr4	+	50962844	50963624	1.26000049775021	0.754095374581298	NS	-2.06361884444299	0.0237385896076362	DOWN
DOWN	dnf2_only	medtr.A17.gnm5.ann1_6.MtrunA17Chr5g0433571	MtrunA17Chr5g0433571			medtr.A17.gnm5.MtrunA17Chr5	+	33984113	33985000	-0.251106685737765	0.999999979788073	NS	-2.06231058203683	0.0480064725413756	DOWN
DOWN	dnf2_only	medtr.A17.gnm5.ann1_6.MtrunA17Chr5g0425941	MtrunA17Chr5g0425941	MtNCR088	Nodule-specific Cysteine-Rich peptide	medtr.A17.gnm5.MtrunA17Chr5	+	27901645	27903522	-0.166630786506428	0.999999979788073	NS	-2.06155597430108	0.0171267296244268	DOWN
DOWN	dnf2_only	medtr.A17.gnm5.ann1_6.MtrunA17Chr1g0205231	MtrunA17Chr1g0205231			medtr.A17.gnm5.MtrunA17Chr1	-	50524636	50529866	-0.504386701680613	0.999999979788073	NS	-2.05115779826013	0.00357974291318927	DOWN
DOWN	dnf2_only	medtr.A17.gnm5.ann1_6.MtrunA17Chr6g0455531	MtrunA17Chr6g0455531			medtr.A17.gnm5.MtrunA17Chr6	+	5622725	5636759	-1.13049324834974	0.999999979788073	NS	-2.04937376151188	0.00395457772313092	DOWN
DOWN	dnf2_only	medtr.A17.gnm5.ann1_6.MtrunA17Chr1g0179831	MtrunA17Chr1g0179831			medtr.A17.gnm5.MtrunA17Chr1	+	31100038	31100701	0.517670361124002	0.999999979788073	NS	-2.04621636511963	0.009282977088391	DOWN
DOWN	dnf2_only	medtr.A17.gnm5.ann1_6.MtrunA17Chr7g0243241	MtrunA17Chr7g0243241			medtr.A17.gnm5.MtrunA17Chr7	-	32567358	32570292	-0.0423867090794585	0.999999979788073	NS	-2.04572849302692	0.00314302882195584	DOWN
DOWN	dnf2_only	medtr.A17.gnm5.ann1_6.MtrunA17Chr2g0331321	MtrunA17Chr2g0331321			medtr.A17.gnm5.MtrunA17Chr2	-	49715599	49719532	-0.911312862336743	0.999999979788073	NS	-2.04570962944684	0.00214226370129173	DOWN
DOWN	dnf2_only	medtr.A17.gnm5.ann1_6.MtrunA17Chr2g0322451	MtrunA17Chr2g0322451			medtr.A17.gnm5.MtrunA17Chr2	-	43199906	43207501	-0.256053916327473	0.999999979788073	NS	-2.04225219894256	0.00287232879463	DOWN
DOWN	dnf2_only	medtr.A17.gnm5.ann1_6.MtrunA17Chr3g0108911	MtrunA17Chr3g0108911	MtNCR242	Nodule-specific Cysteine-Rich peptide	medtr.A17.gnm5.MtrunA17Chr3	-	32011120	32013860	-0.710668274926936	0.999999979788073	NS	-2.04184550906103	0.00567874411509992	DOWN
DOWN	dnf2_only	medtr.A17.gnm5.ann1_6.MtrunA17Chr8g0393021	MtrunA17Chr8g0393021	MtTubb1	beta tubulin 1	medtr.A17.gnm5.MtrunA17Chr8	+	49453673	49456536	-0.264276648778005	0.999999979788073	NS	-2.03629276640255	0.00433306059245763	DOWN
DOWN	dnf2_only	medtr.A17.gnm5.ann1_6.MtrunA17Chr4g0017321	MtrunA17Chr4g0017321			medtr.A17.gnm5.MtrunA17Chr4	-	12853754	12855939	-0.0487850578690536	0.999999979788073	NS	-2.03427466405742	0.0200503489191986	DOWN
DOWN	dnf2_only	medtr.A17.gnm5.ann1_6.MtrunA17Chr1g0196941	MtrunA17Chr1g0196941			medtr.A17.gnm5.MtrunA17Chr1	-	44321596	44324696	0.57073371134929	0.999999979788073	NS	-2.03245931210102	0.000141688967363657	DOWN
DOWN	dnf2_only	medtr.A17.gnm5.ann1_6.MtrunA17Chr7g0236251	MtrunA17Chr7g0236251	MtLP3	LEED..PEED family	medtr.A17.gnm5.MtrunA17Chr7	+	26511315	26512550	0.192922609510959	0.999999979788073	NS	-2.02639850988931	0.0435977017374874	DOWN
DOWN	dnf2_only	medtr.A17.gnm5.ann1_6.MtrunA17Chr4g0060091	MtrunA17Chr4g0060091			medtr.A17.gnm5.MtrunA17Chr4	+	52618553	52621848	0.472391537603003	0.999999979788073	NS	-2.02304563661586	4.80786711931319e-05	DOWN
DOWN	dnf2_only	medtr.A17.gnm5.ann1_6.MtrunA17Chr8g0354121	MtrunA17Chr8g0354121			medtr.A17.gnm5.MtrunA17Chr8	+	15798689	15802224	0.531970639988437	0.999999979788073	NS	-2.02169826946853	0.027539265885451	DOWN
DOWN	dnf2_only	medtr.A17.gnm5.ann1_6.MtrunA17Chr5g0424391	MtrunA17Chr5g0424391			medtr.A17.gnm5.MtrunA17Chr5	+	26328976	26334624	-0.078115709365142	0.999999979788073	NS	-2.0200185599989	0.0174756203240813	DOWN
DOWN	dnf2_only	medtr.A17.gnm5.ann1_6.MtrunA17Chr7g0214051	MtrunA17Chr7g0214051	MtNCR225	Nodule-specific Cysteine-Rich peptide	medtr.A17.gnm5.MtrunA17Chr7	+	60087	61716	-0.647164856811332	0.999999979788073	NS	-2.01910968654937	0.00841693090234404	DOWN
DOWN	dnf2_only	medtr.A17.gnm5.ann1_6.MtrunA17Chr2g0331331	MtrunA17Chr2g0331331			medtr.A17.gnm5.MtrunA17Chr2	+	49716099	49717193	-1.06416279911272	0.999999979788073	NS	-2.01817491185331	0.0235079172869126	DOWN
DOWN	dnf2_only	medtr.A17.gnm5.ann1_6.MtrunA17Chr4g0057771	MtrunA17Chr4g0057771			medtr.A17.gnm5.MtrunA17Chr4	+	50893572	50899391	-0.887463336071443	0.999999979788073	NS	-2.01574507563345	0.000169325599976591	DOWN
DOWN	dnf2_only	medtr.A17.gnm5.ann1_6.MtrunA17Chr7g0268161	MtrunA17Chr7g0268161	LjTRICOT-like	AtAMP1 (ALTERED MERISTEM PROGRAM 1)-related	medtr.A17.gnm5.MtrunA17Chr7	+	50688721	50694593	-0.573453492010503	0.999999979788073	NS	-2.01548681947351	0.0137976693831179	DOWN
DOWN	dnf2_only	medtr.A17.gnm5.ann1_6.MtrunA17Chr2g0332281	MtrunA17Chr2g0332281			medtr.A17.gnm5.MtrunA17Chr2	-	50377315	50380068	-0.92153773322679	0.999999979788073	NS	-2.01509484293896	0.014651960649151	DOWN
DOWN	dnf2_only	medtr.A17.gnm5.ann1_6.MtrunA17Chr3g0089901	MtrunA17Chr3g0089901			medtr.A17.gnm5.MtrunA17Chr3	+	11113833	11116238	0.0109648158598142	0.999999979788073	NS	-2.01407891945862	0.000712407457444008	DOWN
DOWN	dnf2_only	medtr.A17.gnm5.ann1_6.MtrunA17Chr8g0358771	MtrunA17Chr8g0358771			medtr.A17.gnm5.MtrunA17Chr8	+	21276360	21281768	0.217417398167465	0.999999979788073	NS	-2.01288717103029	0.00427230735807053	DOWN
DOWN	dnf2_only	medtr.A17.gnm5.ann1_6.MtrunA17Chr2g0332721	MtrunA17Chr2g0332721			medtr.A17.gnm5.MtrunA17Chr2	+	50745150	50746048	-0.640244384410299	0.999999979788073	NS	-2.01222216930631	0.0193564913500667	DOWN
DOWN	dnf2_only	medtr.A17.gnm5.ann1_6.MtrunA17Chr4g0006301	MtrunA17Chr4g0006301	MtNCR282	Nodule-specific Cysteine-Rich peptide	medtr.A17.gnm5.MtrunA17Chr4	-	5011338	5012471	-0.0437602170128732	0.999999979788073	NS	-2.01130790771597	0.0412609464949906	DOWN
DOWN	dnf2_only	medtr.A17.gnm5.ann1_6.MtrunA17Chr4g0067721	MtrunA17Chr4g0067721			medtr.A17.gnm5.MtrunA17Chr4	+	58056331	58059463	0.237156972965	0.999999979788073	NS	-2.01085535681383	0.00361218277027324	DOWN
DOWN	dnf2_only	medtr.A17.gnm5.ann1_6.MtrunA17Chr3g0083841	MtrunA17Chr3g0083841			medtr.A17.gnm5.MtrunA17Chr3	-	5402447	5412326	1.14255842468444	0.786595555846556	NS	-2.00842600945763	0.000328612041197788	DOWN
DOWN	dnf2_only	medtr.A17.gnm5.ann1_6.MtrunA17Chr7g0216331	MtrunA17Chr7g0216331			medtr.A17.gnm5.MtrunA17Chr7	-	2025584	2028705	-0.176901163265773	0.999999979788073	NS	-2.006130284647	0.00184884008784279	DOWN
DOWN	dnf2_only	medtr.A17.gnm5.ann1_6.MtrunA17Chr7g0273431	MtrunA17Chr7g0273431			medtr.A17.gnm5.MtrunA17Chr7	+	54093090	54093808	-1.12191515248282	0.994901247731823	NS	-2.00531430072966	0.00376061617808163	DOWN
DOWN	dnf2_only	medtr.A17.gnm5.ann1_6.MtrunA17Chr8g0390021	MtrunA17Chr8g0390021			medtr.A17.gnm5.MtrunA17Chr8	+	47359887	47362895	-0.0863751516371749	0.999999979788073	NS	-2.00490263742305	0.0476684841297767	DOWN
DOWN	dnf2_only	medtr.A17.gnm5.ann1_6.MtrunA17Chr2g0279081	MtrunA17Chr2g0279081			medtr.A17.gnm5.MtrunA17Chr2	-	1605349	1613053	0.481088577475532	0.999999979788073	NS	-2.00291180621789	0.00323339737887539	DOWN
DOWN	dnf2_only	medtr.A17.gnm5.ann1_6.MtrunA17Chr1g0166851	MtrunA17Chr1g0166851	MtNCR055	Nodule-specific Cysteine-Rich peptide	medtr.A17.gnm5.MtrunA17Chr1	-	16162775	16164591	-0.182251733853289	0.999999979788073	NS	-2.00104144324874	0.0219152034939084	DOWN
DOWN	dnf2_only	medtr.A17.gnm5.ann1_6.MtrunA17Chr5g0434371	MtrunA17Chr5g0434371	MtSKOR/GORK	Outward rectifying potassium channel protein	medtr.A17.gnm5.MtrunA17Chr5	-	34494245	34505624	-0.883171042050607	0.999999979788073	NS	-2.00080462364936	0.00456378630080147	DOWN
DOWN	dnf2_only	medtr.A17.gnm5.ann1_6.MtrunA17Chr6g0450361	MtrunA17Chr6g0450361			medtr.A17.gnm5.MtrunA17Chr6	+	1136129	1136799	0.483206828704574	0.999999979788073	NS	-2.0001546330538	0.00937596360229351	DOWN
DOWN	dnf2_only	medtr.A17.gnm5.ann1_6.MtrunA17Chr6g0455391	MtrunA17Chr6g0455391			medtr.A17.gnm5.MtrunA17Chr6	-	5477366	5482859	-0.846223546897613	0.999999979788073	NS	-1.99983795526447	0.000462400476342271	DOWN
DOWN	dnf2_only	medtr.A17.gnm5.ann1_6.MtrunA17Chr8g0362701	MtrunA17Chr8g0362701	MtCYP93A77	Cytochrome P450 monooxygenase	medtr.A17.gnm5.MtrunA17Chr8	+	27224196	27226552	0.493897250368805	0.999999979788073	NS	-1.9941351878459	0.000368996812590876	DOWN
DOWN	dnf2_only	medtr.A17.gnm5.ann1_6.MtrunA17Chr8g0369461	MtrunA17Chr8g0369461			medtr.A17.gnm5.MtrunA17Chr8	-	32695620	32701950	0.0748048730157067	0.999999979788073	NS	-1.99335353795079	0.01776745342089	DOWN
DOWN	dnf2_only	medtr.A17.gnm5.ann1_6.MtrunA17Chr5g0428931	MtrunA17Chr5g0428931			medtr.A17.gnm5.MtrunA17Chr5	+	30474124	30478326	0.908596246834516	0.999999979788073	NS	-1.99180870468211	0.0468926891947279	DOWN
DOWN	dnf2_only	medtr.A17.gnm5.ann1_6.MtrunA17Chr3g0100421	MtrunA17Chr3g0100421			medtr.A17.gnm5.MtrunA17Chr3	-	25033009	25035990	-0.11035635431756	0.999999979788073	NS	-1.99030904174972	0.00153670263944377	DOWN
DOWN	dnf2_only	medtr.A17.gnm5.ann1_6.MtrunA17Chr2g0300901	MtrunA17Chr2g0300901	MtNodGRP11	Nodule-specific Glycine-rich	medtr.A17.gnm5.MtrunA17Chr2	+	18646070	18647810	0.0367830174171589	0.999999979788073	NS	-1.98598129563327	0.00102947433523689	DOWN
DOWN	dnf2_only	medtr.A17.gnm5.ann1_6.MtrunA17Chr3g0084781	MtrunA17Chr3g0084781			medtr.A17.gnm5.MtrunA17Chr3	-	6219883	6223155	0.398171272273019	0.999999979788073	NS	-1.98559142462679	0.0488596109569502	DOWN
DOWN	dnf2_only	medtr.A17.gnm5.ann1_6.MtrunA17Chr4g0069201	MtrunA17Chr4g0069201			medtr.A17.gnm5.MtrunA17Chr4	+	59143923	59146416	-0.22062958916477	0.999999979788073	NS	-1.98392994671624	0.000631310528369556	DOWN
DOWN	dnf2_only	medtr.A17.gnm5.ann1_6.MtrunA17Chr7g0214021	MtrunA17Chr7g0214021			medtr.A17.gnm5.MtrunA17Chr7	+	12171	12708	-0.93804723540899	0.999999979788073	NS	-1.98286576794924	0.0449490049016097	DOWN
DOWN	dnf2_only	medtr.A17.gnm5.ann1_6.MtrunA17Chr6g0465521	MtrunA17Chr6g0465521			medtr.A17.gnm5.MtrunA17Chr6	+	14808828	14810540	-0.120429178968467	0.999999979788073	NS	-1.97958440786295	0.0321199410021017	DOWN
DOWN	dnf2_only	medtr.A17.gnm5.ann1_6.MtrunA17Chr4g0022971	MtrunA17Chr4g0022971	MtNCR230	Nodule-specific Cysteine-Rich peptide	medtr.A17.gnm5.MtrunA17Chr4	-	23348361	23351819	-0.177459709937564	0.999999979788073	NS	-1.97703236474892	0.0127449385546186	DOWN
DOWN	dnf2_only	medtr.A17.gnm5.ann1_6.MtrunA17Chr7g0273981	MtrunA17Chr7g0273981	MtN26-4	Nodulin26	medtr.A17.gnm5.MtrunA17Chr7	+	54465476	54469521	-0.267561256562802	0.999999979788073	NS	-1.97566476791566	0.00146543482327272	DOWN
DOWN	dnf2_only	medtr.A17.gnm5.ann1_6.MtrunA17Chr4g0052001	MtrunA17Chr4g0052001			medtr.A17.gnm5.MtrunA17Chr4	+	46298937	46299528	0.184531343274622	0.999999979788073	NS	-1.9746113698128	0.0132021020679284	DOWN
DOWN	dnf2_only	medtr.A17.gnm5.ann1_6.MtrunA17Chr7g0216151	MtrunA17Chr7g0216151	MtNCR143	Nodule-specific Cysteine-Rich peptide	medtr.A17.gnm5.MtrunA17Chr7	-	1972037	1973061	-0.216559469235797	0.999999979788073	NS	-1.97251785748272	0.0116088794768974	DOWN
DOWN	dnf2_only	medtr.A17.gnm5.ann1_6.MtrunA17Chr1g0157131	MtrunA17Chr1g0157131	MtCDPK17	calcium-dependent protein kinase17	medtr.A17.gnm5.MtrunA17Chr1	+	8468458	8475552	-0.235783801734078	0.999999979788073	NS	-1.97216749671302	0.0231693497573869	DOWN
DOWN	dnf2_only	medtr.A17.gnm5.ann1_6.MtrunA17Chr2g0314061	MtrunA17Chr2g0314061			medtr.A17.gnm5.MtrunA17Chr2	+	36675694	36679180	0.223199686372944	0.999999979788073	NS	-1.97191481846398	0.0036485476083517	DOWN
DOWN	dnf2_only	medtr.A17.gnm5.ann1_6.MtrunA17Chr2g0286751	MtrunA17Chr2g0286751			medtr.A17.gnm5.MtrunA17Chr2	+	7026906	7034324	-1.15022091785232	0.999228830275562	NS	-1.97166916099509	0.0148058855718881	DOWN
DOWN	dnf2_only	medtr.A17.gnm5.ann1_6.MtrunA17Chr8g0387881	MtrunA17Chr8g0387881			medtr.A17.gnm5.MtrunA17Chr8	+	45921456	45923804	-0.852455416179825	0.999999979788073	NS	-1.96902809201991	0.0292674879697324	DOWN
DOWN	dnf2_only	medtr.A17.gnm5.ann1_6.MtrunA17Chr3g0101841	MtrunA17Chr3g0101841			medtr.A17.gnm5.MtrunA17Chr3	-	26371297	26379476	0.898578346180828	0.999999979788073	NS	-1.96657466049598	0.0243531640413594	DOWN
DOWN	dnf2_only	medtr.A17.gnm5.ann1_6.MtrunA17Chr2g0328591	MtrunA17Chr2g0328591			medtr.A17.gnm5.MtrunA17Chr2	+	47841345	47842373	0.305736658530957	0.999999979788073	NS	-1.96498302339083	0.0142362026034401	DOWN
DOWN	dnf2_only	medtr.A17.gnm5.ann1_6.MtrunA17Chr8g0356181	MtrunA17Chr8g0356181			medtr.A17.gnm5.MtrunA17Chr8	-	17770385	17771187	0.504726734426696	0.999999979788073	NS	-1.96058113728025	0.00692962016733981	DOWN
DOWN	dnf2_only	medtr.A17.gnm5.ann1_6.MtrunA17Chr2g0301511	MtrunA17Chr2g0301511	MtRbohI	RESPIRATORY BURST OXIDASE HOMOLOG I	medtr.A17.gnm5.MtrunA17Chr2	-	19240133	19248326	-0.325502842787531	0.999999979788073	NS	-1.9586014327602	0.0119315683046174	DOWN
DOWN	dnf2_only	medtr.A17.gnm5.ann1_6.MtrunA17Chr7g0222431	MtrunA17Chr7g0222431	MtNCR743	Nodule-specific Cysteine-Rich peptide	medtr.A17.gnm5.MtrunA17Chr7	+	7667398	7670702	0.000317142888621943	0.999999979788073	NS	-1.95821438499645	0.00719307030868871	DOWN
DOWN	dnf2_only	medtr.A17.gnm5.ann1_6.MtrunA17Chr2g0312251	MtrunA17Chr2g0312251			medtr.A17.gnm5.MtrunA17Chr2	-	35129805	35132993	-0.992401942236955	0.999999979788073	NS	-1.95804044621648	0.0140544356025316	DOWN
DOWN	dnf2_only	medtr.A17.gnm5.ann1_6.MtrunA17Chr3g0130791	MtrunA17Chr3g0130791			medtr.A17.gnm5.MtrunA17Chr3	+	47853358	47857515	-1.03153018944332	0.999999979788073	NS	-1.95798851388495	0.0088295309245538	DOWN
DOWN	dnf2_only	medtr.A17.gnm5.ann1_6.MtrunA17Chr3g0105961	MtrunA17Chr3g0105961			medtr.A17.gnm5.MtrunA17Chr3	-	29905228	29910520	0.133008796797573	0.999999979788073	NS	-1.95529609889151	0.0290300281952987	DOWN
DOWN	dnf2_only	medtr.A17.gnm5.ann1_6.MtrunA17Chr4g0062691	MtrunA17Chr4g0062691	MtTCP18	TEOSINTE BRANCHED1 (TB1), CYCLOIDEA (CYC), PROLIFERATING CELL FACTORS 1&2 (PCF1  & 2) family	medtr.A17.gnm5.MtrunA17Chr4	-	54389482	54391326	-0.403079269058068	0.999999979788073	NS	-1.95334191197119	0.0239499023572813	DOWN
DOWN	dnf2_only	medtr.A17.gnm5.ann1_6.MtrunA17Chr1g0200651	MtrunA17Chr1g0200651			medtr.A17.gnm5.MtrunA17Chr1	+	47173293	47180821	-0.832713845141596	0.999999979788073	NS	-1.95198428849471	0.0080476637859101	DOWN
DOWN	dnf2_only	medtr.A17.gnm5.ann1_6.MtrunA17Chr4g0032371	MtrunA17Chr4g0032371			medtr.A17.gnm5.MtrunA17Chr4	-	32486647	32490591	-1.58659316775718	0.150075992968593	NS	-1.95173260412071	0.00525855557052887	DOWN
DOWN	dnf2_only	medtr.A17.gnm5.ann1_6.MtrunA17Chr6g0479481	MtrunA17Chr6g0479481			medtr.A17.gnm5.MtrunA17Chr6	-	34171467	34172191	0.331373131974879	0.999999979788073	NS	-1.95145118840528	0.0105402067837333	DOWN
DOWN	dnf2_only	medtr.A17.gnm5.ann1_6.MtrunA17Chr7g0248011	MtrunA17Chr7g0248011			medtr.A17.gnm5.MtrunA17Chr7	-	36202927	36206322	-0.151548413292246	0.999999979788073	NS	-1.95111085098621	0.00518242446133607	DOWN
DOWN	dnf2_only	medtr.A17.gnm5.ann1_6.MtrunA17Chr8g0372291	MtrunA17Chr8g0372291			medtr.A17.gnm5.MtrunA17Chr8	-	34803155	34804871	-0.179870391109361	0.999999979788073	NS	-1.9510952110186	0.00684960469124812	DOWN
DOWN	dnf2_only	medtr.A17.gnm5.ann1_6.MtrunA17Chr3g0119041	MtrunA17Chr3g0119041	MtSymCRK	symbiotic cys-rich receptor-like kinase	medtr.A17.gnm5.MtrunA17Chr3	-	39529267	39533399	-0.444330318245535	0.999999979788073	NS	-1.95005750515361	0.00244449790217032	DOWN
DOWN	dnf2_only	medtr.A17.gnm5.ann1_6.MtrunA17Chr4g0013951	MtrunA17Chr4g0013951	MtNCR118	Nodule-specific Cysteine-Rich peptide	medtr.A17.gnm5.MtrunA17Chr4	-	11358505	11367875	-0.217719068232636	0.999999979788073	NS	-1.94828575281009	0.00314458589332199	DOWN
DOWN	dnf2_only	medtr.A17.gnm5.ann1_6.MtrunA17Chr2g0332711	MtrunA17Chr2g0332711			medtr.A17.gnm5.MtrunA17Chr2	-	50742503	50744939	-0.399051693899061	0.999999979788073	NS	-1.94597904453601	0.0321973844098386	DOWN
DOWN	dnf2_only	medtr.A17.gnm5.ann1_6.MtrunA17Chr8g0382291	MtrunA17Chr8g0382291			medtr.A17.gnm5.MtrunA17Chr8	-	41992528	41995630	-0.620377353025003	0.999999979788073	NS	-1.94347906271534	0.00564024599841391	DOWN
DOWN	dnf2_only	medtr.A17.gnm5.ann1_6.MtrunA17Chr5g0409341	MtrunA17Chr5g0409341	MtIPD3	Interacting protein of DMI3	medtr.A17.gnm5.MtrunA17Chr5	+	11126167	11131033	-0.366519920926907	0.999999979788073	NS	-1.94047067265805	0.000635339554909364	DOWN
DOWN	dnf2_only	medtr.A17.gnm5.ann1_6.MtrunA17Chr3g0134471	MtrunA17Chr3g0134471			medtr.A17.gnm5.MtrunA17Chr3	-	50734820	50735467	0.370972261537363	0.999999979788073	NS	-1.93812995146814	0.0368403932397772	DOWN
DOWN	dnf2_only	medtr.A17.gnm5.ann1_6.MtrunA17Chr8g0359371	MtrunA17Chr8g0359371	MtTPS1	trehalose phosphate synthase 1	medtr.A17.gnm5.MtrunA17Chr8	+	22729710	22753196	-0.260166880272694	0.999999979788073	NS	-1.93667597900562	0.00360628389643155	DOWN
DOWN	dnf2_only	medtr.A17.gnm5.ann1_6.MtrunA17Chr5g0429871	MtrunA17Chr5g0429871			medtr.A17.gnm5.MtrunA17Chr5	+	31088707	31098192	-0.0166464432064168	0.999999979788073	NS	-1.93592270592437	0.0226093493622923	DOWN
DOWN	dnf2_only	medtr.A17.gnm5.ann1_6.MtrunA17Chr1g0157091	MtrunA17Chr1g0157091			medtr.A17.gnm5.MtrunA17Chr1	+	8460061	8460989	-0.328865184019442	0.999999979788073	NS	-1.92963127552177	0.0442104456627762	DOWN
DOWN	dnf2_only	medtr.A17.gnm5.ann1_6.MtrunA17Chr8g0376471	MtrunA17Chr8g0376471			medtr.A17.gnm5.MtrunA17Chr8	-	38043453	38047515	0.130946172639183	0.999999979788073	NS	-1.92908130974357	0.0449203830372553	DOWN
DOWN	dnf2_only	medtr.A17.gnm5.ann1_6.MtrunA17Chr6g0459491	MtrunA17Chr6g0459491	MtTML2	TOO MUCH LOVE 2	medtr.A17.gnm5.MtrunA17Chr6	+	8634516	8637944	1.08875543105171	0.999999979788073	NS	-1.92600550551308	0.0298939651731655	DOWN
DOWN	dnf2_only	medtr.A17.gnm5.ann1_6.MtrunA17Chr2g0315561	MtrunA17Chr2g0315561			medtr.A17.gnm5.MtrunA17Chr2	-	37830787	37833973	-0.390513205143677	0.999999979788073	NS	-1.92240316093378	0.000141688967363657	DOWN
DOWN	dnf2_only	medtr.A17.gnm5.ann1_6.MtrunA17Chr4g0072011	MtrunA17Chr4g0072011			medtr.A17.gnm5.MtrunA17Chr4	+	61165761	61169925	-0.995136141523332	0.999999979788073	NS	-1.91954334093381	0.0121077591987484	DOWN
DOWN	dnf2_only	medtr.A17.gnm5.ann1_6.MtrunA17Chr3g0129201	MtrunA17Chr3g0129201			medtr.A17.gnm5.MtrunA17Chr3	+	46746680	46753935	0.229615315589278	0.999999979788073	NS	-1.91694284888427	0.0012911126054525	DOWN
DOWN	dnf2_only	medtr.A17.gnm5.ann1_6.MtrunA17Chr5g0418951	MtrunA17Chr5g0418951	MtNCR265	Nodule-specific Cysteine-Rich peptide	medtr.A17.gnm5.MtrunA17Chr5	+	19332182	19333440	0.986657587179431	0.999999979788073	NS	-1.9158933078022	0.00947532158474855	DOWN
DOWN	dnf2_only	medtr.A17.gnm5.ann1_6.MtrunA17Chr5g0424401	MtrunA17Chr5g0424401			medtr.A17.gnm5.MtrunA17Chr5	-	26328981	26334808	-0.0430957355661133	0.999999979788073	NS	-1.9145302075916	0.0258724411011418	DOWN
DOWN	dnf2_only	medtr.A17.gnm5.ann1_6.MtrunA17Chr2g0326781	MtrunA17Chr2g0326781			medtr.A17.gnm5.MtrunA17Chr2	-	46500054	46509764	-0.13549769171185	0.999999979788073	NS	-1.90875245019394	0.000259280866470547	DOWN
DOWN	dnf2_only	medtr.A17.gnm5.ann1_6.MtrunA17Chr5g0412191	MtrunA17Chr5g0412191			medtr.A17.gnm5.MtrunA17Chr5	-	13644332	13645056	-0.453454454155243	0.999999979788073	NS	-1.90563728514657	0.0274529970381216	DOWN
DOWN	dnf2_only	medtr.A17.gnm5.ann1_6.MtrunA17Chr6g0464921	MtrunA17Chr6g0464921			medtr.A17.gnm5.MtrunA17Chr6	-	14126863	14129588	-1.05066646245027	0.999999979788073	NS	-1.90219418021305	0.0458998017858893	DOWN
DOWN	dnf2_only	medtr.A17.gnm5.ann1_6.MtrunA17Chr2g0289861	MtrunA17Chr2g0289861			medtr.A17.gnm5.MtrunA17Chr2	+	9266469	9268680	-0.283021343182619	0.999999979788073	NS	-1.89814557176231	0.00296510078366056	DOWN
DOWN	dnf2_only	medtr.A17.gnm5.ann1_6.MtrunA17Chr6g0477681	MtrunA17Chr6g0477681			medtr.A17.gnm5.MtrunA17Chr6	+	32434206	32437934	-0.572158405197479	0.999999979788073	NS	-1.89562653410557	0.0174316084409161	DOWN
DOWN	dnf2_only	medtr.A17.gnm5.ann1_6.MtrunA17Chr1g0170321	MtrunA17Chr1g0170321			medtr.A17.gnm5.MtrunA17Chr1	-	19047906	19051191	-0.017327533291183	0.999999979788073	NS	-1.89360491689151	0.0340821586263167	DOWN
DOWN	dnf2_only	medtr.A17.gnm5.ann1_6.MtrunA17Chr8g0342811	MtrunA17Chr8g0342811			medtr.A17.gnm5.MtrunA17Chr8	+	6241402	6248236	-1.23620733650803	0.571465770553731	NS	-1.88904625329571	0.0018246177290443	DOWN
DOWN	dnf2_only	medtr.A17.gnm5.ann1_6.MtrunA17Chr7g0240001	MtrunA17Chr7g0240001	MtNCR075	Nodule-specific Cysteine-Rich peptide	medtr.A17.gnm5.MtrunA17Chr7	-	29858520	29859542	-0.677377336284762	0.999999979788073	NS	-1.88763756339657	0.0154393162940786	DOWN
DOWN	dnf2_only	medtr.A17.gnm5.ann1_6.MtrunA17Chr5g0413721	MtrunA17Chr5g0413721			medtr.A17.gnm5.MtrunA17Chr5	+	14887379	14894475	-0.529948355590999	0.999999979788073	NS	-1.88040311189962	0.00142798162497044	DOWN
DOWN	dnf2_only	medtr.A17.gnm5.ann1_6.MtrunA17Chr5g0428881	MtrunA17Chr5g0428881			medtr.A17.gnm5.MtrunA17Chr5	+	30461138	30465025	0.539642975285618	0.999999979788073	NS	-1.87655994846375	0.0120625538654391	DOWN
DOWN	dnf2_only	medtr.A17.gnm5.ann1_6.MtrunA17Chr8g0357271	MtrunA17Chr8g0357271	MtDefNS7|MtPDF29	symbiotic defensin 7|Plant Defensin 29	medtr.A17.gnm5.MtrunA17Chr8	+	19163404	19164338	-1.22782400761757	0.787189560042425	NS	-1.87589846122744	0.0167873461807304	DOWN
DOWN	dnf2_only	medtr.A17.gnm5.ann1_6.MtrunA17Chr5g0417111	MtrunA17Chr5g0417111			medtr.A17.gnm5.MtrunA17Chr5	-	17756569	17763170	-0.133637096309851	0.999999979788073	NS	-1.87225714685513	0.0118619921508406	DOWN
DOWN	dnf2_only	medtr.A17.gnm5.ann1_6.MtrunA17Chr6g0467521	MtrunA17Chr6g0467521			medtr.A17.gnm5.MtrunA17Chr6	+	16477585	16484099	-0.184770054047826	0.999999979788073	NS	-1.87175495476042	0.00596781179985395	DOWN
DOWN	dnf2_only	medtr.A17.gnm5.ann1_6.MtrunA17Chr1g0148081	MtrunA17Chr1g0148081			medtr.A17.gnm5.MtrunA17Chr1	+	1585196	1587339	-0.38196161469754	0.999999979788073	NS	-1.8715369239232	0.0473771338556664	DOWN
DOWN	dnf2_only	medtr.A17.gnm5.ann1_6.MtrunA17Chr5g0409731	MtrunA17Chr5g0409731			medtr.A17.gnm5.MtrunA17Chr5	-	11436860	11440898	-1.47598525088948	0.285069630523472	NS	-1.87109869502205	0.0117591873909549	DOWN
DOWN	dnf2_only	medtr.A17.gnm5.ann1_6.MtrunA17Chr1g0192651	MtrunA17Chr1g0192651			medtr.A17.gnm5.MtrunA17Chr1	+	41266715	41269957	0.832206493379617	0.999999979788073	NS	-1.86471940145382	0.00311321101526311	DOWN
DOWN	dnf2_only	medtr.A17.gnm5.ann1_6.MtrunA17Chr7g0233651	MtrunA17Chr7g0233651			medtr.A17.gnm5.MtrunA17Chr7	+	24121709	24126810	0.183241124979984	0.999999979788073	NS	-1.86241095596507	0.00178335699744236	DOWN
DOWN	dnf2_only	medtr.A17.gnm5.ann1_6.MtrunA17Chr4g0027771	MtrunA17Chr4g0027771			medtr.A17.gnm5.MtrunA17Chr4	-	28876164	28883893	-0.382458644677742	0.999999979788073	NS	-1.86186098942559	0.0458096777549359	DOWN
DOWN	dnf2_only	medtr.A17.gnm5.ann1_6.MtrunA17Chr6g0488531	MtrunA17Chr6g0488531			medtr.A17.gnm5.MtrunA17Chr6	+	42500287	42501805	-1.57717948860221	0.257974206424828	NS	-1.86138032027621	0.0260155073189276	DOWN
DOWN	dnf2_only	medtr.A17.gnm5.ann1_6.MtrunA17Chr5g0423081	MtrunA17Chr5g0423081			medtr.A17.gnm5.MtrunA17Chr5	-	24837374	24843269	0.0795779949431083	0.999999979788073	NS	-1.86116571704204	0.0141047447407033	DOWN
DOWN	dnf2_only	medtr.A17.gnm5.ann1_6.MtrunA17Chr6g0482271	MtrunA17Chr6g0482271			medtr.A17.gnm5.MtrunA17Chr6	+	36987432	36987737	-0.502209632146677	0.999999979788073	NS	-1.86051972136817	0.0469351075272103	DOWN
DOWN	dnf2_only	medtr.A17.gnm5.ann1_6.MtrunA17Chr7g0239561	MtrunA17Chr7g0239561	MtNCR713	Nodule-specific Cysteine-Rich peptide	medtr.A17.gnm5.MtrunA17Chr7	+	29569573	29570919	0.2976128331113	0.999999979788073	NS	-1.85694524655916	0.0176631066904156	DOWN
DOWN	dnf2_only	medtr.A17.gnm5.ann1_6.MtrunA17Chr7g0246441	MtrunA17Chr7g0246441			medtr.A17.gnm5.MtrunA17Chr7	-	35213609	35217727	-0.426885232314061	0.999999979788073	NS	-1.85668873455023	0.0197520159803834	DOWN
DOWN	dnf2_only	medtr.A17.gnm5.ann1_6.MtrunA17Chr3g0144331	MtrunA17Chr3g0144331			medtr.A17.gnm5.MtrunA17Chr3	+	57723468	57724291	0.0380874778752962	0.999999979788073	NS	-1.85612072834843	0.00754940214566032	DOWN
DOWN	dnf2_only	medtr.A17.gnm5.ann1_6.MtrunA17Chr8g0385781	MtrunA17Chr8g0385781			medtr.A17.gnm5.MtrunA17Chr8	+	44328107	44336649	-0.233117200311904	0.999999979788073	NS	-1.85454964511072	0.0240759628782722	DOWN
DOWN	dnf2_only	medtr.A17.gnm5.ann1_6.MtrunA17Chr4g0070921	MtrunA17Chr4g0070921			medtr.A17.gnm5.MtrunA17Chr4	-	60404874	60413937	0.101722459133058	0.999999979788073	NS	-1.85259992198585	0.0176109958444351	DOWN
DOWN	dnf2_only	medtr.A17.gnm5.ann1_6.MtrunA17Chr7g0259911	MtrunA17Chr7g0259911			medtr.A17.gnm5.MtrunA17Chr7	+	44840480	44847436	0.0501793907482177	0.999999979788073	NS	-1.85140432830922	0.000928963057609417	DOWN
DOWN	dnf2_only	medtr.A17.gnm5.ann1_6.MtrunA17Chr1g0167531	MtrunA17Chr1g0167531	MtNCR057	Nodule-specific Cysteine-Rich peptide	medtr.A17.gnm5.MtrunA17Chr1	-	16454180	16456500	-0.738228239351919	0.999999979788073	NS	-1.8494272940891	0.0169874502564244	DOWN
DOWN	dnf2_only	medtr.A17.gnm5.ann1_6.MtrunA17Chr7g0273951	MtrunA17Chr7g0273951			medtr.A17.gnm5.MtrunA17Chr7	-	54459542	54462688	-0.462065839421649	0.999999979788073	NS	-1.8492973482227	0.00741356519260824	DOWN
DOWN	dnf2_only	medtr.A17.gnm5.ann1_6.MtrunA17Chr1g0155131	MtrunA17Chr1g0155131			medtr.A17.gnm5.MtrunA17Chr1	+	7041082	7042990	-0.173997891079554	0.999999979788073	NS	-1.84927884517793	0.0299402607666316	DOWN
DOWN	dnf2_only	medtr.A17.gnm5.ann1_6.MtrunA17Chr1g0192551	MtrunA17Chr1g0192551			medtr.A17.gnm5.MtrunA17Chr1	+	41174019	41181909	0.635114053603018	0.999999979788073	NS	-1.84870560570176	0.00269045785400929	DOWN
DOWN	dnf2_only	medtr.A17.gnm5.ann1_6.MtrunA17Chr4g0041111	MtrunA17Chr4g0041111			medtr.A17.gnm5.MtrunA17Chr4	+	38853259	38854357	0.436958859808205	0.999999979788073	NS	-1.84698999912479	0.00324733036726599	DOWN
DOWN	dnf2_only	medtr.A17.gnm5.ann1_6.MtrunA17Chr7g0239951	MtrunA17Chr7g0239951	MtNCR716	Nodule-specific Cysteine-Rich peptide	medtr.A17.gnm5.MtrunA17Chr7	+	29844840	29847442	-0.289125628331176	0.999999979788073	NS	-1.84234772920533	0.00694003236489151	DOWN
DOWN	dnf2_only	medtr.A17.gnm5.ann1_6.MtrunA17Chr8g0372931	MtrunA17Chr8g0372931			medtr.A17.gnm5.MtrunA17Chr8	-	35252922	35260420	-0.920422615885468	0.999999979788073	NS	-1.84230346965462	0.0114607687808688	DOWN
DOWN	dnf2_only	medtr.A17.gnm5.ann1_6.MtrunA17Chr2g0314261	MtrunA17Chr2g0314261	MtNCR185	Nodule-specific Cysteine-Rich peptide	medtr.A17.gnm5.MtrunA17Chr2	+	36749759	36752253	0.403117544321285	0.999999979788073	NS	-1.84111167888839	0.00686909692729683	DOWN
DOWN	dnf2_only	medtr.A17.gnm5.ann1_6.MtrunA17Chr4g0043631	MtrunA17Chr4g0043631			medtr.A17.gnm5.MtrunA17Chr4	+	40650171	40655162	-0.534906871892429	0.999999979788073	NS	-1.84094341070748	0.0204729537322147	DOWN
DOWN	dnf2_only	medtr.A17.gnm5.ann1_6.MtrunA17Chr3g0083411	MtrunA17Chr3g0083411			medtr.A17.gnm5.MtrunA17Chr3	+	4990882	4991146	0.995900620362618	0.999999979788073	NS	-1.83944015325621	0.0124013097016006	DOWN
DOWN	dnf2_only	medtr.A17.gnm5.ann1_6.MtrunA17Chr8g0362711	MtrunA17Chr8g0362711			medtr.A17.gnm5.MtrunA17Chr8	-	27225952	27234338	0.398841186788517	0.999999979788073	NS	-1.83890251152579	0.0199006175828179	DOWN
DOWN	dnf2_only	medtr.A17.gnm5.ann1_6.MtrunA17Chr7g0273401	MtrunA17Chr7g0273401			medtr.A17.gnm5.MtrunA17Chr7	-	54088613	54090370	-0.512113996365939	0.999999979788073	NS	-1.83822873245033	0.047953534482326	DOWN
DOWN	dnf2_only	medtr.A17.gnm5.ann1_6.MtrunA17Chr4g0026011	MtrunA17Chr4g0026011			medtr.A17.gnm5.MtrunA17Chr4	+	27009585	27013250	-0.0790815765071256	0.999999979788073	NS	-1.83659387176236	0.047413059770476	DOWN
DOWN	dnf2_only	medtr.A17.gnm5.ann1_6.MtrunA17Chr3g0143931	MtrunA17Chr3g0143931			medtr.A17.gnm5.MtrunA17Chr3	-	57411790	57429429	-0.573789029412104	0.999999979788073	NS	-1.83628341922572	0.00164282596921621	DOWN
DOWN	dnf2_only	medtr.A17.gnm5.ann1_6.MtrunA17Chr4g0038851	MtrunA17Chr4g0038851			medtr.A17.gnm5.MtrunA17Chr4	+	37114308	37116665	-1.49055415733739	0.423301817123373	NS	-1.83056953863735	0.0479911750909795	DOWN
DOWN	dnf2_only	medtr.A17.gnm5.ann1_6.MtrunA17Chr5g0394501	MtrunA17Chr5g0394501			medtr.A17.gnm5.MtrunA17Chr5	+	880579	893502	-0.19856073791513	0.999999979788073	NS	-1.83011899556214	0.0015558259168203	DOWN
DOWN	dnf2_only	medtr.A17.gnm5.ann1_6.MtrunA17Chr4g0025481	MtrunA17Chr4g0025481			medtr.A17.gnm5.MtrunA17Chr4	-	26302849	26305929	0.623438959105603	0.999999979788073	NS	-1.82823039417312	0.00961402441934761	DOWN
DOWN	dnf2_only	medtr.A17.gnm5.ann1_6.MtrunA17Chr3g0113291	MtrunA17Chr3g0113291			medtr.A17.gnm5.MtrunA17Chr3	-	35018865	35022049	-0.355079009007349	0.999999979788073	NS	-1.8257104959031	0.00465861843809708	DOWN
DOWN	dnf2_only	medtr.A17.gnm5.ann1_6.MtrunA17Chr3g0126581	MtrunA17Chr3g0126581			medtr.A17.gnm5.MtrunA17Chr3	+	44877069	44883392	-0.765306784693819	0.999999979788073	NS	-1.82536007152604	0.0132733706454265	DOWN
DOWN	dnf2_only	medtr.A17.gnm5.ann1_6.MtrunA17Chr7g0235221	MtrunA17Chr7g0235221	MtNCR774	Nodule-specific Cysteine-Rich peptide	medtr.A17.gnm5.MtrunA17Chr7	+	25596009	25596913	-0.400575467515345	0.999999979788073	NS	-1.82396611801587	0.0442104456627762	DOWN
DOWN	dnf2_only	medtr.A17.gnm5.ann1_6.MtrunA17Chr2g0296121	MtrunA17Chr2g0296121			medtr.A17.gnm5.MtrunA17Chr2	-	14486555	14488347	-1.51772369108101	0.248638417607077	NS	-1.81763408572461	0.0177953075778715	DOWN
DOWN	dnf2_only	medtr.A17.gnm5.ann1_6.MtrunA17Chr8g0359931	MtrunA17Chr8g0359931			medtr.A17.gnm5.MtrunA17Chr8	-	23763568	23766816	-0.741464723958634	0.999999979788073	NS	-1.81311998843036	0.0325858964453433	DOWN
DOWN	dnf2_only	medtr.A17.gnm5.ann1_6.MtrunA17Chr1g0206601	MtrunA17Chr1g0206601			medtr.A17.gnm5.MtrunA17Chr1	+	51480493	51487333	0.556468674364671	0.999999979788073	NS	-1.81153912134539	0.0290595268236346	DOWN
DOWN	dnf2_only	medtr.A17.gnm5.ann1_6.MtrunA17Chr1g0155701	MtrunA17Chr1g0155701	MtBGAL2	beta-galactosidase 2	medtr.A17.gnm5.MtrunA17Chr1	+	7414540	7420253	-0.519910530806367	0.999999979788073	NS	-1.8097939642595	0.0134077810762385	DOWN
DOWN	dnf2_only	medtr.A17.gnm5.ann1_6.MtrunA17Chr7g0216321	MtrunA17Chr7g0216321			medtr.A17.gnm5.MtrunA17Chr7	+	2025297	2025847	0.255493246834108	0.999999979788073	NS	-1.80879922873508	0.0319722361661612	DOWN
DOWN	dnf2_only	medtr.A17.gnm5.ann1_6.MtrunA17Chr7g0239601	MtrunA17Chr7g0239601			medtr.A17.gnm5.MtrunA17Chr7	+	29582314	29586180	0.290049626779878	0.999999979788073	NS	-1.80351480415872	0.00129259696992306	DOWN
DOWN	dnf2_only	medtr.A17.gnm5.ann1_6.MtrunA17Chr3g0105301	MtrunA17Chr3g0105301			medtr.A17.gnm5.MtrunA17Chr3	+	29259129	29263847	-0.57747907251974	0.999999979788073	NS	-1.80219512379916	0.0171212539808725	DOWN
DOWN	dnf2_only	medtr.A17.gnm5.ann1_6.MtrunA17Chr1g0198861	MtrunA17Chr1g0198861			medtr.A17.gnm5.MtrunA17Chr1	-	45763914	45769809	-0.311079526139334	0.999999979788073	NS	-1.79996709520434	0.0350472844691744	DOWN
DOWN	dnf2_only	medtr.A17.gnm5.ann1_6.MtrunA17Chr7g0252431	MtrunA17Chr7g0252431			medtr.A17.gnm5.MtrunA17Chr7	-	39363579	39367242	-0.870162342080798	0.999999979788073	NS	-1.79881736247213	0.000850063375549084	DOWN
DOWN	dnf2_only	medtr.A17.gnm5.ann1_6.MtrunA17Chr5g0429381	MtrunA17Chr5g0429381	MtNCR315	Nodule-specific Cysteine-Rich peptide	medtr.A17.gnm5.MtrunA17Chr5	+	30797536	30798323	0.0437329593862772	0.999999979788073	NS	-1.79830605595248	0.0368180752193423	DOWN
DOWN	dnf2_only	medtr.A17.gnm5.ann1_6.MtrunA17Chr3g0130391	MtrunA17Chr3g0130391	MtGA20ox5	Gibberellin 20 oxidase|gibberellin biosynthesis	medtr.A17.gnm5.MtrunA17Chr3	-	47574361	47577250	-0.827480641883998	0.999999979788073	NS	-1.79481714140555	0.0472065121670696	DOWN
DOWN	dnf2_only	medtr.A17.gnm5.ann1_6.MtrunA17Chr4g0006291	MtrunA17Chr4g0006291	MtNCR421	Nodule-specific Cysteine-Rich peptide	medtr.A17.gnm5.MtrunA17Chr4	-	5006334	5007184	-0.30543570874129	0.999999979788073	NS	-1.79450221043211	0.0422212682899486	DOWN
DOWN	dnf2_only	medtr.A17.gnm5.ann1_6.MtrunA17Chr7g0247031	MtrunA17Chr7g0247031			medtr.A17.gnm5.MtrunA17Chr7	+	35586350	35589471	-0.457183122356859	0.999999979788073	NS	-1.79425328854277	0.00291972776001336	DOWN
DOWN	dnf2_only	medtr.A17.gnm5.ann1_6.MtrunA17Chr7g0227961	MtrunA17Chr7g0227961			medtr.A17.gnm5.MtrunA17Chr7	-	13104290	13108879	-0.728139286654502	0.999999979788073	NS	-1.79375374759833	0.00168009356884907	DOWN
DOWN	dnf2_only	medtr.A17.gnm5.ann1_6.MtrunA17Chr8g0380661	MtrunA17Chr8g0380661			medtr.A17.gnm5.MtrunA17Chr8	+	40940336	40943863	-0.411570244062426	0.999999979788073	NS	-1.79308476950588	0.00130341038458296	DOWN
DOWN	dnf2_only	medtr.A17.gnm5.ann1_6.MtrunA17Chr1g0181171	MtrunA17Chr1g0181171			medtr.A17.gnm5.MtrunA17Chr1	-	32237508	32238546	0.348912816443769	0.999999979788073	NS	-1.79260655121171	0.00836316800727618	DOWN
DOWN	dnf2_only	medtr.A17.gnm5.ann1_6.MtrunA17Chr6g0483331	MtrunA17Chr6g0483331	MtMATE34	multidrug and toxic compound extrusion family	medtr.A17.gnm5.MtrunA17Chr6	-	37850082	37855279	-0.666428231914964	0.999999979788073	NS	-1.79237622131774	0.0135698494016313	DOWN
DOWN	dnf2_only	medtr.A17.gnm5.ann1_6.MtrunA17Chr7g0240051	MtrunA17Chr7g0240051			medtr.A17.gnm5.MtrunA17Chr7	-	29877980	29878951	-0.23202181149795	0.999999979788073	NS	-1.79183399896146	0.0149407958091455	DOWN
DOWN	dnf2_only	medtr.A17.gnm5.ann1_6.MtrunA17Chr3g0145361	MtrunA17Chr3g0145361			medtr.A17.gnm5.MtrunA17Chr3	-	58482528	58484939	0.401634448956465	0.999999979788073	NS	-1.79153328921492	0.00561032142943692	DOWN
DOWN	dnf2_only	medtr.A17.gnm5.ann1_6.MtrunA17Chr5g0397651	MtrunA17Chr5g0397651			medtr.A17.gnm5.MtrunA17Chr5	-	2813222	2817474	-0.688871868364064	0.999999979788073	NS	-1.79013888213064	0.0204731221202327	DOWN
DOWN	dnf2_only	medtr.A17.gnm5.ann1_6.MtrunA17Chr7g0247011	MtrunA17Chr7g0247011			medtr.A17.gnm5.MtrunA17Chr7	+	35581534	35584801	-0.910353534605494	0.999999979788073	NS	-1.786572860236	0.0212303218787931	DOWN
DOWN	dnf2_only	medtr.A17.gnm5.ann1_6.MtrunA17Chr4g0069431	MtrunA17Chr4g0069431			medtr.A17.gnm5.MtrunA17Chr4	+	59352035	59362254	-0.301792487375841	0.999999979788073	NS	-1.78580249644146	0.00669847663438203	DOWN
DOWN	dnf2_only	medtr.A17.gnm5.ann1_6.MtrunA17Chr7g0263551	MtrunA17Chr7g0263551			medtr.A17.gnm5.MtrunA17Chr7	+	47323218	47326221	1.3706077023402	0.370976163700621	NS	-1.78576711258946	0.0311230687786694	DOWN
DOWN	dnf2_only	medtr.A17.gnm5.ann1_6.MtrunA17Chr3g0117971	MtrunA17Chr3g0117971			medtr.A17.gnm5.MtrunA17Chr3	+	38767280	38768666	-0.434413176895965	0.999999979788073	NS	-1.78382895166168	0.0422837372304062	DOWN
DOWN	dnf2_only	medtr.A17.gnm5.ann1_6.MtrunA17Chr2g0324661	MtrunA17Chr2g0324661			medtr.A17.gnm5.MtrunA17Chr2	+	44767589	44770190	-0.428673029249144	0.999999979788073	NS	-1.78114438090889	0.0130691882996102	DOWN
DOWN	dnf2_only	medtr.A17.gnm5.ann1_6.MtrunA17Chr1g0196531	MtrunA17Chr1g0196531			medtr.A17.gnm5.MtrunA17Chr1	-	44056677	44062056	-0.675325407022711	0.999999979788073	NS	-1.77819352525808	0.00293601555272753	DOWN
DOWN	dnf2_only	medtr.A17.gnm5.ann1_6.MtrunA17Chr1g0206591	MtrunA17Chr1g0206591			medtr.A17.gnm5.MtrunA17Chr1	-	51478740	51485218	0.289703407048527	0.999999979788073	NS	-1.77532297457722	0.0157527074365886	DOWN
DOWN	dnf2_only	medtr.A17.gnm5.ann1_6.MtrunA17Chr4g0001101	MtrunA17Chr4g0001101			medtr.A17.gnm5.MtrunA17Chr4	+	721252	722595	0.224592166339089	0.999999979788073	NS	-1.77461904314588	0.0305707199661277	DOWN
DOWN	dnf2_only	medtr.A17.gnm5.ann1_6.MtrunA17Chr7g0236271	MtrunA17Chr7g0236271			medtr.A17.gnm5.MtrunA17Chr7	+	26516698	26519302	0.970501781755993	0.999999979788073	NS	-1.77041670009484	0.0301041035567292	DOWN
DOWN	dnf2_only	medtr.A17.gnm5.ann1_6.MtrunA17Chr4g0060261	MtrunA17Chr4g0060261			medtr.A17.gnm5.MtrunA17Chr4	-	52721504	52728841	-0.144866136292389	0.999999979788073	NS	-1.76936527604192	0.00107705861922404	DOWN
DOWN	dnf2_only	medtr.A17.gnm5.ann1_6.MtrunA17Chr6g0450791	MtrunA17Chr6g0450791			medtr.A17.gnm5.MtrunA17Chr6	+	1500676	1511545	-0.240578066124486	0.999999979788073	NS	-1.76658879360969	0.00218748762923486	DOWN
DOWN	dnf2_only	medtr.A17.gnm5.ann1_6.MtrunA17Chr5g0404831	MtrunA17Chr5g0404831			medtr.A17.gnm5.MtrunA17Chr5	+	8153873	8156561	0.00699553847833469	0.999999979788073	NS	-1.76536277245046	0.0261037875138829	DOWN
DOWN	dnf2_only	medtr.A17.gnm5.ann1_6.MtrunA17Chr5g0429371	MtrunA17Chr5g0429371			medtr.A17.gnm5.MtrunA17Chr5	-	30796241	30800539	0.0210379705505685	0.999999979788073	NS	-1.7645308119721	0.0455965711025471	DOWN
DOWN	dnf2_only	medtr.A17.gnm5.ann1_6.MtrunA17Chr7g0224341	MtrunA17Chr7g0224341	MtNCR180	Nodule-specific Cysteine-Rich peptide	medtr.A17.gnm5.MtrunA17Chr7	-	9544213	9546914	-0.23621712638295	0.999999979788073	NS	-1.76158821851196	0.0468092534683686	DOWN
DOWN	dnf2_only	medtr.A17.gnm5.ann1_6.MtrunA17Chr3g0134481	MtrunA17Chr3g0134481	MtRRB1|MtRR1	type-B response regulator	medtr.A17.gnm5.MtrunA17Chr3	-	50735469	50736811	-0.201279941345409	0.999999979788073	NS	-1.75893874940607	0.04716695428407	DOWN
DOWN	dnf2_only	medtr.A17.gnm5.ann1_6.MtrunA17Chr2g0295411	MtrunA17Chr2g0295411	MtPLD14	phospholipase D14	medtr.A17.gnm5.MtrunA17Chr2	-	13840286	13859001	-0.708737830033502	0.999999979788073	NS	-1.75890960428434	0.00617922801162981	DOWN
DOWN	dnf2_only	medtr.A17.gnm5.ann1_6.MtrunA17Chr8g0352981	MtrunA17Chr8g0352981			medtr.A17.gnm5.MtrunA17Chr8	+	14755186	14755552	-0.0545071782977415	0.999999979788073	NS	-1.750468579507	0.00212123831104371	DOWN
DOWN	dnf2_only	medtr.A17.gnm5.ann1_6.MtrunA17Chr7g0267951	MtrunA17Chr7g0267951			medtr.A17.gnm5.MtrunA17Chr7	-	50533252	50537633	0.173490799897223	0.999999979788073	NS	-1.75007636429755	0.00311605066876758	DOWN
DOWN	dnf2_only	medtr.A17.gnm5.ann1_6.MtrunA17Chr1g0179311	MtrunA17Chr1g0179311			medtr.A17.gnm5.MtrunA17Chr1	-	30638348	30640389	-0.781791764917144	0.999999979788073	NS	-1.74754076401818	0.0357940639832368	DOWN
DOWN	dnf2_only	medtr.A17.gnm5.ann1_6.MtrunA17Chr3g0140911	MtrunA17Chr3g0140911	MtSUT4-2|MtSUT4.2	sucrose transporter	medtr.A17.gnm5.MtrunA17Chr3	+	55270562	55280374	0.791097073390545	0.999999979788073	NS	-1.74318866958309	0.00465816353111603	DOWN
DOWN	dnf2_only	medtr.A17.gnm5.ann1_6.MtrunA17Chr2g0328581	MtrunA17Chr2g0328581			medtr.A17.gnm5.MtrunA17Chr2	+	47837255	47841343	0.20344566623701	0.999999979788073	NS	-1.74239184798734	0.0103040294437892	DOWN
DOWN	dnf2_only	medtr.A17.gnm5.ann1_6.MtrunA17Chr1g0149461	MtrunA17Chr1g0149461			medtr.A17.gnm5.MtrunA17Chr1	-	2602664	2606610	0.331959281437464	0.999999979788073	NS	-1.73976946421654	0.0301686286834767	DOWN
DOWN	dnf2_only	medtr.A17.gnm5.ann1_6.MtrunA17Chr8g0370921	MtrunA17Chr8g0370921			medtr.A17.gnm5.MtrunA17Chr8	+	33976175	33977782	-0.407120252146658	0.999999979788073	NS	-1.73729938677623	0.00692433827671543	DOWN
DOWN	dnf2_only	medtr.A17.gnm5.ann1_6.MtrunA17Chr6g0455641	MtrunA17Chr6g0455641			medtr.A17.gnm5.MtrunA17Chr6	+	5662181	5666219	-0.210516128859569	0.999999979788073	NS	-1.73414431904225	0.00526550312375257	DOWN
DOWN	dnf2_only	medtr.A17.gnm5.ann1_6.MtrunA17Chr7g0258941	MtrunA17Chr7g0258941			medtr.A17.gnm5.MtrunA17Chr7	+	44069119	44073223	-0.769892961221059	0.999999979788073	NS	-1.73373941720468	0.0118008253189743	DOWN
DOWN	dnf2_only	medtr.A17.gnm5.ann1_6.MtrunA17Chr6g0452941	MtrunA17Chr6g0452941			medtr.A17.gnm5.MtrunA17Chr6	+	3229178	3234883	0.193448762858516	0.999999979788073	NS	-1.73320262556698	0.0251455952182335	DOWN
DOWN	dnf2_only	medtr.A17.gnm5.ann1_6.MtrunA17Chr7g0261851	MtrunA17Chr7g0261851	MtNPF5.5	NRT1/ PTR FAMILY|nitrate transporter / peptide transporter	medtr.A17.gnm5.MtrunA17Chr7	-	46134369	46137385	-0.349176484906232	0.999999979788073	NS	-1.73237757333321	0.0108443497107876	DOWN
DOWN	dnf2_only	medtr.A17.gnm5.ann1_6.MtrunA17Chr2g0325101	MtrunA17Chr2g0325101	MtROP8	Rho-related GTPase 8 (EU164777)	medtr.A17.gnm5.MtrunA17Chr2	-	45107942	45110489	-0.0745202370225671	0.999999979788073	NS	-1.72981143671638	0.00135390361893592	DOWN
DOWN	dnf2_only	medtr.A17.gnm5.ann1_6.MtrunA17Chr5g0425141	MtrunA17Chr5g0425141			medtr.A17.gnm5.MtrunA17Chr5	+	27168709	27173979	0.124757552066396	0.999999979788073	NS	-1.72925501894936	0.0182958614122555	DOWN
DOWN	dnf2_only	medtr.A17.gnm5.ann1_6.MtrunA17Chr3g0123041	MtrunA17Chr3g0123041			medtr.A17.gnm5.MtrunA17Chr3	+	42346625	42356827	-0.183968587098752	0.999999979788073	NS	-1.72879576290552	0.00691949215108181	DOWN
DOWN	dnf2_only	medtr.A17.gnm5.ann1_6.MtrunA17Chr4g0001391	MtrunA17Chr4g0001391			medtr.A17.gnm5.MtrunA17Chr4	-	963969	966128	-0.501669279533899	0.999999979788073	NS	-1.72772496533338	0.00499892959955038	DOWN
DOWN	dnf2_only	medtr.A17.gnm5.ann1_6.MtrunA17Chr1g0203121	MtrunA17Chr1g0203121			medtr.A17.gnm5.MtrunA17Chr1	+	49026672	49036375	-0.532833538200973	0.999999979788073	NS	-1.72613801033061	0.0305565413191073	DOWN
DOWN	dnf2_only	medtr.A17.gnm5.ann1_6.MtrunA17Chr1g0194751	MtrunA17Chr1g0194751			medtr.A17.gnm5.MtrunA17Chr1	-	42838019	42840573	-0.536841849428926	0.999999979788073	NS	-1.71954963830122	0.0425670424451889	DOWN
DOWN	dnf2_only	medtr.A17.gnm5.ann1_6.MtrunA17Chr4g0065571	MtrunA17Chr4g0065571			medtr.A17.gnm5.MtrunA17Chr4	-	56629515	56633574	-0.0406786922965165	0.999999979788073	NS	-1.71932111252547	0.0241612945880298	DOWN
DOWN	dnf2_only	medtr.A17.gnm5.ann1_6.MtrunA17Chr6g0470991	MtrunA17Chr6g0470991			medtr.A17.gnm5.MtrunA17Chr6	-	21527503	21529256	-0.584936294232463	0.999999979788073	NS	-1.71908262679045	0.0480064725413756	DOWN
DOWN	dnf2_only	medtr.A17.gnm5.ann1_6.MtrunA17Chr3g0088531	MtrunA17Chr3g0088531			medtr.A17.gnm5.MtrunA17Chr3	-	9869071	9871068	-0.161086628664131	0.999999979788073	NS	-1.69304097078166	0.0343038849273315	DOWN
DOWN	dnf2_only	medtr.A17.gnm5.ann1_6.MtrunA17Chr3g0094081	MtrunA17Chr3g0094081			medtr.A17.gnm5.MtrunA17Chr3	-	16552318	16567806	0.5807181671173	0.999999979788073	NS	-1.69179743778999	0.0102675887198147	DOWN
DOWN	dnf2_only	medtr.A17.gnm5.ann1_6.MtrunA17Chr6g0462841	MtrunA17Chr6g0462841			medtr.A17.gnm5.MtrunA17Chr6	+	11870425	11874860	-0.466251480542784	0.999999979788073	NS	-1.69064996910993	0.0102232436116524	DOWN
DOWN	dnf2_only	medtr.A17.gnm5.ann1_6.MtrunA17Chr8g0366111	MtrunA17Chr8g0366111			medtr.A17.gnm5.MtrunA17Chr8	-	30048222	30054963	0.425243255046614	0.999999979788073	NS	-1.68551978720214	0.00258006560344153	DOWN
DOWN	dnf2_only	medtr.A17.gnm5.ann1_6.MtrunA17Chr5g0424971	MtrunA17Chr5g0424971			medtr.A17.gnm5.MtrunA17Chr5	+	27017041	27019915	-0.583036237896203	0.999999979788073	NS	-1.68330410010345	0.0403302960824547	DOWN
DOWN	dnf2_only	medtr.A17.gnm5.ann1_6.MtrunA17Chr1g0146421	MtrunA17Chr1g0146421			medtr.A17.gnm5.MtrunA17Chr1	-	299539	304678	-0.670537937677696	0.999999979788073	NS	-1.6819949588425	0.00658249211271343	DOWN
DOWN	dnf2_only	medtr.A17.gnm5.ann1_6.MtrunA17Chr7g0262541	MtrunA17Chr7g0262541			medtr.A17.gnm5.MtrunA17Chr7	+	46630620	46632808	-0.292094995310822	0.999999979788073	NS	-1.68008479524064	0.015740970989983	DOWN
DOWN	dnf2_only	medtr.A17.gnm5.ann1_6.MtrunA17Chr2g0329091	MtrunA17Chr2g0329091			medtr.A17.gnm5.MtrunA17Chr2	+	48179680	48182408	-0.392988194533642	0.999999979788073	NS	-1.67971910172984	0.0324395830824689	DOWN
DOWN	dnf2_only	medtr.A17.gnm5.ann1_6.MtrunA17Chr1g0211711	MtrunA17Chr1g0211711	MtJMJ12	Histone demethylase JmjC domain-containing	medtr.A17.gnm5.MtrunA17Chr1	+	55203937	55217513	-0.119152700328991	0.999999979788073	NS	-1.67901478618378	0.0235079172869126	DOWN
DOWN	dnf2_only	medtr.A17.gnm5.ann1_6.MtrunA17Chr5g0424851	MtrunA17Chr5g0424851			medtr.A17.gnm5.MtrunA17Chr5	-	26896104	26901047	-0.307744441413719	0.999999979788073	NS	-1.67682149124894	0.0235079172869126	DOWN
DOWN	dnf2_only	medtr.A17.gnm5.ann1_6.MtrunA17Chr5g0403421	MtrunA17Chr5g0403421			medtr.A17.gnm5.MtrunA17Chr5	+	7225011	7229691	0.202982276638359	0.999999979788073	NS	-1.67646936476263	0.0479032537785946	DOWN
DOWN	dnf2_only	medtr.A17.gnm5.ann1_6.MtrunA17Chr1g0193131	MtrunA17Chr1g0193131			medtr.A17.gnm5.MtrunA17Chr1	+	41610872	41614039	0.335044962678301	0.999999979788073	NS	-1.67589530526667	0.0136794097117598	DOWN
DOWN	dnf2_only	medtr.A17.gnm5.ann1_6.MtrunA17Chr1g0171621	MtrunA17Chr1g0171621			medtr.A17.gnm5.MtrunA17Chr1	+	20355548	20358709	0.00421517343456789	0.999999979788073	NS	-1.67079187314901	0.0347157208261154	DOWN
DOWN	dnf2_only	medtr.A17.gnm5.ann1_6.MtrunA17Chr7g0224701	MtrunA17Chr7g0224701	MtNCR452	Nodule-specific Cysteine-Rich peptide	medtr.A17.gnm5.MtrunA17Chr7	-	10050493	10052497	-0.446498991444856	0.999999979788073	NS	-1.66937096484549	0.0313314814245345	DOWN
DOWN	dnf2_only	medtr.A17.gnm5.ann1_6.MtrunA17Chr8g0336661	MtrunA17Chr8g0336661			medtr.A17.gnm5.MtrunA17Chr8	-	1830073	1840129	-0.179806047596198	0.999999979788073	NS	-1.66724876458314	0.0318759710879189	DOWN
DOWN	dnf2_only	medtr.A17.gnm5.ann1_6.MtrunA17Chr2g0320821	MtrunA17Chr2g0320821	MtNCR571	Nodule-specific Cysteine-Rich peptide	medtr.A17.gnm5.MtrunA17Chr2	-	42019749	42021837	-0.0806234728560353	0.999999979788073	NS	-1.66365399433568	0.0282490821255879	DOWN
DOWN	dnf2_only	medtr.A17.gnm5.ann1_6.MtrunA17Chr8g0393101	MtrunA17Chr8g0393101			medtr.A17.gnm5.MtrunA17Chr8	+	49489048	49490968	-0.249470820035665	0.999999979788073	NS	-1.66330827470504	0.0223860727258853	DOWN
DOWN	dnf2_only	medtr.A17.gnm5.ann1_6.MtrunA17Chr3g0124061	MtrunA17Chr3g0124061			medtr.A17.gnm5.MtrunA17Chr3	-	43007538	43009421	0.465655470128707	0.999999979788073	NS	-1.64963076236938	0.0255936560765501	DOWN
DOWN	dnf2_only	medtr.A17.gnm5.ann1_6.MtrunA17Chr5g0422621	MtrunA17Chr5g0422621			medtr.A17.gnm5.MtrunA17Chr5	+	24435748	24438365	3.67125774807392	1.2388294285629e-06	UP	-1.64855452054264	0.0238635511892642	DOWN
DOWN	dnf2_only	medtr.A17.gnm5.ann1_6.MtrunA17Chr2g0317771	MtrunA17Chr2g0317771			medtr.A17.gnm5.MtrunA17Chr2	-	39571315	39572935	0.310859560349603	0.999999979788073	NS	-1.64842081268742	0.00380392706589605	DOWN
DOWN	dnf2_only	medtr.A17.gnm5.ann1_6.MtrunA17Chr3g0122821	MtrunA17Chr3g0122821			medtr.A17.gnm5.MtrunA17Chr3	+	42199025	42205546	-0.12472805883581	0.999999979788073	NS	-1.64778758172674	0.0180416858053251	DOWN
DOWN	dnf2_only	medtr.A17.gnm5.ann1_6.MtrunA17Chr1g0198371	MtrunA17Chr1g0198371	MtNCR012	Nodule-specific Cysteine-Rich peptide	medtr.A17.gnm5.MtrunA17Chr1	+	45382231	45382863	-0.331380268890055	0.999999979788073	NS	-1.64704630079937	0.0276292208882411	DOWN
DOWN	dnf2_only	medtr.A17.gnm5.ann1_6.MtrunA17Chr3g0126811	MtrunA17Chr3g0126811			medtr.A17.gnm5.MtrunA17Chr3	-	45063029	45064765	-0.590732179729692	0.999999979788073	NS	-1.64638273430364	0.0276042906210649	DOWN
DOWN	dnf2_only	medtr.A17.gnm5.ann1_6.MtrunA17Chr6g0452711	MtrunA17Chr6g0452711			medtr.A17.gnm5.MtrunA17Chr6	+	3048344	3066449	-0.703379450423141	0.999999979788073	NS	-1.64551646653306	0.00486510891661227	DOWN
DOWN	dnf2_only	medtr.A17.gnm5.ann1_6.MtrunA17Chr2g0314491	MtrunA17Chr2g0314491			medtr.A17.gnm5.MtrunA17Chr2	-	36933447	36938431	-0.333272869801652	0.999999979788073	NS	-1.64428914476502	0.03544828355861	DOWN
DOWN	dnf2_only	medtr.A17.gnm5.ann1_6.MtrunA17Chr4g0001381	MtrunA17Chr4g0001381			medtr.A17.gnm5.MtrunA17Chr4	+	961141	964876	-0.368189747695035	0.999999979788073	NS	-1.64115088890714	0.00810550593439565	DOWN
DOWN	dnf2_only	medtr.A17.gnm5.ann1_6.MtrunA17Chr3g0118241	MtrunA17Chr3g0118241			medtr.A17.gnm5.MtrunA17Chr3	-	38931330	38931854	-0.20044897694523	0.999999979788073	NS	-1.63537611848509	0.00960227317791633	DOWN
DOWN	dnf2_only	medtr.A17.gnm5.ann1_6.MtrunA17Chr4g0059711	MtrunA17Chr4g0059711			medtr.A17.gnm5.MtrunA17Chr4	-	52290328	52290859	1.26832488720076	0.365571268752182	NS	-1.63362505645029	0.00681915921915843	DOWN
DOWN	dnf2_only	medtr.A17.gnm5.ann1_6.MtrunA17Chr3g0139221	MtrunA17Chr3g0139221			medtr.A17.gnm5.MtrunA17Chr3	-	53977386	53979986	0.243689177223765	0.999999979788073	NS	-1.62407567171839	0.0057970146948263	DOWN
DOWN	dnf2_only	medtr.A17.gnm5.ann1_6.MtrunA17Chr3g0130841	MtrunA17Chr3g0130841			medtr.A17.gnm5.MtrunA17Chr3	+	47877674	47885300	-0.613329680301863	0.999999979788073	NS	-1.6235783947077	0.00871120410116411	DOWN
DOWN	dnf2_only	medtr.A17.gnm5.ann1_6.MtrunA17Chr5g0407791	MtrunA17Chr5g0407791			medtr.A17.gnm5.MtrunA17Chr5	-	10175074	10183782	-0.163957072412812	0.999999979788073	NS	-1.62086025148101	0.035829564605038	DOWN
DOWN	dnf2_only	medtr.A17.gnm5.ann1_6.MtrunA17Chr4g0011481	MtrunA17Chr4g0011481			medtr.A17.gnm5.MtrunA17Chr4	-	8991157	8995512	-0.0032514648110054	0.999999979788073	NS	-1.62033057195099	0.00721361740127418	DOWN
DOWN	dnf2_only	medtr.A17.gnm5.ann1_6.MtrunA17Chr5g0433261	MtrunA17Chr5g0433261			medtr.A17.gnm5.MtrunA17Chr5	+	33772260	33778520	-0.345584754036401	0.999999979788073	NS	-1.61704727893996	0.00859195126792582	DOWN
DOWN	dnf2_only	medtr.A17.gnm5.ann1_6.MtrunA17Chr3g0102531	MtrunA17Chr3g0102531			medtr.A17.gnm5.MtrunA17Chr3	-	27057289	27064471	-0.692298600220791	0.999999979788073	NS	-1.61626242392757	0.0317234649965148	DOWN
DOWN	dnf2_only	medtr.A17.gnm5.ann1_6.MtrunA17Chr8g0350171	MtrunA17Chr8g0350171			medtr.A17.gnm5.MtrunA17Chr8	+	12292738	12293333	-0.227190350908752	0.999999979788073	NS	-1.60782929747276	0.0287106944881922	DOWN
DOWN	dnf2_only	medtr.A17.gnm5.ann1_6.MtrunA17Chr2g0306721	MtrunA17Chr2g0306721	MtNCR799	Nodule-specific Cysteine-Rich peptide	medtr.A17.gnm5.MtrunA17Chr2	+	28807787	28812283	-0.132913604742951	0.999999979788073	NS	-1.6046541651723	0.0434114784068944	DOWN
DOWN	dnf2_only	medtr.A17.gnm5.ann1_6.MtrunA17Chr7g0258551	MtrunA17Chr7g0258551			medtr.A17.gnm5.MtrunA17Chr7	-	43800558	43803288	-0.0660916324188047	0.999999979788073	NS	-1.60326416101137	0.0317120991244493	DOWN
DOWN	dnf2_only	medtr.A17.gnm5.ann1_6.MtrunA17Chr1g0178601	MtrunA17Chr1g0178601			medtr.A17.gnm5.MtrunA17Chr1	-	30066994	30069963	-0.960061954187364	0.999999979788073	NS	-1.60031104821742	0.0245231664712336	DOWN
DOWN	dnf2_only	medtr.A17.gnm5.ann1_6.MtrunA17Chr2g0296061	MtrunA17Chr2g0296061			medtr.A17.gnm5.MtrunA17Chr2	+	14448834	14455029	-0.0684726910634273	0.999999979788073	NS	-1.59458089980275	0.0330177478910182	DOWN
DOWN	dnf2_only	medtr.A17.gnm5.ann1_6.MtrunA17Chr7g0239591	MtrunA17Chr7g0239591			medtr.A17.gnm5.MtrunA17Chr7	+	29577838	29582312	0.374516768845962	0.999999979788073	NS	-1.59100201112597	0.0401950825898489	DOWN
DOWN	dnf2_only	medtr.A17.gnm5.ann1_6.MtrunA17Chr8g0385201	MtrunA17Chr8g0385201			medtr.A17.gnm5.MtrunA17Chr8	-	43933298	43938659	-0.800641277587702	0.999999979788073	NS	-1.59088968194025	0.0397003757741812	DOWN
DOWN	dnf2_only	medtr.A17.gnm5.ann1_6.MtrunA17Chr1g0207031	MtrunA17Chr1g0207031			medtr.A17.gnm5.MtrunA17Chr1	+	51724013	51728098	-0.233878803859846	0.999999979788073	NS	-1.59050681891409	0.0046468860944904	DOWN
DOWN	dnf2_only	medtr.A17.gnm5.ann1_6.MtrunA17Chr7g0275321	MtrunA17Chr7g0275321			medtr.A17.gnm5.MtrunA17Chr7	+	55289961	55295672	-0.486990832062851	0.999999979788073	NS	-1.5773650504274	0.011881525243536	DOWN
DOWN	dnf2_only	medtr.A17.gnm5.ann1_6.MtrunA17Chr2g0331741	MtrunA17Chr2g0331741			medtr.A17.gnm5.MtrunA17Chr2	-	49979365	49983214	0.124484057259164	0.999999979788073	NS	-1.57520380983213	0.0306989458754118	DOWN
DOWN	dnf2_only	medtr.A17.gnm5.ann1_6.MtrunA17Chr2g0296891	MtrunA17Chr2g0296891			medtr.A17.gnm5.MtrunA17Chr2	+	15160606	15166147	-0.336458409544741	0.999999979788073	NS	-1.57510651940702	0.0189830702885017	DOWN
DOWN	dnf2_only	medtr.A17.gnm5.ann1_6.MtrunA17Chr2g0317901	MtrunA17Chr2g0317901			medtr.A17.gnm5.MtrunA17Chr2	+	39690272	39695609	1.33216917925727	0.338347391850849	NS	-1.57277044689864	0.0249494134370543	DOWN
DOWN	dnf2_only	medtr.A17.gnm5.ann1_6.MtrunA17Chr1g0200031	MtrunA17Chr1g0200031			medtr.A17.gnm5.MtrunA17Chr1	-	46671374	46674996	-0.436211500982688	0.999999979788073	NS	-1.57250959449692	0.00777120735104686	DOWN
DOWN	dnf2_only	medtr.A17.gnm5.ann1_6.MtrunA17Chr3g0144941	MtrunA17Chr3g0144941			medtr.A17.gnm5.MtrunA17Chr3	+	58193568	58194462	-0.38744925925591	0.999999979788073	NS	-1.57202094172377	0.0334999774637122	DOWN
DOWN	dnf2_only	medtr.A17.gnm5.ann1_6.MtrunA17Chr8g0391011	MtrunA17Chr8g0391011			medtr.A17.gnm5.MtrunA17Chr8	-	48018445	48021111	0.831598056276122	0.999999979788073	NS	-1.57158735992025	0.0169084923799055	DOWN
DOWN	dnf2_only	medtr.A17.gnm5.ann1_6.MtrunA17Chr7g0218061	MtrunA17Chr7g0218061			medtr.A17.gnm5.MtrunA17Chr7	+	3474464	3480752	-0.791597841962349	0.999999979788073	NS	-1.56729902284819	0.0306740166389484	DOWN
DOWN	dnf2_only	medtr.A17.gnm5.ann1_6.MtrunA17Chr4g0018781	MtrunA17Chr4g0018781			medtr.A17.gnm5.MtrunA17Chr4	+	14098139	14103147	-0.230251079421611	0.999999979788073	NS	-1.56571321547743	0.0467938815677034	DOWN
DOWN	dnf2_only	medtr.A17.gnm5.ann1_6.MtrunA17Chr8g0352871	MtrunA17Chr8g0352871	MtRRA11|MtRR11	type-A response regulator	medtr.A17.gnm5.MtrunA17Chr8	-	14691455	14693373	-0.451686527475293	0.999999979788073	NS	-1.56171955206234	0.0213276212146404	DOWN
DOWN	dnf2_only	medtr.A17.gnm5.ann1_6.MtrunA17Chr1g0149941	MtrunA17Chr1g0149941			medtr.A17.gnm5.MtrunA17Chr1	+	3029371	3032102	0.00290613813362412	0.999999979788073	NS	-1.5614285943333	0.04716695428407	DOWN
DOWN	dnf2_only	medtr.A17.gnm5.ann1_6.MtrunA17Chr8g0382451	MtrunA17Chr8g0382451			medtr.A17.gnm5.MtrunA17Chr8	+	42080183	42082711	0.97767934393555	0.999999979788073	NS	-1.55996851513319	0.0139284674553602	DOWN
DOWN	dnf2_only	medtr.A17.gnm5.ann1_6.MtrunA17Chr4g0059701	MtrunA17Chr4g0059701			medtr.A17.gnm5.MtrunA17Chr4	+	52288138	52290933	0.859427437864579	0.999999979788073	NS	-1.55115251702447	0.0300553855521204	DOWN
DOWN	dnf2_only	medtr.A17.gnm5.ann1_6.MtrunA17Chr1g0196081	MtrunA17Chr1g0196081			medtr.A17.gnm5.MtrunA17Chr1	+	43787701	43791427	0.919555171419679	0.999999979788073	NS	-1.54684665679746	0.0157815962637963	DOWN
DOWN	dnf2_only	medtr.A17.gnm5.ann1_6.MtrunA17Chr3g0140611	MtrunA17Chr3g0140611			medtr.A17.gnm5.MtrunA17Chr3	+	54973828	54980000	0.121373491228388	0.999999979788073	NS	-1.53917420751831	0.00457494723368847	DOWN
DOWN	dnf2_only	medtr.A17.gnm5.ann1_6.MtrunA17Chr4g0001401	MtrunA17Chr4g0001401			medtr.A17.gnm5.MtrunA17Chr4	-	966581	970001	-0.494413229091707	0.999999979788073	NS	-1.53847225212831	0.0461453063473004	DOWN
DOWN	dnf2_only	medtr.A17.gnm5.ann1_6.MtrunA17Chr3g0114521	MtrunA17Chr3g0114521			medtr.A17.gnm5.MtrunA17Chr3	-	35977989	35982516	-0.164322715601645	0.999999979788073	NS	-1.53243939730454	0.0381321624316708	DOWN
DOWN	dnf2_only	medtr.A17.gnm5.ann1_6.MtrunA17Chr2g0307381	MtrunA17Chr2g0307381			medtr.A17.gnm5.MtrunA17Chr2	+	29957932	29967184	-0.0585342174318053	0.999999979788073	NS	-1.5301804276892	0.0483581166007109	DOWN
DOWN	dnf2_only	medtr.A17.gnm5.ann1_6.MtrunA17Chr8g0382441	MtrunA17Chr8g0382441			medtr.A17.gnm5.MtrunA17Chr8	-	42079842	42083172	0.876572254942758	0.999999979788073	NS	-1.52493608528831	0.0142234992879494	DOWN
DOWN	dnf2_only	medtr.A17.gnm5.ann1_6.MtrunA17Chr3g0118231	MtrunA17Chr3g0118231			medtr.A17.gnm5.MtrunA17Chr3	+	38928773	38932508	-0.298882389526502	0.999999979788073	NS	-1.52441797907094	0.0284758921475776	DOWN
DOWN	dnf2_only	medtr.A17.gnm5.ann1_6.MtrunA17Chr2g0317761	MtrunA17Chr2g0317761			medtr.A17.gnm5.MtrunA17Chr2	+	39567911	39573662	0.262864280798347	0.999999979788073	NS	-1.52197449686223	0.00694003236489151	DOWN
DOWN	dnf2_only	medtr.A17.gnm5.ann1_6.MtrunA17Chr8g0341951	MtrunA17Chr8g0341951	MtCYP90D27	Cytochrome P450 monooxygenase	medtr.A17.gnm5.MtrunA17Chr8	-	5390187	5394995	-0.604360278143672	0.999999979788073	NS	-1.51450331762664	0.0260041290557243	DOWN
DOWN	dnf2_only	medtr.A17.gnm5.ann1_6.MtrunA17Chr4g0060021	MtrunA17Chr4g0060021			medtr.A17.gnm5.MtrunA17Chr4	+	52571845	52574879	-0.0722431338482785	0.999999979788073	NS	-1.51367980373862	0.0245231664712336	DOWN
DOWN	dnf2_only	medtr.A17.gnm5.ann1_6.MtrunA17Chr1g0154611	MtrunA17Chr1g0154611			medtr.A17.gnm5.MtrunA17Chr1	-	6756633	6760691	-0.233481033205797	0.999999979788073	NS	-1.51289142687799	0.0200204905326941	DOWN
DOWN	dnf2_only	medtr.A17.gnm5.ann1_6.MtrunA17Chr3g0080071	MtrunA17Chr3g0080071			medtr.A17.gnm5.MtrunA17Chr3	-	2358722	2366426	0.0151030174157791	0.999999979788073	NS	-1.49761824993476	0.00838832237806307	DOWN
DOWN	dnf2_only	medtr.A17.gnm5.ann1_6.MtrunA17Chr8g0393091	MtrunA17Chr8g0393091			medtr.A17.gnm5.MtrunA17Chr8	+	49484292	49489046	-0.551500852703003	0.999999979788073	NS	-1.49638435482985	0.00251756983226887	DOWN
DOWN	dnf2_only	medtr.A17.gnm5.ann1_6.MtrunA17Chr4g0031131	MtrunA17Chr4g0031131			medtr.A17.gnm5.MtrunA17Chr4	-	31637504	31642151	-0.487725451888265	0.999999979788073	NS	-1.46272307170826	0.0155329795552471	DOWN
DOWN	dnf2_only	medtr.A17.gnm5.ann1_6.MtrunA17Chr5g0414361	MtrunA17Chr5g0414361			medtr.A17.gnm5.MtrunA17Chr5	+	15411995	15414265	-0.227938499189415	0.999999979788073	NS	-1.45210551904195	0.0253302000154404	DOWN
DOWN	dnf2_only	medtr.A17.gnm5.ann1_6.MtrunA17Chr7g0233071	MtrunA17Chr7g0233071			medtr.A17.gnm5.MtrunA17Chr7	-	23517758	23527891	-0.0459443899823112	0.999999979788073	NS	-1.43713643877803	0.0368470754380489	DOWN
DOWN	dnf2_only	medtr.A17.gnm5.ann1_6.MtrunA17Chr1g0205221	MtrunA17Chr1g0205221			medtr.A17.gnm5.MtrunA17Chr1	+	50523181	50531602	-0.473691919576708	0.999999979788073	NS	-1.4279464071131	0.0422837372304062	DOWN
DOWN	dnf2_only	medtr.A17.gnm5.ann1_6.MtrunA17Chr2g0292961	MtrunA17Chr2g0292961			medtr.A17.gnm5.MtrunA17Chr2	+	11869602	11875591	0.143004451363018	0.999999979788073	NS	-1.41555997033116	0.0169331823190996	DOWN
DOWN	dnf2_only	medtr.A17.gnm5.ann1_6.MtrunA17Chr2g0316211	MtrunA17Chr2g0316211			medtr.A17.gnm5.MtrunA17Chr2	+	38412503	38419567	-0.160800162043331	0.999999979788073	NS	-1.40477238992026	0.0322262253479532	DOWN
DOWN	dnf2_only	medtr.A17.gnm5.ann1_6.MtrunA17Chr6g0466851	MtrunA17Chr6g0466851			medtr.A17.gnm5.MtrunA17Chr6	-	15725036	15734048	0.0736835910722135	0.999999979788073	NS	-1.36243812360796	0.0105659637842241	DOWN
DOWN	dnf2_only	medtr.A17.gnm5.ann1_6.MtrunA17Chr8g0383511	MtrunA17Chr8g0383511			medtr.A17.gnm5.MtrunA17Chr8	-	42771516	42775216	-0.280573222414618	0.999999979788073	NS	-1.34680057704535	0.0403408885233739	DOWN
UP	A86_dnf2_shared	medtr.A17.gnm5.ann1_6.MtrunA17Chr2g0295061	MtrunA17Chr2g0295061			medtr.A17.gnm5.MtrunA17Chr2	+	13582042	13587810	3.42195852423306	0.0229865569705609	UP	10.5508138194356	5.27800957885423e-09	UP
UP	A86_dnf2_shared	medtr.A17.gnm5.ann1_6.MtrunA17Chr1g0152831	MtrunA17Chr1g0152831			medtr.A17.gnm5.MtrunA17Chr1	-	5455854	5459537	6.42396885099783	0.00114310080549611	UP	9.7190511686582	1.932132082003e-07	UP
UP	A86_dnf2_shared	medtr.A17.gnm5.ann1_6.MtrunA17Chr4g0011771	MtrunA17Chr4g0011771			medtr.A17.gnm5.MtrunA17Chr4	+	9257830	9260536	7.52390265876944	0.0237573792452108	UP	8.40393218371582	0.000927842465870547	UP
UP	A86_dnf2_shared	medtr.A17.gnm5.ann1_6.MtrunA17Chr6g0476951	MtrunA17Chr6g0476951	MtKunitz37	Kunitz-P Trypsin Inhibitor	medtr.A17.gnm5.MtrunA17Chr6	+	31679113	31679991	5.83032802549059	0.00171539123914463	UP	7.54490368242615	8.06645422613137e-06	UP
UP	A86_dnf2_shared	medtr.A17.gnm5.ann1_6.MtrunA17Chr1g0186401	MtrunA17Chr1g0186401	MtIDA29	Inflorescence Deficient in Abscission	medtr.A17.gnm5.MtrunA17Chr1	-	36661667	36662139	7.07272231480101	0.0119198358708983	UP	7.05059149037867	0.00224168964245778	UP
UP	A86_dnf2_shared	medtr.A17.gnm5.ann1_6.MtrunA17Chr7g0224551	MtrunA17Chr7g0224551	MtCYP93B10	Cytochrome P450 monooxygenase	medtr.A17.gnm5.MtrunA17Chr7	-	9818496	9820910	3.54566302299715	0.0296716137120846	UP	6.8858919676574	1.15189761441145e-07	UP
UP	A86_dnf2_shared	medtr.A17.gnm5.ann1_6.MtrunA17Chr6g0482041	MtrunA17Chr6g0482041	MtKunitz19	Kunitz-P Trypsin Inhibitor	medtr.A17.gnm5.MtrunA17Chr6	+	36741343	36742378	2.5303719405256	0.0468504063645377	UP	6.4138189587306	4.11264061670072e-07	UP
UP	A86_dnf2_shared	medtr.A17.gnm5.ann1_6.MtrunA17Chr6g0487981	MtrunA17Chr6g0487981			medtr.A17.gnm5.MtrunA17Chr6	-	42111021	42113674	4.98610638215098	0.00136323042287057	UP	6.31125639870808	1.44110757321174e-05	UP
UP	A86_dnf2_shared	medtr.A17.gnm5.ann1_6.MtrunA17Chr8g0374141	MtrunA17Chr8g0374141			medtr.A17.gnm5.MtrunA17Chr8	-	36230263	36233267	4.34480300992327	0.00136680869663925	UP	6.309582507602	5.73140426106663e-07	UP
UP	A86_dnf2_shared	medtr.A17.gnm5.ann1_6.MtrunA17Chr2g0287861	MtrunA17Chr2g0287861			medtr.A17.gnm5.MtrunA17Chr2	-	7838830	7843816	4.16398760320998	0.00673538510816863	UP	6.27827354954213	1.19631057473046e-05	UP
UP	A86_dnf2_shared	medtr.A17.gnm5.ann1_6.MtrunA17Chr8g0355961	MtrunA17Chr8g0355961	MtCYP76F70	Cytochrome P450 monooxygenase	medtr.A17.gnm5.MtrunA17Chr8	+	17552551	17555515	4.13119971000191	0.016323976171644	UP	6.08935637709539	4.18322168323589e-05	UP
UP	A86_dnf2_shared	medtr.A17.gnm5.ann1_6.MtrunA17Chr5g0442701	MtrunA17Chr5g0442701			medtr.A17.gnm5.MtrunA17Chr5	-	40736490	40738265	6.52979433387307	0.0286192431194042	UP	5.92839479560703	0.023579920863586	UP
UP	A86_dnf2_shared	medtr.A17.gnm5.ann1_6.MtrunA17Chr2g0295371	MtrunA17Chr2g0295371	AtPR-1-like|MtCAPE12	pathogenesis-related protein 1 (SA-inducible in Mt)|CAP-derived peptide 12	medtr.A17.gnm5.MtrunA17Chr2	+	13812283	13813324	6.50639294440304	0.00018239410242904	UP	5.87995971331143	2.50925241207306e-05	UP
UP	A86_dnf2_shared	medtr.A17.gnm5.ann1_6.MtrunA17Chr7g0222871	MtrunA17Chr7g0222871			medtr.A17.gnm5.MtrunA17Chr7	-	8151202	8152176	6.09471770541203	0.00171539123914463	UP	5.71533394060523	0.000417364289560189	UP
UP	A86_dnf2_shared	medtr.A17.gnm5.ann1_6.MtrunA17Chr1g0189071	MtrunA17Chr1g0189071			medtr.A17.gnm5.MtrunA17Chr1	+	38685672	38689932	3.97399110606205	0.00116568417106488	UP	5.66112564581058	2.77348433420669e-06	UP
UP	A86_dnf2_shared	medtr.A17.gnm5.ann1_6.MtrunA17Chr6g0462311	MtrunA17Chr6g0462311			medtr.A17.gnm5.MtrunA17Chr6	-	11346663	11347548	3.89596034114106	0.0457684205358721	UP	5.65114442316276	8.77372887200102e-05	UP
UP	A86_dnf2_shared	medtr.A17.gnm5.ann1_6.MtrunA17Chr7g0222171	MtrunA17Chr7g0222171			medtr.A17.gnm5.MtrunA17Chr7	-	7399831	7402652	3.9492300034615	0.000286611694686804	UP	5.62971165596913	5.34766600723608e-07	UP
UP	A86_dnf2_shared	medtr.A17.gnm5.ann1_6.MtrunA17Chr2g0314911	MtrunA17Chr2g0314911			medtr.A17.gnm5.MtrunA17Chr2	-	37273184	37281807	4.12891615147093	0.0265404304714569	UP	5.37039348528131	0.000132348755657655	UP
UP	A86_dnf2_shared	medtr.A17.gnm5.ann1_6.MtrunA17Chr3g0083371	MtrunA17Chr3g0083371			medtr.A17.gnm5.MtrunA17Chr3	-	4975246	4975970	6.39027797441601	0.00104664476309116	UP	5.27868790658723	0.00217663613904486	UP
UP	A86_dnf2_shared	medtr.A17.gnm5.ann1_6.MtrunA17Chr7g0222901	MtrunA17Chr7g0222901			medtr.A17.gnm5.MtrunA17Chr7	-	8163614	8164494	5.76289174545844	0.00144328512095914	UP	5.00799776508998	0.000698508228459349	UP
UP	A86_dnf2_shared	medtr.A17.gnm5.ann1_6.MtrunA17Chr8g0344711	MtrunA17Chr8g0344711			medtr.A17.gnm5.MtrunA17Chr8	-	7861787	7863381	4.4863069790534	0.00322255039748451	UP	4.82977556602111	0.000169344954719	UP
UP	A86_dnf2_shared	medtr.A17.gnm5.ann1_6.MtrunA17Chr4g0053901	MtrunA17Chr4g0053901			medtr.A17.gnm5.MtrunA17Chr4	-	47754408	47756963	3.9752877807721	0.0396629854935142	UP	4.81814561347478	0.000735564073742584	UP
UP	A86_dnf2_shared	medtr.A17.gnm5.ann1_6.MtrunA17Chr3g0114691	MtrunA17Chr3g0114691			medtr.A17.gnm5.MtrunA17Chr3	-	36094544	36098569	2.69404015505957	0.0302573943296882	UP	4.76526354833945	2.11419109953021e-05	UP
UP	A86_dnf2_shared	medtr.A17.gnm5.ann1_6.MtrunA17Chr6g0476961	MtrunA17Chr6g0476961	MtKunitz36	Kunitz-P Trypsin Inhibitor	medtr.A17.gnm5.MtrunA17Chr6	+	31711383	31712299	2.40688785369306	0.026580867788213	UP	4.60841335832166	7.75451339801133e-06	UP
UP	A86_dnf2_shared	medtr.A17.gnm5.ann1_6.MtrunA17Chr4g0008521	MtrunA17Chr4g0008521			medtr.A17.gnm5.MtrunA17Chr4	+	6490107	6496039	3.03002457452791	0.0264149127187816	UP	4.55909630659775	0.000150892138347146	UP
UP	A86_dnf2_shared	medtr.A17.gnm5.ann1_6.MtrunA17Chr4g0006261	MtrunA17Chr4g0006261	MtGT-21	trihelix transcription factor (GT) 21	medtr.A17.gnm5.MtrunA17Chr4	-	4991107	4993356	4.4021072958755	0.0138868629551853	UP	4.53470590076667	0.00200967752790226	UP
UP	A86_dnf2_shared	medtr.A17.gnm5.ann1_6.MtrunA17Chr7g0252971	MtrunA17Chr7g0252971			medtr.A17.gnm5.MtrunA17Chr7	+	39730385	39732560	4.75500775434031	0.000865325868357233	UP	4.3468671505371	0.000226166891321593	UP
UP	A86_dnf2_shared	medtr.A17.gnm5.ann1_6.MtrunA17Chr5g0446921	MtrunA17Chr5g0446921			medtr.A17.gnm5.MtrunA17Chr5	+	43346223	43348950	4.05960608823329	0.00344013169154881	UP	4.33091975313246	0.000222057347201996	UP
UP	A86_dnf2_shared	medtr.A17.gnm5.ann1_6.MtrunA17Chr3g0145981	MtrunA17Chr3g0145981	MtPR3	pathogenesis related protein 3 (defense response-activated chitinase)	medtr.A17.gnm5.MtrunA17Chr3	+	58826926	58831767	3.72874778305474	0.000286611694686804	UP	4.25923727187008	5.09283293312004e-06	UP
UP	A86_dnf2_shared	medtr.A17.gnm5.ann1_6.MtrunA17Chr1g0190651	MtrunA17Chr1g0190651	MtPR4	pathogenesis-related protein 4, SA-inducible	medtr.A17.gnm5.MtrunA17Chr1	-	39826923	39827947	3.34724577195691	0.00469258899739259	UP	4.21060232058787	5.10349666892359e-05	UP
UP	A86_dnf2_shared	medtr.A17.gnm5.ann1_6.MtrunA17Chr2g0319041	MtrunA17Chr2g0319041	MtTPS7	terpene synthase 7	medtr.A17.gnm5.MtrunA17Chr2	-	40550044	40553704	5.7599464605703	0.0039672812879855	UP	4.02138532421046	0.0494168243796999	UP
UP	A86_dnf2_shared	medtr.A17.gnm5.ann1_6.MtrunA17Chr1g0192371	MtrunA17Chr1g0192371			medtr.A17.gnm5.MtrunA17Chr1	-	41042556	41047362	5.06571585466124	0.00940802254160069	UP	3.94916207367428	0.0275040100068743	UP
UP	A86_dnf2_shared	medtr.A17.gnm5.ann1_6.MtrunA17Chr5g0394211	MtrunA17Chr5g0394211			medtr.A17.gnm5.MtrunA17Chr5	-	667009	668313	3.70790195931329	0.0130543298032461	UP	3.93666223481526	0.00114815166582744	UP
UP	A86_dnf2_shared	medtr.A17.gnm5.ann1_6.MtrunA17Chr3g0111221	MtrunA17Chr3g0111221	MtLegin34	Leginsulin 34	medtr.A17.gnm5.MtrunA17Chr3	-	33590078	33592776	4.24717012376767	0.0410380592979516	UP	3.73871942029713	0.0364367866061551	UP
UP	A86_dnf2_shared	medtr.A17.gnm5.ann1_6.MtrunA17Chr5g0427341	MtrunA17Chr5g0427341			medtr.A17.gnm5.MtrunA17Chr5	-	29178618	29182142	3.9973867883408	0.0298007399719149	UP	3.69980289532839	0.0156835690141447	UP
UP	A86_dnf2_shared	medtr.A17.gnm5.ann1_6.MtrunA17Chr6g0461211	MtrunA17Chr6g0461211			medtr.A17.gnm5.MtrunA17Chr6	+	10469534	10474679	3.71663745627073	0.00771256594442565	UP	3.66694980330787	0.00146833165945339	UP
UP	A86_dnf2_shared	medtr.A17.gnm5.ann1_6.MtrunA17Chr5g0406281	MtrunA17Chr5g0406281			medtr.A17.gnm5.MtrunA17Chr5	-	9232502	9235166	3.64404251843173	0.0261226623142276	UP	3.53974276568666	0.00837154672728478	UP
UP	A86_dnf2_shared	medtr.A17.gnm5.ann1_6.MtrunA17Chr3g0135321	MtrunA17Chr3g0135321			medtr.A17.gnm5.MtrunA17Chr3	-	51301516	51312749	3.83463865456333	0.00360600628515225	UP	3.5235048885342	0.00137114092948076	UP
UP	A86_dnf2_shared	medtr.A17.gnm5.ann1_6.MtrunA17Chr2g0313811	MtrunA17Chr2g0313811	MtCYP72A59v1	Cytochrome P450 monooxygenase	medtr.A17.gnm5.MtrunA17Chr2	+	36478005	36482376	2.09462782622523	0.0441300492414338	UP	3.50667031049196	3.90336625852582e-05	UP
UP	A86_dnf2_shared	medtr.A17.gnm5.ann1_6.MtrunA17Chr2g0291191	MtrunA17Chr2g0291191			medtr.A17.gnm5.MtrunA17Chr2	-	10446142	10448846	3.58914518925659	0.00036777767073619	UP	3.46263801550121	4.46035994306783e-05	UP
UP	A86_dnf2_shared	medtr.A17.gnm5.ann1_6.MtrunA17Chr1g0196881	MtrunA17Chr1g0196881			medtr.A17.gnm5.MtrunA17Chr1	+	44280263	44280947	4.05997247544774	0.0252441397704612	UP	3.44658126616411	0.0324750160556048	UP
UP	A86_dnf2_shared	medtr.A17.gnm5.ann1_6.MtrunA17Chr7g0243451	MtrunA17Chr7g0243451			medtr.A17.gnm5.MtrunA17Chr7	-	32693075	32695806	2.39834893991846	0.0149216811467659	UP	3.39427841373265	3.01442896259702e-05	UP
UP	A86_dnf2_shared	medtr.A17.gnm5.ann1_6.MtrunA17Chr4g0019011	MtrunA17Chr4g0019011			medtr.A17.gnm5.MtrunA17Chr4	+	14350239	14364027	3.59187492422708	0.00711594158223578	UP	3.37285098734546	0.00231577020934724	UP
UP	A86_dnf2_shared	medtr.A17.gnm5.ann1_6.MtrunA17Chr8g0346271	MtrunA17Chr8g0346271			medtr.A17.gnm5.MtrunA17Chr8	-	9420263	9427054	3.098354943248	0.0112411939456237	UP	3.3581144434466	0.000731244608369435	UP
UP	A86_dnf2_shared	medtr.A17.gnm5.ann1_6.MtrunA17Chr6g0451481	MtrunA17Chr6g0451481	MtGASA17	Gibberellic Acid-Stimulated in Arabidopsis	medtr.A17.gnm5.MtrunA17Chr6	+	2051319	2054094	2.9934319228263	0.00652800572124676	UP	3.35430125641279	0.000239238725413991	UP
UP	A86_dnf2_shared	medtr.A17.gnm5.ann1_6.MtrunA17Chr2g0296671	MtrunA17Chr2g0296671			medtr.A17.gnm5.MtrunA17Chr2	+	15047368	15053652	2.0126219183982	0.0117377115312265	UP	3.33697526325781	3.28200505354313e-06	UP
UP	A86_dnf2_shared	medtr.A17.gnm5.ann1_6.MtrunA17Chr5g0402571	MtrunA17Chr5g0402571	MtPrx52	peroxidase	medtr.A17.gnm5.MtrunA17Chr5	-	6608418	6610280	3.78087523897515	0.00018239410242904	UP	3.33637418859962	4.16088684273624e-05	UP
UP	A86_dnf2_shared	medtr.A17.gnm5.ann1_6.MtrunA17Chr4g0032181	MtrunA17Chr4g0032181			medtr.A17.gnm5.MtrunA17Chr4	+	32384335	32386739	2.17452900879575	0.0203977684245107	UP	3.33368506271902	3.49181553769141e-05	UP
UP	A86_dnf2_shared	medtr.A17.gnm5.ann1_6.MtrunA17Chr8g0375041	MtrunA17Chr8g0375041			medtr.A17.gnm5.MtrunA17Chr8	-	36911860	36916183	2.42932646908512	0.0125508719452831	UP	3.31749889961301	4.12926000260458e-05	UP
UP	A86_dnf2_shared	medtr.A17.gnm5.ann1_6.MtrunA17Chr5g0401681	MtrunA17Chr5g0401681	MtCYP81E7-like|MtCYP81E8v2	Isoflavone 2'-hydroxylase-like|Cytochrome P450 monooxygenase	medtr.A17.gnm5.MtrunA17Chr5	+	5891647	5894621	3.02080285632262	0.00711837068336047	UP	3.30578928098642	0.000514794677763022	UP
UP	A86_dnf2_shared	medtr.A17.gnm5.ann1_6.MtrunA17Chr2g0294591	MtrunA17Chr2g0294591	MtBG16	beta-1,3-Glucanase 16	medtr.A17.gnm5.MtrunA17Chr2	-	13223977	13225734	2.13651671402883	0.0364548966757884	UP	3.09542714974269	0.000137753240472241	UP
UP	A86_dnf2_shared	medtr.A17.gnm5.ann1_6.MtrunA17Chr4g0002121	MtrunA17Chr4g0002121			medtr.A17.gnm5.MtrunA17Chr4	+	1531650	1535712	2.79533518693943	0.0457684205358721	UP	2.97969859844475	0.00660114239901396	UP
UP	A86_dnf2_shared	medtr.A17.gnm5.ann1_6.MtrunA17Chr4g0050881	MtrunA17Chr4g0050881			medtr.A17.gnm5.MtrunA17Chr4	-	45669614	45674187	2.91236505561228	0.00735072006253172	UP	2.96385370043351	0.00101534345562345	UP
UP	A86_dnf2_shared	medtr.A17.gnm5.ann1_6.MtrunA17Chr2g0293161	MtrunA17Chr2g0293161			medtr.A17.gnm5.MtrunA17Chr2	+	12017360	12019057	3.32866062722222	0.0149212853841651	UP	2.95960430236445	0.00861697472666792	UP
UP	A86_dnf2_shared	medtr.A17.gnm5.ann1_6.MtrunA17Chr2g0279051	MtrunA17Chr2g0279051			medtr.A17.gnm5.MtrunA17Chr2	+	1593254	1593679	3.28596627281626	0.0159314219729066	UP	2.88044025471384	0.0130354868012406	UP
UP	A86_dnf2_shared	medtr.A17.gnm5.ann1_6.MtrunA17Chr4g0066711	MtrunA17Chr4g0066711			medtr.A17.gnm5.MtrunA17Chr4	-	57361650	57364083	3.81302086185985	0.000598120616069922	UP	2.86981035468452	0.00116203744081874	UP
UP	A86_dnf2_shared	medtr.A17.gnm5.ann1_6.MtrunA17Chr5g0395431	MtrunA17Chr5g0395431	Mt4CL-2	4-coumarate--CoA ligase 2	medtr.A17.gnm5.MtrunA17Chr5	+	1457821	1464238	2.73753982718144	0.00532909727830075	UP	2.84349205290813	0.000579604965901558	UP
UP	A86_dnf2_shared	medtr.A17.gnm5.ann1_6.MtrunA17Chr2g0295081	MtrunA17Chr2g0295081			medtr.A17.gnm5.MtrunA17Chr2	+	13591608	13593791	2.08425906723343	0.0162467351388474	UP	2.81903888749474	7.08624130338781e-05	UP
UP	A86_dnf2_shared	medtr.A17.gnm5.ann1_6.MtrunA17Chr8g0387641	MtrunA17Chr8g0387641			medtr.A17.gnm5.MtrunA17Chr8	-	45726156	45732916	2.19364383081466	0.02934261432207	UP	2.81498605768054	0.000411192212223188	UP
UP	A86_dnf2_shared	medtr.A17.gnm5.ann1_6.MtrunA17Chr2g0294601	MtrunA17Chr2g0294601	MtBG15	beta-1,3-Glucanase 15	medtr.A17.gnm5.MtrunA17Chr2	+	13230866	13233683	3.60452281570233	0.000286611694686804	UP	2.80652165768446	0.000249372826803563	UP
UP	A86_dnf2_shared	medtr.A17.gnm5.ann1_6.MtrunA17Chr3g0091091	MtrunA17Chr3g0091091			medtr.A17.gnm5.MtrunA17Chr3	+	12331945	12339523	2.47056239564371	0.0222238244854217	UP	2.74645789468374	0.00158328331663964	UP
UP	A86_dnf2_shared	medtr.A17.gnm5.ann1_6.MtrunA17Chr4g0011791	MtrunA17Chr4g0011791			medtr.A17.gnm5.MtrunA17Chr4	+	9279431	9283333	2.70013557733097	0.00240994205946122	UP	2.73482635990028	0.000274477109110539	UP
UP	A86_dnf2_shared	medtr.A17.gnm5.ann1_6.MtrunA17Chr6g0467131	MtrunA17Chr6g0467131			medtr.A17.gnm5.MtrunA17Chr6	+	16018948	16021908	3.24997972805733	0.00139516305055769	UP	2.68995013890463	0.00111667295242262	UP
UP	A86_dnf2_shared	medtr.A17.gnm5.ann1_6.MtrunA17Chr4g0019021	MtrunA17Chr4g0019021			medtr.A17.gnm5.MtrunA17Chr4	-	14363521	14364214	3.39676036112545	0.0128933863939291	UP	2.68020167096362	0.0277729643916974	UP
UP	A86_dnf2_shared	medtr.A17.gnm5.ann1_6.MtrunA17Chr6g0467121	MtrunA17Chr6g0467121	MtPrx48	peroxidase	medtr.A17.gnm5.MtrunA17Chr6	-	16018049	16022961	3.36986334594625	0.000532065648718777	UP	2.65877887006362	0.00057899149290139	UP
UP	A86_dnf2_shared	medtr.A17.gnm5.ann1_6.MtrunA17Chr2g0283451	MtrunA17Chr2g0283451	MtTAX2	Taximin 2	medtr.A17.gnm5.MtrunA17Chr2	+	4631635	4632561	2.83923212111788	0.00180833435248515	UP	2.65679928635427	0.000510316543768613	UP
UP	A86_dnf2_shared	medtr.A17.gnm5.ann1_6.MtrunA17Chr8g0372501	MtrunA17Chr8g0372501			medtr.A17.gnm5.MtrunA17Chr8	-	34986127	34986740	2.03529267450411	0.0205762344325225	UP	2.64644967731559	0.000125967966679609	UP
UP	A86_dnf2_shared	medtr.A17.gnm5.ann1_6.MtrunA17Chr3g0118711	MtrunA17Chr3g0118711			medtr.A17.gnm5.MtrunA17Chr3	-	39297503	39300891	3.99769428786477	0.000580977058344188	UP	2.62082382895544	0.00646589490337816	UP
UP	A86_dnf2_shared	medtr.A17.gnm5.ann1_6.MtrunA17Chr7g0241481	MtrunA17Chr7g0241481			medtr.A17.gnm5.MtrunA17Chr7	-	31046983	31053284	3.14624239420578	0.0118578621624129	UP	2.59990902702614	0.0160734745162288	UP
UP	A86_dnf2_shared	medtr.A17.gnm5.ann1_6.MtrunA17Chr8g0350941	MtrunA17Chr8g0350941	MtTCP9	TEOSINTE BRANCHED1 (TB1), CYCLOIDEA (CYC), PROLIFERATING CELL FACTORS 1&2 (PCF1  & 2) family	medtr.A17.gnm5.MtrunA17Chr8	+	13113153	13114835	4.26402201726584	0.00209151379742465	UP	2.58382392450661	0.0294148102269937	UP
UP	A86_dnf2_shared	medtr.A17.gnm5.ann1_6.MtrunA17Chr5g0441261	MtrunA17Chr5g0441261	MtPhyCys32	Phytocystatin	medtr.A17.gnm5.MtrunA17Chr5	-	39735901	39737537	2.85810591937289	0.00376128470806891	UP	2.549125450776	0.00222298673388259	UP
UP	A86_dnf2_shared	medtr.A17.gnm5.ann1_6.MtrunA17Chr5g0399811	MtrunA17Chr5g0399811			medtr.A17.gnm5.MtrunA17Chr5	-	4268262	4270475	2.60088005933759	0.0410380592979516	UP	2.50032365138058	0.0163245548385074	UP
UP	A86_dnf2_shared	medtr.A17.gnm5.ann1_6.MtrunA17Chr4g0042561	MtrunA17Chr4g0042561	MtNAC969	NAC domain containing protein 969	medtr.A17.gnm5.MtrunA17Chr4	-	39827608	39829478	2.55457452263588	0.0117377115312265	UP	2.4429041422008	0.00377197214284668	UP
UP	A86_dnf2_shared	medtr.A17.gnm5.ann1_6.MtrunA17Chr8g0390881	MtrunA17Chr8g0390881	MtCYP736A142	Cytochrome P450 monooxygenase	medtr.A17.gnm5.MtrunA17Chr8	+	47938547	47946800	2.98159536510387	0.0193139684811203	UP	2.43544180673908	0.0328178963921628	UP
UP	A86_dnf2_shared	medtr.A17.gnm5.ann1_6.MtrunA17Chr3g0084201	MtrunA17Chr3g0084201			medtr.A17.gnm5.MtrunA17Chr3	+	5672882	5674910	3.51774679372706	0.00036777767073619	UP	2.41972733392339	0.00257763694824086	UP
UP	A86_dnf2_shared	medtr.A17.gnm5.ann1_6.MtrunA17Chr5g0442841	MtrunA17Chr5g0442841			medtr.A17.gnm5.MtrunA17Chr5	+	40862688	40866380	2.33753118694649	0.0335944680304114	UP	2.41910504330933	0.00660429891447886	UP
UP	A86_dnf2_shared	medtr.A17.gnm5.ann1_6.MtrunA17Chr8g0372491	MtrunA17Chr8g0372491			medtr.A17.gnm5.MtrunA17Chr8	+	34984944	34987113	1.79105453696597	0.0193552875924076	UP	2.41697411658675	3.90336625852582e-05	UP
UP	A86_dnf2_shared	medtr.A17.gnm5.ann1_6.MtrunA17Chr7g0274181	MtrunA17Chr7g0274181	MtPR-4	pathogenesis related protein 4 (hevein-like)	medtr.A17.gnm5.MtrunA17Chr7	+	54616364	54617545	2.01032187693349	0.00961924650346628	UP	2.3708064443413	0.000152746908352234	UP
UP	A86_dnf2_shared	medtr.A17.gnm5.ann1_6.MtrunA17Chr3g0121001	MtrunA17Chr3g0121001			medtr.A17.gnm5.MtrunA17Chr3	-	40960626	40963032	2.68077627298775	0.00961924650346628	UP	2.34068112104847	0.007271972429874	UP
UP	A86_dnf2_shared	medtr.A17.gnm5.ann1_6.MtrunA17Chr7g0266071	MtrunA17Chr7g0266071	MtLYE1		medtr.A17.gnm5.MtrunA17Chr7	-	49261388	49262352	3.29594627994698	0.000598120616069922	UP	2.33425657827228	0.00502144765911804	UP
UP	A86_dnf2_shared	medtr.A17.gnm5.ann1_6.MtrunA17Chr5g0432441	MtrunA17Chr5g0432441	MtPrx29	peroxidase	medtr.A17.gnm5.MtrunA17Chr5	+	33147715	33152009	2.60048012777154	0.015484099827035	UP	2.3331999248444	0.00998267241890511	UP
UP	A86_dnf2_shared	medtr.A17.gnm5.ann1_6.MtrunA17Chr1g0152931	MtrunA17Chr1g0152931			medtr.A17.gnm5.MtrunA17Chr1	-	5536182	5538669	2.23944301914275	0.00256072833981208	UP	2.30874223901782	0.000223044156229563	UP
UP	A86_dnf2_shared	medtr.A17.gnm5.ann1_6.MtrunA17Chr1g0196661	MtrunA17Chr1g0196661			medtr.A17.gnm5.MtrunA17Chr1	-	44161101	44162374	2.59015772460316	0.0129236024834141	UP	2.30285963129046	0.00914888843867215	UP
UP	A86_dnf2_shared	medtr.A17.gnm5.ann1_6.MtrunA17Chr5g0448091	MtrunA17Chr5g0448091			medtr.A17.gnm5.MtrunA17Chr5	+	44191301	44195290	2.58350422298743	0.00325086622382491	UP	2.29485995885651	0.00216952202163107	UP
UP	A86_dnf2_shared	medtr.A17.gnm5.ann1_6.MtrunA17Chr6g0479131	MtrunA17Chr6g0479131			medtr.A17.gnm5.MtrunA17Chr6	+	33745164	33746247	3.52373710048462	0.00152462647031455	UP	2.24877299969153	0.0197857403893958	UP
UP	A86_dnf2_shared	medtr.A17.gnm5.ann1_6.MtrunA17Chr3g0114431	MtrunA17Chr3g0114431			medtr.A17.gnm5.MtrunA17Chr3	-	35913089	35914277	2.63337267090294	0.0123208608230698	UP	2.22980722805308	0.013509032604052	UP
UP	A86_dnf2_shared	medtr.A17.gnm5.ann1_6.MtrunA17Chr3g0115611	MtrunA17Chr3g0115611			medtr.A17.gnm5.MtrunA17Chr3	+	36926024	36931515	2.45230256034678	0.000598120616069922	UP	2.20712574639197	0.000262577969129368	UP
UP	A86_dnf2_shared	medtr.A17.gnm5.ann1_6.MtrunA17Chr4g0034161	MtrunA17Chr4g0034161	MtCOR413	COLD-REGULATED 413	medtr.A17.gnm5.MtrunA17Chr4	+	33882305	33884977	2.07636540300471	0.0169646571922247	UP	2.18776426636462	0.0018130175713053	UP
UP	A86_dnf2_shared	medtr.A17.gnm5.ann1_6.MtrunA17Chr5g0415631	MtrunA17Chr5g0415631			medtr.A17.gnm5.MtrunA17Chr5	-	16404836	16406623	2.31022567743455	0.0290843187203362	UP	2.15510932840789	0.0157221262872351	UP
UP	A86_dnf2_shared	medtr.A17.gnm5.ann1_6.MtrunA17Chr8g0336751	MtrunA17Chr8g0336751			medtr.A17.gnm5.MtrunA17Chr8	+	1881770	1883718	2.10647896579509	0.0259868071535413	UP	2.12802965945977	0.00559014407403438	UP
UP	A86_dnf2_shared	medtr.A17.gnm5.ann1_6.MtrunA17Chr6g0462051	MtrunA17Chr6g0462051			medtr.A17.gnm5.MtrunA17Chr6	-	11173127	11179843	1.98916858680201	0.0217099202432198	UP	2.1185124684086	0.00221766271325499	UP
UP	A86_dnf2_shared	medtr.A17.gnm5.ann1_6.MtrunA17Chr5g0435091	MtrunA17Chr5g0435091			medtr.A17.gnm5.MtrunA17Chr5	-	35235654	35238856	2.29532063736922	0.0293128293248825	UP	2.11177151583115	0.0182396972081382	UP
UP	A86_dnf2_shared	medtr.A17.gnm5.ann1_6.MtrunA17Chr3g0125731	MtrunA17Chr3g0125731			medtr.A17.gnm5.MtrunA17Chr3	-	44184386	44185836	1.72330973043802	0.038562611885944	UP	2.03825929651844	0.000699813038158442	UP
UP	A86_dnf2_shared	medtr.A17.gnm5.ann1_6.MtrunA17Chr4g0010271	MtrunA17Chr4g0010271	MtVAMP721a	vesicle-associated membrane protein 721a	medtr.A17.gnm5.MtrunA17Chr4	-	8055990	8061728	2.55778365180309	0.0025757040668356	UP	2.03499313700978	0.00733321777716984	UP
UP	A86_dnf2_shared	medtr.A17.gnm5.ann1_6.MtrunA17Chr8g0378931	MtrunA17Chr8g0378931			medtr.A17.gnm5.MtrunA17Chr8	+	39788614	39796278	2.22866779376327	0.00731575062130689	UP	1.97724496909281	0.00615361999527108	UP
UP	A86_dnf2_shared	medtr.A17.gnm5.ann1_6.MtrunA17Chr7g0240521	MtrunA17Chr7g0240521			medtr.A17.gnm5.MtrunA17Chr7	-	30343733	30345703	2.0044500428332	0.0190060212243644	UP	1.95961714449078	0.00575154841233852	UP
UP	A86_dnf2_shared	medtr.A17.gnm5.ann1_6.MtrunA17Chr5g0423341	MtrunA17Chr5g0423341			medtr.A17.gnm5.MtrunA17Chr5	-	25175286	25177790	3.24755096015454	0.00121779625001674	UP	1.94701133319482	0.039649330421148	UP
UP	A86_dnf2_shared	medtr.A17.gnm5.ann1_6.MtrunA17Chr4g0039311	MtrunA17Chr4g0039311			medtr.A17.gnm5.MtrunA17Chr4	+	37524843	37528356	2.18049059829475	0.00354378761990486	UP	1.94676817461183	0.00294404502691879	UP
UP	A86_dnf2_shared	medtr.A17.gnm5.ann1_6.MtrunA17Chr7g0235131	MtrunA17Chr7g0235131			medtr.A17.gnm5.MtrunA17Chr7	+	25530568	25532727	3.0022344660448	0.00302035778735869	UP	1.94670611789435	0.0369675314320442	UP
UP	A86_dnf2_shared	medtr.A17.gnm5.ann1_6.MtrunA17Chr2g0301621	MtrunA17Chr2g0301621			medtr.A17.gnm5.MtrunA17Chr2	-	19341886	19349484	2.47866071358559	0.0146474427583151	UP	1.90494334244292	0.0437322234473426	UP
UP	A86_dnf2_shared	medtr.A17.gnm5.ann1_6.MtrunA17Chr1g0201671	MtrunA17Chr1g0201671			medtr.A17.gnm5.MtrunA17Chr1	-	47974409	47977554	3.05458590845312	0.000507895200088059	UP	1.88145389764359	0.0174348934236767	UP
UP	A86_dnf2_shared	medtr.A17.gnm5.ann1_6.MtrunA17Chr1g0200811	MtrunA17Chr1g0200811	MtSUT1-1|MtSUT1.1	sucrose transporter	medtr.A17.gnm5.MtrunA17Chr1	-	47317676	47322375	2.31935483001482	0.00508211038331586	UP	1.86178030018387	0.0140806097079795	UP
UP	A86_dnf2_shared	medtr.A17.gnm5.ann1_6.MtrunA17Chr1g0201681	MtrunA17Chr1g0201681			medtr.A17.gnm5.MtrunA17Chr1	+	47975159	47975671	3.00364990352483	0.000370127935618936	UP	1.83532621617587	0.0184593055059032	UP
UP	A86_dnf2_shared	medtr.A17.gnm5.ann1_6.MtrunA17Chr4g0034311	MtrunA17Chr4g0034311	MtPhytogb1.2|MtGlb1-2	non-symbiotic hemoglobin (ns-Hb)	medtr.A17.gnm5.MtrunA17Chr4	-	33990561	33994050	1.91400050259148	0.0135511710476338	UP	1.79234007290398	0.007271972429874	UP
UP	A86_dnf2_shared	medtr.A17.gnm5.ann1_6.MtrunA17Chr7g0245631	MtrunA17Chr7g0245631	MtVRC1	vestitone reductase cluster gene 1	medtr.A17.gnm5.MtrunA17Chr7	+	34626335	34629079	1.96166112320362	0.0194239729304812	UP	1.78760153698712	0.0150112058572387	UP
UP	A86_dnf2_shared	medtr.A17.gnm5.ann1_6.MtrunA17Chr5g0402851	MtrunA17Chr5g0402851			medtr.A17.gnm5.MtrunA17Chr5	-	6817518	6822367	1.86241476518542	0.0118932684278747	UP	1.76770878880284	0.00521578668053759	UP
UP	A86_dnf2_shared	medtr.A17.gnm5.ann1_6.MtrunA17Chr6g0484351	MtrunA17Chr6g0484351			medtr.A17.gnm5.MtrunA17Chr6	-	38932047	38936536	3.04637259946917	0.00036777767073619	UP	1.74457630591067	0.0405465023481467	UP
UP	A86_dnf2_shared	medtr.A17.gnm5.ann1_6.MtrunA17Chr2g0282561	MtrunA17Chr2g0282561			medtr.A17.gnm5.MtrunA17Chr2	-	4004981	4007359	2.02998337800059	0.0283907768909463	UP	1.70866833697284	0.0489297833315806	UP
UP	A86_only	medtr.A17.gnm5.ann1_6.MtrunA17Chr6g0453191	MtrunA17Chr6g0453191			medtr.A17.gnm5.MtrunA17Chr6	-	3528943	3530912	3.14549373818434	0.0260510813087729	UP	-5.53773091380652	0.0957011466278833	NS
UP	A86_only	medtr.A17.gnm5.ann1_6.MtrunA17Chr7g0240691	MtrunA17Chr7g0240691			medtr.A17.gnm5.MtrunA17Chr7	-	30407851	30412503	4.23175874937579	0.00881688847787487	UP	-5.04506184233371	0.270104409366115	NS
UP	A86_only	medtr.A17.gnm5.ann1_6.MtrunA17Chr1g0183981	MtrunA17Chr1g0183981			medtr.A17.gnm5.MtrunA17Chr1	-	34582185	34582832	3.59623534791875	0.0233171544596287	UP	-4.4760437899044	0.287900880744534	NS
UP	A86_only	medtr.A17.gnm5.ann1_6.MtrunA17Chr3g0120071	MtrunA17Chr3g0120071	MtLOX2	lipoxygenase 2 (TC100141)	medtr.A17.gnm5.MtrunA17Chr3	+	40212778	40216628	3.49044983364843	0.0432625369110734	UP	-4.1290790953542	0.0202558848814668	DOWN
UP	A86_only	medtr.A17.gnm5.ann1_6.MtrunA17Chr5g0431571	MtrunA17Chr5g0431571	MtTPS10	terpene synthase 10	medtr.A17.gnm5.MtrunA17Chr5	+	32450501	32454752	5.64843221999641	0.0240051114005915	UP	3.91896644725261	0.165774562756592	NS
UP	A86_only	medtr.A17.gnm5.ann1_6.MtrunA17Chr8g0362611	MtrunA17Chr8g0362611			medtr.A17.gnm5.MtrunA17Chr8	-	27148515	27150067	6.82746383109588	0.00360600628515225	UP	3.91879762992429	0.247612919010456	NS
UP	A86_only	medtr.A17.gnm5.ann1_6.MtrunA17Chr6g0453731	MtrunA17Chr6g0453731			medtr.A17.gnm5.MtrunA17Chr6	-	4018243	4022588	3.12773464675748	0.00036777767073619	UP	-3.45277209052779	0.000592512625483077	DOWN
UP	A86_only	medtr.A17.gnm5.ann1_6.MtrunA17Chr2g0299211	MtrunA17Chr2g0299211			medtr.A17.gnm5.MtrunA17Chr2	+	17207433	17208982	2.81331390868005	0.0132432794125558	UP	-3.35001688396087	0.0132607248086905	DOWN
UP	A86_only	medtr.A17.gnm5.ann1_6.MtrunA17Chr3g0104591	MtrunA17Chr3g0104591	MtKunitz28	Kunitz-P Trypsin Inhibitor	medtr.A17.gnm5.MtrunA17Chr3	-	28687687	28688410	5.94097176840112	0.021096393211488	UP	3.33121281933768	0.409018801125501	NS
UP	A86_only	medtr.A17.gnm5.ann1_6.MtrunA17Chr7g0267101	MtrunA17Chr7g0267101			medtr.A17.gnm5.MtrunA17Chr7	+	49949190	49950332	7.21322389491982	0.0270159529320529	UP	3.33067340607521	0.905563569949908	NS
UP	A86_only	medtr.A17.gnm5.ann1_6.MtrunA17Chr8g0339051	MtrunA17Chr8g0339051			medtr.A17.gnm5.MtrunA17Chr8	-	3334311	3336056	7.44247219715637	0.000971968489995767	UP	2.97458991882757	0.44839901962223	NS
UP	A86_only	medtr.A17.gnm5.ann1_6.MtrunA17Chr4g0063721	MtrunA17Chr4g0063721			medtr.A17.gnm5.MtrunA17Chr4	-	55186098	55197637	6.92609978455559	0.00940802254160069	UP	2.96281034886073	0.773471601628103	NS
UP	A86_only	medtr.A17.gnm5.ann1_6.MtrunA17Chr3g0111181	MtrunA17Chr3g0111181			medtr.A17.gnm5.MtrunA17Chr3	-	33576494	33580782	6.33555573287079	0.00112341987139805	UP	2.94399615299975	0.283930938668457	NS
UP	A86_only	medtr.A17.gnm5.ann1_6.MtrunA17Chr7g0247541	MtrunA17Chr7g0247541	MtBBPI12	Bowman-Birk peptidase Inhibitor	medtr.A17.gnm5.MtrunA17Chr7	-	35899804	35900444	3.14239391371371	0.0194959886164905	UP	-2.85093720073594	0.0311230687786694	DOWN
UP	A86_only	medtr.A17.gnm5.ann1_6.MtrunA17Chr7g0250991	MtrunA17Chr7g0250991			medtr.A17.gnm5.MtrunA17Chr7	+	38336232	38337157	5.91535978529664	0.00156093026725578	UP	2.80264968964249	0.360847311859661	NS
UP	A86_only	medtr.A17.gnm5.ann1_6.MtrunA17Chr4g0025501	MtrunA17Chr4g0025501	MtPUB31	Plant U-box protein 31	medtr.A17.gnm5.MtrunA17Chr4	-	26387974	26389316	3.7198254781999	0.049554004279135	UP	2.78239102561884	0.116662480745105	NS
UP	A86_only	medtr.A17.gnm5.ann1_6.MtrunA17Chr2g0287431	MtrunA17Chr2g0287431			medtr.A17.gnm5.MtrunA17Chr2	+	7453540	7455296	3.55389324534997	0.0305462058969184	UP	2.71522145959031	0.0547393987599652	NS
UP	A86_only	medtr.A17.gnm5.ann1_6.MtrunA17Chr3g0111231	MtrunA17Chr3g0111231			medtr.A17.gnm5.MtrunA17Chr3	+	33596299	33597533	3.7156377529009	0.0296716137120846	UP	2.69964777708431	0.0876641186444499	NS
UP	A86_only	medtr.A17.gnm5.ann1_6.MtrunA17Chr1g0184081	MtrunA17Chr1g0184081			medtr.A17.gnm5.MtrunA17Chr1	-	34661908	34662480	5.5237086134119	0.00360600628515225	UP	-2.66087565366678	0.955534659863621	NS
UP	A86_only	medtr.A17.gnm5.ann1_6.MtrunA17Chr8g0379931	MtrunA17Chr8g0379931			medtr.A17.gnm5.MtrunA17Chr8	+	40356427	40367488	5.99756631635678	0.000389007256319178	UP	2.61280264277819	0.259509607722329	NS
UP	A86_only	medtr.A17.gnm5.ann1_6.MtrunA17Chr4g0012291	MtrunA17Chr4g0012291			medtr.A17.gnm5.MtrunA17Chr4	+	9757757	9767171	3.33160829111426	0.0290843187203362	UP	2.60673654226528	0.0680010306877819	NS
UP	A86_only	medtr.A17.gnm5.ann1_6.MtrunA17Chr4g0047221	MtrunA17Chr4g0047221			medtr.A17.gnm5.MtrunA17Chr4	-	43307322	43309658	4.52141911179829	0.0125955335569222	UP	2.568310083473	0.173510280291794	NS
UP	A86_only	medtr.A17.gnm5.ann1_6.MtrunA17Chr5g0438491	MtrunA17Chr5g0438491			medtr.A17.gnm5.MtrunA17Chr5	-	37666394	37667381	4.73949932113412	0.00398192203670154	UP	2.44887429877002	0.17351780496258	NS
UP	A86_only	medtr.A17.gnm5.ann1_6.MtrunA17Chr6g0462271	MtrunA17Chr6g0462271			medtr.A17.gnm5.MtrunA17Chr6	-	11309667	11309918	3.51738796819069	0.0451427686273679	UP	2.4195753383919	0.183920857802717	NS
UP	A86_only	medtr.A17.gnm5.ann1_6.MtrunA17Chr8g0339061	MtrunA17Chr8g0339061			medtr.A17.gnm5.MtrunA17Chr8	+	3335188	3335799	6.74054395785355	0.000598120616069922	UP	2.41605427974007	0.57559884317749	NS
UP	A86_only	medtr.A17.gnm5.ann1_6.MtrunA17Chr3g0111201	MtrunA17Chr3g0111201			medtr.A17.gnm5.MtrunA17Chr3	-	33584331	33585476	4.26580458735411	0.00462097525267611	UP	2.38313819351703	0.13215672557083	NS
UP	A86_only	medtr.A17.gnm5.ann1_6.MtrunA17Chr1g0187161	MtrunA17Chr1g0187161	MtSubIn3	Subtilisin inhibitor	medtr.A17.gnm5.MtrunA17Chr1	+	37276866	37277492	5.12818362166581	0.00274185577969109	UP	2.33728689698326	0.186177048480538	NS
UP	A86_only	medtr.A17.gnm5.ann1_6.MtrunA17Chr5g0407321	MtrunA17Chr5g0407321			medtr.A17.gnm5.MtrunA17Chr5	-	9916063	9922022	3.44242837498156	0.0270406186845687	UP	2.33395826810274	0.103100632372883	NS
UP	A86_only	medtr.A17.gnm5.ann1_6.MtrunA17Chr7g0253501	MtrunA17Chr7g0253501			medtr.A17.gnm5.MtrunA17Chr7	+	40088910	40090603	3.32839821523442	0.0236883191994676	UP	2.32537642871123	0.0706876614900418	NS
UP	A86_only	medtr.A17.gnm5.ann1_6.MtrunA17Chr7g0247461	MtrunA17Chr7g0247461	MtBBPI4	Bowman-Birk peptidase Inhibitor	medtr.A17.gnm5.MtrunA17Chr7	-	35855603	35856302	4.02747311391574	0.0402303226253058	UP	2.29397356946519	0.445520674165414	NS
UP	A86_only	medtr.A17.gnm5.ann1_6.MtrunA17Chr2g0302201	MtrunA17Chr2g0302201			medtr.A17.gnm5.MtrunA17Chr2	-	19821878	19823436	4.20128467844391	0.000865325868357233	UP	2.25626433392944	0.0512721861423084	NS
UP	A86_only	medtr.A17.gnm5.ann1_6.MtrunA17Chr4g0041211	MtrunA17Chr4g0041211			medtr.A17.gnm5.MtrunA17Chr4	+	38956518	38960677	2.3562573631225	0.00441290507421999	UP	-2.24694025146941	0.00525855557052887	DOWN
UP	A86_only	medtr.A17.gnm5.ann1_6.MtrunA17Chr4g0069591	MtrunA17Chr4g0069591			medtr.A17.gnm5.MtrunA17Chr4	-	59487925	59490168	3.37510436765978	0.0488628334359247	UP	2.18286902534989	0.252037946738766	NS
UP	A86_only	medtr.A17.gnm5.ann1_6.MtrunA17Chr4g0000461	MtrunA17Chr4g0000461	Mt4CL-3	4-coumarate--CoA ligase	medtr.A17.gnm5.MtrunA17Chr4	+	375211	378997	2.96265910305615	0.020792746612276	UP	2.14289101473657	0.0624316276266639	NS
UP	A86_only	medtr.A17.gnm5.ann1_6.MtrunA17Chr3g0109411	MtrunA17Chr3g0109411			medtr.A17.gnm5.MtrunA17Chr3	+	32320999	32327831	3.09905296629886	0.0105413605983853	UP	2.1405999840309	0.0509513555755514	NS
UP	A86_only	medtr.A17.gnm5.ann1_6.MtrunA17Chr7g0226451	MtrunA17Chr7g0226451			medtr.A17.gnm5.MtrunA17Chr7	-	11583852	11588302	3.18402753702867	0.0336015507878042	UP	-2.1325538695008	0.729755234315145	NS
UP	A86_only	medtr.A17.gnm5.ann1_6.MtrunA17Chr4g0024771	MtrunA17Chr4g0024771	MtCYP71D417	Cytochrome P450 monooxygenase	medtr.A17.gnm5.MtrunA17Chr4	-	25600915	25602842	3.00159380524071	0.0135511710476338	UP	2.10769738014214	0.0757007190175429	NS
UP	A86_only	medtr.A17.gnm5.ann1_6.MtrunA17Chr6g0453131	MtrunA17Chr6g0453131			medtr.A17.gnm5.MtrunA17Chr6	+	3486710	3491081	2.90138232358912	0.0261226623142276	UP	2.09678817057706	0.0785094508530566	NS
UP	A86_only	medtr.A17.gnm5.ann1_6.MtrunA17Chr5g0426531	MtrunA17Chr5g0426531			medtr.A17.gnm5.MtrunA17Chr5	-	28455921	28457590	3.42239639892195	0.00326111434738614	UP	-2.08003571630809	0.290456050527994	NS
UP	A86_only	medtr.A17.gnm5.ann1_6.MtrunA17Chr6g0451711	MtrunA17Chr6g0451711	MtTPS13	terpene synthase 13	medtr.A17.gnm5.MtrunA17Chr6	+	2251368	2255015	4.64790499836617	0.00847779459565073	UP	2.06964791547692	0.534797852036891	NS
UP	A86_only	medtr.A17.gnm5.ann1_6.MtrunA17Chr4g0073041	MtrunA17Chr4g0073041	MtTPS8	trehalose phosphate synthase 8	medtr.A17.gnm5.MtrunA17Chr4	-	62018754	62022838	2.84098595383378	0.0125017243695103	UP	1.9689869694317	0.0644888460475834	NS
UP	A86_only	medtr.A17.gnm5.ann1_6.MtrunA17Chr4g0075801	MtrunA17Chr4g0075801			medtr.A17.gnm5.MtrunA17Chr4	+	63904966	63909696	3.37667103093773	0.0119935389912146	UP	1.9611426641841	0.130148678064636	NS
UP	A86_only	medtr.A17.gnm5.ann1_6.MtrunA17Chr4g0011901	MtrunA17Chr4g0011901	MtCYP83E41	Cytochrome P450 monooxygenase	medtr.A17.gnm5.MtrunA17Chr4	+	9464010	9467470	4.34273507813287	0.00326111434738614	UP	1.95079089722179	0.344361350579816	NS
UP	A86_only	medtr.A17.gnm5.ann1_6.MtrunA17Chr1g0184031	MtrunA17Chr1g0184031			medtr.A17.gnm5.MtrunA17Chr1	-	34615240	34615911	6.83599397539974	4.56223524123242e-05	UP	1.91695776429154	0.32121295741821	NS
UP	A86_only	medtr.A17.gnm5.ann1_6.MtrunA17Chr3g0122261	MtrunA17Chr3g0122261			medtr.A17.gnm5.MtrunA17Chr3	+	41851109	41853558	2.7664291918022	0.0164035499834691	UP	1.82974735763616	0.116187304028359	NS
UP	A86_only	medtr.A17.gnm5.ann1_6.MtrunA17Chr4g0021211	MtrunA17Chr4g0021211			medtr.A17.gnm5.MtrunA17Chr4	+	18301138	18305353	2.93449006906688	0.0237573792452108	UP	1.81786363487153	0.184638982525214	NS
UP	A86_only	medtr.A17.gnm5.ann1_6.MtrunA17Chr4g0073641	MtrunA17Chr4g0073641			medtr.A17.gnm5.MtrunA17Chr4	+	62498614	62502206	4.1048561031087	0.0117377115312265	UP	1.76755168423637	0.562107536065095	NS
UP	A86_only	medtr.A17.gnm5.ann1_6.MtrunA17Chr8g0359251	MtrunA17Chr8g0359251			medtr.A17.gnm5.MtrunA17Chr8	+	22441571	22443755	3.29087966908168	0.0270406186845687	UP	1.75740692660097	0.368622916136121	NS
UP	A86_only	medtr.A17.gnm5.ann1_6.MtrunA17Chr2g0323141	MtrunA17Chr2g0323141			medtr.A17.gnm5.MtrunA17Chr2	-	43729208	43729900	4.32504996441008	0.00274185577969109	UP	1.74187693723095	0.396821154887969	NS
UP	A86_only	medtr.A17.gnm5.ann1_6.MtrunA17Chr2g0298551	MtrunA17Chr2g0298551			medtr.A17.gnm5.MtrunA17Chr2	+	16482815	16486151	2.30540133685946	0.0132432794125558	UP	1.74094761977657	0.0595768525531882	NS
UP	A86_only	medtr.A17.gnm5.ann1_6.MtrunA17Chr8g0368741	MtrunA17Chr8g0368741	MtPHO1.3	Phosphate transporter1.1 (export)	medtr.A17.gnm5.MtrunA17Chr8	-	32105757	32112892	2.79426255578802	0.0159314219729066	UP	1.72709928691899	0.175947357095176	NS
UP	A86_only	medtr.A17.gnm5.ann1_6.MtrunA17Chr4g0045491	MtrunA17Chr4g0045491			medtr.A17.gnm5.MtrunA17Chr4	-	42107391	42109511	4.26298999837014	0.000286611694686804	UP	1.72515193869585	0.141773375143741	NS
UP	A86_only	medtr.A17.gnm5.ann1_6.MtrunA17Chr2g0321431	MtrunA17Chr2g0321431			medtr.A17.gnm5.MtrunA17Chr2	+	42419853	42427071	2.07212707008987	0.0374544265175857	UP	1.68938535208003	0.0782221923869325	NS
UP	A86_only	medtr.A17.gnm5.ann1_6.MtrunA17Chr1g0205371	MtrunA17Chr1g0205371	MtCYP76F77	Cytochrome P450 monooxygenase	medtr.A17.gnm5.MtrunA17Chr1	+	50604857	50606851	4.21803923276737	0.0185677781774741	UP	1.68201433591739	0.731405716462474	NS
UP	A86_only	medtr.A17.gnm5.ann1_6.MtrunA17Chr7g0253071	MtrunA17Chr7g0253071			medtr.A17.gnm5.MtrunA17Chr7	-	39796440	39796660	2.3853845852942	0.049554004279135	UP	-1.67855632210363	0.490235419318775	NS
UP	A86_only	medtr.A17.gnm5.ann1_6.MtrunA17Chr2g0325041	MtrunA17Chr2g0325041			medtr.A17.gnm5.MtrunA17Chr2	+	45028523	45029062	3.0491666747629	0.0236145421088035	UP	1.67740749292691	0.370052810587466	NS
UP	A86_only	medtr.A17.gnm5.ann1_6.MtrunA17Chr7g0241911	MtrunA17Chr7g0241911			medtr.A17.gnm5.MtrunA17Chr7	-	31465008	31466647	2.07809616450461	0.0387172164418931	UP	1.66149009914873	0.0950347061073417	NS
UP	A86_only	medtr.A17.gnm5.ann1_6.MtrunA17Chr5g0422621	MtrunA17Chr5g0422621			medtr.A17.gnm5.MtrunA17Chr5	+	24435748	24438365	3.67125774807392	1.2388294285629e-06	UP	-1.64855452054264	0.0238635511892642	DOWN
UP	A86_only	medtr.A17.gnm5.ann1_6.MtrunA17Chr6g0464061	MtrunA17Chr6g0464061			medtr.A17.gnm5.MtrunA17Chr6	+	13283546	13284419	3.86681776031137	0.0175957560410669	UP	-1.63913226170319	1	NS
UP	A86_only	medtr.A17.gnm5.ann1_6.MtrunA17Chr6g0464351	MtrunA17Chr6g0464351			medtr.A17.gnm5.MtrunA17Chr6	-	13516742	13518402	2.13913347116708	0.0458545821144784	UP	1.62030791591072	0.145515342287834	NS
UP	A86_only	medtr.A17.gnm5.ann1_6.MtrunA17Chr7g0235141	MtrunA17Chr7g0235141			medtr.A17.gnm5.MtrunA17Chr7	-	25530756	25537908	2.63569954607584	0.00389092288996198	UP	1.60865909558488	0.112798675369349	NS
UP	A86_only	medtr.A17.gnm5.ann1_6.MtrunA17Chr5g0397261	MtrunA17Chr5g0397261	MtMAPK5	MAP kinase	medtr.A17.gnm5.MtrunA17Chr5	+	2620715	2623427	3.05574607907125	0.00116568417106488	UP	1.59170462053402	0.14163510135981	NS
UP	A86_only	medtr.A17.gnm5.ann1_6.MtrunA17Chr3g0119181	MtrunA17Chr3g0119181			medtr.A17.gnm5.MtrunA17Chr3	-	39620439	39625091	2.67386913303538	0.0499885335555965	UP	-1.58974921567901	0.583133350764413	NS
UP	A86_only	medtr.A17.gnm5.ann1_6.MtrunA17Chr5g0432251	MtrunA17Chr5g0432251			medtr.A17.gnm5.MtrunA17Chr5	+	33004291	33007130	3.78913575762769	0.00961924650346628	UP	1.58668872788968	0.461010978730497	NS
UP	A86_only	medtr.A17.gnm5.ann1_6.MtrunA17Chr1g0187961	MtrunA17Chr1g0187961	AtSHY2-like	suppressor of HY2-like (Auxin-responsive protein IAA3, in situ hybridization PMID 24483147)	medtr.A17.gnm5.MtrunA17Chr1	+	37796836	37798452	2.9208506513282	0.000865325868357233	UP	1.57685228357566	0.111557152754801	NS
UP	A86_only	medtr.A17.gnm5.ann1_6.MtrunA17Chr6g0461461	MtrunA17Chr6g0461461			medtr.A17.gnm5.MtrunA17Chr6	+	10627895	10632029	3.43051833200465	0.0300380351439185	UP	1.57426082669569	0.481104841544667	NS
UP	A86_only	medtr.A17.gnm5.ann1_6.MtrunA17Chr5g0403701	MtrunA17Chr5g0403701			medtr.A17.gnm5.MtrunA17Chr5	+	7474246	7476158	3.75339492755246	0.00325086622382491	UP	1.55716279238842	0.490278790631436	NS
UP	A86_only	medtr.A17.gnm5.ann1_6.MtrunA17Chr8g0348311	MtrunA17Chr8g0348311			medtr.A17.gnm5.MtrunA17Chr8	-	10975238	10977716	3.02966385761899	0.0139342913984071	UP	1.53878351133055	0.38381455854141	NS
UP	A86_only	medtr.A17.gnm5.ann1_6.MtrunA17Chr2g0283481	MtrunA17Chr2g0283481			medtr.A17.gnm5.MtrunA17Chr2	+	4651667	4656788	2.74089888820643	0.00180833435248515	UP	1.53797045417135	0.149205503887866	NS
UP	A86_only	medtr.A17.gnm5.ann1_6.MtrunA17Chr1g0198601	MtrunA17Chr1g0198601			medtr.A17.gnm5.MtrunA17Chr1	-	45578025	45580662	2.18407189802316	0.00256072833981208	UP	-1.53606267499262	0.0547393987599652	NS
UP	A86_only	medtr.A17.gnm5.ann1_6.MtrunA17Chr3g0111111	MtrunA17Chr3g0111111	MtLegin4	Leginsulin 4	medtr.A17.gnm5.MtrunA17Chr3	-	33547077	33549563	3.1519682665433	0.00264002596664426	UP	1.51375509910626	0.241958831531354	NS
UP	A86_only	medtr.A17.gnm5.ann1_6.MtrunA17Chr2g0309471	MtrunA17Chr2g0309471			medtr.A17.gnm5.MtrunA17Chr2	-	32201996	32206229	2.25251816124845	0.0149216811467659	UP	1.50464071128605	0.166652721285501	NS
UP	A86_only	medtr.A17.gnm5.ann1_6.MtrunA17Chr3g0135351	MtrunA17Chr3g0135351			medtr.A17.gnm5.MtrunA17Chr3	+	51346028	51348086	4.21632160323725	0.00315234852545057	UP	-1.50146415572775	0.469814997825233	NS
UP	A86_only	medtr.A17.gnm5.ann1_6.MtrunA17Chr6g0476871	MtrunA17Chr6g0476871	MtKunitz39	Kunitz-P Trypsin Inhibitor	medtr.A17.gnm5.MtrunA17Chr6	-	31636707	31637662	4.65705452623371	0.00171539123914463	UP	1.49364289973824	0.591873787565118	NS
UP	A86_only	medtr.A17.gnm5.ann1_6.MtrunA17Chr5g0413331	MtrunA17Chr5g0413331			medtr.A17.gnm5.MtrunA17Chr5	-	14567175	14573320	2.0524656135074	0.0125955335569222	UP	1.48552119523234	0.109546166823946	NS
UP	A86_only	medtr.A17.gnm5.ann1_6.MtrunA17Chr3g0121851	MtrunA17Chr3g0121851			medtr.A17.gnm5.MtrunA17Chr3	-	41514672	41517187	2.03773860430556	0.0193552875924076	UP	1.48472024129205	0.1327427381359	NS
UP	A86_only	medtr.A17.gnm5.ann1_6.MtrunA17Chr5g0433241	MtrunA17Chr5g0433241			medtr.A17.gnm5.MtrunA17Chr5	-	33764929	33767183	2.2724927201204	0.0190060212243644	UP	1.4816238183948	0.211692746929595	NS
UP	A86_only	medtr.A17.gnm5.ann1_6.MtrunA17Chr7g0222381	MtrunA17Chr7g0222381			medtr.A17.gnm5.MtrunA17Chr7	+	7605850	7615269	2.49107576527199	0.0113382990896791	UP	1.47907416220313	0.23646124470002	NS
UP	A86_only	medtr.A17.gnm5.ann1_6.MtrunA17Chr1g0187971	MtrunA17Chr1g0187971			medtr.A17.gnm5.MtrunA17Chr1	-	37796980	37798246	2.71954049460486	0.00264002596664426	UP	1.47546096531972	0.208601164791061	NS
UP	A86_only	medtr.A17.gnm5.ann1_6.MtrunA17Chr1g0213011	MtrunA17Chr1g0213011	MtCHI-2	chalcone isomerase	medtr.A17.gnm5.MtrunA17Chr1	+	56024184	56025882	2.28451954330255	0.013371330056698	UP	1.47305631363619	0.195628739073562	NS
UP	A86_only	medtr.A17.gnm5.ann1_6.MtrunA17Chr5g0433251	MtrunA17Chr5g0433251			medtr.A17.gnm5.MtrunA17Chr5	+	33765188	33767405	2.13231369516243	0.0191453271035993	UP	1.46906214264557	0.176432196803587	NS
UP	A86_only	medtr.A17.gnm5.ann1_6.MtrunA17Chr3g0112771	MtrunA17Chr3g0112771			medtr.A17.gnm5.MtrunA17Chr3	+	34700249	34704008	2.3090079165598	0.00981556379084474	UP	1.46014732847641	0.200023816409142	NS
UP	A86_only	medtr.A17.gnm5.ann1_6.MtrunA17Chr4g0046351	MtrunA17Chr4g0046351	MtCYP93C20	Cytochrome P450 monooxygenase	medtr.A17.gnm5.MtrunA17Chr4	+	42740030	42742201	2.72542444637663	0.0259868071535413	UP	1.45538820557485	0.411367805735886	NS
UP	A86_only	medtr.A17.gnm5.ann1_6.MtrunA17Chr1g0159471	MtrunA17Chr1g0159471			medtr.A17.gnm5.MtrunA17Chr1	+	10174362	10175865	1.86231517492585	0.035334687720425	UP	1.42323208531821	0.16167587599348	NS
UP	A86_only	medtr.A17.gnm5.ann1_6.MtrunA17Chr8g0343771	MtrunA17Chr8g0343771			medtr.A17.gnm5.MtrunA17Chr8	+	7103826	7105749	3.01707925921034	0.0339584891529483	UP	-1.42237332269207	0.955111142793263	NS
UP	A86_only	medtr.A17.gnm5.ann1_6.MtrunA17Chr6g0451681	MtrunA17Chr6g0451681	MtCYP82A6	Cytochrome P450 monooxygenase	medtr.A17.gnm5.MtrunA17Chr6	+	2216329	2219628	3.58296911648015	0.00325086622382491	UP	1.41909910331516	0.417577043531755	NS
UP	A86_only	medtr.A17.gnm5.ann1_6.MtrunA17Chr3g0141651	MtrunA17Chr3g0141651			medtr.A17.gnm5.MtrunA17Chr3	-	55796919	55801273	2.69344604671326	0.0255777805038152	UP	-1.41309233442796	0.522239499871148	NS
UP	A86_only	medtr.A17.gnm5.ann1_6.MtrunA17Chr3g0114701	MtrunA17Chr3g0114701			medtr.A17.gnm5.MtrunA17Chr3	-	36109010	36111661	2.59674820240574	0.0190060212243644	UP	-1.40282172783388	0.397133451084425	NS
UP	A86_only	medtr.A17.gnm5.ann1_6.MtrunA17Chr4g0034081	MtrunA17Chr4g0034081			medtr.A17.gnm5.MtrunA17Chr4	+	33824509	33825492	3.05039884456605	7.89452474225082e-05	UP	1.35742527396677	0.178151529539299	NS
UP	A86_only	medtr.A17.gnm5.ann1_6.MtrunA17Chr7g0274141	MtrunA17Chr7g0274141			medtr.A17.gnm5.MtrunA17Chr7	+	54559970	54563826	4.34348436351762	0.00274185577969109	UP	1.34914591882896	0.599042032134797	NS
UP	A86_only	medtr.A17.gnm5.ann1_6.MtrunA17Chr7g0249611	MtrunA17Chr7g0249611			medtr.A17.gnm5.MtrunA17Chr7	+	37368575	37377002	2.02426480550414	0.0182784323754129	UP	1.3362815033523	0.272761956174729	NS
UP	A86_only	medtr.A17.gnm5.ann1_6.MtrunA17Chr5g0436701	MtrunA17Chr5g0436701	MtPIP1;1	Plasma membrane intrinsic protein 1|1 (aquaporin)	medtr.A17.gnm5.MtrunA17Chr5	-	36427185	36429934	1.98987709995189	0.00360600628515225	UP	1.33602762649385	0.148348335088029	NS
UP	A86_only	medtr.A17.gnm5.ann1_6.MtrunA17Chr3g0114351	MtrunA17Chr3g0114351			medtr.A17.gnm5.MtrunA17Chr3	+	35887986	35891143	2.13199398715117	0.00972138168517921	UP	1.33291034869531	0.269110622009712	NS
UP	A86_only	medtr.A17.gnm5.ann1_6.MtrunA17Chr6g0476831	MtrunA17Chr6g0476831	MtKunitz40	Kunitz-P Trypsin Inhibitor	medtr.A17.gnm5.MtrunA17Chr6	-	31618357	31619903	3.40208571211903	0.000662893801901076	UP	1.32510838417579	0.409167997445225	NS
UP	A86_only	medtr.A17.gnm5.ann1_6.MtrunA17Chr2g0323131	MtrunA17Chr2g0323131	MtTPS6	terpene synthase 6	medtr.A17.gnm5.MtrunA17Chr2	+	43725494	43730152	3.94573102290298	0.00673538510816863	UP	1.30387874928125	0.720533250170817	NS
UP	A86_only	medtr.A17.gnm5.ann1_6.MtrunA17Chr6g0487481	MtrunA17Chr6g0487481			medtr.A17.gnm5.MtrunA17Chr6	+	41813679	41816306	2.83591776840722	0.000865325868357233	UP	1.29903647323215	0.358166825430412	NS
UP	A86_only	medtr.A17.gnm5.ann1_6.MtrunA17Chr3g0119291	MtrunA17Chr3g0119291			medtr.A17.gnm5.MtrunA17Chr3	-	39694492	39695899	2.66928942287568	0.00171539123914463	UP	-1.28829619718278	0.499432153542221	NS
UP	A86_only	medtr.A17.gnm5.ann1_6.MtrunA17Chr8g0341721	MtrunA17Chr8g0341721			medtr.A17.gnm5.MtrunA17Chr8	+	5248134	5249751	3.64170932882615	0.0082804731157493	UP	1.27725889147703	0.707736660639827	NS
UP	A86_only	medtr.A17.gnm5.ann1_6.MtrunA17Chr6g0467621	MtrunA17Chr6g0467621	MtKunitz32	Kunitz-P Trypsin Inhibitor	medtr.A17.gnm5.MtrunA17Chr6	+	16553380	16554337	2.93139269669524	0.0277724157485838	UP	1.26659211260523	0.667789365734924	NS
UP	A86_only	medtr.A17.gnm5.ann1_6.MtrunA17Chr8g0346561	MtrunA17Chr8g0346561	MtMYB041	Myeloblastosis (MYB) transcription factor 41	medtr.A17.gnm5.MtrunA17Chr8	+	9612205	9613947	2.49960519401999	0.0410380592979516	UP	1.26547915503323	0.59282536985714	NS
UP	A86_only	medtr.A17.gnm5.ann1_6.MtrunA17Chr1g0159201	MtrunA17Chr1g0159201			medtr.A17.gnm5.MtrunA17Chr1	+	9932621	9934596	3.0727378472846	0.0193487817232214	UP	-1.26398148028875	0.982614310796132	NS
UP	A86_only	medtr.A17.gnm5.ann1_6.MtrunA17Chr3g0077521	MtrunA17Chr3g0077521			medtr.A17.gnm5.MtrunA17Chr3	-	291709	292621	2.93926865227549	0.0255777805038152	UP	1.26268533584487	0.64768507878535	NS
UP	A86_only	medtr.A17.gnm5.ann1_6.MtrunA17Chr3g0137781	MtrunA17Chr3g0137781			medtr.A17.gnm5.MtrunA17Chr3	-	52955220	52959939	2.11738405914425	0.0110776224565575	UP	1.26071069014402	0.38341836197102	NS
UP	A86_only	medtr.A17.gnm5.ann1_6.MtrunA17Chr4g0034321	MtrunA17Chr4g0034321			medtr.A17.gnm5.MtrunA17Chr4	+	33990633	33992560	2.24447519912291	0.0033802114627367	UP	1.25994064189772	0.364599127270867	NS
UP	A86_only	medtr.A17.gnm5.ann1_6.MtrunA17Chr8g0385431	MtrunA17Chr8g0385431			medtr.A17.gnm5.MtrunA17Chr8	-	44131106	44132297	2.59097159987301	0.048216397860461	UP	1.25694091937614	0.671378771055119	NS
UP	A86_only	medtr.A17.gnm5.ann1_6.MtrunA17Chr2g0312011	MtrunA17Chr2g0312011			medtr.A17.gnm5.MtrunA17Chr2	+	34944312	34946399	1.99245987652011	0.0165272618496189	UP	1.25652788931397	0.37201938371159	NS
UP	A86_only	medtr.A17.gnm5.ann1_6.MtrunA17Chr5g0414821	MtrunA17Chr5g0414821			medtr.A17.gnm5.MtrunA17Chr5	+	15747473	15748933	3.97240293406409	0.00209151379742465	UP	1.24995639406181	0.637849009337049	NS
UP	A86_only	medtr.A17.gnm5.ann1_6.MtrunA17Chr8g0382821	MtrunA17Chr8g0382821			medtr.A17.gnm5.MtrunA17Chr8	-	42316469	42318691	2.08429326205964	0.0441300492414338	UP	-1.24044913085048	0.518050154061145	NS
UP	A86_only	medtr.A17.gnm5.ann1_6.MtrunA17Chr8g0341701	MtrunA17Chr8g0341701	MtDMPP910	2,3-diketo-5-methylthio-1-phosphopentane phosphatase	medtr.A17.gnm5.MtrunA17Chr8	+	5227925	5230812	2.90898091134835	0.0108615617764159	UP	-1.24039915348003	0.618245914162564	NS
UP	A86_only	medtr.A17.gnm5.ann1_6.MtrunA17Chr7g0261101	MtrunA17Chr7g0261101			medtr.A17.gnm5.MtrunA17Chr7	+	45678383	45678980	3.04360689712987	0.00280044913443926	UP	-1.23885064872776	0.636608919944602	NS
UP	A86_only	medtr.A17.gnm5.ann1_6.MtrunA17Chr4g0055371	MtrunA17Chr4g0055371			medtr.A17.gnm5.MtrunA17Chr4	-	49015259	49020469	3.71841747242457	0.00326111434738614	UP	1.21957454112329	0.716353158024942	NS
UP	A86_only	medtr.A17.gnm5.ann1_6.MtrunA17Chr6g0453311	MtrunA17Chr6g0453311			medtr.A17.gnm5.MtrunA17Chr6	+	3702496	3704074	2.11519527495288	0.0390771596708048	UP	-1.21900372740726	0.617647644583003	NS
UP	A86_only	medtr.A17.gnm5.ann1_6.MtrunA17Chr8g0382021	MtrunA17Chr8g0382021			medtr.A17.gnm5.MtrunA17Chr8	+	41821072	41822760	3.66399790789895	0.00788391474349671	UP	1.20510470681157	0.773721833033322	NS
UP	A86_only	medtr.A17.gnm5.ann1_6.MtrunA17Chr1g0175011	MtrunA17Chr1g0175011			medtr.A17.gnm5.MtrunA17Chr1	-	26353349	26354024	3.00695610784515	0.0277724157485838	UP	1.20428523708975	0.825588627572928	NS
UP	A86_only	medtr.A17.gnm5.ann1_6.MtrunA17Chr1g0184011	MtrunA17Chr1g0184011			medtr.A17.gnm5.MtrunA17Chr1	-	34597343	34598020	4.1401888185155	0.00163453662264521	UP	-1.19955606063867	0.841608377084887	NS
UP	A86_only	medtr.A17.gnm5.ann1_6.MtrunA17Chr3g0077511	MtrunA17Chr3g0077511			medtr.A17.gnm5.MtrunA17Chr3	+	289634	294977	2.91000354878403	0.0259868071535413	UP	1.19402231416483	0.717645401956917	NS
UP	A86_only	medtr.A17.gnm5.ann1_6.MtrunA17Chr4g0063331	MtrunA17Chr4g0063331	MtENOD93	early nodulin 93	medtr.A17.gnm5.MtrunA17Chr4	+	54957010	54958169	2.81270491974678	0.0024848747833901	UP	1.19395395111473	0.578228185511061	NS
UP	A86_only	medtr.A17.gnm5.ann1_6.MtrunA17Chr1g0208601	MtrunA17Chr1g0208601			medtr.A17.gnm5.MtrunA17Chr1	+	52763992	52770348	2.40463644079146	0.00228916392984746	UP	1.18184632601485	0.521136393238075	NS
UP	A86_only	medtr.A17.gnm5.ann1_6.MtrunA17Chr8g0379151	MtrunA17Chr8g0379151	MtCP77	cystein protease 77 (papain family)	medtr.A17.gnm5.MtrunA17Chr8	+	39954419	39956383	3.74944503050213	0.0027108525052625	UP	-1.17954810170938	0.770463865634231	NS
UP	A86_only	medtr.A17.gnm5.ann1_6.MtrunA17Chr3g0128761	MtrunA17Chr3g0128761			medtr.A17.gnm5.MtrunA17Chr3	+	46401867	46404358	1.81823333380942	0.0255777805038152	UP	1.17949319355675	0.477718049156833	NS
UP	A86_only	medtr.A17.gnm5.ann1_6.MtrunA17Chr3g0140601	MtrunA17Chr3g0140601			medtr.A17.gnm5.MtrunA17Chr3	-	54970224	54972340	1.97047512505818	0.046212780570301	UP	1.17917445557908	0.586951552191562	NS
UP	A86_only	medtr.A17.gnm5.ann1_6.MtrunA17Chr2g0332251	MtrunA17Chr2g0332251			medtr.A17.gnm5.MtrunA17Chr2	+	50345560	50346317	2.84325760587295	0.00326111434738614	UP	1.15610183336491	0.661012701878698	NS
UP	A86_only	medtr.A17.gnm5.ann1_6.MtrunA17Chr2g0312021	MtrunA17Chr2g0312021			medtr.A17.gnm5.MtrunA17Chr2	-	34944885	34944912	1.82757916874083	0.0279453401164071	UP	1.12749558247953	0.60805660421509	NS
UP	A86_only	medtr.A17.gnm5.ann1_6.MtrunA17Chr5g0401021	MtrunA17Chr5g0401021			medtr.A17.gnm5.MtrunA17Chr5	-	5273454	5277325	2.17728344605369	0.0236145421088035	UP	1.12407519868816	0.698710719032024	NS
UP	A86_only	medtr.A17.gnm5.ann1_6.MtrunA17Chr1g0184051	MtrunA17Chr1g0184051			medtr.A17.gnm5.MtrunA17Chr1	+	34630911	34636808	2.46809991306843	0.0140497725752592	UP	-1.11900107387412	0.792051663399535	NS
UP	A86_only	medtr.A17.gnm5.ann1_6.MtrunA17Chr5g0442721	MtrunA17Chr5g0442721			medtr.A17.gnm5.MtrunA17Chr5	-	40769433	40771370	4.50680161901645	0.0318535726047555	UP	1.09120715856136	1	NS
UP	A86_only	medtr.A17.gnm5.ann1_6.MtrunA17Chr6g0460901	MtrunA17Chr6g0460901			medtr.A17.gnm5.MtrunA17Chr6	-	10145986	10151042	4.75533198759284	0.00202417669986883	UP	1.08410960757778	1	NS
UP	A86_only	medtr.A17.gnm5.ann1_6.MtrunA17Chr4g0062241	MtrunA17Chr4g0062241			medtr.A17.gnm5.MtrunA17Chr4	-	54076508	54078047	1.92204009463444	0.0201722393690007	UP	1.0827806445233	0.72326298889451	NS
UP	A86_only	medtr.A17.gnm5.ann1_6.MtrunA17Chr5g0405491	MtrunA17Chr5g0405491			medtr.A17.gnm5.MtrunA17Chr5	+	8715604	8716949	2.30679862500921	0.00459449033055998	UP	1.08188880277354	0.743729499207955	NS
UP	A86_only	medtr.A17.gnm5.ann1_6.MtrunA17Chr3g0087771	MtrunA17Chr3g0087771			medtr.A17.gnm5.MtrunA17Chr3	-	9203747	9207691	1.84915576129733	0.0165318402219283	UP	-1.07875212752932	0.712116855926292	NS
UP	A86_only	medtr.A17.gnm5.ann1_6.MtrunA17Chr4g0048581	MtrunA17Chr4g0048581			medtr.A17.gnm5.MtrunA17Chr4	+	44227676	44231648	3.02451771970246	0.0132432794125558	UP	1.07407402491122	0.860470315628787	NS
UP	A86_only	medtr.A17.gnm5.ann1_6.MtrunA17Chr3g0115151	MtrunA17Chr3g0115151	MtNR1	nitrate reductase	medtr.A17.gnm5.MtrunA17Chr3	-	36480115	36483877	1.98553967360543	0.0480369505657088	UP	-1.0692643471224	0.801352398016037	NS
UP	A86_only	medtr.A17.gnm5.ann1_6.MtrunA17Chr3g0135801	MtrunA17Chr3g0135801			medtr.A17.gnm5.MtrunA17Chr3	+	51597529	51602107	2.35374547631289	0.00325086622382491	UP	1.05550487460317	0.806532019946205	NS
UP	A86_only	medtr.A17.gnm5.ann1_6.MtrunA17Chr1g0188731	MtrunA17Chr1g0188731			medtr.A17.gnm5.MtrunA17Chr1	+	38427759	38432488	3.34699253475826	0.0266266498228316	UP	-1.0520737560634	1	NS
UP	A86_only	medtr.A17.gnm5.ann1_6.MtrunA17Chr3g0132261	MtrunA17Chr3g0132261			medtr.A17.gnm5.MtrunA17Chr3	+	48972396	48974080	2.2079872659207	0.0468504063645377	UP	1.05080242850403	0.860063489488195	NS
UP	A86_only	medtr.A17.gnm5.ann1_6.MtrunA17Chr5g0396281	MtrunA17Chr5g0396281			medtr.A17.gnm5.MtrunA17Chr5	-	1919565	1922580	2.08719279860311	0.00739206561741395	UP	-1.04440385418772	0.826436113244771	NS
UP	A86_only	medtr.A17.gnm5.ann1_6.MtrunA17Chr1g0181861	MtrunA17Chr1g0181861			medtr.A17.gnm5.MtrunA17Chr1	-	32852898	32855953	2.07683377650732	0.0165318402219283	UP	1.04268456730532	0.841608377084887	NS
UP	A86_only	medtr.A17.gnm5.ann1_6.MtrunA17Chr7g0257551	MtrunA17Chr7g0257551			medtr.A17.gnm5.MtrunA17Chr7	+	43086430	43088557	2.5254983286006	0.035312408670345	UP	1.04157117378788	0.899379338759889	NS
UP	A86_only	medtr.A17.gnm5.ann1_6.MtrunA17Chr7g0240561	MtrunA17Chr7g0240561			medtr.A17.gnm5.MtrunA17Chr7	-	30367911	30370806	2.35889177327896	0.0153013517896299	UP	1.02725071947126	0.89219913109328	NS
UP	A86_only	medtr.A17.gnm5.ann1_6.MtrunA17Chr3g0133841	MtrunA17Chr3g0133841			medtr.A17.gnm5.MtrunA17Chr3	-	50225275	50225996	3.24508164173191	0.0146474427583151	UP	1.02596055867527	1	NS
UP	A86_only	medtr.A17.gnm5.ann1_6.MtrunA17Chr3g0100111	MtrunA17Chr3g0100111			medtr.A17.gnm5.MtrunA17Chr3	-	24792508	24801219	2.04647694762006	0.0103203738826146	UP	1.01876429965132	0.890308280385479	NS
UP	A86_only	medtr.A17.gnm5.ann1_6.MtrunA17Chr8g0366581	MtrunA17Chr8g0366581			medtr.A17.gnm5.MtrunA17Chr8	-	30379075	30382933	1.79202765566812	0.0497753841622384	UP	1.01473186012525	0.904526532406363	NS
UP	A86_only	medtr.A17.gnm5.ann1_6.MtrunA17Chr4g0008641	MtrunA17Chr4g0008641			medtr.A17.gnm5.MtrunA17Chr4	+	6601542	6602916	2.30764004319375	0.0388840949257558	UP	1.0144456775258	0.924738095072296	NS
UP	A86_only	medtr.A17.gnm5.ann1_6.MtrunA17Chr5g0441721	MtrunA17Chr5g0441721			medtr.A17.gnm5.MtrunA17Chr5	-	40010648	40016470	1.99688136575655	0.0240051114005915	UP	1.01083186016481	0.914993792052988	NS
UP	A86_only	medtr.A17.gnm5.ann1_6.MtrunA17Chr8g0343381	MtrunA17Chr8g0343381			medtr.A17.gnm5.MtrunA17Chr8	+	6806951	6808985	2.57656855946805	0.00313637209682305	UP	1.0075330727373	0.926036518459603	NS
UP	A86_only	medtr.A17.gnm5.ann1_6.MtrunA17Chr1g0180421	MtrunA17Chr1g0180421			medtr.A17.gnm5.MtrunA17Chr1	-	31575996	31580562	1.7680925229647	0.0324562880680305	UP	0.997779335823778	0.947343425332198	NS
UP	A86_only	medtr.A17.gnm5.ann1_6.MtrunA17Chr3g0139011	MtrunA17Chr3g0139011			medtr.A17.gnm5.MtrunA17Chr3	-	53812282	53814654	3.23467453396415	0.00136323042287057	UP	0.993201121748983	0.95734442861182	NS
UP	A86_only	medtr.A17.gnm5.ann1_6.MtrunA17Chr3g0111191	MtrunA17Chr3g0111191	MtLegin6	Leginsulin 6	medtr.A17.gnm5.MtrunA17Chr3	-	33580785	33581800	5.92782486866937	0.000358438380765552	UP	0.988351759672543	1	NS
UP	A86_only	medtr.A17.gnm5.ann1_6.MtrunA17Chr8g0348551	MtrunA17Chr8g0348551			medtr.A17.gnm5.MtrunA17Chr8	+	11185244	11186053	2.41116649782798	0.0027108525052625	UP	0.984017820085689	0.9740916901776	NS
UP	A86_only	medtr.A17.gnm5.ann1_6.MtrunA17Chr3g0111121	MtrunA17Chr3g0111121			medtr.A17.gnm5.MtrunA17Chr3	+	33550606	33551709	2.11126812549124	0.0169192017918481	UP	-0.983561536244906	0.966527374128609	NS
UP	A86_only	medtr.A17.gnm5.ann1_6.MtrunA17Chr2g0325911	MtrunA17Chr2g0325911			medtr.A17.gnm5.MtrunA17Chr2	+	45750387	45754976	1.95064883757943	0.0415409139886458	UP	0.983090031966083	0.975444971158504	NS
UP	A86_only	medtr.A17.gnm5.ann1_6.MtrunA17Chr1g0184021	MtrunA17Chr1g0184021			medtr.A17.gnm5.MtrunA17Chr1	+	34606384	34625892	5.28382345945393	0.00036777767073619	UP	0.97827048718835	1	NS
UP	A86_only	medtr.A17.gnm5.ann1_6.MtrunA17Chr5g0430731	MtrunA17Chr5g0430731			medtr.A17.gnm5.MtrunA17Chr5	-	31856596	31861897	2.33667048364188	0.0410380592979516	UP	-0.973409133909542	1	NS
UP	A86_only	medtr.A17.gnm5.ann1_6.MtrunA17Chr4g0001971	MtrunA17Chr4g0001971			medtr.A17.gnm5.MtrunA17Chr4	+	1409456	1412252	1.90739099302561	0.0135511710476338	UP	0.955927875281069	1	NS
UP	A86_only	medtr.A17.gnm5.ann1_6.MtrunA17Chr2g0302101	MtrunA17Chr2g0302101			medtr.A17.gnm5.MtrunA17Chr2	+	19786489	19788743	2.03509650319308	0.0457312429285437	UP	0.955648306780379	1	NS
UP	A86_only	medtr.A17.gnm5.ann1_6.MtrunA17Chr4g0020871	MtrunA17Chr4g0020871			medtr.A17.gnm5.MtrunA17Chr4	+	17503285	17503971	4.84590349856295	0.0232814204978048	UP	-0.953121492068024	1	NS
UP	A86_only	medtr.A17.gnm5.ann1_6.MtrunA17Chr7g0261151	MtrunA17Chr7g0261151			medtr.A17.gnm5.MtrunA17Chr7	+	45691383	45691799	3.70422736190708	0.0060957780650711	UP	-0.945690040206807	1	NS
UP	A86_only	medtr.A17.gnm5.ann1_6.MtrunA17Chr8g0387501	MtrunA17Chr8g0387501			medtr.A17.gnm5.MtrunA17Chr8	+	45590166	45591748	2.56565731944554	0.0180873417106669	UP	0.945131163337795	1	NS
UP	A86_only	medtr.A17.gnm5.ann1_6.MtrunA17Chr3g0094861	MtrunA17Chr3g0094861			medtr.A17.gnm5.MtrunA17Chr3	-	18095146	18099895	1.70686762436347	0.0232114425121679	UP	-0.938768696515481	1	NS
UP	A86_only	medtr.A17.gnm5.ann1_6.MtrunA17Chr3g0133051	MtrunA17Chr3g0133051			medtr.A17.gnm5.MtrunA17Chr3	+	49653390	49654744	2.19312876983795	0.00702141339588005	UP	0.937861502902683	1	NS
UP	A86_only	medtr.A17.gnm5.ann1_6.MtrunA17Chr2g0282621	MtrunA17Chr2g0282621			medtr.A17.gnm5.MtrunA17Chr2	+	4053586	4055600	2.45108696799716	0.000749640492918022	UP	-0.935428214921158	1	NS
UP	A86_only	medtr.A17.gnm5.ann1_6.MtrunA17Chr3g0098861	MtrunA17Chr3g0098861			medtr.A17.gnm5.MtrunA17Chr3	-	23619435	23620425	3.38819715715148	0.0174976808500142	UP	0.926468327287074	1	NS
UP	A86_only	medtr.A17.gnm5.ann1_6.MtrunA17Chr4g0001981	MtrunA17Chr4g0001981			medtr.A17.gnm5.MtrunA17Chr4	-	1412523	1417032	2.60055319185584	0.00147391048288067	UP	0.92513944049581	1	NS
UP	A86_only	medtr.A17.gnm5.ann1_6.MtrunA17Chr3g0084171	MtrunA17Chr3g0084171			medtr.A17.gnm5.MtrunA17Chr3	+	5654298	5669310	2.23329727150863	0.00989988477502481	UP	0.913008105982563	1	NS
UP	A86_only	medtr.A17.gnm5.ann1_6.MtrunA17Chr8g0389241	MtrunA17Chr8g0389241			medtr.A17.gnm5.MtrunA17Chr8	-	46861657	46863866	2.65990373055087	0.00989208217423088	UP	-0.897578838975212	1	NS
UP	A86_only	medtr.A17.gnm5.ann1_6.MtrunA17Chr5g0426431	MtrunA17Chr5g0426431			medtr.A17.gnm5.MtrunA17Chr5	-	28279093	28284449	2.0226832348381	0.015736477182267	UP	0.891910759788868	1	NS
UP	A86_only	medtr.A17.gnm5.ann1_6.MtrunA17Chr5g0401161	MtrunA17Chr5g0401161			medtr.A17.gnm5.MtrunA17Chr5	+	5390939	5392384	1.92112878375917	0.0260510813087729	UP	0.878321249345582	1	NS
UP	A86_only	medtr.A17.gnm5.ann1_6.MtrunA17Chr7g0275331	MtrunA17Chr7g0275331			medtr.A17.gnm5.MtrunA17Chr7	+	55303953	55307668	2.03255444998678	0.00554491312707743	UP	0.874998396307743	1	NS
UP	A86_only	medtr.A17.gnm5.ann1_6.MtrunA17Chr4g0006041	MtrunA17Chr4g0006041			medtr.A17.gnm5.MtrunA17Chr4	-	4804958	4811584	2.22119205893105	0.0156888990072838	UP	0.858554993782031	1	NS
UP	A86_only	medtr.A17.gnm5.ann1_6.MtrunA17Chr3g0111581	MtrunA17Chr3g0111581			medtr.A17.gnm5.MtrunA17Chr3	+	33889958	33892111	2.30655916626639	0.0259868071535413	UP	0.84148068197128	1	NS
UP	A86_only	medtr.A17.gnm5.ann1_6.MtrunA17Chr7g0268091	MtrunA17Chr7g0268091			medtr.A17.gnm5.MtrunA17Chr7	-	50644345	50647373	3.76568512660334	0.0021388211571731	UP	0.838808504124482	1	NS
UP	A86_only	medtr.A17.gnm5.ann1_6.MtrunA17Chr2g0302531	MtrunA17Chr2g0302531	MtPHO1.6	Phosphate transporter1.1 (export)	medtr.A17.gnm5.MtrunA17Chr2	+	20068888	20075815	3.5724966964625	0.00313637209682305	UP	-0.83655286581034	1	NS
UP	A86_only	medtr.A17.gnm5.ann1_6.MtrunA17Chr5g0406301	MtrunA17Chr5g0406301			medtr.A17.gnm5.MtrunA17Chr5	+	9242350	9244321	2.28109968104982	0.00386566397474974	UP	0.835358446208062	1	NS
UP	A86_only	medtr.A17.gnm5.ann1_6.MtrunA17Chr7g0234651	MtrunA17Chr7g0234651			medtr.A17.gnm5.MtrunA17Chr7	+	25163298	25168572	2.18913965692887	0.00815174028919812	UP	0.833391711243911	1	NS
UP	A86_only	medtr.A17.gnm5.ann1_6.MtrunA17Chr5g0405521	MtrunA17Chr5g0405521			medtr.A17.gnm5.MtrunA17Chr5	+	8746635	8747789	2.47897033584947	0.0104022346156747	UP	0.831571526148959	1	NS
UP	A86_only	medtr.A17.gnm5.ann1_6.MtrunA17Chr1g0210231	MtrunA17Chr1g0210231			medtr.A17.gnm5.MtrunA17Chr1	+	54014956	54019678	2.26794671776268	0.0203977684245107	UP	0.815123035929347	1	NS
UP	A86_only	medtr.A17.gnm5.ann1_6.MtrunA17Chr4g0063801	MtrunA17Chr4g0063801			medtr.A17.gnm5.MtrunA17Chr4	-	55249977	55250991	1.89594075152979	0.0103901221277811	UP	0.812764542303796	1	NS
UP	A86_only	medtr.A17.gnm5.ann1_6.MtrunA17Chr8g0374111	MtrunA17Chr8g0374111			medtr.A17.gnm5.MtrunA17Chr8	-	36211687	36213097	3.21783736187728	0.0305462058969184	UP	0.802190448872162	1	NS
UP	A86_only	medtr.A17.gnm5.ann1_6.MtrunA17Chr5g0393891	MtrunA17Chr5g0393891			medtr.A17.gnm5.MtrunA17Chr5	-	395126	395551	3.50125935171058	0.00209824852224709	UP	-0.790926575442217	1	NS
UP	A86_only	medtr.A17.gnm5.ann1_6.MtrunA17Chr7g0244521	MtrunA17Chr7g0244521			medtr.A17.gnm5.MtrunA17Chr7	+	33731410	33735051	1.86763792264915	0.039367169005344	UP	0.790085547153921	1	NS
UP	A86_only	medtr.A17.gnm5.ann1_6.MtrunA17Chr1g0190771	MtrunA17Chr1g0190771			medtr.A17.gnm5.MtrunA17Chr1	+	39908935	39912842	2.94053750206192	0.00104664476309116	UP	0.782601994788722	1	NS
UP	A86_only	medtr.A17.gnm5.ann1_6.MtrunA17Chr7g0248021	MtrunA17Chr7g0248021			medtr.A17.gnm5.MtrunA17Chr7	+	36225142	36229289	2.49499847614039	0.00386566397474974	UP	0.780298293508333	1	NS
UP	A86_only	medtr.A17.gnm5.ann1_6.MtrunA17Chr6g0487221	MtrunA17Chr6g0487221			medtr.A17.gnm5.MtrunA17Chr6	-	41517626	41519921	4.05188032026249	0.00731848863487782	UP	0.77705685727532	1	NS
UP	A86_only	medtr.A17.gnm5.ann1_6.MtrunA17Chr2g0281901	MtrunA17Chr2g0281901			medtr.A17.gnm5.MtrunA17Chr2	+	3494332	3497799	2.7920610956379	0.00325086622382491	UP	0.774408063774871	1	NS
UP	A86_only	medtr.A17.gnm5.ann1_6.MtrunA17Chr3g0084161	MtrunA17Chr3g0084161			medtr.A17.gnm5.MtrunA17Chr3	-	5654163	5655800	2.42515775424278	0.00702141339588005	UP	0.761879915558913	1	NS
UP	A86_only	medtr.A17.gnm5.ann1_6.MtrunA17Chr1g0167721	MtrunA17Chr1g0167721			medtr.A17.gnm5.MtrunA17Chr1	+	16575077	16579828	1.78840065544702	0.00884481447333878	UP	-0.756857322080645	1	NS
UP	A86_only	medtr.A17.gnm5.ann1_6.MtrunA17Chr4g0064711	MtrunA17Chr4g0064711			medtr.A17.gnm5.MtrunA17Chr4	-	56017745	56021271	2.03749252630919	0.00982127777466551	UP	0.75607180035122	1	NS
UP	A86_only	medtr.A17.gnm5.ann1_6.MtrunA17Chr2g0278731	MtrunA17Chr2g0278731			medtr.A17.gnm5.MtrunA17Chr2	-	1363383	1370706	2.92044372592792	0.0227895387289309	UP	0.755939889566726	1	NS
UP	A86_only	medtr.A17.gnm5.ann1_6.MtrunA17Chr8g0336691	MtrunA17Chr8g0336691			medtr.A17.gnm5.MtrunA17Chr8	-	1864175	1872606	3.07018693305068	0.0157101534030836	UP	0.754410685815835	1	NS
UP	A86_only	medtr.A17.gnm5.ann1_6.MtrunA17Chr5g0443941	MtrunA17Chr5g0443941			medtr.A17.gnm5.MtrunA17Chr5	+	41574437	41576948	3.49374312794443	0.0114710216208578	UP	0.746711969536462	1	NS
UP	A86_only	medtr.A17.gnm5.ann1_6.MtrunA17Chr4g0020881	MtrunA17Chr4g0020881			medtr.A17.gnm5.MtrunA17Chr4	-	17503751	17506931	2.38127590329142	0.00394168118995787	UP	-0.7466046215815	1	NS
UP	A86_only	medtr.A17.gnm5.ann1_6.MtrunA17Chr4g0063791	MtrunA17Chr4g0063791			medtr.A17.gnm5.MtrunA17Chr4	+	55249885	55251522	1.82375362505753	0.00972138168517921	UP	0.744872120112281	1	NS
UP	A86_only	medtr.A17.gnm5.ann1_6.MtrunA17Chr1g0208611	MtrunA17Chr1g0208611			medtr.A17.gnm5.MtrunA17Chr1	-	52765901	52768849	3.00893102036637	0.000662893801901076	UP	0.742601292410384	1	NS
UP	A86_only	medtr.A17.gnm5.ann1_6.MtrunA17Chr1g0152761	MtrunA17Chr1g0152761			medtr.A17.gnm5.MtrunA17Chr1	+	5417985	5422692	1.71115662582473	0.0410380592979516	UP	0.739991872664481	1	NS
UP	A86_only	medtr.A17.gnm5.ann1_6.MtrunA17Chr1g0153651	MtrunA17Chr1g0153651			medtr.A17.gnm5.MtrunA17Chr1	-	6043027	6050187	1.97527990419638	0.0156888990072838	UP	0.73989195067622	1	NS
UP	A86_only	medtr.A17.gnm5.ann1_6.MtrunA17Chr8g0335621	MtrunA17Chr8g0335621			medtr.A17.gnm5.MtrunA17Chr8	-	1113535	1117049	5.19185869879122	0.0025757040668356	UP	-0.739510015031728	1	NS
UP	A86_only	medtr.A17.gnm5.ann1_6.MtrunA17Chr8g0345091	MtrunA17Chr8g0345091			medtr.A17.gnm5.MtrunA17Chr8	-	8194231	8196180	3.11489969346715	0.000539291089005401	UP	0.734955296961282	1	NS
UP	A86_only	medtr.A17.gnm5.ann1_6.MtrunA17Chr8g0336701	MtrunA17Chr8g0336701			medtr.A17.gnm5.MtrunA17Chr8	+	1872051	1879028	2.42837009067939	0.0152510977427534	UP	0.720151953041192	1	NS
UP	A86_only	medtr.A17.gnm5.ann1_6.MtrunA17Chr4g0011241	MtrunA17Chr4g0011241			medtr.A17.gnm5.MtrunA17Chr4	-	8780417	8782689	2.97662346104897	0.00360600628515225	UP	0.711889006319368	1	NS
UP	A86_only	medtr.A17.gnm5.ann1_6.MtrunA17Chr6g0451751	MtrunA17Chr6g0451751	MtCYP82A9	Cytochrome P450 monooxygenase	medtr.A17.gnm5.MtrunA17Chr6	+	2274534	2278230	2.07802239986572	0.0169646571922247	UP	0.709808163635237	1	NS
UP	A86_only	medtr.A17.gnm5.ann1_6.MtrunA17Chr1g0184041	MtrunA17Chr1g0184041			medtr.A17.gnm5.MtrunA17Chr1	-	34616734	34625321	5.03482500948628	0.00018239410242904	UP	0.709462501525434	1	NS
UP	A86_only	medtr.A17.gnm5.ann1_6.MtrunA17Chr7g0258201	MtrunA17Chr7g0258201			medtr.A17.gnm5.MtrunA17Chr7	-	43588305	43589778	2.87031654030213	0.00139516305055769	UP	0.706966303761027	1	NS
UP	A86_only	medtr.A17.gnm5.ann1_6.MtrunA17Chr2g0301421	MtrunA17Chr2g0301421			medtr.A17.gnm5.MtrunA17Chr2	+	19169789	19170817	4.51466041977021	0.0183763286283794	UP	-0.698503509781946	1	NS
UP	A86_only	medtr.A17.gnm5.ann1_6.MtrunA17Chr4g0036901	MtrunA17Chr4g0036901			medtr.A17.gnm5.MtrunA17Chr4	-	35577845	35589925	2.27556154164905	0.0181351696303792	UP	-0.698080531594329	1	NS
UP	A86_only	medtr.A17.gnm5.ann1_6.MtrunA17Chr2g0326311	MtrunA17Chr2g0326311			medtr.A17.gnm5.MtrunA17Chr2	+	46102604	46103165	2.95457612917181	0.00131936838762545	UP	-0.695119062464936	1	NS
UP	A86_only	medtr.A17.gnm5.ann1_6.MtrunA17Chr4g0034821	MtrunA17Chr4g0034821			medtr.A17.gnm5.MtrunA17Chr4	-	34371991	34373464	2.84987676348484	0.000525298277083695	UP	0.685358066470157	1	NS
UP	A86_only	medtr.A17.gnm5.ann1_6.MtrunA17Chr1g0167931	MtrunA17Chr1g0167931			medtr.A17.gnm5.MtrunA17Chr1	-	16830567	16833569	1.80363678830493	0.048216397860461	UP	0.682577338716935	1	NS
UP	A86_only	medtr.A17.gnm5.ann1_6.MtrunA17Chr2g0278741	MtrunA17Chr2g0278741			medtr.A17.gnm5.MtrunA17Chr2	+	1367999	1372205	3.21715411311504	0.0017458350798366	UP	0.672311397274403	1	NS
UP	A86_only	medtr.A17.gnm5.ann1_6.MtrunA17Chr5g0435641	MtrunA17Chr5g0435641			medtr.A17.gnm5.MtrunA17Chr5	+	35643708	35645201	3.72049231617052	0.0409029583450571	UP	0.670362370671071	1	NS
UP	A86_only	medtr.A17.gnm5.ann1_6.MtrunA17Chr1g0146891	MtrunA17Chr1g0146891			medtr.A17.gnm5.MtrunA17Chr1	-	638822	639530	3.85383199014471	0.00887213682607505	UP	-0.663510238946988	1	NS
UP	A86_only	medtr.A17.gnm5.ann1_6.MtrunA17Chr7g0273311	MtrunA17Chr7g0273311			medtr.A17.gnm5.MtrunA17Chr7	+	54049127	54051798	3.40667674448646	0.0117377115312265	UP	0.662776356478225	1	NS
UP	A86_only	medtr.A17.gnm5.ann1_6.MtrunA17Chr4g0001611	MtrunA17Chr4g0001611			medtr.A17.gnm5.MtrunA17Chr4	-	1101327	1104873	2.0492152078622	0.0138868629551853	UP	0.647450111809066	1	NS
UP	A86_only	medtr.A17.gnm5.ann1_6.MtrunA17Chr4g0060931	MtrunA17Chr4g0060931			medtr.A17.gnm5.MtrunA17Chr4	+	53132759	53134883	2.16788724219468	0.0286192431194042	UP	0.647044094034381	1	NS
UP	A86_only	medtr.A17.gnm5.ann1_6.MtrunA17Chr1g0211141	MtrunA17Chr1g0211141			medtr.A17.gnm5.MtrunA17Chr1	-	54740594	54743998	3.28849794899445	0.0193139684811203	UP	-0.641925328778784	1	NS
UP	A86_only	medtr.A17.gnm5.ann1_6.MtrunA17Chr7g0235051	MtrunA17Chr7g0235051			medtr.A17.gnm5.MtrunA17Chr7	+	25486198	25488062	2.41541706914735	0.0369863152128328	UP	0.639920136389644	1	NS
UP	A86_only	medtr.A17.gnm5.ann1_6.MtrunA17Chr4g0014061	MtrunA17Chr4g0014061			medtr.A17.gnm5.MtrunA17Chr4	+	11508137	11510006	2.884134108402	0.00564281022953065	UP	0.624259007113858	1	NS
UP	A86_only	medtr.A17.gnm5.ann1_6.MtrunA17Chr2g0314411	MtrunA17Chr2g0314411			medtr.A17.gnm5.MtrunA17Chr2	-	36853323	36860903	2.92821087179733	0.0117377115312265	UP	0.621500190345447	1	NS
UP	A86_only	medtr.A17.gnm5.ann1_6.MtrunA17Chr8g0336731	MtrunA17Chr8g0336731			medtr.A17.gnm5.MtrunA17Chr8	-	1874181	1877877	2.78681739017991	0.00711837068336047	UP	0.620370237403792	1	NS
UP	A86_only	medtr.A17.gnm5.ann1_6.MtrunA17Chr1g0149301	MtrunA17Chr1g0149301			medtr.A17.gnm5.MtrunA17Chr1	-	2509120	2513221	2.16457759705916	0.00124321171340414	UP	-0.609314353427178	1	NS
UP	A86_only	medtr.A17.gnm5.ann1_6.MtrunA17Chr5g0447951	MtrunA17Chr5g0447951			medtr.A17.gnm5.MtrunA17Chr5	-	44075545	44077232	2.22900887848823	0.0220652071783372	UP	0.609301540546334	1	NS
UP	A86_only	medtr.A17.gnm5.ann1_6.MtrunA17Chr3g0123241	MtrunA17Chr3g0123241			medtr.A17.gnm5.MtrunA17Chr3	+	42451375	42452034	2.05062917611163	0.0252441397704612	UP	-0.597803237217148	1	NS
UP	A86_only	medtr.A17.gnm5.ann1_6.MtrunA17Chr7g0253841	MtrunA17Chr7g0253841	MtCAS15	COLD ACCLIMATION SPECIFIC 15	medtr.A17.gnm5.MtrunA17Chr7	-	40258002	40259927	3.00064057687217	0.000865325868357233	UP	0.590455248201249	1	NS
UP	A86_only	medtr.A17.gnm5.ann1_6.MtrunA17Chr2g0300081	MtrunA17Chr2g0300081			medtr.A17.gnm5.MtrunA17Chr2	+	17891761	17895200	3.85421637930031	0.0255279343932317	UP	-0.58653807566147	1	NS
UP	A86_only	medtr.A17.gnm5.ann1_6.MtrunA17Chr1g0196381	MtrunA17Chr1g0196381			medtr.A17.gnm5.MtrunA17Chr1	-	43948342	43951847	3.05984121915982	0.00441290507421999	UP	0.58125152899059	1	NS
UP	A86_only	medtr.A17.gnm5.ann1_6.MtrunA17Chr8g0336741	MtrunA17Chr8g0336741			medtr.A17.gnm5.MtrunA17Chr8	-	1877879	1880382	2.38285329018685	0.0130543298032461	UP	0.575886310883976	1	NS
UP	A86_only	medtr.A17.gnm5.ann1_6.MtrunA17Chr4g0021321	MtrunA17Chr4g0021321			medtr.A17.gnm5.MtrunA17Chr4	+	18712006	18715066	2.79114972023012	0.0337468414078284	UP	0.570806842511203	1	NS
UP	A86_only	medtr.A17.gnm5.ann1_6.MtrunA17Chr1g0184001	MtrunA17Chr1g0184001			medtr.A17.gnm5.MtrunA17Chr1	+	34595027	34595860	4.05628396424791	0.019148026457103	UP	-0.568340744477894	1	NS
UP	A86_only	medtr.A17.gnm5.ann1_6.MtrunA17Chr2g0278751	MtrunA17Chr2g0278751			medtr.A17.gnm5.MtrunA17Chr2	-	1371624	1375613	3.16702248119574	0.000865325868357233	UP	0.565650991458171	1	NS
UP	A86_only	medtr.A17.gnm5.ann1_6.MtrunA17Chr8g0339841	MtrunA17Chr8g0339841			medtr.A17.gnm5.MtrunA17Chr8	-	3856202	3860451	1.76740650512777	0.0131030963017059	UP	0.563468651099355	1	NS
UP	A86_only	medtr.A17.gnm5.ann1_6.MtrunA17Chr4g0004111	MtrunA17Chr4g0004111			medtr.A17.gnm5.MtrunA17Chr4	-	3118411	3120151	1.64495626710093	0.0406771233154971	UP	0.55501549441289	1	NS
UP	A86_only	medtr.A17.gnm5.ann1_6.MtrunA17Chr2g0278161	MtrunA17Chr2g0278161			medtr.A17.gnm5.MtrunA17Chr2	-	1032513	1034526	3.02511708543141	0.0310390640438679	UP	0.553873922502329	1	NS
UP	A86_only	medtr.A17.gnm5.ann1_6.MtrunA17Chr3g0104651	MtrunA17Chr3g0104651			medtr.A17.gnm5.MtrunA17Chr3	+	28732068	28736785	2.03572995451895	0.0205762344325225	UP	0.54270409028962	1	NS
UP	A86_only	medtr.A17.gnm5.ann1_6.MtrunA17Chr7g0272091	MtrunA17Chr7g0272091			medtr.A17.gnm5.MtrunA17Chr7	+	53320611	53323046	2.94586543786321	0.00514915740904	UP	0.536791203699785	1	NS
UP	A86_only	medtr.A17.gnm5.ann1_6.MtrunA17Chr7g0223351	MtrunA17Chr7g0223351	MtHAG39	Histone acetyltransferase of the GNAT family	medtr.A17.gnm5.MtrunA17Chr7	-	8593874	8597466	2.45691262895943	0.0259868071535413	UP	0.51045541483421	1	NS
UP	A86_only	medtr.A17.gnm5.ann1_6.MtrunA17Chr4g0034041	MtrunA17Chr4g0034041			medtr.A17.gnm5.MtrunA17Chr4	-	33792097	33792359	3.38872445665523	0.00731848863487782	UP	0.510311305166274	1	NS
UP	A86_only	medtr.A17.gnm5.ann1_6.MtrunA17Chr5g0427801	MtrunA17Chr5g0427801			medtr.A17.gnm5.MtrunA17Chr5	-	29522612	29528227	2.25809416059121	0.0345184732902394	UP	-0.509045718244626	1	NS
UP	A86_only	medtr.A17.gnm5.ann1_6.MtrunA17Chr8g0343031	MtrunA17Chr8g0343031			medtr.A17.gnm5.MtrunA17Chr8	-	6492403	6496361	4.02471176776398	0.0328328317609194	UP	-0.507089434203098	1	NS
UP	A86_only	medtr.A17.gnm5.ann1_6.MtrunA17Chr3g0105421	MtrunA17Chr3g0105421			medtr.A17.gnm5.MtrunA17Chr3	+	29377190	29387416	1.8324058999033	0.0259868071535413	UP	0.500659648756948	1	NS
UP	A86_only	medtr.A17.gnm5.ann1_6.MtrunA17Chr8g0369421	MtrunA17Chr8g0369421			medtr.A17.gnm5.MtrunA17Chr8	+	32651377	32653523	2.86447017188011	0.00237034711013832	UP	0.500547445875573	1	NS
UP	A86_only	medtr.A17.gnm5.ann1_6.MtrunA17Chr3g0085321	MtrunA17Chr3g0085321			medtr.A17.gnm5.MtrunA17Chr3	+	6665004	6666055	2.5642652502254	0.0343824537531026	UP	0.500256382305284	1	NS
UP	A86_only	medtr.A17.gnm5.ann1_6.MtrunA17Chr4g0055381	MtrunA17Chr4g0055381			medtr.A17.gnm5.MtrunA17Chr4	+	49016763	49017261	3.1795762653051	0.00204283585997921	UP	0.468763924512232	1	NS
UP	A86_only	medtr.A17.gnm5.ann1_6.MtrunA17Chr2g0312781	MtrunA17Chr2g0312781			medtr.A17.gnm5.MtrunA17Chr2	-	35567304	35573241	3.29856947437095	0.0128933863939291	UP	-0.464380106294629	1	NS
UP	A86_only	medtr.A17.gnm5.ann1_6.MtrunA17Chr6g0449641	MtrunA17Chr6g0449641			medtr.A17.gnm5.MtrunA17Chr6	+	598082	599859	2.94955758823841	0.0299960985739372	UP	-0.463402976225162	1	NS
UP	A86_only	medtr.A17.gnm5.ann1_6.MtrunA17Chr1g0162491	MtrunA17Chr1g0162491			medtr.A17.gnm5.MtrunA17Chr1	+	12403874	12404182	4.83004968144462	0.0025757040668356	UP	-0.457434406796449	1	NS
UP	A86_only	medtr.A17.gnm5.ann1_6.MtrunA17Chr3g0113261	MtrunA17Chr3g0113261	ASA-2	anthranilate synthase  (auxin biosynthesis)	medtr.A17.gnm5.MtrunA17Chr3	+	34994704	35000385	3.76974964681675	0.00239788927316696	UP	0.452165582762057	1	NS
UP	A86_only	medtr.A17.gnm5.ann1_6.MtrunA17Chr2g0311861	MtrunA17Chr2g0311861			medtr.A17.gnm5.MtrunA17Chr2	-	34819887	34822405	2.40866628155786	0.00993298898871718	UP	0.449732529336092	1	NS
UP	A86_only	medtr.A17.gnm5.ann1_6.MtrunA17Chr1g0196551	MtrunA17Chr1g0196551			medtr.A17.gnm5.MtrunA17Chr1	-	44088640	44089821	2.25979365603665	0.0165318402219283	UP	0.445437196812431	1	NS
UP	A86_only	medtr.A17.gnm5.ann1_6.MtrunA17Chr4g0034301	MtrunA17Chr4g0034301	MtPhytogb1.1|MtGlb1-1	non-symbiotic hemoglobin (ns-Hb)	medtr.A17.gnm5.MtrunA17Chr4	-	33987777	33989880	2.09951203865963	0.0283754858599854	UP	0.422732107795528	1	NS
UP	A86_only	medtr.A17.gnm5.ann1_6.MtrunA17Chr5g0437861	MtrunA17Chr5g0437861			medtr.A17.gnm5.MtrunA17Chr5	+	37303875	37305860	2.0213030406696	0.0193139684811203	UP	-0.3971592322287	1	NS
UP	A86_only	medtr.A17.gnm5.ann1_6.MtrunA17Chr4g0053871	MtrunA17Chr4g0053871	MtPrx38	peroxidase	medtr.A17.gnm5.MtrunA17Chr4	+	47731440	47734679	2.01250860870763	0.048216397860461	UP	0.394693203726636	1	NS
UP	A86_only	medtr.A17.gnm5.ann1_6.MtrunA17Chr2g0295401	MtrunA17Chr2g0295401			medtr.A17.gnm5.MtrunA17Chr2	-	13831390	13836308	2.34520835593155	0.00798439968881598	UP	0.389451716231911	1	NS
UP	A86_only	medtr.A17.gnm5.ann1_6.MtrunA17Chr7g0261181	MtrunA17Chr7g0261181			medtr.A17.gnm5.MtrunA17Chr7	-	45708696	45709110	4.41216265835927	0.00961924650346628	UP	-0.389307916679947	1	NS
UP	A86_only	medtr.A17.gnm5.ann1_6.MtrunA17Chr8g0355221	MtrunA17Chr8g0355221			medtr.A17.gnm5.MtrunA17Chr8	-	16761015	16763031	3.48951681459401	0.0318944762649148	UP	-0.38734555261225	1	NS
UP	A86_only	medtr.A17.gnm5.ann1_6.MtrunA17Chr1g0183991	MtrunA17Chr1g0183991			medtr.A17.gnm5.MtrunA17Chr1	+	34591294	34592788	4.19895443360367	0.0095269336664011	UP	-0.383001494692748	1	NS
UP	A86_only	medtr.A17.gnm5.ann1_6.MtrunA17Chr1g0152281	MtrunA17Chr1g0152281	MtPSK4	Phytosulfokine	medtr.A17.gnm5.MtrunA17Chr1	+	5087613	5089330	2.01151034312127	0.0121322411417319	UP	0.378850169614439	1	NS
UP	A86_only	medtr.A17.gnm5.ann1_6.MtrunA17Chr5g0411051	MtrunA17Chr5g0411051			medtr.A17.gnm5.MtrunA17Chr5	-	12630163	12632459	1.88291533213726	0.0194239729304812	UP	0.375361117690965	1	NS
UP	A86_only	medtr.A17.gnm5.ann1_6.MtrunA17Chr5g0411151	MtrunA17Chr5g0411151			medtr.A17.gnm5.MtrunA17Chr5	-	12713192	12716049	1.79006686326415	0.0414045110592752	UP	-0.363523387543394	1	NS
UP	A86_only	medtr.A17.gnm5.ann1_6.MtrunA17Chr4g0069721	MtrunA17Chr4g0069721			medtr.A17.gnm5.MtrunA17Chr4	-	59554246	59557371	2.35086948626188	0.0182784323754129	UP	0.361200223494116	1	NS
UP	A86_only	medtr.A17.gnm5.ann1_6.MtrunA17Chr1g0170471	MtrunA17Chr1g0170471			medtr.A17.gnm5.MtrunA17Chr1	+	19212448	19214827	2.58778496704524	0.00354378761990486	UP	-0.359226510308406	1	NS
UP	A86_only	medtr.A17.gnm5.ann1_6.MtrunA17Chr7g0233831	MtrunA17Chr7g0233831			medtr.A17.gnm5.MtrunA17Chr7	+	24282568	24284927	3.16279480976949	0.0216344557510116	UP	0.358070040002715	1	NS
UP	A86_only	medtr.A17.gnm5.ann1_6.MtrunA17Chr2g0324241	MtrunA17Chr2g0324241			medtr.A17.gnm5.MtrunA17Chr2	+	44488923	44492290	1.90540764363001	0.0123787993256773	UP	-0.348129359199612	1	NS
UP	A86_only	medtr.A17.gnm5.ann1_6.MtrunA17Chr1g0147921	MtrunA17Chr1g0147921			medtr.A17.gnm5.MtrunA17Chr1	+	1440667	1443374	1.76658624035149	0.0152866332873218	UP	-0.34545351609594	1	NS
UP	A86_only	medtr.A17.gnm5.ann1_6.MtrunA17Chr7g0233781	MtrunA17Chr7g0233781			medtr.A17.gnm5.MtrunA17Chr7	-	24231870	24234677	1.99781082893542	0.0129236024834141	UP	0.343920298841112	1	NS
UP	A86_only	medtr.A17.gnm5.ann1_6.MtrunA17Chr8g0389751	MtrunA17Chr8g0389751			medtr.A17.gnm5.MtrunA17Chr8	+	47201782	47204874	3.71561256702776	0.00638506528435385	UP	0.34022457600405	1	NS
UP	A86_only	medtr.A17.gnm5.ann1_6.MtrunA17Chr2g0302351	MtrunA17Chr2g0302351			medtr.A17.gnm5.MtrunA17Chr2	+	19905205	19907955	3.26051232333048	0.00506241267173357	UP	-0.337729141179308	1	NS
UP	A86_only	medtr.A17.gnm5.ann1_6.MtrunA17Chr8g0341291	MtrunA17Chr8g0341291			medtr.A17.gnm5.MtrunA17Chr8	+	4885614	4886065	2.14050570165679	0.0448602603394825	UP	0.319855940747353	1	NS
UP	A86_only	medtr.A17.gnm5.ann1_6.MtrunA17Chr2g0284231	MtrunA17Chr2g0284231			medtr.A17.gnm5.MtrunA17Chr2	-	5152865	5164035	2.7202852598789	0.00961940122970006	UP	0.319356816996751	1	NS
UP	A86_only	medtr.A17.gnm5.ann1_6.MtrunA17Chr7g0270051	MtrunA17Chr7g0270051			medtr.A17.gnm5.MtrunA17Chr7	+	51864840	51867413	3.45163394951938	0.000521203298988691	UP	0.313976032350492	1	NS
UP	A86_only	medtr.A17.gnm5.ann1_6.MtrunA17Chr4g0005971	MtrunA17Chr4g0005971			medtr.A17.gnm5.MtrunA17Chr4	-	4710232	4716376	2.05476033120468	0.0131030963017059	UP	0.311317280585505	1	NS
UP	A86_only	medtr.A17.gnm5.ann1_6.MtrunA17Chr1g0202061	MtrunA17Chr1g0202061			medtr.A17.gnm5.MtrunA17Chr1	-	48304045	48305881	4.44850229064505	0.0499885335555965	UP	0.301909489773587	1	NS
UP	A86_only	medtr.A17.gnm5.ann1_6.MtrunA17Chr3g0137421	MtrunA17Chr3g0137421	MtKunitz9|MtPI	Kunitz-P Trypsin Inhibitor|proteinase inhibitor (TC100490)	medtr.A17.gnm5.MtrunA17Chr3	-	52723494	52725271	2.27280848443094	0.0265404304714569	UP	0.292311732948671	1	NS
UP	A86_only	medtr.A17.gnm5.ann1_6.MtrunA17Chr2g0280931	MtrunA17Chr2g0280931			medtr.A17.gnm5.MtrunA17Chr2	+	2804933	2808967	1.92462817261476	0.00390493526112686	UP	0.282575513369262	1	NS
UP	A86_only	medtr.A17.gnm5.ann1_6.MtrunA17Chr7g0233771	MtrunA17Chr7g0233771			medtr.A17.gnm5.MtrunA17Chr7	+	24230832	24233290	1.97125731802898	0.0230886912196477	UP	0.281674500351381	1	NS
UP	A86_only	medtr.A17.gnm5.ann1_6.MtrunA17Chr3g0141671	MtrunA17Chr3g0141671			medtr.A17.gnm5.MtrunA17Chr3	+	55805388	55809286	3.7327376632844	0.00018239410242904	UP	0.274714003274194	1	NS
UP	A86_only	medtr.A17.gnm5.ann1_6.MtrunA17Chr8g0341281	MtrunA17Chr8g0341281			medtr.A17.gnm5.MtrunA17Chr8	-	4882909	4888219	2.38091626948143	0.0149216811467659	UP	0.268215107474062	1	NS
UP	A86_only	medtr.A17.gnm5.ann1_6.MtrunA17Chr8g0374961	MtrunA17Chr8g0374961			medtr.A17.gnm5.MtrunA17Chr8	+	36815560	36816009	3.31452058335291	0.00872776678853378	UP	-0.266978172278506	1	NS
UP	A86_only	medtr.A17.gnm5.ann1_6.MtrunA17Chr7g0222861	MtrunA17Chr7g0222861			medtr.A17.gnm5.MtrunA17Chr7	-	8137618	8138701	3.12549960671577	0.0406415071451104	UP	-0.264167509542424	1	NS
UP	A86_only	medtr.A17.gnm5.ann1_6.MtrunA17Chr2g0300071	MtrunA17Chr2g0300071			medtr.A17.gnm5.MtrunA17Chr2	-	17891697	17899468	3.74664350776155	0.0304374616154093	UP	-0.259522578704802	1	NS
UP	A86_only	medtr.A17.gnm5.ann1_6.MtrunA17Chr3g0107311	MtrunA17Chr3g0107311			medtr.A17.gnm5.MtrunA17Chr3	-	30942579	30944877	1.92863037834499	0.0129236024834141	UP	0.257686367931275	1	NS
UP	A86_only	medtr.A17.gnm5.ann1_6.MtrunA17Chr6g0467611	MtrunA17Chr6g0467611	MtKunitz31	Kunitz-P Trypsin Inhibitor	medtr.A17.gnm5.MtrunA17Chr6	+	16546202	16547182	1.98047778690425	0.0411562944053712	UP	0.246200897498031	1	NS
UP	A86_only	medtr.A17.gnm5.ann1_6.MtrunA17Chr1g0174271	MtrunA17Chr1g0174271			medtr.A17.gnm5.MtrunA17Chr1	+	25254129	25258137	2.45942172022965	0.010575537689003	UP	-0.239688071338255	1	NS
UP	A86_only	medtr.A17.gnm5.ann1_6.MtrunA17Chr3g0130661	MtrunA17Chr3g0130661			medtr.A17.gnm5.MtrunA17Chr3	-	47766893	47768104	1.81116418038662	0.0499885335555965	UP	0.228625343806487	1	NS
UP	A86_only	medtr.A17.gnm5.ann1_6.MtrunA17Chr3g0079021	MtrunA17Chr3g0079021			medtr.A17.gnm5.MtrunA17Chr3	+	1439700	1447989	1.88759400759632	0.0236145421088035	UP	0.224277822082992	1	NS
UP	A86_only	medtr.A17.gnm5.ann1_6.MtrunA17Chr2g0323541	MtrunA17Chr2g0323541			medtr.A17.gnm5.MtrunA17Chr2	+	44089787	44091026	2.39668495087298	0.0203977684245107	UP	-0.219622518108757	1	NS
UP	A86_only	medtr.A17.gnm5.ann1_6.MtrunA17Chr4g0057571	MtrunA17Chr4g0057571			medtr.A17.gnm5.MtrunA17Chr4	-	50748832	50752080	2.17656314574894	0.000865325868357233	UP	0.216156252377152	1	NS
UP	A86_only	medtr.A17.gnm5.ann1_6.MtrunA17Chr5g0443931	MtrunA17Chr5g0443931			medtr.A17.gnm5.MtrunA17Chr5	+	41564171	41566416	4.20763853884001	0.0109167966066794	UP	0.215919375204954	1	NS
UP	A86_only	medtr.A17.gnm5.ann1_6.MtrunA17Chr1g0149311	MtrunA17Chr1g0149311			medtr.A17.gnm5.MtrunA17Chr1	+	2510210	2511425	2.12673388437136	0.00518251774697849	UP	-0.215691896662671	1	NS
UP	A86_only	medtr.A17.gnm5.ann1_6.MtrunA17Chr1g0204971	MtrunA17Chr1g0204971	MtHAG5	Histone acetyltransferase of the GNAT family	medtr.A17.gnm5.MtrunA17Chr1	-	50318097	50319411	2.78187773660104	0.0123208608230698	UP	-0.215090153430919	1	NS
UP	A86_only	medtr.A17.gnm5.ann1_6.MtrunA17Chr1g0151071	MtrunA17Chr1g0151071			medtr.A17.gnm5.MtrunA17Chr1	-	4039533	4042625	2.69235098982453	0.0214566904029788	UP	0.214764735865825	1	NS
UP	A86_only	medtr.A17.gnm5.ann1_6.MtrunA17Chr2g0278531	MtrunA17Chr2g0278531	MtTHL30	Thionin-like	medtr.A17.gnm5.MtrunA17Chr2	-	1219939	1221516	1.94312967716127	0.0205762344325225	UP	0.213601279508343	1	NS
UP	A86_only	medtr.A17.gnm5.ann1_6.MtrunA17Chr7g0273281	MtrunA17Chr7g0273281	MtESL5_2|MtESL1.2	Sugar transporter ERD6-like|early-responsive to dehydration six-like	medtr.A17.gnm5.MtrunA17Chr7	-	54038996	54044219	2.36060403375799	0.00222807383084346	UP	0.195168621596561	1	NS
UP	A86_only	medtr.A17.gnm5.ann1_6.MtrunA17Chr7g0233801	MtrunA17Chr7g0233801			medtr.A17.gnm5.MtrunA17Chr7	+	24268834	24270652	2.65434199732823	0.0188202302673178	UP	0.179531898624505	1	NS
UP	A86_only	medtr.A17.gnm5.ann1_6.MtrunA17Chr1g0150841	MtrunA17Chr1g0150841			medtr.A17.gnm5.MtrunA17Chr1	+	3829670	3830501	3.16925923882262	0.0104022346156747	UP	0.179082865914959	1	NS
UP	A86_only	medtr.A17.gnm5.ann1_6.MtrunA17Chr3g0098851	MtrunA17Chr3g0098851			medtr.A17.gnm5.MtrunA17Chr3	+	23619160	23620691	3.5439840567592	0.00364543556258233	UP	0.178212777715581	1	NS
UP	A86_only	medtr.A17.gnm5.ann1_6.MtrunA17Chr2g0292181	MtrunA17Chr2g0292181	MtPrx10	peroxidase	medtr.A17.gnm5.MtrunA17Chr2	+	11219596	11222424	2.15194999734572	0.00441290507421999	UP	0.175747294005261	1	NS
UP	A86_only	medtr.A17.gnm5.ann1_6.MtrunA17Chr1g0170481	MtrunA17Chr1g0170481			medtr.A17.gnm5.MtrunA17Chr1	-	19212578	19213441	2.58953082692737	0.00354296205955457	UP	-0.174793009232228	1	NS
UP	A86_only	medtr.A17.gnm5.ann1_6.MtrunA17Chr7g0252361	MtrunA17Chr7g0252361			medtr.A17.gnm5.MtrunA17Chr7	+	39314472	39316644	5.19843864152097	0.0377261340121452	UP	-0.164780456353792	1	NS
UP	A86_only	medtr.A17.gnm5.ann1_6.MtrunA17Chr2g0300061	MtrunA17Chr2g0300061			medtr.A17.gnm5.MtrunA17Chr2	+	17878276	17883620	3.94002285117718	0.0375388471375825	UP	0.164457821061689	1	NS
UP	A86_only	medtr.A17.gnm5.ann1_6.MtrunA17Chr5g0406251	MtrunA17Chr5g0406251			medtr.A17.gnm5.MtrunA17Chr5	+	9221626	9230500	2.17198086429949	0.0121765772022748	UP	0.155792985227434	1	NS
UP	A86_only	medtr.A17.gnm5.ann1_6.MtrunA17Chr3g0094481	MtrunA17Chr3g0094481			medtr.A17.gnm5.MtrunA17Chr3	+	17333380	17336767	1.7906978239205	0.0169574230585593	UP	-0.155000986378649	1	NS
UP	A86_only	medtr.A17.gnm5.ann1_6.MtrunA17Chr2g0281821	MtrunA17Chr2g0281821			medtr.A17.gnm5.MtrunA17Chr2	-	3446348	3453756	1.90303986594528	0.00961924650346628	UP	0.148661405313601	1	NS
UP	A86_only	medtr.A17.gnm5.ann1_6.MtrunA17Chr2g0278551	MtrunA17Chr2g0278551			medtr.A17.gnm5.MtrunA17Chr2	-	1233500	1236505	2.60576545871883	0.00524151450137093	UP	-0.147239060934567	1	NS
UP	A86_only	medtr.A17.gnm5.ann1_6.MtrunA17Chr5g0439431	MtrunA17Chr5g0439431			medtr.A17.gnm5.MtrunA17Chr5	+	38324451	38328113	1.81774752712491	0.0380930415013964	UP	0.135566700380067	1	NS
UP	A86_only	medtr.A17.gnm5.ann1_6.MtrunA17Chr4g0003691	MtrunA17Chr4g0003691			medtr.A17.gnm5.MtrunA17Chr4	+	2780496	2786545	2.08277333072589	0.00141136901515921	UP	0.129354729820969	1	NS
UP	A86_only	medtr.A17.gnm5.ann1_6.MtrunA17Chr6g0474151	MtrunA17Chr6g0474151			medtr.A17.gnm5.MtrunA17Chr6	+	27703566	27704178	1.83160980740272	0.02934261432207	UP	-0.128771686294624	1	NS
UP	A86_only	medtr.A17.gnm5.ann1_6.MtrunA17Chr4g0026331	MtrunA17Chr4g0026331			medtr.A17.gnm5.MtrunA17Chr4	-	27273378	27276561	1.53238273952467	0.00315234852545057	UP	-0.127870315381023	1	NS
UP	A86_only	medtr.A17.gnm5.ann1_6.MtrunA17Chr1g0192401	MtrunA17Chr1g0192401	MtPLD15	phospholipase D15	medtr.A17.gnm5.MtrunA17Chr1	+	41058901	41069773	2.33408429335262	0.0271449616184652	UP	-0.122966872724237	1	NS
UP	A86_only	medtr.A17.gnm5.ann1_6.MtrunA17Chr7g0252391	MtrunA17Chr7g0252391			medtr.A17.gnm5.MtrunA17Chr7	-	39329900	39334745	1.79637780483313	0.0317526893101264	UP	-0.122225568061904	1	NS
UP	A86_only	medtr.A17.gnm5.ann1_6.MtrunA17Chr3g0137931	MtrunA17Chr3g0137931	MtPNP1	Plant Natriuretic Peptide	medtr.A17.gnm5.MtrunA17Chr3	-	53034686	53035715	5.92255191821746	0.000358438380765552	UP	0.122134234162081	1	NS
UP	A86_only	medtr.A17.gnm5.ann1_6.MtrunA17Chr8g0342951	MtrunA17Chr8g0342951			medtr.A17.gnm5.MtrunA17Chr8	-	6387171	6393137	2.36206590984577	0.0410828484306746	UP	0.12137567695379	1	NS
UP	A86_only	medtr.A17.gnm5.ann1_6.MtrunA17Chr4g0034051	MtrunA17Chr4g0034051			medtr.A17.gnm5.MtrunA17Chr4	+	33792103	33792709	3.24751881573697	0.0106012782226864	UP	0.116856004727033	1	NS
UP	A86_only	medtr.A17.gnm5.ann1_6.MtrunA17Chr3g0111451	MtrunA17Chr3g0111451			medtr.A17.gnm5.MtrunA17Chr3	+	33777971	33782235	1.74395496258629	0.0230886912196477	UP	0.113502869836319	1	NS
UP	A86_only	medtr.A17.gnm5.ann1_6.MtrunA17Chr6g0482071	MtrunA17Chr6g0482071			medtr.A17.gnm5.MtrunA17Chr6	+	36757593	36762182	2.00439174656633	0.00961924650346628	UP	-0.111120825691212	1	NS
UP	A86_only	medtr.A17.gnm5.ann1_6.MtrunA17Chr4g0063731	MtrunA17Chr4g0063731			medtr.A17.gnm5.MtrunA17Chr4	-	55200396	55202927	4.58834546014365	7.89452474225082e-05	UP	-0.106273065268392	1	NS
UP	A86_only	medtr.A17.gnm5.ann1_6.MtrunA17Chr5g0406211	MtrunA17Chr5g0406211			medtr.A17.gnm5.MtrunA17Chr5	+	9200320	9204633	1.92490218841918	0.0402303226253058	UP	0.103611632179366	1	NS
UP	A86_only	medtr.A17.gnm5.ann1_6.MtrunA17Chr4g0059591	MtrunA17Chr4g0059591			medtr.A17.gnm5.MtrunA17Chr4	-	52198840	52200760	2.26022988643185	0.0477521894059543	UP	-0.102254572584995	1	NS
UP	A86_only	medtr.A17.gnm5.ann1_6.MtrunA17Chr8g0354731	MtrunA17Chr8g0354731			medtr.A17.gnm5.MtrunA17Chr8	+	16323743	16326980	2.32548006367192	0.0403511772273869	UP	0.0786530915682376	1	NS
UP	A86_only	medtr.A17.gnm5.ann1_6.MtrunA17Chr8g0341741	MtrunA17Chr8g0341741			medtr.A17.gnm5.MtrunA17Chr8	-	5254874	5256455	5.70289821475561	0.000339459571107852	UP	0.0740209794373488	1	NS
UP	A86_only	medtr.A17.gnm5.ann1_6.MtrunA17Chr2g0311871	MtrunA17Chr2g0311871			medtr.A17.gnm5.MtrunA17Chr2	+	34820216	34820960	2.41511615968802	0.00638506528435385	UP	0.0589570860901977	1	NS
UP	A86_only	medtr.A17.gnm5.ann1_6.MtrunA17Chr8g0342961	MtrunA17Chr8g0342961			medtr.A17.gnm5.MtrunA17Chr8	+	6387656	6387967	2.64906762402544	0.00129038742222454	UP	-0.0553724935053942	1	NS
UP	A86_only	medtr.A17.gnm5.ann1_6.MtrunA17Chr5g0439441	MtrunA17Chr5g0439441			medtr.A17.gnm5.MtrunA17Chr5	-	38326155	38332398	1.76161862591566	0.0394196585323925	UP	0.0531123070498222	1	NS
UP	A86_only	medtr.A17.gnm5.ann1_6.MtrunA17Chr4g0006371	MtrunA17Chr4g0006371			medtr.A17.gnm5.MtrunA17Chr4	+	5043111	5049268	2.98747401148173	0.0220652071783372	UP	-0.0512069912143921	1	NS
UP	A86_only	medtr.A17.gnm5.ann1_6.MtrunA17Chr1g0160791	MtrunA17Chr1g0160791			medtr.A17.gnm5.MtrunA17Chr1	-	11153271	11157474	1.82946668305091	0.0474217996549884	UP	0.0387941470980316	1	NS
UP	A86_only	medtr.A17.gnm5.ann1_6.MtrunA17Chr8g0343021	MtrunA17Chr8g0343021	MtLOX3	lipoxygenase (TC100155)	medtr.A17.gnm5.MtrunA17Chr8	-	6485866	6491306	2.57461610801519	0.0112283164839062	UP	-0.0371473576366421	1	NS
UP	A86_only	medtr.A17.gnm5.ann1_6.MtrunA17Chr2g0300051	MtrunA17Chr2g0300051			medtr.A17.gnm5.MtrunA17Chr2	-	17866213	17868632	4.47595339756559	0.0454576659524074	UP	0.034433087371895	1	NS
UP	A86_only	medtr.A17.gnm5.ann1_6.MtrunA17Chr7g0251681	MtrunA17Chr7g0251681			medtr.A17.gnm5.MtrunA17Chr7	-	38842953	38846631	3.59575920559316	0.00150635396605093	UP	0.0299123223394227	1	NS
UP	A86_only	medtr.A17.gnm5.ann1_6.MtrunA17Chr4g0068821	MtrunA17Chr4g0068821			medtr.A17.gnm5.MtrunA17Chr4	-	58831569	58832374	3.72976989772773	0.000598120616069922	UP	0.0242348186958202	1	NS
UP	A86_only	medtr.A17.gnm5.ann1_6.MtrunA17Chr8g0339211	MtrunA17Chr8g0339211			medtr.A17.gnm5.MtrunA17Chr8	+	3456670	3460179	2.5823102479206	0.00202417669986883	UP	0.0217504118840358	1	NS
UP	A86_only	medtr.A17.gnm5.ann1_6.MtrunA17Chr2g0286081	MtrunA17Chr2g0286081			medtr.A17.gnm5.MtrunA17Chr2	+	6521304	6525098	1.88769183836841	0.0318451742096579	UP	-0.0101238560019638	1	NS
UP	A86_only	medtr.A17.gnm5.ann1_6.MtrunA17Chr5g0403141	MtrunA17Chr5g0403141			medtr.A17.gnm5.MtrunA17Chr5	+	6972333	6974983	1.84424136836242	0.0124811779307815	UP	0.00843137255762047	1	NS
UP	dnf2_only	medtr.A17.gnm5.ann1_6.MtrunA17Chr7g0245741	MtrunA17Chr7g0245741	MtVRC6	vestitone reductase cluster gene 6	medtr.A17.gnm5.MtrunA17Chr7	+	34709390	34712996	0	0.999999979788073	NS	9.89924461177953	0.000243598404466553	UP
UP	dnf2_only	medtr.A17.gnm5.ann1_6.MtrunA17Chr6g0472041	MtrunA17Chr6g0472041			medtr.A17.gnm5.MtrunA17Chr6	-	23530454	23533531	0	0.999999979788073	NS	9.7835982517328	0.00029590932696283	UP
UP	dnf2_only	medtr.A17.gnm5.ann1_6.MtrunA17Chr3g0107101	MtrunA17Chr3g0107101			medtr.A17.gnm5.MtrunA17Chr3	-	30675702	30679243	0	0.999999979788073	NS	9.61597462884991	0.00055251404009447	UP
UP	dnf2_only	medtr.A17.gnm5.ann1_6.MtrunA17Chr3g0096601	MtrunA17Chr3g0096601			medtr.A17.gnm5.MtrunA17Chr3	+	20769399	20772910	0	0.999999979788073	NS	9.45884939844337	0.000347467532355403	UP
UP	dnf2_only	medtr.A17.gnm5.ann1_6.MtrunA17Chr1g0161041	MtrunA17Chr1g0161041			medtr.A17.gnm5.MtrunA17Chr1	-	11354569	11356921	3.8798732114835	0.786277386358328	NS	9.41429328521674	2.3835748789439e-06	UP
UP	dnf2_only	medtr.A17.gnm5.ann1_6.MtrunA17Chr4g0066581	MtrunA17Chr4g0066581	MtESL16_2|MtESL2.3	Sugar transporter ERD6-like|early-responsive to dehydration six-like	medtr.A17.gnm5.MtrunA17Chr4	+	57270936	57274888	4.33682434794867	0.999999979788073	NS	8.51672816161085	0.0227011779721856	UP
UP	dnf2_only	medtr.A17.gnm5.ann1_6.MtrunA17Chr3g0131951	MtrunA17Chr3g0131951	MtSWEET13	sucrose transporter	medtr.A17.gnm5.MtrunA17Chr3	+	48762734	48764718	0	0.999999979788073	NS	8.41568456598087	0.00110997935973718	UP
UP	dnf2_only	medtr.A17.gnm5.ann1_6.MtrunA17Chr4g0056601	MtrunA17Chr4g0056601			medtr.A17.gnm5.MtrunA17Chr4	-	50039811	50044252	0	0.999999979788073	NS	8.28190872458063	0.0018510218151312	UP
UP	dnf2_only	medtr.A17.gnm5.ann1_6.MtrunA17Chr7g0224561	MtrunA17Chr7g0224561	MtCYP93B11	Cytochrome P450 monooxygenase	medtr.A17.gnm5.MtrunA17Chr7	-	9835836	9838308	1.79013183494979	0.809704775440915	NS	8.11056056466969	1.1537218360087e-08	UP
UP	dnf2_only	medtr.A17.gnm5.ann1_6.MtrunA17Chr7g0245731	MtrunA17Chr7g0245731			medtr.A17.gnm5.MtrunA17Chr7	+	34692943	34704774	0	0.999999979788073	NS	8.07984531176753	0.000660393290740857	UP
UP	dnf2_only	medtr.A17.gnm5.ann1_6.MtrunA17Chr6g0485311	MtrunA17Chr6g0485311			medtr.A17.gnm5.MtrunA17Chr6	+	39824325	39829673	1.90594185400254	0.999999979788073	NS	8.04311402126289	2.56223618037216e-05	UP
UP	dnf2_only	medtr.A17.gnm5.ann1_6.MtrunA17Chr8g0370591	MtrunA17Chr8g0370591			medtr.A17.gnm5.MtrunA17Chr8	+	33687761	33688333	3.58455134360982	0.987041610831682	NS	7.9028086341595	0.000191216811670413	UP
UP	dnf2_only	medtr.A17.gnm5.ann1_6.MtrunA17Chr7g0272791	MtrunA17Chr7g0272791			medtr.A17.gnm5.MtrunA17Chr7	-	53741429	53747610	1.9058785954447	0.999999979788073	NS	7.66358156530734	7.08624130338781e-05	UP
UP	dnf2_only	medtr.A17.gnm5.ann1_6.MtrunA17Chr3g0136611	MtrunA17Chr3g0136611			medtr.A17.gnm5.MtrunA17Chr3	-	52151987	52158912	0	0.999999979788073	NS	7.6144647888763	8.11843719460819e-05	UP
UP	dnf2_only	medtr.A17.gnm5.ann1_6.MtrunA17Chr2g0295111	MtrunA17Chr2g0295111			medtr.A17.gnm5.MtrunA17Chr2	+	13608587	13610171	4.52248612484993	0.270593902421635	NS	7.56348268871122	8.24039770445029e-05	UP
UP	dnf2_only	medtr.A17.gnm5.ann1_6.MtrunA17Chr4g0008721	MtrunA17Chr4g0008721			medtr.A17.gnm5.MtrunA17Chr4	+	6672741	6675766	4.33751657866683	0.393597501386551	NS	7.56219787712417	8.34737406259623e-05	UP
UP	dnf2_only	medtr.A17.gnm5.ann1_6.MtrunA17Chr1g0169981	MtrunA17Chr1g0169981			medtr.A17.gnm5.MtrunA17Chr1	+	18623654	18624628	0.826373674058507	0.999999979788073	NS	7.47726542435124	2.1469191264747e-06	UP
UP	dnf2_only	medtr.A17.gnm5.ann1_6.MtrunA17Chr3g0107381	MtrunA17Chr3g0107381			medtr.A17.gnm5.MtrunA17Chr3	-	31046503	31048123	0	0.999999979788073	NS	7.45339537850525	0.000570888893959416	UP
UP	dnf2_only	medtr.A17.gnm5.ann1_6.MtrunA17Chr6g0458171	MtrunA17Chr6g0458171			medtr.A17.gnm5.MtrunA17Chr6	+	7742920	7743822	3.21166560926727	0.0892563407900885	NS	7.43115483460405	1.15189761441145e-07	UP
UP	dnf2_only	medtr.A17.gnm5.ann1_6.MtrunA17Chr4g0070111	MtrunA17Chr4g0070111			medtr.A17.gnm5.MtrunA17Chr4	-	59857027	59858179	5.08575683543068	0.286051146905122	NS	7.31754825872795	0.00155808906874779	UP
UP	dnf2_only	medtr.A17.gnm5.ann1_6.MtrunA17Chr4g0028661	MtrunA17Chr4g0028661			medtr.A17.gnm5.MtrunA17Chr4	+	29639577	29642647	0	0.999999979788073	NS	7.29960575878277	0.00386710457990982	UP
UP	dnf2_only	medtr.A17.gnm5.ann1_6.MtrunA17Chr2g0300101	MtrunA17Chr2g0300101			medtr.A17.gnm5.MtrunA17Chr2	-	17906626	17908752	4.06583226377814	0.243982553766878	NS	7.29613715316935	2.98679772869621e-05	UP
UP	dnf2_only	medtr.A17.gnm5.ann1_6.MtrunA17Chr4g0028691	MtrunA17Chr4g0028691			medtr.A17.gnm5.MtrunA17Chr4	+	29650822	29655587	-1.87087361116826	0.999999979788073	NS	7.20767734528684	7.81636032777804e-06	UP
UP	dnf2_only	medtr.A17.gnm5.ann1_6.MtrunA17Chr4g0055061	MtrunA17Chr4g0055061			medtr.A17.gnm5.MtrunA17Chr4	+	48794193	48796490	5.39827973890102	0.0707614183339765	NS	7.19134719313593	0.000178291780739929	UP
UP	dnf2_only	medtr.A17.gnm5.ann1_6.MtrunA17Chr5g0394381	MtrunA17Chr5g0394381			medtr.A17.gnm5.MtrunA17Chr5	-	814644	817038	4.68671936630823	0.455323894501844	NS	7.16769954983285	0.00164282596921621	UP
UP	dnf2_only	medtr.A17.gnm5.ann1_6.MtrunA17Chr7g0262251	MtrunA17Chr7g0262251			medtr.A17.gnm5.MtrunA17Chr7	-	46410825	46420229	3.20892797638797	0.999999979788073	NS	7.14336866877926	0.0289929621796713	UP
UP	dnf2_only	medtr.A17.gnm5.ann1_6.MtrunA17Chr8g0354061	MtrunA17Chr8g0354061			medtr.A17.gnm5.MtrunA17Chr8	-	15719494	15722961	1.90495146493969	0.999999979788073	NS	7.09864660607183	0.0491579487915829	UP
UP	dnf2_only	medtr.A17.gnm5.ann1_6.MtrunA17Chr1g0200491	MtrunA17Chr1g0200491			medtr.A17.gnm5.MtrunA17Chr1	+	47019714	47021727	1.63471769788491	0.803371241924634	NS	6.99918962557895	6.75732264013787e-06	UP
UP	dnf2_only	medtr.A17.gnm5.ann1_6.MtrunA17Chr6g0482021	MtrunA17Chr6g0482021	MtKunitz17	Kunitz-P Trypsin Inhibitor	medtr.A17.gnm5.MtrunA17Chr6	+	36731677	36732276	0.826373674058507	0.999999979788073	NS	6.98063905295662	9.81587615388877e-05	UP
UP	dnf2_only	medtr.A17.gnm5.ann1_6.MtrunA17Chr2g0310811	MtrunA17Chr2g0310811			medtr.A17.gnm5.MtrunA17Chr2	+	33810255	33810892	-1.25945597926159	0.999999979788073	NS	6.95672995156957	2.1469191264747e-06	UP
UP	dnf2_only	medtr.A17.gnm5.ann1_6.MtrunA17Chr5g0425361	MtrunA17Chr5g0425361			medtr.A17.gnm5.MtrunA17Chr5	-	27364071	27369785	5.658181287759	0.150011363189824	NS	6.94615812094812	0.00370386959498966	UP
UP	dnf2_only	medtr.A17.gnm5.ann1_6.MtrunA17Chr5g0423191	MtrunA17Chr5g0423191			medtr.A17.gnm5.MtrunA17Chr5	+	24967737	24971366	1.68198830656171	0.620535481588039	NS	6.90929148335529	3.6466558270792e-07	UP
UP	dnf2_only	medtr.A17.gnm5.ann1_6.MtrunA17Chr1g0200151	MtrunA17Chr1g0200151			medtr.A17.gnm5.MtrunA17Chr1	+	46746268	46747249	3.21670591387803	0.365221948436764	NS	6.9022775413703	2.3835748789439e-06	UP
UP	dnf2_only	medtr.A17.gnm5.ann1_6.MtrunA17Chr3g0085201	MtrunA17Chr3g0085201			medtr.A17.gnm5.MtrunA17Chr3	-	6569646	6573629	2.30152406304495	0.887909271734063	NS	6.89320837549413	2.1469191264747e-06	UP
UP	dnf2_only	medtr.A17.gnm5.ann1_6.MtrunA17Chr5g0438441	MtrunA17Chr5g0438441	MtNodGRP39	Nodule-specific Glycine-rich	medtr.A17.gnm5.MtrunA17Chr5	-	37609474	37612950	4.77588060123976	0.100261775792636	NS	6.8281174861819	0.000198460722859125	UP
UP	dnf2_only	medtr.A17.gnm5.ann1_6.MtrunA17Chr4g0074541	MtrunA17Chr4g0074541			medtr.A17.gnm5.MtrunA17Chr4	+	63161590	63164226	4.2981072175217	0.268473851778173	NS	6.82088590603027	0.00040924329633741	UP
UP	dnf2_only	medtr.A17.gnm5.ann1_6.MtrunA17Chr7g0218841	MtrunA17Chr7g0218841			medtr.A17.gnm5.MtrunA17Chr7	+	4040488	4043581	3.86394158753634	0.34566779488217	NS	6.81250642147319	0.000120815920077818	UP
UP	dnf2_only	medtr.A17.gnm5.ann1_6.MtrunA17Chr5g0417321	MtrunA17Chr5g0417321			medtr.A17.gnm5.MtrunA17Chr5	+	17923036	17925191	3.46063186663091	0.628028391415042	NS	6.6939093586296	0.000518600166365331	UP
UP	dnf2_only	medtr.A17.gnm5.ann1_6.MtrunA17Chr1g0200201	MtrunA17Chr1g0200201			medtr.A17.gnm5.MtrunA17Chr1	-	46796151	46798028	0.711624589586569	0.999999979788073	NS	6.6195517775138	1.16498679198843e-06	UP
UP	dnf2_only	medtr.A17.gnm5.ann1_6.MtrunA17Chr8g0361401	MtrunA17Chr8g0361401			medtr.A17.gnm5.MtrunA17Chr8	-	25742337	25743892	2.79424920953637	0.236613806445214	NS	6.56415965900051	8.54631983635061e-05	UP
UP	dnf2_only	medtr.A17.gnm5.ann1_6.MtrunA17Chr3g0121931	MtrunA17Chr3g0121931			medtr.A17.gnm5.MtrunA17Chr3	-	41564863	41571172	3.2088659237192	0.887433409898017	NS	6.51902316534626	0.00179799879160886	UP
UP	dnf2_only	medtr.A17.gnm5.ann1_6.MtrunA17Chr2g0284581	MtrunA17Chr2g0284581			medtr.A17.gnm5.MtrunA17Chr2	+	5430869	5434164	3.20601883029314	0.999999979788073	NS	6.51770035030303	0.00789927755482998	UP
UP	dnf2_only	medtr.A17.gnm5.ann1_6.MtrunA17Chr1g0187201	MtrunA17Chr1g0187201	MtSubIn4	Subtilisin inhibitor	medtr.A17.gnm5.MtrunA17Chr1	+	37302349	37302970	6.37467766758598	0.0506576040728033	NS	6.51760165488944	0.0102730398051943	UP
UP	dnf2_only	medtr.A17.gnm5.ann1_6.MtrunA17Chr2g0305231	MtrunA17Chr2g0305231			medtr.A17.gnm5.MtrunA17Chr2	-	23941505	23947403	3.20892797638797	0.999999979788073	NS	6.48234111118827	0.0236542279864179	UP
UP	dnf2_only	medtr.A17.gnm5.ann1_6.MtrunA17Chr4g0008131	MtrunA17Chr4g0008131			medtr.A17.gnm5.MtrunA17Chr4	+	6294427	6295848	1.71133460092746	0.999999979788073	NS	6.47861725034635	2.61728210865403e-05	UP
UP	dnf2_only	medtr.A17.gnm5.ann1_6.MtrunA17Chr4g0024181	MtrunA17Chr4g0024181			medtr.A17.gnm5.MtrunA17Chr4	+	24735026	24736473	-2.65944636478777	0.999999979788073	NS	6.4606062365754	3.4274350359378e-06	UP
UP	dnf2_only	medtr.A17.gnm5.ann1_6.MtrunA17Chr8g0342901	MtrunA17Chr8g0342901			medtr.A17.gnm5.MtrunA17Chr8	-	6323970	6328616	2.2369278754008	0.999999979788073	NS	6.40939216897789	7.01035857361146e-05	UP
UP	dnf2_only	medtr.A17.gnm5.ann1_6.MtrunA17Chr2g0331961	MtrunA17Chr2g0331961	MtFIE.7	FERTILIZATION-INDEPENDENT ENDOSPERM (Polycomb group PcG protein)	medtr.A17.gnm5.MtrunA17Chr2	+	50153131	50156834	1.12692498956497	0.999999979788073	NS	6.39433697962175	3.87743423318779e-06	UP
UP	dnf2_only	medtr.A17.gnm5.ann1_6.MtrunA17Chr3g0101631	MtrunA17Chr3g0101631	MtCYP71D75	Cytochrome P450 monooxygenase	medtr.A17.gnm5.MtrunA17Chr3	+	26114877	26117677	4.96459145865561	0.508727439852871	NS	6.3695747730277	0.0366341806075963	UP
UP	dnf2_only	medtr.A17.gnm5.ann1_6.MtrunA17Chr3g0082831	MtrunA17Chr3g0082831	MtPSN1	peptide suppressing nodulation	medtr.A17.gnm5.MtrunA17Chr3	-	4592380	4593528	3.85696203098711	0.21837762080543	NS	6.36786416735288	0.000186317381639151	UP
UP	dnf2_only	medtr.A17.gnm5.ann1_6.MtrunA17Chr2g0316031	MtrunA17Chr2g0316031			medtr.A17.gnm5.MtrunA17Chr2	-	38224440	38229706	3.58179439682472	0.866529616240851	NS	6.32958033095855	0.00648690695827908	UP
UP	dnf2_only	medtr.A17.gnm5.ann1_6.MtrunA17Chr8g0344931	MtrunA17Chr8g0344931			medtr.A17.gnm5.MtrunA17Chr8	-	8056989	8059424	0.337309608349298	0.999999979788073	NS	6.30547059998426	2.1469191264747e-06	UP
UP	dnf2_only	medtr.A17.gnm5.ann1_6.MtrunA17Chr2g0315831	MtrunA17Chr2g0315831			medtr.A17.gnm5.MtrunA17Chr2	+	38044454	38046904	0.034077853771437	0.999999979788073	NS	6.29237604408373	0.00023957048497531	UP
UP	dnf2_only	medtr.A17.gnm5.ann1_6.MtrunA17Chr2g0310801	MtrunA17Chr2g0310801			medtr.A17.gnm5.MtrunA17Chr2	-	33810247	33811782	-5.03603958771179	0.365571268752182	NS	6.27738320844867	3.20271139687923e-07	UP
UP	dnf2_only	medtr.A17.gnm5.ann1_6.MtrunA17Chr3g0138351	MtrunA17Chr3g0138351			medtr.A17.gnm5.MtrunA17Chr3	+	53286574	53288876	3.58455134360982	0.789020429022855	NS	6.24363250091065	0.00667358371334783	UP
UP	dnf2_only	medtr.A17.gnm5.ann1_6.MtrunA17Chr3g0098111	MtrunA17Chr3g0098111			medtr.A17.gnm5.MtrunA17Chr3	+	22884935	22886533	2.25547448872477	0.999999979788073	NS	6.23317971261724	0.000379017449884863	UP
UP	dnf2_only	medtr.A17.gnm5.ann1_6.MtrunA17Chr7g0215601	MtrunA17Chr7g0215601	MtSWEET9b|MtSWEET9.2	sucrose transporter	medtr.A17.gnm5.MtrunA17Chr7	+	1570937	1573636	1.33642412355508	0.999999979788073	NS	6.17149584120733	0.000493067844443413	UP
UP	dnf2_only	medtr.A17.gnm5.ann1_6.MtrunA17Chr4g0024531	MtrunA17Chr4g0024531			medtr.A17.gnm5.MtrunA17Chr4	+	25213267	25214057	0	0.999999979788073	NS	6.15493696387326	0.0264902466701657	UP
UP	dnf2_only	medtr.A17.gnm5.ann1_6.MtrunA17Chr4g0014931	MtrunA17Chr4g0014931			medtr.A17.gnm5.MtrunA17Chr4	-	12302248	12304323	1.89635724271573	0.896638395196672	NS	6.13055461999518	5.00350497632278e-06	UP
UP	dnf2_only	medtr.A17.gnm5.ann1_6.MtrunA17Chr8g0348351	MtrunA17Chr8g0348351			medtr.A17.gnm5.MtrunA17Chr8	+	11017443	11021556	-1.87229226033533	0.999999979788073	NS	6.08016992563581	0.000164197735076158	UP
UP	dnf2_only	medtr.A17.gnm5.ann1_6.MtrunA17Chr4g0069861	MtrunA17Chr4g0069861			medtr.A17.gnm5.MtrunA17Chr4	+	59653212	59655675	6.12413131643506	0.0609500486527509	NS	6.06112800951622	0.0195910839250342	UP
UP	dnf2_only	medtr.A17.gnm5.ann1_6.MtrunA17Chr1g0179891	MtrunA17Chr1g0179891			medtr.A17.gnm5.MtrunA17Chr1	-	31152450	31153169	4.96320279057929	0.425431223642069	NS	6.06049404364001	0.0379275372878659	UP
UP	dnf2_only	medtr.A17.gnm5.ann1_6.MtrunA17Chr4g0040551	MtrunA17Chr4g0040551			medtr.A17.gnm5.MtrunA17Chr4	-	38465212	38466127	4.12767168433249	0.490934600386335	NS	6.01010847903234	0.00805713188427656	UP
UP	dnf2_only	medtr.A17.gnm5.ann1_6.MtrunA17Chr8g0352531	MtrunA17Chr8g0352531			medtr.A17.gnm5.MtrunA17Chr8	-	14436689	14438229	0.0350682428342791	0.999999979788073	NS	5.95875808722515	0.00147067909157939	UP
UP	dnf2_only	medtr.A17.gnm5.ann1_6.MtrunA17Chr2g0325661	MtrunA17Chr2g0325661			medtr.A17.gnm5.MtrunA17Chr2	-	45507828	45512615	1.33557793843469	0.999999979788073	NS	5.9568966394863	2.35200898561731e-05	UP
UP	dnf2_only	medtr.A17.gnm5.ann1_6.MtrunA17Chr4g0033201	MtrunA17Chr4g0033201			medtr.A17.gnm5.MtrunA17Chr4	+	33136611	33140846	2.48787757383994	0.073632293039288	NS	5.93489049083653	2.51317627897906e-06	UP
UP	dnf2_only	medtr.A17.gnm5.ann1_6.MtrunA17Chr3g0106901	MtrunA17Chr3g0106901			medtr.A17.gnm5.MtrunA17Chr3	+	30512731	30515535	1.59989712872886	0.724433822457689	NS	5.91093911813852	4.2074319338136e-06	UP
UP	dnf2_only	medtr.A17.gnm5.ann1_6.MtrunA17Chr3g0125611	MtrunA17Chr3g0125611			medtr.A17.gnm5.MtrunA17Chr3	+	44116337	44121774	3.53052627709855	0.951631017896361	NS	5.8220929754405	0.0233467332119611	UP
UP	dnf2_only	medtr.A17.gnm5.ann1_6.MtrunA17Chr5g0426041	MtrunA17Chr5g0426041			medtr.A17.gnm5.MtrunA17Chr5	-	27988838	27991961	-1.87087361116826	0.999999979788073	NS	5.72679347859787	0.000392654152108085	UP
UP	dnf2_only	medtr.A17.gnm5.ann1_6.MtrunA17Chr3g0085411	MtrunA17Chr3g0085411			medtr.A17.gnm5.MtrunA17Chr3	-	6756105	6756553	1.70860465821892	0.999999979788073	NS	5.70916287118706	0.000721369060782874	UP
UP	dnf2_only	medtr.A17.gnm5.ann1_6.MtrunA17Chr2g0304461	MtrunA17Chr2g0304461	MtPRP669_22	Pro-rich Protein Group 669	medtr.A17.gnm5.MtrunA17Chr2	-	22656723	22657165	1.87771946976849	0.694413779657034	NS	5.64242911455199	1.15579501667879e-05	UP
UP	dnf2_only	medtr.A17.gnm5.ann1_6.MtrunA17Chr2g0280291	MtrunA17Chr2g0280291			medtr.A17.gnm5.MtrunA17Chr2	+	2466972	2472207	1.31516087764917	0.999999979788073	NS	5.6385874667821	3.90336625852582e-05	UP
UP	dnf2_only	medtr.A17.gnm5.ann1_6.MtrunA17Chr2g0285141	MtrunA17Chr2g0285141	MtS40	Putative senescence regulator S40	medtr.A17.gnm5.MtrunA17Chr2	+	5762763	5763663	3.62291995029397	0.235256458493197	NS	5.62694120401263	0.000652163835972774	UP
UP	dnf2_only	medtr.A17.gnm5.ann1_6.MtrunA17Chr2g0312871	MtrunA17Chr2g0312871	MtNAS2	nicotianamide synthase	medtr.A17.gnm5.MtrunA17Chr2	+	35605952	35607116	0.761342017376799	0.999999979788073	NS	5.58407507453822	2.97401872793896e-05	UP
UP	dnf2_only	medtr.A17.gnm5.ann1_6.MtrunA17Chr5g0402471	MtrunA17Chr5g0402471	MtCEP5	C-terminally encoded peptide	medtr.A17.gnm5.MtrunA17Chr5	+	6536188	6536885	-0.468541647747202	0.999999979788073	NS	5.54754579629766	0.000143296901711854	UP
UP	dnf2_only	medtr.A17.gnm5.ann1_6.MtrunA17Chr1g0150461	MtrunA17Chr1g0150461			medtr.A17.gnm5.MtrunA17Chr1	-	3484401	3485638	2.25613960777999	0.999999979788073	NS	5.52685645693602	0.00504098406040923	UP
UP	dnf2_only	medtr.A17.gnm5.ann1_6.MtrunA17Chr7g0239691	MtrunA17Chr7g0239691			medtr.A17.gnm5.MtrunA17Chr7	+	29652035	29652418	2.00899960031525	0.999999979788073	NS	5.50973951644086	5.65976159980052e-05	UP
UP	dnf2_only	medtr.A17.gnm5.ann1_6.MtrunA17Chr2g0315821	MtrunA17Chr2g0315821			medtr.A17.gnm5.MtrunA17Chr2	-	38044215	38045670	2.46702764647458	0.999999979788073	NS	5.46845737618053	0.0037151364578783	UP
UP	dnf2_only	medtr.A17.gnm5.ann1_6.MtrunA17Chr3g0111501	MtrunA17Chr3g0111501			medtr.A17.gnm5.MtrunA17Chr3	+	33843916	33844396	3.42615240781577	0.367478777444259	NS	5.44656433923377	0.00120420323014804	UP
UP	dnf2_only	medtr.A17.gnm5.ann1_6.MtrunA17Chr4g0014461	MtrunA17Chr4g0014461	MtT2SPI2	Potato type II proteinase inhibitor	medtr.A17.gnm5.MtrunA17Chr4	-	11846769	11848361	0.408008940314104	0.999999979788073	NS	5.43976352836509	1.01009182368666e-05	UP
UP	dnf2_only	medtr.A17.gnm5.ann1_6.MtrunA17Chr5g0417741	MtrunA17Chr5g0417741			medtr.A17.gnm5.MtrunA17Chr5	-	18269138	18273220	1.45898034627958	0.701970001919581	NS	5.43919987686915	9.77247112867654e-07	UP
UP	dnf2_only	medtr.A17.gnm5.ann1_6.MtrunA17Chr7g0245641	MtrunA17Chr7g0245641	MtVRC2	vestitone reductase cluster gene 2	medtr.A17.gnm5.MtrunA17Chr7	+	34640863	34644399	1.78655857355024	0.830632452243114	NS	5.40792534764401	0.000197094578494853	UP
UP	dnf2_only	medtr.A17.gnm5.ann1_6.MtrunA17Chr8g0391091	MtrunA17Chr8g0391091			medtr.A17.gnm5.MtrunA17Chr8	-	48050655	48052385	4.68483333010582	0.0735072017632526	NS	5.38595125528302	0.00438048983063479	UP
UP	dnf2_only	medtr.A17.gnm5.ann1_6.MtrunA17Chr7g0236561	MtrunA17Chr7g0236561			medtr.A17.gnm5.MtrunA17Chr7	+	26760218	26765771	3.52762810022367	0.137342503368121	NS	5.36448324422556	0.000189001529029071	UP
UP	dnf2_only	medtr.A17.gnm5.ann1_6.MtrunA17Chr7g0267911	MtrunA17Chr7g0267911			medtr.A17.gnm5.MtrunA17Chr7	-	50524529	50527824	2.26262778479684	0.152585111285775	NS	5.34999364622955	2.96590461268496e-06	UP
UP	dnf2_only	medtr.A17.gnm5.ann1_6.MtrunA17Chr2g0292291	MtrunA17Chr2g0292291	MtPrx35	peroxidase	medtr.A17.gnm5.MtrunA17Chr2	-	11274490	11276789	-2.38982957577387	0.999999979788073	NS	5.34754837028272	0.000669807662770383	UP
UP	dnf2_only	medtr.A17.gnm5.ann1_6.MtrunA17Chr3g0117991	MtrunA17Chr3g0117991			medtr.A17.gnm5.MtrunA17Chr3	+	38778043	38781452	2.01166831099322	0.999999979788073	NS	5.31876353920464	0.00106193437254582	UP
UP	dnf2_only	medtr.A17.gnm5.ann1_6.MtrunA17Chr3g0093751	MtrunA17Chr3g0093751			medtr.A17.gnm5.MtrunA17Chr3	-	15845163	15846926	1.67835932441368	0.999999979788073	NS	5.29543769825631	0.000382855479001189	UP
UP	dnf2_only	medtr.A17.gnm5.ann1_6.MtrunA17Chr4g0038961	MtrunA17Chr4g0038961	MtBG20|MtBGLU1	beta-1,3-Glucanase 20|beta-1,3-glucanase 1	medtr.A17.gnm5.MtrunA17Chr4	+	37200563	37202579	1.46318269052174	0.999999979788073	NS	5.29181156831772	0.00513223120809633	UP
UP	dnf2_only	medtr.A17.gnm5.ann1_6.MtrunA17Chr6g0458151	MtrunA17Chr6g0458151			medtr.A17.gnm5.MtrunA17Chr6	+	7737844	7738344	2.63707283628366	0.173613093848558	NS	5.28934388903965	1.44984266660229e-05	UP
UP	dnf2_only	medtr.A17.gnm5.ann1_6.MtrunA17Chr6g0481961	MtrunA17Chr6g0481961	MtKunitz15	Kunitz-P Trypsin Inhibitor	medtr.A17.gnm5.MtrunA17Chr6	-	36695923	36696841	-2.88610237789798	0.999999979788073	NS	5.28609435984761	0.00198863352166822	UP
UP	dnf2_only	medtr.A17.gnm5.ann1_6.MtrunA17Chr7g0263931	MtrunA17Chr7g0263931			medtr.A17.gnm5.MtrunA17Chr7	-	47573588	47575364	-0.449585547422155	0.999999979788073	NS	5.28150447882072	7.81636032777804e-06	UP
UP	dnf2_only	medtr.A17.gnm5.ann1_6.MtrunA17Chr8g0339641	MtrunA17Chr8g0339641			medtr.A17.gnm5.MtrunA17Chr8	+	3697295	3699244	0.0350682428342791	0.999999979788073	NS	5.24995983806285	0.00947085052952938	UP
UP	dnf2_only	medtr.A17.gnm5.ann1_6.MtrunA17Chr8g0350971	MtrunA17Chr8g0350971			medtr.A17.gnm5.MtrunA17Chr8	+	13135927	13137382	-1.87229226033533	0.999999979788073	NS	5.22614934388628	0.0021896584821034	UP
UP	dnf2_only	medtr.A17.gnm5.ann1_6.MtrunA17Chr0c15g0493711	MtrunA17Chr0c15g0493711			medtr.A17.gnm5.MtrunA17Chr0c15	-	17159	17844	1.33557793843469	0.999999979788073	NS	5.22553206113346	0.000382133198911979	UP
UP	dnf2_only	medtr.A17.gnm5.ann1_6.MtrunA17Chr4g0051251	MtrunA17Chr4g0051251			medtr.A17.gnm5.MtrunA17Chr4	+	45876630	45878177	0.0420308467629159	0.999999979788073	NS	5.21838427480854	1.19288846379159e-05	UP
UP	dnf2_only	medtr.A17.gnm5.ann1_6.MtrunA17Chr2g0300561	MtrunA17Chr2g0300561			medtr.A17.gnm5.MtrunA17Chr2	+	18346718	18347540	-0.754908594664071	0.999999979788073	NS	5.17021543176816	0.000985229592416328	UP
UP	dnf2_only	medtr.A17.gnm5.ann1_6.MtrunA17Chr2g0307321	MtrunA17Chr2g0307321			medtr.A17.gnm5.MtrunA17Chr2	+	29850959	29853032	5.05244711589306	0.136808504763285	NS	5.15352375591158	0.0403408885233739	UP
UP	dnf2_only	medtr.A17.gnm5.ann1_6.MtrunA17Chr2g0319001	MtrunA17Chr2g0319001			medtr.A17.gnm5.MtrunA17Chr2	-	40519734	40524592	-0.164373940534125	0.999999979788073	NS	5.09720740772693	1.21834196762136e-05	UP
UP	dnf2_only	medtr.A17.gnm5.ann1_6.MtrunA17Chr6g0458141	MtrunA17Chr6g0458141			medtr.A17.gnm5.MtrunA17Chr6	+	7733714	7734038	0.0386704457901248	0.999999979788073	NS	5.08192656759743	0.00157550550715684	UP
UP	dnf2_only	medtr.A17.gnm5.ann1_6.MtrunA17Chr4g0055601	MtrunA17Chr4g0055601			medtr.A17.gnm5.MtrunA17Chr4	+	49187523	49189026	-0.327760774213932	0.999999979788073	NS	5.06334474156437	0.0233757666548578	UP
UP	dnf2_only	medtr.A17.gnm5.ann1_6.MtrunA17Chr1g0210281	MtrunA17Chr1g0210281			medtr.A17.gnm5.MtrunA17Chr1	+	54062832	54073351	0.514545848071366	0.999999979788073	NS	5.03021335944681	5.84682174314148e-06	UP
UP	dnf2_only	medtr.A17.gnm5.ann1_6.MtrunA17Chr2g0295131	MtrunA17Chr2g0295131			medtr.A17.gnm5.MtrunA17Chr2	+	13613393	13614427	1.69072763077833	0.513574757191603	NS	4.99321053937251	8.98477158213498e-06	UP
UP	dnf2_only	medtr.A17.gnm5.ann1_6.MtrunA17Chr4g0028221	MtrunA17Chr4g0028221			medtr.A17.gnm5.MtrunA17Chr4	-	29178358	29181436	3.16739045798574	0.481307733405013	NS	4.98502689178892	0.0048353440698834	UP
UP	dnf2_only	medtr.A17.gnm5.ann1_6.MtrunA17Chr1g0159551	MtrunA17Chr1g0159551			medtr.A17.gnm5.MtrunA17Chr1	+	10228783	10230238	0.682144150067073	0.999999979788073	NS	4.97501907919716	9.92708478492838e-06	UP
UP	dnf2_only	medtr.A17.gnm5.ann1_6.MtrunA17Chr7g0275721	MtrunA17Chr7g0275721			medtr.A17.gnm5.MtrunA17Chr7	+	55596781	55597046	2.96732389242753	0.148949790247926	NS	4.96536003121137	4.12926000260458e-05	UP
UP	dnf2_only	medtr.A17.gnm5.ann1_6.MtrunA17Chr7g0219141	MtrunA17Chr7g0219141			medtr.A17.gnm5.MtrunA17Chr7	+	4399250	4401506	-0.992388307710281	0.999999979788073	NS	4.9181976398638	3.45267359120445e-06	UP
UP	dnf2_only	medtr.A17.gnm5.ann1_6.MtrunA17Chr4g0029961	MtrunA17Chr4g0029961			medtr.A17.gnm5.MtrunA17Chr4	+	30604961	30606107	2.92513133400591	0.378012997010358	NS	4.88072422220392	0.00205289764688553	UP
UP	dnf2_only	medtr.A17.gnm5.ann1_6.MtrunA17Chr7g0239671	MtrunA17Chr7g0239671			medtr.A17.gnm5.MtrunA17Chr7	+	29635962	29636496	1.67492432092607	0.999999979788073	NS	4.86841170170405	0.00314711007142198	UP
UP	dnf2_only	medtr.A17.gnm5.ann1_6.MtrunA17Chr6g0475131	MtrunA17Chr6g0475131			medtr.A17.gnm5.MtrunA17Chr6	+	29278799	29280676	2.30545104893871	0.832546282407219	NS	4.86676538981383	0.00071943671977916	UP
UP	dnf2_only	medtr.A17.gnm5.ann1_6.MtrunA17Chr8g0386351	MtrunA17Chr8g0386351			medtr.A17.gnm5.MtrunA17Chr8	-	44806694	44811664	1.019678725059	0.999999979788073	NS	4.80344696581638	4.93407999707943e-06	UP
UP	dnf2_only	medtr.A17.gnm5.ann1_6.MtrunA17Chr2g0315811	MtrunA17Chr2g0315811			medtr.A17.gnm5.MtrunA17Chr2	+	38041715	38044322	0.0407180319296852	0.999999979788073	NS	4.79758065620582	0.000341132008024123	UP
UP	dnf2_only	medtr.A17.gnm5.ann1_6.MtrunA17Chr8g0347401	MtrunA17Chr8g0347401			medtr.A17.gnm5.MtrunA17Chr8	+	10322111	10322488	0.827291281660899	0.999999979788073	NS	4.78253459510115	0.00499892959955038	UP
UP	dnf2_only	medtr.A17.gnm5.ann1_6.MtrunA17Chr6g0482011	MtrunA17Chr6g0482011	MtKunitz16	Kunitz-P Trypsin Inhibitor	medtr.A17.gnm5.MtrunA17Chr6	+	36728861	36729645	-0.286476824559212	0.999999979788073	NS	4.76044295919904	0.00183845600861307	UP
UP	dnf2_only	medtr.A17.gnm5.ann1_6.MtrunA17Chr4g0007391	MtrunA17Chr4g0007391			medtr.A17.gnm5.MtrunA17Chr4	+	5825266	5826523	2.0345723071449	0.777001364585398	NS	4.750648208202	0.000132776918921723	UP
UP	dnf2_only	medtr.A17.gnm5.ann1_6.MtrunA17Chr1g0202241	MtrunA17Chr1g0202241			medtr.A17.gnm5.MtrunA17Chr1	+	48478795	48480172	1.27609410341675	0.882144711931396	NS	4.73575105458129	5.09283293312004e-06	UP
UP	dnf2_only	medtr.A17.gnm5.ann1_6.MtrunA17Chr4g0053621	MtrunA17Chr4g0053621	MtCYP81E58	Cytochrome P450 monooxygenase	medtr.A17.gnm5.MtrunA17Chr4	-	47515822	47519684	3.35054242967021	0.0887397598989716	NS	4.70118319901991	0.000668880206409745	UP
UP	dnf2_only	medtr.A17.gnm5.ann1_6.MtrunA17Chr8g0366971	MtrunA17Chr8g0366971			medtr.A17.gnm5.MtrunA17Chr8	+	30753665	30755069	0.0424741275098319	0.999999979788073	NS	4.69217960199379	9.96765045657772e-05	UP
UP	dnf2_only	medtr.A17.gnm5.ann1_6.MtrunA17Chr2g0313761	MtrunA17Chr2g0313761	MtCYP72A66	Cytochrome P450 monooxygenase	medtr.A17.gnm5.MtrunA17Chr2	+	36412482	36417826	1.2356527429038	0.999999979788073	NS	4.67785243293726	0.000181263375321929	UP
UP	dnf2_only	medtr.A17.gnm5.ann1_6.MtrunA17Chr1g0192251	MtrunA17Chr1g0192251			medtr.A17.gnm5.MtrunA17Chr1	+	40992072	40994318	0.922348032036952	0.999999979788073	NS	4.59645212937894	0.00265474819497229	UP
UP	dnf2_only	medtr.A17.gnm5.ann1_6.MtrunA17Chr4g0048001	MtrunA17Chr4g0048001			medtr.A17.gnm5.MtrunA17Chr4	-	43832450	43835496	1.47525836134298	0.999999979788073	NS	4.5871243730558	0.00215591118045256	UP
UP	dnf2_only	medtr.A17.gnm5.ann1_6.MtrunA17Chr6g0458131	MtrunA17Chr6g0458131			medtr.A17.gnm5.MtrunA17Chr6	+	7719611	7719949	0.0368358606779822	0.999999979788073	NS	4.55118949251177	0.00590662650535751	UP
UP	dnf2_only	medtr.A17.gnm5.ann1_6.MtrunA17Chr4g0038941	MtrunA17Chr4g0038941			medtr.A17.gnm5.MtrunA17Chr4	+	37193716	37195006	-0.760697191080758	0.999999979788073	NS	4.54954820823421	2.3835748789439e-06	UP
UP	dnf2_only	medtr.A17.gnm5.ann1_6.MtrunA17Chr8g0374511	MtrunA17Chr8g0374511			medtr.A17.gnm5.MtrunA17Chr8	+	36436700	36441869	0.30323649844922	0.999999979788073	NS	4.47937129727015	0.000233565713146498	UP
UP	dnf2_only	medtr.A17.gnm5.ann1_6.MtrunA17Chr8g0374831	MtrunA17Chr8g0374831	MtCEP13	C-terminally encoded peptide	medtr.A17.gnm5.MtrunA17Chr8	-	36723317	36723985	-3.16813789457201	0.807610006986022	NS	4.47921184712671	0.000552031839685645	UP
UP	dnf2_only	medtr.A17.gnm5.ann1_6.MtrunA17Chr8g0339681	MtrunA17Chr8g0339681	MtPDF58	Plant Defensin	medtr.A17.gnm5.MtrunA17Chr8	-	3712007	3713973	2.64020365499396	0.550251259440284	NS	4.46003131654422	0.00301206336379751	UP
UP	dnf2_only	medtr.A17.gnm5.ann1_6.MtrunA17Chr8g0358541	MtrunA17Chr8g0358541			medtr.A17.gnm5.MtrunA17Chr8	-	21034417	21035569	1.71271726831741	0.999999979788073	NS	4.45684542925265	0.0251246021592899	UP
UP	dnf2_only	medtr.A17.gnm5.ann1_6.MtrunA17Chr1g0203171	MtrunA17Chr1g0203171			medtr.A17.gnm5.MtrunA17Chr1	+	49094884	49096686	-1.11255951556822	0.999999979788073	NS	4.45171617916692	0.00014955157926015	UP
UP	dnf2_only	medtr.A17.gnm5.ann1_6.MtrunA17Chr3g0107731	MtrunA17Chr3g0107731			medtr.A17.gnm5.MtrunA17Chr3	+	31269455	31271099	2.71516160676466	0.0502946672441125	NS	4.42933593994891	0.000145548010258011	UP
UP	dnf2_only	medtr.A17.gnm5.ann1_6.MtrunA17Chr1g0202251	MtrunA17Chr1g0202251			medtr.A17.gnm5.MtrunA17Chr1	-	48479612	48480126	1.17680668292415	0.999999979788073	NS	4.42789069175061	9.79856371747443e-06	UP
UP	dnf2_only	medtr.A17.gnm5.ann1_6.MtrunA17Chr8g0353131	MtrunA17Chr8g0353131			medtr.A17.gnm5.MtrunA17Chr8	-	14903063	14905242	2.82523062705652	0.0613890339534052	NS	4.42711367662531	6.95417739626985e-05	UP
UP	dnf2_only	medtr.A17.gnm5.ann1_6.MtrunA17Chr3g0114711	MtrunA17Chr3g0114711			medtr.A17.gnm5.MtrunA17Chr3	-	36119924	36125470	2.31427515981043	0.0997248660169909	NS	4.41278272335914	5.55028296414142e-05	UP
UP	dnf2_only	medtr.A17.gnm5.ann1_6.MtrunA17Chr4g0001151	MtrunA17Chr4g0001151			medtr.A17.gnm5.MtrunA17Chr4	-	760103	762760	-0.468592028069518	0.999999979788073	NS	4.4117983804668	0.0080476637859101	UP
UP	dnf2_only	medtr.A17.gnm5.ann1_6.MtrunA17Chr2g0284121	MtrunA17Chr2g0284121			medtr.A17.gnm5.MtrunA17Chr2	-	5091951	5096882	0.0398557182106032	0.999999979788073	NS	4.40423503699271	0.000113814116858064	UP
UP	dnf2_only	medtr.A17.gnm5.ann1_6.MtrunA17Chr8g0355971	MtrunA17Chr8g0355971			medtr.A17.gnm5.MtrunA17Chr8	-	17552628	17555489	2.14494768337674	0.139404065462866	NS	4.39156232973066	3.13753807158791e-05	UP
UP	dnf2_only	medtr.A17.gnm5.ann1_6.MtrunA17Chr7g0239341	MtrunA17Chr7g0239341			medtr.A17.gnm5.MtrunA17Chr7	-	29378870	29380530	4.06348253349783	0.11983627735342	NS	4.37294321920603	0.0184171146020755	UP
UP	dnf2_only	medtr.A17.gnm5.ann1_6.MtrunA17Chr8g0336811	MtrunA17Chr8g0336811			medtr.A17.gnm5.MtrunA17Chr8	-	1897708	1898859	3.70158721845522	0.144583483861812	NS	4.37190094654143	0.00858783879353422	UP
UP	dnf2_only	medtr.A17.gnm5.ann1_6.MtrunA17Chr1g0180411	MtrunA17Chr1g0180411			medtr.A17.gnm5.MtrunA17Chr1	+	31570813	31576121	1.51964697812129	0.999999979788073	NS	4.34189945862191	0.0405465023481467	UP
UP	dnf2_only	medtr.A17.gnm5.ann1_6.MtrunA17Chr8g0374491	MtrunA17Chr8g0374491			medtr.A17.gnm5.MtrunA17Chr8	+	36422979	36426592	0.289571363000622	0.999999979788073	NS	4.31398144102917	3.96860748049103e-05	UP
UP	dnf2_only	medtr.A17.gnm5.ann1_6.MtrunA17Chr8g0380811	MtrunA17Chr8g0380811			medtr.A17.gnm5.MtrunA17Chr8	-	41043082	41045912	-0.754520081507087	0.999999979788073	NS	4.3133127483734	0.000489388713455962	UP
UP	dnf2_only	medtr.A17.gnm5.ann1_6.MtrunA17Chr7g0265041	MtrunA17Chr7g0265041			medtr.A17.gnm5.MtrunA17Chr7	+	48455964	48457746	2.1508084293914	0.249402409923883	NS	4.30408663820998	0.000108260592954072	UP
UP	dnf2_only	medtr.A17.gnm5.ann1_6.MtrunA17Chr1g0203531	MtrunA17Chr1g0203531	MtCLE05	CLAVATA3/EMBRYO-SURROUNDING REGION (CLE) family	medtr.A17.gnm5.MtrunA17Chr1	+	49311995	49313192	-0.267904055445178	0.999999979788073	NS	4.29013444869005	1.97152976119804e-05	UP
UP	dnf2_only	medtr.A17.gnm5.ann1_6.MtrunA17Chr1g0153391	MtrunA17Chr1g0153391			medtr.A17.gnm5.MtrunA17Chr1	+	5928169	5930678	0.189820870050829	0.999999979788073	NS	4.28869573951191	0.000300375894562479	UP
UP	dnf2_only	medtr.A17.gnm5.ann1_6.MtrunA17Chr5g0408911	MtrunA17Chr5g0408911			medtr.A17.gnm5.MtrunA17Chr5	+	10842794	10844543	-1.2608944313364	0.999999979788073	NS	4.27036280558984	0.0277399700524416	UP
UP	dnf2_only	medtr.A17.gnm5.ann1_6.MtrunA17Chr6g0463521	MtrunA17Chr6g0463521			medtr.A17.gnm5.MtrunA17Chr6	+	12713442	12714911	-0.91993919861493	0.999999979788073	NS	4.26484195452486	3.21879644667972e-05	UP
UP	dnf2_only	medtr.A17.gnm5.ann1_6.MtrunA17Chr5g0432241	MtrunA17Chr5g0432241			medtr.A17.gnm5.MtrunA17Chr5	+	32995952	32998625	2.73695592934642	0.787077467660552	NS	4.2344456221676	0.0271656667515765	UP
UP	dnf2_only	medtr.A17.gnm5.ann1_6.MtrunA17Chr7g0262201	MtrunA17Chr7g0262201			medtr.A17.gnm5.MtrunA17Chr7	-	46355453	46361022	1.11884593061397	0.999999979788073	NS	4.20627813153587	0.000629765434760754	UP
UP	dnf2_only	medtr.A17.gnm5.ann1_6.MtrunA17Chr6g0479071	MtrunA17Chr6g0479071			medtr.A17.gnm5.MtrunA17Chr6	+	33672407	33673588	1.20745456292811	0.999999979788073	NS	4.19846183392687	0.000785601750235086	UP
UP	dnf2_only	medtr.A17.gnm5.ann1_6.MtrunA17Chr2g0299161	MtrunA17Chr2g0299161	MtBGAL3	beta-galactosidase 3	medtr.A17.gnm5.MtrunA17Chr2	+	17157211	17163803	1.03037549660439	0.999999979788073	NS	4.17697710989456	5.73140426106663e-07	UP
UP	dnf2_only	medtr.A17.gnm5.ann1_6.MtrunA17Chr4g0019001	MtrunA17Chr4g0019001			medtr.A17.gnm5.MtrunA17Chr4	-	14349964	14350876	2.63823424447579	0.21837762080543	NS	4.16694502379536	0.000599683613026008	UP
UP	dnf2_only	medtr.A17.gnm5.ann1_6.MtrunA17Chr1g0205541	MtrunA17Chr1g0205541			medtr.A17.gnm5.MtrunA17Chr1	+	50756498	50760112	2.70577652368117	0.520792106498562	NS	4.15092920687029	0.00798178054385443	UP
UP	dnf2_only	medtr.A17.gnm5.ann1_6.MtrunA17Chr2g0316021	MtrunA17Chr2g0316021			medtr.A17.gnm5.MtrunA17Chr2	+	38222228	38224774	-0.141640271147973	0.999999979788073	NS	4.14232301161285	0.00107339502885059	UP
UP	dnf2_only	medtr.A17.gnm5.ann1_6.MtrunA17Chr1g0152201	MtrunA17Chr1g0152201			medtr.A17.gnm5.MtrunA17Chr1	+	4974835	4975629	-0.196782335234348	0.999999979788073	NS	4.13816003438392	2.97401872793896e-05	UP
UP	dnf2_only	medtr.A17.gnm5.ann1_6.MtrunA17Chr4g0075961	MtrunA17Chr4g0075961			medtr.A17.gnm5.MtrunA17Chr4	+	63996476	63997563	2.18705969001646	0.81919023380024	NS	4.13737834882457	0.00499432726478054	UP
UP	dnf2_only	medtr.A17.gnm5.ann1_6.MtrunA17Chr7g0219171	MtrunA17Chr7g0219171			medtr.A17.gnm5.MtrunA17Chr7	-	4416106	4417953	2.25286741645102	0.1623093142578	NS	4.13699695415219	0.000150854974568487	UP
UP	dnf2_only	medtr.A17.gnm5.ann1_6.MtrunA17Chr5g0411621	MtrunA17Chr5g0411621	MtSTR2	stunted arbuscule 2	medtr.A17.gnm5.MtrunA17Chr5	+	13142126	13146251	1.33495918809557	0.999999979788073	NS	4.13539065184891	0.000258119695335324	UP
UP	dnf2_only	medtr.A17.gnm5.ann1_6.MtrunA17Chr5g0431481	MtrunA17Chr5g0431481			medtr.A17.gnm5.MtrunA17Chr5	+	32332940	32346752	1.35760904026463	0.999999979788073	NS	4.13313609025071	0.00318360584068559	UP
UP	dnf2_only	medtr.A17.gnm5.ann1_6.MtrunA17Chr5g0396571	MtrunA17Chr5g0396571			medtr.A17.gnm5.MtrunA17Chr5	-	2139232	2143352	2.44117245654397	0.208057108069366	NS	4.12272851511812	0.000324840357496165	UP
UP	dnf2_only	medtr.A17.gnm5.ann1_6.MtrunA17Chr4g0056271	MtrunA17Chr4g0056271			medtr.A17.gnm5.MtrunA17Chr4	-	49681362	49683989	0.515966886122028	0.999999979788073	NS	4.10177757706644	1.88177473854562e-05	UP
UP	dnf2_only	medtr.A17.gnm5.ann1_6.MtrunA17Chr7g0250581	MtrunA17Chr7g0250581			medtr.A17.gnm5.MtrunA17Chr7	+	38052916	38054040	2.1744747592987	0.36926118964994	NS	4.09771793430839	0.000592935471098597	UP
UP	dnf2_only	medtr.A17.gnm5.ann1_6.MtrunA17Chr2g0295051	MtrunA17Chr2g0295051	MtPR10-3	Pathogenesis-related protein 10 (TC76511)	medtr.A17.gnm5.MtrunA17Chr2	+	13580564	13582040	-0.92807201284291	0.999999979788073	NS	4.09438322170296	3.97291926259811e-05	UP
UP	dnf2_only	medtr.A17.gnm5.ann1_6.MtrunA17Chr1g0166481	MtrunA17Chr1g0166481			medtr.A17.gnm5.MtrunA17Chr1	-	15914987	15917881	1.35441658848291	0.999999979788073	NS	4.08743132989812	0.00195687055297172	UP
UP	dnf2_only	medtr.A17.gnm5.ann1_6.MtrunA17Chr2g0323911	MtrunA17Chr2g0323911			medtr.A17.gnm5.MtrunA17Chr2	-	44282973	44283617	3.0914609445217	0.407882997375003	NS	4.08601919509381	0.0206773716101442	UP
UP	dnf2_only	medtr.A17.gnm5.ann1_6.MtrunA17Chr3g0132531	MtrunA17Chr3g0132531	MtMATE16	multidrug and toxic compound extrusion family	medtr.A17.gnm5.MtrunA17Chr3	-	49159436	49163873	1.52504959381396	0.935206902407855	NS	4.05625674518638	0.000479327563339107	UP
UP	dnf2_only	medtr.A17.gnm5.ann1_6.MtrunA17Chr2g0297811	MtrunA17Chr2g0297811			medtr.A17.gnm5.MtrunA17Chr2	+	15854010	15855262	-4.08412890728359	0.498060367295273	NS	4.05326758645443	0.000184253505948815	UP
UP	dnf2_only	medtr.A17.gnm5.ann1_6.MtrunA17Chr6g0462611	MtrunA17Chr6g0462611			medtr.A17.gnm5.MtrunA17Chr6	-	11696982	11698853	1.51508892313284	0.999999979788073	NS	4.04762820683365	0.00132295533407852	UP
UP	dnf2_only	medtr.A17.gnm5.ann1_6.MtrunA17Chr2g0292271	MtrunA17Chr2g0292271	MtPrx26	peroxidase	medtr.A17.gnm5.MtrunA17Chr2	+	11260772	11263619	1.52402770065241	0.365571268752182	NS	4.04185863210509	1.43224243810042e-06	UP
UP	dnf2_only	medtr.A17.gnm5.ann1_6.MtrunA17Chr4g0043061	MtrunA17Chr4g0043061			medtr.A17.gnm5.MtrunA17Chr4	+	40214356	40216410	0.238088903738877	0.999999979788073	NS	4.04176553805606	2.96590461268496e-06	UP
UP	dnf2_only	medtr.A17.gnm5.ann1_6.MtrunA17Chr7g0219811	MtrunA17Chr7g0219811			medtr.A17.gnm5.MtrunA17Chr7	-	5125951	5130577	0.501863567845792	0.999999979788073	NS	4.02320746829497	0.000137126526996395	UP
UP	dnf2_only	medtr.A17.gnm5.ann1_6.MtrunA17Chr4g0062831	MtrunA17Chr4g0062831			medtr.A17.gnm5.MtrunA17Chr4	+	54528769	54529561	0.582067510751145	0.999999979788073	NS	4.00287116218843	0.000396542732456308	UP
UP	dnf2_only	medtr.A17.gnm5.ann1_6.MtrunA17Chr3g0125361	MtrunA17Chr3g0125361			medtr.A17.gnm5.MtrunA17Chr3	+	43930704	43931496	-0.454003505755152	0.999999979788073	NS	3.98699663093243	0.000326949191654614	UP
UP	dnf2_only	medtr.A17.gnm5.ann1_6.MtrunA17Chr3g0111331	MtrunA17Chr3g0111331			medtr.A17.gnm5.MtrunA17Chr3	+	33657552	33658098	-1.08299901949101	0.999999979788073	NS	3.98306995724145	0.000761483963148121	UP
UP	dnf2_only	medtr.A17.gnm5.ann1_6.MtrunA17Chr4g0003751	MtrunA17Chr4g0003751			medtr.A17.gnm5.MtrunA17Chr4	+	2827901	2828805	-0.465281328830491	0.999999979788073	NS	3.9816539822105	0.00192103918671445	UP
UP	dnf2_only	medtr.A17.gnm5.ann1_6.MtrunA17Chr6g0471721	MtrunA17Chr6g0471721			medtr.A17.gnm5.MtrunA17Chr6	-	23062398	23063512	-0.377555024112225	0.999999979788073	NS	3.98153932124558	0.00257856702260645	UP
UP	dnf2_only	medtr.A17.gnm5.ann1_6.MtrunA17Chr5g0426781	MtrunA17Chr5g0426781			medtr.A17.gnm5.MtrunA17Chr5	+	28611668	28613251	-2.65944636478777	0.999999979788073	NS	3.96182022968486	0.0184106603457115	UP
UP	dnf2_only	medtr.A17.gnm5.ann1_6.MtrunA17Chr7g0219681	MtrunA17Chr7g0219681			medtr.A17.gnm5.MtrunA17Chr7	+	4981710	4984181	1.79948705809538	0.999999979788073	NS	3.95683654852559	0.00325424121801037	UP
UP	dnf2_only	medtr.A17.gnm5.ann1_6.MtrunA17Chr5g0431501	MtrunA17Chr5g0431501	MtCYP83G1v1b	Cytochrome P450 monooxygenase	medtr.A17.gnm5.MtrunA17Chr5	-	32344821	32346891	1.06070576409557	0.999999979788073	NS	3.94448829030144	7.29871894647424e-06	UP
UP	dnf2_only	medtr.A17.gnm5.ann1_6.MtrunA17Chr6g0449521	MtrunA17Chr6g0449521			medtr.A17.gnm5.MtrunA17Chr6	+	493534	498577	0.465397516309461	0.999999979788073	NS	3.93356168744775	0.000639137435749102	UP
UP	dnf2_only	medtr.A17.gnm5.ann1_6.MtrunA17Chr1g0167761	MtrunA17Chr1g0167761	MtPT2	phosphate transporter	medtr.A17.gnm5.MtrunA17Chr1	+	16627043	16631223	1.18362425723661	0.999999979788073	NS	3.91314577257714	0.00114563075810766	UP
UP	dnf2_only	medtr.A17.gnm5.ann1_6.MtrunA17Chr8g0344091	MtrunA17Chr8g0344091			medtr.A17.gnm5.MtrunA17Chr8	+	7297833	7298779	0.548052322721197	0.999999979788073	NS	3.89284637649691	0.0436078962978436	UP
UP	dnf2_only	medtr.A17.gnm5.ann1_6.MtrunA17Chr7g0251061	MtrunA17Chr7g0251061			medtr.A17.gnm5.MtrunA17Chr7	-	38367740	38370621	2.37893555682852	0.337500738855741	NS	3.89280765048933	0.00196792195705707	UP
UP	dnf2_only	medtr.A17.gnm5.ann1_6.MtrunA17Chr2g0290831	MtrunA17Chr2g0290831			medtr.A17.gnm5.MtrunA17Chr2	-	10173717	10174580	0.417847133600388	0.999999979788073	NS	3.88545565274814	0.00314302882195584	UP
UP	dnf2_only	medtr.A17.gnm5.ann1_6.MtrunA17Chr2g0309861	MtrunA17Chr2g0309861			medtr.A17.gnm5.MtrunA17Chr2	-	32637570	32640195	0.0427168606597233	0.999999979788073	NS	3.87758861150586	0.0270333169672465	UP
UP	dnf2_only	medtr.A17.gnm5.ann1_6.MtrunA17Chr2g0280741	MtrunA17Chr2g0280741			medtr.A17.gnm5.MtrunA17Chr2	+	2702698	2705024	-0.251611781557046	0.999999979788073	NS	3.87428204459169	7.01035857361146e-05	UP
UP	dnf2_only	medtr.A17.gnm5.ann1_6.MtrunA17Chr3g0078521	MtrunA17Chr3g0078521			medtr.A17.gnm5.MtrunA17Chr3	+	1096401	1101566	2.96089230326685	0.534593427708174	NS	3.85777985180971	0.0472283665529394	UP
UP	dnf2_only	medtr.A17.gnm5.ann1_6.MtrunA17Chr4g0018281	MtrunA17Chr4g0018281			medtr.A17.gnm5.MtrunA17Chr4	-	13487679	13488562	1.76151556319294	0.999999979788073	NS	3.8557071369675	0.0261458986434257	UP
UP	dnf2_only	medtr.A17.gnm5.ann1_6.MtrunA17Chr6g0462291	MtrunA17Chr6g0462291			medtr.A17.gnm5.MtrunA17Chr6	-	11325589	11326510	2.70863935869727	0.510551584081125	NS	3.8553999645437	0.0225077991545813	UP
UP	dnf2_only	medtr.A17.gnm5.ann1_6.MtrunA17Chr1g0181421	MtrunA17Chr1g0181421			medtr.A17.gnm5.MtrunA17Chr1	+	32486809	32488098	0.876076121875888	0.999999979788073	NS	3.84570427616707	0.016880434151515	UP
UP	dnf2_only	medtr.A17.gnm5.ann1_6.MtrunA17Chr5g0396771	MtrunA17Chr5g0396771			medtr.A17.gnm5.MtrunA17Chr5	-	2278567	2280279	1.46437887332463	0.999999979788073	NS	3.84141435912263	0.00792626274131509	UP
UP	dnf2_only	medtr.A17.gnm5.ann1_6.MtrunA17Chr4g0008691	MtrunA17Chr4g0008691			medtr.A17.gnm5.MtrunA17Chr4	+	6653230	6654144	-0.0313081093527807	0.999999979788073	NS	3.83741983688287	0.000254980763709726	UP
UP	dnf2_only	medtr.A17.gnm5.ann1_6.MtrunA17Chr7g0223501	MtrunA17Chr7g0223501			medtr.A17.gnm5.MtrunA17Chr7	+	8743747	8745154	2.19131519887096	0.330745022195014	NS	3.83591062462642	0.00157813018176631	UP
UP	dnf2_only	medtr.A17.gnm5.ann1_6.MtrunA17Chr4g0041481	MtrunA17Chr4g0041481	MtCP8	cystein protease 8	medtr.A17.gnm5.MtrunA17Chr4	-	39141087	39143010	0.443408233445112	0.999999979788073	NS	3.82718863497973	0.0300467351238304	UP
UP	dnf2_only	medtr.A17.gnm5.ann1_6.MtrunA17Chr4g0055561	MtrunA17Chr4g0055561			medtr.A17.gnm5.MtrunA17Chr4	+	49175456	49177088	-2.66090085908714	0.999999979788073	NS	3.78465046509247	0.0226948960503345	UP
UP	dnf2_only	medtr.A17.gnm5.ann1_6.MtrunA17Chr3g0101621	MtrunA17Chr3g0101621	MtCYP71D74	Cytochrome P450 monooxygenase	medtr.A17.gnm5.MtrunA17Chr3	-	26107365	26109881	1.9159342170512	0.999999979788073	NS	3.77913681987579	0.00974039408106103	UP
UP	dnf2_only	medtr.A17.gnm5.ann1_6.MtrunA17Chr2g0314721	MtrunA17Chr2g0314721	MtCYP76X16	Cytochrome P450 monooxygenase	medtr.A17.gnm5.MtrunA17Chr2	+	37123408	37125964	-4.29213975623584	0.612518586365163	NS	3.776901338383	0.00402456175880996	UP
UP	dnf2_only	medtr.A17.gnm5.ann1_6.MtrunA17Chr6g0477281	MtrunA17Chr6g0477281	MtKunitz44	Kunitz-P Trypsin Inhibitor	medtr.A17.gnm5.MtrunA17Chr6	-	32063763	32064606	3.99441021341819	0.0584155529162225	NS	3.7533686609003	0.0287106944881922	UP
UP	dnf2_only	medtr.A17.gnm5.ann1_6.MtrunA17Chr6g0451351	MtrunA17Chr6g0451351			medtr.A17.gnm5.MtrunA17Chr6	+	1922513	1924792	0.489889694238199	0.999999979788073	NS	3.7453266255465	0.00465614013199544	UP
UP	dnf2_only	medtr.A17.gnm5.ann1_6.MtrunA17Chr3g0116191	MtrunA17Chr3g0116191			medtr.A17.gnm5.MtrunA17Chr3	+	37477748	37481855	0.25479201972977	0.999999979788073	NS	3.74451171277709	3.83519626566451e-05	UP
UP	dnf2_only	medtr.A17.gnm5.ann1_6.MtrunA17Chr8g0362641	MtrunA17Chr8g0362641			medtr.A17.gnm5.MtrunA17Chr8	+	27169845	27174565	0.535119321536	0.999999979788073	NS	3.73499778584032	0.00853088230485929	UP
UP	dnf2_only	medtr.A17.gnm5.ann1_6.MtrunA17Chr5g0448361	MtrunA17Chr5g0448361	MtPAL1	phenylalanine ammonia lyase 1	medtr.A17.gnm5.MtrunA17Chr5	+	44407138	44410340	1.09043826579808	0.999999979788073	NS	3.72676409500472	2.02836867596289e-06	UP
UP	dnf2_only	medtr.A17.gnm5.ann1_6.MtrunA17Chr3g0078971	MtrunA17Chr3g0078971	MtSTP3_1|MtSTP3.1	Sugar transport protein  (Hexose carrier protein HEX6)	medtr.A17.gnm5.MtrunA17Chr3	+	1397593	1401950	1.99444062550609	0.477270791120303	NS	3.72602767752647	0.000785601750235086	UP
UP	dnf2_only	medtr.A17.gnm5.ann1_6.MtrunA17Chr2g0283231	MtrunA17Chr2g0283231			medtr.A17.gnm5.MtrunA17Chr2	-	4505073	4508715	1.17161512964467	0.999999979788073	NS	3.72569472383678	0.0313747782418362	UP
UP	dnf2_only	medtr.A17.gnm5.ann1_6.MtrunA17Chr2g0298031	MtrunA17Chr2g0298031	MtAHA5	(Plasma membrane proton pump, TC121827)	medtr.A17.gnm5.MtrunA17Chr2	+	15994204	16002157	-1.33050265261162	0.999999979788073	NS	3.72531722270142	0.00544673215666974	UP
UP	dnf2_only	medtr.A17.gnm5.ann1_6.MtrunA17Chr4g0054281	MtrunA17Chr4g0054281			medtr.A17.gnm5.MtrunA17Chr4	+	48068493	48069376	0.624260348784322	0.999999979788073	NS	3.71632871797886	0.00219589638116963	UP
UP	dnf2_only	medtr.A17.gnm5.ann1_6.MtrunA17Chr5g0395591	MtrunA17Chr5g0395591	MtCHS-5	Chalcone synthase 4	medtr.A17.gnm5.MtrunA17Chr5	+	1518069	1520040	0.550954222168086	0.999999979788073	NS	3.7155291605005	0.00022223966372404	UP
UP	dnf2_only	medtr.A17.gnm5.ann1_6.MtrunA17Chr5g0405671	MtrunA17Chr5g0405671			medtr.A17.gnm5.MtrunA17Chr5	-	8857586	8858738	0.586504311244956	0.999999979788073	NS	3.71474067761367	0.00742294914655336	UP
UP	dnf2_only	medtr.A17.gnm5.ann1_6.MtrunA17Chr1g0177301	MtrunA17Chr1g0177301	MtPUB5	Plant U-box protein 5	medtr.A17.gnm5.MtrunA17Chr1	-	28824449	28825834	-4.08143734147617	0.37946995046688	NS	3.70353626235576	0.000414155761291515	UP
UP	dnf2_only	medtr.A17.gnm5.ann1_6.MtrunA17Chr2g0298041	MtrunA17Chr2g0298041			medtr.A17.gnm5.MtrunA17Chr2	-	16001380	16002059	-0.5038033205446	0.999999979788073	NS	3.68870654871008	0.021708416531723	UP
UP	dnf2_only	medtr.A17.gnm5.ann1_6.MtrunA17Chr7g0251551	MtrunA17Chr7g0251551			medtr.A17.gnm5.MtrunA17Chr7	-	38705144	38706046	1.3325934891555	0.999999979788073	NS	3.68737116916543	0.00360628389643155	UP
UP	dnf2_only	medtr.A17.gnm5.ann1_6.MtrunA17Chr3g0095191	MtrunA17Chr3g0095191			medtr.A17.gnm5.MtrunA17Chr3	-	18517399	18518937	1.21573059100538	0.999999979788073	NS	3.68608477130071	0.000484712820659022	UP
UP	dnf2_only	medtr.A17.gnm5.ann1_6.MtrunA17Chr4g0067951	MtrunA17Chr4g0067951	MtPR10-5	Pathogenesis-related protein 10 (TC123318, PR10.2 group)	medtr.A17.gnm5.MtrunA17Chr4	-	58201230	58202262	2.80748795107303	0.169986495708819	NS	3.68308135005104	0.0121309230801753	UP
UP	dnf2_only	medtr.A17.gnm5.ann1_6.MtrunA17Chr1g0151801	MtrunA17Chr1g0151801	MtVPE	Chitinase, vacuole processing enzyme	medtr.A17.gnm5.MtrunA17Chr1	+	4553512	4559151	0.512874314548745	0.999999979788073	NS	3.66928014737239	0.000281376577888909	UP
UP	dnf2_only	medtr.A17.gnm5.ann1_6.MtrunA17Chr5g0424211	MtrunA17Chr5g0424211			medtr.A17.gnm5.MtrunA17Chr5	+	26144019	26149762	2.9566034407647	0.0694469969421685	NS	3.66808389584556	0.00212123831104371	UP
UP	dnf2_only	medtr.A17.gnm5.ann1_6.MtrunA17Chr8g0360241	MtrunA17Chr8g0360241			medtr.A17.gnm5.MtrunA17Chr8	-	24276834	24280652	-0.332037033671156	0.999999979788073	NS	3.65114255215688	0.000258975270673025	UP
UP	dnf2_only	medtr.A17.gnm5.ann1_6.MtrunA17Chr5g0421001	MtrunA17Chr5g0421001			medtr.A17.gnm5.MtrunA17Chr5	-	21650712	21652922	1.63566601162779	0.262325828985061	NS	3.6431859968918	2.54931266385734e-05	UP
UP	dnf2_only	medtr.A17.gnm5.ann1_6.MtrunA17Chr7g0220441	MtrunA17Chr7g0220441			medtr.A17.gnm5.MtrunA17Chr7	+	5814382	5814795	-3.16813789457201	0.999999979788073	NS	3.63732282576158	0.0224435760296609	UP
UP	dnf2_only	medtr.A17.gnm5.ann1_6.MtrunA17Chr3g0142351	MtrunA17Chr3g0142351			medtr.A17.gnm5.MtrunA17Chr3	+	56330831	56333359	-0.0967641507881557	0.999999979788073	NS	3.63709540463841	0.0103567656102106	UP
UP	dnf2_only	medtr.A17.gnm5.ann1_6.MtrunA17Chr7g0261411	MtrunA17Chr7g0261411			medtr.A17.gnm5.MtrunA17Chr7	-	45883065	45888002	-0.584075547695584	0.999999979788073	NS	3.63273152178543	0.00471675224393996	UP
UP	dnf2_only	medtr.A17.gnm5.ann1_6.MtrunA17Chr1g0166591	MtrunA17Chr1g0166591			medtr.A17.gnm5.MtrunA17Chr1	+	15955765	15956750	2.30352645503429	0.403020842010053	NS	3.62787958578978	0.00334041945352754	UP
UP	dnf2_only	medtr.A17.gnm5.ann1_6.MtrunA17Chr5g0431891	MtrunA17Chr5g0431891			medtr.A17.gnm5.MtrunA17Chr5	+	32671563	32672575	-0.333633151783094	0.999999979788073	NS	3.62449149742083	0.00197841543271598	UP
UP	dnf2_only	medtr.A17.gnm5.ann1_6.MtrunA17Chr1g0187221	MtrunA17Chr1g0187221	MtSubIn5	Subtilisin inhibitor	medtr.A17.gnm5.MtrunA17Chr1	+	37320598	37321864	1.74835801429783	0.999999979788073	NS	3.62013990177218	0.0192659355053414	UP
UP	dnf2_only	medtr.A17.gnm5.ann1_6.MtrunA17Chr7g0243151	MtrunA17Chr7g0243151			medtr.A17.gnm5.MtrunA17Chr7	+	32489176	32491228	-0.850368998948493	0.999999979788073	NS	3.61818165792968	0.00258864706207077	UP
UP	dnf2_only	medtr.A17.gnm5.ann1_6.MtrunA17Chr4g0046631	MtrunA17Chr4g0046631	MtCYP82D94	Cytochrome P450 monooxygenase	medtr.A17.gnm5.MtrunA17Chr4	+	42962651	42970663	2.26510228519096	0.0851009637973596	NS	3.58239874340199	0.00018552241373278	UP
UP	dnf2_only	medtr.A17.gnm5.ann1_6.MtrunA17Chr7g0231021	MtrunA17Chr7g0231021			medtr.A17.gnm5.MtrunA17Chr7	+	20567526	20569314	-0.773320736189039	0.999999979788073	NS	3.58104762402565	0.000386821678485845	UP
UP	dnf2_only	medtr.A17.gnm5.ann1_6.MtrunA17Chr5g0405001	MtrunA17Chr5g0405001	MtCYP84A17	Cytochrome P450 monooxygenase	medtr.A17.gnm5.MtrunA17Chr5	+	8279144	8282648	-0.290774381419239	0.999999979788073	NS	3.56779492245072	0.000125967966679609	UP
UP	dnf2_only	medtr.A17.gnm5.ann1_6.MtrunA17Chr7g0250571	MtrunA17Chr7g0250571			medtr.A17.gnm5.MtrunA17Chr7	-	38052808	38054180	1.24097106034674	0.999999979788073	NS	3.565629442861	0.00187732144440465	UP
UP	dnf2_only	medtr.A17.gnm5.ann1_6.MtrunA17Chr6g0477491	MtrunA17Chr6g0477491			medtr.A17.gnm5.MtrunA17Chr6	-	32289743	32292614	0.828878744431248	0.999999979788073	NS	3.56377835718145	0.00472414227290976	UP
UP	dnf2_only	medtr.A17.gnm5.ann1_6.MtrunA17Chr3g0125201	MtrunA17Chr3g0125201			medtr.A17.gnm5.MtrunA17Chr3	+	43743662	43745761	-1.27659559900571	0.999999979788073	NS	3.55471065604433	0.000302460829634713	UP
UP	dnf2_only	medtr.A17.gnm5.ann1_6.MtrunA17Chr7g0250081	MtrunA17Chr7g0250081			medtr.A17.gnm5.MtrunA17Chr7	+	37666856	37670049	-0.394630625029952	0.999999979788073	NS	3.55102396219772	0.0449467683924834	UP
UP	dnf2_only	medtr.A17.gnm5.ann1_6.MtrunA17Chr1g0175561	MtrunA17Chr1g0175561	MtRIP4	peroxidase	medtr.A17.gnm5.MtrunA17Chr1	+	26955065	26957398	-0.730270371952239	0.999999979788073	NS	3.54998057481363	0.0014650464137776	UP
UP	dnf2_only	medtr.A17.gnm5.ann1_6.MtrunA17Chr5g0435311	MtrunA17Chr5g0435311			medtr.A17.gnm5.MtrunA17Chr5	-	35403877	35405510	2.06495871607907	0.297827943828417	NS	3.54923388383141	0.00198871801280906	UP
UP	dnf2_only	medtr.A17.gnm5.ann1_6.MtrunA17Chr5g0420811	MtrunA17Chr5g0420811			medtr.A17.gnm5.MtrunA17Chr5	-	21328489	21331368	-1.58815508391958	0.8768890765499	NS	3.54868662729822	0.000212257587170468	UP
UP	dnf2_only	medtr.A17.gnm5.ann1_6.MtrunA17Chr3g0079461	MtrunA17Chr3g0079461			medtr.A17.gnm5.MtrunA17Chr3	-	1803060	1809871	0.22588302480199	0.999999979788073	NS	3.5351422922199	0.000644524994838851	UP
UP	dnf2_only	medtr.A17.gnm5.ann1_6.MtrunA17Chr7g0259351	MtrunA17Chr7g0259351			medtr.A17.gnm5.MtrunA17Chr7	-	44376507	44377471	1.91623337750217	0.726802725997943	NS	3.52556795956895	0.0058639176698019	UP
UP	dnf2_only	medtr.A17.gnm5.ann1_6.MtrunA17Chr3g0091531	MtrunA17Chr3g0091531			medtr.A17.gnm5.MtrunA17Chr3	-	12845675	12847525	1.35601664220193	0.999999979788073	NS	3.51828040838408	0.00718951684891147	UP
UP	dnf2_only	medtr.A17.gnm5.ann1_6.MtrunA17Chr2g0319981	MtrunA17Chr2g0319981			medtr.A17.gnm5.MtrunA17Chr2	-	41327326	41331606	1.11177821291642	0.999999979788073	NS	3.49893393789179	0.000375579184200618	UP
UP	dnf2_only	medtr.A17.gnm5.ann1_6.MtrunA17Chr6g0449961	MtrunA17Chr6g0449961			medtr.A17.gnm5.MtrunA17Chr6	+	879127	883265	-1.92249994663711	0.536427930102964	NS	3.49826129315267	0.000250524603049591	UP
UP	dnf2_only	medtr.A17.gnm5.ann1_6.MtrunA17Chr6g0451421	MtrunA17Chr6g0451421			medtr.A17.gnm5.MtrunA17Chr6	+	1973448	1977423	0.0386452407899549	0.999999979788073	NS	3.49406131020648	0.0106247523402029	UP
UP	dnf2_only	medtr.A17.gnm5.ann1_6.MtrunA17Chr6g0461981	MtrunA17Chr6g0461981			medtr.A17.gnm5.MtrunA17Chr6	+	11105699	11108837	2.2651632232211	0.298069710730945	NS	3.49203048755538	0.00461838949473831	UP
UP	dnf2_only	medtr.A17.gnm5.ann1_6.MtrunA17Chr3g0121141	MtrunA17Chr3g0121141			medtr.A17.gnm5.MtrunA17Chr3	+	41085662	41087649	1.3554661801931	0.509896968985315	NS	3.47839491937949	5.75470532254711e-06	UP
UP	dnf2_only	medtr.A17.gnm5.ann1_6.MtrunA17Chr3g0120541	MtrunA17Chr3g0120541			medtr.A17.gnm5.MtrunA17Chr3	-	40587849	40589467	-1.38403988051267	0.988288293662471	NS	3.47513101131895	0.000234600943687774	UP
UP	dnf2_only	medtr.A17.gnm5.ann1_6.MtrunA17Chr4g0049241	MtrunA17Chr4g0049241			medtr.A17.gnm5.MtrunA17Chr4	+	44635752	44639264	0.300859192505192	0.999999979788073	NS	3.45775888286738	6.75732264013787e-06	UP
UP	dnf2_only	medtr.A17.gnm5.ann1_6.MtrunA17Chr3g0129061	MtrunA17Chr3g0129061			medtr.A17.gnm5.MtrunA17Chr3	+	46656032	46657836	2.4064486771824	0.386962900375025	NS	3.45401068000778	0.00960227317791633	UP
UP	dnf2_only	medtr.A17.gnm5.ann1_6.MtrunA17Chr8g0355851	MtrunA17Chr8g0355851			medtr.A17.gnm5.MtrunA17Chr8	+	17416984	17417523	-3.23425242909403	0.326996846567173	NS	3.4471994090105	0.00134004493007276	UP
UP	dnf2_only	medtr.A17.gnm5.ann1_6.MtrunA17Chr4g0042141	MtrunA17Chr4g0042141			medtr.A17.gnm5.MtrunA17Chr4	-	39570750	39572693	2.33921742258144	0.0852291686082017	NS	3.43709177111126	0.000332225902592657	UP
UP	dnf2_only	medtr.A17.gnm5.ann1_6.MtrunA17Chr3g0131391	MtrunA17Chr3g0131391			medtr.A17.gnm5.MtrunA17Chr3	-	48352527	48353092	1.4943908098369	0.999999979788073	NS	3.42578237897722	0.00708537942824971	UP
UP	dnf2_only	medtr.A17.gnm5.ann1_6.MtrunA17Chr3g0131381	MtrunA17Chr3g0131381	MtRbohC	RESPIRATORY BURST OXIDASE HOMOLOG C	medtr.A17.gnm5.MtrunA17Chr3	+	48342397	48347667	-0.574450459388119	0.999999979788073	NS	3.42497977869127	0.00010629093718628	UP
UP	dnf2_only	medtr.A17.gnm5.ann1_6.MtrunA17Chr5g0436371	MtrunA17Chr5g0436371			medtr.A17.gnm5.MtrunA17Chr5	-	36224925	36228396	0.923974335835581	0.999999979788073	NS	3.42133219018846	0.000119505138114396	UP
UP	dnf2_only	medtr.A17.gnm5.ann1_6.MtrunA17Chr2g0283561	MtrunA17Chr2g0283561			medtr.A17.gnm5.MtrunA17Chr2	-	4693055	4696264	-0.186884283136391	0.999999979788073	NS	3.42124700373375	0.00876969172480878	UP
UP	dnf2_only	medtr.A17.gnm5.ann1_6.MtrunA17Chr3g0136961	MtrunA17Chr3g0136961			medtr.A17.gnm5.MtrunA17Chr3	-	52375686	52379847	0.58965186641825	0.999999979788073	NS	3.41803754141942	0.00150188705891306	UP
UP	dnf2_only	medtr.A17.gnm5.ann1_6.MtrunA17Chr7g0219781	MtrunA17Chr7g0219781			medtr.A17.gnm5.MtrunA17Chr7	-	5107137	5110146	-0.225762213162595	0.999999979788073	NS	3.41577264164559	0.0211949415889277	UP
UP	dnf2_only	medtr.A17.gnm5.ann1_6.MtrunA17Chr5g0420981	MtrunA17Chr5g0420981			medtr.A17.gnm5.MtrunA17Chr5	+	21609561	21613773	0.862430906781495	0.999999979788073	NS	3.40022987019142	0.000576461423357535	UP
UP	dnf2_only	medtr.A17.gnm5.ann1_6.MtrunA17Chr4g0018371	MtrunA17Chr4g0018371			medtr.A17.gnm5.MtrunA17Chr4	-	13571483	13573680	-2.73195555019531	0.999999979788073	NS	3.39385077702925	0.0122603311545663	UP
UP	dnf2_only	medtr.A17.gnm5.ann1_6.MtrunA17Chr6g0487371	MtrunA17Chr6g0487371			medtr.A17.gnm5.MtrunA17Chr6	+	41663533	41668254	0.588458528572978	0.999999979788073	NS	3.38029440301466	0.00330085662923851	UP
UP	dnf2_only	medtr.A17.gnm5.ann1_6.MtrunA17Chr5g0436191	MtrunA17Chr5g0436191			medtr.A17.gnm5.MtrunA17Chr5	-	36121281	36124852	1.4457853594977	0.919712229127371	NS	3.37736821049191	0.00173263822914058	UP
UP	dnf2_only	medtr.A17.gnm5.ann1_6.MtrunA17Chr1g0159971	MtrunA17Chr1g0159971			medtr.A17.gnm5.MtrunA17Chr1	+	10557331	10561462	-1.773800991663	0.999999979788073	NS	3.37293888348107	0.00640996313957011	UP
UP	dnf2_only	medtr.A17.gnm5.ann1_6.MtrunA17Chr8g0387711	MtrunA17Chr8g0387711			medtr.A17.gnm5.MtrunA17Chr8	-	45811075	45811888	1.27335567532687	0.999999979788073	NS	3.36986763216622	0.000522776872061505	UP
UP	dnf2_only	medtr.A17.gnm5.ann1_6.MtrunA17Chr6g0453481	MtrunA17Chr6g0453481			medtr.A17.gnm5.MtrunA17Chr6	+	3874075	3880770	0.795046734886586	0.999999979788073	NS	3.36718675086847	0.00242384895983282	UP
UP	dnf2_only	medtr.A17.gnm5.ann1_6.MtrunA17Chr7g0265881	MtrunA17Chr7g0265881			medtr.A17.gnm5.MtrunA17Chr7	-	49032546	49033405	-2.34763900434445	0.864073204952293	NS	3.36545790516769	0.00145252649350573	UP
UP	dnf2_only	medtr.A17.gnm5.ann1_6.MtrunA17Chr5g0431461	MtrunA17Chr5g0431461			medtr.A17.gnm5.MtrunA17Chr5	-	32326712	32333423	1.10507032264548	0.999999979788073	NS	3.35758890650854	0.00035114500343776	UP
UP	dnf2_only	medtr.A17.gnm5.ann1_6.MtrunA17Chr5g0421011	MtrunA17Chr5g0421011			medtr.A17.gnm5.MtrunA17Chr5	+	21651457	21655202	1.65393962825787	0.0619309754242874	NS	3.35315372274855	1.5922336668768e-06	UP
UP	dnf2_only	medtr.A17.gnm5.ann1_6.MtrunA17Chr7g0273481	MtrunA17Chr7g0273481			medtr.A17.gnm5.MtrunA17Chr7	-	54105976	54113824	2.11513509600837	0.293682184207961	NS	3.35190390627241	0.00125209262131175	UP
UP	dnf2_only	medtr.A17.gnm5.ann1_6.MtrunA17Chr3g0136711	MtrunA17Chr3g0136711			medtr.A17.gnm5.MtrunA17Chr3	-	52220165	52224002	1.3479469063574	0.999999979788073	NS	3.34766295475577	0.00371239333785325	UP
UP	dnf2_only	medtr.A17.gnm5.ann1_6.MtrunA17Chr5g0412721	MtrunA17Chr5g0412721			medtr.A17.gnm5.MtrunA17Chr5	-	14147091	14153450	-1.78054027470838	0.999999979788073	NS	3.33869056294282	0.00254217732411933	UP
UP	dnf2_only	medtr.A17.gnm5.ann1_6.MtrunA17Chr3g0094461	MtrunA17Chr3g0094461			medtr.A17.gnm5.MtrunA17Chr3	+	17250181	17251110	0.993940029279305	0.999999979788073	NS	3.33179105828914	0.00624726472096118	UP
UP	dnf2_only	medtr.A17.gnm5.ann1_6.MtrunA17Chr5g0397831	MtrunA17Chr5g0397831			medtr.A17.gnm5.MtrunA17Chr5	-	2907079	2908300	2.26024648937392	0.0851825875977936	NS	3.33131537761698	0.000961061744425764	UP
UP	dnf2_only	medtr.A17.gnm5.ann1_6.MtrunA17Chr4g0062601	MtrunA17Chr4g0062601			medtr.A17.gnm5.MtrunA17Chr4	-	54337756	54339305	-0.610104372860075	0.999999979788073	NS	3.32654749009407	0.000252758460439201	UP
UP	dnf2_only	medtr.A17.gnm5.ann1_6.MtrunA17Chr1g0193861	MtrunA17Chr1g0193861			medtr.A17.gnm5.MtrunA17Chr1	+	42208238	42209650	2.56165160891573	0.161309043677796	NS	3.32068560362418	0.00499292588868603	UP
UP	dnf2_only	medtr.A17.gnm5.ann1_6.MtrunA17Chr2g0295091	MtrunA17Chr2g0295091			medtr.A17.gnm5.MtrunA17Chr2	+	13601942	13603470	-0.949795922168794	0.999999979788073	NS	3.31569213261977	1.9699914741373e-05	UP
UP	dnf2_only	medtr.A17.gnm5.ann1_6.MtrunA17Chr8g0337781	MtrunA17Chr8g0337781	MtPDF46	Plant Defensin	medtr.A17.gnm5.MtrunA17Chr8	+	2518882	2519640	-0.0245250821602363	0.999999979788073	NS	3.31071781829929	0.000169774894008837	UP
UP	dnf2_only	medtr.A17.gnm5.ann1_6.MtrunA17Chr7g0270221	MtrunA17Chr7g0270221			medtr.A17.gnm5.MtrunA17Chr7	-	52009885	52015689	-0.25104191941106	0.999999979788073	NS	3.30970949532318	0.00460997187767523	UP
UP	dnf2_only	medtr.A17.gnm5.ann1_6.MtrunA17Chr5g0417341	MtrunA17Chr5g0417341			medtr.A17.gnm5.MtrunA17Chr5	+	17930362	17932333	1.67358045815385	0.455744316604686	NS	3.29941885903618	0.00132471801620866	UP
UP	dnf2_only	medtr.A17.gnm5.ann1_6.MtrunA17Chr1g0178831	MtrunA17Chr1g0178831			medtr.A17.gnm5.MtrunA17Chr1	+	30224069	30226354	0.0486595890535055	0.999999979788073	NS	3.28241227748737	0.0213276212146404	UP
UP	dnf2_only	medtr.A17.gnm5.ann1_6.MtrunA17Chr3g0115741	MtrunA17Chr3g0115741			medtr.A17.gnm5.MtrunA17Chr3	+	37094660	37097605	0.970311649163046	0.999999979788073	NS	3.27855225022305	0.000989053194777099	UP
UP	dnf2_only	medtr.A17.gnm5.ann1_6.MtrunA17Chr4g0039901	MtrunA17Chr4g0039901	MtCYP76F72	Cytochrome P450 monooxygenase	medtr.A17.gnm5.MtrunA17Chr4	-	37948531	37952216	0.0233954870265422	0.999999979788073	NS	3.27155939182838	0.000640855317575738	UP
UP	dnf2_only	medtr.A17.gnm5.ann1_6.MtrunA17Chr7g0243931	MtrunA17Chr7g0243931			medtr.A17.gnm5.MtrunA17Chr7	-	33044799	33046463	-0.710411361558458	0.999999979788073	NS	3.26668769185802	0.00886805070555997	UP
UP	dnf2_only	medtr.A17.gnm5.ann1_6.MtrunA17Chr8g0347101	MtrunA17Chr8g0347101			medtr.A17.gnm5.MtrunA17Chr8	+	10084109	10088250	3.05821177523168	0.11268906522546	NS	3.25478603104931	0.0216599380899806	UP
UP	dnf2_only	medtr.A17.gnm5.ann1_6.MtrunA17Chr7g0266151	MtrunA17Chr7g0266151		Purple acid phosphatase (early senescence marker gene in A17 nodules)	medtr.A17.gnm5.MtrunA17Chr7	+	49311643	49315268	-0.288621063049695	0.999999979788073	NS	3.25105032158257	0.0292639764766443	UP
UP	dnf2_only	medtr.A17.gnm5.ann1_6.MtrunA17Chr1g0150281	MtrunA17Chr1g0150281	MtSPX	SPX domain-containing protein	medtr.A17.gnm5.MtrunA17Chr1	-	3328747	3330725	-2.02349817487915	0.611551925210095	NS	3.24742830507609	0.000634109279169072	UP
UP	dnf2_only	medtr.A17.gnm5.ann1_6.MtrunA17Chr2g0314921	MtrunA17Chr2g0314921			medtr.A17.gnm5.MtrunA17Chr2	+	37273707	37274275	2.53864492134053	0.477593641748331	NS	3.24555027749035	0.0456975531731784	UP
UP	dnf2_only	medtr.A17.gnm5.ann1_6.MtrunA17Chr2g0280381	MtrunA17Chr2g0280381			medtr.A17.gnm5.MtrunA17Chr2	-	2500742	2502635	2.42659945440832	0.542468430590703	NS	3.24315424494621	0.0434161987887135	UP
UP	dnf2_only	medtr.A17.gnm5.ann1_6.MtrunA17Chr3g0093961	MtrunA17Chr3g0093961			medtr.A17.gnm5.MtrunA17Chr3	+	16227988	16228284	1.65782902780999	0.999999979788073	NS	3.2418935890964	0.0204422709469413	UP
UP	dnf2_only	medtr.A17.gnm5.ann1_6.MtrunA17Chr8g0365441	MtrunA17Chr8g0365441			medtr.A17.gnm5.MtrunA17Chr8	-	29622699	29631289	0.416904226483336	0.999999979788073	NS	3.23842482914464	0.000555025185121837	UP
UP	dnf2_only	medtr.A17.gnm5.ann1_6.MtrunA17Chr2g0305681	MtrunA17Chr2g0305681			medtr.A17.gnm5.MtrunA17Chr2	-	25728234	25728547	-4.08146155851839	0.581150399362099	NS	3.23786511623452	0.0088295309245538	UP
UP	dnf2_only	medtr.A17.gnm5.ann1_6.MtrunA17Chr8g0355841	MtrunA17Chr8g0355841			medtr.A17.gnm5.MtrunA17Chr8	-	17416274	17419961	-2.95392265257411	0.24352163804318	NS	3.22512615131555	0.00421481498566591	UP
UP	dnf2_only	medtr.A17.gnm5.ann1_6.MtrunA17Chr3g0101721	MtrunA17Chr3g0101721	MtCYP71D422	Cytochrome P450 monooxygenase	medtr.A17.gnm5.MtrunA17Chr3	-	26243812	26246172	-1.55074974587137	0.982393010983866	NS	3.21928478475219	0.000543383563613344	UP
UP	dnf2_only	medtr.A17.gnm5.ann1_6.MtrunA17Chr2g0331721	MtrunA17Chr2g0331721			medtr.A17.gnm5.MtrunA17Chr2	+	49965385	49969996	-0.0138867503328686	0.999999979788073	NS	3.21581261379784	0.0150446076599108	UP
UP	dnf2_only	medtr.A17.gnm5.ann1_6.MtrunA17Chr4g0018971	MtrunA17Chr4g0018971			medtr.A17.gnm5.MtrunA17Chr4	-	14321421	14322096	-0.0456463504322081	0.999999979788073	NS	3.20806671310286	0.000447209018743354	UP
UP	dnf2_only	medtr.A17.gnm5.ann1_6.MtrunA17Chr4g0066221	MtrunA17Chr4g0066221			medtr.A17.gnm5.MtrunA17Chr4	-	57087355	57089403	2.05664711088648	0.187964574799114	NS	3.20308979016849	0.00107907593070699	UP
UP	dnf2_only	medtr.A17.gnm5.ann1_6.MtrunA17Chr1g0180121	MtrunA17Chr1g0180121	MtPR5	thaumatin-like protein (TC100682, SA-responsive)	medtr.A17.gnm5.MtrunA17Chr1	-	31322320	31324401	0.257351090736044	0.999999979788073	NS	3.20238329440454	0.00839993819612038	UP
UP	dnf2_only	medtr.A17.gnm5.ann1_6.MtrunA17Chr7g0223421	MtrunA17Chr7g0223421			medtr.A17.gnm5.MtrunA17Chr7	-	8683588	8685191	0.289016948921134	0.999999979788073	NS	3.18517485605918	0.022634998881914	UP
UP	dnf2_only	medtr.A17.gnm5.ann1_6.MtrunA17Chr1g0185231	MtrunA17Chr1g0185231	MtSULTR3.1	sulfate transporter	medtr.A17.gnm5.MtrunA17Chr1	+	35661833	35669187	-0.942299738318299	0.999999979788073	NS	3.18516978596009	0.000203495104368939	UP
UP	dnf2_only	medtr.A17.gnm5.ann1_6.MtrunA17Chr8g0370821	MtrunA17Chr8g0370821			medtr.A17.gnm5.MtrunA17Chr8	+	33895150	33898274	0.0481706975820974	0.999999979788073	NS	3.18479593448615	0.00230936822282135	UP
UP	dnf2_only	medtr.A17.gnm5.ann1_6.MtrunA17Chr2g0314801	MtrunA17Chr2g0314801			medtr.A17.gnm5.MtrunA17Chr2	-	37156736	37162309	1.02923742732856	0.999999979788073	NS	3.1812809096659	0.0334539606063677	UP
UP	dnf2_only	medtr.A17.gnm5.ann1_6.MtrunA17Chr2g0304301	MtrunA17Chr2g0304301			medtr.A17.gnm5.MtrunA17Chr2	-	22230221	22230613	0.485924507831854	0.999999979788073	NS	3.18003913437324	0.000164197735076158	UP
UP	dnf2_only	medtr.A17.gnm5.ann1_6.MtrunA17Chr6g0463491	MtrunA17Chr6g0463491			medtr.A17.gnm5.MtrunA17Chr6	+	12686119	12687948	0.399231675261679	0.999999979788073	NS	3.17645407016493	1.88177473854562e-05	UP
UP	dnf2_only	medtr.A17.gnm5.ann1_6.MtrunA17Chr2g0291671	MtrunA17Chr2g0291671			medtr.A17.gnm5.MtrunA17Chr2	-	10800073	10800753	-0.0715896040477122	0.999999979788073	NS	3.17526572503248	0.0174316084409161	UP
UP	dnf2_only	medtr.A17.gnm5.ann1_6.MtrunA17Chr6g0479081	MtrunA17Chr6g0479081			medtr.A17.gnm5.MtrunA17Chr6	-	33674942	33676005	0.0444446680735304	0.999999979788073	NS	3.17153569563551	0.0018130175713053	UP
UP	dnf2_only	medtr.A17.gnm5.ann1_6.MtrunA17Chr4g0001871	MtrunA17Chr4g0001871			medtr.A17.gnm5.MtrunA17Chr4	-	1343459	1344511	1.63065150573249	0.369894118403323	NS	3.16132652148427	0.000174906197152525	UP
UP	dnf2_only	medtr.A17.gnm5.ann1_6.MtrunA17Chr5g0432861	MtrunA17Chr5g0432861			medtr.A17.gnm5.MtrunA17Chr5	-	33472046	33474964	-0.0624899020595841	0.999999979788073	NS	3.15782191476885	0.000126361084568112	UP
UP	dnf2_only	medtr.A17.gnm5.ann1_6.MtrunA17Chr7g0239361	MtrunA17Chr7g0239361			medtr.A17.gnm5.MtrunA17Chr7	-	29388038	29390314	-0.0832358225408423	0.999999979788073	NS	3.1467051354329	0.00093750304942894	UP
UP	dnf2_only	medtr.A17.gnm5.ann1_6.MtrunA17Chr3g0119871	MtrunA17Chr3g0119871			medtr.A17.gnm5.MtrunA17Chr3	-	40067160	40073089	1.2882451305474	0.999999979788073	NS	3.14521051660533	0.00581540272306472	UP
UP	dnf2_only	medtr.A17.gnm5.ann1_6.MtrunA17Chr8g0374541	MtrunA17Chr8g0374541			medtr.A17.gnm5.MtrunA17Chr8	+	36478735	36485377	-0.288305444134807	0.999999979788073	NS	3.14407814767371	0.000256013882283118	UP
UP	dnf2_only	medtr.A17.gnm5.ann1_6.MtrunA17Chr5g0402611	MtrunA17Chr5g0402611			medtr.A17.gnm5.MtrunA17Chr5	+	6656856	6660643	0.0405291537164006	0.999999979788073	NS	3.1403451834685	0.00349452273667305	UP
UP	dnf2_only	medtr.A17.gnm5.ann1_6.MtrunA17Chr6g0462551	MtrunA17Chr6g0462551			medtr.A17.gnm5.MtrunA17Chr6	+	11577679	11579537	1.27838417187194	0.958208881479778	NS	3.13890365910114	0.00211412191963322	UP
UP	dnf2_only	medtr.A17.gnm5.ann1_6.MtrunA17Chr7g0260011	MtrunA17Chr7g0260011			medtr.A17.gnm5.MtrunA17Chr7	-	44923156	44926363	-0.232960446308519	0.999999979788073	NS	3.13315636803539	0.00103899693423737	UP
UP	dnf2_only	medtr.A17.gnm5.ann1_6.MtrunA17Chr7g0232411	MtrunA17Chr7g0232411			medtr.A17.gnm5.MtrunA17Chr7	-	22610781	22612429	2.4176221026359	0.053874280486835	NS	3.13288374781673	0.00154819383210695	UP
UP	dnf2_only	medtr.A17.gnm5.ann1_6.MtrunA17Chr7g0242461	MtrunA17Chr7g0242461			medtr.A17.gnm5.MtrunA17Chr7	-	31918875	31921754	0.657459562890978	0.999999979788073	NS	3.13234598084885	0.00651741142139216	UP
UP	dnf2_only	medtr.A17.gnm5.ann1_6.MtrunA17Chr3g0104061	MtrunA17Chr3g0104061			medtr.A17.gnm5.MtrunA17Chr3	+	28300480	28303794	0.23241486547951	0.999999979788073	NS	3.12853357295764	0.000529051340845594	UP
UP	dnf2_only	medtr.A17.gnm5.ann1_6.MtrunA17Chr4g0042051	MtrunA17Chr4g0042051			medtr.A17.gnm5.MtrunA17Chr4	-	39500162	39502735	1.20953718758715	0.95646918293156	NS	3.1254743016156	7.7232001291971e-05	UP
UP	dnf2_only	medtr.A17.gnm5.ann1_6.MtrunA17Chr7g0246221	MtrunA17Chr7g0246221	MtCYP76E22	Cytochrome P450 monooxygenase	medtr.A17.gnm5.MtrunA17Chr7	-	35029826	35033661	1.69597612860457	0.909940875359263	NS	3.12136081950031	0.0202558848814668	UP
UP	dnf2_only	medtr.A17.gnm5.ann1_6.MtrunA17Chr7g0218221	MtrunA17Chr7g0218221			medtr.A17.gnm5.MtrunA17Chr7	+	3595734	3596084	0.991907934287978	0.999999979788073	NS	3.11178317844202	0.0148480291427243	UP
UP	dnf2_only	medtr.A17.gnm5.ann1_6.MtrunA17Chr1g0193011	MtrunA17Chr1g0193011			medtr.A17.gnm5.MtrunA17Chr1	-	41542918	41544822	-0.104684022181335	0.999999979788073	NS	3.10829055154369	0.0101319733234401	UP
UP	dnf2_only	medtr.A17.gnm5.ann1_6.MtrunA17Chr1g0199551	MtrunA17Chr1g0199551	MtPAL2	phenylalanine ammonia lyase 2	medtr.A17.gnm5.MtrunA17Chr1	-	46259327	46266309	-1.19527212220843	0.945162787035054	NS	3.10809459859458	1.82303076203305e-05	UP
UP	dnf2_only	medtr.A17.gnm5.ann1_6.MtrunA17Chr4g0001861	MtrunA17Chr4g0001861			medtr.A17.gnm5.MtrunA17Chr4	+	1339187	1343768	1.29562455290009	0.628138707412544	NS	3.10478876896813	2.4831250264484e-05	UP
UP	dnf2_only	medtr.A17.gnm5.ann1_6.MtrunA17Chr5g0417011	MtrunA17Chr5g0417011			medtr.A17.gnm5.MtrunA17Chr5	+	17706529	17708128	1.76320738632172	0.214716910425888	NS	3.10373700500475	0.000153130034613248	UP
UP	dnf2_only	medtr.A17.gnm5.ann1_6.MtrunA17Chr8g0335631	MtrunA17Chr8g0335631			medtr.A17.gnm5.MtrunA17Chr8	-	1137601	1142309	-0.00239002260430845	0.999999979788073	NS	3.08567222687027	0.00036933854829069	UP
UP	dnf2_only	medtr.A17.gnm5.ann1_6.MtrunA17Chr8g0349721	MtrunA17Chr8g0349721			medtr.A17.gnm5.MtrunA17Chr8	-	11999113	12002463	1.29416498571336	0.999999979788073	NS	3.08405208063051	0.0418503033964869	UP
UP	dnf2_only	medtr.A17.gnm5.ann1_6.MtrunA17Chr1g0177591	MtrunA17Chr1g0177591			medtr.A17.gnm5.MtrunA17Chr1	+	29156866	29161838	-1.5978043348481	0.999999979788073	NS	3.08252685454042	0.0223455952404712	UP
UP	dnf2_only	medtr.A17.gnm5.ann1_6.MtrunA17Chr4g0028931	MtrunA17Chr4g0028931			medtr.A17.gnm5.MtrunA17Chr4	+	29907447	29910552	1.79501201140473	0.930223006369041	NS	3.07854517536319	0.0323927834743071	UP
UP	dnf2_only	medtr.A17.gnm5.ann1_6.MtrunA17Chr1g0202891	MtrunA17Chr1g0202891			medtr.A17.gnm5.MtrunA17Chr1	-	48872742	48878012	0.230066514981169	0.999999979788073	NS	3.06642856162979	0.00377347000135139	UP
UP	dnf2_only	medtr.A17.gnm5.ann1_6.MtrunA17Chr4g0009451	MtrunA17Chr4g0009451			medtr.A17.gnm5.MtrunA17Chr4	+	7370300	7372248	-1.61735311836884	0.287009175801651	NS	3.06396193348456	8.30963835162599e-05	UP
UP	dnf2_only	medtr.A17.gnm5.ann1_6.MtrunA17Chr5g0445161	MtrunA17Chr5g0445161			medtr.A17.gnm5.MtrunA17Chr5	+	42354675	42357629	1.1473392245567	0.999999979788073	NS	3.05950272707189	0.00596270478906299	UP
UP	dnf2_only	medtr.A17.gnm5.ann1_6.MtrunA17Chr1g0167741	MtrunA17Chr1g0167741	MtPT1	phosphate transporter	medtr.A17.gnm5.MtrunA17Chr1	+	16589071	16591700	-0.462502879789711	0.999999979788073	NS	3.05645276268055	0.0199994575452373	UP
UP	dnf2_only	medtr.A17.gnm5.ann1_6.MtrunA17Chr1g0190821	MtrunA17Chr1g0190821	MtN26-2	Nodulin26	medtr.A17.gnm5.MtrunA17Chr1	-	39944539	39946554	-0.840192008882055	0.999999979788073	NS	3.05476835617572	4.229240878554e-05	UP
UP	dnf2_only	medtr.A17.gnm5.ann1_6.MtrunA17Chr7g0273321	MtrunA17Chr7g0273321	MtHPT8	Histidine PhosphoTransfer protein 8	medtr.A17.gnm5.MtrunA17Chr7	+	54060624	54063478	2.4864140794065	0.14237547255545	NS	3.04994104711644	0.0103009799775177	UP
UP	dnf2_only	medtr.A17.gnm5.ann1_6.MtrunA17Chr2g0280391	MtrunA17Chr2g0280391			medtr.A17.gnm5.MtrunA17Chr2	-	2504015	2505647	2.38649184966176	0.188622203704984	NS	3.04665234548444	0.00798675416357137	UP
UP	dnf2_only	medtr.A17.gnm5.ann1_6.MtrunA17Chr5g0443341	MtrunA17Chr5g0443341			medtr.A17.gnm5.MtrunA17Chr5	-	41164008	41165999	-0.168001536378197	0.999999979788073	NS	3.04529509854032	0.00809050691446976	UP
UP	dnf2_only	medtr.A17.gnm5.ann1_6.MtrunA17Chr4g0057031	MtrunA17Chr4g0057031	MtMYB125	Myeloblastosis (MYB) transcription factor 125	medtr.A17.gnm5.MtrunA17Chr4	-	50370248	50371900	0.245854663682692	0.999999979788073	NS	3.04529319472936	0.000995678777644311	UP
UP	dnf2_only	medtr.A17.gnm5.ann1_6.MtrunA17Chr4g0042791	MtrunA17Chr4g0042791			medtr.A17.gnm5.MtrunA17Chr4	+	40040302	40041474	0.693186359402045	0.999999979788073	NS	3.04212667176612	0.00701824951241242	UP
UP	dnf2_only	medtr.A17.gnm5.ann1_6.MtrunA17Chr2g0287121	MtrunA17Chr2g0287121			medtr.A17.gnm5.MtrunA17Chr2	-	7241428	7243006	-1.50948198146758	0.957565162492157	NS	3.04169043927045	0.00105677795258761	UP
UP	dnf2_only	medtr.A17.gnm5.ann1_6.MtrunA17Chr2g0311221	MtrunA17Chr2g0311221	MtMYB015	Myeloblastosis (MYB) transcription factor 15	medtr.A17.gnm5.MtrunA17Chr2	+	34190700	34194691	0.681825605933957	0.999999979788073	NS	3.03189694758216	0.00393727249585191	UP
UP	dnf2_only	medtr.A17.gnm5.ann1_6.MtrunA17Chr2g0294531	MtrunA17Chr2g0294531			medtr.A17.gnm5.MtrunA17Chr2	+	13192605	13193348	0.786909273085914	0.999999979788073	NS	3.02698183694702	0.00514239087546242	UP
UP	dnf2_only	medtr.A17.gnm5.ann1_6.MtrunA17Chr3g0109121	MtrunA17Chr3g0109121			medtr.A17.gnm5.MtrunA17Chr3	+	32184705	32186102	1.33278647215851	0.772668695890497	NS	3.02174828860971	0.000233596539525106	UP
UP	dnf2_only	medtr.A17.gnm5.ann1_6.MtrunA17Chr7g0262231	MtrunA17Chr7g0262231	MtABCG37	ATP-binding cassette (ABC) transporter type G	medtr.A17.gnm5.MtrunA17Chr7	-	46385591	46394114	2.04666463642798	0.277023684749816	NS	3.01917287383266	0.00950579582808954	UP
UP	dnf2_only	medtr.A17.gnm5.ann1_6.MtrunA17Chr7g0258571	MtrunA17Chr7g0258571			medtr.A17.gnm5.MtrunA17Chr7	+	43812826	43813713	1.02821692527906	0.999999979788073	NS	3.01324738774466	8.11984605784014e-05	UP
UP	dnf2_only	medtr.A17.gnm5.ann1_6.MtrunA17Chr8g0353491	MtrunA17Chr8g0353491			medtr.A17.gnm5.MtrunA17Chr8	+	15291280	15291820	1.1569788649822	0.999999979788073	NS	3.01182456882312	0.00429531428361925	UP
UP	dnf2_only	medtr.A17.gnm5.ann1_6.MtrunA17Chr3g0129811	MtrunA17Chr3g0129811	MtPUB26	Plant U-box protein 26	medtr.A17.gnm5.MtrunA17Chr3	+	47202697	47204494	0.648903901443279	0.999999979788073	NS	3.01177466882422	2.38399481176488e-05	UP
UP	dnf2_only	medtr.A17.gnm5.ann1_6.MtrunA17Chr8g0359921	MtrunA17Chr8g0359921			medtr.A17.gnm5.MtrunA17Chr8	-	23750293	23752728	-0.762577345128901	0.999999979788073	NS	3.00814769043297	0.0201565446242696	UP
UP	dnf2_only	medtr.A17.gnm5.ann1_6.MtrunA17Chr3g0127511	MtrunA17Chr3g0127511			medtr.A17.gnm5.MtrunA17Chr3	-	45546308	45547950	1.32092343153461	0.585404692778138	NS	3.00487321954371	3.86622456919539e-05	UP
UP	dnf2_only	medtr.A17.gnm5.ann1_6.MtrunA17Chr5g0414371	MtrunA17Chr5g0414371			medtr.A17.gnm5.MtrunA17Chr5	+	15429374	15431433	2.28255634323676	0.2382225820794	NS	3.00311861539142	0.00947085052952938	UP
UP	dnf2_only	medtr.A17.gnm5.ann1_6.MtrunA17Chr7g0249261	MtrunA17Chr7g0249261			medtr.A17.gnm5.MtrunA17Chr7	-	37120283	37121663	1.93593647399974	0.358779893913052	NS	3.0024933830236	0.00552281003427842	UP
UP	dnf2_only	medtr.A17.gnm5.ann1_6.MtrunA17Chr8g0369601	MtrunA17Chr8g0369601			medtr.A17.gnm5.MtrunA17Chr8	+	32806375	32808337	2.74891772681811	0.057794732162138	NS	2.99379725996422	0.00685591549310403	UP
UP	dnf2_only	medtr.A17.gnm5.ann1_6.MtrunA17Chr8g0367001	MtrunA17Chr8g0367001			medtr.A17.gnm5.MtrunA17Chr8	+	30768806	30780551	-3.13391741942817	0.611551925210095	NS	2.99275451436815	0.00742691045002805	UP
UP	dnf2_only	medtr.A17.gnm5.ann1_6.MtrunA17Chr8g0366991	MtrunA17Chr8g0366991			medtr.A17.gnm5.MtrunA17Chr8	-	30768769	30781354	-2.91292603960599	0.338347391850849	NS	2.99223784570997	0.0011113653148917	UP
UP	dnf2_only	medtr.A17.gnm5.ann1_6.MtrunA17Chr1g0197281	MtrunA17Chr1g0197281			medtr.A17.gnm5.MtrunA17Chr1	+	44525632	44527478	2.47448190256759	0.318530061318956	NS	2.98885712572744	0.0382578641580546	UP
UP	dnf2_only	medtr.A17.gnm5.ann1_6.MtrunA17Chr3g0102761	MtrunA17Chr3g0102761			medtr.A17.gnm5.MtrunA17Chr3	+	27282191	27286040	1.91604818894062	0.369063230304378	NS	2.97726240918825	0.00526550312375257	UP
UP	dnf2_only	medtr.A17.gnm5.ann1_6.MtrunA17Chr1g0148811	MtrunA17Chr1g0148811	MtPDR1b	pleiotropic drug resistance protein 1b (ABC transporter)	medtr.A17.gnm5.MtrunA17Chr1	-	2188164	2196958	-0.461726855237656	0.999999979788073	NS	2.96895451380022	0.000786039267861047	UP
UP	dnf2_only	medtr.A17.gnm5.ann1_6.MtrunA17Chr6g0475121	MtrunA17Chr6g0475121			medtr.A17.gnm5.MtrunA17Chr6	+	29265630	29278797	0.0477228614259144	0.999999979788073	NS	2.96447472608357	0.0198243378190583	UP
UP	dnf2_only	medtr.A17.gnm5.ann1_6.MtrunA17Chr7g0268651	MtrunA17Chr7g0268651			medtr.A17.gnm5.MtrunA17Chr7	+	50976337	50977107	1.35772067591109	0.666810320248981	NS	2.95967422073895	0.000132348589633815	UP
UP	dnf2_only	medtr.A17.gnm5.ann1_6.MtrunA17Chr2g0297401	MtrunA17Chr2g0297401			medtr.A17.gnm5.MtrunA17Chr2	+	15503488	15504282	-1.59850112855905	0.999999979788073	NS	2.95898892409925	0.00361218277027324	UP
UP	dnf2_only	medtr.A17.gnm5.ann1_6.MtrunA17Chr4g0052531	MtrunA17Chr4g0052531			medtr.A17.gnm5.MtrunA17Chr4	+	46655273	46656113	1.01275629433189	0.999999979788073	NS	2.95750384381673	0.0275503937831623	UP
UP	dnf2_only	medtr.A17.gnm5.ann1_6.MtrunA17Chr4g0028591	MtrunA17Chr4g0028591			medtr.A17.gnm5.MtrunA17Chr4	-	29558118	29563314	0.0929434452784379	0.999999979788073	NS	2.95747065186214	0.00318319518233106	UP
UP	dnf2_only	medtr.A17.gnm5.ann1_6.MtrunA17Chr8g0346281	MtrunA17Chr8g0346281			medtr.A17.gnm5.MtrunA17Chr8	-	9427284	9430367	2.45243733762124	0.289897991196816	NS	2.95683695144163	0.0329299330261857	UP
UP	dnf2_only	medtr.A17.gnm5.ann1_6.MtrunA17Chr8g0356421	MtrunA17Chr8g0356421			medtr.A17.gnm5.MtrunA17Chr8	+	18022504	18029758	2.22076386388429	0.329553888384056	NS	2.95405075398432	0.0177662974741434	UP
UP	dnf2_only	medtr.A17.gnm5.ann1_6.MtrunA17Chr4g0071121	MtrunA17Chr4g0071121	MtCKX8	cytokinin oxydase 8	medtr.A17.gnm5.MtrunA17Chr4	-	60593687	60598721	-4.4720920416887	0.585404692778138	NS	2.94593034909388	0.0294422259314065	UP
UP	dnf2_only	medtr.A17.gnm5.ann1_6.MtrunA17Chr1g0213061	MtrunA17Chr1g0213061	MtPrx39|MtRIP2	peroxidase 39	medtr.A17.gnm5.MtrunA17Chr1	-	56049459	56051794	-0.765935404653297	0.999999979788073	NS	2.93107274606989	0.00513169962247215	UP
UP	dnf2_only	medtr.A17.gnm5.ann1_6.MtrunA17Chr3g0140491	MtrunA17Chr3g0140491			medtr.A17.gnm5.MtrunA17Chr3	-	54873152	54875735	1.15420161751506	0.999999979788073	NS	2.93042497962233	0.000306583579216444	UP
UP	dnf2_only	medtr.A17.gnm5.ann1_6.MtrunA17Chr1g0181321	MtrunA17Chr1g0181321			medtr.A17.gnm5.MtrunA17Chr1	+	32342256	32346160	1.7304734338086	0.658072900836419	NS	2.92655502315038	0.0120752253396477	UP
UP	dnf2_only	medtr.A17.gnm5.ann1_6.MtrunA17Chr6g0468521	MtrunA17Chr6g0468521	MtMATE11	multidrug and toxic compound extrusion family	medtr.A17.gnm5.MtrunA17Chr6	-	17743419	17752223	0.0466628119006407	0.999999979788073	NS	2.92568360834276	0.0107403789093423	UP
UP	dnf2_only	medtr.A17.gnm5.ann1_6.MtrunA17Chr3g0093881	MtrunA17Chr3g0093881			medtr.A17.gnm5.MtrunA17Chr3	-	16124820	16127868	0.554588201064316	0.999999979788073	NS	2.92552791848052	2.50925241207306e-05	UP
UP	dnf2_only	medtr.A17.gnm5.ann1_6.MtrunA17Chr2g0292091	MtrunA17Chr2g0292091	MtRip3|MtPrx111	peroxidase	medtr.A17.gnm5.MtrunA17Chr2	+	11173055	11176412	-1.0603440743697	0.999999979788073	NS	2.92178486907234	0.00230264008686919	UP
UP	dnf2_only	medtr.A17.gnm5.ann1_6.MtrunA17Chr1g0151671	MtrunA17Chr1g0151671			medtr.A17.gnm5.MtrunA17Chr1	-	4461117	4461266	2.94561783698454	0.0707614183339765	NS	2.9047705025104	0.0245228240310226	UP
UP	dnf2_only	medtr.A17.gnm5.ann1_6.MtrunA17Chr1g0164321	MtrunA17Chr1g0164321	MtCYP86B1-1|MtCYP86B18	Cytochrome P450 monooxygenase	medtr.A17.gnm5.MtrunA17Chr1	+	14190347	14193176	-1.63561166039313	0.999999979788073	NS	2.90391033988631	0.0129653212977912	UP
UP	dnf2_only	medtr.A17.gnm5.ann1_6.MtrunA17Chr3g0085711	MtrunA17Chr3g0085711			medtr.A17.gnm5.MtrunA17Chr3	-	7152162	7154803	1.48084344098768	0.747983967337398	NS	2.90366601870968	0.00230182975855432	UP
UP	dnf2_only	medtr.A17.gnm5.ann1_6.MtrunA17Chr6g0482721	MtrunA17Chr6g0482721			medtr.A17.gnm5.MtrunA17Chr6	-	37329286	37333557	1.955254341173	0.164783831612189	NS	2.90346165549521	0.00100277520837807	UP
UP	dnf2_only	medtr.A17.gnm5.ann1_6.MtrunA17Chr7g0221461	MtrunA17Chr7g0221461			medtr.A17.gnm5.MtrunA17Chr7	+	6982141	6988442	-0.106571252719528	0.999999979788073	NS	2.89654802034229	0.0258085231465797	UP
UP	dnf2_only	medtr.A17.gnm5.ann1_6.MtrunA17Chr1g0157031	MtrunA17Chr1g0157031			medtr.A17.gnm5.MtrunA17Chr1	-	8420088	8423304	0.0221489050256467	0.999999979788073	NS	2.89475950086103	0.000120815920077818	UP
UP	dnf2_only	medtr.A17.gnm5.ann1_6.MtrunA17Chr6g0468981	MtrunA17Chr6g0468981			medtr.A17.gnm5.MtrunA17Chr6	-	18478354	18482007	0.125146964400379	0.999999979788073	NS	2.88560819256671	0.0170975434474136	UP
UP	dnf2_only	medtr.A17.gnm5.ann1_6.MtrunA17Chr3g0107741	MtrunA17Chr3g0107741			medtr.A17.gnm5.MtrunA17Chr3	+	31272545	31275038	1.83677275234447	0.0992466486633633	NS	2.88266598632877	0.000194544800495723	UP
UP	dnf2_only	medtr.A17.gnm5.ann1_6.MtrunA17Chr3g0111211	MtrunA17Chr3g0111211			medtr.A17.gnm5.MtrunA17Chr3	+	33588925	33592779	2.9311767037726	0.110946445752399	NS	2.87283611764617	0.0449414638718358	UP
UP	dnf2_only	medtr.A17.gnm5.ann1_6.MtrunA17Chr4g0034471	MtrunA17Chr4g0034471			medtr.A17.gnm5.MtrunA17Chr4	+	34091151	34092750	0.779136161469476	0.999999979788073	NS	2.87073801770685	0.00143405148049856	UP
UP	dnf2_only	medtr.A17.gnm5.ann1_6.MtrunA17Chr8g0347391	MtrunA17Chr8g0347391			medtr.A17.gnm5.MtrunA17Chr8	-	10318969	10322476	-1.09723473564783	0.999999979788073	NS	2.87033918112137	0.0268326339326523	UP
UP	dnf2_only	medtr.A17.gnm5.ann1_6.MtrunA17Chr8g0343661	MtrunA17Chr8g0343661			medtr.A17.gnm5.MtrunA17Chr8	-	7015487	7018322	-0.676159304404832	0.999999979788073	NS	2.8667221278493	0.00721361740127418	UP
UP	dnf2_only	medtr.A17.gnm5.ann1_6.MtrunA17Chr4g0013171	MtrunA17Chr4g0013171	MtPrx81	MtRip8|peroxidase	medtr.A17.gnm5.MtrunA17Chr4	-	10629934	10632305	1.71541427552379	0.18965237023679	NS	2.86490172623535	0.000221237931480498	UP
UP	dnf2_only	medtr.A17.gnm5.ann1_6.MtrunA17Chr1g0206501	MtrunA17Chr1g0206501			medtr.A17.gnm5.MtrunA17Chr1	+	51419439	51421401	0.835810236403565	0.999999979788073	NS	2.86304708158976	0.00394121159032248	UP
UP	dnf2_only	medtr.A17.gnm5.ann1_6.MtrunA17Chr2g0314441	MtrunA17Chr2g0314441	MtKunitz6	Kunitz-P Trypsin Inhibitor	medtr.A17.gnm5.MtrunA17Chr2	-	36895119	36896564	1.70525129232274	0.189596646641742	NS	2.85978535276921	0.000159735239544533	UP
UP	dnf2_only	medtr.A17.gnm5.ann1_6.MtrunA17Chr5g0417351	MtrunA17Chr5g0417351			medtr.A17.gnm5.MtrunA17Chr5	-	17930880	17936505	1.2810679976993	0.963053616527213	NS	2.8469407632096	0.0052921095304382	UP
UP	dnf2_only	medtr.A17.gnm5.ann1_6.MtrunA17Chr5g0407951	MtrunA17Chr5g0407951	MtNCED4	9-cis-epoxycarotenoid dioxygenase (abscisic-acid biosynthesis)	medtr.A17.gnm5.MtrunA17Chr5	+	10274591	10276740	1.54837481315629	0.602163849842439	NS	2.84619574092551	0.00221519455134748	UP
UP	dnf2_only	medtr.A17.gnm5.ann1_6.MtrunA17Chr3g0089071	MtrunA17Chr3g0089071			medtr.A17.gnm5.MtrunA17Chr3	+	10236336	10237949	0.466659623284942	0.999999979788073	NS	2.84250258587963	0.00308162151126677	UP
UP	dnf2_only	medtr.A17.gnm5.ann1_6.MtrunA17Chr4g0013181	MtrunA17Chr4g0013181	MtPrx49	peroxidase	medtr.A17.gnm5.MtrunA17Chr4	-	10635665	10638139	1.48239672561855	0.633397659531639	NS	2.83243421358779	0.00189663540159652	UP
UP	dnf2_only	medtr.A17.gnm5.ann1_6.MtrunA17Chr3g0101601	MtrunA17Chr3g0101601	MtCYP71D72	Cytochrome P450 monooxygenase	medtr.A17.gnm5.MtrunA17Chr3	+	26089494	26093085	1.22454436250991	0.999999979788073	NS	2.83237646930357	0.0228533443132647	UP
UP	dnf2_only	medtr.A17.gnm5.ann1_6.MtrunA17Chr6g0483141	MtrunA17Chr6g0483141			medtr.A17.gnm5.MtrunA17Chr6	-	37687023	37690124	1.25947121225909	0.92371657985589	NS	2.82823141989614	0.00204229527616936	UP
UP	dnf2_only	medtr.A17.gnm5.ann1_6.MtrunA17Chr8g0355871	MtrunA17Chr8g0355871			medtr.A17.gnm5.MtrunA17Chr8	-	17459197	17461492	-0.988349386996818	0.999999979788073	NS	2.82235487160166	0.000909215910235078	UP
UP	dnf2_only	medtr.A17.gnm5.ann1_6.MtrunA17Chr4g0036021	MtrunA17Chr4g0036021	MtPMT5_3|MtPLT1.3	Sorbitol-like transporter, polyol transporter|polyol/monosaccharide transporter	medtr.A17.gnm5.MtrunA17Chr4	+	35295056	35297538	1.20042015576935	0.999999979788073	NS	2.8189406671119	0.0053397786335072	UP
UP	dnf2_only	medtr.A17.gnm5.ann1_6.MtrunA17Chr4g0059201	MtrunA17Chr4g0059201	MtPUB35	Plant U-box protein 35	medtr.A17.gnm5.MtrunA17Chr4	-	51958290	51960798	-2.55926552287105	0.198611154049007	NS	2.81849615738471	0.00632782338588053	UP
UP	dnf2_only	medtr.A17.gnm5.ann1_6.MtrunA17Chr7g0252891	MtrunA17Chr7g0252891	MtAPY1;3	apyrase (nucleoside triphosphatase) (AY180379)	medtr.A17.gnm5.MtrunA17Chr7	+	39684772	39688834	1.39791434721339	0.743732551686618	NS	2.81331748767396	0.00320760319145409	UP
UP	dnf2_only	medtr.A17.gnm5.ann1_6.MtrunA17Chr7g0218261	MtrunA17Chr7g0218261			medtr.A17.gnm5.MtrunA17Chr7	-	3603810	3607621	0.439795124138891	0.999999979788073	NS	2.81158429565916	0.0225334578497758	UP
UP	dnf2_only	medtr.A17.gnm5.ann1_6.MtrunA17Chr2g0284051	MtrunA17Chr2g0284051			medtr.A17.gnm5.MtrunA17Chr2	-	5022434	5023387	0.399098241032123	0.999999979788073	NS	2.80396751719912	6.76452787512874e-05	UP
UP	dnf2_only	medtr.A17.gnm5.ann1_6.MtrunA17Chr5g0414051	MtrunA17Chr5g0414051			medtr.A17.gnm5.MtrunA17Chr5	+	15172065	15175134	-1.052409432907	0.999999979788073	NS	2.8039111192448	0.00637833861850201	UP
UP	dnf2_only	medtr.A17.gnm5.ann1_6.MtrunA17Chr8g0387601	MtrunA17Chr8g0387601			medtr.A17.gnm5.MtrunA17Chr8	+	45701023	45702165	0.732913211725835	0.999999979788073	NS	2.80129572212137	0.000601579994029159	UP
UP	dnf2_only	medtr.A17.gnm5.ann1_6.MtrunA17Chr4g0043201	MtrunA17Chr4g0043201			medtr.A17.gnm5.MtrunA17Chr4	+	40309956	40310559	1.23915623060954	0.999999979788073	NS	2.79922758478205	0.0292808413237282	UP
UP	dnf2_only	medtr.A17.gnm5.ann1_6.MtrunA17Chr4g0049581	MtrunA17Chr4g0049581			medtr.A17.gnm5.MtrunA17Chr4	+	44859047	44861482	1.39963344857153	0.854161303223337	NS	2.79365329179195	0.00678717139131093	UP
UP	dnf2_only	medtr.A17.gnm5.ann1_6.MtrunA17Chr1g0157041	MtrunA17Chr1g0157041			medtr.A17.gnm5.MtrunA17Chr1	+	8423717	8425442	-2.65288404599079	0.314306305248521	NS	2.79202881274723	0.00212882150664302	UP
UP	dnf2_only	medtr.A17.gnm5.ann1_6.MtrunA17Chr8g0348861	MtrunA17Chr8g0348861			medtr.A17.gnm5.MtrunA17Chr8	+	11451403	11453378	1.81603199610127	0.366129719470763	NS	2.78878989906262	0.00760980705154217	UP
UP	dnf2_only	medtr.A17.gnm5.ann1_6.MtrunA17Chr1g0187241	MtrunA17Chr1g0187241	MtNPF5.13	NRT1/ PTR FAMILY|nitrate transporter / peptide transporter	medtr.A17.gnm5.MtrunA17Chr1	-	37331561	37337930	-0.0865316335851922	0.999999979788073	NS	2.78498378162125	6.75732264013787e-06	UP
UP	dnf2_only	medtr.A17.gnm5.ann1_6.MtrunA17Chr1g0165651	MtrunA17Chr1g0165651			medtr.A17.gnm5.MtrunA17Chr1	-	15142439	15148770	0.713641411441034	0.999999979788073	NS	2.78429744039638	0.0200558572153704	UP
UP	dnf2_only	medtr.A17.gnm5.ann1_6.MtrunA17Chr3g0079071	MtrunA17Chr3g0079071			medtr.A17.gnm5.MtrunA17Chr3	-	1483211	1487057	-1.05206494580067	0.999999979788073	NS	2.78199305467206	0.00525855557052887	UP
UP	dnf2_only	medtr.A17.gnm5.ann1_6.MtrunA17Chr7g0216961	MtrunA17Chr7g0216961			medtr.A17.gnm5.MtrunA17Chr7	+	2490037	2494855	1.18822857957335	0.999999979788073	NS	2.77408512412141	0.00726636661045483	UP
UP	dnf2_only	medtr.A17.gnm5.ann1_6.MtrunA17Chr7g0266651	MtrunA17Chr7g0266651			medtr.A17.gnm5.MtrunA17Chr7	+	49621489	49624180	0.707000962065106	0.999999979788073	NS	2.7675951901814	2.37793532210148e-05	UP
UP	dnf2_only	medtr.A17.gnm5.ann1_6.MtrunA17Chr2g0295001	MtrunA17Chr2g0295001	MtPR10-1	Pathogenesis-related protein 10-1 (Y08641.1 GENBANK)	medtr.A17.gnm5.MtrunA17Chr2	+	13556005	13559289	1.12911086462642	0.999999979788073	NS	2.76636338175712	9.9691841269701e-05	UP
UP	dnf2_only	medtr.A17.gnm5.ann1_6.MtrunA17Chr1g0152771	MtrunA17Chr1g0152771			medtr.A17.gnm5.MtrunA17Chr1	+	5431175	5434219	-0.807818961272102	0.999999979788073	NS	2.76404452039324	0.000309199871358465	UP
UP	dnf2_only	medtr.A17.gnm5.ann1_6.MtrunA17Chr4g0052861	MtrunA17Chr4g0052861	MtCYP81E7	Isoflavone 2'-hydroxylase|Cytochrome P450 monooxygenase	medtr.A17.gnm5.MtrunA17Chr4	+	46856059	46859089	0.366066570527484	0.999999979788073	NS	2.76371932580219	0.000128526203116156	UP
UP	dnf2_only	medtr.A17.gnm5.ann1_6.MtrunA17Chr6g0455481	MtrunA17Chr6g0455481			medtr.A17.gnm5.MtrunA17Chr6	-	5564849	5569736	1.14472278716942	0.999999979788073	NS	2.75617504816399	0.0462503191930179	UP
UP	dnf2_only	medtr.A17.gnm5.ann1_6.MtrunA17Chr3g0087431	MtrunA17Chr3g0087431			medtr.A17.gnm5.MtrunA17Chr3	-	8858572	8859104	0.234903275545643	0.999999979788073	NS	2.75467726912141	0.00991648316806048	UP
UP	dnf2_only	medtr.A17.gnm5.ann1_6.MtrunA17Chr4g0056501	MtrunA17Chr4g0056501	MtFRUCT2	soluble acid invertase FRUCT2	medtr.A17.gnm5.MtrunA17Chr4	+	49950996	49956125	1.2600029804809	0.920193093057532	NS	2.73862506937684	0.00172338468608326	UP
UP	dnf2_only	medtr.A17.gnm5.ann1_6.MtrunA17Chr2g0284321	MtrunA17Chr2g0284321			medtr.A17.gnm5.MtrunA17Chr2	+	5210315	5212311	1.35365483855572	0.513240636965033	NS	2.73730454251944	9.65509956365886e-05	UP
UP	dnf2_only	medtr.A17.gnm5.ann1_6.MtrunA17Chr2g0302391	MtrunA17Chr2g0302391			medtr.A17.gnm5.MtrunA17Chr2	+	19932552	19936804	1.47691403355459	0.372258805987849	NS	2.72964802648705	0.000153130034613248	UP
UP	dnf2_only	medtr.A17.gnm5.ann1_6.MtrunA17Chr8g0378551	MtrunA17Chr8g0378551			medtr.A17.gnm5.MtrunA17Chr8	+	39566262	39568179	0.0052447624142696	0.999999979788073	NS	2.72892429096595	0.00508479743665243	UP
UP	dnf2_only	medtr.A17.gnm5.ann1_6.MtrunA17Chr8g0367141	MtrunA17Chr8g0367141			medtr.A17.gnm5.MtrunA17Chr8	-	30883217	30890322	0.193696400800744	0.999999979788073	NS	2.71727719958515	0.000411192212223188	UP
UP	dnf2_only	medtr.A17.gnm5.ann1_6.MtrunA17Chr1g0197991	MtrunA17Chr1g0197991			medtr.A17.gnm5.MtrunA17Chr1	-	45044856	45045585	1.24870219088571	0.999999979788073	NS	2.71716638029865	0.0207503110319746	UP
UP	dnf2_only	medtr.A17.gnm5.ann1_6.MtrunA17Chr4g0034461	MtrunA17Chr4g0034461			medtr.A17.gnm5.MtrunA17Chr4	+	34088594	34091149	0.907320269570229	0.999999979788073	NS	2.71459576100814	0.0041910065558468	UP
UP	dnf2_only	medtr.A17.gnm5.ann1_6.MtrunA17Chr5g0433641	MtrunA17Chr5g0433641			medtr.A17.gnm5.MtrunA17Chr5	+	34030971	34034264	0.247642082998468	0.999999979788073	NS	2.71051535920711	0.012584704689067	UP
UP	dnf2_only	medtr.A17.gnm5.ann1_6.MtrunA17Chr1g0157021	MtrunA17Chr1g0157021			medtr.A17.gnm5.MtrunA17Chr1	+	8419626	8421865	0.669431806418178	0.999999979788073	NS	2.70845504706275	0.000124939173287588	UP
UP	dnf2_only	medtr.A17.gnm5.ann1_6.MtrunA17Chr2g0294801	MtrunA17Chr2g0294801			medtr.A17.gnm5.MtrunA17Chr2	+	13406685	13408082	0.874380605978367	0.999999979788073	NS	2.70662123829818	0.0118427842459107	UP
UP	dnf2_only	medtr.A17.gnm5.ann1_6.MtrunA17Chr2g0287961	MtrunA17Chr2g0287961			medtr.A17.gnm5.MtrunA17Chr2	+	7903446	7904650	-0.536327336676717	0.999999979788073	NS	2.70280579581137	0.0181746981374877	UP
UP	dnf2_only	medtr.A17.gnm5.ann1_6.MtrunA17Chr4g0032171	MtrunA17Chr4g0032171			medtr.A17.gnm5.MtrunA17Chr4	+	32382725	32384333	1.7064718230564	0.573343971059055	NS	2.69978934178321	0.0159875514355248	UP
UP	dnf2_only	medtr.A17.gnm5.ann1_6.MtrunA17Chr5g0431761	MtrunA17Chr5g0431761			medtr.A17.gnm5.MtrunA17Chr5	+	32576997	32579357	0.351435874288531	0.999999979788073	NS	2.6994204983395	0.00144056562526618	UP
UP	dnf2_only	medtr.A17.gnm5.ann1_6.MtrunA17Chr4g0072781	MtrunA17Chr4g0072781	MtCAPE15|MtPR-1	CAP-derived peptide|pathogenesis-related protein 1  (TC143335)	medtr.A17.gnm5.MtrunA17Chr4	+	61759010	61760162	-2.48858079365682	0.0301101533056152	DOWN	2.69648920607707	0.000479327563339107	UP
UP	dnf2_only	medtr.A17.gnm5.ann1_6.MtrunA17Chr3g0087681	MtrunA17Chr3g0087681			medtr.A17.gnm5.MtrunA17Chr3	+	9067099	9071741	-1.05813649418408	0.999999979788073	NS	2.69515012729734	0.0121192653877316	UP
UP	dnf2_only	medtr.A17.gnm5.ann1_6.MtrunA17Chr2g0288661	MtrunA17Chr2g0288661	MtCYP72A67v1	Cytochrome P450 monooxygenase	medtr.A17.gnm5.MtrunA17Chr2	-	8409046	8413773	0.222723400729643	0.999999979788073	NS	2.69476386537628	0.000194544800495723	UP
UP	dnf2_only	medtr.A17.gnm5.ann1_6.MtrunA17Chr5g0430711	MtrunA17Chr5g0430711			medtr.A17.gnm5.MtrunA17Chr5	+	31847860	31848639	0.438866497130747	0.999999979788073	NS	2.69373573772195	0.0248252443175239	UP
UP	dnf2_only	medtr.A17.gnm5.ann1_6.MtrunA17Chr2g0327661	MtrunA17Chr2g0327661			medtr.A17.gnm5.MtrunA17Chr2	+	47135878	47136601	-0.250107375472001	0.999999979788073	NS	2.68973479626281	0.0091777102492524	UP
UP	dnf2_only	medtr.A17.gnm5.ann1_6.MtrunA17Chr3g0140501	MtrunA17Chr3g0140501			medtr.A17.gnm5.MtrunA17Chr3	+	54887736	54893160	-0.803574495158668	0.999999979788073	NS	2.68411375939788	0.000803800741104471	UP
UP	dnf2_only	medtr.A17.gnm5.ann1_6.MtrunA17Chr7g0219801	MtrunA17Chr7g0219801	MtNCR694	Nodule-specific Cysteine-Rich peptide	medtr.A17.gnm5.MtrunA17Chr7	+	5123838	5124697	-3.00934917408867	0.643098111677598	NS	2.68395310194273	0.0222314702817878	UP
UP	dnf2_only	medtr.A17.gnm5.ann1_6.MtrunA17Chr4g0014951	MtrunA17Chr4g0014951			medtr.A17.gnm5.MtrunA17Chr4	-	12308331	12311787	1.08752962577667	0.999999979788073	NS	2.68247309952778	0.000143296901711854	UP
UP	dnf2_only	medtr.A17.gnm5.ann1_6.MtrunA17Chr1g0166601	MtrunA17Chr1g0166601			medtr.A17.gnm5.MtrunA17Chr1	+	15957683	15958472	0.501939202511863	0.999999979788073	NS	2.68137697854299	0.0404661978826737	UP
UP	dnf2_only	medtr.A17.gnm5.ann1_6.MtrunA17Chr7g0251541	MtrunA17Chr7g0251541			medtr.A17.gnm5.MtrunA17Chr7	+	38704972	38715159	1.88819561761967	0.170919339775387	NS	2.68060747816615	0.0020340155529623	UP
UP	dnf2_only	medtr.A17.gnm5.ann1_6.MtrunA17Chr7g0248441	MtrunA17Chr7g0248441			medtr.A17.gnm5.MtrunA17Chr7	+	36515536	36516868	-0.32464827426088	0.999999979788073	NS	2.67691788260592	0.030757727579365	UP
UP	dnf2_only	medtr.A17.gnm5.ann1_6.MtrunA17Chr8g0366821	MtrunA17Chr8g0366821			medtr.A17.gnm5.MtrunA17Chr8	-	30610253	30617125	-0.56492324825461	0.999999979788073	NS	2.67387048066787	0.0161036347641882	UP
UP	dnf2_only	medtr.A17.gnm5.ann1_6.MtrunA17Chr1g0180311	MtrunA17Chr1g0180311			medtr.A17.gnm5.MtrunA17Chr1	-	31442504	31443839	-0.700457678800043	0.999999979788073	NS	2.67281701793852	0.0260041290557243	UP
UP	dnf2_only	medtr.A17.gnm5.ann1_6.MtrunA17Chr2g0287971	MtrunA17Chr2g0287971			medtr.A17.gnm5.MtrunA17Chr2	-	7904059	7904589	-0.642815120433092	0.999999979788073	NS	2.672776911513	0.00473459601174436	UP
UP	dnf2_only	medtr.A17.gnm5.ann1_6.MtrunA17Chr6g0480581	MtrunA17Chr6g0480581	MtMYB098	Myeloblastosis (MYB) transcription factor 98	medtr.A17.gnm5.MtrunA17Chr6	-	35309098	35312881	0.899565447914831	0.999999979788073	NS	2.66898188330167	0.009501674253644	UP
UP	dnf2_only	medtr.A17.gnm5.ann1_6.MtrunA17Chr7g0218181	MtrunA17Chr7g0218181			medtr.A17.gnm5.MtrunA17Chr7	-	3582254	3585705	-1.65880821393395	0.265337422623846	NS	2.66694675804043	0.000599728938609349	UP
UP	dnf2_only	medtr.A17.gnm5.ann1_6.MtrunA17Chr4g0025741	MtrunA17Chr4g0025741			medtr.A17.gnm5.MtrunA17Chr4	-	26648530	26651654	-3.73229773423265	0.0273677156281659	DOWN	2.66481471747376	0.000570441468636032	UP
UP	dnf2_only	medtr.A17.gnm5.ann1_6.MtrunA17Chr4g0076461	MtrunA17Chr4g0076461			medtr.A17.gnm5.MtrunA17Chr4	-	64328348	64330906	1.78329980011271	0.338051342728123	NS	2.66419454283073	0.0043830110542675	UP
UP	dnf2_only	medtr.A17.gnm5.ann1_6.MtrunA17Chr2g0279041	MtrunA17Chr2g0279041	MtPrx06	peroxidase	medtr.A17.gnm5.MtrunA17Chr2	-	1593162	1595024	2.0845658408416	0.165856671396126	NS	2.66169395768834	0.00758939326884631	UP
UP	dnf2_only	medtr.A17.gnm5.ann1_6.MtrunA17Chr2g0296991	MtrunA17Chr2g0296991			medtr.A17.gnm5.MtrunA17Chr2	+	15229632	15235462	1.29418962795348	0.932301701083987	NS	2.65747503609976	0.00390863230812537	UP
UP	dnf2_only	medtr.A17.gnm5.ann1_6.MtrunA17Chr4g0048361	MtrunA17Chr4g0048361			medtr.A17.gnm5.MtrunA17Chr4	+	44047210	44049000	-1.14152536339529	0.999999979788073	NS	2.65385513786869	0.00758939326884631	UP
UP	dnf2_only	medtr.A17.gnm5.ann1_6.MtrunA17Chr5g0438031	MtrunA17Chr5g0438031			medtr.A17.gnm5.MtrunA17Chr5	-	37389215	37390195	0.840207220603863	0.999999979788073	NS	2.65224716910912	6.72477346469876e-05	UP
UP	dnf2_only	medtr.A17.gnm5.ann1_6.MtrunA17Chr2g0298581	MtrunA17Chr2g0298581			medtr.A17.gnm5.MtrunA17Chr2	-	16511295	16516754	0.344875365088529	0.999999979788073	NS	2.65042028754768	0.00304397702701556	UP
UP	dnf2_only	medtr.A17.gnm5.ann1_6.MtrunA17Chr1g0202641	MtrunA17Chr1g0202641			medtr.A17.gnm5.MtrunA17Chr1	-	48714585	48719814	1.24508012239195	0.953163815585681	NS	2.6451561357194	0.00328062591183111	UP
UP	dnf2_only	medtr.A17.gnm5.ann1_6.MtrunA17Chr1g0166281	MtrunA17Chr1g0166281	MtCML7	Calmodulin-like 7	medtr.A17.gnm5.MtrunA17Chr1	+	15709659	15712385	-0.453793033509151	0.999999979788073	NS	2.6355738820178	0.00259130191764922	UP
UP	dnf2_only	medtr.A17.gnm5.ann1_6.MtrunA17Chr3g0143741	MtrunA17Chr3g0143741			medtr.A17.gnm5.MtrunA17Chr3	-	57242411	57243459	-6.34559386401442	0.171126001628893	NS	2.63533186584321	0.0275528019085559	UP
UP	dnf2_only	medtr.A17.gnm5.ann1_6.MtrunA17Chr7g0223451	MtrunA17Chr7g0223451			medtr.A17.gnm5.MtrunA17Chr7	-	8699096	8701018	-1.0765380399189	0.999999979788073	NS	2.6348362928597	0.00119347685686733	UP
UP	dnf2_only	medtr.A17.gnm5.ann1_6.MtrunA17Chr4g0020691	MtrunA17Chr4g0020691			medtr.A17.gnm5.MtrunA17Chr4	-	17085455	17089412	-1.49736444244173	0.558722628153706	NS	2.63450258739459	0.000261564344475379	UP
UP	dnf2_only	medtr.A17.gnm5.ann1_6.MtrunA17Chr8g0385081	MtrunA17Chr8g0385081			medtr.A17.gnm5.MtrunA17Chr8	-	43854650	43857749	0.373717558488651	0.999999979788073	NS	2.63371315941421	0.0181746981374877	UP
UP	dnf2_only	medtr.A17.gnm5.ann1_6.MtrunA17Chr8g0350881	MtrunA17Chr8g0350881			medtr.A17.gnm5.MtrunA17Chr8	+	13071660	13073614	2.29134737006247	0.139239801910579	NS	2.63317940912516	0.0190972935211093	UP
UP	dnf2_only	medtr.A17.gnm5.ann1_6.MtrunA17Chr5g0438021	MtrunA17Chr5g0438021	MtPrx22	peroxidase	medtr.A17.gnm5.MtrunA17Chr5	+	37387838	37390244	0.602456650437832	0.999999979788073	NS	2.6309939861972	5.09978441843731e-05	UP
UP	dnf2_only	medtr.A17.gnm5.ann1_6.MtrunA17Chr4g0029221	MtrunA17Chr4g0029221			medtr.A17.gnm5.MtrunA17Chr4	-	30138275	30143548	0.768082845732869	0.999999979788073	NS	2.62898086452506	0.00208369633816024	UP
UP	dnf2_only	medtr.A17.gnm5.ann1_6.MtrunA17Chr3g0143311	MtrunA17Chr3g0143311			medtr.A17.gnm5.MtrunA17Chr3	+	56895217	56900163	-0.401442848822846	0.999999979788073	NS	2.62883968748844	0.000143296901711854	UP
UP	dnf2_only	medtr.A17.gnm5.ann1_6.MtrunA17Chr2g0327351	MtrunA17Chr2g0327351	MtMYB066	Myeloblastosis (MYB) transcription factor 66	medtr.A17.gnm5.MtrunA17Chr2	-	46924236	46925971	1.37287030336189	0.620535481588039	NS	2.62351265066607	0.00088170878464661	UP
UP	dnf2_only	medtr.A17.gnm5.ann1_6.MtrunA17Chr4g0046331	MtrunA17Chr4g0046331	MtCYP93C19	Cytochrome P450 monooxygenase	medtr.A17.gnm5.MtrunA17Chr4	-	42721635	42724446	0.346766795949431	0.999999979788073	NS	2.62147424849616	6.68260567663864e-05	UP
UP	dnf2_only	medtr.A17.gnm5.ann1_6.MtrunA17Chr2g0278911	MtrunA17Chr2g0278911			medtr.A17.gnm5.MtrunA17Chr2	+	1481116	1485399	-0.0324953455069114	0.999999979788073	NS	2.62074712875295	0.0102053574795582	UP
UP	dnf2_only	medtr.A17.gnm5.ann1_6.MtrunA17Chr5g0448351	MtrunA17Chr5g0448351			medtr.A17.gnm5.MtrunA17Chr5	-	44394016	44402139	-0.590815356125926	0.999999979788073	NS	2.6135684182963	0.0029082886669483	UP
UP	dnf2_only	medtr.A17.gnm5.ann1_6.MtrunA17Chr1g0181091	MtrunA17Chr1g0181091	MtPAL|MtPAL2	Phenylalanine Ammonia Lyase (defense response-activated,TC106667)	medtr.A17.gnm5.MtrunA17Chr1	-	32105175	32109809	1.92099330755574	0.150755553929649	NS	2.60782195290859	0.00376061617808163	UP
UP	dnf2_only	medtr.A17.gnm5.ann1_6.MtrunA17Chr4g0023991	MtrunA17Chr4g0023991			medtr.A17.gnm5.MtrunA17Chr4	-	24550144	24553116	0.147127858560126	0.999999979788073	NS	2.60327882064179	0.00319683256593628	UP
UP	dnf2_only	medtr.A17.gnm5.ann1_6.MtrunA17Chr4g0049921	MtrunA17Chr4g0049921			medtr.A17.gnm5.MtrunA17Chr4	+	45102456	45103295	-0.798329620313001	0.999999979788073	NS	2.60040138888444	0.000449372532709368	UP
UP	dnf2_only	medtr.A17.gnm5.ann1_6.MtrunA17Chr1g0187051	MtrunA17Chr1g0187051			medtr.A17.gnm5.MtrunA17Chr1	-	37221634	37227841	1.25586364278509	0.999999979788073	NS	2.5952191930336	0.011881525243536	UP
UP	dnf2_only	medtr.A17.gnm5.ann1_6.MtrunA17Chr2g0328891	MtrunA17Chr2g0328891			medtr.A17.gnm5.MtrunA17Chr2	-	48010151	48014584	1.4585456038098	0.418234735668984	NS	2.5919369390724	0.00046813244899049	UP
UP	dnf2_only	medtr.A17.gnm5.ann1_6.MtrunA17Chr6g0482711	MtrunA17Chr6g0482711			medtr.A17.gnm5.MtrunA17Chr6	+	37320251	37327952	1.30137610159774	0.624389950341531	NS	2.58889114935702	0.000222057347201996	UP
UP	dnf2_only	medtr.A17.gnm5.ann1_6.MtrunA17Chr6g0483521	MtrunA17Chr6g0483521			medtr.A17.gnm5.MtrunA17Chr6	-	38078219	38081614	-0.417171983143843	0.999999979788073	NS	2.58341535445554	0.00447279685153051	UP
UP	dnf2_only	medtr.A17.gnm5.ann1_6.MtrunA17Chr4g0032331	MtrunA17Chr4g0032331			medtr.A17.gnm5.MtrunA17Chr4	+	32456246	32458704	-0.268853450953685	0.999999979788073	NS	2.58141517376323	9.63987519638913e-05	UP
UP	dnf2_only	medtr.A17.gnm5.ann1_6.MtrunA17Chr2g0321801	MtrunA17Chr2g0321801			medtr.A17.gnm5.MtrunA17Chr2	-	42657380	42658843	0.895020746450799	0.999999979788073	NS	2.57945655697615	0.000936317916864673	UP
UP	dnf2_only	medtr.A17.gnm5.ann1_6.MtrunA17Chr1g0203601	MtrunA17Chr1g0203601			medtr.A17.gnm5.MtrunA17Chr1	+	49349611	49351190	0.718418482654078	0.999999979788073	NS	2.57942482725397	0.00321236664269432	UP
UP	dnf2_only	medtr.A17.gnm5.ann1_6.MtrunA17Chr8g0367981	MtrunA17Chr8g0367981			medtr.A17.gnm5.MtrunA17Chr8	+	31548729	31554007	0.593519176243234	0.999999979788073	NS	2.57629107405865	0.000126361084568112	UP
UP	dnf2_only	medtr.A17.gnm5.ann1_6.MtrunA17Chr1g0183141	MtrunA17Chr1g0183141			medtr.A17.gnm5.MtrunA17Chr1	-	33969222	33969500	1.84113966241477	0.0782116742005149	NS	2.57393887374688	0.000300229830262987	UP
UP	dnf2_only	medtr.A17.gnm5.ann1_6.MtrunA17Chr7g0257611	MtrunA17Chr7g0257611			medtr.A17.gnm5.MtrunA17Chr7	+	43139801	43141245	1.48930188719967	0.933061159960612	NS	2.57098729560863	0.0362517306107307	UP
UP	dnf2_only	medtr.A17.gnm5.ann1_6.MtrunA17Chr7g0219241	MtrunA17Chr7g0219241	MtMAT3	isoflavonoid malonyl transferase 3	medtr.A17.gnm5.MtrunA17Chr7	+	4473008	4474797	1.5890426871843	0.151703161451749	NS	2.56996530168658	0.000105035725896241	UP
UP	dnf2_only	medtr.A17.gnm5.ann1_6.MtrunA17Chr7g0240531	MtrunA17Chr7g0240531			medtr.A17.gnm5.MtrunA17Chr7	-	30347950	30350266	1.5574276718383	0.269351977229572	NS	2.56939928138292	0.000465289843977857	UP
UP	dnf2_only	medtr.A17.gnm5.ann1_6.MtrunA17Chr6g0480971	MtrunA17Chr6g0480971			medtr.A17.gnm5.MtrunA17Chr6	+	35736748	35745105	1.75085047435998	0.307664712933461	NS	2.56620413981651	0.00450823480609918	UP
UP	dnf2_only	medtr.A17.gnm5.ann1_6.MtrunA17Chr3g0078991	MtrunA17Chr3g0078991	MtSTP3_2|MtSTP3.2	Sugar transport protein  (Hexose carrier protein HEX6)	medtr.A17.gnm5.MtrunA17Chr3	+	1405539	1408243	-0.352817830186581	0.999999979788073	NS	2.56333967683978	0.00171441735819969	UP
UP	dnf2_only	medtr.A17.gnm5.ann1_6.MtrunA17Chr7g0239331	MtrunA17Chr7g0239331	MtLRK	Lectin Receptor Kinase (orthologue of defense-induced Arabidopsis LRK,TC104767)	medtr.A17.gnm5.MtrunA17Chr7	-	29367790	29370365	2.04223402615164	0.0680792657066939	NS	2.5622640203076	0.00154334763004962	UP
UP	dnf2_only	medtr.A17.gnm5.ann1_6.MtrunA17Chr8g0350241	MtrunA17Chr8g0350241			medtr.A17.gnm5.MtrunA17Chr8	+	12349634	12350600	0.859863506583239	0.999999979788073	NS	2.56212981613673	0.00333016270493221	UP
UP	dnf2_only	medtr.A17.gnm5.ann1_6.MtrunA17Chr3g0132411	MtrunA17Chr3g0132411	MtENODL13|MtPCY5	ENOD-like 13|Plantacyanin/Chemocyanin	medtr.A17.gnm5.MtrunA17Chr3	-	49087264	49088451	0.924621475391207	0.999999979788073	NS	2.5604409405672	0.000380800780260899	UP
UP	dnf2_only	medtr.A17.gnm5.ann1_6.MtrunA17Chr8g0354431	MtrunA17Chr8g0354431			medtr.A17.gnm5.MtrunA17Chr8	-	16032368	16036433	0.0701574532615369	0.999999979788073	NS	2.56039027643416	0.0155303589514642	UP
UP	dnf2_only	medtr.A17.gnm5.ann1_6.MtrunA17Chr4g0013381	MtrunA17Chr4g0013381			medtr.A17.gnm5.MtrunA17Chr4	-	10810019	10814831	0.966139852305093	0.999999979788073	NS	2.55617969573604	7.16320240375736e-05	UP
UP	dnf2_only	medtr.A17.gnm5.ann1_6.MtrunA17Chr3g0126121	MtrunA17Chr3g0126121			medtr.A17.gnm5.MtrunA17Chr3	-	44489302	44492161	1.72848578303804	0.164472230180779	NS	2.55390915879496	0.000600359511954614	UP
UP	dnf2_only	medtr.A17.gnm5.ann1_6.MtrunA17Chr3g0136441	MtrunA17Chr3g0136441			medtr.A17.gnm5.MtrunA17Chr3	-	52014024	52015024	-0.00949320638420168	0.999999979788073	NS	2.55219760438929	0.00542277508853019	UP
UP	dnf2_only	medtr.A17.gnm5.ann1_6.MtrunA17Chr4g0044281	MtrunA17Chr4g0044281			medtr.A17.gnm5.MtrunA17Chr4	-	41135662	41136552	-0.402380208252582	0.999999979788073	NS	2.55072779474089	0.00512716604794175	UP
UP	dnf2_only	medtr.A17.gnm5.ann1_6.MtrunA17Chr3g0117851	MtrunA17Chr3g0117851	MtPUB23	Plant U-box protein 23	medtr.A17.gnm5.MtrunA17Chr3	-	38694622	38697704	1.05458177955668	0.999999979788073	NS	2.53901452794962	0.0116088794768974	UP
UP	dnf2_only	medtr.A17.gnm5.ann1_6.MtrunA17Chr2g0312561	MtrunA17Chr2g0312561			medtr.A17.gnm5.MtrunA17Chr2	+	35388607	35391200	1.86314693768426	0.334959984744767	NS	2.5387404079801	0.0136641024463421	UP
UP	dnf2_only	medtr.A17.gnm5.ann1_6.MtrunA17Chr2g0314611	MtrunA17Chr2g0314611			medtr.A17.gnm5.MtrunA17Chr2	+	37021054	37023423	-0.215251250310497	0.999999979788073	NS	2.5346023014938	0.0494084794481179	UP
UP	dnf2_only	medtr.A17.gnm5.ann1_6.MtrunA17Chr8g0361301	MtrunA17Chr8g0361301			medtr.A17.gnm5.MtrunA17Chr8	+	25629443	25632605	0.675709426936479	0.999999979788073	NS	2.53363112761758	0.00758606839124446	UP
UP	dnf2_only	medtr.A17.gnm5.ann1_6.MtrunA17Chr1g0210291	MtrunA17Chr1g0210291			medtr.A17.gnm5.MtrunA17Chr1	+	54084863	54087066	-1.6289559073022	0.907943603875265	NS	2.53352248890221	0.0203535546673928	UP
UP	dnf2_only	medtr.A17.gnm5.ann1_6.MtrunA17Chr4g0053021	MtrunA17Chr4g0053021			medtr.A17.gnm5.MtrunA17Chr4	+	46987974	46990799	-0.230575489429988	0.999999979788073	NS	2.53165142398258	0.00207256598728626	UP
UP	dnf2_only	medtr.A17.gnm5.ann1_6.MtrunA17Chr8g0337361	MtrunA17Chr8g0337361			medtr.A17.gnm5.MtrunA17Chr8	+	2303056	2305666	1.31587610453791	0.886637181431659	NS	2.52995884103564	0.00598796161819643	UP
UP	dnf2_only	medtr.A17.gnm5.ann1_6.MtrunA17Chr4g0054191	MtrunA17Chr4g0054191			medtr.A17.gnm5.MtrunA17Chr4	-	47991326	47994831	1.03338575023226	0.999999979788073	NS	2.52539159196485	0.0160024833695916	UP
UP	dnf2_only	medtr.A17.gnm5.ann1_6.MtrunA17Chr1g0163611	MtrunA17Chr1g0163611			medtr.A17.gnm5.MtrunA17Chr1	-	13427852	13430955	-0.798453479550839	0.999999979788073	NS	2.52426486659432	0.0111471103460888	UP
UP	dnf2_only	medtr.A17.gnm5.ann1_6.MtrunA17Chr7g0246151	MtrunA17Chr7g0246151	MtCYP76E21	Cytochrome P450 monooxygenase	medtr.A17.gnm5.MtrunA17Chr7	-	35007803	35012510	-1.05280142213612	0.999999979788073	NS	2.51753599083113	0.00011559906325007	UP
UP	dnf2_only	medtr.A17.gnm5.ann1_6.MtrunA17Chr7g0248911	MtrunA17Chr7g0248911	MtLYR5	LYK (LysM domain-RLK)-related 5	medtr.A17.gnm5.MtrunA17Chr7	+	36878099	36880956	0.998861566259441	0.999999979788073	NS	2.51655318686902	0.0275977604822398	UP
UP	dnf2_only	medtr.A17.gnm5.ann1_6.MtrunA17Chr5g0411231	MtrunA17Chr5g0411231			medtr.A17.gnm5.MtrunA17Chr5	-	12780151	12781641	-0.473247503925227	0.999999979788073	NS	2.51222692817413	0.041432780935395	UP
UP	dnf2_only	medtr.A17.gnm5.ann1_6.MtrunA17Chr3g0095201	MtrunA17Chr3g0095201			medtr.A17.gnm5.MtrunA17Chr3	+	18518660	18532370	1.15819053705292	0.999999979788073	NS	2.51092730603611	0.00322718522591935	UP
UP	dnf2_only	medtr.A17.gnm5.ann1_6.MtrunA17Chr1g0148501	MtrunA17Chr1g0148501			medtr.A17.gnm5.MtrunA17Chr1	+	1904058	1906988	-1.09294166366932	0.999999979788073	NS	2.50837749260917	0.00336585769789332	UP
UP	dnf2_only	medtr.A17.gnm5.ann1_6.MtrunA17Chr2g0322491	MtrunA17Chr2g0322491			medtr.A17.gnm5.MtrunA17Chr2	+	43229111	43231546	-0.879506054272673	0.999999979788073	NS	2.50288002044722	0.0417403049917499	UP
UP	dnf2_only	medtr.A17.gnm5.ann1_6.MtrunA17Chr1g0161781	MtrunA17Chr1g0161781			medtr.A17.gnm5.MtrunA17Chr1	-	11866074	11870579	1.45617900237473	0.742110612009616	NS	2.50167251206313	0.0121077591987484	UP
UP	dnf2_only	medtr.A17.gnm5.ann1_6.MtrunA17Chr5g0436291	MtrunA17Chr5g0436291			medtr.A17.gnm5.MtrunA17Chr5	-	36177821	36180228	-0.824441118692727	0.999999979788073	NS	2.49933058372289	0.0437608376696305	UP
UP	dnf2_only	medtr.A17.gnm5.ann1_6.MtrunA17Chr2g0280501	MtrunA17Chr2g0280501			medtr.A17.gnm5.MtrunA17Chr2	+	2560901	2562747	0.709087180179678	0.999999979788073	NS	2.49872378304732	0.0384295744258811	UP
UP	dnf2_only	medtr.A17.gnm5.ann1_6.MtrunA17Chr6g0483741	MtrunA17Chr6g0483741			medtr.A17.gnm5.MtrunA17Chr6	-	38297405	38298916	0.0479285938843279	0.999999979788073	NS	2.49631723876225	0.0048941092937144	UP
UP	dnf2_only	medtr.A17.gnm5.ann1_6.MtrunA17Chr1g0158341	MtrunA17Chr1g0158341			medtr.A17.gnm5.MtrunA17Chr1	+	9328340	9329794	1.01652676950785	0.999999979788073	NS	2.49468189237666	0.0321239906545994	UP
UP	dnf2_only	medtr.A17.gnm5.ann1_6.MtrunA17Chr4g0065281	MtrunA17Chr4g0065281			medtr.A17.gnm5.MtrunA17Chr4	-	56428356	56428954	1.15319810788718	0.999999979788073	NS	2.49137223153957	0.0101676949172449	UP
UP	dnf2_only	medtr.A17.gnm5.ann1_6.MtrunA17Chr7g0243861	MtrunA17Chr7g0243861			medtr.A17.gnm5.MtrunA17Chr7	+	32991807	32993838	0.448077537866789	0.999999979788073	NS	2.48772235987817	0.00527899246062946	UP
UP	dnf2_only	medtr.A17.gnm5.ann1_6.MtrunA17Chr6g0468601	MtrunA17Chr6g0468601	MtLegin21	Leginsulin	medtr.A17.gnm5.MtrunA17Chr6	-	17862167	17863544	2.14683745670383	0.25685954445229	NS	2.48704993518014	0.0379519408404618	UP
UP	dnf2_only	medtr.A17.gnm5.ann1_6.MtrunA17Chr4g0013391	MtrunA17Chr4g0013391			medtr.A17.gnm5.MtrunA17Chr4	+	10813843	10815106	0.929230007535287	0.999999979788073	NS	2.48532157190193	0.000139328075106387	UP
UP	dnf2_only	medtr.A17.gnm5.ann1_6.MtrunA17Chr1g0205261	MtrunA17Chr1g0205261			medtr.A17.gnm5.MtrunA17Chr1	-	50541652	50542412	1.15720243934678	0.999999979788073	NS	2.48504695890715	0.0190262974754084	UP
UP	dnf2_only	medtr.A17.gnm5.ann1_6.MtrunA17Chr7g0269541	MtrunA17Chr7g0269541			medtr.A17.gnm5.MtrunA17Chr7	+	51501526	51507281	-1.29409129807846	0.999999979788073	NS	2.47960209307781	0.00363678980752431	UP
UP	dnf2_only	medtr.A17.gnm5.ann1_6.MtrunA17Chr5g0431991	MtrunA17Chr5g0431991			medtr.A17.gnm5.MtrunA17Chr5	-	32707705	32709292	-1.22858587606172	0.999999979788073	NS	2.47881757664123	0.0128484419583668	UP
UP	dnf2_only	medtr.A17.gnm5.ann1_6.MtrunA17Chr3g0141361	MtrunA17Chr3g0141361			medtr.A17.gnm5.MtrunA17Chr3	-	55614145	55614835	-0.539197708426207	0.999999979788073	NS	2.47347566314107	0.0212209053257476	UP
UP	dnf2_only	medtr.A17.gnm5.ann1_6.MtrunA17MTg0491231	MtrunA17MTg0491231			medtr.A17.gnm5.MtrunA17MT	+	172575	176839	-0.194837399932685	0.999999979788073	NS	2.47196839988	0.00126139537752419	UP
UP	dnf2_only	medtr.A17.gnm5.ann1_6.MtrunA17Chr4g0003411	MtrunA17Chr4g0003411	MtPLD1	phospholipase D1	medtr.A17.gnm5.MtrunA17Chr4	-	2553411	2558407	0.540711940042762	0.999999979788073	NS	2.4654942326869	0.00157813018176631	UP
UP	dnf2_only	medtr.A17.gnm5.ann1_6.MtrunA17Chr1g0146861	MtrunA17Chr1g0146861			medtr.A17.gnm5.MtrunA17Chr1	+	625290	628828	1.44393945072256	0.402102780417483	NS	2.46508824448981	0.000669807662770383	UP
UP	dnf2_only	medtr.A17.gnm5.ann1_6.MtrunA17Chr1g0161771	MtrunA17Chr1g0161771			medtr.A17.gnm5.MtrunA17Chr1	+	11865148	11869350	1.74480827525726	0.445858587508406	NS	2.45607159256311	0.0225385454432617	UP
UP	dnf2_only	medtr.A17.gnm5.ann1_6.MtrunA17Chr5g0422891	MtrunA17Chr5g0422891			medtr.A17.gnm5.MtrunA17Chr5	-	24706746	24709093	-0.982828638772393	0.999999979788073	NS	2.45409668623102	0.00570451099418369	UP
UP	dnf2_only	medtr.A17.gnm5.ann1_6.MtrunA17Chr2g0310441	MtrunA17Chr2g0310441			medtr.A17.gnm5.MtrunA17Chr2	-	33365677	33370822	1.1603794724919	0.999999979788073	NS	2.45304799515242	0.0414167481093237	UP
UP	dnf2_only	medtr.A17.gnm5.ann1_6.MtrunA17Chr1g0146871	MtrunA17Chr1g0146871			medtr.A17.gnm5.MtrunA17Chr1	-	626739	627618	1.29124634587829	0.782665674913396	NS	2.45188942877022	0.00272882579002095	UP
UP	dnf2_only	medtr.A17.gnm5.ann1_6.MtrunA17Chr6g0463501	MtrunA17Chr6g0463501			medtr.A17.gnm5.MtrunA17Chr6	+	12706447	12708597	0.657314793717484	0.999999979788073	NS	2.44994490790997	0.00362742248621929	UP
UP	dnf2_only	medtr.A17.gnm5.ann1_6.MtrunA17Chr3g0129041	MtrunA17Chr3g0129041	MtPRX1	peroxidase 1	medtr.A17.gnm5.MtrunA17Chr3	+	46641516	46643489	0.697452198729691	0.999999979788073	NS	2.44974279632862	0.0105659637842241	UP
UP	dnf2_only	medtr.A17.gnm5.ann1_6.MtrunA17Chr1g0166401	MtrunA17Chr1g0166401	MtN26-1	Nodulin26	medtr.A17.gnm5.MtrunA17Chr1	-	15845803	15849823	2.05894905480227	0.102612465549268	NS	2.44325028572138	0.00559450053644504	UP
UP	dnf2_only	medtr.A17.gnm5.ann1_6.MtrunA17Chr3g0087921	MtrunA17Chr3g0087921			medtr.A17.gnm5.MtrunA17Chr3	+	9459665	9460308	0.0829300282764329	0.999999979788073	NS	2.44322740160002	0.0283218282860171	UP
UP	dnf2_only	medtr.A17.gnm5.ann1_6.MtrunA17Chr7g0264801	MtrunA17Chr7g0264801			medtr.A17.gnm5.MtrunA17Chr7	+	48244505	48248281	1.22686536678822	0.787189560042425	NS	2.4423488446553	0.000350796998802478	UP
UP	dnf2_only	medtr.A17.gnm5.ann1_6.MtrunA17Chr7g0241591	MtrunA17Chr7g0241591			medtr.A17.gnm5.MtrunA17Chr7	+	31158199	31162712	1.83345587542529	0.41292010201701	NS	2.43869295918769	0.0301784868665036	UP
UP	dnf2_only	medtr.A17.gnm5.ann1_6.MtrunA17Chr2g0282691	MtrunA17Chr2g0282691			medtr.A17.gnm5.MtrunA17Chr2	-	4121463	4122678	-3.0213483766992	0.0451023456226807	DOWN	2.43790488699824	0.00391104863558008	UP
UP	dnf2_only	medtr.A17.gnm5.ann1_6.MtrunA17Chr4g0076471	MtrunA17Chr4g0076471			medtr.A17.gnm5.MtrunA17Chr4	+	64330230	64332371	1.48127474849935	0.64664070689518	NS	2.43455979330577	0.0112786667433054	UP
UP	dnf2_only	medtr.A17.gnm5.ann1_6.MtrunA17MTg0491241	MtrunA17MTg0491241			medtr.A17.gnm5.MtrunA17MT	-	174275	176425	-0.141333329294519	0.999999979788073	NS	2.43410488419456	0.00127158751419596	UP
UP	dnf2_only	medtr.A17.gnm5.ann1_6.MtrunA17Chr7g0248221	MtrunA17Chr7g0248221			medtr.A17.gnm5.MtrunA17Chr7	-	36365055	36367616	-2.82450270843812	0.419288950465937	NS	2.43215778984606	0.0197081437392446	UP
UP	dnf2_only	medtr.A17.gnm5.ann1_6.MtrunA17Chr8g0388231	MtrunA17Chr8g0388231			medtr.A17.gnm5.MtrunA17Chr8	+	46142759	46146941	0.474557387849196	0.999999979788073	NS	2.4283443872763	0.00605284541241297	UP
UP	dnf2_only	medtr.A17.gnm5.ann1_6.MtrunA17Chr1g0172541	MtrunA17Chr1g0172541			medtr.A17.gnm5.MtrunA17Chr1	-	21657673	21665966	-0.149432481023919	0.999999979788073	NS	2.42316981654309	0.000404470269483445	UP
UP	dnf2_only	medtr.A17.gnm5.ann1_6.MtrunA17Chr5g0410031	MtrunA17Chr5g0410031			medtr.A17.gnm5.MtrunA17Chr5	+	11696842	11700968	0.936632897168364	0.999999979788073	NS	2.42313911479135	0.00314711007142198	UP
UP	dnf2_only	medtr.A17.gnm5.ann1_6.MtrunA17Chr2g0280991	MtrunA17Chr2g0280991			medtr.A17.gnm5.MtrunA17Chr2	+	2840841	2844587	0.675890529604464	0.999999979788073	NS	2.42291875508873	0.00961402441934761	UP
UP	dnf2_only	medtr.A17.gnm5.ann1_6.MtrunA17Chr4g0068541	MtrunA17Chr4g0068541			medtr.A17.gnm5.MtrunA17Chr4	+	58660331	58662647	1.02400756268119	0.999999979788073	NS	2.4217597299509	0.0155884602530131	UP
UP	dnf2_only	medtr.A17.gnm5.ann1_6.MtrunA17Chr6g0463511	MtrunA17Chr6g0463511			medtr.A17.gnm5.MtrunA17Chr6	-	12706514	12707680	0.483959158585822	0.999999979788073	NS	2.42147553691117	0.00692433827671543	UP
UP	dnf2_only	medtr.A17.gnm5.ann1_6.MtrunA17Chr3g0118031	MtrunA17Chr3g0118031			medtr.A17.gnm5.MtrunA17Chr3	-	38802198	38803896	0.10681927584669	0.999999979788073	NS	2.41977518646736	0.0325731616617981	UP
UP	dnf2_only	medtr.A17.gnm5.ann1_6.MtrunA17Chr1g0188801	MtrunA17Chr1g0188801			medtr.A17.gnm5.MtrunA17Chr1	+	38496780	38498202	-0.129886273134706	0.999999979788073	NS	2.41504302521608	0.0317003239164895	UP
UP	dnf2_only	medtr.A17.gnm5.ann1_6.MtrunA17Chr7g0238371	MtrunA17Chr7g0238371	MtRbohF	RESPIRATORY BURST OXIDASE HOMOLOG F	medtr.A17.gnm5.MtrunA17Chr7	+	28344586	28350502	-0.599181097778109	0.999999979788073	NS	2.41504210254879	0.013460400096872	UP
UP	dnf2_only	medtr.A17.gnm5.ann1_6.MtrunA17Chr2g0304871	MtrunA17Chr2g0304871	MtCYP82D47	Cytochrome P450 monooxygenase	medtr.A17.gnm5.MtrunA17Chr2	-	23390680	23395155	1.2088782606051	0.903722237401677	NS	2.41461151624763	0.00180891097772078	UP
UP	dnf2_only	medtr.A17.gnm5.ann1_6.MtrunA17Chr6g0452381	MtrunA17Chr6g0452381			medtr.A17.gnm5.MtrunA17Chr6	-	2767120	2768262	-0.985111839038566	0.999999979788073	NS	2.41166601183077	0.00115074299321252	UP
UP	dnf2_only	medtr.A17.gnm5.ann1_6.MtrunA17Chr1g0203611	MtrunA17Chr1g0203611			medtr.A17.gnm5.MtrunA17Chr1	-	49350627	49351154	-0.13102382333681	0.999999979788073	NS	2.41149539311922	0.00998267241890511	UP
UP	dnf2_only	medtr.A17.gnm5.ann1_6.MtrunA17Chr4g0075091	MtrunA17Chr4g0075091			medtr.A17.gnm5.MtrunA17Chr4	-	63484635	63487387	1.66778201619508	0.251093380147311	NS	2.40990591348856	0.00209994788247056	UP
UP	dnf2_only	medtr.A17.gnm5.ann1_6.MtrunA17Chr8g0354191	MtrunA17Chr8g0354191			medtr.A17.gnm5.MtrunA17Chr8	+	15865560	15868846	1.02713423108992	0.999999979788073	NS	2.40717602171393	0.0133718534943141	UP
UP	dnf2_only	medtr.A17.gnm5.ann1_6.MtrunA17Chr2g0315841	MtrunA17Chr2g0315841			medtr.A17.gnm5.MtrunA17Chr2	+	38047499	38049782	1.00276548471044	0.999999979788073	NS	2.40575523659178	0.000583283581368105	UP
UP	dnf2_only	medtr.A17.gnm5.ann1_6.MtrunA17Chr4g0013371	MtrunA17Chr4g0013371			medtr.A17.gnm5.MtrunA17Chr4	+	10787449	10789231	0.29152425825604	0.999999979788073	NS	2.40564120650545	0.000568857231473052	UP
UP	dnf2_only	medtr.A17.gnm5.ann1_6.MtrunA17Chr4g0064551	MtrunA17Chr4g0064551			medtr.A17.gnm5.MtrunA17Chr4	+	55930347	55931757	1.28588789611344	0.572534691221774	NS	2.40153661452871	0.000180261537291803	UP
UP	dnf2_only	medtr.A17.gnm5.ann1_6.MtrunA17Chr7g0265891	MtrunA17Chr7g0265891			medtr.A17.gnm5.MtrunA17Chr7	-	49034834	49036380	-1.1090437739038	0.999999979788073	NS	2.40085356402732	0.0272568426230024	UP
UP	dnf2_only	medtr.A17.gnm5.ann1_6.MtrunA17Chr8g0379461	MtrunA17Chr8g0379461			medtr.A17.gnm5.MtrunA17Chr8	+	40143373	40145376	0.534374682211824	0.999999979788073	NS	2.39905209853181	0.000488253488149994	UP
UP	dnf2_only	medtr.A17.gnm5.ann1_6.MtrunA17Chr4g0049951	MtrunA17Chr4g0049951			medtr.A17.gnm5.MtrunA17Chr4	+	45110706	45111495	-0.0939686090660431	0.999999979788073	NS	2.39457027716054	0.00199383900087482	UP
UP	dnf2_only	medtr.A17.gnm5.ann1_6.MtrunA17Chr4g0042171	MtrunA17Chr4g0042171			medtr.A17.gnm5.MtrunA17Chr4	+	39594180	39598729	1.00435334287899	0.999999979788073	NS	2.39251173372625	0.00293601555272753	UP
UP	dnf2_only	medtr.A17.gnm5.ann1_6.MtrunA17Chr2g0317701	MtrunA17Chr2g0317701	MtTRX S2	thioredoxin S2	medtr.A17.gnm5.MtrunA17Chr2	+	39523666	39524708	-0.43707255720898	0.999999979788073	NS	2.39242023700879	0.00314973331045405	UP
UP	dnf2_only	medtr.A17.gnm5.ann1_6.MtrunA17Chr8g0370831	MtrunA17Chr8g0370831			medtr.A17.gnm5.MtrunA17Chr8	+	33900223	33902394	-0.888872011994873	0.999999979788073	NS	2.39218980625734	0.00785439397615547	UP
UP	dnf2_only	medtr.A17.gnm5.ann1_6.MtrunA17Chr4g0064561	MtrunA17Chr4g0064561			medtr.A17.gnm5.MtrunA17Chr4	-	55930399	55931450	1.38273531115493	0.455323894501844	NS	2.38976317851404	0.000489657404999153	UP
UP	dnf2_only	medtr.A17.gnm5.ann1_6.MtrunA17Chr4g0009531	MtrunA17Chr4g0009531			medtr.A17.gnm5.MtrunA17Chr4	+	7417312	7422340	1.11771356402802	0.999999979788073	NS	2.38785204786868	0.000347986812339882	UP
UP	dnf2_only	medtr.A17.gnm5.ann1_6.MtrunA17Chr6g0464771	MtrunA17Chr6g0464771			medtr.A17.gnm5.MtrunA17Chr6	+	14020367	14024894	-1.45297943888002	0.999999979788073	NS	2.38156707825721	0.0475480728355596	UP
UP	dnf2_only	medtr.A17.gnm5.ann1_6.MtrunA17Chr6g0470321	MtrunA17Chr6g0470321			medtr.A17.gnm5.MtrunA17Chr6	-	20306880	20312996	0.237930090173819	0.999999979788073	NS	2.38122302118978	0.00708427087035625	UP
UP	dnf2_only	medtr.A17.gnm5.ann1_6.MtrunA17Chr1g0180331	MtrunA17Chr1g0180331			medtr.A17.gnm5.MtrunA17Chr1	-	31473125	31477615	-0.051799878986806	0.999999979788073	NS	2.38077032563676	0.0148058855718881	UP
UP	dnf2_only	medtr.A17.gnm5.ann1_6.MtrunA17Chr2g0294751	MtrunA17Chr2g0294751			medtr.A17.gnm5.MtrunA17Chr2	+	13369420	13375957	0.713451312784756	0.999999979788073	NS	2.37930578636801	0.00513223120809633	UP
UP	dnf2_only	medtr.A17.gnm5.ann1_6.MtrunA17Chr7g0258701	MtrunA17Chr7g0258701			medtr.A17.gnm5.MtrunA17Chr7	+	43893181	43894218	-1.5665381636335	0.999999979788073	NS	2.37733363990629	0.0423947139652138	UP
UP	dnf2_only	medtr.A17.gnm5.ann1_6.MtrunA17Chr3g0139151	MtrunA17Chr3g0139151			medtr.A17.gnm5.MtrunA17Chr3	+	53926534	53926810	1.46750742160967	0.713550315914302	NS	2.37554648862022	0.0184593055059032	UP
UP	dnf2_only	medtr.A17.gnm5.ann1_6.MtrunA17Chr3g0127671	MtrunA17Chr3g0127671			medtr.A17.gnm5.MtrunA17Chr3	-	45669643	45673331	-2.3807039679767	0.115109312961429	NS	2.3735442064603	0.00228720694590447	UP
UP	dnf2_only	medtr.A17.gnm5.ann1_6.MtrunA17Chr1g0188391	MtrunA17Chr1g0188391			medtr.A17.gnm5.MtrunA17Chr1	+	38210006	38212024	0.761432641888064	0.999999979788073	NS	2.37217054538446	0.00124733284073654	UP
UP	dnf2_only	medtr.A17.gnm5.ann1_6.MtrunA17Chr3g0112391	MtrunA17Chr3g0112391			medtr.A17.gnm5.MtrunA17Chr3	+	34400337	34404654	1.08688297623428	0.999999979788073	NS	2.37173699114423	0.00049060190398899	UP
UP	dnf2_only	medtr.A17.gnm5.ann1_6.MtrunA17Chr6g0486651	MtrunA17Chr6g0486651			medtr.A17.gnm5.MtrunA17Chr6	+	40957765	40960024	1.14999102440827	0.999999979788073	NS	2.37141275636545	0.00114340557314742	UP
UP	dnf2_only	medtr.A17.gnm5.ann1_6.MtrunA17Chr4g0001511	MtrunA17Chr4g0001511			medtr.A17.gnm5.MtrunA17Chr4	+	1030477	1033198	0.438314329677733	0.999999979788073	NS	2.37006474888832	0.013509032604052	UP
UP	dnf2_only	medtr.A17.gnm5.ann1_6.MtrunA17Chr5g0394031	MtrunA17Chr5g0394031			medtr.A17.gnm5.MtrunA17Chr5	-	503338	508021	-1.24592706967423	0.773023158388507	NS	2.36977429467006	0.000262577969129368	UP
UP	dnf2_only	medtr.A17.gnm5.ann1_6.MtrunA17Chr8g0365061	MtrunA17Chr8g0365061			medtr.A17.gnm5.MtrunA17Chr8	+	29298181	29299440	-0.789717795719661	0.999999979788073	NS	2.36750395552063	0.00300099006547019	UP
UP	dnf2_only	medtr.A17.gnm5.ann1_6.MtrunA17Chr5g0410161	MtrunA17Chr5g0410161			medtr.A17.gnm5.MtrunA17Chr5	+	11777122	11782174	0.374251715586285	0.999999979788073	NS	2.35697857026748	0.00930422689754983	UP
UP	dnf2_only	medtr.A17.gnm5.ann1_6.MtrunA17Chr3g0130361	MtrunA17Chr3g0130361			medtr.A17.gnm5.MtrunA17Chr3	+	47550437	47551856	-1.40737218050712	0.999999979788073	NS	2.35522154671871	0.0264346273217178	UP
UP	dnf2_only	medtr.A17.gnm5.ann1_6.MtrunA17Chr7g0240541	MtrunA17Chr7g0240541			medtr.A17.gnm5.MtrunA17Chr7	-	30352612	30355884	1.28649784361457	0.915620290409031	NS	2.34784780508883	0.0134236662361772	UP
UP	dnf2_only	medtr.A17.gnm5.ann1_6.MtrunA17Chr8g0339311	MtrunA17Chr8g0339311	MtCYP82L14	Cytochrome P450 monooxygenase	medtr.A17.gnm5.MtrunA17Chr8	+	3566164	3569676	-0.362494989138994	0.999999979788073	NS	2.34583822704799	0.00652756276372379	UP
UP	dnf2_only	medtr.A17.gnm5.ann1_6.MtrunA17Chr1g0154311	MtrunA17Chr1g0154311			medtr.A17.gnm5.MtrunA17Chr1	-	6554109	6557798	-0.684194617167058	0.999999979788073	NS	2.34154769329513	0.0244950834436273	UP
UP	dnf2_only	medtr.A17.gnm5.ann1_6.MtrunA17Chr4g0014971	MtrunA17Chr4g0014971			medtr.A17.gnm5.MtrunA17Chr4	-	12315552	12317630	-0.363755972582722	0.999999979788073	NS	2.33910798524088	0.0262996787126708	UP
UP	dnf2_only	medtr.A17.gnm5.ann1_6.MtrunA17Chr6g0484081	MtrunA17Chr6g0484081			medtr.A17.gnm5.MtrunA17Chr6	+	38632714	38634340	-3.13394038334761	0.35547079716658	NS	2.33910533354802	0.026441378098403	UP
UP	dnf2_only	medtr.A17.gnm5.ann1_6.MtrunA17Chr7g0224801	MtrunA17Chr7g0224801			medtr.A17.gnm5.MtrunA17Chr7	+	10131113	10133100	1.79420282124641	0.246458729525494	NS	2.33453431467967	0.0108715803821991	UP
UP	dnf2_only	medtr.A17.gnm5.ann1_6.MtrunA17Chr8g0367101	MtrunA17Chr8g0367101			medtr.A17.gnm5.MtrunA17Chr8	+	30854575	30862557	-0.462435587472565	0.999999979788073	NS	2.32989751270589	0.00141389247561598	UP
UP	dnf2_only	medtr.A17.gnm5.ann1_6.MtrunA17Chr7g0232441	MtrunA17Chr7g0232441			medtr.A17.gnm5.MtrunA17Chr7	-	22677238	22680856	0.380517634713612	0.999999979788073	NS	2.32975184995805	0.00395300707220859	UP
UP	dnf2_only	medtr.A17.gnm5.ann1_6.MtrunA17Chr3g0109431	MtrunA17Chr3g0109431			medtr.A17.gnm5.MtrunA17Chr3	+	32330134	32335211	2.34630905192214	0.0526266722445402	NS	2.32705040162934	0.0165737697427849	UP
UP	dnf2_only	medtr.A17.gnm5.ann1_6.MtrunA17Chr7g0242981	MtrunA17Chr7g0242981			medtr.A17.gnm5.MtrunA17Chr7	+	32398198	32401821	-1.46450417202815	0.813863237001703	NS	2.32583621705973	0.00580541501898995	UP
UP	dnf2_only	medtr.A17.gnm5.ann1_6.MtrunA17Chr7g0240991	MtrunA17Chr7g0240991			medtr.A17.gnm5.MtrunA17Chr7	+	30727353	30731205	1.77297361747199	0.0774735470194492	NS	2.32462958913148	0.000779038718033511	UP
UP	dnf2_only	medtr.A17.gnm5.ann1_6.MtrunA17Chr7g0242811	MtrunA17Chr7g0242811			medtr.A17.gnm5.MtrunA17Chr7	+	32258579	32269023	0.678732582192038	0.999999979788073	NS	2.32147773170676	0.0251643345533444	UP
UP	dnf2_only	medtr.A17.gnm5.ann1_6.MtrunA17Chr4g0047631	MtrunA17Chr4g0047631	MtCYP71AU56	Cytochrome P450 monooxygenase	medtr.A17.gnm5.MtrunA17Chr4	+	43583761	43586477	1.37157930157356	0.395669878742265	NS	2.32126393389835	0.000274991563266808	UP
UP	dnf2_only	medtr.A17.gnm5.ann1_6.MtrunA17Chr8g0355831	MtrunA17Chr8g0355831			medtr.A17.gnm5.MtrunA17Chr8	-	17405173	17412034	0.495604430649636	0.999999979788073	NS	2.3168287133235	0.0100259111519905	UP
UP	dnf2_only	medtr.A17.gnm5.ann1_6.MtrunA17Chr8g0391221	MtrunA17Chr8g0391221			medtr.A17.gnm5.MtrunA17Chr8	+	48160924	48164269	-0.860324707461489	0.999999979788073	NS	2.31546057984319	0.0355048788711734	UP
UP	dnf2_only	medtr.A17.gnm5.ann1_6.MtrunA17Chr6g0455721	MtrunA17Chr6g0455721			medtr.A17.gnm5.MtrunA17Chr6	+	5754884	5758090	-2.79512395224347	0.0956114773615688	NS	2.31530228967237	0.00903982934857165	UP
UP	dnf2_only	medtr.A17.gnm5.ann1_6.MtrunA17Chr2g0305541	MtrunA17Chr2g0305541	MtPhytogb1.3|MtGlb1-3	non-symbiotic hemoglobin (ns-Hb)	medtr.A17.gnm5.MtrunA17Chr2	-	25296311	25298082	0.0164610110636277	0.999999979788073	NS	2.30854323665729	0.00278004285583474	UP
UP	dnf2_only	medtr.A17.gnm5.ann1_6.MtrunA17Chr6g0466831	MtrunA17Chr6g0466831			medtr.A17.gnm5.MtrunA17Chr6	+	15667085	15669003	0.564212459903555	0.999999979788073	NS	2.30538031871125	0.0307405224462482	UP
UP	dnf2_only	medtr.A17.gnm5.ann1_6.MtrunA17Chr2g0311941	MtrunA17Chr2g0311941			medtr.A17.gnm5.MtrunA17Chr2	+	34882513	34886089	-0.911559203881737	0.999999979788073	NS	2.30456380671062	8.24039770445029e-05	UP
UP	dnf2_only	medtr.A17.gnm5.ann1_6.MtrunA17Chr1g0160561	MtrunA17Chr1g0160561			medtr.A17.gnm5.MtrunA17Chr1	-	11015551	11024460	0.536926565974562	0.999999979788073	NS	2.30222944297599	0.00798675416357137	UP
UP	dnf2_only	medtr.A17.gnm5.ann1_6.MtrunA17Chr4g0006131	MtrunA17Chr4g0006131			medtr.A17.gnm5.MtrunA17Chr4	-	4888416	4896812	1.34743030116518	0.441706166451865	NS	2.30133711445303	0.000413883029732737	UP
UP	dnf2_only	medtr.A17.gnm5.ann1_6.MtrunA17Chr3g0145351	MtrunA17Chr3g0145351			medtr.A17.gnm5.MtrunA17Chr3	-	58476392	58478030	-0.140223423870442	0.999999979788073	NS	2.29939769652165	0.0346029910138935	UP
UP	dnf2_only	medtr.A17.gnm5.ann1_6.MtrunA17Chr4g0025751	MtrunA17Chr4g0025751			medtr.A17.gnm5.MtrunA17Chr4	-	26663501	26671408	-1.49067487434	0.572850536498172	NS	2.29833723843531	0.0038434492830784	UP
UP	dnf2_only	medtr.A17.gnm5.ann1_6.MtrunA17Chr5g0430011	MtrunA17Chr5g0430011			medtr.A17.gnm5.MtrunA17Chr5	-	31249704	31252344	-0.0302940939165537	0.999999979788073	NS	2.2981451564615	0.000166005895740537	UP
UP	dnf2_only	medtr.A17.gnm5.ann1_6.MtrunA17Chr1g0148401	MtrunA17Chr1g0148401			medtr.A17.gnm5.MtrunA17Chr1	-	1807333	1810309	1.20268235457694	0.999999979788073	NS	2.29356679476699	0.0147564713560169	UP
UP	dnf2_only	medtr.A17.gnm5.ann1_6.MtrunA17Chr4g0058261	MtrunA17Chr4g0058261	MtCYP71A31	Cytochrome P450 monooxygenase	medtr.A17.gnm5.MtrunA17Chr4	-	51310725	51314101	1.32954147252396	0.813194917692016	NS	2.29038973761862	0.0146294710680073	UP
UP	dnf2_only	medtr.A17.gnm5.ann1_6.MtrunA17Chr3g0081591	MtrunA17Chr3g0081591			medtr.A17.gnm5.MtrunA17Chr3	+	3566766	3569357	-2.91198948350683	0.336260064321814	NS	2.28988506363728	0.0280405515652808	UP
UP	dnf2_only	medtr.A17.gnm5.ann1_6.MtrunA17Chr4g0020311	MtrunA17Chr4g0020311			medtr.A17.gnm5.MtrunA17Chr4	+	16277110	16278540	-0.38070877737141	0.999999979788073	NS	2.28722915191435	0.00970391552636556	UP
UP	dnf2_only	medtr.A17.gnm5.ann1_6.MtrunA17Chr3g0118591	MtrunA17Chr3g0118591			medtr.A17.gnm5.MtrunA17Chr3	+	39190868	39193438	-0.868230309964125	0.999999979788073	NS	2.28147419139327	0.0183496313818882	UP
UP	dnf2_only	medtr.A17.gnm5.ann1_6.MtrunA17Chr1g0211661	MtrunA17Chr1g0211661	MtJMJ10	Histone demethylase JmjC domain-containing	medtr.A17.gnm5.MtrunA17Chr1	+	55163049	55168257	0.302717232218475	0.999999979788073	NS	2.27889888799791	0.0126664369462017	UP
UP	dnf2_only	medtr.A17.gnm5.ann1_6.MtrunA17Chr5g0398581	MtrunA17Chr5g0398581			medtr.A17.gnm5.MtrunA17Chr5	+	3381215	3384470	1.60088147883821	0.365904054820904	NS	2.27816929856017	0.00948049536258631	UP
UP	dnf2_only	medtr.A17.gnm5.ann1_6.MtrunA17Chr8g0390031	MtrunA17Chr8g0390031			medtr.A17.gnm5.MtrunA17Chr8	-	47363244	47364330	-0.309813925428698	0.999999979788073	NS	2.27772966753259	0.0158797465041506	UP
UP	dnf2_only	medtr.A17.gnm5.ann1_6.MtrunA17Chr4g0049291	MtrunA17Chr4g0049291			medtr.A17.gnm5.MtrunA17Chr4	-	44666108	44671309	-0.288758097575076	0.999999979788073	NS	2.26909258676437	0.00508263494743543	UP
UP	dnf2_only	medtr.A17.gnm5.ann1_6.MtrunA17Chr4g0005131	MtrunA17Chr4g0005131			medtr.A17.gnm5.MtrunA17Chr4	-	4122912	4124128	-0.231465955419771	0.999999979788073	NS	2.26864148125004	0.000251856972662971	UP
UP	dnf2_only	medtr.A17.gnm5.ann1_6.MtrunA17Chr7g0266141	MtrunA17Chr7g0266141			medtr.A17.gnm5.MtrunA17Chr7	-	49301020	49305759	0.0624971940648618	0.999999979788073	NS	2.26805741197105	0.0207503110319746	UP
UP	dnf2_only	medtr.A17.gnm5.ann1_6.MtrunA17MTg0490141	MtrunA17MTg0490141			medtr.A17.gnm5.MtrunA17MT	+	5250	7884	-0.0139150600301092	0.999999979788073	NS	2.26296051963484	0.00278140234306294	UP
UP	dnf2_only	medtr.A17.gnm5.ann1_6.MtrunA17Chr2g0318081	MtrunA17Chr2g0318081			medtr.A17.gnm5.MtrunA17Chr2	+	39839374	39841200	2.08405244403471	0.074857121258019	NS	2.25702694478452	0.0117052721767101	UP
UP	dnf2_only	medtr.A17.gnm5.ann1_6.MtrunA17Chr2g0334111	MtrunA17Chr2g0334111			medtr.A17.gnm5.MtrunA17Chr2	-	51758044	51764017	-0.196340008078172	0.999999979788073	NS	2.25519060756787	0.0081110256939735	UP
UP	dnf2_only	medtr.A17.gnm5.ann1_6.MtrunA17Chr1g0187021	MtrunA17Chr1g0187021			medtr.A17.gnm5.MtrunA17Chr1	-	37190360	37194678	0.635308693140603	0.999999979788073	NS	2.25131753509596	0.00812623679116475	UP
UP	dnf2_only	medtr.A17.gnm5.ann1_6.MtrunA17Chr8g0339191	MtrunA17Chr8g0339191	MtBG37	beta-1,3-Glucanase 37	medtr.A17.gnm5.MtrunA17Chr8	+	3444170	3448057	0.647618821572478	0.999999979788073	NS	2.23978957155549	0.00377347000135139	UP
UP	dnf2_only	medtr.A17.gnm5.ann1_6.MtrunA17Chr2g0297691	MtrunA17Chr2g0297691			medtr.A17.gnm5.MtrunA17Chr2	-	15719532	15726256	-0.184520907059438	0.999999979788073	NS	2.23978031966207	0.00131100503554287	UP
UP	dnf2_only	medtr.A17.gnm5.ann1_6.MtrunA17Chr4g0040611	MtrunA17Chr4g0040611			medtr.A17.gnm5.MtrunA17Chr4	-	38506878	38512900	2.14102502565557	0.0739727551080612	NS	2.23970036929642	0.0143627131135285	UP
UP	dnf2_only	medtr.A17.gnm5.ann1_6.MtrunA17Chr8g0358741	MtrunA17Chr8g0358741			medtr.A17.gnm5.MtrunA17Chr8	+	21253231	21254184	-0.207461678430399	0.999999979788073	NS	2.23928256946895	0.0411682391217014	UP
UP	dnf2_only	medtr.A17.gnm5.ann1_6.MtrunA17Chr1g0161791	MtrunA17Chr1g0161791			medtr.A17.gnm5.MtrunA17Chr1	+	11878240	11879299	0.545244791244675	0.999999979788073	NS	2.23903771677878	0.0408983415238058	UP
UP	dnf2_only	medtr.A17.gnm5.ann1_6.MtrunA17Chr7g0218721	MtrunA17Chr7g0218721			medtr.A17.gnm5.MtrunA17Chr7	+	3951798	3956319	0.137472657255784	0.999999979788073	NS	2.23669350340393	0.0123048163873511	UP
UP	dnf2_only	medtr.A17.gnm5.ann1_6.MtrunA17Chr8g0370461	MtrunA17Chr8g0370461			medtr.A17.gnm5.MtrunA17Chr8	+	33605714	33610320	0.510170853940997	0.999999979788073	NS	2.2340784755884	0.000484712820659022	UP
UP	dnf2_only	medtr.A17.gnm5.ann1_6.MtrunA17Chr5g0409641	MtrunA17Chr5g0409641			medtr.A17.gnm5.MtrunA17Chr5	-	11340634	11344189	0.61408529116471	0.999999979788073	NS	2.23299794929908	0.000383823590284324	UP
UP	dnf2_only	medtr.A17.gnm5.ann1_6.MtrunA17Chr5g0394991	MtrunA17Chr5g0394991	MtnsLTP97	non-specific Lipid Transfer Protein	medtr.A17.gnm5.MtrunA17Chr5	-	1155360	1157065	-0.969873023846098	0.999999979788073	NS	2.2327708923116	0.000660393290740857	UP
UP	dnf2_only	medtr.A17.gnm5.ann1_6.MtrunA17Chr1g0183131	MtrunA17Chr1g0183131			medtr.A17.gnm5.MtrunA17Chr1	+	33966804	33970986	1.35471833823765	0.39661857361218	NS	2.23251442075724	0.000360557765411956	UP
UP	dnf2_only	medtr.A17.gnm5.ann1_6.MtrunA17Chr4g0034121	MtrunA17Chr4g0034121			medtr.A17.gnm5.MtrunA17Chr4	-	33844982	33847197	0.877550990234061	0.999999979788073	NS	2.23164678320387	0.0193807179692952	UP
UP	dnf2_only	medtr.A17.gnm5.ann1_6.MtrunA17Chr6g0454151	MtrunA17Chr6g0454151			medtr.A17.gnm5.MtrunA17Chr6	+	4431179	4433160	0.111567041637236	0.999999979788073	NS	2.22884596553013	0.0354197982285161	UP
UP	dnf2_only	medtr.A17.gnm5.ann1_6.MtrunA17Chr3g0123481	MtrunA17Chr3g0123481			medtr.A17.gnm5.MtrunA17Chr3	-	42647689	42652323	0.157506521654796	0.999999979788073	NS	2.22769931305376	8.54631983635061e-05	UP
UP	dnf2_only	medtr.A17.gnm5.ann1_6.MtrunA17Chr4g0020071	MtrunA17Chr4g0020071			medtr.A17.gnm5.MtrunA17Chr4	-	15771944	15773528	-0.296383983577326	0.999999979788073	NS	2.22539339626394	0.0267571018192803	UP
UP	dnf2_only	medtr.A17.gnm5.ann1_6.MtrunA17Chr1g0165671	MtrunA17Chr1g0165671			medtr.A17.gnm5.MtrunA17Chr1	-	15172854	15176307	-0.829328615660043	0.999999979788073	NS	2.22482887019678	0.00152261194496662	UP
UP	dnf2_only	medtr.A17.gnm5.ann1_6.MtrunA17Chr5g0432401	MtrunA17Chr5g0432401	MtPrx01|MtRIP1	RHIZOBIUM-INDUCED PEROXIDASE 1|peroxidase 29	medtr.A17.gnm5.MtrunA17Chr5	-	33090635	33093282	-2.30859421247805	0.0749314258711187	NS	2.22461597383354	0.0130924474669884	UP
UP	dnf2_only	medtr.A17.gnm5.ann1_6.MtrunA17Chr8g0336411	MtrunA17Chr8g0336411			medtr.A17.gnm5.MtrunA17Chr8	-	1647515	1651305	1.61185892910991	0.539509849852834	NS	2.21639885183101	0.0356490877361945	UP
UP	dnf2_only	medtr.A17.gnm5.ann1_6.MtrunA17Chr8g0389961	MtrunA17Chr8g0389961			medtr.A17.gnm5.MtrunA17Chr8	-	47338274	47343380	0.500646119487901	0.999999979788073	NS	2.21068895603116	7.60159406982696e-06	UP
UP	dnf2_only	medtr.A17.gnm5.ann1_6.MtrunA17Chr8g0378101	MtrunA17Chr8g0378101			medtr.A17.gnm5.MtrunA17Chr8	+	39252196	39253078	-0.0725572019025676	0.999999979788073	NS	2.20502738019014	0.0195910839250342	UP
UP	dnf2_only	medtr.A17.gnm5.ann1_6.MtrunA17Chr4g0025731	MtrunA17Chr4g0025731			medtr.A17.gnm5.MtrunA17Chr4	-	26645672	26648347	-1.55021120261553	0.796008032175235	NS	2.20460934736309	0.0187160956094049	UP
UP	dnf2_only	medtr.A17.gnm5.ann1_6.MtrunA17Chr2g0327821	MtrunA17Chr2g0327821	MtMYB113	Myeloblastosis (MYB) transcription factor 113	medtr.A17.gnm5.MtrunA17Chr2	-	47279254	47281040	1.56789897607645	0.304065061781189	NS	2.19700840759499	0.00575154841233852	UP
UP	dnf2_only	medtr.A17.gnm5.ann1_6.MtrunA17Chr1g0178701	MtrunA17Chr1g0178701			medtr.A17.gnm5.MtrunA17Chr1	+	30119737	30121113	0.969469349429749	0.999999979788073	NS	2.1969662219217	0.017772571359865	UP
UP	dnf2_only	medtr.A17.gnm5.ann1_6.MtrunA17Chr4g0046341	MtrunA17Chr4g0046341			medtr.A17.gnm5.MtrunA17Chr4	+	42735417	42738114	1.96920955900174	0.0689664537468381	NS	2.19435762777086	0.0072051763202899	UP
UP	dnf2_only	medtr.A17.gnm5.ann1_6.MtrunA17Chr8g0374321	MtrunA17Chr8g0374321			medtr.A17.gnm5.MtrunA17Chr8	+	36353747	36357984	-1.54772289518276	0.671245047358641	NS	2.19368321993694	0.00970336645248774	UP
UP	dnf2_only	medtr.A17.gnm5.ann1_6.MtrunA17Chr5g0436141	MtrunA17Chr5g0436141			medtr.A17.gnm5.MtrunA17Chr5	-	36059334	36063999	-0.182536539476448	0.999999979788073	NS	2.19057780625719	0.0487586890941587	UP
UP	dnf2_only	medtr.A17.gnm5.ann1_6.MtrunA17Chr1g0204011	MtrunA17Chr1g0204011	MtPrx13	peroxidase	medtr.A17.gnm5.MtrunA17Chr1	+	49617299	49619873	0.301171180832687	0.999999979788073	NS	2.19013854281264	0.0251455952182335	UP
UP	dnf2_only	medtr.A17.gnm5.ann1_6.MtrunA17Chr1g0200961	MtrunA17Chr1g0200961	MtCYP76Y14	Cytochrome P450 monooxygenase	medtr.A17.gnm5.MtrunA17Chr1	-	47500771	47503967	0.0664243870622299	0.999999979788073	NS	2.18562519538964	0.000534384387818317	UP
UP	dnf2_only	medtr.A17.gnm5.ann1_6.MtrunA17Chr1g0161751	MtrunA17Chr1g0161751			medtr.A17.gnm5.MtrunA17Chr1	+	11855654	11860640	1.35042530940066	0.455323894501844	NS	2.18302417142896	0.00111667295242262	UP
UP	dnf2_only	medtr.A17.gnm5.ann1_6.MtrunA17Chr4g0069351	MtrunA17Chr4g0069351	MtABAB15	ATP-Binding-Cassette (ABC) transporter typeB (P-glycoprotein (MDR/PGP/ABCB) efflux/conditional auxin transporter)	medtr.A17.gnm5.MtrunA17Chr4	+	59266659	59273476	-0.387022561950198	0.999999979788073	NS	2.18255732805546	0.00673967546901764	UP
UP	dnf2_only	medtr.A17.gnm5.ann1_6.MtrunA17Chr1g0206351	MtrunA17Chr1g0206351			medtr.A17.gnm5.MtrunA17Chr1	+	51316322	51319608	-0.691957794246708	0.999999979788073	NS	2.17678702543236	0.000960559790264877	UP
UP	dnf2_only	medtr.A17.gnm5.ann1_6.MtrunA17Chr2g0295141	MtrunA17Chr2g0295141	MtPR10-4	Pathogenesis-related protein 10 (TC122461)	medtr.A17.gnm5.MtrunA17Chr2	+	13625957	13627436	-0.345884688746668	0.999999979788073	NS	2.1755589293957	0.00258319391693483	UP
UP	dnf2_only	medtr.A17.gnm5.ann1_6.MtrunA17Chr5g0412701	MtrunA17Chr5g0412701			medtr.A17.gnm5.MtrunA17Chr5	-	14090276	14092788	-0.10082742570151	0.999999979788073	NS	2.17341138070291	0.00518954454695113	UP
UP	dnf2_only	medtr.A17.gnm5.ann1_6.MtrunA17Chr7g0227301	MtrunA17Chr7g0227301			medtr.A17.gnm5.MtrunA17Chr7	-	12470438	12475511	1.50330612867775	0.257409583423441	NS	2.17125751912571	0.00111749476777238	UP
UP	dnf2_only	medtr.A17.gnm5.ann1_6.MtrunA17Chr2g0316301	MtrunA17Chr2g0316301			medtr.A17.gnm5.MtrunA17Chr2	-	38508405	38510381	-0.197938899679587	0.999999979788073	NS	2.16775273708401	0.0292674879697324	UP
UP	dnf2_only	medtr.A17.gnm5.ann1_6.MtrunA17Chr4g0010121	MtrunA17Chr4g0010121			medtr.A17.gnm5.MtrunA17Chr4	-	7895122	7897042	0.659326470639567	0.999999979788073	NS	2.16440039399024	0.0075390508964909	UP
UP	dnf2_only	medtr.A17.gnm5.ann1_6.MtrunA17Chr3g0082031	MtrunA17Chr3g0082031			medtr.A17.gnm5.MtrunA17Chr3	-	3924728	3927825	0.760676521685232	0.999999979788073	NS	2.16389083713781	0.0494877119107544	UP
UP	dnf2_only	medtr.A17.gnm5.ann1_6.MtrunA17Chr5g0444921	MtrunA17Chr5g0444921			medtr.A17.gnm5.MtrunA17Chr5	-	42187279	42192238	-0.321771164521577	0.999999979788073	NS	2.16180952362278	0.0054562092589537	UP
UP	dnf2_only	medtr.A17.gnm5.ann1_6.MtrunA17Chr4g0043091	MtrunA17Chr4g0043091			medtr.A17.gnm5.MtrunA17Chr4	-	40231022	40237490	1.99850813723667	0.178320158275815	NS	2.16161619883302	0.0417248137330044	UP
UP	dnf2_only	medtr.A17.gnm5.ann1_6.MtrunA17Chr3g0125801	MtrunA17Chr3g0125801			medtr.A17.gnm5.MtrunA17Chr3	-	44207606	44209535	0.804292090354781	0.999999979788073	NS	2.16128951963784	0.0193807179692952	UP
UP	dnf2_only	medtr.A17.gnm5.ann1_6.MtrunA17Chr2g0291501	MtrunA17Chr2g0291501			medtr.A17.gnm5.MtrunA17Chr2	+	10672423	10678715	1.20397838854682	0.999999979788073	NS	2.16116481423194	0.0232014507757981	UP
UP	dnf2_only	medtr.A17.gnm5.ann1_6.MtrunA17Chr5g0435261	MtrunA17Chr5g0435261			medtr.A17.gnm5.MtrunA17Chr5	+	35372975	35374351	1.50178337240044	0.610889732723199	NS	2.16090303211655	0.0366341806075963	UP
UP	dnf2_only	medtr.A17.gnm5.ann1_6.MtrunA17Chr2g0280281	MtrunA17Chr2g0280281	MtCAPE1	CAP-derived peptide	medtr.A17.gnm5.MtrunA17Chr2	+	2460804	2461326	-0.536145745424413	0.999999979788073	NS	2.15986714560222	0.0381329103946811	UP
UP	dnf2_only	medtr.A17.gnm5.ann1_6.MtrunA17Chr1g0151181	MtrunA17Chr1g0151181			medtr.A17.gnm5.MtrunA17Chr1	+	4128515	4129396	-0.0538460776696114	0.999999979788073	NS	2.15827422071968	0.0219279450417117	UP
UP	dnf2_only	medtr.A17.gnm5.ann1_6.MtrunA17Chr5g0435581	MtrunA17Chr5g0435581			medtr.A17.gnm5.MtrunA17Chr5	-	35587778	35590697	-0.253624875867479	0.999999979788073	NS	2.15473108663583	0.00525534694765287	UP
UP	dnf2_only	medtr.A17.gnm5.ann1_6.MtrunA17Chr8g0374901	MtrunA17Chr8g0374901			medtr.A17.gnm5.MtrunA17Chr8	-	36774344	36776185	0.692506600406585	0.999999979788073	NS	2.15409079861605	0.0060586635860912	UP
UP	dnf2_only	medtr.A17.gnm5.ann1_6.MtrunA17Chr8g0348921	MtrunA17Chr8g0348921	MtRopGEF2	Rop guanine nucleotide exchange factor 2	medtr.A17.gnm5.MtrunA17Chr8	-	11523501	11527711	2.27732786476293	0.0749737069734113	NS	2.15375240390551	0.039661301802109	UP
UP	dnf2_only	medtr.A17.gnm5.ann1_6.MtrunA17Chr4g0039971	MtrunA17Chr4g0039971	MtMYB049	Myeloblastosis (MYB) transcription factor 49	medtr.A17.gnm5.MtrunA17Chr4	+	37983291	37985540	1.31750346818475	0.81919023380024	NS	2.15186930438009	0.0209465472550444	UP
UP	dnf2_only	medtr.A17.gnm5.ann1_6.MtrunA17Chr1g0193941	MtrunA17Chr1g0193941			medtr.A17.gnm5.MtrunA17Chr1	+	42284977	42289193	0.242920345246192	0.999999979788073	NS	2.15161132696095	0.0353952979201299	UP
UP	dnf2_only	medtr.A17.gnm5.ann1_6.MtrunA17Chr5g0409141	MtrunA17Chr5g0409141			medtr.A17.gnm5.MtrunA17Chr5	+	11012601	11017779	-0.161580563078798	0.999999979788073	NS	2.15056035820357	0.00525855557052887	UP
UP	dnf2_only	medtr.A17.gnm5.ann1_6.MtrunA17Chr1g0167781	MtrunA17Chr1g0167781			medtr.A17.gnm5.MtrunA17Chr1	-	16657637	16658459	-0.393140961969502	0.999999979788073	NS	2.14973614731155	0.0410605674786937	UP
UP	dnf2_only	medtr.A17.gnm5.ann1_6.MtrunA17Chr4g0040201	MtrunA17Chr4g0040201			medtr.A17.gnm5.MtrunA17Chr4	+	38169581	38170716	-1.19505274317122	0.999999979788073	NS	2.14794483141595	0.0367980509210677	UP
UP	dnf2_only	medtr.A17.gnm5.ann1_6.MtrunA17Chr1g0161761	MtrunA17Chr1g0161761			medtr.A17.gnm5.MtrunA17Chr1	-	11855899	11856925	0.742940488304906	0.999999979788073	NS	2.14775954250018	0.0469470226620376	UP
UP	dnf2_only	medtr.A17.gnm5.ann1_6.MtrunA17Chr2g0279241	MtrunA17Chr2g0279241			medtr.A17.gnm5.MtrunA17Chr2	+	1717927	1721202	1.04115128390014	0.999999979788073	NS	2.14599633882412	0.00590347407941034	UP
UP	dnf2_only	medtr.A17.gnm5.ann1_6.MtrunA17Chr8g0345281	MtrunA17Chr8g0345281			medtr.A17.gnm5.MtrunA17Chr8	-	8345280	8351138	-0.649392239760179	0.999999979788073	NS	2.14209878655424	0.000395923105245331	UP
UP	dnf2_only	medtr.A17.gnm5.ann1_6.MtrunA17Chr2g0332261	MtrunA17Chr2g0332261			medtr.A17.gnm5.MtrunA17Chr2	+	50362320	50366187	0.0774922515443024	0.999999979788073	NS	2.14117847369972	0.0171591888776692	UP
UP	dnf2_only	medtr.A17.gnm5.ann1_6.MtrunA17Chr1g0196801	MtrunA17Chr1g0196801	MtENODL3|MtPCY48	ENOD-like 3|Plantacyanin/Chemocyanin 48	medtr.A17.gnm5.MtrunA17Chr1	-	44240847	44242148	0.509430984298336	0.999999979788073	NS	2.13702839949723	0.0367550732566463	UP
UP	dnf2_only	medtr.A17.gnm5.ann1_6.MtrunA17Chr1g0206531	MtrunA17Chr1g0206531			medtr.A17.gnm5.MtrunA17Chr1	-	51454167	51457951	0.418686415427176	0.999999979788073	NS	2.13535615591338	0.00579697171479715	UP
UP	dnf2_only	medtr.A17.gnm5.ann1_6.MtrunA17Chr3g0113671	MtrunA17Chr3g0113671			medtr.A17.gnm5.MtrunA17Chr3	+	35314049	35317251	-0.0238522736537662	0.999999979788073	NS	2.13481978255427	0.0151920386576131	UP
UP	dnf2_only	medtr.A17.gnm5.ann1_6.MtrunA17Chr3g0120361	MtrunA17Chr3g0120361	MtZIP4	Zinc-Iron Permease 4	medtr.A17.gnm5.MtrunA17Chr3	+	40470884	40477950	0.982106346333964	0.999999979788073	NS	2.13288947197804	0.030818768552332	UP
UP	dnf2_only	medtr.A17.gnm5.ann1_6.MtrunA17Chr2g0284211	MtrunA17Chr2g0284211			medtr.A17.gnm5.MtrunA17Chr2	-	5138012	5143953	0.222315834785908	0.999999979788073	NS	2.12363865674873	0.00947532158474855	UP
UP	dnf2_only	medtr.A17.gnm5.ann1_6.MtrunA17Chr1g0175941	MtrunA17Chr1g0175941			medtr.A17.gnm5.MtrunA17Chr1	+	27450643	27457328	0.297849812583022	0.999999979788073	NS	2.12313259030968	0.0449382709217898	UP
UP	dnf2_only	medtr.A17.gnm5.ann1_6.MtrunA17Chr8g0379011	MtrunA17Chr8g0379011			medtr.A17.gnm5.MtrunA17Chr8	+	39853215	39857132	-0.474204187808514	0.999999979788073	NS	2.12213062777841	0.000779643944283117	UP
UP	dnf2_only	medtr.A17.gnm5.ann1_6.MtrunA17Chr3g0130321	MtrunA17Chr3g0130321			medtr.A17.gnm5.MtrunA17Chr3	-	47524834	47526027	-0.916565438524966	0.999999979788073	NS	2.12202576404058	0.0398002406633315	UP
UP	dnf2_only	medtr.A17.gnm5.ann1_6.MtrunA17Chr5g0432871	MtrunA17Chr5g0432871			medtr.A17.gnm5.MtrunA17Chr5	-	33482782	33491711	1.14056150426541	0.999999979788073	NS	2.12000475361687	0.0222508317826399	UP
UP	dnf2_only	medtr.A17.gnm5.ann1_6.MtrunA17Chr5g0399521	MtrunA17Chr5g0399521			medtr.A17.gnm5.MtrunA17Chr5	-	4094374	4096118	0.144915837538759	0.999999979788073	NS	2.11985249895084	0.000837382023316661	UP
UP	dnf2_only	medtr.A17.gnm5.ann1_6.MtrunA17Chr5g0431581	MtrunA17Chr5g0431581			medtr.A17.gnm5.MtrunA17Chr5	-	32456533	32459734	-1.64217903355931	0.0448235729227577	DOWN	2.11904921376266	0.000113165724391812	UP
UP	dnf2_only	medtr.A17.gnm5.ann1_6.MtrunA17Chr4g0065821	MtrunA17Chr4g0065821			medtr.A17.gnm5.MtrunA17Chr4	+	56852771	56855505	-0.371870207067736	0.999999979788073	NS	2.11860770640467	0.00146833165945339	UP
UP	dnf2_only	medtr.A17.gnm5.ann1_6.MtrunA17Chr1g0200971	MtrunA17Chr1g0200971			medtr.A17.gnm5.MtrunA17Chr1	+	47502184	47503584	-0.217608381991304	0.999999979788073	NS	2.1146884594644	0.0108306130824824	UP
UP	dnf2_only	medtr.A17.gnm5.ann1_6.MtrunA17Chr4g0034601	MtrunA17Chr4g0034601			medtr.A17.gnm5.MtrunA17Chr4	-	34173165	34175841	0.348276057887261	0.999999979788073	NS	2.10747713494317	0.00238150948129425	UP
UP	dnf2_only	medtr.A17.gnm5.ann1_6.MtrunA17Chr6g0452391	MtrunA17Chr6g0452391			medtr.A17.gnm5.MtrunA17Chr6	+	2767123	2768963	-0.844328201554252	0.999999979788073	NS	2.09985910989344	0.000218199424591028	UP
UP	dnf2_only	medtr.A17.gnm5.ann1_6.MtrunA17MTg0490131	MtrunA17MTg0490131			medtr.A17.gnm5.MtrunA17MT	-	4668	8447	0.351498920093827	0.999999979788073	NS	2.09807537440726	0.00853088230485929	UP
UP	dnf2_only	medtr.A17.gnm5.ann1_6.MtrunA17Chr4g0035551	MtrunA17Chr4g0035551			medtr.A17.gnm5.MtrunA17Chr4	+	34897926	34900064	0.727244973979961	0.999999979788073	NS	2.09662369243244	0.000586547214291337	UP
UP	dnf2_only	medtr.A17.gnm5.ann1_6.MtrunA17Chr2g0331191	MtrunA17Chr2g0331191			medtr.A17.gnm5.MtrunA17Chr2	-	49662305	49665093	-1.06634970653073	0.999999979788073	NS	2.0945584239611	0.00323670071262576	UP
UP	dnf2_only	medtr.A17.gnm5.ann1_6.MtrunA17Chr5g0400331	MtrunA17Chr5g0400331	MtPrx90	peroxidase	medtr.A17.gnm5.MtrunA17Chr5	+	4687207	4689327	-0.191076540842865	0.999999979788073	NS	2.09359361506602	0.0339377070191194	UP
UP	dnf2_only	medtr.A17.gnm5.ann1_6.MtrunA17Chr2g0283811	MtrunA17Chr2g0283811	MtCDFe3	CYCLING DOF FACTOR	medtr.A17.gnm5.MtrunA17Chr2	-	4840662	4841512	1.50807597562204	0.46713625620014	NS	2.09043950603051	0.0179174204457059	UP
UP	dnf2_only	medtr.A17.gnm5.ann1_6.MtrunA17Chr7g0262901	MtrunA17Chr7g0262901			medtr.A17.gnm5.MtrunA17Chr7	+	46908419	46914712	1.89305016027261	0.0735072017632526	NS	2.08869967273868	0.00801182705376494	UP
UP	dnf2_only	medtr.A17.gnm5.ann1_6.MtrunA17Chr2g0325821	MtrunA17Chr2g0325821			medtr.A17.gnm5.MtrunA17Chr2	-	45642865	45648403	0.530132357561705	0.999999979788073	NS	2.088146978622	0.0130068280976736	UP
UP	dnf2_only	medtr.A17.gnm5.ann1_6.MtrunA17Chr7g0253401	MtrunA17Chr7g0253401			medtr.A17.gnm5.MtrunA17Chr7	-	40025256	40027845	1.26410215516438	0.643945783203476	NS	2.08723829432032	0.00221461672763013	UP
UP	dnf2_only	medtr.A17.gnm5.ann1_6.MtrunA17Chr1g0211041	MtrunA17Chr1g0211041			medtr.A17.gnm5.MtrunA17Chr1	-	54690644	54692375	-0.563812548680842	0.999999979788073	NS	2.08654534917778	0.0168796753804217	UP
UP	dnf2_only	medtr.A17.gnm5.ann1_6.MtrunA17Chr4g0042831	MtrunA17Chr4g0042831			medtr.A17.gnm5.MtrunA17Chr4	-	40064174	40068100	1.29615815033104	0.451250503622848	NS	2.08488407515055	0.000437712770876298	UP
UP	dnf2_only	medtr.A17.gnm5.ann1_6.MtrunA17Chr3g0080741	MtrunA17Chr3g0080741			medtr.A17.gnm5.MtrunA17Chr3	+	2821663	2825317	0.435253892005921	0.999999979788073	NS	2.08477505244817	0.0408902807614892	UP
UP	dnf2_only	medtr.A17.gnm5.ann1_6.MtrunA17Chr3g0116541	MtrunA17Chr3g0116541			medtr.A17.gnm5.MtrunA17Chr3	+	37800600	37802173	0.0428593286355017	0.999999979788073	NS	2.08301031187526	0.026740076133227	UP
UP	dnf2_only	medtr.A17.gnm5.ann1_6.MtrunA17Chr7g0274071	MtrunA17Chr7g0274071			medtr.A17.gnm5.MtrunA17Chr7	-	54508488	54511742	-0.0294945912733085	0.999999979788073	NS	2.08182252576501	0.0186720635160456	UP
UP	dnf2_only	medtr.A17.gnm5.ann1_6.MtrunA17Chr5g0415511	MtrunA17Chr5g0415511			medtr.A17.gnm5.MtrunA17Chr5	-	16323644	16327348	-1.39781667035594	0.535224665744549	NS	2.08159810723216	0.0019898744255776	UP
UP	dnf2_only	medtr.A17.gnm5.ann1_6.MtrunA17Chr2g0315131	MtrunA17Chr2g0315131			medtr.A17.gnm5.MtrunA17Chr2	+	37432522	37439004	1.48610040925846	0.414515175995099	NS	2.07935481954518	0.00945952622207104	UP
UP	dnf2_only	medtr.A17.gnm5.ann1_6.MtrunA17Chr4g0054001	MtrunA17Chr4g0054001			medtr.A17.gnm5.MtrunA17Chr4	+	47871542	47875905	-0.534900520912454	0.999999979788073	NS	2.07873367267682	0.0282365434484162	UP
UP	dnf2_only	medtr.A17.gnm5.ann1_6.MtrunA17Chr8g0352571	MtrunA17Chr8g0352571			medtr.A17.gnm5.MtrunA17Chr8	-	14502646	14506425	0.0481787249446542	0.999999979788073	NS	2.07681677300584	0.0080476637859101	UP
UP	dnf2_only	medtr.A17.gnm5.ann1_6.MtrunA17Chr8g0387701	MtrunA17Chr8g0387701			medtr.A17.gnm5.MtrunA17Chr8	-	45790641	45791566	-0.506185566319801	0.999999979788073	NS	2.07674194971634	0.0178354300256215	UP
UP	dnf2_only	medtr.A17.gnm5.ann1_6.MtrunA17Chr8g0338551	MtrunA17Chr8g0338551			medtr.A17.gnm5.MtrunA17Chr8	-	2962451	2968456	-1.63437362180536	0.688858856701847	NS	2.06977041710342	0.0318759710879189	UP
UP	dnf2_only	medtr.A17.gnm5.ann1_6.MtrunA17Chr7g0222831	MtrunA17Chr7g0222831			medtr.A17.gnm5.MtrunA17Chr7	-	8110851	8111795	1.92950955886185	0.0997248660169909	NS	2.06876648534161	0.0176722906731086	UP
UP	dnf2_only	medtr.A17.gnm5.ann1_6.MtrunA17Chr4g0065231	MtrunA17Chr4g0065231			medtr.A17.gnm5.MtrunA17Chr4	+	56399232	56401454	0.487601096337977	0.999999979788073	NS	2.06587129305253	0.0110599658262253	UP
UP	dnf2_only	medtr.A17.gnm5.ann1_6.MtrunA17Chr7g0244451	MtrunA17Chr7g0244451	MtPrx33	peroxidase	medtr.A17.gnm5.MtrunA17Chr7	+	33676514	33682247	0.0256420356056422	0.999999979788073	NS	2.0648705775299	0.0102137055937767	UP
UP	dnf2_only	medtr.A17.gnm5.ann1_6.MtrunA17Chr5g0439121	MtrunA17Chr5g0439121			medtr.A17.gnm5.MtrunA17Chr5	+	38116993	38124821	0.515103568690231	0.999999979788073	NS	2.0624884184535	0.0229381128467969	UP
UP	dnf2_only	medtr.A17.gnm5.ann1_6.MtrunA17Chr5g0413621	MtrunA17Chr5g0413621			medtr.A17.gnm5.MtrunA17Chr5	+	14809988	14813360	-0.996929357933179	0.999999979788073	NS	2.05922091770508	0.0276497023877349	UP
UP	dnf2_only	medtr.A17.gnm5.ann1_6.MtrunA17Chr4g0066671	MtrunA17Chr4g0066671			medtr.A17.gnm5.MtrunA17Chr4	+	57341098	57345198	0.0820194977535263	0.999999979788073	NS	2.05824610007715	0.0461003018304146	UP
UP	dnf2_only	medtr.A17.gnm5.ann1_6.MtrunA17Chr8g0385641	MtrunA17Chr8g0385641			medtr.A17.gnm5.MtrunA17Chr8	-	44220903	44224361	-0.548435409077746	0.999999979788073	NS	2.05801732678073	0.0338042042824891	UP
UP	dnf2_only	medtr.A17.gnm5.ann1_6.MtrunA17Chr3g0145011	MtrunA17Chr3g0145011			medtr.A17.gnm5.MtrunA17Chr3	-	58243480	58247249	0.704723392902246	0.999999979788073	NS	2.052137078235	0.0384903777896118	UP
UP	dnf2_only	medtr.A17.gnm5.ann1_6.MtrunA17Chr3g0100611	MtrunA17Chr3g0100611			medtr.A17.gnm5.MtrunA17Chr3	-	25110704	25115707	0.325514544839089	0.999999979788073	NS	2.05031055764045	0.011914095538435	UP
UP	dnf2_only	medtr.A17.gnm5.ann1_6.MtrunA17Chr7g0250371	MtrunA17Chr7g0250371			medtr.A17.gnm5.MtrunA17Chr7	-	37826849	37832821	0.221972366869429	0.999999979788073	NS	2.04309222264432	0.0119315683046174	UP
UP	dnf2_only	medtr.A17.gnm5.ann1_6.MtrunA17Chr8g0386491	MtrunA17Chr8g0386491			medtr.A17.gnm5.MtrunA17Chr8	+	44883565	44891089	0.844271642855526	0.999999979788073	NS	2.03971948442429	0.0146200331869757	UP
UP	dnf2_only	medtr.A17.gnm5.ann1_6.MtrunA17Chr7g0271691	MtrunA17Chr7g0271691			medtr.A17.gnm5.MtrunA17Chr7	-	53051733	53055075	-0.983735756724801	0.999999979788073	NS	2.03822899859382	9.96765045657772e-05	UP
UP	dnf2_only	medtr.A17.gnm5.ann1_6.MtrunA17Chr8g0377921	MtrunA17Chr8g0377921			medtr.A17.gnm5.MtrunA17Chr8	+	39127219	39129108	-0.189536089456467	0.999999979788073	NS	2.03742700823631	0.00957090260682545	UP
UP	dnf2_only	medtr.A17.gnm5.ann1_6.MtrunA17Chr4g0027951	MtrunA17Chr4g0027951			medtr.A17.gnm5.MtrunA17Chr4	-	29001677	29003684	-0.0144151564244848	0.999999979788073	NS	2.035226793686	0.0203535546673928	UP
UP	dnf2_only	medtr.A17.gnm5.ann1_6.MtrunA17Chr7g0249931	MtrunA17Chr7g0249931			medtr.A17.gnm5.MtrunA17Chr7	-	37580768	37583032	0.487128699472456	0.999999979788073	NS	2.03487370204369	0.0151714578160687	UP
UP	dnf2_only	medtr.A17.gnm5.ann1_6.MtrunA17Chr5g0426511	MtrunA17Chr5g0426511			medtr.A17.gnm5.MtrunA17Chr5	+	28440214	28447533	0.266526097162236	0.999999979788073	NS	2.03201864468283	0.00191720566186908	UP
UP	dnf2_only	medtr.A17.gnm5.ann1_6.MtrunA17Chr5g0410621	MtrunA17Chr5g0410621			medtr.A17.gnm5.MtrunA17Chr5	+	12205288	12209599	1.36539701977714	0.386026525777249	NS	2.02766986109579	0.00189233677117039	UP
UP	dnf2_only	medtr.A17.gnm5.ann1_6.MtrunA17Chr3g0144851	MtrunA17Chr3g0144851			medtr.A17.gnm5.MtrunA17Chr3	+	58134581	58136454	-0.170862161522546	0.999999979788073	NS	2.02703128403669	0.0405748705285527	UP
UP	dnf2_only	medtr.A17.gnm5.ann1_6.MtrunA17Chr8g0390061	MtrunA17Chr8g0390061			medtr.A17.gnm5.MtrunA17Chr8	+	47390065	47391705	0.781010858927107	0.999999979788073	NS	2.02542874863926	0.00132262960418006	UP
UP	dnf2_only	medtr.A17.gnm5.ann1_6.MtrunA17Chr3g0101441	MtrunA17Chr3g0101441			medtr.A17.gnm5.MtrunA17Chr3	-	25883842	25890821	-0.0846649843319051	0.999999979788073	NS	2.02125540296505	0.0068043355235813	UP
UP	dnf2_only	medtr.A17.gnm5.ann1_6.MtrunA17Chr4g0061721	MtrunA17Chr4g0061721			medtr.A17.gnm5.MtrunA17Chr4	-	53760240	53762606	0.308893989044132	0.999999979788073	NS	2.01836265196622	0.00674353430583509	UP
UP	dnf2_only	medtr.A17.gnm5.ann1_6.MtrunA17Chr1g0153981	MtrunA17Chr1g0153981			medtr.A17.gnm5.MtrunA17Chr1	+	6318372	6322145	-0.880678160934136	0.999999979788073	NS	2.01755799963491	0.000779038718033511	UP
UP	dnf2_only	medtr.A17.gnm5.ann1_6.MtrunA17Chr8g0349361	MtrunA17Chr8g0349361			medtr.A17.gnm5.MtrunA17Chr8	+	11843706	11847965	-0.211846782906306	0.999999979788073	NS	2.01338133450798	0.000801446258898483	UP
UP	dnf2_only	medtr.A17.gnm5.ann1_6.MtrunA17Chr7g0261951	MtrunA17Chr7g0261951			medtr.A17.gnm5.MtrunA17Chr7	+	46173416	46182139	-1.65264640548754	0.128639888122131	NS	2.00489341696607	0.00065598962928004	UP
UP	dnf2_only	medtr.A17.gnm5.ann1_6.MtrunA17Chr3g0144861	MtrunA17Chr3g0144861			medtr.A17.gnm5.MtrunA17Chr3	-	58135252	58136014	-0.488880748673778	0.999999979788073	NS	2.00209566781909	0.0277273528871567	UP
UP	dnf2_only	medtr.A17.gnm5.ann1_6.MtrunA17Chr1g0152461	MtrunA17Chr1g0152461			medtr.A17.gnm5.MtrunA17Chr1	+	5198156	5199903	1.75392061760593	0.146601700072629	NS	2.00038422267476	0.0149450351039683	UP
UP	dnf2_only	medtr.A17.gnm5.ann1_6.MtrunA17Chr7g0271211	MtrunA17Chr7g0271211			medtr.A17.gnm5.MtrunA17Chr7	-	52661234	52663253	1.34946797611712	0.313476517510035	NS	1.99540502227898	0.000766161289603235	UP
UP	dnf2_only	medtr.A17.gnm5.ann1_6.MtrunA17Chr4g0049931	MtrunA17Chr4g0049931			medtr.A17.gnm5.MtrunA17Chr4	-	45102605	45111382	-1.10160919975893	0.999999979788073	NS	1.9919715039205	0.00643076118833339	UP
UP	dnf2_only	medtr.A17.gnm5.ann1_6.MtrunA17Chr1g0158781	MtrunA17Chr1g0158781			medtr.A17.gnm5.MtrunA17Chr1	+	9566789	9569827	-0.843033268784504	0.999999979788073	NS	1.9917127287211	0.00214864304343799	UP
UP	dnf2_only	medtr.A17.gnm5.ann1_6.MtrunA17Chr2g0294781	MtrunA17Chr2g0294781			medtr.A17.gnm5.MtrunA17Chr2	+	13393076	13395149	0.442652173475479	0.999999979788073	NS	1.98746702150699	0.020663399478661	UP
UP	dnf2_only	medtr.A17.gnm5.ann1_6.MtrunA17Chr5g0399301	MtrunA17Chr5g0399301			medtr.A17.gnm5.MtrunA17Chr5	-	3867967	3869358	-0.133238100420691	0.999999979788073	NS	1.98375211743336	0.0420061957006295	UP
UP	dnf2_only	medtr.A17.gnm5.ann1_6.MtrunA17Chr5g0399531	MtrunA17Chr5g0399531			medtr.A17.gnm5.MtrunA17Chr5	+	4094389	4096030	0.263899561977544	0.999999979788073	NS	1.98312664910854	0.00395300707220859	UP
UP	dnf2_only	medtr.A17.gnm5.ann1_6.MtrunA17Chr6g0461341	MtrunA17Chr6g0461341			medtr.A17.gnm5.MtrunA17Chr6	-	10539952	10543584	1.17826658665314	0.953163815585681	NS	1.97965719956296	0.0144608743729015	UP
UP	dnf2_only	medtr.A17.gnm5.ann1_6.MtrunA17Chr8g0356401	MtrunA17Chr8g0356401			medtr.A17.gnm5.MtrunA17Chr8	-	17993329	17993640	-0.323372476558364	0.999999979788073	NS	1.97954901143127	0.0316935593187944	UP
UP	dnf2_only	medtr.A17.gnm5.ann1_6.MtrunA17Chr7g0224571	MtrunA17Chr7g0224571			medtr.A17.gnm5.MtrunA17Chr7	-	9859268	9864572	1.148763260706	0.973723460677491	NS	1.97900235088361	0.00707162455794241	UP
UP	dnf2_only	medtr.A17.gnm5.ann1_6.MtrunA17Chr3g0118571	MtrunA17Chr3g0118571			medtr.A17.gnm5.MtrunA17Chr3	+	39188156	39190778	-0.615472728843983	0.999999979788073	NS	1.97720868058172	0.0164724081361497	UP
UP	dnf2_only	medtr.A17.gnm5.ann1_6.MtrunA17Chr2g0313591	MtrunA17Chr2g0313591			medtr.A17.gnm5.MtrunA17Chr2	+	36270427	36289425	-1.39832771498144	0.306122294975077	NS	1.97278489859791	0.000909895117654853	UP
UP	dnf2_only	medtr.A17.gnm5.ann1_6.MtrunA17Chr8g0370791	MtrunA17Chr8g0370791			medtr.A17.gnm5.MtrunA17Chr8	-	33869504	33873396	-0.721316670234735	0.999999979788073	NS	1.96977374215992	0.0119681606051806	UP
UP	dnf2_only	medtr.A17.gnm5.ann1_6.MtrunA17Chr5g0429511	MtrunA17Chr5g0429511			medtr.A17.gnm5.MtrunA17Chr5	+	30867715	30871968	-0.617137783890131	0.999999979788073	NS	1.96568016602082	0.0135122304568779	UP
UP	dnf2_only	medtr.A17.gnm5.ann1_6.MtrunA17Chr1g0161811	MtrunA17Chr1g0161811			medtr.A17.gnm5.MtrunA17Chr1	-	11880785	11882305	1.20657217324585	0.764368522322579	NS	1.96387762907703	0.00377197214284668	UP
UP	dnf2_only	medtr.A17.gnm5.ann1_6.MtrunA17Chr1g0151221	MtrunA17Chr1g0151221	MtCYP711A10|MtMAX1b	Cytochrome P450 monooxygenase|MORE AXILLARY BRANCHES 1	medtr.A17.gnm5.MtrunA17Chr1	-	4154340	4157738	1.04147572108922	0.999999979788073	NS	1.95861678685548	0.00953964993115114	UP
UP	dnf2_only	medtr.A17.gnm5.ann1_6.MtrunA17Chr6g0459141	MtrunA17Chr6g0459141			medtr.A17.gnm5.MtrunA17Chr6	+	8380480	8381678	-1.26813597660036	0.790071154120313	NS	1.95856760161499	0.0174348934236767	UP
UP	dnf2_only	medtr.A17.gnm5.ann1_6.MtrunA17Chr7g0234861	MtrunA17Chr7g0234861			medtr.A17.gnm5.MtrunA17Chr7	+	25343993	25345127	-1.3365829463569	0.866937999682127	NS	1.95825915238557	0.0289426122848831	UP
UP	dnf2_only	medtr.A17.gnm5.ann1_6.MtrunA17Chr1g0180131	MtrunA17Chr1g0180131			medtr.A17.gnm5.MtrunA17Chr1	+	31334834	31337381	0.529499780623104	0.999999979788073	NS	1.95617734225271	0.00701814433946267	UP
UP	dnf2_only	medtr.A17.gnm5.ann1_6.MtrunA17Chr3g0126181	MtrunA17Chr3g0126181			medtr.A17.gnm5.MtrunA17Chr3	-	44517339	44521397	0.0504064419384419	0.999999979788073	NS	1.95521301044285	0.0358406612624342	UP
UP	dnf2_only	medtr.A17.gnm5.ann1_6.MtrunA17Chr7g0253561	MtrunA17Chr7g0253561			medtr.A17.gnm5.MtrunA17Chr7	-	40117174	40121967	-0.268201538526103	0.999999979788073	NS	1.95352277684736	0.0132910395137159	UP
UP	dnf2_only	medtr.A17.gnm5.ann1_6.MtrunA17Chr1g0166191	MtrunA17Chr1g0166191			medtr.A17.gnm5.MtrunA17Chr1	+	15595869	15599704	-0.697197580152642	0.999999979788073	NS	1.95244071628203	0.000443622262363985	UP
UP	dnf2_only	medtr.A17.gnm5.ann1_6.MtrunA17Chr7g0257771	MtrunA17Chr7g0257771	MtREM4.1	remorin 4.1	medtr.A17.gnm5.MtrunA17Chr7	-	43266293	43269887	-0.20982522089846	0.999999979788073	NS	1.95202854754723	0.0055612142527458	UP
UP	dnf2_only	medtr.A17.gnm5.ann1_6.MtrunA17Chr4g0071571	MtrunA17Chr4g0071571	MtPIN2	PIN-FORMED auxin efflux carrier component	medtr.A17.gnm5.MtrunA17Chr4	+	60859903	60863006	0.742089054959383	0.999999979788073	NS	1.95088992503187	0.0205540430444157	UP
UP	dnf2_only	medtr.A17.gnm5.ann1_6.MtrunA17Chr2g0302011	MtrunA17Chr2g0302011			medtr.A17.gnm5.MtrunA17Chr2	-	19679990	19684146	-0.337053957512643	0.999999979788073	NS	1.94734327742221	0.0454231830873134	UP
UP	dnf2_only	medtr.A17.gnm5.ann1_6.MtrunA17Chr1g0180551	MtrunA17Chr1g0180551			medtr.A17.gnm5.MtrunA17Chr1	+	31682638	31691585	0.119851204009157	0.999999979788073	NS	1.94731549921934	0.00841790877605	UP
UP	dnf2_only	medtr.A17.gnm5.ann1_6.MtrunA17Chr8g0352831	MtrunA17Chr8g0352831			medtr.A17.gnm5.MtrunA17Chr8	+	14662518	14667729	-0.115413886679047	0.999999979788073	NS	1.94436514842069	0.0381649785143998	UP
UP	dnf2_only	medtr.A17.gnm5.ann1_6.MtrunA17Chr4g0004201	MtrunA17Chr4g0004201			medtr.A17.gnm5.MtrunA17Chr4	+	3248537	3250840	1.64672878826175	0.10805089635939	NS	1.94099857341349	0.00529242480566908	UP
UP	dnf2_only	medtr.A17.gnm5.ann1_6.MtrunA17Chr4g0005351	MtrunA17Chr4g0005351			medtr.A17.gnm5.MtrunA17Chr4	-	4265837	4270958	-0.761185357139068	0.999999979788073	NS	1.93885004598125	0.0106041569421502	UP
UP	dnf2_only	medtr.A17.gnm5.ann1_6.MtrunA17Chr3g0114411	MtrunA17Chr3g0114411			medtr.A17.gnm5.MtrunA17Chr3	-	35909620	35911534	1.10898366363198	0.999999979788073	NS	1.93791616745008	0.0256681014301189	UP
UP	dnf2_only	medtr.A17.gnm5.ann1_6.MtrunA17Chr2g0328421	MtrunA17Chr2g0328421			medtr.A17.gnm5.MtrunA17Chr2	-	47732274	47736193	1.5374235484105	0.473649018445422	NS	1.93446525244481	0.0476684841297767	UP
UP	dnf2_only	medtr.A17.gnm5.ann1_6.MtrunA17Chr8g0361431	MtrunA17Chr8g0361431			medtr.A17.gnm5.MtrunA17Chr8	+	25779379	25784758	-0.649664012972085	0.999999979788073	NS	1.9301335428505	0.00811862983692434	UP
UP	dnf2_only	medtr.A17.gnm5.ann1_6.MtrunA17Chr3g0092131	MtrunA17Chr3g0092131			medtr.A17.gnm5.MtrunA17Chr3	-	13486519	13490667	-0.613822389267888	0.999999979788073	NS	1.92932232440591	0.00998419277721546	UP
UP	dnf2_only	medtr.A17.gnm5.ann1_6.MtrunA17Chr2g0313541	MtrunA17Chr2g0313541			medtr.A17.gnm5.MtrunA17Chr2	+	36252990	36261807	-1.09072204376613	0.999999979788073	NS	1.92768505598563	0.0482269596513	UP
UP	dnf2_only	medtr.A17.gnm5.ann1_6.MtrunA17Chr8g0342491	MtrunA17Chr8g0342491			medtr.A17.gnm5.MtrunA17Chr8	+	5921378	5926084	-0.9721435294117	0.999999979788073	NS	1.92275853810843	0.00837684812117944	UP
UP	dnf2_only	medtr.A17.gnm5.ann1_6.MtrunA17Chr2g0324201	MtrunA17Chr2g0324201			medtr.A17.gnm5.MtrunA17Chr2	-	44472150	44475174	-1.02310732678629	0.999999979788073	NS	1.91729490237525	0.0255429752431197	UP
UP	dnf2_only	medtr.A17.gnm5.ann1_6.MtrunA17Chr2g0284041	MtrunA17Chr2g0284041			medtr.A17.gnm5.MtrunA17Chr2	+	5022158	5026365	0.0966018156883949	0.999999979788073	NS	1.91456313979912	0.0289426122848831	UP
UP	dnf2_only	medtr.A17.gnm5.ann1_6.MtrunA17Chr6g0487031	MtrunA17Chr6g0487031			medtr.A17.gnm5.MtrunA17Chr6	+	41387690	41392642	0.150635581429148	0.999999979788073	NS	1.91347012576459	0.0413797383393645	UP
UP	dnf2_only	medtr.A17.gnm5.ann1_6.MtrunA17Chr8g0390631	MtrunA17Chr8g0390631			medtr.A17.gnm5.MtrunA17Chr8	+	47747397	47755324	0.403542252965968	0.999999979788073	NS	1.91096185117023	0.0280453854119271	UP
UP	dnf2_only	medtr.A17.gnm5.ann1_6.MtrunA17Chr4g0018961	MtrunA17Chr4g0018961			medtr.A17.gnm5.MtrunA17Chr4	-	14314460	14315163	-0.833719062532273	0.999999979788073	NS	1.90665397833599	0.0339045038153983	UP
UP	dnf2_only	medtr.A17.gnm5.ann1_6.MtrunA17Chr6g0461331	MtrunA17Chr6g0461331			medtr.A17.gnm5.MtrunA17Chr6	+	10539527	10542070	1.0671987160233	0.999999979788073	NS	1.90389942465841	0.00780464479591712	UP
UP	dnf2_only	medtr.A17.gnm5.ann1_6.MtrunA17Chr4g0076311	MtrunA17Chr4g0076311	MtLAT52/POE_31	Late Anther Tomato52/Pollen Ole e 1 Allergen and Extensin	medtr.A17.gnm5.MtrunA17Chr4	-	64227019	64229591	0.984108259506481	0.999999979788073	NS	1.89824126483123	0.0141337065745734	UP
UP	dnf2_only	medtr.A17.gnm5.ann1_6.MtrunA17Chr2g0284311	MtrunA17Chr2g0284311			medtr.A17.gnm5.MtrunA17Chr2	-	5202198	5204469	1.22382751270619	0.854097439054068	NS	1.8967169377137	0.0211444049307627	UP
UP	dnf2_only	medtr.A17.gnm5.ann1_6.MtrunA17Chr8g0388831	MtrunA17Chr8g0388831			medtr.A17.gnm5.MtrunA17Chr8	+	46491062	46495099	1.97921615187633	0.0870953175106463	NS	1.89304149055748	0.0453389028600165	UP
UP	dnf2_only	medtr.A17.gnm5.ann1_6.MtrunA17Chr7g0247271	MtrunA17Chr7g0247271			medtr.A17.gnm5.MtrunA17Chr7	+	35747138	35752917	0.0463661106839899	0.999999979788073	NS	1.88897103320269	0.00088170878464661	UP
UP	dnf2_only	medtr.A17.gnm5.ann1_6.MtrunA17Chr4g0063431	MtrunA17Chr4g0063431			medtr.A17.gnm5.MtrunA17Chr4	-	55020532	55022309	-1.44422165609493	0.594927428408588	NS	1.88649515286986	0.0283622773055203	UP
UP	dnf2_only	medtr.A17.gnm5.ann1_6.MtrunA17Chr8g0336761	MtrunA17Chr8g0336761			medtr.A17.gnm5.MtrunA17Chr8	+	1886966	1890297	0.427489499707328	0.999999979788073	NS	1.88505635582892	0.0138381187968321	UP
UP	dnf2_only	medtr.A17.gnm5.ann1_6.MtrunA17Chr7g0270831	MtrunA17Chr7g0270831			medtr.A17.gnm5.MtrunA17Chr7	-	52388877	52392211	-1.17088297438261	0.999999979788073	NS	1.88497390067499	0.0216952765082395	UP
UP	dnf2_only	medtr.A17.gnm5.ann1_6.MtrunA17Chr2g0331081	MtrunA17Chr2g0331081			medtr.A17.gnm5.MtrunA17Chr2	-	49568849	49580519	-0.933563741934846	0.999999979788073	NS	1.88467675621122	0.0159787189860038	UP
UP	dnf2_only	medtr.A17.gnm5.ann1_6.MtrunA17Chr1g0189841	MtrunA17Chr1g0189841			medtr.A17.gnm5.MtrunA17Chr1	+	39193427	39194855	-0.203147197268054	0.999999979788073	NS	1.88301082338078	0.0108008986821325	UP
UP	dnf2_only	medtr.A17.gnm5.ann1_6.MtrunA17Chr4g0005111	MtrunA17Chr4g0005111			medtr.A17.gnm5.MtrunA17Chr4	-	4116543	4117563	-0.73305176116641	0.999999979788073	NS	1.88123082541421	0.0205948101414601	UP
UP	dnf2_only	medtr.A17.gnm5.ann1_6.MtrunA17Chr6g0458181	MtrunA17Chr6g0458181			medtr.A17.gnm5.MtrunA17Chr6	-	7743348	7750451	-0.348779530129789	0.999999979788073	NS	1.87895887326257	0.00394433702670827	UP
UP	dnf2_only	medtr.A17.gnm5.ann1_6.MtrunA17Chr8g0379581	MtrunA17Chr8g0379581			medtr.A17.gnm5.MtrunA17Chr8	+	40212642	40214184	1.06964507533873	0.999999979788073	NS	1.87228874995511	0.00230936822282135	UP
UP	dnf2_only	medtr.A17.gnm5.ann1_6.MtrunA17Chr1g0169271	MtrunA17Chr1g0169271			medtr.A17.gnm5.MtrunA17Chr1	+	17994550	18000232	-0.483039917788259	0.999999979788073	NS	1.86965018025227	0.0368470754380489	UP
UP	dnf2_only	medtr.A17.gnm5.ann1_6.MtrunA17Chr1g0153271	MtrunA17Chr1g0153271			medtr.A17.gnm5.MtrunA17Chr1	+	5831515	5835078	1.0537363695046	0.999999979788073	NS	1.86817947131482	0.0132854862413685	UP
UP	dnf2_only	medtr.A17.gnm5.ann1_6.MtrunA17Chr1g0203401	MtrunA17Chr1g0203401	MtREM1.1	remorin 1.1	medtr.A17.gnm5.MtrunA17Chr1	+	49236221	49238931	-0.0790106657434112	0.999999979788073	NS	1.85901043062011	0.000262577969129368	UP
UP	dnf2_only	medtr.A17.gnm5.ann1_6.MtrunA17Chr3g0108361	MtrunA17Chr3g0108361			medtr.A17.gnm5.MtrunA17Chr3	+	31730766	31738852	0.0754918444535175	0.999999979788073	NS	1.85222239597222	0.00990960824754316	UP
UP	dnf2_only	medtr.A17.gnm5.ann1_6.MtrunA17Chr7g0218211	MtrunA17Chr7g0218211			medtr.A17.gnm5.MtrunA17Chr7	-	3593561	3597016	-0.660448644175648	0.999999979788073	NS	1.85063489679875	0.00432551667987833	UP
UP	dnf2_only	medtr.A17.gnm5.ann1_6.MtrunA17Chr7g0274061	MtrunA17Chr7g0274061			medtr.A17.gnm5.MtrunA17Chr7	-	54504967	54508164	-0.160341261278195	0.999999979788073	NS	1.84569656432155	0.00559014407403438	UP
UP	dnf2_only	medtr.A17.gnm5.ann1_6.MtrunA17Chr8g0348081	MtrunA17Chr8g0348081			medtr.A17.gnm5.MtrunA17Chr8	+	10825178	10828195	1.0338404081028	0.999999979788073	NS	1.84394996834785	0.00748499303936077	UP
UP	dnf2_only	medtr.A17.gnm5.ann1_6.MtrunA17Chr4g0038271	MtrunA17Chr4g0038271	MtCYP86B6	Cytochrome P450 monooxygenase	medtr.A17.gnm5.MtrunA17Chr4	-	36643833	36646755	0.715112051946132	0.999999979788073	NS	1.84300820379628	0.0169182381237912	UP
UP	dnf2_only	medtr.A17.gnm5.ann1_6.MtrunA17Chr6g0453081	MtrunA17Chr6g0453081			medtr.A17.gnm5.MtrunA17Chr6	+	3433743	3437009	-0.221955947653182	0.999999979788073	NS	1.84203785341006	0.0135698494016313	UP
UP	dnf2_only	medtr.A17.gnm5.ann1_6.MtrunA17Chr8g0352581	MtrunA17Chr8g0352581			medtr.A17.gnm5.MtrunA17Chr8	+	14514345	14518831	-1.01862237014314	0.999999979788073	NS	1.8383854246608	0.0255429752431197	UP
UP	dnf2_only	medtr.A17.gnm5.ann1_6.MtrunA17Chr2g0334121	MtrunA17Chr2g0334121			medtr.A17.gnm5.MtrunA17Chr2	+	51765161	51765965	-0.327950023584355	0.999999979788073	NS	1.8353879913433	0.0241168772279287	UP
UP	dnf2_only	medtr.A17.gnm5.ann1_6.MtrunA17Chr4g0038641	MtrunA17Chr4g0038641			medtr.A17.gnm5.MtrunA17Chr4	+	36872486	36873992	0.579720309290508	0.999999979788073	NS	1.82938659088617	0.00219589638116963	UP
UP	dnf2_only	medtr.A17.gnm5.ann1_6.MtrunA17Chr2g0307301	MtrunA17Chr2g0307301	MtCYP72A68v1	Cytochrome P450 monooxygenase	medtr.A17.gnm5.MtrunA17Chr2	-	29836758	29840682	0.189968163521845	0.999999979788073	NS	1.82737875514334	0.00341086579912418	UP
UP	dnf2_only	medtr.A17.gnm5.ann1_6.MtrunA17Chr4g0076281	MtrunA17Chr4g0076281			medtr.A17.gnm5.MtrunA17Chr4	+	64212358	64216857	0.257693304503359	0.999999979788073	NS	1.82554102509962	0.0040071536628248	UP
UP	dnf2_only	medtr.A17.gnm5.ann1_6.MtrunA17Chr6g0484841	MtrunA17Chr6g0484841			medtr.A17.gnm5.MtrunA17Chr6	-	39360913	39365624	0.744934116269201	0.999999979788073	NS	1.82429972307957	0.0290227731331393	UP
UP	dnf2_only	medtr.A17.gnm5.ann1_6.MtrunA17Chr2g0319791	MtrunA17Chr2g0319791			medtr.A17.gnm5.MtrunA17Chr2	+	41137934	41139597	0.13939017285749	0.999999979788073	NS	1.8236380229037	0.045955933150927	UP
UP	dnf2_only	medtr.A17.gnm5.ann1_6.MtrunA17Chr4g0014901	MtrunA17Chr4g0014901			medtr.A17.gnm5.MtrunA17Chr4	+	12280006	12284694	-0.350393696736069	0.999999979788073	NS	1.82004170931642	0.00862971233199083	UP
UP	dnf2_only	medtr.A17.gnm5.ann1_6.MtrunA17Chr8g0368691	MtrunA17Chr8g0368691			medtr.A17.gnm5.MtrunA17Chr8	-	32044645	32055064	-0.765811711716154	0.999999979788073	NS	1.81734050068846	0.00234063999850672	UP
UP	dnf2_only	medtr.A17.gnm5.ann1_6.MtrunA17Chr4g0055471	MtrunA17Chr4g0055471			medtr.A17.gnm5.MtrunA17Chr4	-	49057721	49062635	-1.51535418442763	0.406340413521537	NS	1.81491214869568	0.0468926891947279	UP
UP	dnf2_only	medtr.A17.gnm5.ann1_6.MtrunA17Chr4g0038631	MtrunA17Chr4g0038631			medtr.A17.gnm5.MtrunA17Chr4	-	36872171	36876165	0.195537019729858	0.999999979788073	NS	1.8116637672044	0.00339672733145384	UP
UP	dnf2_only	medtr.A17.gnm5.ann1_6.MtrunA17Chr3g0132031	MtrunA17Chr3g0132031			medtr.A17.gnm5.MtrunA17Chr3	-	48829867	48831451	-0.201996095977089	0.999999979788073	NS	1.81114230664113	0.0162679117236127	UP
UP	dnf2_only	medtr.A17.gnm5.ann1_6.MtrunA17Chr7g0240551	MtrunA17Chr7g0240551			medtr.A17.gnm5.MtrunA17Chr7	-	30362313	30365495	1.52001826817086	0.269377197888429	NS	1.80872220015161	0.0228758184441996	UP
UP	dnf2_only	medtr.A17.gnm5.ann1_6.MtrunA17Chr1g0163621	MtrunA17Chr1g0163621			medtr.A17.gnm5.MtrunA17Chr1	-	13440408	13442579	-1.19339606041466	0.942432251329485	NS	1.80701692591487	0.0179589750802288	UP
UP	dnf2_only	medtr.A17.gnm5.ann1_6.MtrunA17Chr5g0447521	MtrunA17Chr5g0447521			medtr.A17.gnm5.MtrunA17Chr5	-	43783584	43787539	1.22450789102458	0.865347470715294	NS	1.80615877894524	0.0416910919744708	UP
UP	dnf2_only	medtr.A17.gnm5.ann1_6.MtrunA17Chr1g0207781	MtrunA17Chr1g0207781			medtr.A17.gnm5.MtrunA17Chr1	+	52212059	52213162	-0.63014115842946	0.999999979788073	NS	1.80533615445293	0.022122055827594	UP
UP	dnf2_only	medtr.A17.gnm5.ann1_6.MtrunA17Chr8g0349241	MtrunA17Chr8g0349241			medtr.A17.gnm5.MtrunA17Chr8	-	11757571	11763061	-0.569758549295375	0.999999979788073	NS	1.80365124485158	0.0114607687808688	UP
UP	dnf2_only	medtr.A17.gnm5.ann1_6.MtrunA17Chr8g0337671	MtrunA17Chr8g0337671			medtr.A17.gnm5.MtrunA17Chr8	+	2479737	2483835	0.50102363408461	0.999999979788073	NS	1.80180424953173	0.00155582030448598	UP
UP	dnf2_only	medtr.A17.gnm5.ann1_6.MtrunA17Chr8g0365761	MtrunA17Chr8g0365761			medtr.A17.gnm5.MtrunA17Chr8	+	29760685	29763451	-0.575809890635793	0.999999979788073	NS	1.80136524317799	0.000194544800495723	UP
UP	dnf2_only	medtr.A17.gnm5.ann1_6.MtrunA17Chr6g0467631	MtrunA17Chr6g0467631			medtr.A17.gnm5.MtrunA17Chr6	-	16560875	16564797	-2.88104190175343	0.0126681635801467	DOWN	1.80129147234403	0.026469582898167	UP
UP	dnf2_only	medtr.A17.gnm5.ann1_6.MtrunA17Chr6g0482131	MtrunA17Chr6g0482131			medtr.A17.gnm5.MtrunA17Chr6	-	36808875	36816220	-0.615185019473292	0.999999979788073	NS	1.80004247681009	0.016880434151515	UP
UP	dnf2_only	medtr.A17.gnm5.ann1_6.MtrunA17Chr4g0027961	MtrunA17Chr4g0027961	MtPAO	PHEOPHORBIDE A OXYGENASE (chlorophyll degradation)	medtr.A17.gnm5.MtrunA17Chr4	+	29001688	29006770	-0.114610406796426	0.999999979788073	NS	1.79909012839541	0.0124894379580229	UP
UP	dnf2_only	medtr.A17.gnm5.ann1_6.MtrunA17Chr6g0458931	MtrunA17Chr6g0458931			medtr.A17.gnm5.MtrunA17Chr6	-	8194360	8199914	0.426760572633144	0.999999979788073	NS	1.79805095467081	0.0247113339882686	UP
UP	dnf2_only	medtr.A17.gnm5.ann1_6.MtrunA17Chr1g0191671	MtrunA17Chr1g0191671			medtr.A17.gnm5.MtrunA17Chr1	+	40640484	40643339	0.282271006480198	0.999999979788073	NS	1.79483430467631	0.00529486865765467	UP
UP	dnf2_only	medtr.A17.gnm5.ann1_6.MtrunA17Chr5g0442201	MtrunA17Chr5g0442201			medtr.A17.gnm5.MtrunA17Chr5	-	40438038	40443628	-0.0932914955950434	0.999999979788073	NS	1.79401793384166	0.0217706633985371	UP
UP	dnf2_only	medtr.A17.gnm5.ann1_6.MtrunA17Chr5g0400411	MtrunA17Chr5g0400411	MtCYP88A13|MtKAO240|MtKAO3	Cytochrome P450 monooxygenase|Ent-kaurenoic acid oxidase	medtr.A17.gnm5.MtrunA17Chr5	+	4751820	4757539	-0.836902008134137	0.999999979788073	NS	1.79161518409243	0.0257576599013241	UP
UP	dnf2_only	medtr.A17.gnm5.ann1_6.MtrunA17Chr8g0388921	MtrunA17Chr8g0388921	MtCYP716A12	Cytochrome P450 monooxygenase	medtr.A17.gnm5.MtrunA17Chr8	-	46569321	46574678	-0.878275867887185	0.999999979788073	NS	1.78620932224713	0.00293601555272753	UP
UP	dnf2_only	medtr.A17.gnm5.ann1_6.MtrunA17Chr4g0037461	MtrunA17Chr4g0037461			medtr.A17.gnm5.MtrunA17Chr4	-	36072544	36073877	1.6943599690283	0.17993622803732	NS	1.7837286364127	0.0472481970135404	UP
UP	dnf2_only	medtr.A17.gnm5.ann1_6.MtrunA17Chr4g0009821	MtrunA17Chr4g0009821			medtr.A17.gnm5.MtrunA17Chr4	-	7651709	7653936	0.413951198553692	0.999999979788073	NS	1.78340697080804	0.000710181446032996	UP
UP	dnf2_only	medtr.A17.gnm5.ann1_6.MtrunA17Chr3g0121861	MtrunA17Chr3g0121861			medtr.A17.gnm5.MtrunA17Chr3	+	41524377	41527199	1.35896520871534	0.419177198263293	NS	1.77523599124318	0.0143922661433498	UP
UP	dnf2_only	medtr.A17.gnm5.ann1_6.MtrunA17Chr4g0066571	MtrunA17Chr4g0066571			medtr.A17.gnm5.MtrunA17Chr4	-	57252124	57261802	1.13611047339636	0.879377992679873	NS	1.77432040755613	0.00435409205616053	UP
UP	dnf2_only	medtr.A17.gnm5.ann1_6.MtrunA17Chr7g0256371	MtrunA17Chr7g0256371	MtCER1-2	ECERIFERUM 1 (suberin biosynthesis)	medtr.A17.gnm5.MtrunA17Chr7	+	42240567	42247724	-0.515360140751743	0.999999979788073	NS	1.77407498290996	0.0397101726479205	UP
UP	dnf2_only	medtr.A17.gnm5.ann1_6.MtrunA17Chr4g0000511	MtrunA17Chr4g0000511			medtr.A17.gnm5.MtrunA17Chr4	+	434550	438027	-0.116192957303258	0.999999979788073	NS	1.76733394275622	0.00511164590772406	UP
UP	dnf2_only	medtr.A17.gnm5.ann1_6.MtrunA17Chr6g0477261	MtrunA17Chr6g0477261			medtr.A17.gnm5.MtrunA17Chr6	-	32026116	32032038	1.53124945803638	0.320465439454474	NS	1.76669047201182	0.04716695428407	UP
UP	dnf2_only	medtr.A17.gnm5.ann1_6.MtrunA17Chr3g0087151	MtrunA17Chr3g0087151			medtr.A17.gnm5.MtrunA17Chr3	+	8569445	8570612	-0.0565448815335069	0.999999979788073	NS	1.76514431425377	0.00319051055581414	UP
UP	dnf2_only	medtr.A17.gnm5.ann1_6.MtrunA17Chr2g0299921	MtrunA17Chr2g0299921			medtr.A17.gnm5.MtrunA17Chr2	+	17746775	17755647	-0.798856737634395	0.999999979788073	NS	1.76395842170931	0.00660114239901396	UP
UP	dnf2_only	medtr.A17.gnm5.ann1_6.MtrunA17Chr2g0292701	MtrunA17Chr2g0292701			medtr.A17.gnm5.MtrunA17Chr2	+	11594734	11597170	0.122651054996696	0.999999979788073	NS	1.76311107541322	0.0293003939846479	UP
UP	dnf2_only	medtr.A17.gnm5.ann1_6.MtrunA17Chr1g0209911	MtrunA17Chr1g0209911			medtr.A17.gnm5.MtrunA17Chr1	-	53808632	53812542	-1.00159309114499	0.999999979788073	NS	1.76140240859193	0.0198768392941889	UP
UP	dnf2_only	medtr.A17.gnm5.ann1_6.MtrunA17Chr1g0185721	MtrunA17Chr1g0185721			medtr.A17.gnm5.MtrunA17Chr1	+	36078455	36079857	0.654702533631197	0.999999979788073	NS	1.7612189936988	0.0207251863788813	UP
UP	dnf2_only	medtr.A17.gnm5.ann1_6.MtrunA17Chr3g0087231	MtrunA17Chr3g0087231			medtr.A17.gnm5.MtrunA17Chr3	-	8608210	8609674	-1.01509944648225	0.999999979788073	NS	1.75830576344894	0.0353345283783861	UP
UP	dnf2_only	medtr.A17.gnm5.ann1_6.MtrunA17Chr3g0130931	MtrunA17Chr3g0130931			medtr.A17.gnm5.MtrunA17Chr3	-	47976279	47978400	0.0631092390259078	0.999999979788073	NS	1.75610809255161	0.0341615949630739	UP
UP	dnf2_only	medtr.A17.gnm5.ann1_6.MtrunA17Chr2g0279581	MtrunA17Chr2g0279581			medtr.A17.gnm5.MtrunA17Chr2	-	1946191	1950428	-0.205086495972701	0.999999979788073	NS	1.75344345034704	0.0357931559388118	UP
UP	dnf2_only	medtr.A17.gnm5.ann1_6.MtrunA17Chr1g0160531	MtrunA17Chr1g0160531			medtr.A17.gnm5.MtrunA17Chr1	-	11004950	11007723	-0.575357874741105	0.999999979788073	NS	1.7528417576391	0.0268055537474763	UP
UP	dnf2_only	medtr.A17.gnm5.ann1_6.MtrunA17Chr3g0103231	MtrunA17Chr3g0103231			medtr.A17.gnm5.MtrunA17Chr3	+	27647388	27651235	1.29153745889502	0.548939423366323	NS	1.75223300210124	0.0142738909603743	UP
UP	dnf2_only	medtr.A17.gnm5.ann1_6.MtrunA17Chr1g0167501	MtrunA17Chr1g0167501			medtr.A17.gnm5.MtrunA17Chr1	+	16426413	16428344	0.952568922859553	0.999999979788073	NS	1.75097859061523	0.0443636055259553	UP
UP	dnf2_only	medtr.A17.gnm5.ann1_6.MtrunA17Chr8g0346461	MtrunA17Chr8g0346461			medtr.A17.gnm5.MtrunA17Chr8	-	9533056	9538261	-0.33201505580036	0.999999979788073	NS	1.74664989611288	0.0090256141349461	UP
UP	dnf2_only	medtr.A17.gnm5.ann1_6.MtrunA17Chr2g0324061	MtrunA17Chr2g0324061			medtr.A17.gnm5.MtrunA17Chr2	-	44377957	44381806	0.61436792080046	0.999999979788073	NS	1.74561468511397	0.0164640559070639	UP
UP	dnf2_only	medtr.A17.gnm5.ann1_6.MtrunA17Chr2g0322621	MtrunA17Chr2g0322621			medtr.A17.gnm5.MtrunA17Chr2	-	43316585	43317444	0.722827198079026	0.999999979788073	NS	1.74306414649929	0.0163107582337797	UP
UP	dnf2_only	medtr.A17.gnm5.ann1_6.MtrunA17Chr6g0450601	MtrunA17Chr6g0450601			medtr.A17.gnm5.MtrunA17Chr6	+	1307690	1315757	0.685693732004128	0.999999979788073	NS	1.73546092304839	0.0214010396048284	UP
UP	dnf2_only	medtr.A17.gnm5.ann1_6.MtrunA17Chr8g0356391	MtrunA17Chr8g0356391			medtr.A17.gnm5.MtrunA17Chr8	+	17992925	18002457	0.0252306276610431	0.999999979788073	NS	1.73424960532248	0.0141739479190463	UP
UP	dnf2_only	medtr.A17.gnm5.ann1_6.MtrunA17Chr7g0259071	MtrunA17Chr7g0259071			medtr.A17.gnm5.MtrunA17Chr7	-	44167060	44168041	0.958325610751881	0.999999979788073	NS	1.72914487462486	0.0481946836948676	UP
UP	dnf2_only	medtr.A17.gnm5.ann1_6.MtrunA17Chr7g0276251	MtrunA17Chr7g0276251	MtKCS1	3-ketoacyl-CoA synthase (suberin biosynthesis)	medtr.A17.gnm5.MtrunA17Chr7	-	55868136	55870065	-0.717568538918663	0.999999979788073	NS	1.72900513284588	0.0191067225565144	UP
UP	dnf2_only	medtr.A17.gnm5.ann1_6.MtrunA17Chr4g0055451	MtrunA17Chr4g0055451			medtr.A17.gnm5.MtrunA17Chr4	+	49053325	49057232	1.4978647614055	0.161452210361702	NS	1.72838168428522	0.01104707350877	UP
UP	dnf2_only	medtr.A17.gnm5.ann1_6.MtrunA17Chr8g0345601	MtrunA17Chr8g0345601			medtr.A17.gnm5.MtrunA17Chr8	+	8608662	8610954	-0.572591525385325	0.999999979788073	NS	1.72806893888458	0.0480057395011972	UP
UP	dnf2_only	medtr.A17.gnm5.ann1_6.MtrunA17Chr8g0386481	MtrunA17Chr8g0386481			medtr.A17.gnm5.MtrunA17Chr8	-	44883411	44892022	0.813827171210528	0.999999979788073	NS	1.71767938420575	0.0107701753751672	UP
UP	dnf2_only	medtr.A17.gnm5.ann1_6.MtrunA17Chr1g0178691	MtrunA17Chr1g0178691			medtr.A17.gnm5.MtrunA17Chr1	+	30118024	30119735	-0.0564383784291421	0.999999979788073	NS	1.71765891704893	0.0124730633541481	UP
UP	dnf2_only	medtr.A17.gnm5.ann1_6.MtrunA17Chr3g0101461	MtrunA17Chr3g0101461			medtr.A17.gnm5.MtrunA17Chr3	-	25892699	25900417	-0.476553389064823	0.999999979788073	NS	1.7130247592813	0.0101365498345388	UP
UP	dnf2_only	medtr.A17.gnm5.ann1_6.MtrunA17Chr1g0190681	MtrunA17Chr1g0190681			medtr.A17.gnm5.MtrunA17Chr1	+	39841225	39841837	0.982197942030853	0.999999979788073	NS	1.71130222921907	0.045791826726105	UP
UP	dnf2_only	medtr.A17.gnm5.ann1_6.MtrunA17Chr8g0346091	MtrunA17Chr8g0346091			medtr.A17.gnm5.MtrunA17Chr8	+	9079186	9082812	0.0854867599762332	0.999999979788073	NS	1.71079685723406	0.0129682295937053	UP
UP	dnf2_only	medtr.A17.gnm5.ann1_6.MtrunA17Chr1g0185711	MtrunA17Chr1g0185711			medtr.A17.gnm5.MtrunA17Chr1	-	36077347	36080184	1.12535954749534	0.931886369018524	NS	1.70187416891434	0.00961300377208228	UP
UP	dnf2_only	medtr.A17.gnm5.ann1_6.MtrunA17Chr4g0071481	MtrunA17Chr4g0071481			medtr.A17.gnm5.MtrunA17Chr4	+	60805687	60809545	0.0894176610479323	0.999999979788073	NS	1.69965512192484	0.00671183281481192	UP
UP	dnf2_only	medtr.A17.gnm5.ann1_6.MtrunA17Chr3g0128001	MtrunA17Chr3g0128001			medtr.A17.gnm5.MtrunA17Chr3	+	45927860	45933537	-0.531137773992593	0.999999979788073	NS	1.69241652613303	0.0272416669567085	UP
UP	dnf2_only	medtr.A17.gnm5.ann1_6.MtrunA17Chr3g0117141	MtrunA17Chr3g0117141			medtr.A17.gnm5.MtrunA17Chr3	-	38186265	38189690	-0.134754689749302	0.999999979788073	NS	1.68982957631378	0.0448788105580497	UP
UP	dnf2_only	medtr.A17.gnm5.ann1_6.MtrunA17Chr4g0053031	MtrunA17Chr4g0053031			medtr.A17.gnm5.MtrunA17Chr4	+	46993675	46997037	0.551311416803115	0.999999979788073	NS	1.68305527437115	0.0135104304082902	UP
UP	dnf2_only	medtr.A17.gnm5.ann1_6.MtrunA17Chr8g0382991	MtrunA17Chr8g0382991			medtr.A17.gnm5.MtrunA17Chr8	+	42434889	42436257	0.337279664955263	0.999999979788073	NS	1.68125646664904	0.00852404284186161	UP
UP	dnf2_only	medtr.A17.gnm5.ann1_6.MtrunA17Chr8g0340731	MtrunA17Chr8g0340731			medtr.A17.gnm5.MtrunA17Chr8	-	4465586	4469335	0.645847017453614	0.999999979788073	NS	1.67910581181925	0.0458543582704349	UP
UP	dnf2_only	medtr.A17.gnm5.ann1_6.MtrunA17Chr8g0348491	MtrunA17Chr8g0348491			medtr.A17.gnm5.MtrunA17Chr8	-	11112435	11117223	0.113681021135516	0.999999979788073	NS	1.67461957262424	0.00785439397615547	UP
UP	dnf2_only	medtr.A17.gnm5.ann1_6.MtrunA17Chr1g0148421	MtrunA17Chr1g0148421			medtr.A17.gnm5.MtrunA17Chr1	-	1827211	1836149	-0.397856499350396	0.999999979788073	NS	1.67216048331131	0.00386599499569391	UP
UP	dnf2_only	medtr.A17.gnm5.ann1_6.MtrunA17Chr4g0029341	MtrunA17Chr4g0029341			medtr.A17.gnm5.MtrunA17Chr4	+	30249032	30250285	-0.622356247114714	0.999999979788073	NS	1.66974420207657	0.0165966784990253	UP
UP	dnf2_only	medtr.A17.gnm5.ann1_6.MtrunA17Chr2g0280421	MtrunA17Chr2g0280421			medtr.A17.gnm5.MtrunA17Chr2	-	2518967	2525863	-0.440369653120994	0.999999979788073	NS	1.66899502978684	0.0488741902338819	UP
UP	dnf2_only	medtr.A17.gnm5.ann1_6.MtrunA17Chr2g0281411	MtrunA17Chr2g0281411			medtr.A17.gnm5.MtrunA17Chr2	-	3139872	3145603	0.659107874859497	0.999999979788073	NS	1.65108557948931	0.000754943992088766	UP
UP	dnf2_only	medtr.A17.gnm5.ann1_6.MtrunA17Chr6g0467811	MtrunA17Chr6g0467811			medtr.A17.gnm5.MtrunA17Chr6	+	16828529	16833926	0.139114099441696	0.999999979788073	NS	1.64869926724556	0.00701814433946267	UP
UP	dnf2_only	medtr.A17.gnm5.ann1_6.MtrunA17Chr4g0006971	MtrunA17Chr4g0006971			medtr.A17.gnm5.MtrunA17Chr4	-	5498350	5504249	0.989181264737829	0.999999979788073	NS	1.64570492333711	0.0156427591581514	UP
UP	dnf2_only	medtr.A17.gnm5.ann1_6.MtrunA17Chr8g0354571	MtrunA17Chr8g0354571	MtCYP72A62v1	Cytochrome P450 monooxygenase	medtr.A17.gnm5.MtrunA17Chr8	-	16093761	16097249	0.375223633417439	0.999999979788073	NS	1.64377446053359	0.0341883299369923	UP
UP	dnf2_only	medtr.A17.gnm5.ann1_6.MtrunA17Chr2g0297291	MtrunA17Chr2g0297291			medtr.A17.gnm5.MtrunA17Chr2	+	15451933	15457316	0.544584472965152	0.999999979788073	NS	1.64043459583024	0.0266093360333238	UP
UP	dnf2_only	medtr.A17.gnm5.ann1_6.MtrunA17Chr1g0155781	MtrunA17Chr1g0155781			medtr.A17.gnm5.MtrunA17Chr1	+	7468690	7472039	-0.0483199275365759	0.999999979788073	NS	1.63763624719251	0.000949799891680316	UP
UP	dnf2_only	medtr.A17.gnm5.ann1_6.MtrunA17Chr5g0404481	MtrunA17Chr5g0404481			medtr.A17.gnm5.MtrunA17Chr5	+	7973373	7975100	1.69868738356651	0.0846575870785256	NS	1.63668248814038	0.0451649065005297	UP
UP	dnf2_only	medtr.A17.gnm5.ann1_6.MtrunA17Chr2g0307291	MtrunA17Chr2g0307291	MtCYP72A68v2	Cytochrome P450 monooxygenase	medtr.A17.gnm5.MtrunA17Chr2	+	29819860	29823522	-0.120501498317807	0.999999979788073	NS	1.63646265720256	0.0369127234120585	UP
UP	dnf2_only	medtr.A17.gnm5.ann1_6.MtrunA17Chr3g0144691	MtrunA17Chr3g0144691			medtr.A17.gnm5.MtrunA17Chr3	-	58037717	58039929	1.46699503553764	0.164472230180779	NS	1.63606501128163	0.0168796753804217	UP
UP	dnf2_only	medtr.A17.gnm5.ann1_6.MtrunA17Chr4g0076591	MtrunA17Chr4g0076591			medtr.A17.gnm5.MtrunA17Chr4	-	64388213	64390134	-0.330727276719964	0.999999979788073	NS	1.63550540914302	0.0432454175323659	UP
UP	dnf2_only	medtr.A17.gnm5.ann1_6.MtrunA17Chr6g0485301	MtrunA17Chr6g0485301			medtr.A17.gnm5.MtrunA17Chr6	-	39804834	39815202	0.240561327589595	0.999999979788073	NS	1.63521213662982	0.021406528009385	UP
UP	dnf2_only	medtr.A17.gnm5.ann1_6.MtrunA17Chr1g0148821	MtrunA17Chr1g0148821			medtr.A17.gnm5.MtrunA17Chr1	+	2198626	2200898	-0.155420035410901	0.999999979788073	NS	1.63202256370551	0.0216599380899806	UP
UP	dnf2_only	medtr.A17.gnm5.ann1_6.MtrunA17Chr7g0260071	MtrunA17Chr7g0260071	MtnsLTP126	non-specific Lipid Transfer Protein	medtr.A17.gnm5.MtrunA17Chr7	+	44973164	44975431	0.124980446482362	0.999999979788073	NS	1.62901411700434	0.0491119408505739	UP
UP	dnf2_only	medtr.A17.gnm5.ann1_6.MtrunA17Chr4g0034901	MtrunA17Chr4g0034901	MtBG10	beta-1,3-Glucanase 10	medtr.A17.gnm5.MtrunA17Chr4	-	34441489	34446427	-0.531564164642441	0.999999979788073	NS	1.62430014876512	0.0393645715363653	UP
UP	dnf2_only	medtr.A17.gnm5.ann1_6.MtrunA17Chr6g0486331	MtrunA17Chr6g0486331			medtr.A17.gnm5.MtrunA17Chr6	+	40739522	40744015	0.0101363192667636	0.999999979788073	NS	1.62377179618881	0.0112270615523432	UP
UP	dnf2_only	medtr.A17.gnm5.ann1_6.MtrunA17Chr3g0108711	MtrunA17Chr3g0108711			medtr.A17.gnm5.MtrunA17Chr3	+	31904687	31907020	1.45502337200623	0.278373424519832	NS	1.62275260048375	0.0423279966481172	UP
UP	dnf2_only	medtr.A17.gnm5.ann1_6.MtrunA17Chr8g0388201	MtrunA17Chr8g0388201			medtr.A17.gnm5.MtrunA17Chr8	+	46135984	46137762	0.468233854476916	0.999999979788073	NS	1.62123064260723	0.0458152327377105	UP
UP	dnf2_only	medtr.A17.gnm5.ann1_6.MtrunA17Chr2g0322371	MtrunA17Chr2g0322371			medtr.A17.gnm5.MtrunA17Chr2	-	43146746	43151140	-0.69249065709022	0.999999979788073	NS	1.61923362176925	0.0418097684282353	UP
UP	dnf2_only	medtr.A17.gnm5.ann1_6.MtrunA17Chr3g0127561	MtrunA17Chr3g0127561			medtr.A17.gnm5.MtrunA17Chr3	+	45578714	45580181	0.003370746636598	0.999999979788073	NS	1.61909592309475	0.0423121662213137	UP
UP	dnf2_only	medtr.A17.gnm5.ann1_6.MtrunA17Chr8g0348781	MtrunA17Chr8g0348781			medtr.A17.gnm5.MtrunA17Chr8	-	11376514	11382028	-0.0119214268480267	0.999999979788073	NS	1.61290401663739	0.0152589230827927	UP
UP	dnf2_only	medtr.A17.gnm5.ann1_6.MtrunA17Chr6g0479591	MtrunA17Chr6g0479591			medtr.A17.gnm5.MtrunA17Chr6	+	34220998	34234047	-0.403423947724374	0.999999979788073	NS	1.61139469090236	0.00858783879353422	UP
UP	dnf2_only	medtr.A17.gnm5.ann1_6.MtrunA17Chr2g0307091	MtrunA17Chr2g0307091			medtr.A17.gnm5.MtrunA17Chr2	-	29459443	29461257	0.923048111637808	0.999999979788073	NS	1.60861058434728	0.0141204667568259	UP
UP	dnf2_only	medtr.A17.gnm5.ann1_6.MtrunA17Chr5g0404311	MtrunA17Chr5g0404311	MtPUB40	Plant U-box protein 40	medtr.A17.gnm5.MtrunA17Chr5	+	7892533	7897514	0.0948488412176517	0.999999979788073	NS	1.60810823400762	0.00739335247880822	UP
UP	dnf2_only	medtr.A17.gnm5.ann1_6.MtrunA17Chr5g0400081	MtrunA17Chr5g0400081			medtr.A17.gnm5.MtrunA17Chr5	+	4506566	4516598	0.688264461431289	0.999999979788073	NS	1.60600170312265	0.00327618205189453	UP
UP	dnf2_only	medtr.A17.gnm5.ann1_6.MtrunA17Chr5g0443521	MtrunA17Chr5g0443521			medtr.A17.gnm5.MtrunA17Chr5	+	41307786	41312476	0.655415829927018	0.999999979788073	NS	1.60486533510196	0.00679890469682208	UP
UP	dnf2_only	medtr.A17.gnm5.ann1_6.MtrunA17Chr3g0090331	MtrunA17Chr3g0090331			medtr.A17.gnm5.MtrunA17Chr3	-	11681936	11690705	0.0448479893901451	0.999999979788073	NS	1.6041115054697	0.0401711006242133	UP
UP	dnf2_only	medtr.A17.gnm5.ann1_6.MtrunA17Chr2g0318961	MtrunA17Chr2g0318961			medtr.A17.gnm5.MtrunA17Chr2	+	40438332	40442752	0.125755831006475	0.999999979788073	NS	1.59755278475545	0.00352614427616704	UP
UP	dnf2_only	medtr.A17.gnm5.ann1_6.MtrunA17Chr7g0268821	MtrunA17Chr7g0268821			medtr.A17.gnm5.MtrunA17Chr7	+	51080698	51087335	0.185661029355401	0.999999979788073	NS	1.59481712019105	0.0113210032159007	UP
UP	dnf2_only	medtr.A17.gnm5.ann1_6.MtrunA17Chr7g0225221	MtrunA17Chr7g0225221	MtPrx41	peroxidase	medtr.A17.gnm5.MtrunA17Chr7	-	10385001	10389555	0.27292925980716	0.999999979788073	NS	1.58953613712358	0.0110951729082008	UP
UP	dnf2_only	medtr.A17.gnm5.ann1_6.MtrunA17Chr2g0297281	MtrunA17Chr2g0297281			medtr.A17.gnm5.MtrunA17Chr2	+	15443898	15448678	0.591214134457354	0.999999979788073	NS	1.58916026998717	0.00248392295710177	UP
UP	dnf2_only	medtr.A17.gnm5.ann1_6.MtrunA17Chr3g0127021	MtrunA17Chr3g0127021			medtr.A17.gnm5.MtrunA17Chr3	-	45234032	45238426	0.0448273695296927	0.999999979788073	NS	1.57652776260876	0.0417813574644604	UP
UP	dnf2_only	medtr.A17.gnm5.ann1_6.MtrunA17Chr3g0109741	MtrunA17Chr3g0109741			medtr.A17.gnm5.MtrunA17Chr3	-	32544499	32546703	-0.772957572874821	0.999999979788073	NS	1.57430822413057	0.00763779516053971	UP
UP	dnf2_only	medtr.A17.gnm5.ann1_6.MtrunA17Chr5g0415321	MtrunA17Chr5g0415321			medtr.A17.gnm5.MtrunA17Chr5	+	16207675	16213167	0.672079354513906	0.999999979788073	NS	1.56772294804843	0.0333903561658786	UP
UP	dnf2_only	medtr.A17.gnm5.ann1_6.MtrunA17Chr5g0415941	MtrunA17Chr5g0415941			medtr.A17.gnm5.MtrunA17Chr5	-	16673234	16675843	0.363155066931616	0.999999979788073	NS	1.56723562932236	0.0484278294072514	UP
UP	dnf2_only	medtr.A17.gnm5.ann1_6.MtrunA17Chr1g0202941	MtrunA17Chr1g0202941			medtr.A17.gnm5.MtrunA17Chr1	+	48893507	48894149	-0.0844732892033894	0.999999979788073	NS	1.56123827820583	0.0159093281130862	UP
UP	dnf2_only	medtr.A17.gnm5.ann1_6.MtrunA17Chr3g0144281	MtrunA17Chr3g0144281			medtr.A17.gnm5.MtrunA17Chr3	+	57678992	57680701	0.00493046637945849	0.999999979788073	NS	1.5593521104887	0.0459254517352246	UP
UP	dnf2_only	medtr.A17.gnm5.ann1_6.MtrunA17Chr4g0015051	MtrunA17Chr4g0015051			medtr.A17.gnm5.MtrunA17Chr4	-	12357024	12362882	-0.261848720067624	0.999999979788073	NS	1.55666618256723	0.00621852423039594	UP
UP	dnf2_only	medtr.A17.gnm5.ann1_6.MtrunA17Chr7g0276401	MtrunA17Chr7g0276401			medtr.A17.gnm5.MtrunA17Chr7	-	55924347	55926743	0.756662636000725	0.999999979788073	NS	1.55420996399577	0.024952455782897	UP
UP	dnf2_only	medtr.A17.gnm5.ann1_6.MtrunA17Chr1g0207531	MtrunA17Chr1g0207531			medtr.A17.gnm5.MtrunA17Chr1	-	52003788	52007079	0.576360975136573	0.999999979788073	NS	1.54680216686582	0.0280418527626141	UP
UP	dnf2_only	medtr.A17.gnm5.ann1_6.MtrunA17Chr3g0090131	MtrunA17Chr3g0090131			medtr.A17.gnm5.MtrunA17Chr3	+	11470831	11479275	-0.0286902509322259	0.999999979788073	NS	1.54635782430756	0.00349278237292796	UP
UP	dnf2_only	medtr.A17.gnm5.ann1_6.MtrunA17Chr5g0437601	MtrunA17Chr5g0437601			medtr.A17.gnm5.MtrunA17Chr5	+	37137755	37141617	-0.113564130946717	0.999999979788073	NS	1.53582466411855	0.0225385454432617	UP
UP	dnf2_only	medtr.A17.gnm5.ann1_6.MtrunA17Chr3g0140681	MtrunA17Chr3g0140681			medtr.A17.gnm5.MtrunA17Chr3	+	55062264	55067493	0.295894943572618	0.999999979788073	NS	1.53542555271527	0.0284723897937918	UP
UP	dnf2_only	medtr.A17.gnm5.ann1_6.MtrunA17Chr3g0121951	MtrunA17Chr3g0121951			medtr.A17.gnm5.MtrunA17Chr3	-	41574897	41584600	-0.281064609761657	0.999999979788073	NS	1.52980233600955	0.0492509565479602	UP
UP	dnf2_only	medtr.A17.gnm5.ann1_6.MtrunA17Chr3g0144421	MtrunA17Chr3g0144421			medtr.A17.gnm5.MtrunA17Chr3	-	57828528	57830214	0.897324705375742	0.999999979788073	NS	1.52811189934671	0.0177872534907104	UP
UP	dnf2_only	medtr.A17.gnm5.ann1_6.MtrunA17Chr7g0249551	MtrunA17Chr7g0249551			medtr.A17.gnm5.MtrunA17Chr7	-	37324284	37329945	0.0138300277804326	0.999999979788073	NS	1.52118618848732	0.00545159028878596	UP
UP	dnf2_only	medtr.A17.gnm5.ann1_6.MtrunA17Chr2g0312531	MtrunA17Chr2g0312531			medtr.A17.gnm5.MtrunA17Chr2	-	35373215	35382101	0.715092551626696	0.999999979788073	NS	1.51950139942708	0.0382815253098849	UP
UP	dnf2_only	medtr.A17.gnm5.ann1_6.MtrunA17Chr1g0206561	MtrunA17Chr1g0206561			medtr.A17.gnm5.MtrunA17Chr1	+	51469596	51473105	0.116137259633381	0.999999979788073	NS	1.5083025254151	0.0201217779220273	UP
UP	dnf2_only	medtr.A17.gnm5.ann1_6.MtrunA17Chr4g0052921	MtrunA17Chr4g0052921			medtr.A17.gnm5.MtrunA17Chr4	+	46905301	46910012	-1.64977584205236	0.0920643571528859	NS	1.50010356793406	0.0479231730357497	UP
UP	dnf2_only	medtr.A17.gnm5.ann1_6.MtrunA17Chr5g0402291	MtrunA17Chr5g0402291			medtr.A17.gnm5.MtrunA17Chr5	+	6393424	6395803	0.778758985713306	0.999999979788073	NS	1.49423068605196	0.0191821309200606	UP
UP	dnf2_only	medtr.A17.gnm5.ann1_6.MtrunA17Chr7g0265481	MtrunA17Chr7g0265481			medtr.A17.gnm5.MtrunA17Chr7	+	48721235	48725057	-0.0848547033185677	0.999999979788073	NS	1.46177137030392	0.0113422122863128	UP
UP	dnf2_only	medtr.A17.gnm5.ann1_6.MtrunA17Chr1g0208041	MtrunA17Chr1g0208041			medtr.A17.gnm5.MtrunA17Chr1	-	52402581	52403296	0.732387171801449	0.999999979788073	NS	1.44838609624821	0.0246943172596895	UP
UP	dnf2_only	medtr.A17.gnm5.ann1_6.MtrunA17Chr4g0048841	MtrunA17Chr4g0048841			medtr.A17.gnm5.MtrunA17Chr4	+	44380197	44383494	0.394264575733964	0.999999979788073	NS	1.43695770454379	0.00813213037750211	UP
UP	dnf2_only	medtr.A17.gnm5.ann1_6.MtrunA17Chr4g0055941	MtrunA17Chr4g0055941			medtr.A17.gnm5.MtrunA17Chr4	+	49455306	49462598	-0.154066477959714	0.999999979788073	NS	1.43425525264523	0.034630508599393	UP
UP	dnf2_only	medtr.A17.gnm5.ann1_6.MtrunA17Chr5g0395951	MtrunA17Chr5g0395951			medtr.A17.gnm5.MtrunA17Chr5	+	1714147	1718453	0.607055641397323	0.999999979788073	NS	1.43257064102591	0.021523265888607	UP
UP	dnf2_only	medtr.A17.gnm5.ann1_6.MtrunA17Chr3g0137271	MtrunA17Chr3g0137271	MtFLOT4	Flotillin 4 (TC133140)	medtr.A17.gnm5.MtrunA17Chr3	-	52643300	52645845	0.23480093411061	0.999999979788073	NS	1.42578637314003	0.0286682413623494	UP
UP	dnf2_only	medtr.A17.gnm5.ann1_6.MtrunA17Chr1g0180151	MtrunA17Chr1g0180151			medtr.A17.gnm5.MtrunA17Chr1	+	31337383	31342839	0.435115814502629	0.999999979788073	NS	1.42463434184849	0.0299348043884607	UP
UP	dnf2_only	medtr.A17.gnm5.ann1_6.MtrunA17Chr5g0419251	MtrunA17Chr5g0419251			medtr.A17.gnm5.MtrunA17Chr5	+	19545636	19550120	0.930040585619847	0.999999979788073	NS	1.38020661458085	0.0434161987887135	UP
UP	dnf2_only	medtr.A17.gnm5.ann1_6.MtrunA17Chr2g0293521	MtrunA17Chr2g0293521			medtr.A17.gnm5.MtrunA17Chr2	+	12295862	12301400	-0.424226021344343	0.999999979788073	NS	1.36565181323811	0.0170975434474136	UP
UP	dnf2_only	medtr.A17.gnm5.ann1_6.MtrunA17Chr2g0329071	MtrunA17Chr2g0329071			medtr.A17.gnm5.MtrunA17Chr2	+	48148822	48152841	0.554878825229288	0.999999979788073	NS	1.30679794586635	0.0485626945533908	UP
