ONTOLOGY	ID	Description	GeneRatio	BgRatio	pvalue	p.adjust	qvalue	Count	geneSymbols	geneID	RichFactor	FoldEnrichment	zScore
BP	GO:0015671	oxygen transport	7/256	17/14453	8.42566618251156e-09	1.50819424666957e-06	1.37471395609399e-06	7	MtLb2|MtLb6|MtLb1/MtLb4|MtLb1|MtLb2/MtLb1|MtLb7/MtLb6|MtLb8/MtLb5/MtLb7|MtLb10/MtLb10|MtLb2	MtrunA17_Chr5g0427351/MtrunA17_Chr1g0148751/MtrunA17_Chr5g0435611/MtrunA17_Chr5g0435621/MtrunA17_Chr5g0417631/MtrunA17_Chr5g0435981/MtrunA17_Chr1g0170851	0.411764705882353	23.2470128676471	12.3241903630781
BP	GO:0006278	RNA-templated DNA biosynthetic process	14/256	122/14453	3.26962574969732e-08	2.9263150459791e-06	2.66732626948992e-06	14	MtrunA17Chr2g0295981/MtrunA17Chr6g0450501/MtrunA17Chr6g0476561/MtrunA17Chr3g0132221/MtrunA17Chr4g0029891/MtrunA17Chr2g0333651/MtrunA17Chr7g0231281/MtrunA17Chr4g0027911/MtrunA17Chr7g0231251/MtrunA17Chr3g0099521/MtrunA17Chr1g0168141/MtrunA17Chr1g0179291/MtrunA17Chr6g0475051/MtrunA17Chr5g0415141	MtrunA17_Chr2g0295981/MtrunA17_Chr6g0450501/MtrunA17_Chr6g0476561/MtrunA17_Chr3g0132221/MtrunA17_Chr4g0029891/MtrunA17_Chr2g0333651/MtrunA17_Chr7g0231281/MtrunA17_Chr4g0027911/MtrunA17_Chr7g0231251/MtrunA17_Chr3g0099521/MtrunA17_Chr1g0168141/MtrunA17_Chr1g0179291/MtrunA17_Chr6g0475051/MtrunA17_Chr5g0415141	0.114754098360656	6.47867571721312	8.16023997457551
MF	GO:0005344	oxygen carrier activity	7/519	17/17556	2.84984779979752e-07	4.65840317325024e-05	4.54478358365877e-05	7	MtLb2|MtLb6|MtLb1/MtLb4|MtLb1|MtLb2/MtLb1|MtLb7/MtLb6|MtLb8/MtLb5/MtLb7|MtLb10/MtLb10|MtLb2	MtrunA17_Chr5g0427351/MtrunA17_Chr1g0148751/MtrunA17_Chr5g0435611/MtrunA17_Chr5g0435621/MtrunA17_Chr5g0417631/MtrunA17_Chr5g0435981/MtrunA17_Chr1g0170851	0.411764705882353	13.9285957157429	9.30809775810903
MF	GO:0019825	oxygen binding	7/519	18/17556	4.54478358365877e-07	4.65840317325024e-05	4.54478358365877e-05	7	MtLb2|MtLb6|MtLb1/MtLb4|MtLb1|MtLb2/MtLb1|MtLb7/MtLb6|MtLb8/MtLb5/MtLb7|MtLb10/MtLb10|MtLb2	MtrunA17_Chr5g0427351/MtrunA17_Chr1g0148751/MtrunA17_Chr5g0435611/MtrunA17_Chr5g0435621/MtrunA17_Chr5g0417631/MtrunA17_Chr5g0435981/MtrunA17_Chr1g0170851	0.388888888888889	13.1547848426461	9.00494427033105
MF	GO:0003964	RNA-directed DNA polymerase activity	14/519	122/17556	1.50075207254774e-05	0.00102551391624096	0.00100050138169849	14	MtrunA17Chr2g0295981/MtrunA17Chr6g0450501/MtrunA17Chr6g0476561/MtrunA17Chr3g0132221/MtrunA17Chr4g0029891/MtrunA17Chr2g0333651/MtrunA17Chr7g0231281/MtrunA17Chr4g0027911/MtrunA17Chr7g0231251/MtrunA17Chr3g0099521/MtrunA17Chr1g0168141/MtrunA17Chr1g0179291/MtrunA17Chr6g0475051/MtrunA17Chr5g0415141	MtrunA17_Chr2g0295981/MtrunA17_Chr6g0450501/MtrunA17_Chr6g0476561/MtrunA17_Chr3g0132221/MtrunA17_Chr4g0029891/MtrunA17_Chr2g0333651/MtrunA17_Chr7g0231281/MtrunA17_Chr4g0027911/MtrunA17_Chr7g0231251/MtrunA17_Chr3g0099521/MtrunA17_Chr1g0168141/MtrunA17_Chr1g0179291/MtrunA17_Chr6g0475051/MtrunA17_Chr5g0415141	0.114754098360656	3.88173978963328	5.57472812071207
BP	GO:0015074	DNA integration	8/256	71/14453	3.52486957648129e-05	0.00210317218063384	0.00191703433106877	8	MtrunA17Chr6g0476561/MtrunA17Chr4g0022231/MtrunA17Chr3g0102931/MtrunA17Chr2g0306441/MtrunA17Chr6g0474221/MtrunA17Chr4g0004391/MtrunA17Chr4g0027911/MtrunA17Chr6g0475051	MtrunA17_Chr6g0476561/MtrunA17_Chr4g0022231/MtrunA17_Chr3g0102931/MtrunA17_Chr2g0306441/MtrunA17_Chr6g0474221/MtrunA17_Chr4g0004391/MtrunA17_Chr4g0027911/MtrunA17_Chr6g0475051	0.112676056338028	6.36135563380282	6.08106738972438
MF	GO:0004523	RNA-DNA hybrid ribonuclease activity	12/519	115/17556	0.000152667112076855	0.00782418949393882	0.00763335560384275	12	MtrunA17Chr2g0295981/MtrunA17Chr4g0059731/MtrunA17Chr3g0132221/MtrunA17Chr4g0022231/MtrunA17Chr4g0005771/MtrunA17Chr2g0306441/MtrunA17Chr1g0180641/MtrunA17Chr4g0027911/MtrunA17Chr7g0231251/MtrunA17Chr1g0166861/MtrunA17Chr6g0450371/MtrunA17Chr6g0475051	MtrunA17_Chr2g0295981/MtrunA17_Chr4g0059731/MtrunA17_Chr3g0132221/MtrunA17_Chr4g0022231/MtrunA17_Chr4g0005771/MtrunA17_Chr2g0306441/MtrunA17_Chr1g0180641/MtrunA17_Chr4g0027911/MtrunA17_Chr7g0231251/MtrunA17_Chr1g0166861/MtrunA17_Chr6g0450371/MtrunA17_Chr6g0475051	0.104347826086957	3.52973108821312	4.7503446628076
CC	GO:0031012	extracellular matrix	3/181	9/11396	0.000308519308663216	0.0132663302725183	0.0129902866805565	3	MtrunA17Chr5g0414771/MtrunA17Chr5g0414661/MtrunA17Chr7g0246461	MtrunA17_Chr5g0414771/MtrunA17_Chr5g0414661/MtrunA17_Chr7g0246461	0.333333333333333	20.9871086556169	7.62014755565714
BP	GO:0009686	gibberellin biosynthetic process	3/256	12/14453	0.00107339797346475	0.0480345593125477	0.0437833383913254	3	MtrunA17Chr8g0370481/MtrunA17Chr6g0471761/MtGA20ox5	MtrunA17_Chr8g0370481/MtrunA17_Chr6g0471761/MtrunA17_Chr3g0130391	0.25	14.1142578125	6.102690907916
BP	GO:0034755	iron ion transmembrane transport	3/256	14/14453	0.00173001844379379	0.0619346602878176	0.0564532334290605	3	MtrunA17Chr4g0050831/MtFPN3/MtrunA17Chr6g0479471	MtrunA17_Chr4g0050831/MtrunA17_Chr4g0004881/MtrunA17_Chr6g0479471	0.214285714285714	12.0979352678571	5.5785754967158
MF	GO:0003676	nucleic acid binding	21/519	350/17556	0.00178900238767039	0.0733490978944861	0.0715600955068157	21	MtrunA17Chr6g0476561/MtrunA17Chr4g0059731/MtrunA17Chr3g0132221/MtrunA17Chr4g0022231/MtrunA17Chr4g0029891/MtrunA17Chr4g0005771/MtrunA17Chr3g0102931/MtrunA17Chr2g0306441/MtrunA17Chr7g0268301/MtrunA17Chr6g0474221/MtrunA17Chr4g0004391/MtrunA17Chr7g0246091/MtrunA17Chr1g0180641/MtrunA17Chr2g0314641/MtrunA17Chr4g0027911/MtrunA17Chr5g0424941/MtrunA17Chr7g0231251/MtrunA17Chr1g0166861/MtrunA17Chr6g0450371/MtrunA17Chr6g0475051/MtrunA17Chr1g0192551	MtrunA17_Chr6g0476561/MtrunA17_Chr4g0059731/MtrunA17_Chr3g0132221/MtrunA17_Chr4g0022231/MtrunA17_Chr4g0029891/MtrunA17_Chr4g0005771/MtrunA17_Chr3g0102931/MtrunA17_Chr2g0306441/MtrunA17_Chr7g0268301/MtrunA17_Chr6g0474221/MtrunA17_Chr4g0004391/MtrunA17_Chr7g0246091/MtrunA17_Chr1g0180641/MtrunA17_Chr2g0314641/MtrunA17_Chr4g0027911/MtrunA17_Chr5g0424941/MtrunA17_Chr7g0231251/MtrunA17_Chr1g0166861/MtrunA17_Chr6g0450371/MtrunA17_Chr6g0475051/MtrunA17_Chr1g0192551	0.06	2.02959537572254	3.39584751205164
BP	GO:0019676	ammonia assimilation cycle	2/256	5/14453	0.00301688865506562	0.0900038448761244	0.0820382002693283	2	MtrunA17Chr1g0157851/MtrunA17Chr4g0032371	MtrunA17_Chr1g0157851/MtrunA17_Chr4g0032371	0.4	22.5828125	6.4814897930631
BP	GO:0006820	monoatomic anion transport	2/256	6/14453	0.00447253439294093	0.114369093762347	0.10424704224148	2	MtrunA17Chr3g0136211/MtrunA17Chr8g0369461	MtrunA17_Chr3g0136211/MtrunA17_Chr8g0369461	0.333333333333333	18.8190104166667	5.86213800734626
BP	GO:0050982	detection of mechanical stimulus	2/256	7/14453	0.00618859834733957	0.123084344908198	0.112190964191536	2	MtrunA17Chr3g0136211/MtrunA17Chr8g0369461	MtrunA17_Chr3g0136211/MtrunA17_Chr8g0369461	0.285714285714286	16.1305803571429	5.37670821985506
BP	GO:0090304	nucleic acid metabolic process	2/256	7/14453	0.00618859834733957	0.123084344908198	0.112190964191536	2	MtrunA17Chr7g0272001/MtrunA17Chr6g0475041	MtrunA17_Chr7g0272001/MtrunA17_Chr6g0475041	0.285714285714286	16.1305803571429	5.37670821985506
BP	GO:0006730	one-carbon metabolic process	3/256	23/14453	0.00748456538158767	0.132711756010179	0.120966316857264	3	MtrunA17Chr1g0178591/MtrunA17Chr7g0257091/MtrunA17Chr4g0069201	MtrunA17_Chr1g0178591/MtrunA17_Chr7g0257091/MtrunA17_Chr4g0069201	0.130434782608696	7.36396059782609	4.10151120614055
BP	GO:0051555	flavonol biosynthetic process	2/256	8/14453	0.00815547103973167	0.132711756010179	0.120966316857264	2	MtrunA17Chr3g0092571/MtrunA17Chr3g0092581	MtrunA17_Chr3g0092571/MtrunA17_Chr3g0092581	0.25	14.1142578125	4.98213630974961
BP	GO:0030198	extracellular matrix organization	2/256	9/14453	0.0103637994086373	0.142701545703544	0.130071976383707	2	MtrunA17Chr5g0414771/MtrunA17Chr5g0414661	MtrunA17_Chr5g0414771/MtrunA17_Chr5g0414661	0.222222222222222	12.5460069444444	4.65259229523029
BP	GO:0030574	collagen catabolic process	2/256	9/14453	0.0103637994086373	0.142701545703544	0.130071976383707	2	MtrunA17Chr5g0414771/MtrunA17Chr5g0414661	MtrunA17_Chr5g0414771/MtrunA17_Chr5g0414661	0.222222222222222	12.5460069444444	4.65259229523029
MF	GO:0004066	asparagine synthase (glutamine-hydrolyzing) activity	2/519	5/17556	0.00822051220782079	0.22973762241238	0.224134265768176	2	MtrunA17Chr3g0105311/MtrunA17Chr5g0430381	MtrunA17_Chr3g0105311/MtrunA17_Chr5g0430381	0.4	13.5306358381503	4.89096676817082
MF	GO:0102545	phosphatidyl phospholipase B activity	2/519	5/17556	0.00822051220782079	0.22973762241238	0.224134265768176	2	MtrunA17Chr2g0332581/MtrunA17Chr3g0138041	MtrunA17_Chr2g0332581/MtrunA17_Chr3g0138041	0.4	13.5306358381503	4.89096676817082
MF	GO:0005381	iron ion transmembrane transporter activity	3/519	15/17556	0.00896537063072702	0.22973762241238	0.224134265768176	3	MtrunA17Chr4g0050831/MtFPN3/MtrunA17Chr6g0479471	MtrunA17_Chr4g0050831/MtrunA17_Chr4g0004881/MtrunA17_Chr6g0479471	0.2	6.76531791907515	3.898784673356
BP	GO:0030026	intracellular manganese ion homeostasis	2/256	12/14453	0.0183477089029544	0.234588563830631	0.213826682703604	2	MtrunA17Chr4g0050831/MtrunA17Chr6g0479471	MtrunA17_Chr4g0050831/MtrunA17_Chr6g0479471	0.166666666666667	9.40950520833333	3.9133446748356
MF	GO:0004622	lysophospholipase activity	2/519	6/17556	0.0120904530681822	0.247854287897736	0.241809061363645	2	MtrunA17Chr2g0332581/MtrunA17Chr3g0138041	MtrunA17_Chr2g0332581/MtrunA17_Chr3g0138041	0.333333333333333	11.2755298651252	4.39368406189068
MF	GO:0045431	flavonol synthase activity	2/519	6/17556	0.0120904530681822	0.247854287897736	0.241809061363645	2	MtrunA17Chr3g0092571/MtrunA17Chr3g0092581	MtrunA17_Chr3g0092571/MtrunA17_Chr3g0092581	0.333333333333333	11.2755298651252	4.39368406189068
BP	GO:0043622	cortical microtubule organization	2/256	13/14453	0.0214332500598457	0.255770117380825	0.233133597142181	2	MtrunA17Chr1g0171851/MtrunA17Chr5g0436961	MtrunA17_Chr1g0171851/MtrunA17_Chr5g0436961	0.153846153846154	8.68569711538462	3.72269120191054
BP	GO:0034220	monoatomic ion transmembrane transport	3/256	35/14453	0.023686621246035	0.260256755132819	0.237223152282193	3	MtrunA17Chr3g0136211/MtDMI1/MtrunA17Chr8g0369461	MtrunA17_Chr3g0136211/MtrunA17_Chr2g0277131/MtrunA17_Chr8g0369461	0.0857142857142857	4.83917410714286	3.05354966046882
BP	GO:0006880	intracellular sequestering of iron ion	2/256	14/14453	0.0247171219958543	0.260256755132819	0.237223152282193	2	MtrunA17Chr4g0050831/MtrunA17Chr6g0479471	MtrunA17_Chr4g0050831/MtrunA17_Chr6g0479471	0.142857142857143	8.06529017857143	3.55149437404997
BP	GO:0042938	dipeptide transport	2/256	15/14453	0.0281913884205053	0.277686898217182	0.253110668766029	2	MtNPF5.11/MtNPF5.12	MtrunA17_Chr7g0261881/MtrunA17_Chr1g0166791	0.133333333333333	7.52760416666667	3.39649977136049
BP	GO:0006535	cysteine biosynthetic process from serine	2/256	16/14453	0.0318483300453283	0.277686898217182	0.253110668766029	2	MtrunA17Chr1g0205381/MtrunA17Chr3g0101841	MtrunA17_Chr1g0205381/MtrunA17_Chr3g0101841	0.125	7.05712890625	3.25517242078608
BP	GO:0007623	circadian rhythm	2/256	16/14453	0.0318483300453283	0.277686898217182	0.253110668766029	2	MtrunA17Chr3g0083841/MtrunA17Chr2g0279081	MtrunA17_Chr3g0083841/MtrunA17_Chr2g0279081	0.125	7.05712890625	3.25517242078608
BP	GO:0005992	trehalose biosynthetic process	2/256	17/14453	0.0356804394357273	0.277686898217182	0.253110668766029	2	MtrunA17Chr4g0056481/MtrunA17Chr8g0382441	MtrunA17_Chr4g0056481/MtrunA17_Chr8g0382441	0.117647058823529	6.64200367647059	3.12550398346418
BP	GO:0006259	DNA metabolic process	2/256	17/14453	0.0356804394357273	0.277686898217182	0.253110668766029	2	MtrunA17Chr8g0357531/MtrunA17Chr3g0083241	MtrunA17_Chr8g0357531/MtrunA17_Chr3g0083241	0.117647058823529	6.64200367647059	3.12550398346418
BP	GO:0042908	xenobiotic transport	2/256	17/14453	0.0356804394357273	0.277686898217182	0.253110668766029	2	MtrunA17Chr6g0476561/MtrunA17Chr3g0102931	MtrunA17_Chr6g0476561/MtrunA17_Chr3g0102931	0.117647058823529	6.64200367647059	3.12550398346418
BP	GO:0031640	killing of cells of another organism	2/256	19/14453	0.0438411609452254	0.326981992049806	0.298042980110085	2	MtPDF4/MtPDF8	MtrunA17_Chr7g0260561/MtrunA17_Chr8g0339511	0.105263157894737	5.94284539473684	2.89498384450368
CC	GO:0090575	RNA polymerase II transcription regulator complex	2/181	13/11396	0.0174422163864675	0.375007652309051	0.367204555504578	2	MtrunA17Chr1g0170571/MtrunA17Chr1g0170581	MtrunA17_Chr1g0170571/MtrunA17_Chr1g0170581	0.153846153846154	9.68635784105397	3.98086855655677
BP	GO:0031047	regulatory ncRNA-mediated gene silencing	2/256	21/14453	0.0526175419722515	0.376741600521321	0.343398694976799	2	MtrunA17Chr4g0062941/MtrunA17Chr4g0029981	MtrunA17_Chr4g0062941/MtrunA17_Chr4g0029981	0.0952380952380952	5.37686011904762	2.69522311321925
BP	GO:0016311	dephosphorylation	6/256	159/14453	0.0637556533446763	0.384707891480785	0.350659942249466	6	MtrunA17Chr8g0393271/MtrunA17Chr6g0453731/MtrunA17Chr2g0330511/MtrunA17Chr1g0193721/MtrunA17Chr4g0056481/MtrunA17Chr8g0382441	MtrunA17_Chr8g0393271/MtrunA17_Chr6g0453731/MtrunA17_Chr2g0330511/MtrunA17_Chr1g0193721/MtrunA17_Chr4g0056481/MtrunA17_Chr8g0382441	0.0377358490566038	2.13045400943396	1.92468756188988
BP	GO:0071805	potassium ion transmembrane transport	3/256	52/14453	0.0643997637749855	0.384707891480785	0.350659942249466	3	MtCNGCIa/MtrunA17Chr3g0080421/MtSKOR/GORK	MtrunA17_Chr8g0347121/MtrunA17_Chr3g0080421/MtrunA17_Chr5g0434371	0.0576923076923077	3.25713641826923	2.18951952622865
BP	GO:0071421	manganese ion transmembrane transport	2/256	27/14453	0.0821258452347504	0.384707891480785	0.350659942249466	2	MtrunA17Chr4g0050831/MtrunA17Chr6g0479471	MtrunA17_Chr4g0050831/MtrunA17_Chr6g0479471	0.0740740740740741	4.18200231481482	2.22226106518687
BP	GO:0042742	defense response to bacterium	4/256	93/14453	0.0830900109205072	0.384707891480785	0.350659942249466	4	MtrunA17Chr6g0477601/MtrunA17Chr6g0477581/MtrunA17Chr6g0477591/MtrunA17Chr1g0200031	MtrunA17_Chr6g0477601/MtrunA17_Chr6g0477581/MtrunA17_Chr6g0477591/MtrunA17_Chr1g0200031	0.0430107526881721	2.42825940860215	1.8554831547401
BP	GO:0006556	S-adenosylmethionine biosynthetic process	1/256	5/14453	0.0854920636386832	0.384707891480785	0.350659942249466	1	MtrunA17Chr4g0069201	MtrunA17_Chr4g0069201	0.2	11.29140625	3.09059093042859
BP	GO:0006654	phosphatidic acid biosynthetic process	1/256	5/14453	0.0854920636386832	0.384707891480785	0.350659942249466	1	MtPLD14	MtrunA17_Chr2g0295411	0.2	11.29140625	3.09059093042859
BP	GO:0009698	phenylpropanoid metabolic process	1/256	5/14453	0.0854920636386832	0.384707891480785	0.350659942249466	1	MtrunA17Chr3g0102021	MtrunA17_Chr3g0102021	0.2	11.29140625	3.09059093042859
BP	GO:0010133	proline catabolic process to glutamate	1/256	5/14453	0.0854920636386832	0.384707891480785	0.350659942249466	1	MtrunA17Chr4g0060261	MtrunA17_Chr4g0060261	0.2	11.29140625	3.09059093042859
BP	GO:0042138	meiotic DNA double-strand break formation	1/256	5/14453	0.0854920636386832	0.384707891480785	0.350659942249466	1	MtrunA17Chr5g0438521	MtrunA17_Chr5g0438521	0.2	11.29140625	3.09059093042859
BP	GO:0048856	anatomical structure development	1/256	5/14453	0.0854920636386832	0.384707891480785	0.350659942249466	1	MtrunA17Chr4g0026521	MtrunA17_Chr4g0026521	0.2	11.29140625	3.09059093042859
BP	GO:0055129	L-proline biosynthetic process	1/256	5/14453	0.0854920636386832	0.384707891480785	0.350659942249466	1	MtP5CS2	MtrunA17_Chr7g0239721	0.2	11.29140625	3.09059093042859
BP	GO:0071423	malate transmembrane transport	1/256	5/14453	0.0854920636386832	0.384707891480785	0.350659942249466	1	MtrunA17Chr4g0032371	MtrunA17_Chr4g0032371	0.2	11.29140625	3.09059093042859
BP	GO:0080143	regulation of amino acid export	1/256	5/14453	0.0854920636386832	0.384707891480785	0.350659942249466	1	MtrunA17Chr7g0220631	MtrunA17_Chr7g0220631	0.2	11.29140625	3.09059093042859
BP	GO:0048366	leaf development	2/256	29/14453	0.0928641807126135	0.384707891480785	0.350659942249466	2	MtrunA17Chr4g0062941/MtrunA17Chr2g0315891	MtrunA17_Chr4g0062941/MtrunA17_Chr2g0315891	0.0689655172413793	3.89358836206897	2.0944912918839
BP	GO:0009651	response to salt stress	3/256	63/14453	0.100779050256645	0.384707891480785	0.350659942249466	3	MtrunA17Chr4g0033231/MtrunA17Chr6g0475981/MtrunA17Chr4g0060261	MtrunA17_Chr4g0033231/MtrunA17_Chr6g0475981/MtrunA17_Chr4g0060261	0.0476190476190476	2.68843005952381	1.80346874878813
BP	GO:0010468	regulation of gene expression	3/256	63/14453	0.100779050256645	0.384707891480785	0.350659942249466	3	MtLBD1/MtrunA17Chr5g0401401/MtrunA17Chr4g0053911	MtrunA17_Chr1g0207471/MtrunA17_Chr5g0401401/MtrunA17_Chr4g0053911	0.0476190476190476	2.68843005952381	1.80346874878813
BP	GO:0002183	cytoplasmic translational initiation	1/256	6/14453	0.101695969487832	0.384707891480785	0.350659942249466	1	MtrunA17Chr2g0303821	MtrunA17_Chr2g0303821	0.166666666666667	9.40950520833333	2.76657788238552
BP	GO:0005983	starch catabolic process	1/256	6/14453	0.101695969487832	0.384707891480785	0.350659942249466	1	MtrunA17Chr3g0129201	MtrunA17_Chr3g0129201	0.166666666666667	9.40950520833333	2.76657788238552
BP	GO:0006996	organelle organization	1/256	6/14453	0.101695969487832	0.384707891480785	0.350659942249466	1	MtrunA17Chr1g0196571	MtrunA17_Chr1g0196571	0.166666666666667	9.40950520833333	2.76657788238552
BP	GO:0015770	sucrose transport	1/256	6/14453	0.101695969487832	0.384707891480785	0.350659942249466	1	MtSUT1.4	MtrunA17_Chr6g0462451	0.166666666666667	9.40950520833333	2.76657788238552
BP	GO:0015977	carbon fixation	1/256	6/14453	0.101695969487832	0.384707891480785	0.350659942249466	1	MtrunA17Chr2g0315891	MtrunA17_Chr2g0315891	0.166666666666667	9.40950520833333	2.76657788238552
BP	GO:0051276	chromosome organization	1/256	6/14453	0.101695969487832	0.384707891480785	0.350659942249466	1	MtrunA17Chr3g0083241	MtrunA17_Chr3g0083241	0.166666666666667	9.40950520833333	2.76657788238552
BP	GO:0009058	biosynthetic process	2/256	32/14453	0.109669775427524	0.384707891480785	0.350659942249466	2	MtrunA17Chr2g0300851/MtrunA17Chr1g0149721	MtrunA17_Chr2g0300851/MtrunA17_Chr1g0149721	0.0625	3.528564453125	1.92281276645847
BP	GO:0006370	7-methylguanosine mRNA capping	1/256	7/14453	0.117613864677914	0.384707891480785	0.350659942249466	1	MtrunA17Chr3g0126581	MtrunA17_Chr3g0126581	0.142857142857143	8.06529017857143	2.51067724318009
BP	GO:0009690	cytokinin metabolic process	1/256	7/14453	0.117613864677914	0.384707891480785	0.350659942249466	1	MtCKX6	MtrunA17_Chr3g0091141	0.142857142857143	8.06529017857143	2.51067724318009
BP	GO:0010039	response to iron ion	1/256	7/14453	0.117613864677914	0.384707891480785	0.350659942249466	1	MtrunA17Chr1g0146591	MtrunA17_Chr1g0146591	0.142857142857143	8.06529017857143	2.51067724318009
BP	GO:0015914	phospholipid transport	1/256	7/14453	0.117613864677914	0.384707891480785	0.350659942249466	1	MtrunA17Chr3g0115591	MtrunA17_Chr3g0115591	0.142857142857143	8.06529017857143	2.51067724318009
BP	GO:0045893	positive regulation of DNA-templated transcription	4/256	108/14453	0.125122895900577	0.384707891480785	0.350659942249466	4	MtrunA17Chr4g0054291/MtrunA17Chr5g0400901/MtrunA17Chr3g0141881/MtrunA17Chr2g0324891	MtrunA17_Chr4g0054291/MtrunA17_Chr5g0400901/MtrunA17_Chr3g0141881/MtrunA17_Chr2g0324891	0.037037037037037	2.09100115740741	1.52817285388247
BP	GO:0006541	glutamine metabolic process	2/256	35/14453	0.127196860828694	0.384707891480785	0.350659942249466	2	MtrunA17Chr3g0105311/MtrunA17Chr5g0430381	MtrunA17_Chr3g0105311/MtrunA17_Chr5g0430381	0.0571428571428571	3.22611607142857	1.77057767748222
BP	GO:0005986	sucrose biosynthetic process	1/256	8/14453	0.133250778054797	0.384707891480785	0.350659942249466	1	MtrunA17Chr3g0096241	MtrunA17_Chr3g0096241	0.125	7.05712890625	2.30111701997334
BP	GO:0009926	auxin polar transport	1/256	8/14453	0.133250778054797	0.384707891480785	0.350659942249466	1	MtPIN9	MtrunA17_Chr7g0249141	0.125	7.05712890625	2.30111701997334
BP	GO:0010315	auxin export across the plasma membrane	1/256	8/14453	0.133250778054797	0.384707891480785	0.350659942249466	1	MtPIN9	MtrunA17_Chr7g0249141	0.125	7.05712890625	2.30111701997334
BP	GO:0015689	molybdate ion transport	1/256	8/14453	0.133250778054797	0.384707891480785	0.350659942249466	1	MtMOT1.3	MtrunA17_Chr3g0105081	0.125	7.05712890625	2.30111701997334
BP	GO:0015798	myo-inositol transport	1/256	8/14453	0.133250778054797	0.384707891480785	0.350659942249466	1	MtrunA17Chr8g0376611	MtrunA17_Chr8g0376611	0.125	7.05712890625	2.30111701997334
BP	GO:0048316	seed development	1/256	8/14453	0.133250778054797	0.384707891480785	0.350659942249466	1	MtrunA17Chr1g0146591	MtrunA17_Chr1g0146591	0.125	7.05712890625	2.30111701997334
BP	GO:0080162	endoplasmic reticulum to cytosol auxin transport	1/256	8/14453	0.133250778054797	0.384707891480785	0.350659942249466	1	MtrunA17Chr8g0335261	MtrunA17_Chr8g0335261	0.125	7.05712890625	2.30111701997334
BP	GO:1901642	nucleoside transmembrane transport	1/256	8/14453	0.133250778054797	0.384707891480785	0.350659942249466	1	MtrunA17Chr4g0020391	MtrunA17_Chr4g0020391	0.125	7.05712890625	2.30111701997334
BP	GO:0008285	negative regulation of cell population proliferation	1/256	9/14453	0.148611650385567	0.397037095806216	0.361897970302637	1	MtrunA17Chr1g0185781	MtrunA17_Chr1g0185781	0.111111111111111	6.27300347222222	2.12481557006062
BP	GO:0010167	response to nitrate	1/256	9/14453	0.148611650385567	0.397037095806216	0.361897970302637	1	MtrunA17Chr4g0044831	MtrunA17_Chr4g0044831	0.111111111111111	6.27300347222222	2.12481557006062
BP	GO:0044237	cellular metabolic process	1/256	9/14453	0.148611650385567	0.397037095806216	0.361897970302637	1	MtrunA17Chr2g0314641	MtrunA17_Chr2g0314641	0.111111111111111	6.27300347222222	2.12481557006062
BP	GO:0072488	ammonium transmembrane transport	1/256	9/14453	0.148611650385567	0.397037095806216	0.361897970302637	1	MtrunA17Chr1g0189971	MtrunA17_Chr1g0189971	0.111111111111111	6.27300347222222	2.12481557006062
BP	GO:0120029	proton export across plasma membrane	1/256	9/14453	0.148611650385567	0.397037095806216	0.361897970302637	1	MtAHA8	MtrunA17_Chr1g0148031	0.111111111111111	6.27300347222222	2.12481557006062
MF	GO:0008381	mechanosensitive monoatomic ion channel activity	2/519	8/17556	0.0217009786806069	0.404427329956765	0.394563248738307	2	MtrunA17Chr3g0136211/MtrunA17Chr8g0369461	MtrunA17_Chr3g0136211/MtrunA17_Chr8g0369461	0.25	8.45664739884393	3.68181804504645
BP	GO:0009877	nodulation	2/256	40/14453	0.157689736163582	0.404505114886208	0.368705044442001	2	MtNOD25|MtN22/MtDMI1	MtrunA17_Chr3g0100391/MtrunA17_Chr2g0277131	0.05	2.8228515625	1.55020729095514
BP	GO:0006817	phosphate ion transport	1/256	10/14453	0.163701335895211	0.404505114886208	0.368705044442001	1	MtPT12	MtrunA17_Chr7g0261231	0.1	5.645703125	1.97336951969281
BP	GO:0030388	fructose 1,6-bisphosphate metabolic process	1/256	10/14453	0.163701335895211	0.404505114886208	0.368705044442001	1	MtrunA17Chr1g0179211	MtrunA17_Chr1g0179211	0.1	5.645703125	1.97336951969281
BP	GO:0090333	regulation of stomatal closure	1/256	10/14453	0.163701335895211	0.404505114886208	0.368705044442001	1	MtrunA17Chr3g0080421	MtrunA17_Chr3g0080421	0.1	5.645703125	1.97336951969281
BP	GO:1905786	positive regulation of anaphase-promoting complex-dependent catabolic process	1/256	10/14453	0.163701335895211	0.404505114886208	0.368705044442001	1	MtrunA17Chr7g0233651	MtrunA17_Chr7g0233651	0.1	5.645703125	1.97336951969281
BP	GO:1902358	sulfate transmembrane transport	2/256	42/14453	0.170242430823305	0.404505114886208	0.368705044442001	2	MtSULTR2.2/MtSULTR3.5	MtrunA17_Chr5g0425241/MtrunA17_Chr6g0485191	0.0476190476190476	2.68843005952381	1.47145277869892
BP	GO:0016125	sterol metabolic process	2/256	43/14453	0.17658036440533	0.404505114886208	0.368705044442001	2	MtCYP707A107/MtCYP729A5	MtrunA17_Chr4g0044851/MtrunA17_Chr3g0089351	0.0465116279069768	2.62590843023256	1.43378485345236
BP	GO:0006542	glutamine biosynthetic process	1/256	11/14453	0.178524603776595	0.404505114886208	0.368705044442001	1	MtGS1a	MtrunA17_Chr6g0479141	0.0909090909090909	5.13245738636364	1.84109722764517
BP	GO:0009826	unidimensional cell growth	1/256	11/14453	0.178524603776595	0.404505114886208	0.368705044442001	1	MtGA20ox5	MtrunA17_Chr3g0130391	0.0909090909090909	5.13245738636364	1.84109722764517
BP	GO:0015706	nitrate transmembrane transport	1/256	11/14453	0.178524603776595	0.404505114886208	0.368705044442001	1	MtNRT2.1	MtrunA17_Chr4g0028551	0.0909090909090909	5.13245738636364	1.84109722764517
BP	GO:0031222	arabinan catabolic process	1/256	11/14453	0.178524603776595	0.404505114886208	0.368705044442001	1	MtrunA17Chr5g0425531	MtrunA17_Chr5g0425531	0.0909090909090909	5.13245738636364	1.84109722764517
BP	GO:1904668	positive regulation of ubiquitin protein ligase activity	1/256	11/14453	0.178524603776595	0.404505114886208	0.368705044442001	1	MtrunA17Chr7g0233651	MtrunA17_Chr7g0233651	0.0909090909090909	5.13245738636364	1.84109722764517
BP	GO:0009228	thiamine biosynthetic process	1/256	12/14453	0.193086139674198	0.416414686767246	0.379560578941036	1	MtrunA17Chr4g0041841	MtrunA17_Chr4g0041841	0.0833333333333333	4.70475260416667	1.72399844175521
BP	GO:0009751	response to salicylic acid	1/256	12/14453	0.193086139674198	0.416414686767246	0.379560578941036	1	MtrunA17Chr4g0062741	MtrunA17_Chr4g0062741	0.0833333333333333	4.70475260416667	1.72399844175521
BP	GO:0019752	carboxylic acid metabolic process	1/256	12/14453	0.193086139674198	0.416414686767246	0.379560578941036	1	MtrunA17Chr6g0479481	MtrunA17_Chr6g0479481	0.0833333333333333	4.70475260416667	1.72399844175521
BP	GO:0099402	plant organ development	1/256	12/14453	0.193086139674198	0.416414686767246	0.379560578941036	1	MtrunA17Chr4g0031341	MtrunA17_Chr4g0031341	0.0833333333333333	4.70475260416667	1.72399844175521
BP	GO:0006782	protoporphyrinogen IX biosynthetic process	1/256	13/14453	0.207390547142061	0.426216994458848	0.388495349256815	1	MtrunA17Chr5g0428201	MtrunA17_Chr5g0428201	0.0769230769230769	4.34284855769231	1.61916254676889
BP	GO:0007052	mitotic spindle organization	1/256	13/14453	0.207390547142061	0.426216994458848	0.388495349256815	1	MtrunA17Chr4g0053211	MtrunA17_Chr4g0053211	0.0769230769230769	4.34284855769231	1.61916254676889
BP	GO:0009987	cellular process	1/256	13/14453	0.207390547142061	0.426216994458848	0.388495349256815	1	MtrunA17Chr7g0268301	MtrunA17_Chr7g0268301	0.0769230769230769	4.34284855769231	1.61916254676889
BP	GO:0051259	protein complex oligomerization	1/256	13/14453	0.207390547142061	0.426216994458848	0.388495349256815	1	MtrunA17Chr6g0475981	MtrunA17_Chr6g0475981	0.0769230769230769	4.34284855769231	1.61916254676889
BP	GO:0005975	carbohydrate metabolic process	7/256	276/14453	0.218725509964657	0.426216994458848	0.388495349256815	7	MtrunA17Chr8g0352881/MtBG44/MtrunA17Chr4g0033231/MtrunA17Chr1g0157251/MtrunA17Chr4g0026321/MtrunA17Chr1g0194231/MtrunA17Chr1g0193131	MtrunA17_Chr8g0352881/MtrunA17_Chr4g0062771/MtrunA17_Chr4g0033231/MtrunA17_Chr1g0157251/MtrunA17_Chr4g0026321/MtrunA17_Chr1g0194231/MtrunA17_Chr1g0193131	0.0253623188405797	1.43188122735507	0.97277492240857
BP	GO:0005977	glycogen metabolic process	1/256	14/14453	0.221442349076384	0.426216994458848	0.388495349256815	1	MtrunA17Chr3g0129201	MtrunA17_Chr3g0129201	0.0714285714285714	4.03264508928571	1.52441325138414
BP	GO:0006662	glycerol ether metabolic process	1/256	14/14453	0.221442349076384	0.426216994458848	0.388495349256815	1	TRX	MtrunA17_Chr5g0415771	0.0714285714285714	4.03264508928571	1.52441325138414
BP	GO:0009395	phospholipid catabolic process	1/256	14/14453	0.221442349076384	0.426216994458848	0.388495349256815	1	MtPLD14	MtrunA17_Chr2g0295411	0.0714285714285714	4.03264508928571	1.52441325138414
BP	GO:0009740	gibberellic acid mediated signaling pathway	1/256	14/14453	0.221442349076384	0.426216994458848	0.388495349256815	1	MtGASA8	MtrunA17_Chr3g0134511	0.0714285714285714	4.03264508928571	1.52441325138414
BP	GO:0120009	intermembrane lipid transfer	1/256	14/14453	0.221442349076384	0.426216994458848	0.388495349256815	1	MtrunA17Chr3g0115591	MtrunA17_Chr3g0115591	0.0714285714285714	4.03264508928571	1.52441325138414
BP	GO:0006096	glycolytic process	2/256	52/14453	0.234894745335294	0.438635750552695	0.399815003444091	2	MtrunA17Chr3g0115581/MtrunA17Chr1g0179211	MtrunA17_Chr3g0115581/MtrunA17_Chr1g0179211	0.0384615384615385	2.17142427884615	1.13633199627282
BP	GO:0006520	amino acid metabolic process	1/256	15/14453	0.235245989123233	0.438635750552695	0.399815003444091	1	MtrunA17Chr1g0149721	MtrunA17_Chr1g0149721	0.0666666666666667	3.76380208333333	1.43808553711996
BP	GO:0019762	glucosinolate catabolic process	1/256	15/14453	0.235245989123233	0.438635750552695	0.399815003444091	1	MtrunA17Chr4g0033231	MtrunA17_Chr4g0033231	0.0666666666666667	3.76380208333333	1.43808553711996
BP	GO:0006401	RNA catabolic process	1/256	16/14453	0.24880583306176	0.449861051697525	0.410046827480837	1	MtrunA17Chr7g0246091	MtrunA17_Chr7g0246091	0.0625	3.528564453125	1.35888032092227
BP	GO:0045493	xylan catabolic process	1/256	16/14453	0.24880583306176	0.449861051697525	0.410046827480837	1	MtrunA17Chr5g0425531	MtrunA17_Chr5g0425531	0.0625	3.528564453125	1.35888032092227
BP	GO:0051453	regulation of intracellular pH	1/256	16/14453	0.24880583306176	0.449861051697525	0.410046827480837	1	MtAHA8	MtrunA17_Chr1g0148031	0.0625	3.528564453125	1.35888032092227
BP	GO:0006002	fructose 6-phosphate metabolic process	1/256	17/14453	0.262126170163387	0.455539654944138	0.415222855138732	1	MtrunA17Chr2g0330871	MtrunA17_Chr2g0330871	0.0588235294117647	3.32100183823529	1.28576670754141
BP	GO:0018106	peptidyl-histidine phosphorylation	1/256	17/14453	0.262126170163387	0.455539654944138	0.415222855138732	1	MtETR3	MtrunA17_Chr1g0168161	0.0588235294117647	3.32100183823529	1.28576670754141
BP	GO:0030968	endoplasmic reticulum unfolded protein response	1/256	17/14453	0.262126170163387	0.455539654944138	0.415222855138732	1	MtrunA17Chr2g0290301	MtrunA17_Chr2g0290301	0.0588235294117647	3.32100183823529	1.28576670754141
BP	GO:0061615	glycolytic process through fructose-6-phosphate	1/256	17/14453	0.262126170163387	0.455539654944138	0.415222855138732	1	MtrunA17Chr2g0330871	MtrunA17_Chr2g0330871	0.0588235294117647	3.32100183823529	1.28576670754141
BP	GO:0001676	long-chain fatty acid metabolic process	1/256	18/14453	0.27521121452735	0.464743466041468	0.423612097832565	1	MtrunA17Chr3g0102411	MtrunA17_Chr3g0102411	0.0555555555555556	3.13650173611111	1.21791443101657
BP	GO:0007131	reciprocal meiotic recombination	1/256	18/14453	0.27521121452735	0.464743466041468	0.423612097832565	1	MtrunA17Chr5g0438521	MtrunA17_Chr5g0438521	0.0555555555555556	3.13650173611111	1.21791443101657
BP	GO:0031347	regulation of defense response	1/256	18/14453	0.27521121452735	0.464743466041468	0.423612097832565	1	MtrunA17Chr4g0070241	MtrunA17_Chr4g0070241	0.0555555555555556	3.13650173611111	1.21791443101657
BP	GO:0045944	positive regulation of transcription by RNA polymerase II	3/256	105/14453	0.284941346246234	0.476677579234353	0.434490001654365	3	MtrunA17Chr4g0014031/MtHAC1/MtrunA17Chr5g0432691	MtrunA17_Chr4g0014031/MtrunA17_Chr1g0169961/MtrunA17_Chr5g0432691	0.0285714285714286	1.61305803571429	0.846615514564124
BP	GO:0009739	response to gibberellin	1/256	19/14453	0.288065106393024	0.4774412411514	0.435186076909539	1	MtrunA17Chr4g0062741	MtrunA17_Chr4g0062741	0.0526315789473684	2.97142269736842	1.15464603963671
BP	GO:0010268	brassinosteroid homeostasis	1/256	20/14453	0.300691913429423	0.484899572106907	0.441984320356193	1	MtCYP729A5	MtrunA17_Chr3g0089351	0.05	2.8228515625	1.09540234120057
BP	GO:0042542	response to hydrogen peroxide	1/256	20/14453	0.300691913429423	0.484899572106907	0.441984320356193	1	MtrunA17Chr6g0475981	MtrunA17_Chr6g0475981	0.05	2.8228515625	1.09540234120057
BP	GO:2000022	regulation of jasmonic acid mediated signaling pathway	1/256	20/14453	0.300691913429423	0.484899572106907	0.441984320356193	1	MtrunA17Chr4g0070241	MtrunA17_Chr4g0070241	0.05	2.8228515625	1.09540234120057
BP	GO:0042273	ribosomal large subunit biogenesis	1/256	21/14453	0.313095632002281	0.495965647154056	0.452071010343303	1	MtrunA17Chr5g0424941	MtrunA17_Chr5g0424941	0.0476190476190476	2.68843005952381	1.03971696552023
BP	GO:0071577	zinc ion transmembrane transport	1/256	21/14453	0.313095632002281	0.495965647154056	0.452071010343303	1	MtZIP2	MtrunA17_Chr2g0328511	0.0476190476190476	2.68843005952381	1.03971696552023
BP	GO:0006334	nucleosome assembly	2/256	65/14453	0.320307094162728	0.501940980405324	0.457517506397091	2	MtrunA17Chr6g0487691/MtrunA17Chr6g0487861	MtrunA17_Chr6g0487691/MtrunA17_Chr6g0487861	0.0307692307692308	1.73713942307692	0.7998190982219
BP	GO:0016132	brassinosteroid biosynthetic process	1/256	22/14453	0.325280188419093	0.501940980405324	0.457517506397091	1	MtCYP729A5	MtrunA17_Chr3g0089351	0.0454545454545455	2.56622869318182	0.987197327411138
BP	GO:0046940	nucleoside monophosphate phosphorylation	1/256	22/14453	0.325280188419093	0.501940980405324	0.457517506397091	1	MtrunA17Chr4g0057771	MtrunA17_Chr4g0057771	0.0454545454545455	2.56622869318182	0.987197327411138
MF	GO:0003824	catalytic activity	4/519	40/17556	0.0298055635915111	0.509178378021648	0.496759393191852	4	MtrunA17Chr4g0035331/MtrunA17Chr8g0357531/MtrunA17Chr7g0272001/MtrunA17Chr3g0083241	MtrunA17_Chr4g0035331/MtrunA17_Chr8g0357531/MtrunA17_Chr7g0272001/MtrunA17_Chr3g0083241	0.1	3.38265895953757	2.63306721648262
BP	GO:0006457	protein folding	3/256	115/14453	0.333425319551159	0.510112241022713	0.464965582819879	3	MtrunA17Chr8g0347891/MtrunA17Chr6g0475981/MtrunA17Chr1g0193711	MtrunA17_Chr8g0347891/MtrunA17_Chr6g0475981/MtrunA17_Chr1g0193711	0.0260869565217391	1.47279211956522	0.683534641149725
BP	GO:0098656	monoatomic anion transmembrane transport	1/256	23/14453	0.337249440152494	0.511590252434715	0.466312785224233	1	MtrunA17Chr3g0080421	MtrunA17_Chr3g0080421	0.0434782608695652	2.4546535326087	0.937510167345247
BP	GO:0000413	protein peptidyl-prolyl isomerization	2/256	69/14453	0.346257286532742	0.52060237242154	0.474527302119016	2	MtrunA17Chr1g0179231/MtrunA17Chr1g0193711	MtrunA17_Chr1g0179231/MtrunA17_Chr1g0193711	0.0289855072463768	1.6364356884058	0.711581913606751
BP	GO:0046856	phosphatidylinositol dephosphorylation	1/256	24/14453	0.349007177042373	0.52060237242154	0.474527302119016	1	MtrunA17Chr4g0054951	MtrunA17_Chr4g0054951	0.0416666666666667	2.35237630208333	0.890370421336864
BP	GO:0006006	glucose metabolic process	1/256	25/14453	0.360557122477064	0.524713210759304	0.47827431736367	1	MtrunA17Chr3g0129201	MtrunA17_Chr3g0129201	0.04	2.25828125	0.845532549041366
BP	GO:0006744	ubiquinone biosynthetic process	1/256	25/14453	0.360557122477064	0.524713210759304	0.47827431736367	1	MtrunA17Chr5g0409771	MtrunA17_Chr5g0409771	0.04	2.25828125	0.845532549041366
BP	GO:0030488	tRNA methylation	1/256	25/14453	0.360557122477064	0.524713210759304	0.47827431736367	1	MtBG44	MtrunA17_Chr4g0062771	0.04	2.25828125	0.845532549041366
BP	GO:0007018	microtubule-based movement	2/256	72/14453	0.365507215889108	0.527627351968954	0.48093054722251	2	MtrunA17Chr8g0372171/MtrunA17Chr4g0053211	MtrunA17_Chr8g0372171/MtrunA17_Chr4g0053211	0.0277777777777778	1.56825086805556	0.649078884077448
MF	GO:0017172	cysteine dioxygenase activity	2/519	10/17556	0.0335421689735065	0.528934203043756	0.516033368823177	2	MtrunA17Chr4g0041281/MtrunA17Chr6g0460971	MtrunA17_Chr4g0041281/MtrunA17_Chr6g0460971	0.2	6.76531791907515	3.182890752016
BP	GO:0016310	phosphorylation	9/256	442/14453	0.382948865931192	0.537751310756985	0.490158501425067	9	MtrunA17Chr1g0171851/MtrunA17Chr5g0440201/MtBG44/MtrunA17Chr7g0256301/MtrunA17Chr6g0474221/MtP5CS2/MtrunA17Chr2g0296871/MtrunA17Chr4g0057771/MtrunA17Chr1g0196081	MtrunA17_Chr1g0171851/MtrunA17_Chr5g0440201/MtrunA17_Chr4g0062771/MtrunA17_Chr7g0256301/MtrunA17_Chr6g0474221/MtrunA17_Chr7g0239721/MtrunA17_Chr2g0296871/MtrunA17_Chr4g0057771/MtrunA17_Chr1g0196081	0.0203619909502262	1.14957755938914	0.428872973322409
BP	GO:0005985	sucrose metabolic process	1/256	27/14453	0.383048207220113	0.537751310756985	0.490158501425067	1	MtSUT1.4	MtrunA17_Chr6g0462451	0.037037037037037	2.09100115740741	0.761938287377204
BP	GO:0030422	siRNA processing	1/256	27/14453	0.383048207220113	0.537751310756985	0.490158501425067	1	MtrunA17Chr1g0192551	MtrunA17_Chr1g0192551	0.037037037037037	2.09100115740741	0.761938287377204
BP	GO:0008643	carbohydrate transport	2/256	75/14453	0.384537250150246	0.537751310756985	0.490158501425067	2	MtPMT3_1|MtPLT3.3/MtrunA17Chr8g0376611	MtrunA17_Chr5g0403831/MtrunA17_Chr8g0376611	0.0266666666666667	1.50552083333333	0.58939455347751
BP	GO:0003333	amino acid transmembrane transport	1/256	28/14453	0.393996471392555	0.53836159068143	0.490714769512624	1	MtrunA17Chr5g0437961	MtrunA17_Chr5g0437961	0.0357142857142857	2.01632254464286	0.722833600268921
BP	GO:0035335	peptidyl-tyrosine dephosphorylation	1/256	28/14453	0.393996471392555	0.53836159068143	0.490714769512624	1	MtrunA17Chr1g0171851	MtrunA17_Chr1g0171851	0.0357142857142857	2.01632254464286	0.722833600268921
BP	GO:0046686	response to cadmium ion	1/256	28/14453	0.393996471392555	0.53836159068143	0.490714769512624	1	MtrunA17Chr1g0157851	MtrunA17_Chr1g0157851	0.0357142857142857	2.01632254464286	0.722833600268921
MF	GO:0004029	aldehyde dehydrogenase (NAD+) activity	2/519	11/17556	0.0402071196464022	0.549497301834163	0.536094928618696	2	MtrunA17Chr8g0365101/MtrunA17Chr4g0060261	MtrunA17_Chr8g0365101/MtrunA17_Chr4g0060261	0.181818181818182	6.15028901734104	2.98221390841777
MF	GO:0005249	voltage-gated potassium channel activity	2/519	11/17556	0.0402071196464022	0.549497301834163	0.536094928618696	2	MtCNGCIa/MtSKOR/GORK	MtrunA17_Chr8g0347121/MtrunA17_Chr5g0434371	0.181818181818182	6.15028901734104	2.98221390841777
BP	GO:0034605	cellular response to heat	1/256	31/14453	0.425693599660781	0.57726632075212	0.526176299421221	1	MtrunA17Chr3g0100521	MtrunA17_Chr3g0100521	0.032258064516129	1.82119455645161	0.614610295680689
CC	GO:0000785	chromatin	3/181	51/11396	0.047089938159836	0.579229503812743	0.567176992717497	3	MtrunA17Chr6g0487691/MtrunA17Chr6g0487861/MtJMJ12	MtrunA17_Chr6g0487691/MtrunA17_Chr6g0487861/MtrunA17_Chr1g0211711	0.0588235294117647	3.70360740981476	2.45823432879116
CC	GO:0009570	chloroplast stroma	6/181	170/11396	0.0538818143081622	0.579229503812743	0.567176992717497	6	MtrunA17Chr1g0178591/MtrunA17Chr7g0257091/MtrunA17Chr4g0044831/MtrunA17Chr1g0193711/MtrunA17Chr1g0157851/MtrunA17Chr4g0041841	MtrunA17_Chr1g0178591/MtrunA17_Chr7g0257091/MtrunA17_Chr4g0044831/MtrunA17_Chr1g0193711/MtrunA17_Chr1g0157851/MtrunA17_Chr4g0041841	0.0352941176470588	2.22216444588885	2.03956899091234
BP	GO:0007049	cell cycle	1/256	32/14453	0.435887916571532	0.582268187061972	0.530735483649548	1	MtrunA17Chr1g0183881	MtrunA17_Chr1g0183881	0.03125	1.7642822265625	0.581188120633219
BP	GO:0009908	flower development	1/256	32/14453	0.435887916571532	0.582268187061972	0.530735483649548	1	MtGA20ox5	MtrunA17_Chr3g0130391	0.03125	1.7642822265625	0.581188120633219
BP	GO:0050832	defense response to fungus	2/256	84/14453	0.4400311271554	0.583448679709753	0.531811498706332	2	MtPDF4/MtPDF8	MtrunA17_Chr7g0260561/MtrunA17_Chr8g0339511	0.0238095238095238	1.3442150297619	0.424856109601319
BP	GO:0018105	peptidyl-serine phosphorylation	2/256	86/14453	0.451994562636315	0.594904608175738	0.542253538766476	2	MtrunA17Chr1g0190131/MtrunA17Chr1g0146151	MtrunA17_Chr1g0190131/MtrunA17_Chr1g0146151	0.0232558139534884	1.31295421511628	0.390870282809
BP	GO:1990961	xenobiotic detoxification by transmembrane export across the plasma membrane	1/256	34/14453	0.455738941153351	0.595049627780968	0.542385723646281	1	MtMATE54	MtrunA17_Chr3g0140931	0.0294117647058824	1.66050091911765	0.517762964068583
BP	GO:0000226	microtubule cytoskeleton organization	1/256	35/14453	0.465401943515841	0.595049627780968	0.542385723646281	1	MtrunA17Chr4g0008361	MtrunA17_Chr4g0008361	0.0285714285714286	1.61305803571429	0.487605694495631
BP	GO:0006260	DNA replication	1/256	35/14453	0.465401943515841	0.595049627780968	0.542385723646281	1	MtrunA17Chr4g0021691	MtrunA17_Chr4g0021691	0.0285714285714286	1.61305803571429	0.487605694495631
BP	GO:0015979	photosynthesis	1/256	35/14453	0.465401943515841	0.595049627780968	0.542385723646281	1	MtrunA17Chr2g0315891	MtrunA17_Chr2g0315891	0.0285714285714286	1.61305803571429	0.487605694495631
BP	GO:0009611	response to wounding	1/256	37/14453	0.484218253090428	0.614716789384303	0.560312274945998	1	MtrunA17Chr4g0070241	MtrunA17_Chr4g0070241	0.027027027027027	1.52586570945946	0.430069848071405
CC	GO:0030430	host cell cytoplasm	1/181	5/11396	0.0769440318949276	0.621816178232952	0.608877530705461	1	MtrunA17Chr6g0475051	MtrunA17_Chr6g0475051	0.2	12.5922651933702	3.29358743599637
CC	GO:0000178	exosome (RNase complex)	1/181	7/11396	0.106046476596628	0.621816178232952	0.608877530705461	1	MtrunA17Chr1g0189971	MtrunA17_Chr1g0189971	0.142857142857143	8.99447513812155	2.68777551323477
CC	GO:0005773	vacuole	4/181	120/11396	0.123792014353432	0.621816178232952	0.608877530705461	4	MtrunA17Chr1g0171851/MtrunA17Chr4g0047861/MtrunA17Chr2g0300851/MtSUT1.4	MtrunA17_Chr1g0171851/MtrunA17_Chr4g0047861/MtrunA17_Chr2g0300851/MtrunA17_Chr6g0462451	0.0333333333333333	2.09871086556169	1.53706885277885
CC	GO:0000123	histone acetyltransferase complex	1/181	9/11396	0.134236278886481	0.621816178232952	0.608877530705461	1	MtHAC1	MtrunA17_Chr1g0169961	0.111111111111111	6.99570288520565	2.28588043785446
CC	GO:0055028	cortical microtubule	1/181	9/11396	0.134236278886481	0.621816178232952	0.608877530705461	1	MtrunA17Chr5g0436961	MtrunA17_Chr5g0436961	0.111111111111111	6.99570288520565	2.28588043785446
CC	GO:0031965	nuclear membrane	1/181	10/11396	0.147997869605858	0.621816178232952	0.608877530705461	1	MtDMI1	MtrunA17_Chr2g0277131	0.1	6.29613259668508	2.12848244827149
CC	GO:0009705	plant-type vacuole membrane	2/181	46/11396	0.165534146181998	0.621816178232952	0.608877530705461	2	MtrunA17Chr3g0080421/MtNRT2.1	MtrunA17_Chr3g0080421/MtrunA17_Chr4g0028551	0.0434782608695652	2.73744895508047	1.49999514200521
CC	GO:0048046	apoplast	4/181	138/11396	0.176771169574088	0.621816178232952	0.608877530705461	4	MtrunA17Chr4g0044831/MtrunA17Chr7g0246461/MtrunA17Chr3g0103061/MtrunA17Chr2g0315891	MtrunA17_Chr4g0044831/MtrunA17_Chr7g0246461/MtrunA17_Chr3g0103061/MtrunA17_Chr2g0315891	0.0289855072463768	1.82496597005365	1.23863049609766
CC	GO:0009501	amyloplast	1/181	13/11396	0.187990937605311	0.621816178232952	0.608877530705461	1	MtrunA17Chr1g0157851	MtrunA17_Chr1g0157851	0.0769230769230769	4.84317892052699	1.76128941518386
BP	GO:0000278	mitotic cell cycle	1/256	38/14453	0.493377529395149	0.621933646209378	0.566890415539274	1	MtrunA17Chr4g0008361	MtrunA17_Chr4g0008361	0.0263157894736842	1.48571134868421	0.402576475910559
BP	GO:0046854	phosphatidylinositol phosphate biosynthetic process	1/256	40/14453	0.511212856980244	0.63990979999625	0.583275618932189	1	MtrunA17Chr7g0256301	MtrunA17_Chr7g0256301	0.025	1.41142578125	0.349888745140576
MF	GO:0020037	heme binding	16/519	345/17556	0.0514895702438147	0.640535498463011	0.624912681427328	16	MtCYP86A93/MtCYP71D428/MtLb2|MtLb6|MtLb1/MtCYP707A107/MtCYP729A5/MtLb4|MtLb1|MtLb2/MtLb1|MtLb7/MtPrx03/MtrunA17Chr4g0044831/MtLb6|MtLb8/MtLb5/MtLb7|MtLb10/MtCYP71D429/MtLb10|MtLb2/MtCYP83G2/MtCYP93A77	MtrunA17_Chr8g0387001/MtrunA17_Chr3g0101821/MtrunA17_Chr5g0427351/MtrunA17_Chr4g0044851/MtrunA17_Chr3g0089351/MtrunA17_Chr1g0148751/MtrunA17_Chr5g0435611/MtrunA17_Chr3g0107881/MtrunA17_Chr4g0044831/MtrunA17_Chr5g0435621/MtrunA17_Chr5g0417631/MtrunA17_Chr5g0435981/MtrunA17_Chr3g0101831/MtrunA17_Chr1g0170851/MtrunA17_Chr5g0431511/MtrunA17_Chr8g0362701	0.0463768115942029	1.56876937253916	1.86221676235235
MF	GO:0004089	carbonate dehydratase activity	2/519	14/17556	0.0627768457974117	0.640535498463011	0.624912681427328	2	MtrunA17Chr1g0178591/MtrunA17Chr7g0257091	MtrunA17_Chr1g0178591/MtrunA17_Chr7g0257091	0.142857142857143	4.83236994219653	2.50368348088709
MF	GO:0008271	secondary active sulfate transmembrane transporter activity	2/519	15/17556	0.071055534284594	0.640535498463011	0.624912681427328	2	MtSULTR2.2/MtSULTR3.5	MtrunA17_Chr5g0425241/MtrunA17_Chr6g0485191	0.133333333333333	4.5102119460501	2.37377378447963
MF	GO:0071916	dipeptide transmembrane transporter activity	2/519	15/17556	0.071055534284594	0.640535498463011	0.624912681427328	2	MtNPF5.11/MtNPF5.12	MtrunA17_Chr7g0261881/MtrunA17_Chr1g0166791	0.133333333333333	4.5102119460501	2.37377378447963
MF	GO:0080043	quercetin 3-O-glucosyltransferase activity	3/519	33/17556	0.0728966683035398	0.640535498463011	0.624912681427328	3	MtrunA17Chr6g0453961/MtrunA17Chr7g0249971/MtrunA17Chr6g0453951	MtrunA17_Chr6g0453961/MtrunA17_Chr7g0249971/MtrunA17_Chr6g0453951	0.0909090909090909	3.07514450867052	2.0825173054847
MF	GO:0080044	quercetin 7-O-glucosyltransferase activity	3/519	33/17556	0.0728966683035398	0.640535498463011	0.624912681427328	3	MtrunA17Chr6g0453961/MtrunA17Chr7g0249971/MtrunA17Chr6g0453951	MtrunA17_Chr6g0453961/MtrunA17_Chr7g0249971/MtrunA17_Chr6g0453951	0.0909090909090909	3.07514450867052	2.0825173054847
MF	GO:0004805	trehalose-phosphatase activity	2/519	16/17556	0.0796641243311252	0.640535498463011	0.624912681427328	2	MtrunA17Chr4g0056481/MtrunA17Chr8g0382441	MtrunA17_Chr4g0056481/MtrunA17_Chr8g0382441	0.125	4.22832369942197	2.25480923692986
MF	GO:0042937	tripeptide transmembrane transporter activity	2/519	16/17556	0.0796641243311252	0.640535498463011	0.624912681427328	2	MtNPF5.11/MtNPF5.12	MtrunA17_Chr7g0261881/MtrunA17_Chr1g0166791	0.125	4.22832369942197	2.25480923692986
MF	GO:0022857	transmembrane transporter activity	10/519	204/17556	0.0817367957113253	0.640535498463011	0.624912681427328	10	MtrunA17Chr1g0186601/MtNPF7.9/MtrunA17Chr4g0051001/MtrunA17Chr7g0255561/MtrunA17Chr4g0050891/MtrunA17Chr3g0129591/MtrunA17Chr4g0051011/MtNPF7.4/MtNPF7.8/MtrunA17Chr1g0160171	MtrunA17_Chr1g0186601/MtrunA17_Chr5g0400371/MtrunA17_Chr4g0051001/MtrunA17_Chr7g0255561/MtrunA17_Chr4g0050891/MtrunA17_Chr3g0129591/MtrunA17_Chr4g0051011/MtrunA17_Chr7g0214461/MtrunA17_Chr4g0054891/MtrunA17_Chr1g0160171	0.0490196078431373	1.65816615663606	1.65030188276687
MF	GO:0000175	3'-5'-RNA exonuclease activity	2/519	19/17556	0.107209122035912	0.640535498463011	0.624912681427328	2	MtNCR034/MtNCR369	MtrunA17_Chr7g0233961/MtrunA17_Chr7g0233981	0.105263157894737	3.5606936416185	1.949145711482
MF	GO:0102802	thebaine 6-O-demethylase activity	2/519	19/17556	0.107209122035912	0.640535498463011	0.624912681427328	2	MtrunA17Chr5g0420901/MtrunA17Chr8g0375671	MtrunA17_Chr5g0420901/MtrunA17_Chr8g0375671	0.105263157894737	3.5606936416185	1.949145711482
MF	GO:0005544	calcium-dependent phospholipid binding	2/519	20/17556	0.116883340633299	0.640535498463011	0.624912681427328	2	MtrunA17Chr3g0084011/MtrunA17Chr5g0425971	MtrunA17_Chr3g0084011/MtrunA17_Chr5g0425971	0.1	3.38265895953757	1.86079764551428
MF	GO:0008083	growth factor activity	1/519	5/17556	0.139342774833697	0.640535498463011	0.624912681427328	1	MtGLV1|MtRGF6	MtrunA17_Chr6g0467111	0.2	6.76531791907515	2.25032302545141
MF	GO:0008964	phosphoenolpyruvate carboxylase activity	1/519	5/17556	0.139342774833697	0.640535498463011	0.624912681427328	1	MtrunA17Chr2g0315891	MtrunA17_Chr2g0315891	0.2	6.76531791907515	2.25032302545141
MF	GO:0009001	serine O-acetyltransferase activity	1/519	5/17556	0.139342774833697	0.640535498463011	0.624912681427328	1	MtrunA17Chr3g0101841	MtrunA17_Chr3g0101841	0.2	6.76531791907515	2.25032302545141
MF	GO:0016772	transferase activity, transferring phosphorus-containing groups	1/519	5/17556	0.139342774833697	0.640535498463011	0.624912681427328	1	MtrunA17Chr2g0314641	MtrunA17_Chr2g0314641	0.2	6.76531791907515	2.25032302545141
MF	GO:0016844	strictosidine synthase activity	1/519	5/17556	0.139342774833697	0.640535498463011	0.624912681427328	1	MtrunA17Chr2g0300851	MtrunA17_Chr2g0300851	0.2	6.76531791907515	2.25032302545141
MF	GO:0017022	myosin binding	1/519	5/17556	0.139342774833697	0.640535498463011	0.624912681427328	1	MtrunA17Chr1g0184441	MtrunA17_Chr1g0184441	0.2	6.76531791907515	2.25032302545141
MF	GO:0019904	protein domain specific binding	1/519	5/17556	0.139342774833697	0.640535498463011	0.624912681427328	1	MtCAML6	MtrunA17_Chr3g0100461	0.2	6.76531791907515	2.25032302545141
MF	GO:0047082	3,9-dihydroxypterocarpan 6a-monooxygenase activity	1/519	5/17556	0.139342774833697	0.640535498463011	0.624912681427328	1	MtCYP93A77	MtrunA17_Chr8g0362701	0.2	6.76531791907515	2.25032302545141
MF	GO:0047594	6-beta-hydroxyhyoscyamine epoxidase activity	1/519	5/17556	0.139342774833697	0.640535498463011	0.624912681427328	1	MtrunA17Chr1g0184111	MtrunA17_Chr1g0184111	0.2	6.76531791907515	2.25032302545141
MF	GO:0102805	codeine O-demethylase activity	2/519	23/17556	0.147077694635132	0.640535498463011	0.624912681427328	2	MtrunA17Chr7g0239111/MtrunA17Chr5g0420901	MtrunA17_Chr7g0239111/MtrunA17_Chr5g0420901	0.0869565217391304	2.94144257351093	1.6261023770842
MF	GO:0000977	RNA polymerase II transcription regulatory region sequence-specific DNA binding	2/519	24/17556	0.157467313660483	0.640535498463011	0.624912681427328	2	MtrunA17Chr1g0170571/MtrunA17Chr1g0170581	MtrunA17_Chr1g0170571/MtrunA17_Chr1g0170581	0.0833333333333333	2.81888246628131	1.55625966086395
MF	GO:0005488	binding	2/519	24/17556	0.157467313660483	0.640535498463011	0.624912681427328	2	MtrunA17Chr8g0357531/MtrunA17Chr6g0463031	MtrunA17_Chr8g0357531/MtrunA17_Chr6g0463031	0.0833333333333333	2.81888246628131	1.55625966086395
MF	GO:0004478	methionine adenosyltransferase activity	1/519	6/17556	0.1647932391868	0.640535498463011	0.624912681427328	1	MtrunA17Chr4g0069201	MtrunA17_Chr4g0069201	0.166666666666667	5.63776493256262	1.98304847871196
MF	GO:0004792	thiosulfate sulfurtransferase activity	1/519	6/17556	0.1647932391868	0.640535498463011	0.624912681427328	1	MtrunA17Chr5g0405631	MtrunA17_Chr5g0405631	0.166666666666667	5.63776493256262	1.98304847871196
MF	GO:0008506	sucrose:proton symporter activity	1/519	6/17556	0.1647932391868	0.640535498463011	0.624912681427328	1	MtSUT1.4	MtrunA17_Chr6g0462451	0.166666666666667	5.63776493256262	1.98304847871196
MF	GO:0010295	(+)-abscisic acid 8'-hydroxylase activity	1/519	6/17556	0.1647932391868	0.640535498463011	0.624912681427328	1	MtCYP707A107	MtrunA17_Chr4g0044851	0.166666666666667	5.63776493256262	1.98304847871196
MF	GO:0010329	auxin efflux transmembrane transporter activity	1/519	6/17556	0.1647932391868	0.640535498463011	0.624912681427328	1	MtPIN9	MtrunA17_Chr7g0249141	0.166666666666667	5.63776493256262	1.98304847871196
MF	GO:0038199	ethylene receptor activity	1/519	6/17556	0.1647932391868	0.640535498463011	0.624912681427328	1	MtETR3	MtrunA17_Chr1g0168161	0.166666666666667	5.63776493256262	1.98304847871196
MF	GO:0047927	gibberellin-44 dioxygenase activity	1/519	6/17556	0.1647932391868	0.640535498463011	0.624912681427328	1	MtGA20ox5	MtrunA17_Chr3g0130391	0.166666666666667	5.63776493256262	1.98304847871196
MF	GO:0050474	(S)-norcoclaurine synthase activity	1/519	6/17556	0.1647932391868	0.640535498463011	0.624912681427328	1	MtrunA17Chr7g0239111	MtrunA17_Chr7g0239111	0.166666666666667	5.63776493256262	1.98304847871196
MF	GO:0051538	3 iron, 4 sulfur cluster binding	1/519	6/17556	0.1647932391868	0.640535498463011	0.624912681427328	1	MtrunA17Chr1g0157851	MtrunA17_Chr1g0157851	0.166666666666667	5.63776493256262	1.98304847871196
MF	GO:0051740	ethylene binding	1/519	6/17556	0.1647932391868	0.640535498463011	0.624912681427328	1	MtETR3	MtrunA17_Chr1g0168161	0.166666666666667	5.63776493256262	1.98304847871196
MF	GO:0070330	aromatase activity	1/519	6/17556	0.1647932391868	0.640535498463011	0.624912681427328	1	MtCYP86A93	MtrunA17_Chr8g0387001	0.166666666666667	5.63776493256262	1.98304847871196
MF	GO:0005384	manganese ion transmembrane transporter activity	2/519	25/17556	0.16798895563985	0.640535498463011	0.624912681427328	2	MtrunA17Chr4g0050831/MtrunA17Chr6g0479471	MtrunA17_Chr4g0050831/MtrunA17_Chr6g0479471	0.08	2.70612716763006	1.48992906443299
MF	GO:0010333	terpene synthase activity	2/519	27/17556	0.189361826604653	0.640535498463011	0.624912681427328	2	MtrunA17Chr8g0370481/MtrunA17Chr6g0471761	MtrunA17_Chr8g0370481/MtrunA17_Chr6g0471761	0.0740740740740741	2.50567330336116	1.36653763177217
MF	GO:0003918	DNA topoisomerase type II (double strand cut, ATP-hydrolyzing) activity	1/519	7/17556	0.189492516045037	0.640535498463011	0.624912681427328	1	MtrunA17Chr5g0438521	MtrunA17_Chr5g0438521	0.142857142857143	4.83236994219653	1.77001844638943
MF	GO:0004398	histidine decarboxylase activity	1/519	7/17556	0.189492516045037	0.640535498463011	0.624912681427328	1	MtrunA17Chr6g0479481	MtrunA17_Chr6g0479481	0.142857142857143	4.83236994219653	1.77001844638943
MF	GO:0004491	methylmalonate-semialdehyde dehydrogenase (acylating, NAD) activity	1/519	7/17556	0.189492516045037	0.640535498463011	0.624912681427328	1	MtrunA17Chr6g0476561	MtrunA17_Chr6g0476561	0.142857142857143	4.83236994219653	1.77001844638943
MF	GO:0015144	carbohydrate transmembrane transporter activity	1/519	7/17556	0.189492516045037	0.640535498463011	0.624912681427328	1	MtPMT3_1|MtPLT3.3	MtrunA17_Chr5g0403831	0.142857142857143	4.83236994219653	1.77001844638943
MF	GO:0016707	gibberellin 3-beta-dioxygenase activity	1/519	7/17556	0.189492516045037	0.640535498463011	0.624912681427328	1	MtGAOL11	MtrunA17_Chr5g0407731	0.142857142857143	4.83236994219653	1.77001844638943
MF	GO:0019139	cytokinin dehydrogenase activity	1/519	7/17556	0.189492516045037	0.640535498463011	0.624912681427328	1	MtCKX6	MtrunA17_Chr3g0091141	0.142857142857143	4.83236994219653	1.77001844638943
MF	GO:0042910	xenobiotic transmembrane transporter activity	3/519	51/17556	0.190995739564295	0.640535498463011	0.624912681427328	3	MtrunA17Chr6g0476561/MtMATE54/MtrunA17Chr3g0102931	MtrunA17_Chr6g0476561/MtrunA17_Chr3g0140931/MtrunA17_Chr3g0102931	0.0588235294117647	1.98979938796328	1.23548860877256
MF	GO:0004185	serine-type carboxypeptidase activity	3/519	52/17556	0.198572075215561	0.640535498463011	0.624912681427328	3	MtrunA17Chr1g0171851/MtrunA17Chr7g0216291/MtrunA17Chr4g0047861	MtrunA17_Chr1g0171851/MtrunA17_Chr7g0216291/MtrunA17_Chr4g0047861	0.0576923076923077	1.95153401511783	1.19934705077197
MF	GO:0042973	glucan endo-1,3-beta-D-glucosidase activity	3/519	53/17556	0.206219187969528	0.640535498463011	0.624912681427328	3	MtBG44/MtrunA17Chr4g0026321/MtrunA17Chr1g0193131	MtrunA17_Chr4g0062771/MtrunA17_Chr4g0026321/MtrunA17_Chr1g0193131	0.0566037735849057	1.91471261860617	1.16400244570316
MF	GO:0004332	fructose-bisphosphate aldolase activity	1/519	8/17556	0.213462735668527	0.640535498463011	0.624912681427328	1	MtrunA17Chr1g0179211	MtrunA17_Chr1g0179211	0.125	4.22832369942197	1.59402742492902
MF	GO:0005337	nucleoside transmembrane transporter activity	1/519	8/17556	0.213462735668527	0.640535498463011	0.624912681427328	1	MtrunA17Chr4g0020391	MtrunA17_Chr4g0020391	0.125	4.22832369942197	1.59402742492902
MF	GO:0005366	myo-inositol:proton symporter activity	1/519	8/17556	0.213462735668527	0.640535498463011	0.624912681427328	1	MtrunA17Chr8g0376611	MtrunA17_Chr8g0376611	0.125	4.22832369942197	1.59402742492902
MF	GO:0015098	molybdate ion transmembrane transporter activity	1/519	8/17556	0.213462735668527	0.640535498463011	0.624912681427328	1	MtMOT1.3	MtrunA17_Chr3g0105081	0.125	4.22832369942197	1.59402742492902
MF	GO:0030151	molybdenum ion binding	1/519	8/17556	0.213462735668527	0.640535498463011	0.624912681427328	1	MtrunA17Chr2g0296871	MtrunA17_Chr2g0296871	0.125	4.22832369942197	1.59402742492902
MF	GO:0033883	pyridoxal phosphatase activity	1/519	8/17556	0.213462735668527	0.640535498463011	0.624912681427328	1	MtrunA17Chr1g0193721	MtrunA17_Chr1g0193721	0.125	4.22832369942197	1.59402742492902
MF	GO:0004134	4-alpha-glucanotransferase activity	1/519	9/17556	0.236725377575755	0.640535498463011	0.624912681427328	1	MtrunA17Chr3g0129201	MtrunA17_Chr3g0129201	0.111111111111111	3.75850995504175	1.44471408337285
MF	GO:0008519	ammonium channel activity	1/519	9/17556	0.236725377575755	0.640535498463011	0.624912681427328	1	MtrunA17Chr1g0189971	MtrunA17_Chr1g0189971	0.111111111111111	3.75850995504175	1.44471408337285
MF	GO:0015112	nitrate transmembrane transporter activity	1/519	9/17556	0.236725377575755	0.640535498463011	0.624912681427328	1	MtNRT2.1	MtrunA17_Chr4g0028551	0.111111111111111	3.75850995504175	1.44471408337285
MF	GO:0097159	organic cyclic compound binding	1/519	9/17556	0.236725377575755	0.640535498463011	0.624912681427328	1	MtrunA17Chr3g0083241	MtrunA17_Chr3g0083241	0.111111111111111	3.75850995504175	1.44471408337285
MF	GO:1901363	heterocyclic compound binding	1/519	9/17556	0.236725377575755	0.640535498463011	0.624912681427328	1	MtrunA17Chr3g0083241	MtrunA17_Chr3g0083241	0.111111111111111	3.75850995504175	1.44471408337285
MF	GO:0000976	transcription cis-regulatory region binding	5/519	112/17556	0.237073976808207	0.640535498463011	0.624912681427328	5	MtrunA17Chr7g0243651/MtrunA17Chr4g0054291/MtrunA17Chr5g0400901/MtrunA17Chr3g0141881/MtrunA17Chr2g0324891	MtrunA17_Chr7g0243651/MtrunA17_Chr4g0054291/MtrunA17_Chr5g0400901/MtrunA17_Chr3g0141881/MtrunA17_Chr2g0324891	0.0446428571428571	1.51011560693642	0.945240056310018
MF	GO:0004497	monooxygenase activity	5/519	112/17556	0.237073976808207	0.640535498463011	0.624912681427328	5	MtCYP71D428/MtCYP729A5/MtCYP71D429/MtrunA17Chr1g0211151/MtCYP83G2	MtrunA17_Chr3g0101821/MtrunA17_Chr3g0089351/MtrunA17_Chr3g0101831/MtrunA17_Chr1g0211151/MtrunA17_Chr5g0431511	0.0446428571428571	1.51011560693642	0.945240056310018
MF	GO:0031490	chromatin DNA binding	2/519	32/17556	0.244028492934399	0.640535498463011	0.624912681427328	2	MtHAC1/MtJMJ12	MtrunA17_Chr1g0169961/MtrunA17_Chr1g0211711	0.0625	2.11416184971098	1.10101740557081
MF	GO:0004402	histone acetyltransferase activity	2/519	33/17556	0.255069255813809	0.640535498463011	0.624912681427328	2	MtHAC1/MtrunA17Chr5g0401281	MtrunA17_Chr1g0169961/MtrunA17_Chr5g0401281	0.0606060606060606	2.05009633911368	1.05382723443747
MF	GO:0008265	molybdenum cofactor sulfurtransferase activity	1/519	10/17556	0.259301289642671	0.640535498463011	0.624912681427328	1	MtrunA17Chr2g0296871	MtrunA17_Chr2g0296871	0.1	3.38265895953757	1.31540762781331
MF	GO:0052658	inositol-1,4,5-trisphosphate 5-phosphatase activity	1/519	10/17556	0.259301289642671	0.640535498463011	0.624912681427328	1	MtrunA17Chr4g0054951	MtrunA17_Chr4g0054951	0.1	3.38265895953757	1.31540762781331
MF	GO:0052659	inositol-1,3,4,5-tetrakisphosphate 5-phosphatase activity	1/519	10/17556	0.259301289642671	0.640535498463011	0.624912681427328	1	MtrunA17Chr4g0054951	MtrunA17_Chr4g0054951	0.1	3.38265895953757	1.31540762781331
MF	GO:1990757	ubiquitin ligase activator activity	1/519	10/17556	0.259301289642671	0.640535498463011	0.624912681427328	1	MtrunA17Chr7g0233651	MtrunA17_Chr7g0233651	0.1	3.38265895953757	1.31540762781331
MF	GO:0004190	aspartic-type endopeptidase activity	4/519	88/17556	0.262758205386898	0.640535498463011	0.624912681427328	4	MtrunA17Chr3g0080971/MtrunA17Chr4g0027911/MtrunA17Chr6g0475051/MtrunA17Chr6g0475041	MtrunA17_Chr3g0080971/MtrunA17_Chr4g0027911/MtrunA17_Chr6g0475051/MtrunA17_Chr6g0475041	0.0454545454545455	1.53757225433526	0.882356570440376
MF	GO:0005509	calcium ion binding	9/519	238/17556	0.272776191163151	0.640535498463011	0.624912681427328	9	MtrunA17Chr3g0084011/MtCAML4/MtCAML6/MtCAML5/MtCAML3/MtrunA17Chr5g0425971/MtCaML2/MtrunA17Chr1g0157251/MtrunA17Chr3g0100511	MtrunA17_Chr3g0084011/MtrunA17_Chr3g0100471/MtrunA17_Chr3g0100461/MtrunA17_Chr3g0100501/MtrunA17_Chr3g0100541/MtrunA17_Chr5g0425971/MtrunA17_Chr3g0100561/MtrunA17_Chr1g0157251/MtrunA17_Chr3g0100511	0.0378151260504202	1.27915674940496	0.756789813227399
MF	GO:0004527	exonuclease activity	2/519	35/17556	0.277167904763931	0.640535498463011	0.624912681427328	2	MtrunA17Chr6g0450511/MtrunA17Chr6g0463031	MtrunA17_Chr6g0450511/MtrunA17_Chr6g0463031	0.0571428571428571	1.93294797687861	0.964271961375995
MF	GO:0004124	cysteine synthase activity	1/519	11/17556	0.281210706642298	0.640535498463011	0.624912681427328	1	MtrunA17Chr1g0205381	MtrunA17_Chr1g0205381	0.0909090909090909	3.07514450867052	1.20158787106844
MF	GO:0004356	glutamine synthetase activity	1/519	11/17556	0.281210706642298	0.640535498463011	0.624912681427328	1	MtGS1a	MtrunA17_Chr6g0479141	0.0909090909090909	3.07514450867052	1.20158787106844
MF	GO:0004630	phospholipase D activity	1/519	11/17556	0.281210706642298	0.640535498463011	0.624912681427328	1	MtPLD14	MtrunA17_Chr2g0295411	0.0909090909090909	3.07514450867052	1.20158787106844
MF	GO:0008773	[protein-PII] uridylyltransferase activity	1/519	11/17556	0.281210706642298	0.640535498463011	0.624912681427328	1	MtrunA17Chr4g0054261	MtrunA17_Chr4g0054261	0.0909090909090909	3.07514450867052	1.20158787106844
MF	GO:0009044	xylan 1,4-beta-xylosidase activity	1/519	11/17556	0.281210706642298	0.640535498463011	0.624912681427328	1	MtrunA17Chr5g0425531	MtrunA17_Chr5g0425531	0.0909090909090909	3.07514450867052	1.20158787106844
MF	GO:0070290	N-acylphosphatidylethanolamine-specific phospholipase D activity	1/519	11/17556	0.281210706642298	0.640535498463011	0.624912681427328	1	MtPLD14	MtrunA17_Chr2g0295411	0.0909090909090909	3.07514450867052	1.20158787106844
MF	GO:0070628	proteasome binding	1/519	11/17556	0.281210706642298	0.640535498463011	0.624912681427328	1	MtrunA17Chr3g0119361	MtrunA17_Chr3g0119361	0.0909090909090909	3.07514450867052	1.20158787106844
BP	GO:0006897	endocytosis	1/256	41/14453	0.519894568533221	0.646257831718379	0.589061828381939	1	MtrunA17Chr1g0146151	MtrunA17_Chr1g0146151	0.024390243902439	1.37700076219512	0.324606863110843
BP	GO:0006099	tricarboxylic acid cycle	1/256	42/14453	0.528422669452975	0.647860670082757	0.590522810131299	1	MtrunA17Chr2g0315891	MtrunA17_Chr2g0315891	0.0238095238095238	1.3442150297619	0.299980540595169
BP	GO:0009408	response to heat	1/256	42/14453	0.528422669452975	0.647860670082757	0.590522810131299	1	MtrunA17Chr6g0475981	MtrunA17_Chr6g0475981	0.0238095238095238	1.3442150297619	0.299980540595169
CC	GO:0110165	cellular anatomical entity	1/181	15/11396	0.213610104275235	0.648200956090286	0.63471329849722	1	MtNodGRP1D	MtrunA17_Chr5g0429601	0.0666666666666667	4.19742173112339	1.57417189165589
CC	GO:0005852	eukaryotic translation initiation factor 3 complex	1/181	16/11396	0.226116612589635	0.648200956090286	0.63471329849722	1	MtrunA17Chr2g0303821	MtrunA17_Chr2g0303821	0.0625	3.93508287292818	1.49247148302055
BP	GO:0009733	response to auxin	1/256	44/14453	0.54502882166818	0.659190264044623	0.600849696718121	1	MtMYB006	MtrunA17_Chr4g0060721	0.0227272727272727	1.28311434659091	0.252555576874395
BP	GO:0016042	lipid catabolic process	1/256	44/14453	0.54502882166818	0.659190264044623	0.600849696718121	1	MtrunA17Chr6g0462831	MtrunA17_Chr6g0462831	0.0227272727272727	1.28311434659091	0.252555576874395
BP	GO:0009734	auxin-activated signaling pathway	3/256	162/14453	0.549879650424775	0.660593674000233	0.602128900147228	3	MtrunA17Chr5g0437961/MtrunA17Chr4g0036891/MtrunA17Chr8g0335261	MtrunA17_Chr5g0437961/MtrunA17_Chr4g0036891/MtrunA17_Chr8g0335261	0.0185185185185185	1.0455005787037	0.078203967382491
MF	GO:0004017	adenylate kinase activity	1/519	12/17556	0.302473268241195	0.666742150424139	0.650480146755258	1	MtrunA17Chr4g0057771	MtrunA17_Chr4g0057771	0.0833333333333333	2.81888246628131	1.10006534703599
MF	GO:0010997	anaphase-promoting complex binding	1/519	12/17556	0.302473268241195	0.666742150424139	0.650480146755258	1	MtrunA17Chr7g0233651	MtrunA17_Chr7g0233651	0.0833333333333333	2.81888246628131	1.10006534703599
MF	GO:0016207	4-coumarate-CoA ligase activity	1/519	12/17556	0.302473268241195	0.666742150424139	0.650480146755258	1	MtrunA17Chr3g0102411	MtrunA17_Chr3g0102411	0.0833333333333333	2.81888246628131	1.10006534703599
MF	GO:0003993	acid phosphatase activity	2/519	39/17556	0.321169169039605	0.669927334268581	0.65358764318886	2	MtrunA17Chr8g0393271/MtrunA17Chr6g0453731	MtrunA17_Chr8g0393271/MtrunA17_Chr6g0453731	0.0512820512820513	1.73469690232696	0.801674706384665
MF	GO:0005315	phosphate transmembrane transporter activity	1/519	13/17556	0.32310803646867	0.669927334268581	0.65358764318886	1	MtPT12	MtrunA17_Chr7g0261231	0.0769230769230769	2.60204535349044	1.00851435736462
MF	GO:0008199	ferric iron binding	1/519	13/17556	0.32310803646867	0.669927334268581	0.65358764318886	1	MtrunA17Chr8g0393271	MtrunA17_Chr8g0393271	0.0769230769230769	2.60204535349044	1.00851435736462
MF	GO:0016405	CoA-ligase activity	1/519	13/17556	0.32310803646867	0.669927334268581	0.65358764318886	1	MtrunA17Chr5g0409771	MtrunA17_Chr5g0409771	0.0769230769230769	2.60204535349044	1.00851435736462
MF	GO:0016798	hydrolase activity, acting on glycosyl bonds	1/519	13/17556	0.32310803646867	0.669927334268581	0.65358764318886	1	MtrunA17Chr2g0286751	MtrunA17_Chr2g0286751	0.0769230769230769	2.60204535349044	1.00851435736462
MF	GO:0004806	triacylglycerol lipase activity	2/519	40/17556	0.332079900857813	0.669927334268581	0.65358764318886	2	MtrunA17Chr3g0085231/MtrunA17Chr6g0462831	MtrunA17_Chr3g0085231/MtrunA17_Chr6g0462831	0.05	1.69132947976879	0.763985538795054
MF	GO:0016705	oxidoreductase activity, acting on paired donors, with incorporation or reduction of molecular oxygen	4/519	99/17556	0.336016918417871	0.669927334268581	0.65358764318886	4	MtCYP71D428/MtCYP729A5/MtCYP71D429/MtCYP83G2	MtrunA17_Chr3g0101821/MtrunA17_Chr3g0089351/MtrunA17_Chr3g0101831/MtrunA17_Chr5g0431511	0.0404040404040404	1.36673089274245	0.638657212527022
MF	GO:0030170	pyridoxal phosphate binding	4/519	99/17556	0.336016918417871	0.669927334268581	0.65358764318886	4	MtrunA17Chr1g0205381/MtrunA17Chr1g0149721/MtrunA17Chr2g0296871/MtrunA17Chr6g0479481	MtrunA17_Chr1g0205381/MtrunA17_Chr1g0149721/MtrunA17_Chr2g0296871/MtrunA17_Chr6g0479481	0.0404040404040404	1.36673089274245	0.638657212527022
MF	GO:0004298	threonine-type endopeptidase activity	1/519	14/17556	0.343133512674151	0.669927334268581	0.65358764318886	1	MtrunA17Chr8g0349621	MtrunA17_Chr8g0349621	0.0714285714285714	2.41618497109827	0.925192236526905
MF	GO:0008553	P-type proton-exporting transporter activity	1/519	14/17556	0.343133512674151	0.669927334268581	0.65358764318886	1	MtAHA8	MtrunA17_Chr1g0148031	0.0714285714285714	2.41618497109827	0.925192236526905
MF	GO:0032454	histone H3K9 demethylase activity	1/519	14/17556	0.343133512674151	0.669927334268581	0.65358764318886	1	MtJMJ12	MtrunA17_Chr1g0211711	0.0714285714285714	2.41618497109827	0.925192236526905
MF	GO:0034485	phosphatidylinositol-3,4,5-trisphosphate 5-phosphatase activity	1/519	14/17556	0.343133512674151	0.669927334268581	0.65358764318886	1	MtrunA17Chr4g0054951	MtrunA17_Chr4g0054951	0.0714285714285714	2.41618497109827	0.925192236526905
BP	GO:0008152	metabolic process	1/256	48/14453	0.576513787697011	0.683417006607715	0.62293229064508	1	MtrunA17Chr2g0286751	MtrunA17_Chr2g0286751	0.0208333333333333	1.17618815104167	0.164182306802266
BP	GO:0009873	ethylene-activated signaling pathway	1/256	48/14453	0.576513787697011	0.683417006607715	0.62293229064508	1	MtETR3	MtrunA17_Chr1g0168161	0.0208333333333333	1.17618815104167	0.164182306802266
BP	GO:0009416	response to light stimulus	1/256	49/14453	0.584039818266228	0.687783733352992	0.626912547307932	1	MtGA20ox5	MtrunA17_Chr3g0130391	0.0204081632653061	1.15218431122449	0.143288730399177
BP	GO:0043086	negative regulation of catalytic activity	1/256	50/14453	0.591432612387572	0.69193750076716	0.630698692260569	1	MtrunA17Chr6g0464741	MtrunA17_Chr6g0464741	0.02	1.129140625	0.122830741527041
MF	GO:0008408	3'-5' exonuclease activity	1/519	15/17556	0.362567653987691	0.694638963247446	0.677696549509703	1	MtrunA17Chr1g0192551	MtrunA17_Chr1g0192551	0.0666666666666667	2.25510597302505	0.848762895603268
MF	GO:0016018	cyclosporin A binding	1/519	15/17556	0.362567653987691	0.694638963247446	0.677696549509703	1	MtrunA17Chr1g0193711	MtrunA17_Chr1g0193711	0.0666666666666667	2.25510597302505	0.848762895603268
MF	GO:0008422	beta-glucosidase activity	2/519	44/17556	0.375154198226827	0.695823014773426	0.678851721730172	2	MtrunA17Chr8g0352881/MtrunA17Chr4g0033231	MtrunA17_Chr8g0352881/MtrunA17_Chr4g0033231	0.0454545454545455	1.53757225433526	0.623136001924036
MF	GO:0000155	phosphorelay sensor kinase activity	1/519	16/17556	0.381427889298128	0.695823014773426	0.678851721730172	1	MtETR3	MtrunA17_Chr1g0168161	0.0625	2.11416184971098	0.778181701733628
MF	GO:0004445	inositol-polyphosphate 5-phosphatase activity	1/519	16/17556	0.381427889298128	0.695823014773426	0.678851721730172	1	MtrunA17Chr4g0054951	MtrunA17_Chr4g0054951	0.0625	2.11416184971098	0.778181701733628
MF	GO:0016308	1-phosphatidylinositol-4-phosphate 5-kinase activity	1/519	16/17556	0.381427889298128	0.695823014773426	0.678851721730172	1	MtrunA17Chr7g0256301	MtrunA17_Chr7g0256301	0.0625	2.11416184971098	0.778181701733628
MF	GO:0035673	oligopeptide transmembrane transporter activity	1/519	16/17556	0.381427889298128	0.695823014773426	0.678851721730172	1	MtrunA17Chr1g0146591	MtrunA17_Chr1g0146591	0.0625	2.11416184971098	0.778181701733628
MF	GO:0005506	iron ion binding	9/519	267/17556	0.39216128019878	0.695823014773426	0.678851721730172	9	MtCYP86A93/MtCYP71D428/MtCYP707A107/MtCYP729A5/MtCYP71D429/MtrunA17Chr1g0157851/MtrunA17Chr4g0041841/MtCYP83G2/MtCYP93A77	MtrunA17_Chr8g0387001/MtrunA17_Chr3g0101821/MtrunA17_Chr4g0044851/MtrunA17_Chr3g0089351/MtrunA17_Chr3g0101831/MtrunA17_Chr1g0157851/MtrunA17_Chr4g0041841/MtrunA17_Chr5g0431511/MtrunA17_Chr8g0362701	0.0337078651685393	1.14022212119244	0.402971897403938
MF	GO:0003872	6-phosphofructokinase activity	1/519	17/17556	0.399731134763025	0.695823014773426	0.678851721730172	1	MtrunA17Chr2g0330871	MtrunA17_Chr2g0330871	0.0588235294117647	1.98979938796328	0.712617956864408
MF	GO:0004722	protein serine/threonine phosphatase activity	1/519	17/17556	0.399731134763025	0.695823014773426	0.678851721730172	1	MtrunA17Chr2g0295991	MtrunA17_Chr2g0295991	0.0588235294117647	1.98979938796328	0.712617956864408
MF	GO:0005200	structural constituent of cytoskeleton	1/519	17/17556	0.399731134763025	0.695823014773426	0.678851721730172	1	MtrunA17Chr4g0008361	MtrunA17_Chr4g0008361	0.0588235294117647	1.98979938796328	0.712617956864408
MF	GO:0061629	RNA polymerase II-specific DNA-binding transcription factor binding	1/519	17/17556	0.399731134763025	0.695823014773426	0.678851721730172	1	MtHAC1	MtrunA17_Chr1g0169961	0.0588235294117647	1.98979938796328	0.712617956864408
MF	GO:0003682	chromatin binding	4/519	111/17556	0.416663899644882	0.695823014773426	0.678851721730172	4	MtrunA17Chr2g0309201/MtrunA17Chr2g0306841/MtrunA17Chr6g0487691/MtrunA17Chr6g0487861	MtrunA17_Chr2g0309201/MtrunA17_Chr2g0306841/MtrunA17_Chr6g0487691/MtrunA17_Chr6g0487861	0.036036036036036	1.21897620163516	0.403934041507234
MF	GO:0004467	long-chain fatty acid-CoA ligase activity	1/519	18/17556	0.417493808864056	0.695823014773426	0.678851721730172	1	MtrunA17Chr3g0102411	MtrunA17_Chr3g0102411	0.0555555555555556	1.87925497752087	0.651401252633194
MF	GO:0004499	N,N-dimethylaniline monooxygenase activity	1/519	18/17556	0.417493808864056	0.695823014773426	0.678851721730172	1	MtrunA17Chr7g0262471	MtrunA17_Chr7g0262471	0.0555555555555556	1.87925497752087	0.651401252633194
MF	GO:0004535	poly(A)-specific ribonuclease activity	1/519	18/17556	0.417493808864056	0.695823014773426	0.678851721730172	1	MtNCR489	MtrunA17_Chr7g0234011	0.0555555555555556	1.87925497752087	0.651401252633194
MF	GO:0015035	protein-disulfide reductase activity	1/519	18/17556	0.417493808864056	0.695823014773426	0.678851721730172	1	TRX	MtrunA17_Chr5g0415771	0.0555555555555556	1.87925497752087	0.651401252633194
MF	GO:0016656	monodehydroascorbate reductase (NADH) activity	1/519	18/17556	0.417493808864056	0.695823014773426	0.678851721730172	1	TRX	MtrunA17_Chr5g0415771	0.0555555555555556	1.87925497752087	0.651401252633194
MF	GO:0004439	phosphatidylinositol-4,5-bisphosphate 5-phosphatase activity	1/519	19/17556	0.434731847021175	0.701732508971189	0.684617081923111	1	MtrunA17Chr4g0054951	MtrunA17_Chr4g0054951	0.0526315789473684	1.78034682080925	0.593983456094965
MF	GO:0031369	translation initiation factor binding	1/519	19/17556	0.434731847021175	0.701732508971189	0.684617081923111	1	MtrunA17Chr2g0303821	MtrunA17_Chr2g0303821	0.0526315789473684	1.78034682080925	0.593983456094965
MF	GO:0031418	L-ascorbic acid binding	1/519	19/17556	0.434731847021175	0.701732508971189	0.684617081923111	1	MtrunA17Chr3g0092581	MtrunA17_Chr3g0092581	0.0526315789473684	1.78034682080925	0.593983456094965
MF	GO:0046556	alpha-L-arabinofuranosidase activity	1/519	19/17556	0.434731847021175	0.701732508971189	0.684617081923111	1	MtrunA17Chr5g0425531	MtrunA17_Chr5g0425531	0.0526315789473684	1.78034682080925	0.593983456094965
BP	GO:0035556	intracellular signal transduction	2/256	115/14453	0.607454943452002	0.706067758947456	0.643578374812442	2	MtrunA17Chr1g0190131/MtrunA17Chr7g0218511	MtrunA17_Chr1g0190131/MtrunA17_Chr7g0218511	0.0173913043478261	0.981861413043478	-0.0262236869296612
MF	GO:0008198	ferrous iron binding	1/519	20/17556	0.451460715778432	0.710506557893457	0.693177129652154	1	MtrunA17Chr8g0393271	MtrunA17_Chr8g0393271	0.05	1.69132947976879	0.539911204278282
MF	GO:0031593	polyubiquitin modification-dependent protein binding	1/519	20/17556	0.451460715778432	0.710506557893457	0.693177129652154	1	MtrunA17Chr3g0119361	MtrunA17_Chr3g0119361	0.05	1.69132947976879	0.539911204278282
MF	GO:0050897	cobalt ion binding	1/519	20/17556	0.451460715778432	0.710506557893457	0.693177129652154	1	MtrunA17Chr4g0060261	MtrunA17_Chr4g0060261	0.05	1.69132947976879	0.539911204278282
MF	GO:0016829	lyase activity	3/519	84/17556	0.454031019922161	0.710506557893457	0.693177129652154	3	MtrunA17Chr1g0205381/MtrunA17Chr3g0102021/MtrunA17Chr4g0003581	MtrunA17_Chr1g0205381/MtrunA17_Chr3g0102021/MtrunA17_Chr4g0003581	0.0357142857142857	1.20809248554913	0.333666237589673
CC	GO:0005874	microtubule	3/181	118/11396	0.288828368386307	0.722632146953235	0.707595737530707	3	MtrunA17Chr8g0372171/MtrunA17Chr4g0008361/MtrunA17Chr6g0488831	MtrunA17_Chr8g0372171/MtrunA17_Chr4g0008361/MtrunA17_Chr6g0488831	0.0254237288135593	1.60071167712333	0.833274028541223
CC	GO:0005667	transcription regulator complex	1/181	23/11396	0.308294156828556	0.722632146953235	0.707595737530707	1	MtHAC1	MtrunA17_Chr1g0169961	0.0434782608695652	2.73744895508047	1.05958369299436
CC	GO:0000151	ubiquitin ligase complex	1/181	24/11396	0.319302576560732	0.722632146953235	0.707595737530707	1	MtrunA17Chr3g0113291	MtrunA17_Chr3g0113291	0.0416666666666667	2.62338858195212	1.01136168285015
CC	GO:0005856	cytoskeleton	1/181	24/11396	0.319302576560732	0.722632146953235	0.707595737530707	1	MtrunA17Chr1g0175391	MtrunA17_Chr1g0175391	0.0416666666666667	2.62338858195212	1.01136168285015
MF	GO:0003886	DNA (cytosine-5-)-methyltransferase activity	1/519	21/17556	0.467695426573995	0.726345170058098	0.708629434203022	1	MtrunA17Chr2g0306841	MtrunA17_Chr2g0306841	0.0476190476190476	1.61078998073218	0.48880563150807
MF	GO:0004857	enzyme inhibitor activity	1/519	22/17556	0.483450549106535	0.73365222138978	0.715758264770517	1	MtrunA17Chr6g0464741	MtrunA17_Chr6g0464741	0.0454545454545455	1.53757225433526	0.440347179392235
MF	GO:0008138	protein tyrosine/serine/threonine phosphatase activity	1/519	22/17556	0.483450549106535	0.73365222138978	0.715758264770517	1	MtrunA17Chr1g0171851	MtrunA17_Chr1g0171851	0.0454545454545455	1.53757225433526	0.440347179392235
MF	GO:0008171	O-methyltransferase activity	1/519	22/17556	0.483450549106535	0.73365222138978	0.715758264770517	1	MtrunA17Chr4g0029861	MtrunA17_Chr4g0029861	0.0454545454545455	1.53757225433526	0.440347179392235
MF	GO:0016779	nucleotidyltransferase activity	2/519	55/17556	0.486715620043952	0.73365222138978	0.715758264770517	2	MtrunA17Chr4g0022231/MtrunA17Chr2g0306441	MtrunA17_Chr4g0022231/MtrunA17_Chr2g0306441	0.0363636363636364	1.23005780346821	0.298245854191662
CC	GO:0005680	anaphase-promoting complex	1/181	27/11396	0.351293293798247	0.740462087605124	0.725054675745532	1	MtrunA17Chr7g0233651	MtrunA17_Chr7g0233651	0.037037037037037	2.33190096173522	0.880216478238175
CC	GO:0000118	histone deacetylase complex	1/181	28/11396	0.361621019528084	0.740462087605124	0.725054675745532	1	MtJMJ12	MtrunA17_Chr1g0211711	0.0357142857142857	2.24861878453039	0.840356687919151
MF	GO:0003779	actin binding	1/519	23/17556	0.498740224309781	0.740882217271776	0.722811919289538	1	MtrunA17Chr1g0196081	MtrunA17_Chr1g0196081	0.0434782608695652	1.47072128675547	0.394264045602421
MF	GO:0005385	zinc ion transmembrane transporter activity	1/519	23/17556	0.498740224309781	0.740882217271776	0.722811919289538	1	MtZIP2	MtrunA17_Chr2g0328511	0.0434782608695652	1.47072128675547	0.394264045602421
BP	GO:0006357	regulation of transcription by RNA polymerase II	4/256	249/14453	0.64667845878158	0.746809316915502	0.680714167138506	4	MtrunA17Chr1g0170571/MtrunA17Chr3g0100521/MtrunA17Chr1g0170581/MtJMJ12	MtrunA17_Chr1g0170571/MtrunA17_Chr3g0100521/MtrunA17_Chr1g0170581/MtrunA17_Chr1g0211711	0.0160642570281124	0.906940261044177	-0.198903231788937
CC	GO:0005576	extracellular region	6/181	319/11396	0.395931211448186	0.750298005510959	0.734685929508895	6	MtrunA17Chr1g0171851/MtrunA17Chr5g0425531/MtrunA17Chr4g0047861/MtPrx03/MtrunA17Chr8g0371771/MtGASA8	MtrunA17_Chr1g0171851/MtrunA17_Chr5g0425531/MtrunA17_Chr4g0047861/MtrunA17_Chr3g0107881/MtrunA17_Chr8g0371771/MtrunA17_Chr3g0134511	0.0188087774294671	1.18422556677462	0.423965949749564
CC	GO:0030687	preribosome, large subunit precursor	1/181	32/11396	0.401322188994234	0.750298005510959	0.734685929508895	1	MtrunA17Chr5g0424941	MtrunA17_Chr5g0424941	0.03125	1.96754143646409	0.696266921893807
CC	GO:0009534	chloroplast thylakoid	1/181	34/11396	0.420242009323975	0.752933600038788	0.737266683024517	1	MtrunA17Chr4g0032371	MtrunA17_Chr4g0032371	0.0294117647058824	1.85180370490738	0.631900070740759
BP	GO:0006325	chromatin organization	1/256	60/14453	0.65852960149856	0.755620504283604	0.688745534630747	1	MtrunA17Chr2g0306841	MtrunA17_Chr2g0306841	0.0166666666666667	0.940950520833333	-0.0615462649076761
MF	GO:0042393	histone binding	2/519	58/17556	0.514949739588072	0.759458249032768	0.74093487710514	2	MtrunA17Chr6g0487691/MtrunA17Chr6g0487861	MtrunA17_Chr6g0487691/MtrunA17_Chr6g0487861	0.0344827586206897	1.16643412397847	0.221589766200331
MF	GO:0015171	amino acid transmembrane transporter activity	1/519	25/17556	0.527977727834493	0.763394975287723	0.744775585646559	1	MtrunA17Chr5g0437961	MtrunA17_Chr5g0437961	0.04	1.35306358381503	0.308323848948256
MF	GO:0016157	sucrose synthase activity	1/519	25/17556	0.527977727834493	0.763394975287723	0.744775585646559	1	MtrunA17Chr3g0096241	MtrunA17_Chr3g0096241	0.04	1.35306358381503	0.308323848948256
MF	GO:0008233	peptidase activity	3/519	94/17556	0.528790665809057	0.763394975287723	0.744775585646559	3	MtrunA17Chr3g0102931/MtrunA17Chr4g0055251/MtrunA17Chr6g0450361	MtrunA17_Chr3g0102931/MtrunA17_Chr4g0055251/MtrunA17_Chr6g0450361	0.0319148936170213	1.07957200836305	0.135009642908083
CC	GO:0000325	plant-type vacuole	1/181	38/11396	0.456316090769872	0.767468110494761	0.751498761806376	1	MtrunA17Chr8g0363771	MtrunA17_Chr8g0363771	0.0263157894736842	1.65687699912765	0.515254430080559
CC	GO:0012505	endomembrane system	1/181	40/11396	0.473506960709682	0.767468110494761	0.751498761806376	1	MtrunA17Chr1g0200031	MtrunA17_Chr1g0200031	0.025	1.57403314917127	0.462009695631861
CC	GO:0000502	proteasome complex	1/181	41/11396	0.481898581008338	0.767468110494761	0.751498761806376	1	MtrunA17Chr2g0303821	MtrunA17_Chr2g0303821	0.024390243902439	1.53564209675246	0.436485552917893
CC	GO:0005654	nucleoplasm	1/181	45/11396	0.514155626452188	0.773855832058699	0.757753568723328	1	MtrunA17Chr3g0119361	MtrunA17_Chr3g0119361	0.0222222222222222	1.39914057704113	0.340809654591067
CC	GO:0009706	chloroplast inner membrane	1/181	46/11396	0.521902770458192	0.773855832058699	0.757753568723328	1	MtrunA17Chr4g0032371	MtrunA17_Chr4g0032371	0.0217391304347826	1.36872447754024	0.318331611085027
MF	GO:0050661	NADP binding	2/519	61/17556	0.542137328092198	0.777189875936368	0.758234025303774	2	MtrunA17Chr5g0428201/MtrunA17Chr7g0262471	MtrunA17_Chr5g0428201/MtrunA17_Chr7g0262471	0.0327868852459016	1.10906851132379	0.148934346352001
MF	GO:0004725	protein tyrosine phosphatase activity	1/519	27/17556	0.555512958753602	0.790834420447836	0.77154577604667	1	MtrunA17Chr1g0171851	MtrunA17_Chr1g0171851	0.037037037037037	1.25283665168058	0.229472620947381
MF	GO:0009931	calcium-dependent protein serine/threonine kinase activity	1/519	28/17556	0.568673365759528	0.801483491404373	0.781935113565242	1	MtrunA17Chr1g0190131	MtrunA17_Chr1g0190131	0.0357142857142857	1.20809248554913	0.192334310612616
MF	GO:0015297	antiporter activity	3/519	100/17556	0.570812632902627	0.801483491404373	0.781935113565242	3	MtrunA17Chr6g0476561/MtMATE54/MtrunA17Chr3g0102931	MtrunA17_Chr6g0476561/MtrunA17_Chr3g0140931/MtrunA17_Chr3g0102931	0.03	1.01479768786127	0.025900552578235
BP	GO:0007275	multicellular organism development	1/256	71/14453	0.719722488448834	0.820575321225104	0.747951630637408	1	MtCYP729A5	MtrunA17_Chr3g0089351	0.0140845070422535	0.795169454225352	-0.232327127205729
BP	GO:0009737	response to abscisic acid	1/256	74/14453	0.734425505504018	0.826928230035012	0.753742285536177	1	MtrunA17Chr1g0171851	MtrunA17_Chr1g0171851	0.0135135135135135	0.76293285472973	-0.274541850074355
BP	GO:0046777	protein autophosphorylation	2/256	147/14453	0.737664375041146	0.826928230035012	0.753742285536177	2	MtrunA17Chr2g0299041/MtrunA17Chr1g0190131	MtrunA17_Chr2g0299041/MtrunA17_Chr1g0190131	0.0136054421768707	0.76812287414966	-0.379440019137068
BP	GO:0000165	MAPK cascade	1/256	75/14453	0.739153725170961	0.826928230035012	0.753742285536177	1	MtrunA17Chr7g0272841	MtrunA17_Chr7g0272841	0.0133333333333333	0.752760416666667	-0.28826045181926
BP	GO:0006486	protein glycosylation	1/256	79/14453	0.757242718990809	0.831221656353397	0.757655729107771	1	MtrunA17Chr2g0290301	MtrunA17_Chr2g0290301	0.0126582278481013	0.714645965189873	-0.341502911811054
BP	GO:0016192	vesicle-mediated transport	1/256	80/14453	0.761566210290263	0.831221656353397	0.757655729107771	1	MtrunA17Chr5g0440601	MtrunA17_Chr5g0440601	0.0125	0.705712890625	-0.354428133630991
BP	GO:0031146	SCF-dependent proteasomal ubiquitin-dependent protein catabolic process	1/256	80/14453	0.761566210290263	0.831221656353397	0.757655729107771	1	MtrunA17Chr7g0259911	MtrunA17_Chr7g0259911	0.0125	0.705712890625	-0.354428133630991
BP	GO:0043161	proteasome-mediated ubiquitin-dependent protein catabolic process	1/256	80/14453	0.761566210290263	0.831221656353397	0.757655729107771	1	MtrunA17Chr3g0119361	MtrunA17_Chr3g0119361	0.0125	0.705712890625	-0.354428133630991
BP	GO:0098869	cellular oxidant detoxification	2/256	156/14453	0.766972260830739	0.832048695083045	0.758409572113331	2	MtPrx03/MtrunA17Chr5g0425971	MtrunA17_Chr3g0107881/MtrunA17_Chr5g0425971	0.0128205128205128	0.723808092948718	-0.465732405774145
BP	GO:0007165	signal transduction	5/256	362/14453	0.772326525897236	0.832809928527743	0.75910343382417	5	MtGLV1|MtRGF6/MtrunA17Chr4g0059121/MtrunA17Chr4g0009331/MtrunA17Chr4g0009351/MtrunA17Chr4g0009361	MtrunA17_Chr6g0467111/MtrunA17_Chr4g0059121/MtrunA17_Chr4g0009331/MtrunA17_Chr4g0009351/MtrunA17_Chr4g0009361	0.0138121546961326	0.779793249309392	-0.56977012557042
BP	GO:0022900	electron transport chain	1/256	84/14453	0.778106556479064	0.834018404848818	0.760204955904538	1	MtPCY3|MtPLC1	MtrunA17_Chr3g0125761	0.0119047619047619	0.672107514880952	-0.404709595892854
MF	GO:0003755	peptidyl-prolyl cis-trans isomerase activity	2/519	69/17556	0.60933763482988	0.83835043718205	0.817902865543464	2	MtrunA17Chr1g0179231/MtrunA17Chr1g0193711	MtrunA17_Chr1g0179231/MtrunA17_Chr1g0193711	0.0289855072463768	0.980480857836977	-0.0283540533143768
MF	GO:0004222	metalloendopeptidase activity	2/519	69/17556	0.60933763482988	0.83835043718205	0.817902865543464	2	MtrunA17Chr5g0414771/MtrunA17Chr5g0414661	MtrunA17_Chr5g0414771/MtrunA17_Chr5g0414661	0.0289855072463768	0.980480857836977	-0.0283540533143768
MF	GO:0050660	flavin adenine dinucleotide binding	2/519	69/17556	0.60933763482988	0.83835043718205	0.817902865543464	2	MtrunA17Chr7g0262471/MtrunA17Chr1g0157851	MtrunA17_Chr7g0262471/MtrunA17_Chr1g0157851	0.0289855072463768	0.980480857836977	-0.0283540533143768
MF	GO:0046983	protein dimerization activity	6/519	217/17556	0.62294075702553	0.841045939821053	0.820532624215662	6	MtrunA17Chr5g0427361/MtrunA17Chr4g0014031/MtrunA17Chr1g0170571/MtrunA17Chr2g0333641/MtrunA17Chr5g0432691/MtrunA17Chr1g0170581	MtrunA17_Chr5g0427361/MtrunA17_Chr4g0014031/MtrunA17_Chr1g0170571/MtrunA17_Chr2g0333641/MtrunA17_Chr5g0432691/MtrunA17_Chr1g0170581	0.0276497695852535	0.935297408167071	-0.167389054239275
MF	GO:0004518	nuclease activity	1/519	33/17556	0.628865952628437	0.841045939821053	0.820532624215662	1	MtrunA17Chr5g0446251	MtrunA17_Chr5g0446251	0.0303030303030303	1.02504816955684	0.0251371633902517
MF	GO:0042802	identical protein binding	1/519	33/17556	0.628865952628437	0.841045939821053	0.820532624215662	1	MtDMI1	MtrunA17_Chr2g0277131	0.0303030303030303	1.02504816955684	0.0251371633902517
MF	GO:0015293	symporter activity	2/519	72/17556	0.632527865610819	0.841045939821053	0.820532624215662	2	MtrunA17Chr5g0437961/MtPT12	MtrunA17_Chr5g0437961/MtrunA17_Chr7g0261231	0.0277777777777778	0.939627488760437	-0.0895926999192349
MF	GO:0016788	hydrolase activity, acting on ester bonds	1/519	34/17556	0.6398582810303	0.841045939821053	0.820532624215662	1	MtrunA17Chr2g0283411	MtrunA17_Chr2g0283411	0.0294117647058824	0.994899693981639	-0.00519554833149942
MF	GO:0050590	desacetoxyvindoline 4-hydroxylase activity	1/519	34/17556	0.6398582810303	0.841045939821053	0.820532624215662	1	MtrunA17Chr1g0184241	MtrunA17_Chr1g0184241	0.0294117647058824	0.994899693981639	-0.00519554833149942
MF	GO:0071949	FAD binding	2/519	73/17556	0.640015446888216	0.841045939821053	0.820532624215662	2	MtCKX6/MtrunA17Chr1g0211151	MtrunA17_Chr3g0091141/MtrunA17_Chr1g0211151	0.0273972602739726	0.926755879325362	-0.109449493189263
BP	GO:0042744	hydrogen peroxide catabolic process	1/256	90/14453	0.800798307248802	0.853231529747235	0.777717654282984	1	MtPrx03	MtrunA17_Chr3g0107881	0.0111111111111111	0.627300347222222	-0.476259147847784
BP	GO:0032259	methylation	4/256	316/14453	0.814669681538993	0.862874988138933	0.786507633999028	4	MtrunA17Chr4g0029861/MtrunA17Chr7g0239111/MtrunA17Chr5g0420901/MtrunA17Chr8g0375671	MtrunA17_Chr4g0029861/MtrunA17_Chr7g0239111/MtrunA17_Chr5g0420901/MtrunA17_Chr8g0375671	0.0126582278481013	0.714645965189873	-0.688707159829611
MF	GO:0000981	DNA-binding transcription factor activity, RNA polymerase II-specific	4/519	152/17556	0.661488895619508	0.863727538866236	0.842661013528035	4	MtrunA17Chr4g0014031/MtrunA17Chr1g0170571/MtrunA17Chr5g0432691/MtrunA17Chr1g0170581	MtrunA17_Chr4g0014031/MtrunA17_Chr1g0170571/MtrunA17_Chr5g0432691/MtrunA17_Chr1g0170581	0.0263157894736842	0.890173410404624	-0.237351668283892
BP	GO:0032508	DNA duplex unwinding	1/256	98/14453	0.827498171778355	0.870515985775327	0.793472377507649	1	MtrunA17Chr1g0192551	MtrunA17_Chr1g0192551	0.0102040816326531	0.576092155612245	-0.565416607628595
BP	GO:0051301	cell division	2/256	180/14453	0.831610243394307	0.870515985775327	0.793472377507649	2	MtrunA17Chr1g0183881/MtrunA17Chr7g0233651	MtrunA17_Chr1g0183881/MtrunA17_Chr7g0233651	0.0111111111111111	0.627300347222222	-0.675652325275556
CC	GO:0005759	mitochondrial matrix	1/181	65/11396	0.647823612229257	0.878072408887448	0.859801624369594	1	MtBG44	MtrunA17_Chr4g0062771	0.0153846153846154	0.968635784105397	-0.0322146788671393
CC	GO:0009505	plant-type cell wall	1/181	65/11396	0.647823612229257	0.878072408887448	0.859801624369594	1	MtrunA17Chr5g0425531	MtrunA17_Chr5g0425531	0.0153846153846154	0.968635784105397	-0.0322146788671393
CC	GO:0019005	SCF ubiquitin ligase complex	1/181	66/11396	0.653449234520891	0.878072408887448	0.859801624369594	1	MtrunA17Chr7g0259911	MtrunA17_Chr7g0259911	0.0151515151515152	0.953959484346225	-0.0476534123774686
CC	GO:0005774	vacuolar membrane	2/181	145/11396	0.674145840494847	0.87843245882662	0.860154182449566	2	MtrunA17Chr8g0363771/MtrunA17Chr1g0196081	MtrunA17_Chr8g0363771/MtrunA17_Chr1g0196081	0.0137931034482759	0.868432082301391	-0.202551401844779
MF	GO:0003713	transcription coactivator activity	1/519	38/17556	0.680672435640059	0.883150944976027	0.861610678025392	1	MtHAC1	MtrunA17_Chr1g0169961	0.0263157894736842	0.890173410404624	-0.118289056901989
MF	GO:0004650	polygalacturonase activity	1/519	40/17556	0.699313897843665	0.890430739490381	0.868712916575981	1	MtrunA17Chr1g0194231	MtrunA17_Chr1g0194231	0.025	0.845664739884393	-0.170555300048729
MF	GO:0016791	phosphatase activity	1/519	40/17556	0.699313897843665	0.890430739490381	0.868712916575981	1	MtrunA17Chr2g0330511	MtrunA17_Chr2g0330511	0.025	0.845664739884393	-0.170555300048729
MF	GO:0051213	dioxygenase activity	1/519	40/17556	0.699313897843665	0.890430739490381	0.868712916575981	1	MtrunA17Chr4g0003581	MtrunA17_Chr4g0003581	0.025	0.845664739884393	-0.170555300048729
CC	GO:0005777	peroxisome	1/181	76/11396	0.705015701860054	0.891637505293597	0.873084460507807	1	MtrunA17Chr5g0409771	MtrunA17_Chr5g0409771	0.0131578947368421	0.828438499563827	-0.19063394344804
MF	GO:0010181	FMN binding	1/519	42/17556	0.716869097080793	0.907149166059028	0.885023576642954	1	MtrunA17Chr1g0157851	MtrunA17_Chr1g0157851	0.0238095238095238	0.805394990366089	-0.220380681925074
BP	GO:0006979	response to oxidative stress	1/256	115/14453	0.872981824980689	0.908510155067113	0.828103934345207	1	MtPrx03	MtrunA17_Chr3g0107881	0.00869565217391304	0.490930706521739	-0.735982015009047
BP	GO:0006470	protein dephosphorylation	1/256	118/14453	0.879665125815254	0.910173742895552	0.829620289025643	1	MtrunA17Chr2g0295991	MtrunA17_Chr2g0295991	0.00847457627118644	0.478449417372881	-0.763878449383938
CC	GO:0005618	cell wall	2/181	169/11396	0.753213640764735	0.917916893356001	0.898817031437945	2	MtrunA17Chr7g0246461/MtrunA17Chr1g0194231	MtrunA17_Chr7g0246461/MtrunA17_Chr1g0194231	0.0118343195266272	0.745104449311844	-0.424102232828801
CC	GO:0005840	ribosome	2/181	177/11396	0.775655764969318	0.917916893356001	0.898817031437945	2	MtrunA17Chr2g0295991/MtrunA17Chr5g0417111	MtrunA17_Chr2g0295991/MtrunA17_Chr5g0417111	0.0112994350282486	0.711427412054812	-0.491542921810032
CC	GO:0005739	mitochondrion	6/181	486/11396	0.789835466376094	0.917916893356001	0.898817031437945	6	MtrunA17Chr1g0195391/MtrunA17Chr4g0044831/MtrunA17Chr8g0350901/MtrunA17Chr4g0057771/MtrunA17Chr4g0032371/MtrunA17Chr4g0060261	MtrunA17_Chr1g0195391/MtrunA17_Chr4g0044831/MtrunA17_Chr8g0350901/MtrunA17_Chr4g0057771/MtrunA17_Chr4g0032371/MtrunA17_Chr4g0060261	0.0123456790123457	0.777300320578405	-0.637414831389206
MF	GO:0004683	calcium/calmodulin-dependent protein kinase activity	1/519	45/17556	0.741302356575263	0.932312779741895	0.909573443650629	1	MtrunA17Chr1g0190131	MtrunA17_Chr1g0190131	0.0222222222222222	0.751701991008349	-0.291079455682112
BP	GO:0016567	protein ubiquitination	5/256	456/14453	0.910211535953906	0.936367039860628	0.853495390640384	5	MtrunA17Chr4g0058581/MtrunA17Chr1g0204861/MtrunA17Chr1g0196571/MtrunA17Chr8g0383901/MtrunA17Chr2g0332281	MtrunA17_Chr4g0058581/MtrunA17_Chr1g0204861/MtrunA17_Chr1g0196571/MtrunA17_Chr8g0383901/MtrunA17_Chr2g0332281	0.0109649122807018	0.619046395285088	-1.10999927555017
CC	GO:0009941	chloroplast envelope	1/181	110/11396	0.829611259299326	0.938770635522922	0.919236852409226	1	MtrunA17Chr5g0408291	MtrunA17_Chr5g0408291	0.00909090909090909	0.572375690607735	-0.572513218897607
MF	GO:0140359	ABC-type transporter activity	2/519	91/17556	0.754963809387975	0.939782565569536	0.916861039580036	2	MtrunA17Chr8g0363771/MtABAB26	MtrunA17_Chr8g0363771/MtrunA17_Chr6g0452111	0.021978021978022	0.743441529568697	-0.428262741730259
MF	GO:0043130	ubiquitin binding	1/519	47/17556	0.756410357653529	0.939782565569536	0.916861039580036	1	MtrunA17Chr3g0119361	MtrunA17_Chr3g0119361	0.0212765957446809	0.719714672242037	-0.33581968958223
MF	GO:0051087	protein-folding chaperone binding	1/519	48/17556	0.763630817095977	0.94303805725708	0.920037129031298	1	MtrunA17Chr8g0347891	MtrunA17_Chr8g0347891	0.0208333333333333	0.704720616570328	-0.357538660856324
BP	GO:0006413	translational initiation	1/256	149/14453	0.931208869875464	0.952493644044047	0.868194735823741	1	MtrunA17Chr4g0062941	MtrunA17_Chr4g0062941	0.00671140939597315	0.37890625	-1.02330998176503
CC	GO:0009535	chloroplast thylakoid membrane	1/181	124/11396	0.864142690514597	0.952772710054556	0.932947574104828	1	MtrunA17Chr3g0136201	MtrunA17_Chr3g0136201	0.00806451612903226	0.507752628764926	-0.700149158705536
BP	GO:0006511	ubiquitin-dependent protein catabolic process	1/256	156/14453	0.939379459901909	0.955391609786601	0.870836221799019	1	MtrunA17Chr1g0204861	MtrunA17_Chr1g0204861	0.00641025641025641	0.361904046474359	-1.07599808670377
MF	GO:0000978	RNA polymerase II cis-regulatory region sequence-specific DNA binding	3/519	138/17556	0.778858100602107	0.956083297146299	0.932764192337853	3	MtrunA17Chr4g0014031/MtrunA17Chr3g0100521/MtrunA17Chr5g0432691	MtrunA17_Chr4g0014031/MtrunA17_Chr3g0100521/MtrunA17_Chr5g0432691	0.0217391304347826	0.735360643377733	-0.544731345044164
CC	GO:0005783	endoplasmic reticulum	2/181	273/11396	0.933906111881889	0.96110411695577	0.94110562247811	2	MtPIN9/MtrunA17Chr2g0290301	MtrunA17_Chr7g0249141/MtrunA17_Chr2g0290301	0.00732600732600733	0.461255135288285	-1.14459096036495
CC	GO:0043231	intracellular membrane-bounded organelle	1/181	170/11396	0.935577463327629	0.96110411695577	0.94110562247811	1	MtrunA17Chr5g0440601	MtrunA17_Chr5g0440601	0.00588235294117647	0.370360740981475	-1.05075279556283
CC	GO:0009506	plasmodesma	1/181	191/11396	0.954221785283453	0.96110411695577	0.94110562247811	1	MtrunA17Chr8g0347891	MtrunA17_Chr8g0347891	0.00523560209424084	0.329640450088224	-1.18690338141494
CC	GO:0005789	endoplasmic reticulum membrane	1/181	201/11396	0.96110411695577	0.96110411695577	0.94110562247811	1	MtETR3	MtrunA17_Chr1g0168161	0.00497512437810945	0.313240427695775	-1.24792221085907
BP	GO:0015031	protein transport	1/256	170/14453	0.952933372492988	0.963700981221722	0.878410185765169	1	MtrunA17Chr2g0290301	MtrunA17_Chr2g0290301	0.00588235294117647	0.332100183823529	-1.17628276694848
MF	GO:0080030	methyl indole-3-acetate esterase activity	1/519	53/17556	0.796652111710155	0.967939812127494	0.944331524026824	1	MtrunA17Chr2g0332581	MtrunA17_Chr2g0332581	0.0188679245283019	0.638237539535391	-0.460354848264861
MF	GO:0008017	microtubule binding	3/519	143/17556	0.798883124604238	0.967939812127494	0.944331524026824	3	MtrunA17Chr8g0372171/MtrunA17Chr6g0488831/MtrunA17Chr4g0053211	MtrunA17_Chr8g0372171/MtrunA17_Chr6g0488831/MtrunA17_Chr4g0053211	0.020979020979021	0.70964873277012	-0.608474634764035
MF	GO:0004709	MAP kinase kinase kinase activity	1/519	54/17556	0.8026817954228	0.967939812127494	0.944331524026824	1	MtrunA17Chr7g0272841	MtrunA17_Chr7g0272841	0.0185185185185185	0.626418325840291	-0.479872804644695
BP	GO:0006886	intracellular protein transport	1/256	185/14453	0.964121425069373	0.969537837569763	0.883730460589904	1	MtrunA17Chr5g0440601	MtrunA17_Chr5g0440601	0.00540540540540541	0.305173141891892	-1.27722255491843
MF	GO:0008234	cysteine-type peptidase activity	1/519	57/17556	0.819721029120506	0.982706496898852	0.958738045754978	1	MtLP18	MtrunA17_Chr8g0365151	0.0175438596491228	0.59344894026975	-0.536578718393085
MF	GO:0004601	peroxidase activity	2/519	107/17556	0.829125813651618	0.988202277898731	0.964099783315836	2	MtPrx03/MtrunA17Chr5g0425971	MtrunA17_Chr3g0107881/MtrunA17_Chr5g0425971	0.0186915887850467	0.632272702717303	-0.665916876448575
BP	GO:0006412	translation	1/256	299/14453	0.995482947047145	0.995482947047145	0.907379340148823	1	MtrunA17Chr2g0295991	MtrunA17_Chr2g0295991	0.00334448160535117	0.188819502508361	-1.90326458794782
MF	GO:0008289	lipid binding	1/519	64/17556	0.853984042936877	0.999983442101986	0.975593602050718	1	MtrunA17Chr1g0183881	MtrunA17_Chr1g0183881	0.015625	0.528540462427746	-0.659480885902015
MF	GO:0016301	kinase activity	7/519	335/17556	0.869896951074335	0.999983442101986	0.975593602050718	7	MtrunA17Chr1g0171851/MtrunA17Chr5g0440201/MtBG44/MtrunA17Chr6g0474221/MtrunA17Chr5g0400901/MtrunA17Chr2g0296871/MtrunA17Chr1g0196081	MtrunA17_Chr1g0171851/MtrunA17_Chr5g0440201/MtrunA17_Chr4g0062771/MtrunA17_Chr6g0474221/MtrunA17_Chr5g0400901/MtrunA17_Chr2g0296871/MtrunA17_Chr1g0196081	0.0208955223880597	0.706824260201881	-0.945602875067828
MF	GO:0004674	protein serine/threonine kinase activity	9/519	425/17556	0.88519584020978	0.999983442101986	0.975593602050718	9	MtrunA17Chr6g0477601/MtrunA17Chr6g0477581/MtrunA17Chr6g0477591/MtETR3/MtrunA17Chr1g0146151/MtrunA17Chr8g0348451/MtrunA17Chr2g0321101/MtrunA17Chr3g0082531/MtrunA17Chr7g0218511	MtrunA17_Chr6g0477601/MtrunA17_Chr6g0477581/MtrunA17_Chr6g0477591/MtrunA17_Chr1g0168161/MtrunA17_Chr1g0146151/MtrunA17_Chr8g0348451/MtrunA17_Chr2g0321101/MtrunA17_Chr3g0082531/MtrunA17_Chr7g0218511	0.0211764705882353	0.71632777966678	-1.03325484303301
MF	GO:0004842	ubiquitin-protein transferase activity	2/519	124/17556	0.885214791359072	0.999983442101986	0.975593602050718	2	MtrunA17Chr3g0102941/MtrunA17Chr1g0196571	MtrunA17_Chr3g0102941/MtrunA17_Chr1g0196571	0.0161290322580645	0.545590154764125	-0.886283165761541
MF	GO:0003678	DNA helicase activity	1/519	74/17556	0.891966718358143	0.999983442101986	0.975593602050718	1	MtrunA17Chr1g0192551	MtrunA17_Chr1g0192551	0.0135135135135135	0.457116075613186	-0.816798286054716
MF	GO:0000287	magnesium ion binding	2/519	127/17556	0.893142033073909	0.999983442101986	0.975593602050718	2	MtrunA17Chr8g0370481/MtrunA17Chr6g0471761	MtrunA17_Chr8g0370481/MtrunA17_Chr6g0471761	0.015748031496063	0.532702198352374	-0.922458628638442
MF	GO:0008194	UDP-glycosyltransferase activity	1/519	75/17556	0.895173975718406	0.999983442101986	0.975593602050718	1	MtrunA17Chr5g0403641	MtrunA17_Chr5g0403641	0.0133333333333333	0.45102119460501	-0.831554287719227
MF	GO:0004252	serine-type endopeptidase activity	2/519	128/17556	0.895669462716286	0.999983442101986	0.975593602050718	2	MtrunA17Chr7g0246461/MtrunA17Chr3g0103061	MtrunA17_Chr7g0246461/MtrunA17_Chr3g0103061	0.015625	0.528540462427746	-0.93435770055732
MF	GO:0003712	transcription coregulator activity	1/519	80/17556	0.909839680502776	0.999983442101986	0.975593602050718	1	MtJMJ12	MtrunA17_Chr1g0211711	0.0125	0.422832369942197	-0.903053490646488
MF	GO:0009055	electron transfer activity	1/519	83/17556	0.917636629171526	0.999983442101986	0.975593602050718	1	MtPCY3|MtPLC1	MtrunA17_Chr3g0125761	0.0120481927710843	0.407549272233443	-0.944267580126395
MF	GO:0051539	4 iron, 4 sulfur cluster binding	1/519	89/17556	0.931269277648597	0.999983442101986	0.975593602050718	1	MtrunA17Chr4g0044831	MtrunA17_Chr4g0044831	0.0112359550561798	0.38007404039748	-1.02332409550173
MF	GO:0016740	transferase activity	3/519	215/17556	0.955317382541561	0.999983442101986	0.975593602050718	3	MtrunA17Chr3g0102931/MtrunA17Chr4g0003581/MtrunA17Chr8g0383901	MtrunA17_Chr3g0102931/MtrunA17_Chr4g0003581/MtrunA17_Chr8g0383901	0.013953488372093	0.471998924586638	-1.3595791696273
MF	GO:0016746	acyltransferase activity	3/519	215/17556	0.955317382541561	0.999983442101986	0.975593602050718	3	MtrunA17Chr3g0102941/MtrunA17Chr4g0058581/MtrunA17Chr2g0306841	MtrunA17_Chr3g0102941/MtrunA17_Chr4g0058581/MtrunA17_Chr2g0306841	0.013953488372093	0.471998924586638	-1.3595791696273
MF	GO:0004839	ubiquitin activating enzyme activity	1/519	112/17556	0.965670995312308	0.999983442101986	0.975593602050718	1	MtrunA17Chr4g0058581	MtrunA17_Chr4g0058581	0.00892857142857143	0.302023121387283	-1.29334545948368
MF	GO:0016757	glycosyltransferase activity	2/519	173/17556	0.965716745634415	0.999983442101986	0.975593602050718	2	MtrunA17Chr4g0008361/MtrunA17Chr4g0056481	MtrunA17_Chr4g0008361/MtrunA17_Chr4g0056481	0.0115606936416185	0.391058839252899	-1.40482928305516
MF	GO:0003743	translation initiation factor activity	2/519	176/17556	0.968235141601172	0.999983442101986	0.975593602050718	2	MtrunA17Chr4g0062941/MtrunA17Chr2g0303821	MtrunA17_Chr4g0062941/MtrunA17_Chr2g0303821	0.0113636363636364	0.384393063583815	-1.4325918845937
MF	GO:0008168	methyltransferase activity	3/519	235/17556	0.971588374933097	0.999983442101986	0.975593602050718	3	MtrunA17Chr7g0239111/MtrunA17Chr5g0420901/MtrunA17Chr8g0375671	MtrunA17_Chr7g0239111/MtrunA17_Chr5g0420901/MtrunA17_Chr8g0375671	0.0127659574468085	0.431828803345222	-1.53043256395598
MF	GO:0016491	oxidoreductase activity	2/519	182/17556	0.972748542802215	0.999983442101986	0.975593602050718	2	MtrunA17Chr1g0166861/MtrunA17Chr8g0349621	MtrunA17_Chr1g0166861/MtrunA17_Chr8g0349621	0.010989010989011	0.371720764784349	-1.48705155665157
MF	GO:0051082	unfolded protein binding	1/519	124/17556	0.976110778651991	0.999983442101986	0.975593602050718	1	MtrunA17Chr6g0475981	MtrunA17_Chr6g0475981	0.00806451612903226	0.272795077382062	-1.41834400757899
MF	GO:0016874	ligase activity	3/519	247/17556	0.978467721206973	0.999983442101986	0.975593602050718	3	MtrunA17Chr3g0102941/MtrunA17Chr1g0196571/MtrunA17Chr8g0350901	MtrunA17_Chr3g0102941/MtrunA17_Chr1g0196571/MtrunA17_Chr8g0350901	0.0121457489878543	0.410849266340596	-1.62752041397876
MF	GO:0005516	calmodulin binding	1/519	129/17556	0.979461841261918	0.999983442101986	0.975593602050718	1	MtrunA17Chr1g0190131	MtrunA17_Chr1g0190131	0.00775193798449612	0.262221624770354	-1.46790177385828
MF	GO:0003724	RNA helicase activity	1/519	131/17556	0.980666968565255	0.999983442101986	0.975593602050718	1	MtrunA17Chr7g0246091	MtrunA17_Chr7g0246091	0.00763358778625954	0.258218241186074	-1.48734917855913
MF	GO:0030246	carbohydrate binding	2/519	196/17556	0.98100251787094	0.999983442101986	0.975593602050718	2	MtrunA17Chr4g0027601/MtrunA17Chr1g0197761	MtrunA17_Chr4g0027601/MtrunA17_Chr1g0197761	0.0102040816326531	0.345169281585467	-1.60905079241206
MF	GO:0043565	sequence-specific DNA binding	3/519	255/17556	0.982139388020907	0.999983442101986	0.975593602050718	3	MtCNGCIa/MtrunA17Chr1g0174701/MtrunA17Chr5g0422771	MtrunA17_Chr8g0347121/MtrunA17_Chr1g0174701/MtrunA17_Chr5g0422771	0.0117647058823529	0.397959877592656	-1.69023642512128
MF	GO:0003953	NAD+ nucleosidase activity	2/519	214/17556	0.988124671856473	0.999983442101986	0.975593602050718	2	MtrunA17Chr4g0009331/MtrunA17Chr4g0009351	MtrunA17_Chr4g0009331/MtrunA17_Chr4g0009351	0.00934579439252336	0.316136351358652	-1.75676774456599
MF	GO:0004672	protein kinase activity	2/519	226/17556	0.991346988884644	0.999983442101986	0.975593602050718	2	MtrunA17Chr4g0059121/MtrunA17Chr1g0193121	MtrunA17_Chr4g0059121/MtrunA17_Chr1g0193121	0.00884955752212389	0.299350350401555	-1.85030525173601
MF	GO:0016887	ATP hydrolysis activity	1/519	167/17556	0.993497684178596	0.999983442101986	0.975593602050718	1	MtrunA17Chr1g0155131	MtrunA17_Chr1g0155131	0.00598802395209581	0.202554428714825	-1.80721372597597
MF	GO:0061630	ubiquitin protein ligase activity	1/519	185/17556	0.996232276940879	0.999983442101986	0.975593602050718	1	MtrunA17Chr1g0204861	MtrunA17_Chr1g0204861	0.00540540540540541	0.182846430245274	-1.95013497121845
MF	GO:0004519	endonuclease activity	2/519	265/17556	0.996955286706239	0.999983442101986	0.975593602050718	2	MtrunA17Chr6g0450511/MtrunA17Chr6g0463031	MtrunA17_Chr6g0450511/MtrunA17_Chr6g0463031	0.00754716981132076	0.255295015814156	-2.13198760872
MF	GO:0106310	protein serine kinase activity	4/519	400/17556	0.997816528877233	0.999983442101986	0.975593602050718	4	MtrunA17Chr8g0358161/MtrunA17Chr8g0358151/MtrunA17Chr2g0299041/MtrunA17Chr7g0272841	MtrunA17_Chr8g0358161/MtrunA17_Chr8g0358151/MtrunA17_Chr2g0299041/MtrunA17_Chr7g0272841	0.01	0.338265895953757	-2.33664657309996
MF	GO:0003924	GTPase activity	1/519	207/17556	0.998067645406373	0.999983442101986	0.975593602050718	1	MtrunA17Chr4g0008361	MtrunA17_Chr4g0008361	0.00483091787439614	0.163413476306163	-2.11322795781413
MF	GO:0005525	GTP binding	1/519	279/17556	0.999784024571512	0.999983442101986	0.975593602050718	1	MtrunA17Chr4g0008361	MtrunA17_Chr4g0008361	0.003584229390681	0.12124225661425	-2.58240666586457
MF	GO:0003735	structural constituent of ribosome	1/519	363/17556	0.999983442101986	0.999983442101986	0.975593602050718	1	MtrunA17Chr2g0295991	MtrunA17_Chr2g0295991	0.00275482093663912	0.09318619723244	-3.04707495123506
